0,0,0,0,10.87043571472168,23.17498016357422,9.943878173828125
0,0,0,0,10.87083625793457,23.1750545501709,9.955390930175781
0,0,0,0,10.871245384216309,23.17508316040039,9.967941284179688
0,0,0,0,10.871808052062988,23.17521095275879,9.985946655273438
0,0,0,0,10.872200965881348,23.17531967163086,10.000282287597656
0,0,0,0,10.8726167678833,23.175458908081055,10.015083312988281
0,0,0,0,10.873051643371582,23.175697326660156,10.035179138183594
0,0,0,0,10.873400688171387,23.175888061523438,10.050323486328125
0,0,0,0,10.873638153076172,23.1761531829834,10.065376281738281
0,0,0,0,10.874019622802734,23.176525115966797,10.085136413574219
0,0,0,0,10.87420654296875,23.176937103271484,10.099533081054688
0,0,0,0,10.874464988708496,23.177284240722656,10.113410949707031
0,0,0,0,10.87465763092041,23.177783966064453,10.13092041015625
0,0,0,0,10.874863624572754,23.178054809570312,10.143287658691406
0,0,0,0,10.874968528747559,23.17840576171875,10.1549072265625
0,0,0,0,10.875120162963867,23.178726196289062,10.169189453125
0,0,0,0,10.875150680541992,23.178983688354492,10.179023742675781
0,0,0,0,10.875168800354004,23.179094314575195,10.188148498535156
0,0,0,0,10.875142097473145,23.17926597595215,10.199142456054688
0,0,0,0,10.875054359436035,23.179386138916016,10.206535339355469
0,0,0,0,10.874955177307129,23.179567337036133,10.213279724121094
0,0,0,0,10.874787330627441,23.179767608642578,10.221405029296875
0,0,0,0,10.874722480773926,23.179859161376953,10.226943969726562
0,0,0,0,10.874587059020996,23.179929733276367,10.2320556640625
0,0,0,0,10.874485969543457,23.179977416992188,10.238304138183594
0,0,0,0,10.874367713928223,23.180036544799805,10.242637634277344
0,0,0,0,10.874374389648438,23.18003273010254,10.246711730957031
0,0,0,0,10.874327659606934,23.180103302001953,10.251762390136719
0,0,0,0,10.874407768249512,23.180065155029297,10.255325317382812
0,0,0,0,10.874444007873535,23.180095672607422,10.258750915527344
0,0,0,0,10.874619483947754,23.180002212524414,10.26318359375
0,0,0,0,10.874737739562988,23.17999839782715,10.266433715820312
0,0,0,0,10.874943733215332,23.17989158630371,10.269645690917969
0,0,0,0,10.875191688537598,23.179841995239258,10.27386474609375
0,0,0,0,10.875417709350586,23.179765701293945,10.277008056640625
0,0,0,0,10.875649452209473,23.17975616455078,10.280128479003906
0,0,0,0,10.875946044921875,23.179691314697266,10.284278869628906
0,0,0,0,10.876235008239746,23.179685592651367,10.287345886230469
0,0,0,0,10.876508712768555,23.179691314697266,10.290390014648438
0,0,0,0,10.876931190490723,23.17969512939453,10.294357299804688
0,0,0,0,10.877177238464355,23.17973518371582,10.297264099121094
0,0,0,0,10.877510070800781,23.179723739624023,10.300140380859375
0,0,0,0,10.877847671508789,23.17976188659668,10.303878784179688
0,0,0,0,10.878174781799316,23.17974281311035,10.306594848632812
0,0,0,0,10.878503799438477,23.179840087890625,10.310104370117188
0,0,0,0,10.878783226013184,23.17983627319336,10.312667846679688
0,0,0,0,10.878966331481934,23.179943084716797,10.315162658691406
0,0,0,0,10.879225730895996,23.179946899414062,10.317626953125
0,0,0,0,10.879460334777832,23.18006706237793,10.320846557617188
0,0,0,0,10.879600524902344,23.180112838745117,10.323188781738281
0,0,0,0,10.879680633544922,23.18028450012207,10.325477600097656
0,0,0,0,10.879743576049805,23.18048095703125,10.32843017578125
0,0,0,0,10.879781723022461,23.180667877197266,10.330558776855469
0,0,0,0,10.879770278930664,23.180830001831055,10.332656860351562
0,0,0,0,10.879737854003906,23.181074142456055,10.33538818359375
0,0,0,0,10.879652976989746,23.18124008178711,10.337379455566406
0,0,0,0,10.879636764526367,23.181385040283203,10.339393615722656
0,0,0,0,10.879504203796387,23.181589126586914,10.342071533203125
0,0,0,0,10.879437446594238,23.18168067932129,10.344024658203125
0,0,0,0,10.879239082336426,23.18178939819336,10.345954895019531
0,0,0,0,10.879019737243652,23.18182373046875,10.348434448242188
0,0,0,0,10.878719329833984,23.18187141418457,10.350242614746094
0,0,0,0,10.878449440002441,23.181800842285156,10.352043151855469
0,0,0,0,10.87795352935791,23.18180274963379,10.354354858398438
0,0,0,0,10.877619743347168,23.18170738220215,10.356002807617188
0,0,0,0,10.877204895019531,23.181655883789062,10.357566833496094
0,0,0,0,10.876639366149902,23.181467056274414,10.359474182128906
0,0,0,0,10.876190185546875,23.181386947631836,10.360763549804688
0,0,0,0,10.875743865966797,23.181270599365234,10.3619384765625
0,0,0,0,10.87512493133545,23.181184768676758,10.363395690917969
0,0,0,0,10.87468147277832,23.18113136291504,10.364356994628906
0,0,0,0,10.874309539794922,23.18109893798828,10.365211486816406
0,0,0,0,10.873771667480469,23.181114196777344,10.366249084472656
0,0,0,0,10.873448371887207,23.181129455566406,10.366928100585938
0,0,0,0,10.87303638458252,23.18122100830078,10.367538452148438
0,0,0,0,10.872621536254883,23.18134307861328,10.368278503417969
0,0,0,0,10.87222957611084,23.18150520324707,10.368804931640625
0,0,0,0,10.87195110321045,23.181604385375977,10.369293212890625
0,0,0,0,10.871495246887207,23.181793212890625,10.370002746582031
0,0,0,0,10.871244430541992,23.181861877441406,10.370529174804688
0,0,0,0,10.870964050292969,23.18205451965332,10.371070861816406
0,0,0,0,10.870725631713867,23.1822509765625,10.371772766113281
0,0,0,0,10.870550155639648,23.182470321655273,10.372329711914062
0,0,0,0,10.870414733886719,23.182607650756836,10.372879028320312
0,0,0,0,10.870220184326172,23.182832717895508,10.373603820800781
0,0,0,0,10.870083808898926,23.182960510253906,10.374092102050781
0,0,0,0,10.869970321655273,23.183088302612305,10.374542236328125
0,0,0,0,10.869795799255371,23.18317413330078,10.375053405761719
0,0,0,0,10.869722366333008,23.183155059814453,10.375419616699219
0,0,0,0,10.869589805603027,23.183095932006836,10.375801086425781
0,0,0,0,10.869512557983398,23.182910919189453,10.376266479492188
0,0,0,0,10.869388580322266,23.182783126831055,10.3765869140625
0,0,0,0,10.86937141418457,23.182546615600586,10.376861572265625
0,0,0,0,10.869281768798828,23.18230628967285,10.377182006835938
0,0,0,0,10.869292259216309,23.182056427001953,10.377395629882812
0,0,0,0,10.869247436523438,23.18192481994629,10.377540588378906
0,0,0,0,10.869324684143066,23.18167495727539,10.377723693847656
0,0,0,0,10.86935043334961,23.18157958984375,10.377861022949219
0,0,0,0,10.869441032409668,23.181413650512695,10.37799072265625
0,0,0,0,10.86950969696045,23.18130111694336,10.378120422363281
0,0,0,0,10.869587898254395,23.181201934814453,10.378204345703125
0,0,0,0,10.86966609954834,23.1811580657959,10.378326416015625
0,0,0,0,10.869763374328613,23.181114196777344,10.378547668457031
0,0,0,0,10.869855880737305,23.181102752685547,10.378746032714844
0,0,0,0,10.86991024017334,23.18109893798828,10.378990173339844
0,0,0,0,10.870012283325195,23.181081771850586,10.379402160644531
0,0,0,0,10.870020866394043,23.18107032775879,10.379714965820312
0,0,0,0,10.870092391967773,23.181001663208008,10.38006591796875
0,0,0,0,10.870084762573242,23.180959701538086,10.380592346191406
0,0,0,0,10.870156288146973,23.180828094482422,10.381019592285156
0,0,0,0,10.87015151977539,23.180736541748047,10.3814697265625
0,0,0,0,10.870280265808105,23.18047332763672,10.382095336914062
0,0,0,0,10.870316505432129,23.180356979370117,10.382598876953125
0,0,0,0,10.870441436767578,23.180118560791016,10.383125305175781
0,0,0,0,10.870538711547852,23.179841995239258,10.383857727050781
0,0,0,0,10.87064266204834,23.179563522338867,10.384445190429688
0,0,0,0,10.870712280273438,23.179393768310547,10.385047912597656
0,0,0,0,10.870820999145508,23.17909049987793,10.385879516601562
0,0,0,0,10.870927810668945,23.17887306213379,10.386489868164062
0,0,0,0,10.871026992797852,23.178653717041016,10.387077331542969
0,0,0,0,10.871213912963867,23.178394317626953,10.387863159179688
0,0,0,0,10.871298789978027,23.17819595336914,10.388435363769531
0,0,0,0,10.871461868286133,23.17800521850586,10.388961791992188
0,0,0,0,10.87161636352539,23.17780303955078,10.389625549316406
0,0,0,0,10.871811866760254,23.17761993408203,10.390090942382812
0,0,0,0,10.871925354003906,23.17750358581543,10.390495300292969
0,0,0,0,10.87218189239502,23.17730712890625,10.390945434570312
0,0,0,0,10.872309684753418,23.177261352539062,10.391212463378906
0,0,0,0,10.872514724731445,23.17711067199707,10.391426086425781
0,0,0,0,10.872648239135742,23.176965713500977,10.391639709472656
0,0,0,0,10.872767448425293,23.176773071289062,10.391769409179688
0,0,0,0,10.872798919677734,23.176671981811523,10.391860961914062
0,0,0,0,10.872848510742188,23.1763916015625,10.3919677734375
0,0,0,0,10.872818946838379,23.176206588745117,10.392066955566406
0,0,0,0,10.87275218963623,23.17594337463379,10.392135620117188
0,0,0,0,10.87263011932373,23.175601959228516,10.392166137695312
0,0,0,0,10.872490882873535,23.175312042236328,10.392135620117188
0,0,0,0,10.872395515441895,23.175012588500977,10.392013549804688
0,0,0,0,10.872241020202637,23.174571990966797,10.391731262207031
0,0,0,0,10.872234344482422,23.174184799194336,10.391471862792969
0,0,0,0,10.872171401977539,23.17381477355957,10.391166687011719
0,0,0,0,10.872270584106445,23.173233032226562,10.390701293945312
0,0,0,0,10.872326850891113,23.1728458404541,10.390296936035156
0,0,0,0,10.872523307800293,23.172372817993164,10.38983154296875
0,0,0,0,10.872766494750977,23.171781539916992,10.389198303222656
0,0,0,0,10.87304401397705,23.171205520629883,10.388740539550781
0,0,0,0,10.87325668334961,23.170719146728516,10.388313293457031
0,0,0,0,10.873636245727539,23.16995620727539,10.387840270996094
0,0,0,0,10.873883247375488,23.169464111328125,10.3875732421875
0,0,0,0,10.874175071716309,23.168895721435547,10.38739013671875
0,0,0,0,10.874555587768555,23.16826629638672,10.387222290039062
0,0,0,0,10.874810218811035,23.167821884155273,10.3870849609375
0,0,0,0,10.875056266784668,23.16744613647461,10.386947631835938
0,0,0,0,10.875322341918945,23.166955947875977,10.386810302734375
0,0,0,0,10.875523567199707,23.166616439819336,10.386741638183594
0,0,0,0,10.875576972961426,23.16631317138672,10.386672973632812
0,0,0,0,10.87565803527832,23.1658935546875,10.386619567871094
0,0,0,0,10.875608444213867,23.16561508178711,10.386604309082031
0,0,0,0,10.875641822814941,23.16529083251953,10.386566162109375
0,0,0,0,10.875578880310059,23.164976119995117,10.386482238769531
0,0,0,0,10.875575065612793,23.164684295654297,10.386444091796875
0,0,0,0,10.875456809997559,23.164506912231445,10.386428833007812
0,0,0,0,10.875337600708008,23.16416358947754,10.386436462402344
0,0,0,0,10.875170707702637,23.16399383544922,10.386428833007812
0,0,0,0,10.875033378601074,23.163719177246094,10.386421203613281
0,0,0,0,10.874740600585938,23.163429260253906,10.386398315429688
0,0,0,0,10.874502182006836,23.16316795349121,10.386390686035156
0,0,0,0,10.874247550964355,23.162967681884766,10.386375427246094
0,0,0,0,10.873879432678223,23.16266632080078,10.386405944824219
0,0,0,0,10.873614311218262,23.162494659423828,10.386444091796875
0,0,0,0,10.873295783996582,23.162353515625,10.386436462402344
0,0,0,0,10.872929573059082,23.162185668945312,10.386367797851562
0,0,0,0,10.872608184814453,23.1621150970459,10.386276245117188
0,0,0,0,10.872368812561035,23.162002563476562,10.38616943359375
0,0,0,0,10.871964454650879,23.161911010742188,10.386054992675781
0,0,0,0,10.871764183044434,23.16179084777832,10.386016845703125
0,0,0,0,10.871526718139648,23.161739349365234,10.386001586914062
0,0,0,0,10.871405601501465,23.161561965942383,10.386024475097656
0,0,0,0,10.87132453918457,23.16148567199707,10.386077880859375
0,0,0,0,10.87137508392334,23.16131019592285,10.386146545410156
0,0,0,0,10.87142562866211,23.161161422729492,10.386222839355469
0,0,0,0,10.871553421020508,23.160938262939453,10.386253356933594
0,0,0,0,10.871664047241211,23.16080665588379,10.386260986328125
0,0,0,0,10.871893882751465,23.16050148010254,10.386253356933594
0,0,0,0,10.872097969055176,23.16030502319336,10.386238098144531
0,0,0,0,10.872285842895508,23.160099029541016,10.386199951171875
0,0,0,0,10.8726224899292,23.15985107421875,10.386154174804688
0,0,0,0,10.872840881347656,23.159677505493164,10.386093139648438
0,0,0,0,10.87314510345459,23.159521102905273,10.386016845703125
0,0,0,0,10.873482704162598,23.159364700317383,10.385856628417969
0,0,0,0,10.87380599975586,23.159215927124023,10.385711669921875
0,0,0,0,10.874025344848633,23.159149169921875,10.385543823242188
0,0,0,0,10.874433517456055,23.159019470214844,10.38531494140625
0,0,0,0,10.874654769897461,23.159027099609375,10.385116577148438
0,0,0,0,10.874946594238281,23.158937454223633,10.384895324707031
0,0,0,0,10.8751802444458,23.15896987915039,10.384628295898438
0,0,0,0,10.875401496887207,23.158967971801758,10.38446044921875
0,0,0,0,10.875551223754883,23.159059524536133,10.384269714355469
0,0,0,0,10.875741958618164,23.159059524536133,10.383987426757812
0,0,0,0,10.875843048095703,23.159088134765625,10.383781433105469
0,0,0,0,10.875936508178711,23.159042358398438,10.383636474609375
0,0,0,0,10.87600040435791,23.15907096862793,10.383514404296875
0,0,0,0,10.875948905944824,23.159076690673828,10.383430480957031
0,0,0,0,10.87590503692627,23.159114837646484,10.383384704589844
0,0,0,0,10.875761032104492,23.159160614013672,10.383377075195312
0,0,0,0,10.875718116760254,23.159128189086914,10.383499145507812
0,0,0,0,10.875585556030273,23.15910530090332,10.383720397949219
0,0,0,0,10.875524520874023,23.15900230407715,10.3841552734375
0,0,0,0,10.875421524047852,23.158964157104492,10.384574890136719
0,0,0,0,10.875422477722168,23.15886878967285,10.385040283203125
0,0,0,0,10.87530517578125,23.15885353088379,10.385765075683594
0,0,0,0,10.875261306762695,23.158777236938477,10.386398315429688
0,0,0,0,10.875106811523438,23.15879249572754,10.3870849609375
0,0,0,0,10.874953269958496,23.158754348754883,10.388023376464844
0,0,0,0,10.874771118164062,23.158815383911133,10.38873291015625
0,0,0,0,10.874612808227539,23.15882682800293,10.389450073242188
0,0,0,0,10.87435531616211,23.158903121948242,10.390403747558594
0,0,0,0,10.874128341674805,23.158893585205078,10.39105224609375
0,0,0,0,10.873936653137207,23.158912658691406,10.391632080078125
0,0,0,0,10.87368106842041,23.15898323059082,10.392257690429688
0,0,0,0,10.873558044433594,23.15904426574707,10.392623901367188
0,0,0,0,10.873370170593262,23.15909194946289,10.392913818359375
0,0,0,0,10.873213768005371,23.159116744995117,10.393218994140625
0,0,0,0,10.873017311096191,23.159196853637695,10.393386840820312
0,0,0,0,10.872879981994629,23.15920066833496,10.393524169921875
0,0,0,0,10.872574806213379,23.15922737121582,10.393692016601562
0,0,0,0,10.872454643249512,23.159181594848633,10.393829345703125
0,0,0,0,10.872259140014648,23.159255981445312,10.393959045410156
0,0,0,0,10.87213134765625,23.15924835205078,10.394180297851562
0,0,0,0,10.871978759765625,23.159305572509766,10.394363403320312
0,0,0,0,10.87188720703125,23.159265518188477,10.394546508789062
0,0,0,0,10.87173843383789,23.159343719482422,10.394767761230469
0,0,0,0,10.871674537658691,23.15939712524414,10.394943237304688
0,0,0,0,10.871617317199707,23.15955352783203,10.395156860351562
0,0,0,0,10.871587753295898,23.159751892089844,10.395462036132812
0,0,0,0,10.87161636352539,23.159948348999023,10.395668029785156
0,0,0,0,10.871625900268555,23.16017723083496,10.395858764648438
0,0,0,0,10.8717041015625,23.160560607910156,10.396102905273438
0,0,0,0,10.871697425842285,23.160964965820312,10.396286010742188
0,0,0,0,10.87176513671875,23.16136932373047,10.396453857421875
0,0,0,0,10.871766090393066,23.162017822265625,10.396659851074219
0,0,0,0,10.871830940246582,23.16246223449707,10.396812438964844
0,0,0,0,10.871780395507812,23.163034439086914,10.396965026855469
0,0,0,0,10.871771812438965,23.163780212402344,10.39715576171875
0,0,0,0,10.871642112731934,23.164426803588867,10.39727783203125
0,0,0,0,10.87157154083252,23.16497802734375,10.39739990234375
0,0,0,0,10.87137508392334,23.165878295898438,10.397560119628906
0,0,0,0,10.871273040771484,23.16651725769043,10.397674560546875
0,0,0,0,10.87112045288086,23.167236328125,10.397789001464844
0,0,0,0,10.870902061462402,23.168140411376953,10.397933959960938
0,0,0,0,10.870696067810059,23.168867111206055,10.398078918457031
0,0,0,0,10.87042236328125,23.169574737548828,10.398239135742188
0,0,0,0,10.870035171508789,23.170574188232422,10.398429870605469
0,0,0,0,10.869632720947266,23.171348571777344,10.398551940917969
0,0,0,0,10.869232177734375,23.172086715698242,10.398674011230469
0,0,0,0,10.86861801147461,23.17306900024414,10.3988037109375
0,0,0,0,10.868206024169922,23.173791885375977,10.398918151855469
0,0,0,0,10.867676734924316,23.17461585998535,10.399024963378906
0,0,0,0,10.867063522338867,23.175600051879883,10.399147033691406
0,0,0,0,10.86652660369873,23.176349639892578,10.399185180664062
0,0,0,0,10.866086959838867,23.176956176757812,10.399200439453125
0,0,0,0,10.865403175354004,23.177837371826172,10.399154663085938
0,0,0,0,10.86496639251709,23.178380966186523,10.399116516113281
0,0,0,0,10.864517211914062,23.1789608001709,10.399070739746094
0,0,0,0,10.86402416229248,23.179595947265625,10.399024963378906
0,0,0,0,10.863693237304688,23.180082321166992,10.398979187011719
0,0,0,0,10.863394737243652,23.180442810058594,10.398918151855469
0,0,0,0,10.863027572631836,23.180908203125,10.398834228515625
0,0,0,0,10.862743377685547,23.181156158447266,10.398727416992188
0,0,0,0,10.862549781799316,23.181350708007812,10.398628234863281
0,0,0,0,10.862300872802734,23.181550979614258,10.398544311523438
0,0,0,0,10.86220645904541,23.181642532348633,10.398506164550781
0,0,0,0,10.86207389831543,23.18174934387207,10.398468017578125
0,0,0,0,10.862046241760254,23.181840896606445,10.398445129394531
0,0,0,0,10.861994743347168,23.181964874267578,10.398399353027344
0,0,0,0,10.862076759338379,23.182031631469727,10.398384094238281
0,0,0,0,10.862117767333984,23.18229866027832,10.39837646484375
0,0,0,0,10.862251281738281,23.18243408203125,10.398391723632812
0,0,0,0,10.862309455871582,23.182676315307617,10.398361206054688
0,0,0,0,10.862503051757812,23.18293571472168,10.398239135742188
0,0,0,0,10.86260986328125,23.183256149291992,10.398117065429688
0,0,0,0,10.862741470336914,23.183563232421875,10.397956848144531
0,0,0,0,10.862817764282227,23.184114456176758,10.397636413574219
0,0,0,0,10.862831115722656,23.184497833251953,10.397384643554688
0,0,0,0,10.862860679626465,23.184946060180664,10.397125244140625
0,0,0,0,10.86284351348877,23.185546875,10.396759033203125
0,0,0,0,10.862831115722656,23.185993194580078,10.396430969238281
0,0,0,0,10.862709999084473,23.186447143554688,10.39605712890625
0,0,0,0,10.862544059753418,23.18703842163086,10.395530700683594
0,0,0,0,10.862283706665039,23.187503814697266,10.395103454589844
0,0,0,0,10.862103462219238,23.187896728515625,10.394668579101562
0,0,0,0,10.861777305603027,23.18842315673828,10.39410400390625
0,0,0,0,10.861639022827148,23.188718795776367,10.3936767578125
0,0,0,0,10.861430168151855,23.189067840576172,10.393287658691406
0,0,0,0,10.861248016357422,23.189390182495117,10.392768859863281
0,0,0,0,10.861099243164062,23.189687728881836,10.392417907714844
0,0,0,0,10.861006736755371,23.189838409423828,10.392105102539062
0,0,0,0,10.860855102539062,23.19003677368164,10.3917236328125
0,0,0,0,10.860825538635254,23.190078735351562,10.391510009765625
0,0,0,0,10.860797882080078,23.190185546875,10.391403198242188
0,0,0,0,10.860737800598145,23.19022560119629,10.391387939453125
0,0,0,0,10.860695838928223,23.190256118774414,10.391426086425781
0,0,0,0,10.860600471496582,23.19026756286621,10.391532897949219
0,0,0,0,10.8605375289917,23.190277099609375,10.391754150390625
0,0,0,0,10.86044692993164,23.190296173095703,10.391929626464844
0,0,0,0,10.860455513000488,23.190271377563477,10.392135620117188
0,0,0,0,10.86043643951416,23.190275192260742,10.392433166503906
0,0,0,0,10.860556602478027,23.190221786499023,10.392654418945312
0,0,0,0,10.860629081726074,23.190242767333984,10.392898559570312
0,0,0,0,10.860870361328125,23.19014549255371,10.393280029296875
0,0,0,0,10.861090660095215,23.19009017944336,10.39373779296875
0,0,0,0,10.86121940612793,23.18999671936035,10.393989562988281
0,0,0,0,10.861387252807617,23.189912796020508,10.394485473632812
0,0,0,0,10.86157512664795,23.189781188964844,10.394866943359375
0,0,0,0,10.861715316772461,23.18974494934082,10.395256042480469
0,0,0,0,10.86190414428711,23.189573287963867,10.395774841308594
0,0,0,0,10.86205005645752,23.189481735229492,10.396163940429688
0,0,0,0,10.862170219421387,23.18935203552246,10.396553039550781
0,0,0,0,10.862337112426758,23.189208984375,10.39703369140625
0,0,0,0,10.86240291595459,23.189083099365234,10.397369384765625
0,0,0,0,10.862500190734863,23.188913345336914,10.397659301757812
0,0,0,0,10.862545013427734,23.18866539001465,10.397964477539062
0,0,0,0,10.862606048583984,23.18840789794922,10.398170471191406
0,0,0,0,10.86253547668457,23.18818473815918,10.398391723632812
0,0,0,0,10.862508773803711,23.187793731689453,10.398635864257812
0,0,0,0,10.86233139038086,23.18756103515625,10.3988037109375
0,0,0,0,10.862167358398438,23.187244415283203,10.398994445800781
0,0,0,0,10.861719131469727,23.186920166015625,10.399261474609375
0,0,0,0,10.861381530761719,23.186649322509766,10.39947509765625
0,0,0,0,10.860987663269043,23.186487197875977,10.399703979492188
0,0,0,0,10.860532760620117,23.186193466186523,10.4000244140625
0,0,0,0,10.860180854797363,23.18609046936035,10.400245666503906
0,0,0,0,10.859840393066406,23.185998916625977,10.400436401367188
0,0,0,0,10.859392166137695,23.186006546020508,10.400650024414062
0,0,0,0,10.859075546264648,23.18596076965332,10.400772094726562
0,0,0,0,10.858843803405762,23.185903549194336,10.40087890625
0,0,0,0,10.858528137207031,23.185823440551758,10.401016235351562
0,0,0,0,10.858389854431152,23.185745239257812,10.401123046875
0,0,0,0,10.858190536499023,23.185667037963867,10.401252746582031
0,0,0,0,10.858078956604004,23.18549156188965,10.401443481445312
0,0,0,0,10.857938766479492,23.18543815612793,10.401588439941406
0,0,0,0,10.857916831970215,23.185335159301758,10.401741027832031
0,0,0,0,10.857829093933105,23.18531608581543,10.401939392089844
0,0,0,0,10.857863426208496,23.185256958007812,10.402076721191406
0,0,0,0,10.85788345336914,23.185359954833984,10.402206420898438
0,0,0,0,10.858037948608398,23.185453414916992,10.402313232421875
0,0,0,0,10.858155250549316,23.185653686523438,10.402351379394531
0,0,0,0,10.858331680297852,23.185789108276367,10.402359008789062
0,0,0,0,10.858570098876953,23.18610382080078,10.402320861816406
0,0,0,0,10.858786582946777,23.186309814453125,10.402297973632812
0,0,0,0,10.859045028686523,23.18657875061035,10.402252197265625
0,0,0,0,10.859380722045898,23.186872482299805,10.402130126953125
0,0,0,0,10.859707832336426,23.18709373474121,10.402008056640625
0,0,0,0,10.859993934631348,23.187335968017578,10.401863098144531
0,0,0,0,10.860411643981934,23.187671661376953,10.401618957519531
0,0,0,0,10.860608100891113,23.18798065185547,10.401405334472656
0,0,0,0,10.860885620117188,23.188243865966797,10.401206970214844
0,0,0,0,10.861145973205566,23.188642501831055,10.400955200195312
0,0,0,0,10.861407279968262,23.188846588134766,10.400787353515625
0,0,0,0,10.86155891418457,23.189104080200195,10.400611877441406
0,0,0,0,10.861824989318848,23.189300537109375,10.400352478027344
0,0,0,0,10.86193561553955,23.18951988220215,10.400108337402344
0,0,0,0,10.862088203430176,23.189634323120117,10.399833679199219
0,0,0,0,10.862222671508789,23.18985939025879,10.399398803710938
0,0,0,0,10.862370491027832,23.189939498901367,10.399024963378906
0,0,0,0,10.862495422363281,23.190034866333008,10.398612976074219
0,0,0,0,10.862630844116211,23.190044403076172,10.398048400878906
0,0,0,0,10.86275577545166,23.190052032470703,10.397621154785156
0,0,0,0,10.8628568649292,23.190000534057617,10.397201538085938
0,0,0,0,10.86305046081543,23.18988037109375,10.39666748046875
0,0,0,0,10.863166809082031,23.189767837524414,10.396347045898438
0,0,0,0,10.863381385803223,23.189577102661133,10.396064758300781
0,0,0,0,10.863580703735352,23.189285278320312,10.395668029785156
0,0,0,0,10.863791465759277,23.188968658447266,10.395378112792969
0,0,0,0,10.863899230957031,23.18869972229004,10.395111083984375
0,0,0,0,10.864147186279297,23.188161849975586,10.394844055175781
0,0,0,0,10.864279747009277,23.187786102294922,10.394706726074219
0,0,0,0,10.864507675170898,23.187299728393555,10.394577026367188
0,0,0,0,10.86474895477295,23.186737060546875,10.394393920898438
0,0,0,0,10.865006446838379,23.186233520507812,10.394241333007812
0,0,0,0,10.865252494812012,23.185821533203125,10.394081115722656
0,0,0,0,10.865599632263184,23.185203552246094,10.393875122070312
0,0,0,0,10.865870475769043,23.18482208251953,10.393707275390625
0,0,0,0,10.866135597229004,23.184436798095703,10.393478393554688
0,0,0,0,10.866496086120605,23.183990478515625,10.393150329589844
0,0,0,0,10.86669921875,23.183687210083008,10.392890930175781
0,0,0,0,10.866925239562988,23.183378219604492,10.392631530761719
0,0,0,0,10.867114067077637,23.183040618896484,10.39227294921875
0,0,0,0,10.867294311523438,23.18277931213379,10.391998291015625
0,0,0,0,10.867338180541992,23.18256187438965,10.391738891601562
0,0,0,0,10.86744499206543,23.182231903076172,10.391441345214844
0,0,0,0,10.867425918579102,23.182079315185547,10.391250610351562
0,0,0,0,10.86751651763916,23.18185806274414,10.391090393066406
0,0,0,0,10.867514610290527,23.181682586669922,10.390937805175781
0,0,0,0,10.867571830749512,23.181482315063477,10.390861511230469
0,0,0,0,10.867558479309082,23.181358337402344,10.39080810546875
0,0,0,0,10.867603302001953,23.181100845336914,10.390785217285156
0,0,0,0,10.867627143859863,23.180959701538086,10.390853881835938
0,0,0,0,10.867685317993164,23.180713653564453,10.391006469726562
0,0,0,0,10.867762565612793,23.18039894104004,10.391265869140625
0,0,0,0,10.867817878723145,23.180118560791016,10.391517639160156
0,0,0,0,10.867905616760254,23.17984390258789,10.391799926757812
0,0,0,0,10.867985725402832,23.1794490814209,10.392196655273438
0,0,0,0,10.868098258972168,23.179115295410156,10.392486572265625
0,0,0,0,10.868125915527344,23.1788272857666,10.392753601074219
0,0,0,0,10.868227005004883,23.178407669067383,10.393028259277344
0,0,0,0,10.868181228637695,23.17817497253418,10.393165588378906
0,0,0,0,10.86822509765625,23.177886962890625,10.393264770507812
0,0,0,0,10.86815071105957,23.17757225036621,10.393333435058594
0,0,0,0,10.868127822875977,23.17727279663086,10.393356323242188
0,0,0,0,10.867999076843262,23.17708969116211,10.393363952636719
0,0,0,0,10.867840766906738,23.17680549621582,10.393295288085938
0,0,0,0,10.86764907836914,23.176706314086914,10.393165588378906
0,0,0,0,10.867467880249023,23.176532745361328,10.392990112304688
0,0,0,0,10.867195129394531,23.176416397094727,10.392677307128906
0,0,0,0,10.866971969604492,23.176300048828125,10.392402648925781
0,0,0,0,10.866761207580566,23.176246643066406,10.392097473144531
0,0,0,0,10.866472244262695,23.176122665405273,10.391685485839844
0,0,0,0,10.866301536560059,23.176042556762695,10.391349792480469
0,0,0,0,10.866086959838867,23.175952911376953,10.390960693359375
0,0,0,0,10.865886688232422,23.175813674926758,10.390457153320312
0,0,0,0,10.865694999694824,23.17572784423828,10.39007568359375
0,0,0,0,10.865616798400879,23.175569534301758,10.389686584472656
0,0,0,0,10.865435600280762,23.175405502319336,10.389167785644531
0,0,0,0,10.865394592285156,23.175212860107422,10.388816833496094
0,0,0,0,10.86528205871582,23.175086975097656,10.388458251953125
0,0,0,0,10.865250587463379,23.174758911132812,10.387969970703125
0,0,0,0,10.865178108215332,23.17458724975586,10.3875732421875
0,0,0,0,10.865189552307129,23.17432403564453,10.387176513671875
0,0,0,0,10.865157127380371,23.17409324645996,10.386589050292969
0,0,0,0,10.865169525146484,23.17388916015625,10.386131286621094
0,0,0,0,10.86518669128418,23.173789978027344,10.385635375976562
0,0,0,0,10.865277290344238,23.173612594604492,10.384994506835938
0,0,0,0,10.86539077758789,23.173542022705078,10.384536743164062
0,0,0,0,10.865508079528809,23.173460006713867,10.384086608886719
0,0,0,0,10.86579418182373,23.173418045043945,10.383430480957031
0,0,0,0,10.865984916687012,23.1734561920166,10.382904052734375
0,0,0,0,10.866277694702148,23.173494338989258,10.382354736328125
0,0,0,0,10.8666353225708,23.173616409301758,10.381568908691406
0,0,0,0,10.86701488494873,23.173646926879883,10.380950927734375
0,0,0,0,10.867332458496094,23.173770904541016,10.380332946777344
0,0,0,0,10.867870330810547,23.173946380615234,10.379531860351562
0,0,0,0,10.868208885192871,23.174222946166992,10.378921508789062
0,0,0,0,10.868666648864746,23.1744441986084,10.378334045410156
0,0,0,0,10.869185447692871,23.17487335205078,10.3775634765625
0,0,0,0,10.869611740112305,23.17509651184082,10.377029418945312
0,0,0,0,10.869982719421387,23.175382614135742,10.376518249511719
0,0,0,0,10.87044620513916,23.17566680908203,10.375869750976562
0,0,0,0,10.870766639709473,23.175907135009766,10.375389099121094
0,0,0,0,10.871016502380371,23.176088333129883,10.37493896484375
0,0,0,0,10.871294021606445,23.176361083984375,10.374427795410156
0,0,0,0,10.871414184570312,23.17653465270996,10.374114990234375
0,0,0,0,10.87154483795166,23.17666244506836,10.373855590820312
0,0,0,0,10.871569633483887,23.17681884765625,10.373588562011719
0,0,0,0,10.87164306640625,23.176860809326172,10.373435974121094
0,0,0,0,10.87164306640625,23.176891326904297,10.373321533203125
0,0,0,0,10.87169075012207,23.176834106445312,10.373275756835938
0,0,0,0,10.87164306640625,23.176881790161133,10.373298645019531
0,0,0,0,10.871699333190918,23.17682456970215,10.373336791992188
0,0,0,0,10.871662139892578,23.176795959472656,10.3734130859375
0,0,0,0,10.871644973754883,23.176687240600586,10.37347412109375
0,0,0,0,10.87153148651123,23.176651000976562,10.373558044433594
0,0,0,0,10.871478080749512,23.17645263671875,10.373725891113281
0,0,0,0,10.87142276763916,23.176347732543945,10.3739013671875
0,0,0,0,10.871402740478516,23.17616081237793,10.374107360839844
0,0,0,0,10.871407508850098,23.175935745239258,10.374435424804688
0,0,0,0,10.871404647827148,23.175718307495117,10.374664306640625
0,0,0,0,10.8714599609375,23.1755428314209,10.374893188476562
0,0,0,0,10.871562957763672,23.17527961730957,10.375236511230469
0,0,0,0,10.871733665466309,23.17506980895996,10.37554931640625
0,0,0,0,10.87187385559082,23.174888610839844,10.375907897949219
0,0,0,0,10.872184753417969,23.17460823059082,10.376472473144531
0,0,0,0,10.87235164642334,23.174455642700195,10.376983642578125
0,0,0,0,10.872599601745605,23.17420196533203,10.377525329589844
0,0,0,0,10.872810363769531,23.17391014099121,10.378311157226562
0,0,0,0,10.873037338256836,23.173627853393555,10.378929138183594
0,0,0,0,10.873175621032715,23.17345428466797,10.379539489746094
0,0,0,0,10.873411178588867,23.173084259033203,10.380363464355469
0,0,0,0,10.873518943786621,23.172849655151367,10.380943298339844
0,0,0,0,10.87367057800293,23.172496795654297,10.381500244140625
0,0,0,0,10.873811721801758,23.17208480834961,10.382225036621094
0,0,0,0,10.873916625976562,23.17168617248535,10.382759094238281
0,0,0,0,10.873990058898926,23.171279907226562,10.383262634277344
0,0,0,0,10.874049186706543,23.170671463012695,10.383895874023438
0,0,0,0,10.874100685119629,23.170244216918945,10.384376525878906
0,0,0,0,10.87407398223877,23.169815063476562,10.384841918945312
0,0,0,0,10.874041557312012,23.16925048828125,10.385429382324219
0,0,0,0,10.873892784118652,23.168861389160156,10.385818481445312
0,0,0,0,10.87378978729248,23.168415069580078,10.386177062988281
0,0,0,0,10.873539924621582,23.167936325073242,10.3865966796875
0,0,0,0,10.873422622680664,23.167552947998047,10.386856079101562
0,0,0,0,10.87318229675293,23.167278289794922,10.387062072753906
0,0,0,0,10.872908592224121,23.166837692260742,10.387275695800781
0,0,0,0,10.872611045837402,23.16660499572754,10.387397766113281
0,0,0,0,10.87237548828125,23.166309356689453,10.387496948242188
0,0,0,0,10.871971130371094,23.166057586669922,10.387611389160156
0,0,0,0,10.871658325195312,23.165796279907227,10.387710571289062
0,0,0,0,10.871329307556152,23.16558265686035,10.387794494628906
0,0,0,0,10.870935440063477,23.165258407592773,10.387908935546875
0,0,0,0,10.870654106140137,23.165081024169922,10.387977600097656
0,0,0,0,10.870354652404785,23.164884567260742,10.3880615234375
0,0,0,0,10.870026588439941,23.164670944213867,10.388206481933594
0,0,0,0,10.869757652282715,23.1645450592041,10.388298034667969
0,0,0,0,10.869599342346191,23.16440773010254,10.388404846191406
0,0,0,0,10.86937141418457,23.164335250854492,10.388542175292969
0,0,0,0,10.869336128234863,23.164281845092773,10.38861083984375
0,0,0,0,10.869242668151855,23.164325714111328,10.388626098632812
0,0,0,0,10.869304656982422,23.164337158203125,10.388557434082031
0,0,0,0,10.869338989257812,23.164447784423828,10.388450622558594
0,0,0,0,10.869495391845703,23.16447639465332,10.388343811035156
0,0,0,0,10.869721412658691,23.164608001708984,10.388130187988281
0,0,0,0,10.870015144348145,23.164661407470703,10.387916564941406
0,0,0,0,10.870307922363281,23.164819717407227,10.3876953125
0,0,0,0,10.870790481567383,23.16487693786621,10.387405395507812
0,0,0,0,10.871201515197754,23.16496467590332,10.387184143066406
0,0,0,0,10.871664047241211,23.165035247802734,10.386962890625
0,0,0,0,10.872329711914062,23.16521453857422,10.386642456054688
0,0,0,0,10.872834205627441,23.165285110473633,10.386398315429688
0,0,0,0,10.873412132263184,23.16530990600586,10.386146545410156
0,0,0,0,10.87415599822998,23.165311813354492,10.385879516601562
0,0,0,0,10.87482738494873,23.165218353271484,10.3857421875
0,0,0,0,10.875405311584473,23.165145874023438,10.385627746582031
0,0,0,0,10.87625503540039,23.16495704650879,10.385520935058594
0,0,0,0,10.876829147338867,23.164846420288086,10.385421752929688
0,0,0,0,10.877492904663086,23.164630889892578,10.385337829589844
0,0,0,0,10.878265380859375,23.16446876525879,10.385261535644531
0,0,0,0,10.878890991210938,23.164249420166016,10.385215759277344
0,0,0,0,10.879433631896973,23.16413116455078,10.385177612304688
0,0,0,0,10.880196571350098,23.163883209228516,10.38519287109375
0,0,0,0,10.880736351013184,23.163785934448242,10.385246276855469
0,0,0,0,10.881272315979004,23.163623809814453,10.385345458984375
0,0,0,0,10.88190746307373,23.163497924804688,10.385543823242188
0,0,0,0,10.882301330566406,23.163406372070312,10.385711669921875
0,0,0,0,10.882701873779297,23.163387298583984,10.385879516601562
0,0,0,0,10.883191108703613,23.163393020629883,10.386131286621094
0,0,0,0,10.883637428283691,23.163408279418945,10.386337280273438
0,0,0,0,10.884020805358887,23.163476943969727,10.386573791503906
0,0,0,0,10.884596824645996,23.163597106933594,10.386932373046875
0,0,0,0,10.884906768798828,23.163766860961914,10.387168884277344
0,0,0,0,10.885284423828125,23.16387176513672,10.387382507324219
0,0,0,0,10.885615348815918,23.164106369018555,10.387596130371094
0,0,0,0,10.885885238647461,23.164188385009766,10.387725830078125
0,0,0,0,10.886054039001465,23.16435432434082,10.387825012207031
0,0,0,0,10.886287689208984,23.164506912231445,10.387931823730469
0,0,0,0,10.886394500732422,23.164731979370117,10.38800048828125
0,0,0,0,10.886530876159668,23.16486358642578,10.388053894042969
0,0,0,0,10.886646270751953,23.165124893188477,10.388053894042969
0,0,0,0,10.886689186096191,23.165252685546875,10.388015747070312
0,0,0,0,10.886713981628418,23.165424346923828,10.388008117675781
0,0,0,0,10.886701583862305,23.16559600830078,10.387969970703125
0,0,0,0,10.88674259185791,23.165693283081055,10.387916564941406
0,0,0,0,10.88669490814209,23.165760040283203,10.387847900390625
0,0,0,0,10.88667106628418,23.165788650512695,10.38775634765625
0,0,0,0,10.886548042297363,23.165771484375,10.38763427734375
0,0,0,0,10.886486053466797,23.16568374633789,10.387519836425781
0,0,0,0,10.886309623718262,23.16561508178711,10.38739013671875
0,0,0,0,10.88626766204834,23.165491104125977,10.387283325195312
0,0,0,0,10.8861083984375,23.165468215942383,10.38714599609375
0,0,0,0,10.885934829711914,23.16536521911621,10.386940002441406
0,0,0,0,10.885726928710938,23.165428161621094,10.38677978515625
0,0,0,0,10.885612487792969,23.16539764404297,10.386611938476562
0,0,0,0,10.885409355163574,23.165489196777344,10.386360168457031
0,0,0,0,10.885273933410645,23.165515899658203,10.386161804199219
0,0,0,0,10.885089874267578,23.16564178466797,10.385932922363281
0,0,0,0,10.884952545166016,23.16571617126465,10.385810852050781
0,0,0,0,10.88489055633545,23.165802001953125,10.385719299316406
0,0,0,0,10.884779930114746,23.16588592529297,10.385650634765625
0,0,0,0,10.884785652160645,23.165912628173828,10.385635375976562
0,0,0,0,10.884746551513672,23.165977478027344,10.385673522949219
0,0,0,0,10.884870529174805,23.165973663330078,10.385734558105469
0,0,0,0,10.884920120239258,23.166013717651367,10.385787963867188
0,0,0,0,10.885075569152832,23.16596031188965,10.3858642578125
0,0,0,0,10.885210990905762,23.165987014770508,10.385986328125
0,0,0,0,10.885421752929688,23.165937423706055,10.386100769042969
0,0,0,0,10.885565757751465,23.165971755981445,10.386253356933594
0,0,0,0,10.885834693908691,23.165956497192383,10.386482238769531
0,0,0,0,10.885971069335938,23.166065216064453,10.386703491210938
0,0,0,0,10.886130332946777,23.16611099243164,10.387001037597656
0,0,0,0,10.886259078979492,23.166269302368164,10.387397766113281
0,0,0,0,10.88632583618164,23.166343688964844,10.387680053710938
0,0,0,0,10.88641357421875,23.166461944580078,10.387947082519531
0,0,0,0,10.886540412902832,23.166580200195312,10.38824462890625
0,0,0,0,10.886703491210938,23.16665267944336,10.388465881347656
0,0,0,0,10.886838912963867,23.16672134399414,10.388710021972656
0,0,0,0,10.887137413024902,23.166749954223633,10.389030456542969
0,0,0,0,10.88731861114502,23.166772842407227,10.3892822265625
0,0,0,0,10.887594223022461,23.16671371459961,10.389541625976562
0,0,0,0,10.887939453125,23.166690826416016,10.389816284179688
0,0,0,0,10.888278007507324,23.16657829284668,10.389968872070312
0,0,0,0,10.88851547241211,23.16650390625,10.390106201171875
0,0,0,0,10.888992309570312,23.1662540435791,10.390243530273438
0,0,0,0,10.88930892944336,23.16611671447754,10.390335083007812
0,0,0,0,10.889663696289062,23.165884017944336,10.390411376953125
0,0,0,0,10.89002513885498,23.165708541870117,10.390548706054688
0,0,0,0,10.890260696411133,23.16553497314453,10.390678405761719
0,0,0,0,10.890462875366211,23.165451049804688,10.390769958496094
0,0,0,0,10.890679359436035,23.16534996032715,10.390899658203125
0,0,0,0,10.890829086303711,23.16533851623535,10.391014099121094
0,0,0,0,10.890900611877441,23.165346145629883,10.391128540039062
0,0,0,0,10.891021728515625,23.165435791015625,10.391258239746094
0,0,0,0,10.891068458557129,23.16556739807129,10.391304016113281
0,0,0,0,10.891179084777832,23.16569709777832,10.391334533691406
0,0,0,0,10.891189575195312,23.165931701660156,10.391349792480469
0,0,0,0,10.891267776489258,23.166061401367188,10.391342163085938
0,0,0,0,10.891215324401855,23.166282653808594,10.391311645507812
0,0,0,0,10.89120101928711,23.16648292541504,10.391212463378906
0,0,0,0,10.891104698181152,23.166706085205078,10.391098022460938
0,0,0,0,10.891072273254395,23.166828155517578,10.3909912109375
0,0,0,0,10.890929222106934,23.167036056518555,10.390853881835938
0,0,0,0,10.890811920166016,23.167091369628906,10.390777587890625
0,0,0,0,10.890621185302734,23.167217254638672,10.3907470703125
0,0,0,0,10.890397071838379,23.16730499267578,10.390792846679688
0,0,0,0,10.890204429626465,23.167387008666992,10.390876770019531
0,0,0,0,10.889975547790527,23.167423248291016,10.390983581542969
0,0,0,0,10.889683723449707,23.167484283447266,10.391189575195312
0,0,0,0,10.889421463012695,23.167503356933594,10.391365051269531
0,0,0,0,10.889190673828125,23.16750717163086,10.391593933105469
0,0,0,0,10.888795852661133,23.16750717163086,10.392005920410156
0,0,0,0,10.88856315612793,23.16748046875,10.392364501953125
0,0,0,0,10.888240814208984,23.16752052307129,10.39276123046875
0,0,0,0,10.887913703918457,23.16750717163086,10.39337158203125
0,0,0,0,10.88757610321045,23.167570114135742,10.393875122070312
0,0,0,0,10.887325286865234,23.16754913330078,10.394378662109375
0,0,0,0,10.886869430541992,23.167644500732422,10.394989013671875
0,0,0,0,10.886569023132324,23.167659759521484,10.395431518554688
0,0,0,0,10.886195182800293,23.167783737182617,10.395896911621094
0,0,0,0,10.885756492614746,23.167861938476562,10.396499633789062
0,0,0,0,10.88542652130127,23.167966842651367,10.396919250488281
0,0,0,0,10.88509750366211,23.16802215576172,10.397300720214844
0,0,0,0,10.884661674499512,23.168235778808594,10.397758483886719
0,0,0,0,10.884332656860352,23.168397903442383,10.3980712890625
0,0,0,0,10.884087562561035,23.16857147216797,10.398345947265625
0,0,0,0,10.883720397949219,23.168798446655273,10.398712158203125
0,0,0,0,10.883535385131836,23.1689395904541,10.398941040039062
0,0,0,0,10.883269309997559,23.16908836364746,10.399147033691406
0,0,0,0,10.883011817932129,23.1691951751709,10.399421691894531
0,0,0,0,10.882774353027344,23.169315338134766,10.399612426757812
0,0,0,0,10.882676124572754,23.16935157775879,10.399772644042969
0,0,0,0,10.882474899291992,23.16944694519043,10.399917602539062
0,0,0,0,10.882405281066895,23.169435501098633,10.399978637695312
0,0,0,0,10.8822603225708,23.16952133178711,10.400016784667969
0,0,0,0,10.882185935974121,23.169504165649414,10.400047302246094
0,0,0,0,10.882112503051758,23.169498443603516,10.400062561035156
0,0,0,0,10.882081031799316,23.169387817382812,10.400070190429688
0,0,0,0,10.881998062133789,23.16927719116211,10.400032043457031
0,0,0,0,10.881922721862793,23.16914176940918,10.399993896484375
0,0,0,0,10.881848335266113,23.169036865234375,10.399955749511719
0,0,0,0,10.881734848022461,23.168848037719727,10.399932861328125
0,0,0,0,10.88169002532959,23.16871452331543,10.399948120117188
0,0,0,0,10.881604194641113,23.16859245300293,10.399955749511719
0,0,0,0,10.88156509399414,23.16840171813965,10.399971008300781
0,0,0,0,10.881461143493652,23.168298721313477,10.399978637695312
0,0,0,0,10.881441116333008,23.168167114257812,10.400001525878906
0,0,0,0,10.881280899047852,23.16805076599121,10.400093078613281
0,0,0,0,10.881234169006348,23.167865753173828,10.400177001953125
0,0,0,0,10.881088256835938,23.16775131225586,10.400238037109375
0,0,0,0,10.880881309509277,23.167490005493164,10.400314331054688
0,0,0,0,10.880582809448242,23.167360305786133,10.400398254394531
0,0,0,0,10.880293846130371,23.16712188720703,10.400474548339844
0,0,0,0,10.879817962646484,23.166893005371094,10.400505065917969
0,0,0,0,10.879432678222656,23.166650772094727,10.400459289550781
0,0,0,0,10.878981590270996,23.166461944580078,10.400360107421875
0,0,0,0,10.878341674804688,23.166149139404297,10.400192260742188
0,0,0,0,10.877884864807129,23.165952682495117,10.400054931640625
0,0,0,0,10.877399444580078,23.165729522705078,10.399917602539062
0,0,0,0,10.876832008361816,23.165451049804688,10.3997802734375
0,0,0,0,10.876352310180664,23.16526985168457,10.399703979492188
0,0,0,0,10.875932693481445,23.16504669189453,10.399627685546875
0,0,0,0,10.875286102294922,23.164749145507812,10.399528503417969
0,0,0,0,10.874894142150879,23.16448974609375,10.399467468261719
0,0,0,0,10.874403953552246,23.16433334350586,10.399436950683594
0,0,0,0,10.873860359191895,23.164033889770508,10.399452209472656
0,0,0,0,10.873425483703613,23.16391944885254,10.399467468261719
0,0,0,0,10.87312126159668,23.163755416870117,10.399482727050781
0,0,0,0,10.872699737548828,23.16368865966797,10.3995361328125
0,0,0,0,10.872456550598145,23.163593292236328,10.399589538574219
0,0,0,0,10.872220993041992,23.163597106933594,10.399650573730469
0,0,0,0,10.872023582458496,23.16353988647461,10.399688720703125
0,0,0,0,10.871953964233398,23.1635799407959,10.399688720703125
0,0,0,0,10.871925354003906,23.163625717163086,10.399658203125
0,0,0,0,10.871946334838867,23.163766860961914,10.39959716796875
0,0,0,0,10.871901512145996,23.163869857788086,10.399574279785156
0,0,0,0,10.87192440032959,23.163986206054688,10.399566650390625
0,0,0,0,10.871901512145996,23.164228439331055,10.399627685546875
0,0,0,0,10.871973991394043,23.16436195373535,10.399681091308594
0,0,0,0,10.87197494506836,23.164548873901367,10.399749755859375
0,0,0,0,10.872097969055176,23.16472816467285,10.399864196777344
0,0,0,0,10.87213134765625,23.16494369506836,10.39990234375
0,0,0,0,10.872255325317383,23.16512107849121,10.399917602539062
0,0,0,0,10.872344970703125,23.1655330657959,10.399856567382812
0,0,0,0,10.87248706817627,23.165786743164062,10.399803161621094
0,0,0,0,10.87257194519043,23.16612434387207,10.399772644042969
0,0,0,0,10.872737884521484,23.166522979736328,10.399772644042969
0,0,0,0,10.872803688049316,23.16693878173828,10.399772644042969
0,0,0,0,10.872883796691895,23.167354583740234,10.399757385253906
0,0,0,0,10.87293529510498,23.168060302734375,10.39971923828125
0,0,0,0,10.872929573059082,23.168590545654297,10.399688720703125
0,0,0,0,10.872933387756348,23.16916275024414,10.399642944335938
0,0,0,0,10.87289047241211,23.170005798339844,10.399551391601562
0,0,0,0,10.872904777526855,23.170658111572266,10.399452209472656
0,0,0,0,10.87283992767334,23.17136001586914,10.399337768554688
0,0,0,0,10.872884750366211,23.17229652404785,10.399208068847656
0,0,0,0,10.87286376953125,23.173110961914062,10.399154663085938
0,0,0,0,10.872900009155273,23.173837661743164,10.399154663085938
0,0,0,0,10.872822761535645,23.174846649169922,10.399169921875
0,0,0,0,10.872797966003418,23.175527572631836,10.399246215820312
0,0,0,0,10.872678756713867,23.17632484436035,10.399375915527344
0,0,0,0,10.87256145477295,23.17729377746582,10.399589538574219
0,0,0,0,10.872396469116211,23.178119659423828,10.399787902832031
0,0,0,0,10.872175216674805,23.1791934967041,10.400077819824219
0,0,0,0,10.872014999389648,23.180328369140625,10.400398254394531
0,0,0,0,10.871891021728516,23.18088722229004,10.40057373046875
0,0,0,0,10.871747970581055,23.181711196899414,10.40081787109375
0,0,0,0,10.871535301208496,23.182756423950195,10.401161193847656
0,0,0,0,10.871428489685059,23.18352508544922,10.401390075683594
0,0,0,0,10.871261596679688,23.18425750732422,10.401618957519531
0,0,0,0,10.871100425720215,23.185117721557617,10.40191650390625
0,0,0,0,10.870882034301758,23.185741424560547,10.402114868164062
0,0,0,0,10.870741844177246,23.186275482177734,10.402297973632812
0,0,0,0,10.870443344116211,23.186988830566406,10.40252685546875
0,0,0,0,10.87025260925293,23.187435150146484,10.4027099609375
0,0,0,0,10.869956970214844,23.187923431396484,10.402885437011719
0,0,0,0,10.869660377502441,23.1883602142334,10.403076171875
0,0,0,0,10.869397163391113,23.18871307373047,10.403190612792969
0,0,0,0,10.86922550201416,23.1889591217041,10.403266906738281
0,0,0,0,10.868937492370605,23.1893367767334,10.403343200683594
0,0,0,0,10.868728637695312,23.189510345458984,10.40338134765625
0,0,0,0,10.868500709533691,23.189716339111328,10.403404235839844
0,0,0,0,10.868209838867188,23.18984603881836,10.403396606445312
0,0,0,0,10.868005752563477,23.189897537231445,10.403350830078125
0,0,0,0,10.867753028869629,23.189865112304688,10.403266906738281
0,0,0,0,10.86742877960205,23.189743041992188,10.403129577636719
0,0,0,0,10.867085456848145,23.189590454101562,10.403030395507812
0,0,0,0,10.866811752319336,23.189374923706055,10.402908325195312
0,0,0,0,10.866331100463867,23.189102172851562,10.402656555175781
0,0,0,0,10.866058349609375,23.188812255859375,10.402389526367188
0,0,0,0,10.865693092346191,23.18856430053711,10.402053833007812
0,0,0,0,10.865348815917969,23.18810272216797,10.401519775390625
0,0,0,0,10.865045547485352,23.18779754638672,10.401100158691406
0,0,0,0,10.864821434020996,23.187393188476562,10.400672912597656
0,0,0,0,10.86442756652832,23.186939239501953,10.40008544921875
0,0,0,0,10.86416244506836,23.1865177154541,10.399650573730469
0,0,0,0,10.863860130310059,23.186159133911133,10.399246215820312
0,0,0,0,10.86356258392334,23.18553924560547,10.398727416992188
0,0,0,0,10.863365173339844,23.185094833374023,10.398353576660156
0,0,0,0,10.86316967010498,23.18460464477539,10.397972106933594
0,0,0,0,10.862983703613281,23.18401527404785,10.3974609375
0,0,0,0,10.862821578979492,23.183597564697266,10.397109985351562
0,0,0,0,10.86273193359375,23.18320655822754,10.396812438964844
0,0,0,0,10.862542152404785,23.18270492553711,10.396453857421875
0,0,0,0,10.862466812133789,23.182292938232422,10.396232604980469
0,0,0,0,10.862313270568848,23.181957244873047,10.396026611328125
0,0,0,0,10.86220645904541,23.181472778320312,10.395797729492188
0,0,0,0,10.862051010131836,23.181201934814453,10.3956298828125
0,0,0,0,10.862020492553711,23.180831909179688,10.395439147949219
0,0,0,0,10.86190128326416,23.1804256439209,10.395149230957031
0,0,0,0,10.861916542053223,23.180051803588867,10.394920349121094
0,0,0,0,10.861846923828125,23.179752349853516,10.394668579101562
0,0,0,0,10.861797332763672,23.17925262451172,10.394256591796875
0,0,0,0,10.861747741699219,23.178918838500977,10.39385986328125
0,0,0,0,10.861724853515625,23.178529739379883,10.393409729003906
0,0,0,0,10.861665725708008,23.17814064025879,10.392807006835938
0,0,0,0,10.861565589904785,23.1778621673584,10.392379760742188
0,0,0,0,10.861441612243652,23.17763328552246,10.391975402832031
0,0,0,0,10.861213684082031,23.17734146118164,10.391456604003906
0,0,0,0,10.861029624938965,23.177104949951172,10.391067504882812
0,0,0,0,10.86072826385498,23.17689323425293,10.390708923339844
0,0,0,0,10.860296249389648,23.176603317260742,10.390296936035156
0,0,0,0,10.859850883483887,23.176477432250977,10.3900146484375
0,0,0,0,10.859461784362793,23.176294326782227,10.389755249023438
0,0,0,0,10.858817100524902,23.176116943359375,10.389495849609375
0,0,0,0,10.858367919921875,23.1759033203125,10.389411926269531
0,0,0,0,10.85779857635498,23.175779342651367,10.389358520507812
0,0,0,0,10.85710620880127,23.175466537475586,10.389373779296875
0,0,0,0,10.85653305053711,23.17531394958496,10.389419555664062
0,0,0,0,10.855990409851074,23.175079345703125,10.389503479003906
0,0,0,0,10.85522747039795,23.174877166748047,10.389602661132812
0,0,0,0,10.85469913482666,23.174697875976562,10.389656066894531
0,0,0,0,10.85418701171875,23.174510955810547,10.38970947265625
0,0,0,0,10.853507041931152,23.174171447753906,10.389785766601562
0,0,0,0,10.853028297424316,23.173898696899414,10.389816284179688
0,0,0,0,10.852548599243164,23.173587799072266,10.389785766601562
0,0,0,0,10.852051734924316,23.173091888427734,10.389633178710938
0,0,0,0,10.851686477661133,23.1727237701416,10.389488220214844
0,0,0,0,10.851448059082031,23.172283172607422,10.389289855957031
0,0,0,0,10.851099967956543,23.171789169311523,10.38897705078125
0,0,0,0,10.850969314575195,23.171363830566406,10.388717651367188
0,0,0,0,10.850794792175293,23.17101287841797,10.388442993164062
0,0,0,0,10.850740432739258,23.170459747314453,10.388008117675781
0,0,0,0,10.850717544555664,23.170150756835938,10.387672424316406
0,0,0,0,10.850810050964355,23.169761657714844,10.387313842773438
0,0,0,0,10.850900650024414,23.16936683654785,10.386856079101562
0,0,0,0,10.851037979125977,23.16897964477539,10.386512756347656
0,0,0,0,10.851179122924805,23.168649673461914,10.386177062988281
0,0,0,0,10.851360321044922,23.168134689331055,10.385711669921875
0,0,0,0,10.851480484008789,23.167770385742188,10.385337829589844
0,0,0,0,10.851555824279785,23.1673583984375,10.384963989257812
0,0,0,0,10.851696968078613,23.16684341430664,10.384475708007812
0,0,0,0,10.851751327514648,23.166494369506836,10.384086608886719
0,0,0,0,10.851871490478516,23.166135787963867,10.383689880371094
0,0,0,0,10.851947784423828,23.16571617126465,10.383216857910156
0,0,0,0,10.85214900970459,23.16536521911621,10.382919311523438
0,0,0,0,10.852275848388672,23.165117263793945,10.382659912109375
0,0,0,0,10.852584838867188,23.164772033691406,10.382400512695312
0,0,0,0,10.852752685546875,23.16461181640625,10.382247924804688
0,0,0,0,10.853009223937988,23.164382934570312,10.382164001464844
0,0,0,0,10.853325843811035,23.16417694091797,10.382156372070312
0,0,0,0,10.85362434387207,23.163991928100586,10.382194519042969
0,0,0,0,10.853887557983398,23.163909912109375,10.382255554199219
0,0,0,0,10.854326248168945,23.16371726989746,10.382377624511719
0,0,0,0,10.854702949523926,23.163618087768555,10.382476806640625
0,0,0,0,10.855113983154297,23.163463592529297,10.382575988769531
0,0,0,0,10.85566234588623,23.163272857666016,10.382698059082031
0,0,0,0,10.856019020080566,23.163105010986328,10.382736206054688
0,0,0,0,10.856437683105469,23.162939071655273,10.38275146484375
0,0,0,0,10.856929779052734,23.16271209716797,10.382820129394531
0,0,0,0,10.857394218444824,23.162479400634766,10.382911682128906
0,0,0,0,10.857792854309082,23.162273406982422,10.383010864257812
0,0,0,0,10.858464241027832,23.16193962097168,10.383071899414062
0,0,0,0,10.858920097351074,23.161718368530273,10.383094787597656
0,0,0,0,10.859498977661133,23.161396026611328,10.383132934570312
0,0,0,0,10.86018180847168,23.161039352416992,10.383163452148438
0,0,0,0,10.86080551147461,23.160673141479492,10.383155822753906
0,0,0,0,10.861390113830566,23.160415649414062,10.383140563964844
0,0,0,0,10.86230754852295,23.16000747680664,10.383132934570312
0,0,0,0,10.86294937133789,23.159778594970703,10.383132934570312
0,0,0,0,10.863598823547363,23.159488677978516,10.383102416992188
0,0,0,0,10.864468574523926,23.1591854095459,10.383049011230469
0,0,0,0,10.865102767944336,23.15890121459961,10.383026123046875
0,0,0,0,10.865720748901367,23.158613204956055,10.383049011230469
0,0,0,0,10.866408348083496,23.15821647644043,10.383155822753906
0,0,0,0,10.866938591003418,23.157917022705078,10.38330078125
0,0,0,0,10.867391586303711,23.157665252685547,10.383522033691406
0,0,0,0,10.868056297302246,23.15726089477539,10.3839111328125
0,0,0,0,10.868444442749023,23.156999588012695,10.38427734375
0,0,0,0,10.868855476379395,23.15668296813965,10.384689331054688
0,0,0,0,10.869237899780273,23.1563720703125,10.385284423828125
0,0,0,0,10.869565963745117,23.156099319458008,10.385757446289062
0,0,0,0,10.869769096374512,23.155920028686523,10.386245727539062
0,0,0,0,10.87009334564209,23.155595779418945,10.386970520019531
0,0,0,0,10.870251655578613,23.155431747436523,10.387550354003906
0,0,0,0,10.87045955657959,23.155195236206055,10.388130187988281
0,0,0,0,10.8706636428833,23.155006408691406,10.388862609863281
0,0,0,0,10.87081241607666,23.154817581176758,10.389396667480469
0,0,0,0,10.87096881866455,23.154687881469727,10.389945983886719
0,0,0,0,10.871166229248047,23.154464721679688,10.390701293945312
0,0,0,0,10.871328353881836,23.154300689697266,10.391258239746094
0,0,0,0,10.871442794799805,23.154155731201172,10.391799926757812
0,0,0,0,10.871655464172363,23.15395164489746,10.392448425292969
0,0,0,0,10.871752738952637,23.153820037841797,10.392868041992188
0,0,0,0,10.871919631958008,23.153629302978516,10.393211364746094
0,0,0,0,10.872042655944824,23.153440475463867,10.3935546875
0,0,0,0,10.872225761413574,23.153230667114258,10.393768310546875
0,0,0,0,10.872326850891113,23.153141021728516,10.393936157226562
0,0,0,0,10.872593879699707,23.152984619140625,10.394126892089844
0,0,0,0,10.872706413269043,23.153005599975586,10.394241333007812
0,0,0,0,10.872838020324707,23.1529598236084,10.394363403320312
0,0,0,0,10.872917175292969,23.15308952331543,10.394508361816406
0,0,0,0,10.872949600219727,23.153165817260742,10.394645690917969
0,0,0,0,10.872906684875488,23.15337371826172,10.394813537597656
0,0,0,0,10.872791290283203,23.153701782226562,10.395034790039062
0,0,0,0,10.87269115447998,23.154029846191406,10.395156860351562
0,0,0,0,10.872540473937988,23.15439224243164,10.395294189453125
0,0,0,0,10.872289657592773,23.15500831604004,10.39544677734375
0,0,0,0,10.872054100036621,23.15553092956543,10.395484924316406
0,0,0,0,10.871896743774414,23.156084060668945,10.395454406738281
0,0,0,0,10.871685028076172,23.156959533691406,10.395278930664062
0,0,0,0,10.87166976928711,23.157644271850586,10.395103454589844
0,0,0,0,10.87159252166748,23.158422470092773,10.394874572753906
0,0,0,0,10.871644020080566,23.15936279296875,10.394523620605469
0,0,0,0,10.87166690826416,23.160165786743164,10.394233703613281
0,0,0,0,10.871814727783203,23.160900115966797,10.393928527832031
0,0,0,0,10.871971130371094,23.162031173706055,10.393447875976562
0,0,0,0,10.872164726257324,23.162845611572266,10.39306640625
0,0,0,0,10.872349739074707,23.16375160217285,10.392646789550781
0,0,0,0,10.872735023498535,23.164875030517578,10.391998291015625
0,0,0,0,10.87307071685791,23.16575050354004,10.3914794921875
0,0,0,0,10.873400688171387,23.166587829589844,10.390960693359375
0,0,0,0,10.873856544494629,23.167747497558594,10.390243530273438
0,0,0,0,10.874154090881348,23.16860008239746,10.389678955078125
0,0,0,0,10.87448501586914,23.169445037841797,10.389114379882812
0,0,0,0,10.874847412109375,23.17055892944336,10.38836669921875
0,0,0,0,10.875144958496094,23.171350479125977,10.387832641601562
0,0,0,0,10.875325202941895,23.172197341918945,10.387321472167969
0,0,0,0,10.875650405883789,23.173255920410156,10.386665344238281
0,0,0,0,10.8757963180542,23.174104690551758,10.38616943359375
0,0,0,0,10.876029014587402,23.174907684326172,10.38568115234375
0,0,0,0,10.876240730285645,23.176162719726562,10.385032653808594
0,0,0,0,10.876472473144531,23.177047729492188,10.384605407714844
0,0,0,0,10.876609802246094,23.17802619934082,10.384231567382812
0,0,0,0,10.876875877380371,23.179222106933594,10.383819580078125
0,0,0,0,10.877046585083008,23.180225372314453,10.383552551269531
0,0,0,0,10.877223014831543,23.18120002746582,10.383316040039062
0,0,0,0,10.87742805480957,23.182621002197266,10.383056640625
0,0,0,0,10.877581596374512,23.18366813659668,10.382881164550781
0,0,0,0,10.877760887145996,23.184778213500977,10.38275146484375
0,0,0,0,10.87798023223877,23.186281204223633,10.38262939453125
0,0,0,0,10.878207206726074,23.187376022338867,10.382583618164062
0,0,0,0,10.878351211547852,23.188514709472656,10.382522583007812
0,0,0,0,10.8786039352417,23.190004348754883,10.382377624511719
0,0,0,0,10.87871265411377,23.191144943237305,10.382209777832031
0,0,0,0,10.878897666931152,23.19219970703125,10.382064819335938
0,0,0,0,10.879063606262207,23.193614959716797,10.381912231445312
0,0,0,0,10.879315376281738,23.194551467895508,10.381805419921875
0,0,0,0,10.879528045654297,23.195533752441406,10.381675720214844
0,0,0,0,10.879972457885742,23.1966552734375,10.38153076171875
0,0,0,0,10.880261421203613,23.19749641418457,10.381462097167969
0,0,0,0,10.880627632141113,23.198192596435547,10.381431579589844
0,0,0,0,10.881114959716797,23.19915771484375,10.381378173828125
0,0,0,0,10.881495475769043,23.1998233795166,10.381317138671875
0,0,0,0,10.881861686706543,23.200489044189453,10.381240844726562
0,0,0,0,10.882308006286621,23.201208114624023,10.381095886230469
0,0,0,0,10.882637977600098,23.201663970947266,10.380973815917969
0,0,0,0,10.882874488830566,23.20201873779297,10.380882263183594
0,0,0,0,10.883244514465332,23.20233917236328,10.380790710449219
0,0,0,0,10.88342571258545,23.20255470275879,10.380714416503906
0,0,0,0,10.883671760559082,23.20269203186035,10.38067626953125
0,0,0,0,10.883902549743652,23.20285987854004,10.380668640136719
0,0,0,0,10.884147644042969,23.202831268310547,10.38067626953125
0,0,0,0,10.88428020477295,23.202844619750977,10.380683898925781
0,0,0,0,10.884501457214355,23.202739715576172,10.380653381347656
0,0,0,0,10.884623527526855,23.202722549438477,10.380615234375
0,0,0,0,10.884831428527832,23.202606201171875,10.380561828613281
0,0,0,0,10.885024070739746,23.202545166015625,10.380470275878906
0,0,0,0,10.885171890258789,23.20245361328125,10.380401611328125
0,0,0,0,10.885274887084961,23.202442169189453,10.380317687988281
0,0,0,0,10.885430335998535,23.202388763427734,10.380180358886719
0,0,0,0,10.88554859161377,23.2023983001709,10.38006591796875
0,0,0,0,10.885640144348145,23.202392578125,10.379951477050781
0,0,0,0,10.885758399963379,23.202360153198242,10.37982177734375
0,0,0,0,10.885799407958984,23.20230484008789,10.379737854003906
0,0,0,0,10.885913848876953,23.202220916748047,10.379653930664062
0,0,0,0,10.886000633239746,23.2021541595459,10.37957763671875
0,0,0,0,10.886131286621094,23.202030181884766,10.379562377929688
0,0,0,0,10.886159896850586,23.20195960998535,10.379608154296875
0,0,0,0,10.886255264282227,23.20180320739746,10.37969970703125
0,0,0,0,10.88621997833252,23.201780319213867,10.379829406738281
0,0,0,0,10.886225700378418,23.201658248901367,10.380020141601562
0,0,0,0,10.8861083984375,23.201622009277344,10.380317687988281
0,0,0,0,10.886054992675781,23.201539993286133,10.380577087402344
0,0,0,0,10.885915756225586,23.2015438079834,10.380851745605469
0,0,0,0,10.885723114013672,23.201379776000977,10.381202697753906
0,0,0,0,10.885539054870605,23.201282501220703,10.381477355957031
0,0,0,0,10.885307312011719,23.201108932495117,10.381721496582031
0,0,0,0,10.884944915771484,23.20093536376953,10.38201904296875
0,0,0,0,10.884573936462402,23.200767517089844,10.382209777832031
0,0,0,0,10.884206771850586,23.20056915283203,10.382377624511719
0,0,0,0,10.88361644744873,23.200246810913086,10.382598876953125
0,0,0,0,10.883228302001953,23.199932098388672,10.382743835449219
0,0,0,0,10.882745742797852,23.199628829956055,10.382835388183594
0,0,0,0,10.882156372070312,23.19915008544922,10.382949829101562
0,0,0,0,10.881647109985352,23.19883918762207,10.383049011230469
0,0,0,0,10.88119888305664,23.19845199584961,10.383140563964844
0,0,0,0,10.88045883178711,23.197988510131836,10.383262634277344
0,0,0,0,10.879985809326172,23.197589874267578,10.383384704589844
0,0,0,0,10.879438400268555,23.197284698486328,10.383529663085938
0,0,0,0,10.878774642944336,23.19672966003418,10.383766174316406
0,0,0,0,10.878247261047363,23.196353912353516,10.383956909179688
0,0,0,0,10.877728462219238,23.195871353149414,10.384162902832031
0,0,0,0,10.876995086669922,23.195274353027344,10.384445190429688
0,0,0,0,10.876426696777344,23.19476890563965,10.3846435546875
0,0,0,0,10.875860214233398,23.194297790527344,10.38482666015625
0,0,0,0,10.875078201293945,23.193601608276367,10.385093688964844
0,0,0,0,10.874528884887695,23.193035125732422,10.385307312011719
0,0,0,0,10.873909950256348,23.192455291748047,10.385505676269531
0,0,0,0,10.873104095458984,23.191579818725586,10.385787963867188
0,0,0,0,10.872397422790527,23.190942764282227,10.386062622070312
0,0,0,0,10.871774673461914,23.19023895263672,10.386405944824219
0,0,0,0,10.870849609375,23.189414978027344,10.386886596679688
0,0,0,0,10.870281219482422,23.188737869262695,10.387252807617188
0,0,0,0,10.869637489318848,23.188159942626953,10.387641906738281
0,0,0,0,10.86890983581543,23.18736457824707,10.388175964355469
0,0,0,0,10.8683500289917,23.186870574951172,10.388587951660156
0,0,0,0,10.867880821228027,23.1862850189209,10.389007568359375
0,0,0,0,10.867276191711426,23.185592651367188,10.389549255371094
0,0,0,0,10.866862297058105,23.18505859375,10.389961242675781
0,0,0,0,10.86648178100586,23.18457794189453,10.390380859375
0,0,0,0,10.86600112915039,23.18392562866211,10.390884399414062
0,0,0,0,10.865724563598633,23.183515548706055,10.391212463378906
0,0,0,0,10.865401268005371,23.183143615722656,10.391471862792969
0,0,0,0,10.86503791809082,23.18269920349121,10.391700744628906
0,0,0,0,10.864697456359863,23.182485580444336,10.391799926757812
0,0,0,0,10.86443042755127,23.1822509765625,10.391838073730469
0,0,0,0,10.86397647857666,23.182083129882812,10.391822814941406
0,0,0,0,10.863712310791016,23.181922912597656,10.391777038574219
0,0,0,0,10.863362312316895,23.181840896606445,10.391708374023438
0,0,0,0,10.862992286682129,23.18163299560547,10.391639709472656
0,0,0,0,10.862666130065918,23.181570053100586,10.391571044921875
0,0,0,0,10.86240291595459,23.181413650512695,10.391464233398438
0,0,0,0,10.861929893493652,23.1812686920166,10.391281127929688
0,0,0,0,10.861607551574707,23.18110466003418,10.39111328125
0,0,0,0,10.86124038696289,23.181020736694336,10.390922546386719
0,0,0,0,10.860859870910645,23.180810928344727,10.390670776367188
0,0,0,0,10.860631942749023,23.180709838867188,10.390472412109375
0,0,0,0,10.860443115234375,23.18056869506836,10.390281677246094
0,0,0,0,10.860308647155762,23.180452346801758,10.389961242675781
0,0,0,0,10.86015510559082,23.180362701416016,10.389717102050781
0,0,0,0,10.860050201416016,23.180246353149414,10.389488220214844
0,0,0,0,10.859841346740723,23.180084228515625,10.389198303222656
0,0,0,0,10.859732627868652,23.179901123046875,10.388992309570312
0,0,0,0,10.859492301940918,23.179773330688477,10.38885498046875
0,0,0,0,10.859260559082031,23.17949867248535,10.388809204101562
0,0,0,0,10.85901927947998,23.179340362548828,10.388832092285156
0,0,0,0,10.858871459960938,23.179109573364258,10.388893127441406
0,0,0,0,10.858551025390625,23.17892074584961,10.389076232910156
0,0,0,0,10.858353614807129,23.178743362426758,10.389312744140625
0,0,0,0,10.858100891113281,23.17868423461914,10.389633178710938
0,0,0,0,10.857854843139648,23.178516387939453,10.39013671875
0,0,0,0,10.857695579528809,23.178430557250977,10.39056396484375
0,0,0,0,10.857608795166016,23.178312301635742,10.391006469726562
0,0,0,0,10.857502937316895,23.178274154663086,10.391647338867188
0,0,0,0,10.85741138458252,23.178245544433594,10.392181396484375
0,0,0,0,10.857365608215332,23.1782283782959,10.392745971679688
0,0,0,0,10.857247352600098,23.17821502685547,10.393600463867188
0,0,0,0,10.85722827911377,23.178203582763672,10.394332885742188
0,0,0,0,10.857160568237305,23.178281784057617,10.395118713378906
0,0,0,0,10.857254981994629,23.178340911865234,10.396125793457031
0,0,0,0,10.857267379760742,23.17843246459961,10.396888732910156
0,0,0,0,10.857406616210938,23.178434371948242,10.397636413574219
0,0,0,0,10.857512474060059,23.178579330444336,10.398696899414062
0,0,0,0,10.857674598693848,23.178640365600586,10.3995361328125
0,0,0,0,10.857767105102539,23.17878532409668,10.400382995605469
0,0,0,0,10.8579740524292,23.178897857666016,10.401535034179688
0,0,0,0,10.858115196228027,23.179044723510742,10.402435302734375
0,0,0,0,10.858292579650879,23.17910385131836,10.403343200683594
0,0,0,0,10.858471870422363,23.17926597595215,10.404579162597656
0,0,0,0,10.858573913574219,23.179349899291992,10.405448913574219
0,0,0,0,10.858675003051758,23.1794490814209,10.406280517578125
0,0,0,0,10.858757972717285,23.179548263549805,10.407279968261719
0,0,0,0,10.858851432800293,23.179624557495117,10.407943725585938
0,0,0,0,10.858857154846191,23.179723739624023,10.408538818359375
0,0,0,0,10.858930587768555,23.179813385009766,10.409194946289062
0,0,0,0,10.858888626098633,23.179889678955078,10.4095458984375
0,0,0,0,10.858945846557617,23.17991065979004,10.409835815429688
0,0,0,0,10.858939170837402,23.180038452148438,10.41009521484375
0,0,0,0,10.859017372131348,23.180030822753906,10.410194396972656
0,0,0,0,10.859025955200195,23.180082321166992,10.410232543945312
0,0,0,0,10.859156608581543,23.179996490478516,10.410240173339844
0,0,0,0,10.859243392944336,23.179990768432617,10.410209655761719
0,0,0,0,10.859421730041504,23.179887771606445,10.410140991210938
0,0,0,0,10.859676361083984,23.1798095703125,10.409942626953125
0,0,0,0,10.859925270080566,23.1796875,10.409751892089844
0,0,0,0,10.860194206237793,23.179641723632812,10.409523010253906
0,0,0,0,10.860618591308594,23.17955780029297,10.4091796875
0,0,0,0,10.861027717590332,23.17951202392578,10.408920288085938
0,0,0,0,10.86141586303711,23.179460525512695,10.408699035644531
0,0,0,0,10.862052917480469,23.179370880126953,10.408485412597656
0,0,0,0,10.862519264221191,23.179309844970703,10.40838623046875
0,0,0,0,10.863140106201172,23.179174423217773,10.408370971679688
0,0,0,0,10.863980293273926,23.178987503051758,10.408470153808594
0,0,0,0,10.864742279052734,23.178730010986328,10.408592224121094
0,0,0,0,10.865448951721191,23.178546905517578,10.408760070800781
0,0,0,0,10.866591453552246,23.17818260192871,10.40899658203125
0,0,0,0,10.867440223693848,23.1779842376709,10.4091796875
0,0,0,0,10.868389129638672,23.17765998840332,10.40936279296875
0,0,0,0,10.86958122253418,23.17734146118164,10.409561157226562
0,0,0,0,10.870527267456055,23.177047729492188,10.409637451171875
0,0,0,0,10.871404647827148,23.17680549621582,10.40966796875
0,0,0,0,10.872562408447266,23.17636489868164,10.409591674804688
0,0,0,0,10.873443603515625,23.176063537597656,10.409454345703125
0,0,0,0,10.874320983886719,23.175737380981445,10.409278869628906
0,0,0,0,10.875536918640137,23.175283432006836,10.408981323242188
0,0,0,0,10.876391410827637,23.174928665161133,10.408699035644531
0,0,0,0,10.87730598449707,23.174577713012695,10.408409118652344
0,0,0,0,10.87839126586914,23.17416000366211,10.408027648925781
0,0,0,0,10.879281044006348,23.173830032348633,10.407737731933594
0,0,0,0,10.880081176757812,23.173595428466797,10.407493591308594
0,0,0,0,10.881261825561523,23.173248291015625,10.407241821289062
0,0,0,0,10.882075309753418,23.173084259033203,10.407135009765625
0,0,0,0,10.882994651794434,23.172849655151367,10.407089233398438
0,0,0,0,10.884143829345703,23.17267417907715,10.4071044921875
0,0,0,0,10.885039329528809,23.172489166259766,10.40716552734375
0,0,0,0,10.885865211486816,23.17237663269043,10.407295227050781
0,0,0,0,10.886979103088379,23.172119140625,10.40753173828125
0,0,0,0,10.887794494628906,23.171998977661133,10.407768249511719
0,0,0,0,10.888594627380371,23.171823501586914,10.408004760742188
0,0,0,0,10.889636993408203,23.171669006347656,10.408233642578125
0,0,0,0,10.890347480773926,23.171554565429688,10.408340454101562
0,0,0,0,10.8910551071167,23.17145347595215,10.408401489257812
0,0,0,0,10.891886711120605,23.171314239501953,10.408416748046875
0,0,0,0,10.892515182495117,23.171205520629883,10.408370971679688
0,0,0,0,10.893030166625977,23.171180725097656,10.408226013183594
0,0,0,0,10.893735885620117,23.171165466308594,10.407928466796875
0,0,0,0,10.894115447998047,23.171253204345703,10.407661437988281
0,0,0,0,10.894546508789062,23.171276092529297,10.407356262207031
0,0,0,0,10.894981384277344,23.17146873474121,10.406959533691406
0,0,0,0,10.895337104797363,23.17156410217285,10.406661987304688
0,0,0,0,10.89558219909668,23.171728134155273,10.406387329101562
0,0,0,0,10.895938873291016,23.171857833862305,10.40606689453125
0,0,0,0,10.896116256713867,23.17205047607422,10.405815124511719
0,0,0,0,10.896319389343262,23.172147750854492,10.405563354492188
0,0,0,0,10.896520614624023,23.17228889465332,10.4052734375
0,0,0,0,10.896659851074219,23.172346115112305,10.405029296875
0,0,0,0,10.896795272827148,23.172439575195312,10.404792785644531
0,0,0,0,10.89696216583252,23.172452926635742,10.404487609863281
0,0,0,0,10.897144317626953,23.172435760498047,10.404243469238281
0,0,0,0,10.89726448059082,23.172443389892578,10.403984069824219
0,0,0,0,10.89749526977539,23.172456741333008,10.403610229492188
0,0,0,0,10.8975830078125,23.172494888305664,10.403335571289062
0,0,0,0,10.897751808166504,23.172460556030273,10.403083801269531
0,0,0,0,10.897819519042969,23.17247200012207,10.402748107910156
0,0,0,0,10.897927284240723,23.172405242919922,10.402481079101562
0,0,0,0,10.89790153503418,23.172409057617188,10.402244567871094
0,0,0,0,10.89787769317627,23.17226791381836,10.401962280273438
0,0,0,0,10.8977689743042,23.17224884033203,10.401763916015625
0,0,0,0,10.897690773010254,23.172163009643555,10.401580810546875
0,0,0,0,10.89751148223877,23.172103881835938,10.401344299316406
0,0,0,0,10.897377967834473,23.171985626220703,10.401161193847656
0,0,0,0,10.897232055664062,23.171945571899414,10.400970458984375
0,0,0,0,10.8970308303833,23.17189598083496,10.400665283203125
0,0,0,0,10.896895408630371,23.17194366455078,10.400390625
0,0,0,0,10.896702766418457,23.17200469970703,10.400108337402344
0,0,0,0,10.896465301513672,23.17214012145996,10.399711608886719
0,0,0,0,10.896177291870117,23.172317504882812,10.399406433105469
0,0,0,0,10.895950317382812,23.17249870300293,10.399055480957031
0,0,0,0,10.895490646362305,23.172780990600586,10.398468017578125
0,0,0,0,10.895155906677246,23.172941207885742,10.397941589355469
0,0,0,0,10.894655227661133,23.173181533813477,10.397392272949219
0,0,0,0,10.894044876098633,23.173412322998047,10.396659851074219
0,0,0,0,10.893450736999512,23.173633575439453,10.396064758300781
0,0,0,0,10.892881393432617,23.17374610900879,10.395439147949219
0,0,0,0,10.891988754272461,23.17397117614746,10.394561767578125
0,0,0,0,10.891317367553711,23.174039840698242,10.393943786621094
0,0,0,0,10.890606880187988,23.17416000366211,10.393325805664062
0,0,0,0,10.889650344848633,23.1741943359375,10.392509460449219
0,0,0,0,10.888897895812988,23.17420768737793,10.39190673828125
0,0,0,0,10.888152122497559,23.17414665222168,10.391319274902344
0,0,0,0,10.887223243713379,23.174047470092773,10.390556335449219
0,0,0,0,10.886491775512695,23.173931121826172,10.390029907226562
0,0,0,0,10.88585090637207,23.17379379272461,10.389549255371094
0,0,0,0,10.884963035583496,23.173593521118164,10.389015197753906
0,0,0,0,10.884422302246094,23.17337989807129,10.388687133789062
0,0,0,0,10.883820533752441,23.173208236694336,10.388404846191406
0,0,0,0,10.88314437866211,23.17291831970215,10.388092041015625
0,0,0,0,10.882621765136719,23.172761917114258,10.387924194335938
0,0,0,0,10.882238388061523,23.172513961791992,10.387802124023438
0,0,0,0,10.881640434265137,23.172277450561523,10.387702941894531
0,0,0,0,10.881248474121094,23.172016143798828,10.3876953125
0,0,0,0,10.880809783935547,23.17184829711914,10.387702941894531
0,0,0,0,10.880292892456055,23.171573638916016,10.387680053710938
0,0,0,0,10.879913330078125,23.17145538330078,10.387649536132812
0,0,0,0,10.879551887512207,23.171247482299805,10.387603759765625
0,0,0,0,10.87906265258789,23.171062469482422,10.387557983398438
0,0,0,0,10.878657341003418,23.170923233032227,10.387535095214844
0,0,0,0,10.878277778625488,23.170818328857422,10.387443542480469
0,0,0,0,10.877752304077148,23.17068862915039,10.38720703125
0,0,0,0,10.877413749694824,23.17061424255371,10.386993408203125
0,0,0,0,10.876981735229492,23.17060661315918,10.386756896972656
0,0,0,0,10.87651252746582,23.170618057250977,10.386428833007812
0,0,0,0,10.87610912322998,23.17072105407715,10.386146545410156
0,0,0,0,10.87579345703125,23.170761108398438,10.385841369628906
0,0,0,0,10.875273704528809,23.17093849182129,10.385414123535156
0,0,0,0,10.874935150146484,23.17105484008789,10.385124206542969
0,0,0,0,10.87450122833252,23.171308517456055,10.384864807128906
0,0,0,0,10.873997688293457,23.171545028686523,10.38458251953125
0,0,0,0,10.873607635498047,23.171770095825195,10.384429931640625
0,0,0,0,10.873290061950684,23.171924591064453,10.384330749511719
0,0,0,0,10.872886657714844,23.172203063964844,10.384269714355469
0,0,0,0,10.872603416442871,23.172330856323242,10.384254455566406
0,0,0,0,10.872369766235352,23.172475814819336,10.384254455566406
0,0,0,0,10.872102737426758,23.17262077331543,10.384231567382812
0,0,0,0,10.871989250183105,23.172719955444336,10.38421630859375
0,0,0,0,10.871813774108887,23.172794342041016,10.384178161621094
0,0,0,0,10.871627807617188,23.172876358032227,10.384117126464844
0,0,0,0,10.87139892578125,23.172971725463867,10.384078979492188
0,0,0,0,10.871254920959473,23.17299461364746,10.384025573730469
0,0,0,0,10.870996475219727,23.17303466796875,10.383895874023438
0,0,0,0,10.87087631225586,23.172962188720703,10.383735656738281
0,0,0,0,10.87064266204834,23.172958374023438,10.383522033691406
0,0,0,0,10.870418548583984,23.172792434692383,10.383201599121094
0,0,0,0,10.870183944702148,23.17270278930664,10.382957458496094
0,0,0,0,10.87002182006836,23.172515869140625,10.382736206054688
0,0,0,0,10.869691848754883,23.17232322692871,10.382492065429688
0,0,0,0,10.869470596313477,23.172067642211914,10.382354736328125
0,0,0,0,10.869224548339844,23.171850204467773,10.382225036621094
0,0,0,0,10.868937492370605,23.17145538330078,10.382049560546875
0,0,0,0,10.868760108947754,23.171165466308594,10.381942749023438
0,0,0,0,10.86856460571289,23.170856475830078,10.381858825683594
0,0,0,0,10.868404388427734,23.170440673828125,10.3818359375
0,0,0,0,10.86826229095459,23.17010498046875,10.3818359375
0,0,0,0,10.868243217468262,23.169748306274414,10.381866455078125
0,0,0,0,10.868245124816895,23.169292449951172,10.381935119628906
0,0,0,0,10.868426322937012,23.168867111206055,10.381988525390625
0,0,0,0,10.86856460571289,23.168474197387695,10.382049560546875
0,0,0,0,10.868931770324707,23.16781997680664,10.382148742675781
0,0,0,0,10.869194030761719,23.16741371154785,10.382209777832031
0,0,0,0,10.86959457397461,23.16693878173828,10.38226318359375
0,0,0,0,10.870096206665039,23.166452407836914,10.38232421875
0,0,0,0,10.870539665222168,23.166065216064453,10.382331848144531
0,0,0,0,10.87096881866455,23.16580581665039,10.382308959960938
0,0,0,0,10.87159252166748,23.165468215942383,10.382247924804688
0,0,0,0,10.872035026550293,23.16534996032715,10.382186889648438
0,0,0,0,10.872445106506348,23.16526985168457,10.382118225097656
0,0,0,0,10.872974395751953,23.16529083251953,10.382026672363281
0,0,0,0,10.873295783996582,23.16533660888672,10.3819580078125
0,0,0,0,10.873639106750488,23.16542625427246,10.381942749023438
0,0,0,0,10.873950004577637,23.16562271118164,10.382003784179688
0,0,0,0,10.874220848083496,23.16578483581543,10.382102966308594
0,0,0,0,10.87434196472168,23.166059494018555,10.38226318359375
0,0,0,0,10.87453556060791,23.16638946533203,10.382598876953125
0,0,0,0,10.874505043029785,23.166790008544922,10.382911682128906
0,0,0,0,10.874488830566406,23.16716957092285,10.383262634277344
0,0,0,0,10.874303817749023,23.167808532714844,10.383773803710938
0,0,0,0,10.874177932739258,23.16822052001953,10.384178161621094
0,0,0,0,10.87392520904541,23.168718338012695,10.384590148925781
0,0,0,0,10.873565673828125,23.169294357299805,10.385169982910156
0,0,0,0,10.873235702514648,23.16978645324707,10.385612487792969
0,0,0,0,10.872905731201172,23.17021369934082,10.386054992675781
0,0,0,0,10.872407913208008,23.17082977294922,10.386688232421875
0,0,0,0,10.87198257446289,23.171279907226562,10.38720703125
0,0,0,0,10.871589660644531,23.1717586517334,10.387763977050781
0,0,0,0,10.87103271484375,23.172367095947266,10.388557434082031
0,0,0,0,10.87070083618164,23.172780990600586,10.389198303222656
0,0,0,0,10.870319366455078,23.173242568969727,10.389877319335938
0,0,0,0,10.8699312210083,23.173830032348633,10.390823364257812
0,0,0,0,10.869596481323242,23.174333572387695,10.391563415527344
0,0,0,0,10.869406700134277,23.17476463317871,10.392364501953125
0,0,0,0,10.869154930114746,23.17542266845703,10.39349365234375
0,0,0,0,10.869111061096191,23.175872802734375,10.394393920898438
0,0,0,0,10.869067192077637,23.176443099975586,10.395301818847656
0,0,0,0,10.869200706481934,23.17709732055664,10.396461486816406
0,0,0,0,10.869311332702637,23.177621841430664,10.397262573242188
0,0,0,0,10.869515419006348,23.178054809570312,10.398017883300781
0,0,0,0,10.869766235351562,23.178667068481445,10.398963928222656
0,0,0,0,10.869985580444336,23.1790771484375,10.399635314941406
0,0,0,0,10.870221138000488,23.179523468017578,10.400276184082031
0,0,0,0,10.870522499084473,23.180034637451172,10.401054382324219
0,0,0,0,10.870767593383789,23.180416107177734,10.40155029296875
0,0,0,0,10.870918273925781,23.1807918548584,10.401969909667969
0,0,0,0,10.871116638183594,23.181257247924805,10.402481079101562
0,0,0,0,10.871163368225098,23.181665420532227,10.402847290039062
0,0,0,0,10.871284484863281,23.182003021240234,10.403175354003906
0,0,0,0,10.87129020690918,23.182540893554688,10.403526306152344
0,0,0,0,10.871339797973633,23.182910919189453,10.403762817382812
0,0,0,0,10.871288299560547,23.183382034301758,10.403968811035156
0,0,0,0,10.871286392211914,23.183969497680664,10.404205322265625
0,0,0,0,10.871208190917969,23.18452262878418,10.404342651367188
0,0,0,0,10.871162414550781,23.185022354125977,10.404487609863281
0,0,0,0,10.87096118927002,23.185834884643555,10.404678344726562
0,0,0,0,10.870779991149902,23.186382293701172,10.404808044433594
0,0,0,0,10.870538711547852,23.18699073791504,10.404953002929688
0,0,0,0,10.870149612426758,23.187702178955078,10.405158996582031
0,0,0,0,10.869856834411621,23.18825340270996,10.405311584472656
0,0,0,0,10.869508743286133,23.188791275024414,10.405448913574219
0,0,0,0,10.869051933288574,23.18950080871582,10.40570068359375
0,0,0,0,10.86864948272705,23.190027236938477,10.405929565429688
0,0,0,0,10.868338584899902,23.190488815307617,10.406211853027344
0,0,0,0,10.867880821228027,23.19112777709961,10.406669616699219
0,0,0,0,10.867643356323242,23.19154167175293,10.407020568847656
0,0,0,0,10.867368698120117,23.1920166015625,10.407386779785156
0,0,0,0,10.867176055908203,23.192529678344727,10.40789794921875
0,0,0,0,10.866999626159668,23.192949295043945,10.408279418945312
0,0,0,0,10.866927146911621,23.193273544311523,10.408660888671875
0,0,0,0,10.866747856140137,23.193811416625977,10.409194946289062
0,0,0,0,10.866659164428711,23.194091796875,10.409614562988281
0,0,0,0,10.8665132522583,23.194379806518555,10.4100341796875
0,0,0,0,10.866394996643066,23.194604873657227,10.410575866699219
0,0,0,0,10.866357803344727,23.194746017456055,10.410926818847656
0,0,0,0,10.866355895996094,23.19480323791504,10.41119384765625
0,0,0,0,10.866395950317383,23.19485855102539,10.411483764648438
0,0,0,0,10.866389274597168,23.194843292236328,10.411659240722656
0,0,0,0,10.866495132446289,23.194772720336914,10.411781311035156
0,0,0,0,10.866633415222168,23.194643020629883,10.411857604980469
0,0,0,0,10.866881370544434,23.194475173950195,10.411880493164062
0,0,0,0,10.867061614990234,23.194334030151367,10.411872863769531
0,0,0,0,10.867422103881836,23.194032669067383,10.411766052246094
0,0,0,0,10.867619514465332,23.193864822387695,10.411590576171875
0,0,0,0,10.86790943145752,23.193603515625,10.411346435546875
0,0,0,0,10.868200302124023,23.193368911743164,10.410896301269531
0,0,0,0,10.86843204498291,23.193161010742188,10.410476684570312
0,0,0,0,10.868556022644043,23.193058013916016,10.409988403320312
0,0,0,0,10.86877727508545,23.192840576171875,10.409225463867188
0,0,0,0,10.868906021118164,23.19272804260254,10.408584594726562
0,0,0,0,10.869070053100586,23.192554473876953,10.407928466796875
0,0,0,0,10.869302749633789,23.192413330078125,10.406990051269531
0,0,0,0,10.869450569152832,23.19232940673828,10.406204223632812
0,0,0,0,10.869648933410645,23.192272186279297,10.4053955078125
0,0,0,0,10.869915008544922,23.192222595214844,10.404289245605469
0,0,0,0,10.870193481445312,23.19219398498535,10.403419494628906
0,0,0,0,10.870415687561035,23.1922550201416,10.402511596679688
0,0,0,0,10.870813369750977,23.19229507446289,10.401268005371094
0,0,0,0,10.871057510375977,23.192373275756836,10.400260925292969
0,0,0,0,10.871397018432617,23.19237518310547,10.39923095703125
0,0,0,0,10.871755599975586,23.192415237426758,10.3978271484375
0,0,0,0,10.872088432312012,23.19231414794922,10.396751403808594
0,0,0,0,10.872337341308594,23.192285537719727,10.395675659179688
0,0,0,0,10.87289810180664,23.192058563232422,10.393798828125
0,0,0,0,10.873128890991211,23.191957473754883,10.393020629882812
0,0,0,0,10.873480796813965,23.191707611083984,10.391822814941406
0,0,0,0,10.873902320861816,23.191423416137695,10.390296936035156
0,0,0,0,10.874237060546875,23.191137313842773,10.389213562011719
0,0,0,0,10.874580383300781,23.19084358215332,10.388198852539062
0,0,0,0,10.875046730041504,23.19032096862793,10.386917114257812
0,0,0,0,10.875452041625977,23.189878463745117,10.386032104492188
0,0,0,0,10.875779151916504,23.189424514770508,10.385208129882812
0,0,0,0,10.87629222869873,23.188798904418945,10.384239196777344
0,0,0,0,10.876596450805664,23.188339233398438,10.383590698242188
0,0,0,0,10.876996994018555,23.187820434570312,10.383003234863281
0,0,0,0,10.877437591552734,23.187191009521484,10.382286071777344
0,0,0,0,10.877856254577637,23.186641693115234,10.381820678710938
0,0,0,0,10.878190040588379,23.186161041259766,10.381423950195312
0,0,0,0,10.878735542297363,23.185396194458008,10.380950927734375
0,0,0,0,10.879072189331055,23.184906005859375,10.380592346191406
0,0,0,0,10.879471778869629,23.184343338012695,10.380233764648438
0,0,0,0,10.879919052124023,23.1837100982666,10.379806518554688
0,0,0,0,10.880256652832031,23.183198928833008,10.379531860351562
0,0,0,0,10.880558013916016,23.18274688720703,10.3792724609375
0,0,0,0,10.880951881408691,23.182126998901367,10.378944396972656
0,0,0,0,10.881253242492676,23.181732177734375,10.378700256347656
0,0,0,0,10.881551742553711,23.18133544921875,10.378456115722656
0,0,0,0,10.882024765014648,23.18086814880371,10.378143310546875
0,0,0,0,10.88232135772705,23.180522918701172,10.377906799316406
0,0,0,0,10.882684707641602,23.180145263671875,10.377685546875
0,0,0,0,10.883123397827148,23.179723739624023,10.377426147460938
0,0,0,0,10.883563995361328,23.17938804626465,10.377250671386719
0,0,0,0,10.883910179138184,23.17914581298828,10.377105712890625
0,0,0,0,10.884454727172852,23.178667068481445,10.376953125
0,0,0,0,10.884737014770508,23.178369522094727,10.376899719238281
0,0,0,0,10.88505744934082,23.177968978881836,10.376876831054688
0,0,0,0,10.885375022888184,23.17757225036621,10.376869201660156
0,0,0,0,10.885607719421387,23.177213668823242,10.376922607421875
0,0,0,0,10.88575267791748,23.176918029785156,10.376983642578125
0,0,0,0,10.885913848876953,23.176429748535156,10.377037048339844
0,0,0,0,10.885993003845215,23.17613410949707,10.377090454101562
0,0,0,0,10.886000633239746,23.17579460144043,10.377151489257812
0,0,0,0,10.885951042175293,23.175384521484375,10.377197265625
0,0,0,0,10.885823249816895,23.175079345703125,10.377235412597656
0,0,0,0,10.885746002197266,23.174772262573242,10.377288818359375
0,0,0,0,10.885574340820312,23.174360275268555,10.377342224121094
0,0,0,0,10.885513305664062,23.174007415771484,10.377410888671875
0,0,0,0,10.885384559631348,23.17369842529297,10.377525329589844
0,0,0,0,10.885319709777832,23.173255920410156,10.377761840820312
0,0,0,0,10.88522720336914,23.172992706298828,10.377983093261719
0,0,0,0,10.885251998901367,23.17267417907715,10.378242492675781
0,0,0,0,10.885251998901367,23.172382354736328,10.378631591796875
0,0,0,0,10.885330200195312,23.172088623046875,10.378944396972656
0,0,0,0,10.885346412658691,23.171884536743164,10.379234313964844
0,0,0,0,10.885483741760254,23.171525955200195,10.379646301269531
0,0,0,0,10.88558578491211,23.171335220336914,10.379974365234375
0,0,0,0,10.885717391967773,23.171092987060547,10.380294799804688
0,0,0,0,10.88590145111084,23.170808792114258,10.380722045898438
0,0,0,0,10.886058807373047,23.170534133911133,10.381027221679688
0,0,0,0,10.88626480102539,23.170265197753906,10.381340026855469
0,0,0,0,10.88652515411377,23.169878005981445,10.38177490234375
0,0,0,0,10.886810302734375,23.1695499420166,10.382095336914062
0,0,0,0,10.887040138244629,23.16924476623535,10.382408142089844
0,0,0,0,10.887495040893555,23.168794631958008,10.3828125
0,0,0,0,10.887795448303223,23.16852378845215,10.383110046386719
0,0,0,0,10.888199806213379,23.16819953918457,10.383377075195312
0,0,0,0,10.888644218444824,23.16785430908203,10.383636474609375
0,0,0,0,10.889049530029297,23.167522430419922,10.38385009765625
0,0,0,0,10.889341354370117,23.16728973388672,10.384086608886719
0,0,0,0,10.889781951904297,23.166900634765625,10.3843994140625
0,0,0,0,10.890030860900879,23.166654586791992,10.3846435546875
0,0,0,0,10.890311241149902,23.166309356689453,10.384902954101562
0,0,0,0,10.890593528747559,23.16592788696289,10.385307312011719
0,0,0,0,10.890780448913574,23.16556739807129,10.38568115234375
0,0,0,0,10.89094352722168,23.16524314880371,10.386085510253906
0,0,0,0,10.891081809997559,23.16473388671875,10.386665344238281
0,0,0,0,10.891195297241211,23.164384841918945,10.387130737304688
0,0,0,0,10.891243934631348,23.164033889770508,10.387619018554688
0,0,0,0,10.89138126373291,23.16355323791504,10.388267517089844
0,0,0,0,10.891414642333984,23.163232803344727,10.388740539550781
0,0,0,0,10.891504287719727,23.162891387939453,10.38922119140625
0,0,0,0,10.891517639160156,23.16251564025879,10.389900207519531
0,0,0,0,10.89160442352295,23.16216468811035,10.390426635742188
0,0,0,0,10.89157772064209,23.161888122558594,10.390922546386719
0,0,0,0,10.891578674316406,23.161439895629883,10.391548156738281
0,0,0,0,10.891464233398438,23.161163330078125,10.392021179199219
0,0,0,0,10.891386985778809,23.160768508911133,10.392494201660156
0,0,0,0,10.891176223754883,23.160337448120117,10.393051147460938
0,0,0,0,10.890998840332031,23.159942626953125,10.393455505371094
0,0,0,0,10.890750885009766,23.15959930419922,10.393852233886719
0,0,0,0,10.890381813049316,23.159074783325195,10.394355773925781
0,0,0,0,10.890095710754395,23.158716201782227,10.39471435546875
0,0,0,0,10.889763832092285,23.1583309173584,10.395050048828125
0,0,0,0,10.889289855957031,23.15784454345703,10.395462036132812
0,0,0,0,10.888859748840332,23.15752601623535,10.395736694335938
0,0,0,0,10.888505935668945,23.15721321105957,10.395950317382812
0,0,0,0,10.887947082519531,23.156845092773438,10.396194458007812
0,0,0,0,10.88760757446289,23.156518936157227,10.396377563476562
0,0,0,0,10.8871431350708,23.156295776367188,10.396530151367188
0,0,0,0,10.88665771484375,23.15596580505371,10.396697998046875
0,0,0,0,10.886236190795898,23.15579605102539,10.396781921386719
0,0,0,0,10.885909080505371,23.15553855895996,10.396842956542969
0,0,0,0,10.885382652282715,23.155298233032227,10.396926879882812
0,0,0,0,10.885018348693848,23.155046463012695,10.397018432617188
0,0,0,0,10.884600639343262,23.154870986938477,10.397125244140625
0,0,0,0,10.884100914001465,23.1545467376709,10.397270202636719
0,0,0,0,10.883745193481445,23.154335021972656,10.397407531738281
0,0,0,0,10.883390426635742,23.154090881347656,10.397560119628906
0,0,0,0,10.882926940917969,23.153806686401367,10.397796630859375
0,0,0,0,10.882564544677734,23.153593063354492,10.397994995117188
0,0,0,0,10.882261276245117,23.153396606445312,10.398208618164062
0,0,0,0,10.881841659545898,23.153152465820312,10.398544311523438
0,0,0,0,10.881617546081543,23.152912139892578,10.398826599121094
0,0,0,0,10.881305694580078,23.15270233154297,10.399139404296875
0,0,0,0,10.880961418151855,23.152368545532227,10.399559020996094
0,0,0,0,10.880616188049316,23.152185440063477,10.399879455566406
0,0,0,0,10.880352973937988,23.15190315246582,10.400215148925781
0,0,0,0,10.879895210266113,23.1516170501709,10.400596618652344
0,0,0,0,10.879616737365723,23.151321411132812,10.40081787109375
0,0,0,0,10.879281044006348,23.151123046875,10.401016235351562
0,0,0,0,10.878924369812012,23.150758743286133,10.401214599609375
0,0,0,0,10.878620147705078,23.150556564331055,10.401359558105469
0,0,0,0,10.878334045410156,23.150287628173828,10.401473999023438
0,0,0,0,10.877943992614746,23.150033950805664,10.401557922363281
0,0,0,0,10.8776273727417,23.149812698364258,10.401527404785156
0,0,0,0,10.877339363098145,23.149641036987305,10.40142822265625
0,0,0,0,10.876927375793457,23.149473190307617,10.401222229003906
0,0,0,0,10.876681327819824,23.149370193481445,10.40106201171875
0,0,0,0,10.876355171203613,23.149314880371094,10.400901794433594
0,0,0,0,10.87602424621582,23.149253845214844,10.400672912597656
0,0,0,0,10.875700950622559,23.149333953857422,10.400505065917969
0,0,0,0,10.875475883483887,23.149398803710938,10.400367736816406
0,0,0,0,10.875079154968262,23.149658203125,10.400199890136719
0,0,0,0,10.874872207641602,23.149805068969727,10.400100708007812
0,0,0,0,10.87459659576416,23.15008544921875,10.400016784667969
0,0,0,0,10.87432861328125,23.150440216064453,10.399894714355469
0,0,0,0,10.87408447265625,23.15081787109375,10.399749755859375
0,0,0,0,10.873880386352539,23.15115737915039,10.399604797363281
0,0,0,0,10.873581886291504,23.151763916015625,10.399398803710938
0,0,0,0,10.873377799987793,23.152225494384766,10.399238586425781
0,0,0,0,10.873160362243652,23.152772903442383,10.3990478515625
0,0,0,0,10.872840881347656,23.153484344482422,10.398780822753906
0,0,0,0,10.872644424438477,23.154054641723633,10.398567199707031
0,0,0,0,10.872396469116211,23.154687881469727,10.398345947265625
0,0,0,0,10.872129440307617,23.15562629699707,10.398025512695312
0,0,0,0,10.871893882751465,23.15639877319336,10.39776611328125
0,0,0,0,10.871772766113281,23.15714454650879,10.397483825683594
0,0,0,0,10.871535301208496,23.158226013183594,10.397132873535156
0,0,0,0,10.871432304382324,23.158994674682617,10.39691162109375
0,0,0,0,10.871232032775879,23.15985870361328,10.396690368652344
0,0,0,0,10.871088981628418,23.16094207763672,10.396400451660156
0,0,0,0,10.870909690856934,23.161840438842773,10.396209716796875
0,0,0,0,10.87080192565918,23.162635803222656,10.396034240722656
0,0,0,0,10.870601654052734,23.163787841796875,10.395767211914062
0,0,0,0,10.870489120483398,23.16460609436035,10.395530700683594
0,0,0,0,10.87032699584961,23.165496826171875,10.395286560058594
0,0,0,0,10.870105743408203,23.166582107543945,10.3948974609375
0,0,0,0,10.8699369430542,23.167417526245117,10.394546508789062
0,0,0,0,10.869732856750488,23.168209075927734,10.3941650390625
0,0,0,0,10.869474411010742,23.169248580932617,10.393646240234375
0,0,0,0,10.869243621826172,23.170005798339844,10.39324951171875
0,0,0,0,10.869074821472168,23.170711517333984,10.39276123046875
0,0,0,0,10.868736267089844,23.1716365814209,10.392044067382812
0,0,0,0,10.868537902832031,23.172264099121094,10.391502380371094
0,0,0,0,10.868267059326172,23.172943115234375,10.390922546386719
0,0,0,0,10.868064880371094,23.173673629760742,10.390151977539062
0,0,0,0,10.86784553527832,23.17424774169922,10.389602661132812
0,0,0,0,10.8677396774292,23.174678802490234,10.389106750488281
0,0,0,0,10.867518424987793,23.17530632019043,10.388534545898438
0,0,0,0,10.867430686950684,23.175683975219727,10.388191223144531
0,0,0,0,10.867318153381348,23.176101684570312,10.387916564941406
0,0,0,0,10.867273330688477,23.176517486572266,10.387649536132812
0,0,0,0,10.867280006408691,23.17681884765625,10.387527465820312
0,0,0,0,10.867337226867676,23.177032470703125,10.387451171875
0,0,0,0,10.86751937866211,23.177322387695312,10.38739013671875
0,0,0,0,10.867698669433594,23.177486419677734,10.387374877929688
0,0,0,0,10.868002891540527,23.177595138549805,10.387382507324219
0,0,0,0,10.868464469909668,23.177658081054688,10.387443542480469
0,0,0,0,10.868911743164062,23.177616119384766,10.387504577636719
0,0,0,0,10.869318008422852,23.177597045898438,10.387535095214844
0,0,0,0,10.870022773742676,23.17743492126465,10.387504577636719
0,0,0,0,10.870497703552246,23.177356719970703,10.387405395507812
0,0,0,0,10.871063232421875,23.17720603942871,10.38726806640625
0,0,0,0,10.871697425842285,23.177059173583984,10.38702392578125
0,0,0,0,10.872224807739258,23.176847457885742,10.386825561523438
0,0,0,0,10.872658729553223,23.176666259765625,10.3865966796875
0,0,0,0,10.873265266418457,23.176273345947266,10.386199951171875
0,0,0,0,10.873677253723145,23.176055908203125,10.385894775390625
0,0,0,0,10.874115943908691,23.17578125,10.385604858398438
0,0,0,0,10.874635696411133,23.175493240356445,10.385215759277344
0,0,0,0,10.875008583068848,23.175264358520508,10.384895324707031
0,0,0,0,10.875373840332031,23.175065994262695,10.384590148925781
0,0,0,0,10.875846862792969,23.174821853637695,10.384178161621094
0,0,0,0,10.876279830932617,23.174671173095703,10.38385009765625
0,0,0,0,10.876660346984863,23.174564361572266,10.383468627929688
0,0,0,0,10.877262115478516,23.1744441986084,10.382904052734375
0,0,0,0,10.877638816833496,23.174453735351562,10.382461547851562
0,0,0,0,10.878105163574219,23.17446517944336,10.382011413574219
0,0,0,0,10.878618240356445,23.174617767333984,10.381378173828125
0,0,0,0,10.879082679748535,23.174663543701172,10.380912780761719
0,0,0,0,10.879501342773438,23.1748104095459,10.380470275878906
0,0,0,0,10.88015365600586,23.174911499023438,10.379890441894531
0,0,0,0,10.880555152893066,23.17506980895996,10.379470825195312
0,0,0,0,10.881007194519043,23.175151824951172,10.379074096679688
0,0,0,0,10.881538391113281,23.175334930419922,10.378616333007812
0,0,0,0,10.881916999816895,23.175403594970703,10.378303527832031
0,0,0,0,10.882246017456055,23.17552947998047,10.37799072265625
0,0,0,0,10.882594108581543,23.175617218017578,10.37762451171875
0,0,0,0,10.88283634185791,23.175716400146484,10.37744140625
0,0,0,0,10.882991790771484,23.175800323486328,10.377304077148438
0,0,0,0,10.883217811584473,23.175935745239258,10.377166748046875
0,0,0,0,10.883269309997559,23.176095962524414,10.377113342285156
0,0,0,0,10.883354187011719,23.17623519897461,10.377082824707031
0,0,0,0,10.883386611938477,23.17646598815918,10.377044677734375
0,0,0,0,10.883467674255371,23.17656135559082,10.377037048339844
0,0,0,0,10.88340950012207,23.176734924316406,10.377059936523438
0,0,0,0,10.883431434631348,23.17685890197754,10.377189636230469
0,0,0,0,10.883384704589844,23.17701530456543,10.377342224121094
0,0,0,0,10.883431434631348,23.177043914794922,10.377548217773438
0,0,0,0,10.883460998535156,23.17716407775879,10.377815246582031
0,0,0,0,10.883554458618164,23.17719268798828,10.378044128417969
0,0,0,0,10.883620262145996,23.177305221557617,10.378288269042969
0,0,0,0,10.883772850036621,23.1773681640625,10.378616333007812
0,0,0,0,10.883919715881348,23.177457809448242,10.378868103027344
0,0,0,0,10.884082794189453,23.17753028869629,10.379112243652344
0,0,0,0,10.884359359741211,23.17766571044922,10.37945556640625
0,0,0,0,10.884574890136719,23.177812576293945,10.379737854003906
0,0,0,0,10.88492202758789,23.177947998046875,10.380058288574219
0,0,0,0,10.885342597961426,23.178163528442383,10.380516052246094
0,0,0,0,10.885754585266113,23.17828941345215,10.380897521972656
0,0,0,0,10.886072158813477,23.17850685119629,10.381317138671875
0,0,0,0,10.88662338256836,23.178756713867188,10.381980895996094
0,0,0,0,10.88700008392334,23.179040908813477,10.382568359375
0,0,0,0,10.88751220703125,23.179283142089844,10.383186340332031
0,0,0,0,10.888108253479004,23.17974853515625,10.384040832519531
0,0,0,0,10.888580322265625,23.180055618286133,10.384689331054688
0,0,0,0,10.888923645019531,23.180442810058594,10.385322570800781
0,0,0,0,10.889368057250977,23.180856704711914,10.386184692382812
0,0,0,0,10.8896484375,23.181198120117188,10.386825561523438
0,0,0,0,10.889894485473633,23.181486129760742,10.387458801269531
0,0,0,0,10.890174865722656,23.181936264038086,10.388267517089844
0,0,0,0,10.890304565429688,23.182273864746094,10.388862609863281
0,0,0,0,10.890483856201172,23.182601928710938,10.389434814453125
0,0,0,0,10.890641212463379,23.183015823364258,10.390151977539062
0,0,0,0,10.89079761505127,23.18328857421875,10.390708923339844
0,0,0,0,10.890811920166016,23.183603286743164,10.391258239746094
0,0,0,0,10.89080810546875,23.183937072753906,10.391960144042969
0,0,0,0,10.890620231628418,23.184242248535156,10.392463684082031
0,0,0,0,10.890430450439453,23.184438705444336,10.392929077148438
0,0,0,0,10.889925003051758,23.184734344482422,10.393440246582031
0,0,0,0,10.889530181884766,23.18483543395996,10.39373779296875
0,0,0,0,10.888978958129883,23.184974670410156,10.393936157226562
0,0,0,0,10.888213157653809,23.185029983520508,10.394073486328125
0,0,0,0,10.887489318847656,23.18514633178711,10.394119262695312
0,0,0,0,10.886736869812012,23.185169219970703,10.394134521484375
0,0,0,0,10.885601997375488,23.185283660888672,10.394111633300781
0,0,0,0,10.8847017288208,23.185327529907227,10.394065856933594
0,0,0,0,10.88376522064209,23.185420989990234,10.393989562988281
0,0,0,0,10.882429122924805,23.185516357421875,10.393836975097656
0,0,0,0,10.88145923614502,23.185579299926758,10.393714904785156
0,0,0,0,10.88039493560791,23.185665130615234,10.393577575683594
0,0,0,0,10.879077911376953,23.185762405395508,10.393417358398438
0,0,0,0,10.878002166748047,23.18589210510254,10.393272399902344
0,0,0,0,10.877022743225098,23.185991287231445,10.393112182617188
0,0,0,0,10.87564468383789,23.186206817626953,10.392890930175781
0,0,0,0,10.874750137329102,23.1862735748291,10.392738342285156
0,0,0,0,10.873810768127441,23.186443328857422,10.392585754394531
0,0,0,0,10.872714042663574,23.186582565307617,10.392364501953125
0,0,0,0,10.871892929077148,23.186750411987305,10.392196655273438
0,0,0,0,10.871183395385742,23.186838150024414,10.392051696777344
0,0,0,0,10.870267868041992,23.18700408935547,10.391883850097656
0,0,0,0,10.869627952575684,23.187042236328125,10.391746520996094
0,0,0,0,10.869012832641602,23.187108993530273,10.3916015625
0,0,0,0,10.86823844909668,23.187103271484375,10.391403198242188
0,0,0,0,10.867730140686035,23.187088012695312,10.391281127929688
0,0,0,0,10.86720085144043,23.187055587768555,10.39117431640625
0,0,0,0,10.866575241088867,23.186994552612305,10.391036987304688
0,0,0,0,10.866044998168945,23.186975479125977,10.390937805175781
0,0,0,0,10.86558723449707,23.18691062927246,10.390884399414062
0,0,0,0,10.864855766296387,23.186851501464844,10.390861511230469
0,0,0,0,10.864361763000488,23.18674659729004,10.390907287597656
0,0,0,0,10.863548278808594,23.18672752380371,10.391090393066406
0,0,0,0,10.86297607421875,23.186664581298828,10.391319274902344
0,0,0,0,10.86235523223877,23.186691284179688,10.391578674316406
0,0,0,0,10.861804962158203,23.186626434326172,10.391838073730469
0,0,0,0,10.860956192016602,23.18670082092285,10.392242431640625
0,0,0,0,10.860297203063965,23.186725616455078,10.392578125
0,0,0,0,10.85958480834961,23.186824798583984,10.392936706542969
0,0,0,0,10.858708381652832,23.186843872070312,10.393424987792969
0,0,0,0,10.858077049255371,23.186908721923828,10.393814086914062
0,0,0,0,10.857430458068848,23.18699836730957,10.394172668457031
0,0,0,0,10.856612205505371,23.18717384338379,10.394638061523438
0,0,0,0,10.855988502502441,23.187313079833984,10.394981384277344
0,0,0,0,10.855463027954102,23.187448501586914,10.395294189453125
0,0,0,0,10.854752540588379,23.187713623046875,10.395683288574219
0,0,0,0,10.85435962677002,23.187881469726562,10.395957946777344
0,0,0,0,10.853925704956055,23.188114166259766,10.396224975585938
0,0,0,0,10.853528022766113,23.188337326049805,10.396553039550781
0,0,0,0,10.853219985961914,23.188568115234375,10.39678955078125
0,0,0,0,10.853044509887695,23.188692092895508,10.39703369140625
0,0,0,0,10.852766990661621,23.188940048217773,10.397300720214844
0,0,0,0,10.852619171142578,23.189027786254883,10.397453308105469
0,0,0,0,10.85244369506836,23.189189910888672,10.397590637207031
0,0,0,0,10.85230541229248,23.18926239013672,10.397682189941406
0,0,0,0,10.852202415466309,23.189329147338867,10.397682189941406
0,0,0,0,10.85210132598877,23.189321517944336,10.397636413574219
0,0,0,0,10.852004051208496,23.18935203552246,10.397506713867188
0,0,0,0,10.851932525634766,23.189342498779297,10.397354125976562
0,0,0,0,10.851929664611816,23.189302444458008,10.397186279296875
0,0,0,0,10.851889610290527,23.189176559448242,10.396919250488281
0,0,0,0,10.851996421813965,23.18899917602539,10.396705627441406
0,0,0,0,10.852089881896973,23.188831329345703,10.396492004394531
0,0,0,0,10.852356910705566,23.188499450683594,10.396156311035156
0,0,0,0,10.85249137878418,23.188255310058594,10.395889282226562
0,0,0,0,10.852739334106445,23.187883377075195,10.395545959472656
0,0,0,0,10.853013038635254,23.187429428100586,10.39495849609375
0,0,0,0,10.853262901306152,23.186979293823242,10.394462585449219
0,0,0,0,10.85339641571045,23.186613082885742,10.393959045410156
0,0,0,0,10.853649139404297,23.18604278564453,10.393318176269531
0,0,0,0,10.853787422180176,23.185693740844727,10.392875671386719
0,0,0,0,10.85398006439209,23.185232162475586,10.392471313476562
0,0,0,0,10.854227066040039,23.1846981048584,10.391983032226562
0,0,0,0,10.854388236999512,23.184284210205078,10.391654968261719
0,0,0,0,10.854598999023438,23.18391227722168,10.391395568847656
0,0,0,0,10.854904174804688,23.18332862854004,10.391143798828125
0,0,0,0,10.85522747039795,23.182863235473633,10.390975952148438
0,0,0,0,10.85549259185791,23.182411193847656,10.39080810546875
0,0,0,0,10.855936050415039,23.181840896606445,10.39056396484375
0,0,0,0,10.85618782043457,23.18149757385254,10.390426635742188
0,0,0,0,10.856513977050781,23.181110382080078,10.390327453613281
0,0,0,0,10.856832504272461,23.180683135986328,10.390220642089844
0,0,0,0,10.857141494750977,23.180288314819336,10.390144348144531
0,0,0,0,10.857373237609863,23.17999839782715,10.390045166015625
0,0,0,0,10.857752799987793,23.179542541503906,10.389915466308594
0,0,0,0,10.85797119140625,23.17930030822754,10.389808654785156
0,0,0,0,10.858262062072754,23.178972244262695,10.389686584472656
0,0,0,0,10.858572006225586,23.17867088317871,10.389503479003906
0,0,0,0,10.858814239501953,23.17843246459961,10.389381408691406
0,0,0,0,10.859064102172852,23.17827033996582,10.389244079589844
0,0,0,0,10.859420776367188,23.178030014038086,10.389053344726562
0,0,0,0,10.859737396240234,23.177886962890625,10.388946533203125
0,0,0,0,10.860037803649902,23.177753448486328,10.38885498046875
0,0,0,0,10.860502243041992,23.177549362182617,10.388786315917969
0,0,0,0,10.860785484313965,23.177417755126953,10.388771057128906
0,0,0,0,10.861183166503906,23.17729949951172,10.388801574707031
0,0,0,0,10.861680030822754,23.17719841003418,10.388877868652344
0,0,0,0,10.862175941467285,23.177013397216797,10.38897705078125
0,0,0,0,10.8626070022583,23.176897048950195,10.389106750488281
0,0,0,0,10.8633394241333,23.17666244506836,10.389305114746094
0,0,0,0,10.863887786865234,23.17657470703125,10.389442443847656
0,0,0,0,10.864575386047363,23.176372528076172,10.389564514160156
0,0,0,0,10.865464210510254,23.17620277404785,10.389739990234375
0,0,0,0,10.866183280944824,23.175989151000977,10.389869689941406
0,0,0,0,10.866884231567383,23.175817489624023,10.389991760253906
0,0,0,0,10.867904663085938,23.17547035217285,10.390144348144531
0,0,0,0,10.868680953979492,23.175251007080078,10.390251159667969
0,0,0,0,10.86948013305664,23.174972534179688,10.390327453613281
0,0,0,0,10.870563507080078,23.174659729003906,10.390449523925781
0,0,0,0,10.871293067932129,23.17446517944336,10.390525817871094
0,0,0,0,10.872076034545898,23.174259185791016,10.390594482421875
0,0,0,0,10.873042106628418,23.174026489257812,10.390693664550781
0,0,0,0,10.873851776123047,23.17386245727539,10.39080810546875
0,0,0,0,10.874606132507324,23.17378044128418,10.390945434570312
0,0,0,0,10.875701904296875,23.17365074157715,10.39117431640625
0,0,0,0,10.876429557800293,23.173660278320312,10.391372680664062
0,0,0,0,10.877237319946289,23.173585891723633,10.391563415527344
0,0,0,0,10.8782320022583,23.173561096191406,10.391807556152344
0,0,0,0,10.878997802734375,23.17345428466797,10.392005920410156
0,0,0,0,10.879648208618164,23.173446655273438,10.392181396484375
0,0,0,0,10.880514144897461,23.173316955566406,10.39239501953125
0,0,0,0,10.881109237670898,23.173280715942383,10.39251708984375
0,0,0,0,10.881664276123047,23.173171997070312,10.392601013183594
0,0,0,0,10.882325172424316,23.173032760620117,10.392623901367188
0,0,0,0,10.882750511169434,23.17287254333496,10.392532348632812
0,0,0,0,10.88319206237793,23.172710418701172,10.392341613769531
0,0,0,0,10.883718490600586,23.172433853149414,10.392013549804688
0,0,0,0,10.884126663208008,23.17217254638672,10.391685485839844
0,0,0,0,10.884425163269043,23.171955108642578,10.391304016113281
0,0,0,0,10.884882926940918,23.171634674072266,10.390777587890625
0,0,0,0,10.885159492492676,23.171472549438477,10.39031982421875
0,0,0,0,10.885509490966797,23.17123794555664,10.389785766601562
0,0,0,0,10.885808944702148,23.171003341674805,10.38897705078125
0,0,0,0,10.886125564575195,23.17068099975586,10.388069152832031
0,0,0,0,10.886241912841797,23.170560836791992,10.387565612792969
0,0,0,0,10.886507034301758,23.17021369934082,10.386543273925781
0,0,0,0,10.886650085449219,23.170034408569336,10.385765075683594
0,0,0,0,10.886802673339844,23.169797897338867,10.384971618652344
0,0,0,0,10.886954307556152,23.16960334777832,10.38397216796875
0,0,0,0,10.887031555175781,23.1694278717041,10.383285522460938
0,0,0,0,10.887090682983398,23.169307708740234,10.382675170898438
0,0,0,0,10.887136459350586,23.16914176940918,10.381950378417969
0,0,0,0,10.887186050415039,23.169010162353516,10.3814697265625
0,0,0,0,10.887152671813965,23.168804168701172,10.380905151367188
0,0,0,0,10.887188911437988,23.168533325195312,10.38055419921875
0,0,0,0,10.887138366699219,23.16834831237793,10.380241394042969
0,0,0,0,10.887176513671875,23.16797637939453,10.379890441894531
0,0,0,0,10.887139320373535,23.167734146118164,10.379684448242188
0,0,0,0,10.887199401855469,23.167362213134766,10.379531860351562
0,0,0,0,10.887238502502441,23.166934967041016,10.379364013671875
0,0,0,0,10.88737964630127,23.166534423828125,10.379264831542969
0,0,0,0,10.887511253356934,23.166221618652344,10.379165649414062
0,0,0,0,10.887785911560059,23.165752410888672,10.379104614257812
0,0,0,0,10.887990951538086,23.165470123291016,10.379096984863281
0,0,0,0,10.888192176818848,23.1651611328125,10.379119873046875
0,0,0,0,10.888426780700684,23.16486167907715,10.379165649414062
0,0,0,0,10.88858699798584,23.164642333984375,10.37921142578125
0,0,0,0,10.888808250427246,23.16443634033203,10.3792724609375
0,0,0,0,10.889021873474121,23.164257049560547,10.379348754882812
0,0,0,0,10.889235496520996,23.16415023803711,10.379440307617188
0,0,0,0,10.889348983764648,23.16415023803711,10.379539489746094
0,0,0,0,10.889577865600586,23.16411781311035,10.379638671875
0,0,0,0,10.889642715454102,23.164216995239258,10.379730224609375
0,0,0,0,10.889748573303223,23.164262771606445,10.379791259765625
0,0,0,0,10.889725685119629,23.164541244506836,10.37982177734375
0,0,0,0,10.889730453491211,23.16475486755371,10.379806518554688
0,0,0,0,10.889649391174316,23.165117263793945,10.379791259765625
0,0,0,0,10.889580726623535,23.16554069519043,10.379745483398438
0,0,0,0,10.889477729797363,23.165945053100586,10.379653930664062
0,0,0,0,10.889374732971191,23.166349411010742,10.3795166015625
0,0,0,0,10.889180183410645,23.167081832885742,10.379325866699219
0,0,0,0,10.889008522033691,23.167720794677734,10.379127502441406
0,0,0,0,10.888851165771484,23.168447494506836,10.378883361816406
0,0,0,0,10.888566970825195,23.16948890686035,10.378486633300781
0,0,0,0,10.888415336608887,23.170330047607422,10.378181457519531
0,0,0,0,10.88818645477295,23.17123031616211,10.377876281738281
0,0,0,0,10.887951850891113,23.17242431640625,10.37744140625
0,0,0,0,10.887688636779785,23.173368453979492,10.377098083496094
0,0,0,0,10.887517929077148,23.174243927001953,10.376731872558594
0,0,0,0,10.887211799621582,23.175495147705078,10.376182556152344
0,0,0,0,10.887073516845703,23.176347732543945,10.375770568847656
0,0,0,0,10.886842727661133,23.177265167236328,10.375350952148438
0,0,0,0,10.886636734008789,23.178329467773438,10.37481689453125
0,0,0,0,10.886462211608887,23.17915153503418,10.374465942382812
0,0,0,0,10.886320114135742,23.179834365844727,10.374168395996094
0,0,0,0,10.88611888885498,23.180784225463867,10.373847961425781
0,0,0,0,10.885994911193848,23.181425094604492,10.373672485351562
0,0,0,0,10.885900497436523,23.182090759277344,10.373550415039062
0,0,0,0,10.885772705078125,23.182844161987305,10.37353515625
0,0,0,0,10.885710716247559,23.183387756347656,10.373588562011719
0,0,0,0,10.885595321655273,23.18393325805664,10.373710632324219
0,0,0,0,10.885489463806152,23.184642791748047,10.373954772949219
0,0,0,0,10.885329246520996,23.185222625732422,10.374168395996094
0,0,0,0,10.885236740112305,23.185752868652344,10.374443054199219
0,0,0,0,10.884927749633789,23.18656349182129,10.3748779296875
0,0,0,0,10.884737968444824,23.187082290649414,10.375259399414062
0,0,0,0,10.884429931640625,23.187700271606445,10.375679016113281
0,0,0,0,10.884093284606934,23.188467025756836,10.376319885253906
0,0,0,0,10.883733749389648,23.189123153686523,10.3768310546875
0,0,0,0,10.883440971374512,23.189701080322266,10.377342224121094
0,0,0,0,10.882964134216309,23.190549850463867,10.378036499023438
0,0,0,0,10.882670402526855,23.191085815429688,10.378593444824219
0,0,0,0,10.882387161254883,23.191633224487305,10.379158020019531
0,0,0,0,10.882046699523926,23.19222068786621,10.3798828125
0,0,0,0,10.881828308105469,23.192659378051758,10.380378723144531
0,0,0,0,10.881569862365723,23.19300651550293,10.380828857421875
0,0,0,0,10.881315231323242,23.193449020385742,10.381362915039062
0,0,0,0,10.881104469299316,23.193824768066406,10.381683349609375
0,0,0,0,10.881007194519043,23.19417381286621,10.381942749023438
0,0,0,0,10.880824089050293,23.194623947143555,10.382194519042969
0,0,0,0,10.880803108215332,23.194869995117188,10.382354736328125
0,0,0,0,10.880693435668945,23.195146560668945,10.382492065429688
0,0,0,0,10.880718231201172,23.195398330688477,10.382644653320312
0,0,0,0,10.88070011138916,23.19561767578125,10.382705688476562
0,0,0,0,10.880790710449219,23.195737838745117,10.38275146484375
0,0,0,0,10.88083267211914,23.195960998535156,10.382736206054688
0,0,0,0,10.880922317504883,23.196027755737305,10.382652282714844
0,0,0,0,10.880975723266602,23.196163177490234,10.382545471191406
0,0,0,0,10.881091117858887,23.196197509765625,10.382377624511719
0,0,0,0,10.881175994873047,23.19625473022461,10.382225036621094
0,0,0,0,10.881246566772461,23.19625473022461,10.382080078125
0,0,0,0,10.881328582763672,23.19627571105957,10.381919860839844
0,0,0,0,10.881321907043457,23.196266174316406,10.381820678710938
0,0,0,0,10.881318092346191,23.19623565673828,10.381721496582031
0,0,0,0,10.88123607635498,23.196138381958008,10.381614685058594
0,0,0,0,10.88122272491455,23.196012496948242,10.381614685058594
0,0,0,0,10.88111400604248,23.195890426635742,10.381660461425781
0,0,0,0,10.881031036376953,23.195619583129883,10.381797790527344
0,0,0,0,10.880846977233887,23.195466995239258,10.3819580078125
0,0,0,0,10.880732536315918,23.195192337036133,10.382133483886719
0,0,0,0,10.880488395690918,23.19484519958496,10.382369995117188
0,0,0,0,10.88036060333252,23.194469451904297,10.382583618164062
0,0,0,0,10.880152702331543,23.194190979003906,10.382797241210938
0,0,0,0,10.8798828125,23.193744659423828,10.383033752441406
0,0,0,0,10.879608154296875,23.19346046447754,10.383201599121094
0,0,0,0,10.879326820373535,23.1931209564209,10.383377075195312
0,0,0,0,10.878874778747559,23.192781448364258,10.383628845214844
0,0,0,0,10.878474235534668,23.192520141601562,10.383842468261719
0,0,0,0,10.878058433532715,23.192306518554688,10.384040832519531
0,0,0,0,10.877463340759277,23.19206428527832,10.384246826171875
0,0,0,0,10.87708854675293,23.19186782836914,10.384368896484375
0,0,0,0,10.876688003540039,23.19171714782715,10.384429931640625
0,0,0,0,10.876276969909668,23.19150733947754,10.384414672851562
0,0,0,0,10.87592601776123,23.19144058227539,10.384361267089844
0,0,0,0,10.875702857971191,23.19131088256836,10.384307861328125
0,0,0,0,10.875370979309082,23.191247940063477,10.384208679199219
0,0,0,0,10.875237464904785,23.19112777709961,10.384109497070312
0,0,0,0,10.875064849853516,23.19109535217285,10.384025573730469
0,0,0,0,10.874960899353027,23.190946578979492,10.383934020996094
0,0,0,0,10.874871253967285,23.190889358520508,10.383895874023438
0,0,0,0,10.874884605407715,23.190702438354492,10.383903503417969
0,0,0,0,10.874913215637207,23.190492630004883,10.383964538574219
0,0,0,0,10.874956130981445,23.19023895263672,10.384071350097656
0,0,0,0,10.875012397766113,23.190031051635742,10.384201049804688
0,0,0,0,10.875128746032715,23.18968391418457,10.38446044921875
0,0,0,0,10.875266075134277,23.189393997192383,10.384696960449219
0,0,0,0,10.87533950805664,23.189037322998047,10.384994506835938
0,0,0,0,10.875504493713379,23.188495635986328,10.385414123535156
0,0,0,0,10.875541687011719,23.18809700012207,10.385719299316406
0,0,0,0,10.875627517700195,23.1876277923584,10.386062622070312
0,0,0,0,10.875571250915527,23.187002182006836,10.386581420898438
0,0,0,0,10.87553596496582,23.186473846435547,10.387001037597656
0,0,0,0,10.875365257263184,23.186006546020508,10.387413024902344
0,0,0,0,10.875185012817383,23.18528938293457,10.387977600097656
0,0,0,0,10.874916076660156,23.18484115600586,10.388442993164062
0,0,0,0,10.87465763092041,23.1843204498291,10.388969421386719
0,0,0,0,10.874178886413574,23.183740615844727,10.389778137207031
0,0,0,0,10.873817443847656,23.183263778686523,10.390411376953125
0,0,0,0,10.873433113098145,23.182893753051758,10.391014099121094
0,0,0,0,10.872968673706055,23.182405471801758,10.391830444335938
0,0,0,0,10.872668266296387,23.1821231842041,10.392463684082031
0,0,0,0,10.872391700744629,23.18187713623047,10.393089294433594
0,0,0,0,10.872108459472656,23.181625366210938,10.393905639648438
0,0,0,0,10.871871948242188,23.181480407714844,10.394493103027344
0,0,0,0,10.871735572814941,23.18129539489746,10.395034790039062
0,0,0,0,10.871500968933105,23.18107032775879,10.395729064941406
0,0,0,0,10.87140941619873,23.18087387084961,10.396163940429688
0,0,0,0,10.871228218078613,23.180755615234375,10.396537780761719
0,0,0,0,10.871145248413086,23.180524826049805,10.396995544433594
0,0,0,0,10.8710355758667,23.180448532104492,10.397308349609375
0,0,0,0,10.871021270751953,23.180313110351562,10.397590637207031
0,0,0,0,10.870884895324707,23.18024444580078,10.397857666015625
0,0,0,0,10.87083625793457,23.18014907836914,10.397994995117188
0,0,0,0,10.870744705200195,23.1801700592041,10.398094177246094
0,0,0,0,10.870699882507324,23.18014907836914,10.39825439453125
0,0,0,0,10.870635032653809,23.180191040039062,10.398345947265625
0,0,0,0,10.870561599731445,23.180171966552734,10.398429870605469
0,0,0,0,10.870485305786133,23.180192947387695,10.398567199707031
0,0,0,0,10.870396614074707,23.180194854736328,10.398674011230469
0,0,0,0,10.870378494262695,23.18023681640625,10.398780822753906
0,0,0,0,10.870326042175293,23.180313110351562,10.398933410644531
0,0,0,0,10.870366096496582,23.180335998535156,10.399063110351562
0,0,0,0,10.870342254638672,23.180418014526367,10.399238586425781
0,0,0,0,10.870448112487793,23.180484771728516,10.399528503417969
0,0,0,0,10.870433807373047,23.18058204650879,10.399765014648438
0,0,0,0,10.870532989501953,23.180580139160156,10.400016784667969
0,0,0,0,10.870587348937988,23.180706024169922,10.400375366210938
0,0,0,0,10.870744705200195,23.180736541748047,10.400657653808594
0,0,0,0,10.870950698852539,23.18085479736328,10.401016235351562
0,0,0,0,10.871122360229492,23.18085289001465,10.401268005371094
0,0,0,0,10.871307373046875,23.180938720703125,10.401481628417969
0,0,0,0,10.87155818939209,23.180957794189453,10.401657104492188
0,0,0,0,10.871920585632324,23.1810302734375,10.401809692382812
0,0,0,0,10.872214317321777,23.18101692199707,10.40185546875
0,0,0,0,10.872538566589355,23.18101692199707,10.401847839355469
0,0,0,0,10.872952461242676,23.180967330932617,10.401771545410156
0,0,0,0,10.873318672180176,23.180936813354492,10.401664733886719
0,0,0,0,10.873598098754883,23.180927276611328,10.401519775390625
0,0,0,0,10.874042510986328,23.180879592895508,10.401268005371094
0,0,0,0,10.87427806854248,23.180889129638672,10.401023864746094
0,0,0,0,10.874598503112793,23.18085479736328,10.400749206542969
0,0,0,0,10.874939918518066,23.180896759033203,10.400382995605469
0,0,0,0,10.875272750854492,23.1809024810791,10.400115966796875
0,0,0,0,10.875516891479492,23.181034088134766,10.399887084960938
0,0,0,0,10.875906944274902,23.181135177612305,10.399642944335938
0,0,0,0,10.876124382019043,23.181303024291992,10.399459838867188
0,0,0,0,10.876394271850586,23.1813907623291,10.399276733398438
0,0,0,0,10.876697540283203,23.181615829467773,10.399032592773438
0,0,0,0,10.876909255981445,23.18172836303711,10.39886474609375
0,0,0,0,10.87708854675293,23.18187141418457,10.398689270019531
0,0,0,0,10.877333641052246,23.18202018737793,10.398460388183594
0,0,0,0,10.877551078796387,23.18216323852539,10.398307800292969
0,0,0,0,10.877717971801758,23.182313919067383,10.398216247558594
0,0,0,0,10.877991676330566,23.182544708251953,10.398162841796875
0,0,0,0,10.878087997436523,23.1827449798584,10.398155212402344
0,0,0,0,10.878239631652832,23.182905197143555,10.398200988769531
0,0,0,0,10.878340721130371,23.18310546875,10.398353576660156
0,0,0,0,10.87851333618164,23.18317222595215,10.39849853515625
0,0,0,0,10.878609657287598,23.183319091796875,10.398696899414062
0,0,0,0,10.878888130187988,23.183399200439453,10.399032592773438
0,0,0,0,10.879058837890625,23.18351173400879,10.399307250976562
0,0,0,0,10.879297256469727,23.183507919311523,10.39959716796875
0,0,0,0,10.87955093383789,23.18360137939453,10.399993896484375
0,0,0,0,10.879800796508789,23.183605194091797,10.400276184082031
0,0,0,0,10.880001068115234,23.183685302734375,10.400558471679688
0,0,0,0,10.88027572631836,23.18368911743164,10.400894165039062
0,0,0,0,10.880487442016602,23.183734893798828,10.401100158691406
0,0,0,0,10.880683898925781,23.183761596679688,10.401237487792969
0,0,0,0,10.881004333496094,23.183860778808594,10.401336669921875
0,0,0,0,10.881208419799805,23.183958053588867,10.401344299316406
0,0,0,0,10.881491661071777,23.184072494506836,10.401313781738281
0,0,0,0,10.881817817687988,23.1843204498291,10.401168823242188
0,0,0,0,10.882122039794922,23.184490203857422,10.400985717773438
0,0,0,0,10.882311820983887,23.18473243713379,10.400741577148438
0,0,0,0,10.882647514343262,23.184968948364258,10.400352478027344
0,0,0,0,10.88283634185791,23.185209274291992,10.4000244140625
0,0,0,0,10.88312816619873,23.185346603393555,10.399688720703125
0,0,0,0,10.883423805236816,23.185604095458984,10.399177551269531
0,0,0,0,10.883676528930664,23.185670852661133,10.398780822753906
0,0,0,0,10.8838529586792,23.185766220092773,10.398368835449219
0,0,0,0,10.884143829345703,23.185815811157227,10.3978271484375
0,0,0,0,10.884343147277832,23.185901641845703,10.397422790527344
0,0,0,0,10.884533882141113,23.18586540222168,10.397018432617188
0,0,0,0,10.884757041931152,23.18582534790039,10.396530151367188
0,0,0,0,10.884858131408691,23.185752868652344,10.396194458007812
0,0,0,0,10.884963035583496,23.1856746673584,10.395896911621094
0,0,0,0,10.884969711303711,23.18550682067871,10.395545959472656
0,0,0,0,10.884991645812988,23.185304641723633,10.395317077636719
0,0,0,0,10.884913444519043,23.185144424438477,10.395118713378906
0,0,0,0,10.884915351867676,23.184825897216797,10.394866943359375
0,0,0,0,10.884819984436035,23.184616088867188,10.394660949707031
0,0,0,0,10.884787559509277,23.184303283691406,10.394424438476562
0,0,0,0,10.884636878967285,23.183929443359375,10.394111633300781
0,0,0,0,10.88458251953125,23.183549880981445,10.393852233886719
0,0,0,0,10.884465217590332,23.183231353759766,10.393608093261719
0,0,0,0,10.884405136108398,23.1826171875,10.393295288085938
0,0,0,0,10.88433837890625,23.182180404663086,10.393074035644531
0,0,0,0,10.884316444396973,23.181629180908203,10.392852783203125
0,0,0,0,10.884225845336914,23.180870056152344,10.392578125
0,0,0,0,10.884142875671387,23.180212020874023,10.392356872558594
0,0,0,0,10.884062767028809,23.17957305908203,10.392120361328125
0,0,0,0,10.883960723876953,23.178665161132812,10.391777038574219
0,0,0,0,10.883955955505371,23.177976608276367,10.391502380371094
0,0,0,0,10.883923530578613,23.177289962768555,10.391212463378906
0,0,0,0,10.88400936126709,23.17635726928711,10.390838623046875
0,0,0,0,10.884020805358887,23.175718307495117,10.390594482421875
0,0,0,0,10.884127616882324,23.175065994262695,10.390403747558594
0,0,0,0,10.884174346923828,23.174360275268555,10.390243530273438
0,0,0,0,10.884247779846191,23.17380714416504,10.390174865722656
0,0,0,0,10.884190559387207,23.173355102539062,10.390144348144531
0,0,0,0,10.88415241241455,23.172691345214844,10.390151977539062
0,0,0,0,10.884016036987305,23.172304153442383,10.390182495117188
0,0,0,0,10.88393497467041,23.17181968688965,10.390220642089844
0,0,0,0,10.883781433105469,23.171293258666992,10.390289306640625
0,0,0,0,10.883697509765625,23.170860290527344,10.390304565429688
0,0,0,0,10.88359260559082,23.170507431030273,10.390281677246094
0,0,0,0,10.88345718383789,23.170032501220703,10.390235900878906
0,0,0,0,10.883391380310059,23.169755935668945,10.39019775390625
0,0,0,0,10.883251190185547,23.169538497924805,10.390090942382812
0,0,0,0,10.883062362670898,23.169309616088867,10.389884948730469
0,0,0,0,10.882855415344238,23.169261932373047,10.389678955078125
0,0,0,0,10.882729530334473,23.169288635253906,10.389381408691406
0,0,0,0,10.882431983947754,23.16946029663086,10.388900756835938
0,0,0,0,10.882274627685547,23.16959571838379,10.38848876953125
0,0,0,0,10.882047653198242,23.16984748840332,10.388031005859375
0,0,0,0,10.881874084472656,23.17009735107422,10.38739013671875
0,0,0,0,10.881671905517578,23.17034149169922,10.386878967285156
0,0,0,0,10.881534576416016,23.170507431030273,10.386337280273438
0,0,0,0,10.881287574768066,23.17081642150879,10.385574340820312
0,0,0,0,10.881181716918945,23.17095947265625,10.384971618652344
0,0,0,0,10.88107967376709,23.171154022216797,10.3843994140625
0,0,0,0,10.880992889404297,23.17132568359375,10.383735656738281
0,0,0,0,10.880949974060059,23.171466827392578,10.383316040039062
0,0,0,0,10.8809175491333,23.171573638916016,10.382957458496094
0,0,0,0,10.880937576293945,23.17174530029297,10.38262939453125
0,0,0,0,10.880951881408691,23.17184066772461,10.382484436035156
0,0,0,0,10.881072998046875,23.171894073486328,10.382400512695312
0,0,0,0,10.881246566772461,23.171977996826172,10.382354736328125
0,0,0,0,10.881482124328613,23.172000885009766,10.382362365722656
0,0,0,0,10.881647109985352,23.172086715698242,10.382408142089844
0,0,0,0,10.881978034973145,23.172134399414062,10.38250732421875
0,0,0,0,10.882129669189453,23.172237396240234,10.38262939453125
0,0,0,0,10.88235855102539,23.172266006469727,10.382759094238281
0,0,0,0,10.882553100585938,23.17241859436035,10.382972717285156
0,0,0,0,10.882762908935547,23.172483444213867,10.383132934570312
0,0,0,0,10.882898330688477,23.172639846801758,10.383285522460938
0,0,0,0,10.883073806762695,23.172760009765625,10.383476257324219
0,0,0,0,10.883164405822754,23.17291831970215,10.383567810058594
0,0,0,0,10.883241653442383,23.17302894592285,10.383651733398438
0,0,0,0,10.883265495300293,23.173233032226562,10.383743286132812
0,0,0,0,10.883247375488281,23.17336082458496,10.383750915527344
0,0,0,0,10.88326644897461,23.17352867126465,10.383743286132812
0,0,0,0,10.883201599121094,23.17375373840332,10.383750915527344
0,0,0,0,10.883191108703613,23.173892974853516,10.383773803710938
0,0,0,0,10.88310432434082,23.174070358276367,10.383842468261719
0,0,0,0,10.88308334350586,23.174278259277344,10.383995056152344
0,0,0,0,10.883003234863281,23.174518585205078,10.384124755859375
0,0,0,0,10.883015632629395,23.174680709838867,10.384231567382812
0,0,0,0,10.882929801940918,23.174957275390625,10.38433837890625
0,0,0,0,10.882926940917969,23.175081253051758,10.384368896484375
0,0,0,0,10.882834434509277,23.175317764282227,10.384346008300781
0,0,0,0,10.882811546325684,23.1755313873291,10.384223937988281
0,0,0,0,10.882781982421875,23.175743103027344,10.384056091308594
0,0,0,0,10.882822036743164,23.175844192504883,10.383857727050781
0,0,0,0,10.882881164550781,23.176040649414062,10.383529663085938
0,0,0,0,10.882966041564941,23.176109313964844,10.383255004882812
0,0,0,0,10.883090019226074,23.17620086669922,10.38299560546875
0,0,0,0,10.883208274841309,23.176305770874023,10.382667541503906
0,0,0,0,10.88337230682373,23.1763916015625,10.382453918457031
0,0,0,0,10.883487701416016,23.176496505737305,10.38226318359375
0,0,0,0,10.88371467590332,23.176605224609375,10.381988525390625
0,0,0,0,10.883821487426758,23.176753997802734,10.38177490234375
0,0,0,0,10.884057998657227,23.176828384399414,10.38153076171875
0,0,0,0,10.884306907653809,23.177001953125,10.381202697753906
0,0,0,0,10.884587287902832,23.17708969116211,10.380950927734375
0,0,0,0,10.884810447692871,23.177289962768555,10.380729675292969
0,0,0,0,10.885299682617188,23.177520751953125,10.3804931640625
0,0,0,0,10.885640144348145,23.177839279174805,10.380332946777344
0,0,0,0,10.886043548583984,23.1781063079834,10.380172729492188
0,0,0,0,10.88649845123291,23.17859649658203,10.379913330078125
0,0,0,0,10.886837005615234,23.178972244262695,10.379692077636719
0,0,0,0,10.887141227722168,23.179489135742188,10.379440307617188
0,0,0,0,10.887533187866211,23.18016242980957,10.379074096679688
0,0,0,0,10.88782787322998,23.180696487426758,10.378776550292969
0,0,0,0,10.888008117675781,23.181196212768555,10.37847900390625
0,0,0,0,10.888212203979492,23.18186378479004,10.378089904785156
0,0,0,0,10.888249397277832,23.18235206604004,10.377830505371094
0,0,0,0,10.888318061828613,23.18274688720703,10.377578735351562
0,0,0,0,10.888236045837402,23.18327522277832,10.377304077148438
0,0,0,0,10.888192176818848,23.18359375,10.377166748046875
0,0,0,0,10.888040542602539,23.183982849121094,10.377059936523438
0,0,0,0,10.887924194335938,23.18439292907715,10.376991271972656
0,0,0,0,10.887726783752441,23.18478012084961,10.377006530761719
0,0,0,0,10.88759994506836,23.185029983520508,10.377090454101562
0,0,0,0,10.887346267700195,23.185420989990234,10.377243041992188
0,0,0,0,10.887200355529785,23.185588836669922,10.377410888671875
0,0,0,0,10.88701343536377,23.18580436706543,10.377593994140625
0,0,0,0,10.886810302734375,23.186010360717773,10.377845764160156
0,0,0,0,10.886651992797852,23.186206817626953,10.378044128417969
0,0,0,0,10.886481285095215,23.186363220214844,10.378250122070312
0,0,0,0,10.886303901672363,23.186601638793945,10.378555297851562
0,0,0,0,10.886148452758789,23.18680763244629,10.378860473632812
0,0,0,0,10.886054992675781,23.187042236328125,10.379226684570312
0,0,0,0,10.885887145996094,23.18740463256836,10.37982177734375
0,0,0,0,10.885852813720703,23.187646865844727,10.380348205566406
0,0,0,0,10.88575267791748,23.187990188598633,10.3809814453125
0,0,0,0,10.885764122009277,23.188417434692383,10.381904602050781
0,0,0,0,10.885758399963379,23.188806533813477,10.382621765136719
0,0,0,0,10.8858642578125,23.189117431640625,10.383346557617188
0,0,0,0,10.885924339294434,23.189664840698242,10.384361267089844
0,0,0,0,10.886063575744629,23.190006256103516,10.385139465332031
0,0,0,0,10.886160850524902,23.190420150756836,10.385932922363281
0,0,0,0,10.886358261108398,23.19083595275879,10.387008666992188
0,0,0,0,10.886506080627441,23.191144943237305,10.387847900390625
0,0,0,0,10.886666297912598,23.19136619567871,10.388641357421875
0,0,0,0,10.886871337890625,23.19175148010254,10.389625549316406
0,0,0,0,10.88698959350586,23.192039489746094,10.390274047851562
0,0,0,0,10.887131690979004,23.192323684692383,10.390884399414062
0,0,0,0,10.887292861938477,23.192607879638672,10.391716003417969
0,0,0,0,10.887467384338379,23.19277000427246,10.392311096191406
0,0,0,0,10.887550354003906,23.192991256713867,10.392875671386719
0,0,0,0,10.887746810913086,23.19327163696289,10.393562316894531
0,0,0,0,10.887804985046387,23.193531036376953,10.394027709960938
0,0,0,0,10.887957572937012,23.193687438964844,10.394447326660156
0,0,0,0,10.888050079345703,23.19397735595703,10.39495849609375
0,0,0,0,10.888191223144531,23.194108963012695,10.395286560058594
0,0,0,0,10.888253211975098,23.194337844848633,10.395576477050781
0,0,0,0,10.888400077819824,23.194568634033203,10.395904541015625
0,0,0,0,10.88846206665039,23.194820404052734,10.396102905273438
0,0,0,0,10.888581275939941,23.195018768310547,10.396270751953125
0,0,0,0,10.888679504394531,23.19536590576172,10.396469116210938
0,0,0,0,10.888723373413086,23.19556999206543,10.396621704101562
0,0,0,0,10.888753890991211,23.195810317993164,10.396743774414062
0,0,0,0,10.88877010345459,23.1960391998291,10.396827697753906
0,0,0,0,10.888833999633789,23.196170806884766,10.396896362304688
0,0,0,0,10.88882064819336,23.1962833404541,10.39697265625
0,0,0,0,10.888873100280762,23.196346282958984,10.397087097167969
0,0,0,0,10.888877868652344,23.196380615234375,10.397132873535156
0,0,0,0,10.889012336730957,23.19631576538086,10.397193908691406
0,0,0,0,10.889142036437988,23.19623565673828,10.397224426269531
0,0,0,0,10.889336585998535,23.196063995361328,10.397201538085938
0,0,0,0,10.88944149017334,23.195964813232422,10.397163391113281
0,0,0,0,10.889691352844238,23.195703506469727,10.3970947265625
0,0,0,0,10.889847755432129,23.19556999206543,10.397056579589844
0,0,0,0,10.890092849731445,23.195322036743164,10.397026062011719
0,0,0,0,10.890339851379395,23.1950626373291,10.396965026855469
0,0,0,0,10.890534400939941,23.19483184814453,10.396903991699219
0,0,0,0,10.890708923339844,23.194652557373047,10.396865844726562
0,0,0,0,10.890935897827148,23.194320678710938,10.396873474121094
0,0,0,0,10.891085624694824,23.1940860748291,10.396926879882812
0,0,0,0,10.891164779663086,23.193809509277344,10.397003173828125
0,0,0,0,10.891334533691406,23.193437576293945,10.397109985351562
0,0,0,0,10.891409873962402,23.193159103393555,10.397186279296875
0,0,0,0,10.891554832458496,23.192848205566406,10.397270202636719
0,0,0,0,10.89163875579834,23.192468643188477,10.397354125976562
0,0,0,0,10.891777992248535,23.19209861755371,10.397422790527344
0,0,0,0,10.891813278198242,23.191776275634766,10.3974609375
0,0,0,0,10.891971588134766,23.191186904907227,10.397483825683594
0,0,0,0,10.892021179199219,23.190786361694336,10.397491455078125
0,0,0,0,10.892168045043945,23.190265655517578,10.397537231445312
0,0,0,0,10.892293930053711,23.18961524963379,10.397613525390625
0,0,0,0,10.892423629760742,23.18903350830078,10.397666931152344
0,0,0,0,10.892502784729004,23.188508987426758,10.397735595703125
0,0,0,0,10.892666816711426,23.18761444091797,10.397842407226562
0,0,0,0,10.892782211303711,23.186939239501953,10.397911071777344
0,0,0,0,10.892878532409668,23.186155319213867,10.397972106933594
0,0,0,0,10.892988204956055,23.18515396118164,10.3980712890625
0,0,0,0,10.89300537109375,23.18444061279297,10.398162841796875
0,0,0,0,10.893061637878418,23.1837215423584,10.398262023925781
0,0,0,0,10.893054008483887,23.182796478271484,10.398422241210938
0,0,0,0,10.89316177368164,23.182100296020508,10.398574829101562
0,0,0,0,10.893203735351562,23.1815242767334,10.398757934570312
0,0,0,0,10.893380165100098,23.180744171142578,10.399063110351562
0,0,0,0,10.893451690673828,23.180227279663086,10.399314880371094
0,0,0,0,10.893654823303223,23.179651260375977,10.399574279785156
0,0,0,0,10.893815994262695,23.179035186767578,10.39990234375
0,0,0,0,10.8939790725708,23.17847442626953,10.400146484375
0,0,0,0,10.894068717956543,23.17796516418457,10.400390625
0,0,0,0,10.894251823425293,23.177141189575195,10.400642395019531
0,0,0,0,10.894378662109375,23.176532745361328,10.400810241699219
0,0,0,0,10.894487380981445,23.175832748413086,10.400924682617188
0,0,0,0,10.894610404968262,23.174938201904297,10.4010009765625
0,0,0,0,10.894679069519043,23.17420768737793,10.401023864746094
0,0,0,0,10.894792556762695,23.173471450805664,10.400993347167969
0,0,0,0,10.894888877868652,23.172452926635742,10.400909423828125
0,0,0,0,10.895011901855469,23.17164421081543,10.400810241699219
0,0,0,0,10.895048141479492,23.17088508605957,10.400711059570312
0,0,0,0,10.895136833190918,23.169870376586914,10.400619506835938
0,0,0,0,10.895108222961426,23.16917610168457,10.400535583496094
0,0,0,0,10.89514446258545,23.16836929321289,10.400436401367188
0,0,0,0,10.895029067993164,23.167388916015625,10.400314331054688
0,0,0,0,10.894984245300293,23.16657066345215,10.400230407714844
0,0,0,0,10.894835472106934,23.165847778320312,10.400161743164062
0,0,0,0,10.89468002319336,23.1647891998291,10.400093078613281
0,0,0,0,10.894484519958496,23.164058685302734,10.400070190429688
0,0,0,0,10.894243240356445,23.163272857666016,10.40008544921875
0,0,0,0,10.893792152404785,23.162368774414062,10.400123596191406
0,0,0,0,10.893407821655273,23.16168785095215,10.400131225585938
0,0,0,0,10.8930025100708,23.161069869995117,10.400154113769531
0,0,0,0,10.892399787902832,23.16022491455078,10.400192260742188
0,0,0,0,10.891942977905273,23.15964698791504,10.400222778320312
0,0,0,0,10.891395568847656,23.159156799316406,10.400260925292969
0,0,0,0,10.890664100646973,23.158580780029297,10.400299072265625
0,0,0,0,10.890016555786133,23.15828514099121,10.400306701660156
0,0,0,0,10.889426231384277,23.15800666809082,10.400321960449219
0,0,0,0,10.888474464416504,23.15782356262207,10.400314331054688
0,0,0,0,10.88776683807373,23.157724380493164,10.400291442871094
0,0,0,0,10.886938095092773,23.157793045043945,10.400253295898438
0,0,0,0,10.885933876037598,23.157859802246094,10.400169372558594
0,0,0,0,10.885139465332031,23.15803337097168,10.400054931640625
0,0,0,0,10.88437557220459,23.158145904541016,10.399864196777344
0,0,0,0,10.883246421813965,23.15843963623047,10.399581909179688
0,0,0,0,10.88243579864502,23.158639907836914,10.399345397949219
0,0,0,0,10.881608009338379,23.158954620361328,10.399116516113281
0,0,0,0,10.880559921264648,23.159343719482422,10.398788452148438
0,0,0,0,10.87981128692627,23.159666061401367,10.398521423339844
0,0,0,0,10.879036903381348,23.159969329833984,10.398246765136719
0,0,0,0,10.87807846069336,23.16037940979004,10.397895812988281
0,0,0,0,10.87730598449707,23.160676956176758,10.397636413574219
0,0,0,0,10.876644134521484,23.160945892333984,10.397384643554688
0,0,0,0,10.875678062438965,23.161298751831055,10.39703369140625
0,0,0,0,10.8750638961792,23.161497116088867,10.396781921386719
0,0,0,0,10.87439250946045,23.161775588989258,10.396514892578125
0,0,0,0,10.873639106750488,23.162059783935547,10.396072387695312
0,0,0,0,10.873018264770508,23.162311553955078,10.395683288574219
0,0,0,0,10.872467994689941,23.162445068359375,10.395278930664062
0,0,0,0,10.871617317199707,23.162677764892578,10.394721984863281
0,0,0,0,10.871041297912598,23.16274642944336,10.394317626953125
0,0,0,0,10.870393753051758,23.1628360748291,10.3939208984375
0,0,0,0,10.869529724121094,23.16278839111328,10.393363952636719
0,0,0,0,10.868901252746582,23.16272735595703,10.3929443359375
0,0,0,0,10.86825180053711,23.162517547607422,10.39251708984375
0,0,0,0,10.867393493652344,23.162185668945312,10.391960144042969
0,0,0,0,10.866693496704102,23.161895751953125,10.3914794921875
0,0,0,0,10.866065979003906,23.16155242919922,10.391014099121094
0,0,0,0,10.865191459655762,23.161022186279297,10.3905029296875
0,0,0,0,10.8646879196167,23.160551071166992,10.390213012695312
0,0,0,0,10.864161491394043,23.16008186340332,10.389968872070312
0,0,0,0,10.863601684570312,23.159318923950195,10.389739990234375
0,0,0,0,10.863166809082031,23.15876007080078,10.389671325683594
0,0,0,0,10.862881660461426,23.158100128173828,10.389686584472656
0,0,0,0,10.862481117248535,23.157337188720703,10.389793395996094
0,0,0,0,10.862277030944824,23.156742095947266,10.389900207519531
0,0,0,0,10.862060546875,23.156286239624023,10.390007019042969
0,0,0,0,10.861876487731934,23.1556453704834,10.390167236328125
0,0,0,0,10.86175537109375,23.155292510986328,10.390296936035156
0,0,0,0,10.861684799194336,23.154926300048828,10.390434265136719
0,0,0,0,10.861635208129883,23.154541015625,10.390602111816406
0,0,0,0,10.861595153808594,23.154321670532227,10.390708923339844
0,0,0,0,10.861613273620605,23.15422248840332,10.39080810546875
0,0,0,0,10.86158275604248,23.154172897338867,10.390899658203125
0,0,0,0,10.861601829528809,23.154199600219727,10.390853881835938
0,0,0,0,10.861510276794434,23.15432357788086,10.390739440917969
0,0,0,0,10.861431121826172,23.154516220092773,10.390426635742188
0,0,0,0,10.86126708984375,23.154726028442383,10.390129089355469
0,0,0,0,10.861129760742188,23.15488052368164,10.389808654785156
0,0,0,0,10.860747337341309,23.15517234802246,10.389312744140625
0,0,0,0,10.860489845275879,23.15534019470215,10.388908386230469
0,0,0,0,10.860123634338379,23.155620574951172,10.388496398925781
0,0,0,0,10.859698295593262,23.155906677246094,10.388038635253906
0,0,0,0,10.859314918518066,23.15619659423828,10.387725830078125
0,0,0,0,10.858972549438477,23.156417846679688,10.387451171875
0,0,0,0,10.858512878417969,23.15681266784668,10.387077331542969
0,0,0,0,10.858175277709961,23.157060623168945,10.3868408203125
0,0,0,0,10.857836723327637,23.157386779785156,10.386611938476562
0,0,0,0,10.857381820678711,23.15778350830078,10.386337280273438
0,0,0,0,10.857088088989258,23.1580867767334,10.386177062988281
0,0,0,0,10.856719970703125,23.158403396606445,10.386001586914062
0,0,0,0,10.856253623962402,23.158815383911133,10.385772705078125
0,0,0,0,10.855847358703613,23.159160614013672,10.385581970214844
0,0,0,0,10.855562210083008,23.159456253051758,10.385406494140625
0,0,0,0,10.855145454406738,23.159914016723633,10.385238647460938
0,0,0,0,10.854954719543457,23.16021728515625,10.385139465332031
0,0,0,0,10.854722023010254,23.160625457763672,10.385093688964844
0,0,0,0,10.854639053344727,23.16107749938965,10.385086059570312
0,0,0,0,10.854625701904297,23.161483764648438,10.385078430175781
0,0,0,0,10.854743957519531,23.161806106567383,10.385086059570312
0,0,0,0,10.854911804199219,23.162342071533203,10.385147094726562
0,0,0,0,10.855114936828613,23.162660598754883,10.38525390625
0,0,0,0,10.855358123779297,23.163042068481445,10.385406494140625
0,0,0,0,10.855774879455566,23.163532257080078,10.385704040527344
0,0,0,0,10.856161117553711,23.163944244384766,10.385955810546875
0,0,0,0,10.856546401977539,23.16433334350586,10.386238098144531
0,0,0,0,10.857147216796875,23.164838790893555,10.386680603027344
0,0,0,0,10.857563018798828,23.16522979736328,10.38702392578125
0,0,0,0,10.858097076416016,23.16558265686035,10.387351989746094
0,0,0,0,10.858725547790527,23.166112899780273,10.387786865234375
0,0,0,0,10.85926342010498,23.16649055480957,10.388107299804688
0,0,0,0,10.859697341918945,23.166942596435547,10.388427734375
0,0,0,0,10.860360145568848,23.167469024658203,10.388816833496094
0,0,0,0,10.860746383666992,23.16793441772461,10.389060974121094
0,0,0,0,10.861178398132324,23.168312072753906,10.389266967773438
0,0,0,0,10.861627578735352,23.16889762878418,10.389533996582031
0,0,0,0,10.86201000213623,23.169307708740234,10.389724731445312
0,0,0,0,10.862334251403809,23.169816970825195,10.389900207519531
0,0,0,0,10.862815856933594,23.170421600341797,10.390098571777344
0,0,0,0,10.863213539123535,23.170902252197266,10.390213012695312
0,0,0,0,10.863632202148438,23.171327590942383,10.390312194824219
0,0,0,0,10.864197731018066,23.17197036743164,10.390403747558594
0,0,0,0,10.864572525024414,23.172452926635742,10.390449523925781
0,0,0,0,10.864982604980469,23.17291831970215,10.390457153320312
0,0,0,0,10.865482330322266,23.173540115356445,10.390457153320312
0,0,0,0,10.865967750549316,23.1739559173584,10.390480041503906
0,0,0,0,10.866416931152344,23.17439079284668,10.3905029296875
0,0,0,0,10.867201805114746,23.174869537353516,10.390617370605469
0,0,0,0,10.867728233337402,23.175281524658203,10.390731811523438
0,0,0,0,10.868368148803711,23.175622940063477,10.390876770019531
0,0,0,0,10.869157791137695,23.176136016845703,10.391151428222656
0,0,0,0,10.869789123535156,23.176408767700195,10.391403198242188
0,0,0,0,10.870361328125,23.176759719848633,10.391677856445312
0,0,0,0,10.871220588684082,23.177127838134766,10.392059326171875
0,0,0,0,10.871869087219238,23.17744255065918,10.392318725585938
0,0,0,0,10.872525215148926,23.177709579467773,10.392547607421875
0,0,0,0,10.87337875366211,23.178115844726562,10.392730712890625
0,0,0,0,10.873993873596191,23.178356170654297,10.392822265625
0,0,0,0,10.874653816223145,23.178560256958008,10.392890930175781
0,0,0,0,10.875468254089355,23.178752899169922,10.392936706542969
0,0,0,0,10.876165390014648,23.1788272857666,10.392906188964844
0,0,0,0,10.876770973205566,23.178871154785156,10.392860412597656
0,0,0,0,10.877626419067383,23.178857803344727,10.392730712890625
0,0,0,0,10.878167152404785,23.17887306213379,10.392593383789062
0,0,0,0,10.878753662109375,23.178791046142578,10.392448425292969
0,0,0,0,10.879358291625977,23.178691864013672,10.392181396484375
0,0,0,0,10.879833221435547,23.17852783203125,10.391929626464844
0,0,0,0,10.88016128540039,23.178449630737305,10.391624450683594
0,0,0,0,10.88060188293457,23.17827033996582,10.391189575195312
0,0,0,0,10.880859375,23.178211212158203,10.390884399414062
0,0,0,0,10.881196975708008,23.178077697753906,10.390609741210938
0,0,0,0,10.881654739379883,23.178003311157227,10.390312194824219
0,0,0,0,10.88195514678955,23.17790412902832,10.39013671875
0,0,0,0,10.882253646850586,23.177867889404297,10.389991760253906
0,0,0,0,10.882615089416504,23.177846908569336,10.389839172363281
0,0,0,0,10.882929801940918,23.1778621673584,10.389755249023438
0,0,0,0,10.883161544799805,23.177885055541992,10.389701843261719
0,0,0,0,10.883475303649902,23.17790412902832,10.389701843261719
0,0,0,0,10.883624076843262,23.177993774414062,10.389778137207031
0,0,0,0,10.883811950683594,23.178064346313477,10.389961242675781
0,0,0,0,10.883957862854004,23.178226470947266,10.390327453613281
0,0,0,0,10.884129524230957,23.178268432617188,10.39068603515625
0,0,0,0,10.88421630859375,23.17840576171875,10.391098022460938
0,0,0,0,10.884445190429688,23.17850112915039,10.391761779785156
0,0,0,0,10.884563446044922,23.178682327270508,10.392333984375
0,0,0,0,10.884746551513672,23.178770065307617,10.392936706542969
0,0,0,0,10.884918212890625,23.178916931152344,10.393661499023438
0,0,0,0,10.885113716125488,23.178939819335938,10.394134521484375
0,0,0,0,10.885292053222656,23.17897605895996,10.394493103027344
0,0,0,0,10.885542869567871,23.178926467895508,10.394859313964844
0,0,0,0,10.88576889038086,23.178911209106445,10.395095825195312
0,0,0,0,10.886007308959961,23.178869247436523,10.395256042480469
0,0,0,0,10.886384963989258,23.178802490234375,10.395355224609375
0,0,0,0,10.886640548706055,23.178741455078125,10.395393371582031
0,0,0,0,10.887032508850098,23.178646087646484,10.395408630371094
0,0,0,0,10.887494087219238,23.178543090820312,10.395401000976562
0,0,0,0,10.88796615600586,23.178388595581055,10.3953857421875
0,0,0,0,10.888384819030762,23.17826271057129,10.395362854003906
0,0,0,0,10.889082908630371,23.177997589111328,10.39532470703125
0,0,0,0,10.889545440673828,23.17788314819336,10.395309448242188
0,0,0,0,10.890068054199219,23.177705764770508,10.395294189453125
0,0,0,0,10.890706062316895,23.177600860595703,10.395240783691406
0,0,0,0,10.89124870300293,23.177490234375,10.395187377929688
0,0,0,0,10.89173698425293,23.177478790283203,10.395126342773438
0,0,0,0,10.892414093017578,23.177417755126953,10.39508056640625
0,0,0,0,10.892911911010742,23.177446365356445,10.395027160644531
0,0,0,0,10.893399238586426,23.177448272705078,10.394989013671875
0,0,0,0,10.894046783447266,23.177499771118164,10.394973754882812
0,0,0,0,10.894479751586914,23.177522659301758,10.394996643066406
0,0,0,0,10.894956588745117,23.177522659301758,10.395042419433594
0,0,0,0,10.895450592041016,23.177520751953125,10.395126342773438
0,0,0,0,10.895837783813477,23.177492141723633,10.395233154296875
0,0,0,0,10.896099090576172,23.17750358581543,10.3953857421875
0,0,0,0,10.89648723602295,23.17748260498047,10.3956298828125
0,0,0,0,10.896625518798828,23.17753791809082,10.395820617675781
0,0,0,0,10.896791458129883,23.17752456665039,10.395980834960938
0,0,0,0,10.896821975708008,23.177690505981445,10.3961181640625
0,0,0,0,10.896831512451172,23.177818298339844,10.39617919921875
0,0,0,0,10.896713256835938,23.178058624267578,10.396255493164062
0,0,0,0,10.896563529968262,23.17824363708496,10.396369934082031
0,0,0,0,10.896398544311523,23.17844581604004,10.396430969238281
0,0,0,0,10.896227836608887,23.178552627563477,10.39642333984375
0,0,0,0,10.89591121673584,23.17873191833496,10.396369934082031
0,0,0,0,10.895608901977539,23.178813934326172,10.396286010742188
0,0,0,0,10.895320892333984,23.17887306213379,10.396163940429688
0,0,0,0,10.89490032196045,23.178857803344727,10.3955078125
0,0,0,0,10.894588470458984,23.1788387298584,10.393135070800781
0,0,0,0,10.894149780273438,23.178800582885742,10.388839721679688
0,0,0,0,10.89356803894043,23.178661346435547,10.380111694335938
0,0,0,0,10.892990112304688,23.17859649658203,10.371345520019531
0,0,0,0,10.892476081848145,23.178442001342773,10.360862731933594
0,0,0,0,10.89161491394043,23.178264617919922,10.344337463378906
0,0,0,0,10.890974998474121,23.17801856994629,10.330192565917969
0,0,0,0,10.890203475952148,23.177833557128906,10.31463623046875
0,0,0,0,10.889260292053223,23.177448272705078,10.292549133300781
0,0,0,0,10.888522148132324,23.177162170410156,10.275344848632812
0,0,0,0,10.88790512084961,23.17670249938965,10.257789611816406
0,0,0,0,10.887286186218262,23.175992965698242,10.234275817871094
0,0,0,0,10.88701343536377,23.17528533935547,10.216842651367188
0,0,0,0,10.886940002441406,23.174468994140625,10.199882507324219
0,0,0,0,10.887259483337402,23.17304039001465,10.17822265625
0,0,0,0,10.88815689086914,23.171293258666992,10.157852172851562
0,0,0,0,10.88876724243164,23.170284271240234,10.148170471191406
0,0,0,0,10.890666961669922,23.16782569885254,10.129898071289062
0,0,0,0,10.892557144165039,23.165672302246094,10.117218017578125
0,0,0,0,10.894957542419434,23.16318702697754,10.105392456054688
0,0,0,0,10.898750305175781,23.159465789794922,10.090888977050781
0,0,0,0,10.902174949645996,23.156213760375977,10.080917358398438
0,0,0,0,10.905939102172852,23.152706146240234,10.071708679199219
0,0,0,0,10.911827087402344,23.147350311279297,10.060630798339844
0,0,0,0,10.916764259338379,23.14295768737793,10.053115844726562
0,0,0,0,10.922290802001953,23.138046264648438,10.046188354492188
0,0,0,0,10.930487632751465,23.130821228027344,10.037651062011719
0,0,0,0,10.937360763549805,23.124738693237305,10.031745910644531
0,0,0,0,10.944881439208984,23.11817169189453,10.026222229003906
0,0,0,0,10.955958366394043,23.108491897583008,10.019279479980469
0,0,0,0,10.965023040771484,23.100601196289062,10.014350891113281
0,0,0,0,10.974688529968262,23.092117309570312,10.009590148925781
0,0,0,0,10.988525390625,23.08002471923828,10.003501892089844
0,0,0,0,10.99953842163086,23.07044792175293,9.999176025390625
0,0,0,0,11.011173248291016,23.06043815612793,9.995025634765625
0,0,0,0,11.027341842651367,23.04649543762207,9.989799499511719
0,0,0,0,11.040074348449707,23.035499572753906,9.986053466796875
0,0,0,0,11.053150177001953,23.024152755737305,9.982467651367188
0,0,0,0,11.071365356445312,23.008289337158203,9.977943420410156
0,0,0,0,11.08549690246582,22.995946884155273,9.974723815917969
0,0,0,0,11.100207328796387,22.983043670654297,9.971641540527344
0,0,0,0,11.120516777038574,22.965234756469727,9.967880249023438
0,0,0,0,11.136428833007812,22.95119285583496,9.965194702148438
0,0,0,0,11.152913093566895,22.93663787841797,9.962608337402344
0,0,0,0,11.176004409790039,22.916229248046875,9.959266662597656
0,0,0,0,11.194148063659668,22.90021324157715,9.956817626953125
0,0,0,0,11.21302318572998,22.883527755737305,9.954391479492188
0,0,0,0,11.239364624023438,22.860382080078125,9.951225280761719
0,0,0,0,11.260031700134277,22.842241287231445,9.948867797851562
0,0,0,0,11.28164005279541,22.823333740234375,9.946510314941406
0,0,0,0,11.311823844909668,22.796918869018555,9.943435668945312
0,0,0,0,11.335604667663574,22.77616310119629,9.941123962402344
0,0,0,0,11.360252380371094,22.754634857177734,9.938827514648438
0,0,0,0,11.394737243652344,22.72460174560547,9.935783386230469
0,0,0,0,11.421666145324707,22.701181411743164,9.933555603027344
0,0,0,0,11.449692726135254,22.676876068115234,9.931365966796875
0,0,0,0,11.488483428955078,22.643312454223633,9.9285888671875
0,0,0,0,11.51873779296875,22.617111206054688,9.926597595214844
0,0,0,0,11.54983901977539,22.590253829956055,9.924751281738281
0,0,0,0,11.592717170715332,22.55323600769043,9.9224853515625
0,0,0,0,11.625798225402832,22.524694442749023,9.920890808105469
0,0,0,0,11.659722328186035,22.49538803100586,9.919349670410156
0,0,0,0,11.706189155578613,22.455307006835938,9.91741943359375
0,0,0,0,11.741874694824219,22.424514770507812,9.91607666015625
0,0,0,0,11.778264045715332,22.39318084716797,9.914840698242188
0,0,0,0,11.82779598236084,22.350444793701172,9.913261413574219
0,0,0,0,11.865777015686035,22.31772232055664,9.912117004394531
0,0,0,0,11.904298782348633,22.284515380859375,9.911033630371094
0,0,0,0,11.956589698791504,22.239492416381836,9.909751892089844
0,0,0,0,11.99628734588623,22.20524787902832,9.908889770507812
0,0,0,0,12.036567687988281,22.17049789428711,9.908058166503906
0,0,0,0,12.090873718261719,22.123645782470703,9.906997680664062
0,0,0,0,12.132158279418945,22.088037490844727,9.906272888183594
0,0,0,0,12.173776626586914,22.052188873291016,9.905624389648438
0,0,0,0,12.229867935180664,22.003887176513672,9.904823303222656
0,0,0,0,12.272154808044434,21.967548370361328,9.904312133789062
0,0,0,0,12.314640998840332,21.93104362487793,9.903938293457031
0,0,0,0,12.371406555175781,21.882278442382812,9.903587341308594
0,0,0,0,12.414155960083008,21.845481872558594,9.903396606445312
0,0,0,0,12.457013130187988,21.80864143371582,9.903266906738281
0,0,0,0,12.51432991027832,21.759305953979492,9.903175354003906
0,0,0,0,12.55746078491211,21.72222328186035,9.903121948242188
0,0,0,0,12.600601196289062,21.685070037841797,9.903076171875
0,0,0,0,12.658275604248047,21.635456085205078,9.903007507324219
0,0,0,0,12.701525688171387,21.59825325012207,9.902923583984375
0,0,0,0,12.744839668273926,21.5610408782959,9.902816772460938
0,0,0,0,12.802324295043945,21.51167106628418,9.902679443359375
0,0,0,0,12.845340728759766,21.47475814819336,9.902587890625
0,0,0,0,12.888148307800293,21.438024520874023,9.902496337890625
0,0,0,0,12.945192337036133,21.38908576965332,9.902305603027344
0,0,0,0,12.987788200378418,21.35254669189453,9.902137756347656
0,0,0,0,13.030401229858398,21.31596565246582,9.90191650390625
0,0,0,0,13.087063789367676,21.2673282623291,9.901580810546875
0,0,0,0,13.129463195800781,21.230915069580078,9.901351928710938
0,0,0,0,13.171725273132324,21.194738388061523,9.901153564453125
0,0,0,0,13.227826118469238,21.146738052368164,9.900871276855469
0,0,0,0,13.269572257995605,21.111112594604492,9.900741577148438
0,0,0,0,13.311027526855469,21.07575225830078,9.900657653808594
0,0,0,0,13.365991592407227,21.028972625732422,9.9005126953125
0,0,0,0,13.406972885131836,20.994142532348633,9.900360107421875
0,0,0,0,13.447903633117676,20.959421157836914,9.900169372558594
0,0,0,0,13.502213478088379,20.91339111328125,9.899833679199219
0,0,0,0,13.542766571044922,20.879108428955078,9.899566650390625
0,0,0,0,13.582964897155762,20.845170974731445,9.899375915527344
0,0,0,0,13.636454582214355,20.800067901611328,9.899131774902344
0,0,0,0,13.676477432250977,20.76630973815918,9.898910522460938
0,0,0,0,13.716667175292969,20.73243522644043,9.898651123046875
0,0,0,0,13.770320892333984,20.68732261657715,9.898208618164062
0,0,0,0,13.810677528381348,20.65336799621582,9.897811889648438
0,0,0,0,13.851094245910645,20.619403839111328,9.897369384765625
0,0,0,0,13.905278205871582,20.573816299438477,9.896682739257812
0,0,0,0,13.946056365966797,20.53957748413086,9.896141052246094
0,0,0,0,13.986963272094727,20.505212783813477,9.895622253417969
0,0,0,0,14.041716575622559,20.45927619934082,9.894905090332031
0,0,0,0,14.082967758178711,20.424625396728516,9.894309997558594
0,0,0,0,14.124469757080078,20.389827728271484,9.8936767578125
0,0,0,0,14.180034637451172,20.34319496154785,9.892860412597656
0,0,0,0,14.221960067749023,20.30801773071289,9.892265319824219
0,0,0,0,14.263936042785645,20.27276039123535,9.891685485839844
0,0,0,0,14.320235252380371,20.22542953491211,9.890914916992188
0,0,0,0,14.362465858459473,20.189870834350586,9.890350341796875
0,0,0,0,14.404829978942871,20.1541748046875,9.889823913574219
0,0,0,0,14.46127986907959,20.106550216674805,9.88916015625
0,0,0,0,14.50374984741211,20.070674896240234,9.888702392578125
0,0,0,0,14.546213150024414,20.03484535217285,9.888259887695312
0,0,0,0,14.602949142456055,19.98689079284668,9.887619018554688
0,0,0,0,14.645439147949219,19.951025009155273,9.887153625488281
0,0,0,0,14.687921524047852,19.915145874023438,9.886787414550781
0,0,0,0,14.744449615478516,19.867433547973633,9.886367797851562
0,0,0,0,14.786758422851562,19.831642150878906,9.886039733886719
0,0,0,0,14.829035758972168,19.795902252197266,9.885688781738281
0,0,0,0,14.885321617126465,19.7482967376709,9.885223388671875
0,0,0,0,14.927550315856934,19.71262550354004,9.884841918945312
0,0,0,0,14.969700813293457,19.67699432373047,9.884437561035156
0,0,0,0,15.025968551635742,19.629497528076172,9.883880615234375
0,0,0,0,15.068072319030762,19.593915939331055,9.883438110351562
0,0,0,0,15.110283851623535,19.558250427246094,9.882942199707031
0,0,0,0,15.166492462158203,19.510772705078125,9.88226318359375
0,0,0,0,15.208741188049316,19.475109100341797,9.881698608398438
0,0,0,0,15.250906944274902,19.439626693725586,9.881111145019531
0,0,0,0,15.30721378326416,19.39231300354004,9.880317687988281
0,0,0,0,15.349403381347656,19.356901168823242,9.879692077636719
0,0,0,0,15.391674041748047,19.321401596069336,9.879020690917969
0,0,0,0,15.44793701171875,19.274250030517578,9.87811279296875
0,0,0,0,15.490123748779297,19.238901138305664,9.877403259277344
0,0,0,0,15.532322883605957,19.203567504882812,9.876708984375
0,0,0,0,15.58860969543457,19.156402587890625,9.875747680664062
0,0,0,0,15.630819320678711,19.121156692504883,9.875015258789062
0,0,0,0,15.672886848449707,19.086044311523438,9.874305725097656
0,0,0,0,15.728869438171387,19.039451599121094,9.873443603515625
0,0,0,0,15.770628929138184,19.0047607421875,9.872901916503906
0,0,0,0,15.81236743927002,18.970172882080078,9.872428894042969
0,0,0,0,15.867830276489258,18.92422103881836,9.871795654296875
0,0,0,0,15.90941047668457,18.88985252380371,9.871368408203125
0,0,0,0,15.950814247131348,18.855735778808594,9.871009826660156
0,0,0,0,16.006019592285156,18.810422897338867,9.870498657226562
0,0,0,0,16.04717445373535,18.776798248291016,9.870132446289062
0,0,0,0,16.08814239501953,18.743423461914062,9.869865417480469
0,0,0,0,16.142351150512695,18.699466705322266,9.869598388671875
0,0,0,0,16.182893753051758,18.666702270507812,9.86944580078125
0,0,0,0,16.223369598388672,18.63416862487793,9.869338989257812
0,0,0,0,16.277427673339844,18.590856552124023,9.869194030761719
0,0,0,0,16.318096160888672,18.558488845825195,9.869117736816406
0,0,0,0,16.35887336730957,18.5261173248291,9.869071960449219
0,0,0,0,16.41354751586914,18.482919692993164,9.868942260742188
0,0,0,0,16.454792022705078,18.45042610168457,9.868782043457031
0,0,0,0,16.496356964111328,18.4178524017334,9.868560791015625
0,0,0,0,16.5519962310791,18.374408721923828,9.868263244628906
0,0,0,0,16.594005584716797,18.341758728027344,9.868057250976562
0,0,0,0,16.636079788208008,18.309194564819336,9.867874145507812
0,0,0,0,16.692485809326172,18.265708923339844,9.867637634277344
0,0,0,0,16.73480796813965,18.233196258544922,9.867485046386719
0,0,0,0,16.777307510375977,18.200611114501953,9.867347717285156
0,0,0,0,16.83402442932129,18.157278060913086,9.867179870605469
0,0,0,0,16.876684188842773,18.124736785888672,9.867050170898438
0,0,0,0,16.919330596923828,18.092348098754883,9.866950988769531
0,0,0,0,16.976226806640625,18.049137115478516,9.866889953613281
0,0,0,0,17.018892288208008,18.016794204711914,9.866859436035156
0,0,0,0,17.061573028564453,17.984416961669922,9.866836547851562
0,0,0,0,17.11849594116211,17.94135093688965,9.866813659667969
0,0,0,0,17.16117286682129,17.90903091430664,9.866844177246094
0,0,0,0,17.20396614074707,17.87669563293457,9.866874694824219
0,0,0,0,17.261133193969727,17.833446502685547,9.8668212890625
0,0,0,0,17.304136276245117,17.800947189331055,9.86676025390625
0,0,0,0,17.34701156616211,17.768545150756836,9.866691589355469
0,0,0,0,17.40413475036621,17.725339889526367,9.866569519042969
0,0,0,0,17.446762084960938,17.693086624145508,9.866447448730469
0,0,0,0,17.48932456970215,17.660856246948242,9.866310119628906
0,0,0,0,17.545684814453125,17.61821746826172,9.866096496582031
0,0,0,0,17.587825775146484,17.586322784423828,9.865959167480469
0,0,0,0,17.629756927490234,17.554609298706055,9.865806579589844
0,0,0,0,17.685617446899414,17.51233673095703,9.865623474121094
0,0,0,0,17.72751808166504,17.480712890625,9.865432739257812
0,0,0,0,17.76943016052246,17.449066162109375,9.865234375
0,0,0,0,17.82517433166504,17.40715980529785,9.865097045898438
0,0,0,0,17.86702537536621,17.37567710876465,9.864974975585938
0,0,0,0,17.908954620361328,17.34420394897461,9.864814758300781
0,0,0,0,17.96478271484375,17.30240249633789,9.864631652832031
0,0,0,0,18.006620407104492,17.27120018005371,9.864639282226562
0,0,0,0,18.048397064208984,17.239988327026367,9.864700317382812
0,0,0,0,18.104347229003906,17.198232650756836,9.864761352539062
0,0,0,0,18.146366119384766,17.166967391967773,9.864822387695312
0,0,0,0,18.188522338867188,17.135683059692383,9.864906311035156
0,0,0,0,18.24472427368164,17.094045639038086,9.865013122558594
0,0,0,0,18.287012100219727,17.062801361083984,9.8651123046875
0,0,0,0,18.329227447509766,17.031719207763672,9.865249633789062
0,0,0,0,18.38569450378418,16.990201950073242,9.865440368652344
0,0,0,0,18.428096771240234,16.959157943725586,9.865554809570312
0,0,0,0,18.470518112182617,16.928131103515625,9.865684509277344
0,0,0,0,18.526853561401367,16.88719367980957,9.865943908691406
0,0,0,0,18.568981170654297,16.856616973876953,9.866165161132812
0,0,0,0,18.61102294921875,16.826236724853516,9.86639404296875
0,0,0,0,18.66693878173828,16.785924911499023,9.866737365722656
0,0,0,0,18.708812713623047,16.75583839416504,9.867034912109375
0,0,0,0,18.75056266784668,16.72576904296875,9.867355346679688
0,0,0,0,18.806236267089844,16.685699462890625,9.867767333984375
0,0,0,0,18.84795570373535,16.65569305419922,9.868095397949219
0,0,0,0,18.88981819152832,16.625654220581055,9.868446350097656
0,0,0,0,18.945653915405273,16.58563232421875,9.868873596191406
0,0,0,0,18.98772621154785,16.55548858642578,9.869194030761719
0,0,0,0,19.02983283996582,16.525381088256836,9.869483947753906
0,0,0,0,19.08626937866211,16.48512077331543,9.869773864746094
0,0,0,0,19.128599166870117,16.455018997192383,9.870018005371094
0,0,0,0,19.171070098876953,16.424846649169922,9.8702392578125
0,0,0,0,19.227754592895508,16.384679794311523,9.870491027832031
0,0,0,0,19.270458221435547,16.354442596435547,9.870697021484375
0,0,0,0,19.313302993774414,16.32423210144043,9.870948791503906
0,0,0,0,19.37076759338379,16.283729553222656,9.871322631835938
0,0,0,0,19.413997650146484,16.25341796875,9.871627807617188
0,0,0,0,19.45720100402832,16.223161697387695,9.871986389160156
0,0,0,0,19.514829635620117,16.18294334411621,9.87249755859375
0,0,0,0,19.55805015563965,16.15276527404785,9.8729248046875
0,0,0,0,19.60145378112793,16.12249755859375,9.873374938964844
0,0,0,0,19.659421920776367,16.082054138183594,9.873908996582031
0,0,0,0,19.70305824279785,16.051645278930664,9.874275207519531
0,0,0,0,19.746728897094727,16.021240234375,9.874610900878906
0,0,0,0,19.80533790588379,15.980484962463379,9.87493896484375
0,0,0,0,19.849407196044922,15.949934959411621,9.875144958496094
0,0,0,0,19.893693923950195,15.919273376464844,9.875267028808594
0,0,0,0,19.952821731567383,15.878486633300781,9.875335693359375
0,0,0,0,19.997270584106445,15.84788990020752,9.875335693359375
0,0,0,0,20.04166603088379,15.817448616027832,9.875297546386719
0,0,0,0,20.10088539123535,15.776838302612305,9.87518310546875
0,0,0,0,20.14520835876465,15.746540069580078,9.8751220703125
0,0,0,0,20.18954086303711,15.7162504196167,9.875091552734375
0,0,0,0,20.24875831604004,15.675920486450195,9.874977111816406
0,0,0,0,20.293163299560547,15.64570426940918,9.874885559082031
0,0,0,0,20.337553024291992,15.615604400634766,9.874801635742188
0,0,0,0,20.396575927734375,15.575677871704102,9.874740600585938
0,0,0,0,20.440853118896484,15.545828819274902,9.874748229980469
0,0,0,0,20.48502540588379,15.51610279083252,9.874755859375
0,0,0,0,20.54400062561035,15.476495742797852,9.874717712402344
0,0,0,0,20.588167190551758,15.44693374633789,9.874679565429688
0,0,0,0,20.63243293762207,15.417365074157715,9.874671936035156
0,0,0,0,20.691390991210938,15.378074645996094,9.874687194824219
0,0,0,0,20.7357177734375,15.348551750183105,9.87469482421875
0,0,0,0,20.77999496459961,15.319153785705566,9.874656677246094
0,0,0,0,20.839130401611328,15.279850006103516,9.874534606933594
0,0,0,0,20.883438110351562,15.25048542022705,9.874412536621094
0,0,0,0,20.92780303955078,15.221126556396484,9.874267578125
0,0,0,0,20.987031936645508,15.182156562805176,9.874008178710938
0,0,0,0,21.03151512145996,15.152984619140625,9.873779296875
0,0,0,0,21.076045989990234,15.123943328857422,9.873542785644531
0,0,0,0,21.13545799255371,15.085294723510742,9.873176574707031
0,0,0,0,21.180139541625977,15.056340217590332,9.87286376953125
0,0,0,0,21.224889755249023,15.027429580688477,9.87249755859375
0,0,0,0,21.284902572631836,14.98893928527832,9.871879577636719
0,0,0,0,21.3299503326416,14.960232734680176,9.871383666992188
0,0,0,0,21.37512969970703,14.93154525756836,9.870872497558594
0,0,0,0,21.435312271118164,14.893509864807129,9.870231628417969
0,0,0,0,21.480567932128906,14.865080833435059,9.86981201171875
0,0,0,0,21.525754928588867,14.836823463439941,9.869415283203125
0,0,0,0,21.586288452148438,14.79912281036377,9.868812561035156
0,0,0,0,21.631786346435547,14.770983695983887,9.868331909179688
0,0,0,0,21.677391052246094,14.742860794067383,9.867889404296875
0,0,0,0,21.738245010375977,14.705559730529785,9.867393493652344
0,0,0,0,21.784021377563477,14.677550315856934,9.866943359375
0,0,0,0,21.829843521118164,14.649666786193848,9.866485595703125
0,0,0,0,21.890850067138672,14.61268138885498,9.866035461425781
0,0,0,0,21.936561584472656,14.585068702697754,9.865768432617188
0,0,0,0,21.982227325439453,14.557451248168945,9.865493774414062
0,0,0,0,22.043241500854492,14.520655632019043,9.865089416503906
0,0,0,0,22.104232788085938,14.484006881713867,9.86468505859375
0,0,0,0,22.13481903076172,14.465666770935059,9.864479064941406
0,0,0,0,22.19597053527832,14.429110527038574,9.864082336425781
0,0,0,0,22.241975784301758,14.401698112487793,9.863792419433594
0,0,0,0,22.28789520263672,14.374445915222168,9.863533020019531
0,0,0,0,22.349172592163086,14.338205337524414,9.863250732421875
0,0,0,0,22.39499282836914,14.311236381530762,9.863121032714844
0,0,0,0,22.44087791442871,14.284247398376465,9.863021850585938
0,0,0,0,22.501951217651367,14.248550415039062,9.862983703613281
0,0,0,0,22.54779624938965,14.221855163574219,9.86297607421875
0,0,0,0,22.593595504760742,14.195330619812012,9.863006591796875
0,0,0,0,22.65475845336914,14.159972190856934,9.863151550292969
0,0,0,0,22.70079803466797,14.133492469787598,9.863258361816406
0,0,0,0,22.7469425201416,14.107019424438477,9.863327026367188
0,0,0,0,22.808549880981445,14.071925163269043,9.863410949707031
0,0,0,0,22.854665756225586,14.045754432678223,9.863525390625
0,0,0,0,22.900827407836914,14.019681930541992,9.863693237304688
0,0,0,0,22.96225357055664,13.985102653503418,9.863914489746094
0,0,0,0,23.00836944580078,13.959248542785645,9.864097595214844
0,0,0,0,23.054349899291992,13.93356704711914,9.864280700683594
0,0,0,0,23.115541458129883,13.899503707885742,9.864585876464844
0,0,0,0,23.161121368408203,13.874267578125,9.864990234375
0,0,0,0,23.206689834594727,13.8490629196167,9.865432739257812
0,0,0,0,23.26743507385254,13.815594673156738,9.865913391113281
0,0,0,0,23.313016891479492,13.79057788848877,9.866218566894531
0,0,0,0,23.358322143554688,13.765881538391113,9.866508483886719
0,0,0,0,23.418359756469727,13.733207702636719,9.867073059082031
0,0,0,0,23.46315574645996,13.708910942077637,9.867485046386719
0,0,0,0,23.507883071899414,13.684625625610352,9.867866516113281
0,0,0,0,23.567461013793945,13.652494430541992,9.868324279785156
0,0,0,0,23.612117767333984,13.628472328186035,9.868659973144531
0,0,0,0,23.65691566467285,13.604512214660645,9.86895751953125
0,0,0,0,23.716882705688477,13.572586059570312,9.869277954101562
0,0,0,0,23.76217269897461,13.548645973205566,9.8695068359375
0,0,0,0,23.807647705078125,13.524749755859375,9.869728088378906
0,0,0,0,23.868871688842773,13.492813110351562,9.869903564453125
0,0,0,0,23.915023803710938,13.4689359664917,9.869979858398438
0,0,0,0,23.96152114868164,13.445038795471191,9.870094299316406
0,0,0,0,24.023780822753906,13.41334056854248,9.870315551757812
0,0,0,0,24.070756912231445,13.389543533325195,9.870506286621094
0,0,0,0,24.117820739746094,13.36588191986084,9.870689392089844
0,0,0,0,24.18093490600586,13.334362030029297,9.871063232421875
0,0,0,0,24.228458404541016,13.31088638305664,9.871429443359375
0,0,0,0,24.276247024536133,13.287368774414062,9.871849060058594
0,0,0,0,24.34028434753418,13.256134033203125,9.872535705566406
0,0,0,0,24.38855743408203,13.232734680175781,9.873153686523438
0,0,0,0,24.437057495117188,13.209428787231445,9.873809814453125
0,0,0,0,24.501985549926758,13.178437232971191,9.874755859375
0,0,0,0,24.550941467285156,13.155263900756836,9.875511169433594
0,0,0,0,24.599966049194336,13.132155418395996,9.876312255859375
0,0,0,0,24.665538787841797,13.101400375366211,9.877471923828125
0,0,0,0,24.714750289916992,13.078455924987793,9.878387451171875
0,0,0,0,24.76416015625,13.055541038513184,9.879318237304688
0,0,0,0,24.830066680908203,13.025181770324707,9.880538940429688
0,0,0,0,24.879507064819336,13.002501487731934,9.881484985351562
0,0,0,0,24.928667068481445,12.980073928833008,9.882514953613281
0,0,0,0,24.994115829467773,12.950318336486816,9.884025573730469
0,0,0,0,25.043113708496094,12.928240776062012,9.885093688964844
0,0,0,0,25.092161178588867,12.90621566772461,9.886100769042969
0,0,0,0,25.15737533569336,12.87717056274414,9.887451171875
0,0,0,0,25.206295013427734,12.855497360229492,9.888473510742188
0,0,0,0,25.255294799804688,12.833927154541016,9.889442443847656
0,0,0,0,25.320816040039062,12.805113792419434,9.890541076660156
0,0,0,0,25.37000274658203,12.783618927001953,9.891281127929688
0,0,0,0,25.41901206970215,12.762284278869629,9.891998291015625
0,0,0,0,25.4840030670166,12.734174728393555,9.8929443359375
0,0,0,0,25.532264709472656,12.71341323852539,9.893753051757812
0,0,0,0,25.580303192138672,12.69286823272705,9.894615173339844
0,0,0,0,25.643848419189453,12.66584300994873,9.895858764648438
0,0,0,0,25.69135856628418,12.645750045776367,9.896804809570312
0,0,0,0,25.738683700561523,12.625904083251953,9.897758483886719
0,0,0,0,25.801918029785156,12.599617958068848,9.898979187011719
0,0,0,0,25.849416732788086,12.580158233642578,9.899856567382812
0,0,0,0,25.89718246459961,12.5607271194458,9.900657653808594
0,0,0,0,25.961095809936523,12.535110473632812,9.901596069335938
0,0,0,0,26.009305953979492,12.515996932983398,9.902229309082031
0,0,0,0,26.057748794555664,12.497077941894531,9.902824401855469
0,0,0,0,26.122875213623047,12.471939086914062,9.903518676757812
0,0,0,0,26.172109603881836,12.453274726867676,9.903961181640625
0,0,0,0,26.221664428710938,12.434686660766602,9.90435791015625
0,0,0,0,26.28825569152832,12.410041809082031,9.904853820800781
0,0,0,0,26.338544845581055,12.391632080078125,9.90521240234375
0,0,0,0,26.38922882080078,12.373284339904785,9.905532836914062
0,0,0,0,26.45720863342285,12.349014282226562,9.905906677246094
0,0,0,0,26.50858497619629,12.330869674682617,9.906166076660156
0,0,0,0,26.560134887695312,12.31287670135498,9.906440734863281
0,0,0,0,26.62934112548828,12.28896427154541,9.906867980957031
0,0,0,0,26.68135643005371,12.271254539489746,9.9072265625
0,0,0,0,26.73363494873047,12.253575325012207,9.907600402832031
0,0,0,0,26.803539276123047,12.230254173278809,9.908096313476562
0,0,0,0,26.856224060058594,12.212759017944336,9.908454895019531
0,0,0,0,26.90897560119629,12.195423126220703,9.908760070800781
0,0,0,0,26.979511260986328,12.172367095947266,9.909133911132812
0,0,0,0,27.032493591308594,12.15523910522461,9.909400939941406
0,0,0,0,27.08557891845703,12.138127326965332,9.909690856933594
0,0,0,0,27.156469345092773,12.115482330322266,9.910018920898438
0,0,0,0,27.209671020507812,12.098630905151367,9.91021728515625
0,0,0,0,27.262939453125,12.081928253173828,9.910415649414062
0,0,0,0,27.333881378173828,12.059904098510742,9.91064453125
0,0,0,0,27.387054443359375,12.043577194213867,9.910774230957031
0,0,0,0,27.439977645874023,12.027511596679688,9.910903930664062
0,0,0,0,27.510292053222656,12.00639820098877,9.911270141601562
0,0,0,0,27.562755584716797,11.99081802368164,9.91162109375
0,0,0,0,27.61522674560547,11.975348472595215,9.911949157714844
0,0,0,0,27.685033798217773,11.955058097839355,9.912406921386719
0,0,0,0,27.73741912841797,11.939945220947266,9.912742614746094
0,0,0,0,27.78972816467285,11.925050735473633,9.913055419921875
0,0,0,0,27.859540939331055,11.905284881591797,9.913436889648438
0,0,0,0,27.911907196044922,11.890658378601074,9.913658142089844
0,0,0,0,27.9643497467041,11.87602710723877,9.913795471191406
0,0,0,0,28.034151077270508,11.85668659210205,9.913841247558594
0,0,0,0,28.086299896240234,11.842280387878418,9.913833618164062
0,0,0,0,28.13825225830078,11.828060150146484,9.913825988769531
0,0,0,0,28.207191467285156,11.809231758117676,9.913856506347656
0,0,0,0,28.258731842041016,11.795225143432617,9.913925170898438
0,0,0,0,28.310110092163086,11.781331062316895,9.913993835449219
0,0,0,0,28.378681182861328,11.762904167175293,9.9140625
0,0,0,0,28.430084228515625,11.749177932739258,9.914054870605469
0,0,0,0,28.481639862060547,11.735406875610352,9.913993835449219
0,0,0,0,28.550199508666992,11.71719741821289,9.913993835449219
0,0,0,0,28.601634979248047,11.703509330749512,9.914085388183594
0,0,0,0,28.65296745300293,11.689949035644531,9.914215087890625
0,0,0,0,28.72150993347168,11.67180347442627,9.914443969726562
0,0,0,0,28.772876739501953,11.658296585083008,9.914710998535156
0,0,0,0,28.82435417175293,11.644729614257812,9.915031433105469
0,0,0,0,28.893083572387695,11.626757621765137,9.915420532226562
0,0,0,0,28.944717407226562,11.613222122192383,9.915702819824219
0,0,0,0,28.996339797973633,11.599776268005371,9.91595458984375
0,0,0,0,29.06514549255371,11.581852912902832,9.916343688964844
0,0,0,0,29.116731643676758,11.568507194519043,9.916671752929688
0,0,0,0,29.168245315551758,11.555207252502441,9.917022705078125
0,0,0,0,29.236879348754883,11.53758716583252,9.91741943359375
0,0,0,0,29.288097381591797,11.524506568908691,9.917770385742188
0,0,0,0,29.33916473388672,11.51147174835205,9.918190002441406
0,0,0,0,29.406940460205078,11.494242668151855,9.918807983398438
0,0,0,0,29.457773208618164,11.481314659118652,9.91925048828125
0,0,0,0,29.50838851928711,11.46851634979248,9.919624328613281
0,0,0,0,29.57563018798828,11.45149040222168,9.920089721679688
0,0,0,0,29.625686645507812,11.43893051147461,9.92047119140625
0,0,0,0,29.67552947998047,11.426393508911133,9.920906066894531
0,0,0,0,29.741409301757812,11.409958839416504,9.921554565429688
0,0,0,0,29.790552139282227,11.397696495056152,9.922134399414062
0,0,0,0,29.839466094970703,11.385579109191895,9.922805786132812
0,0,0,0,29.904638290405273,11.369368553161621,9.923812866210938
0,0,0,0,29.95358657836914,11.357240676879883,9.924545288085938
0,0,0,0,30.00273895263672,11.345047950744629,9.925209045410156
0,0,0,0,30.068822860717773,11.328734397888184,9.926010131835938
0,0,0,0,30.11880874633789,11.316412925720215,9.926513671875
0,0,0,0,30.169261932373047,11.303977012634277,9.926956176757812
0,0,0,0,30.23711395263672,11.287252426147461,9.927452087402344
0,0,0,0,30.288572311401367,11.274544715881348,9.927780151367188
0,0,0,0,30.340362548828125,11.261781692504883,9.928070068359375
0,0,0,0,30.410171508789062,11.244505882263184,9.928367614746094
0,0,0,0,30.46293830871582,11.231491088867188,9.928565979003906
0,0,0,0,30.51617431640625,11.218260765075684,9.928749084472656
0,0,0,0,30.587549209594727,11.200517654418945,9.929000854492188
0,0,0,0,30.641469955444336,11.186958312988281,9.929183959960938
0,0,0,0,30.69556999206543,11.173333168029785,9.929359436035156
0,0,0,0,30.768150329589844,11.154900550842285,9.929573059082031
0,0,0,0,30.82281494140625,11.141020774841309,9.929725646972656
0,0,0,0,30.877643585205078,11.127023696899414,9.929893493652344
0,0,0,0,30.950899124145508,11.108349800109863,9.930168151855469
0,0,0,0,31.005908966064453,11.09426212310791,9.930419921875
0,0,0,0,31.061052322387695,11.080130577087402,9.93072509765625
0,0,0,0,31.134654998779297,11.061211585998535,9.931243896484375
0,0,0,0,31.18999481201172,11.046957015991211,9.931739807128906
0,0,0,0,31.24532699584961,11.032673835754395,9.932334899902344
0,0,0,0,31.319242477416992,11.013556480407715,9.9332275390625
0,0,0,0,31.37464141845703,10.999284744262695,9.933929443359375
0,0,0,0,31.430185317993164,10.984930992126465,9.934608459472656
0,0,0,0,31.504175186157227,10.96586799621582,9.935470581054688
0,0,0,0,31.559755325317383,10.95154094696045,9.936134338378906
0,0,0,0,31.615257263183594,10.937309265136719,9.936782836914062
0,0,0,0,31.689380645751953,10.918245315551758,9.937606811523438
0,0,0,0,31.74496078491211,10.904054641723633,9.938179016113281
0,0,0,0,31.800596237182617,10.889801025390625,9.938743591308594
0,0,0,0,31.874738693237305,10.870943069458008,9.939491271972656
0,0,0,0,31.930360794067383,10.856815338134766,9.940040588378906
0,0,0,0,31.98596954345703,10.84273910522461,9.940567016601562
0,0,0,0,32.06013488769531,10.823942184448242,9.941246032714844
0,0,0,0,32.11582565307617,10.80980110168457,9.941757202148438
0,0,0,0,32.171451568603516,10.795647621154785,9.942276000976562
0,0,0,0,32.24567794799805,10.776782035827637,9.942939758300781
0,0,0,0,32.30125427246094,10.762664794921875,9.94342041015625
0,0,0,0,32.356929779052734,10.74848747253418,9.943923950195312
0,0,0,0,32.43099594116211,10.7296724319458,9.944679260253906
0,0,0,0,32.48657989501953,10.715487480163574,9.945304870605469
0,0,0,0,32.54204559326172,10.701384544372559,9.946014404296875
0,0,0,0,32.61604309082031,10.682480812072754,9.947097778320312
0,0,0,0,32.67146301269531,10.668384552001953,9.947967529296875
0,0,0,0,32.7269287109375,10.654218673706055,9.948844909667969
0,0,0,0,32.800697326660156,10.635452270507812,9.950035095214844
0,0,0,0,32.85588836669922,10.621363639831543,9.950950622558594
0,0,0,0,32.91084289550781,10.607418060302734,9.951873779296875
0,0,0,0,32.983734130859375,10.588916778564453,9.953086853027344
0,0,0,0,33.03802490234375,10.575190544128418,9.953964233398438
0,0,0,0,33.09178924560547,10.56159496307373,9.954833984375
0,0,0,0,33.162574768066406,10.543766021728516,9.956001281738281
0,0,0,0,33.214759826660156,10.530640602111816,9.956878662109375
0,0,0,0,33.2662239074707,10.51772403717041,9.957740783691406
0,0,0,0,33.33329391479492,10.500923156738281,9.958847045898438
0,0,0,0,33.3824348449707,10.488536834716797,9.959678649902344
0,0,0,0,33.43034362792969,10.476492881774902,9.960464477539062
0,0,0,0,33.49248123168945,10.460821151733398,9.961456298828125
0,0,0,0,33.537574768066406,10.449495315551758,9.96209716796875
0,0,0,0,33.58148193359375,10.438436508178711,9.962677001953125
0,0,0,0,33.63787078857422,10.424345970153809,9.96331787109375
0,0,0,0,33.67860794067383,10.414134979248047,9.963676452636719
0,0,0,0,33.71791458129883,10.404380798339844,9.963905334472656
0,0,0,0,33.76821517944336,10.391883850097656,9.964103698730469
0,0,0,0,33.804298400878906,10.38302993774414,9.964164733886719
0,0,0,0,33.83892059326172,10.374539375305176,9.96417236328125
0,0,0,0,33.88282775878906,10.363921165466309,9.964111328125
0,0,0,0,33.91400146484375,10.356471061706543,9.963973999023438
0,0,0,0,33.943843841552734,10.3494234085083,9.963340759277344
0,0,0,0,33.98160171508789,10.340675354003906,9.960029602050781
0,0,0,0,34.00785827636719,10.335392951965332,9.956710815429688
0,0,0,0,34.03166198730469,10.331995964050293,9.952873229980469
0,0,0,0,34.05938720703125,10.33062744140625,9.946792602539062
0,0,0,0,34.07669448852539,10.332387924194336,9.941390991210938
0,0,0,0,34.09490203857422,10.338772773742676,9.933128356933594
0,0,0,0,34.104549407958984,10.346890449523926,9.926277160644531
0,0,0,0,34.11075973510742,10.357682228088379,9.919059753417969
0,0,0,0,34.113494873046875,10.376381874084473,9.908905029296875
0,0,0,0,34.111412048339844,10.393461227416992,9.901191711425781
0,0,0,0,34.105796813964844,10.413054466247559,9.893623352050781
0,0,0,0,34.09294128417969,10.442668914794922,9.884147644042969
0,0,0,0,34.07959747314453,10.467246055603027,9.877433776855469
0,0,0,0,34.063385009765625,10.49346923828125,9.870674133300781
0,0,0,0,34.0383186340332,10.529940605163574,9.862464904785156
0,0,0,0,34.01792526245117,10.557619094848633,9.855422973632812
0,0,0,0,33.99615478515625,10.585582733154297,9.849739074707031
0,0,0,0,33.96538543701172,10.622825622558594,9.844894409179688
0,0,0,0,33.94183349609375,10.649856567382812,9.843070983886719
0,0,0,0,33.91817092895508,10.675997734069824,9.8427734375
0,0,0,0,33.887229919433594,10.709120750427246,9.844924926757812
0,0,0,0,33.86460876464844,10.73261547088623,9.848388671875
0,0,0,0,33.842769622802734,10.754729270935059,9.853073120117188
0,0,0,0,33.81479263305664,10.782379150390625,9.861000061035156
0,0,0,0,33.79477310180664,10.801661491394043,9.867759704589844
0,0,0,0,33.77548599243164,10.8198823928833,9.874977111816406
0,0,0,0,33.75090408325195,10.84250259399414,9.885124206542969
0,0,0,0,33.73321533203125,10.858442306518555,9.892921447753906
0,0,0,0,33.716129302978516,10.873414993286133,9.900650024414062
0,0,0,0,33.694278717041016,10.892040252685547,9.910606384277344
0,0,0,0,33.67837142944336,10.905186653137207,9.917808532714844
0,0,0,0,33.66287612915039,10.917708396911621,9.924713134765625
0,0,0,0,33.64258575439453,10.933530807495117,9.933357238769531
0,0,0,0,33.627689361572266,10.944754600524902,9.939262390136719
0,0,0,0,33.61279296875,10.955648422241211,9.944633483886719
0,0,0,0,33.59279251098633,10.97000503540039,9.951087951660156
0,0,0,0,33.57735824584961,10.98090648651123,9.955459594726562
0,0,0,0,33.56169509887695,10.991765022277832,9.959396362304688
0,0,0,0,33.540157318115234,11.006500244140625,9.963897705078125
0,0,0,0,33.523536682128906,11.017838478088379,9.966705322265625
0,0,0,0,33.50627899169922,11.0296630859375,9.969085693359375
0,0,0,0,33.48228073120117,11.046074867248535,9.971694946289062
0,0,0,0,33.46344757080078,11.05907917022705,9.973304748535156
0,0,0,0,33.44401168823242,11.07249927520752,9.974586486816406
0,0,0,0,33.417049407958984,11.091315269470215,9.975791931152344
0,0,0,0,33.39595031738281,11.106207847595215,9.976539611816406
0,0,0,0,33.37421798706055,11.12173843383789,9.977165222167969
0,0,0,0,33.34426498413086,11.143280982971191,9.977767944335938
0,0,0,0,33.32126998901367,11.15999698638916,9.978050231933594
0,0,0,0,33.29764175415039,11.177332878112793,9.978256225585938
0,0,0,0,33.265403747558594,11.201303482055664,9.978515625
0,0,0,0,33.2406120300293,11.219935417175293,9.978607177734375
0,0,0,0,33.215457916259766,11.23905086517334,9.978614807128906
0,0,0,0,33.18098068237305,11.26567268371582,9.978599548339844
0,0,0,0,33.154518127441406,11.28641414642334,9.978630065917969
0,0,0,0,33.127479553222656,11.307878494262695,9.978607177734375
0,0,0,0,33.090789794921875,11.337371826171875,9.978530883789062
0,0,0,0,33.06264114379883,11.36037826538086,9.978431701660156
0,0,0,0,33.03398513793945,11.384069442749023,9.978302001953125
0,0,0,0,32.994834899902344,11.41692066192627,9.978042602539062
0,0,0,0,32.964752197265625,11.442479133605957,9.977836608886719
0,0,0,0,32.92374038696289,11.477863311767578,9.9775390625
0,0,0,0,32.8922233581543,11.505356788635254,9.977256774902344
0,0,0,0,32.860198974609375,11.53363037109375,9.976936340332031
0,0,0,0,32.82757568359375,11.562735557556152,9.976608276367188
0,0,0,0,32.78333282470703,11.602700233459473,9.976211547851562
0,0,0,0,32.74957275390625,11.633500099182129,9.975868225097656
0,0,0,0,32.7154541015625,11.664939880371094,9.975517272949219
0,0,0,0,32.669132232666016,11.708054542541504,9.97503662109375
0,0,0,0,32.6339111328125,11.741154670715332,9.974723815917969
0,0,0,0,32.59815979003906,11.775012969970703,9.974357604980469
0,0,0,0,32.54991149902344,11.82111930847168,9.973907470703125
0,0,0,0,32.51319122314453,11.856545448303223,9.973609924316406
0,0,0,0,32.476139068603516,11.892435073852539,9.973381042480469
0,0,0,0,32.42617416381836,11.941082954406738,9.973167419433594
0,0,0,0,32.388458251953125,11.977983474731445,9.973037719726562
0,0,0,0,32.350528717041016,12.0153169631958,9.972991943359375
0,0,0,0,32.29982376098633,12.065383911132812,9.973068237304688
0,0,0,0,32.26179885864258,12.103044509887695,9.973159790039062
0,0,0,0,32.223785400390625,12.140738487243652,9.973274230957031
0,0,0,0,32.17311477661133,12.19124984741211,9.973442077636719
0,0,0,0,32.13495635986328,12.229360580444336,9.973579406738281
0,0,0,0,32.096778869628906,12.267610549926758,9.973762512207031
0,0,0,0,32.04559326171875,12.318912506103516,9.974044799804688
0,0,0,0,32.00714874267578,12.357465744018555,9.974258422851562
0,0,0,0,31.968494415283203,12.396231651306152,9.974449157714844
0,0,0,0,31.916784286499023,12.448164939880371,9.974723815917969
0,0,0,0,31.877721786499023,12.4874267578125,9.974967956542969
0,0,0,0,31.825450897216797,12.539982795715332,9.975318908691406
0,0,0,0,31.772777557373047,12.592935562133789,9.975730895996094
0,0,0,0,31.746301651000977,12.619483947753906,9.975967407226562
0,0,0,0,31.70648765563965,12.65936279296875,9.976303100585938
0,0,0,0,31.653430938720703,12.712323188781738,9.976593017578125
0,0,0,0,31.613637924194336,12.752006530761719,9.976676940917969
0,0,0,0,31.573808670043945,12.791631698608398,9.976676940917969
0,0,0,0,31.52065086364746,12.844478607177734,9.976554870605469
0,0,0,0,31.480648040771484,12.884137153625488,9.976341247558594
0,0,0,0,31.440601348876953,12.923822402954102,9.976051330566406
0,0,0,0,31.38690757751465,12.976787567138672,9.975555419921875
0,0,0,0,31.34658432006836,13.016490936279297,9.975067138671875
0,0,0,0,31.306053161621094,13.056275367736816,9.974571228027344
0,0,0,0,31.251930236816406,13.109307289123535,9.973915100097656
0,0,0,0,31.211259841918945,13.14904499053955,9.973335266113281
0,0,0,0,31.170772552490234,13.188526153564453,9.972648620605469
0,0,0,0,31.116832733154297,13.241106033325195,9.971549987792969
0,0,0,0,31.076520919799805,13.280374526977539,9.970619201660156
0,0,0,0,31.03615379333496,13.319671630859375,9.969619750976562
0,0,0,0,30.982393264770508,13.371977806091309,9.968208312988281
0,0,0,0,30.942045211791992,13.411280632019043,9.967117309570312
0,0,0,0,30.901769638061523,13.450410842895508,9.96600341796875
0,0,0,0,30.84819793701172,13.50243854522705,9.964462280273438
0,0,0,0,30.808115005493164,13.541324615478516,9.963233947753906
0,0,0,0,30.76811981201172,13.580215454101562,9.961990356445312
0,0,0,0,30.714765548706055,13.632036209106445,9.960342407226562
0,0,0,0,30.67481231689453,13.670829772949219,9.959182739257812
0,0,0,0,30.63488006591797,13.709514617919922,9.958015441894531
0,0,0,0,30.5817928314209,13.760960578918457,9.95648193359375
0,0,0,0,30.54187774658203,13.799673080444336,9.955345153808594
0,0,0,0,30.502023696899414,13.838361740112305,9.954261779785156
0,0,0,0,30.44874382019043,13.889952659606934,9.952911376953125
0,0,0,0,30.408933639526367,13.928436279296875,9.951904296875
0,0,0,0,30.369050979614258,13.966995239257812,9.950897216796875
0,0,0,0,30.315906524658203,14.018372535705566,9.949607849121094
0,0,0,0,30.275943756103516,14.056990623474121,9.948646545410156
0,0,0,0,30.23599624633789,14.095527648925781,9.947677612304688
0,0,0,0,30.182605743408203,14.147054672241211,9.946441650390625
0,0,0,0,30.129131317138672,14.198579788208008,9.945350646972656
0,0,0,0,30.10245704650879,14.224284172058105,9.94482421875
0,0,0,0,30.049179077148438,14.275511741638184,9.943695068359375
0,0,0,0,30.009374618530273,14.313858032226562,9.942802429199219
0,0,0,0,29.969608306884766,14.352152824401855,9.941871643066406
0,0,0,0,29.91671371459961,14.403172492980957,9.940605163574219
0,0,0,0,29.87697410583496,14.44151496887207,9.93963623046875
0,0,0,0,29.83735466003418,14.479842185974121,9.938644409179688
0,0,0,0,29.784460067749023,14.53109359741211,9.937347412109375
0,0,0,0,29.744909286499023,14.569474220275879,9.936439514160156
0,0,0,0,29.70535659790039,14.607840538024902,9.935554504394531
0,0,0,0,29.652950286865234,14.658629417419434,9.93438720703125
0,0,0,0,29.613826751708984,14.69652271270752,9.933494567871094
0,0,0,0,29.574954986572266,14.734211921691895,9.932670593261719
0,0,0,0,29.52328109741211,14.784374237060547,9.931694030761719
0,0,0,0,29.484712600708008,14.821744918823242,9.931053161621094
0,0,0,0,29.446285247802734,14.859004974365234,9.930442810058594
0,0,0,0,29.39530372619629,14.90847110748291,9.929718017578125
0,0,0,0,29.35716438293457,14.945570945739746,9.929290771484375
0,0,0,0,29.319026947021484,14.982653617858887,9.928939819335938
0,0,0,0,29.26823616027832,15.032099723815918,9.928573608398438
0,0,0,0,29.23007583618164,15.069169044494629,9.928329467773438
0,0,0,0,29.191972732543945,15.106245040893555,9.928138732910156
0,0,0,0,29.14110565185547,15.15577220916748,9.927925109863281
0,0,0,0,29.10314178466797,15.192785263061523,9.927772521972656
0,0,0,0,29.065174102783203,15.229802131652832,9.927566528320312
0,0,0,0,29.014734268188477,15.279070854187012,9.927284240722656
0,0,0,0,28.976882934570312,15.316116333007812,9.927101135253906
0,0,0,0,28.93915367126465,15.353120803833008,9.92694091796875
0,0,0,0,28.888715744018555,15.402702331542969,9.926765441894531
0,0,0,0,28.850906372070312,15.439847946166992,9.926689147949219
0,0,0,0,28.813007354736328,15.477123260498047,9.926620483398438
0,0,0,0,28.762388229370117,15.526880264282227,9.926582336425781
0,0,0,0,28.724328994750977,15.564350128173828,9.926582336425781
0,0,0,0,28.68612289428711,15.601869583129883,9.926612854003906
0,0,0,0,28.63494300842285,15.652153968811035,9.926704406738281
0,0,0,0,28.596324920654297,15.690017700195312,9.926834106445312
0,0,0,0,28.557674407958984,15.727912902832031,9.926971435546875
0,0,0,0,28.5059871673584,15.778482437133789,9.927101135253906
0,0,0,0,28.46718406677246,15.816431999206543,9.927230834960938
0,0,0,0,28.428180694580078,15.854504585266113,9.927360534667969
0,0,0,0,28.376169204711914,15.905279159545898,9.927536010742188
0,0,0,0,28.337011337280273,15.943452835083008,9.927604675292969
0,0,0,0,28.29783821105957,15.981616020202637,9.927627563476562
0,0,0,0,28.245258331298828,16.032772064208984,9.927513122558594
0,0,0,0,28.20569610595703,16.071182250976562,9.927391052246094
0,0,0,0,28.165897369384766,16.109769821166992,9.927223205566406
0,0,0,0,28.112640380859375,16.16128921508789,9.927009582519531
0,0,0,0,28.072463989257812,16.200132369995117,9.926826477050781
0,0,0,0,28.032106399536133,16.239091873168945,9.926704406738281
0,0,0,0,27.97808074951172,16.291194915771484,9.926559448242188
0,0,0,0,27.93758773803711,16.3300838470459,9.926399230957031
0,0,0,0,27.89714813232422,16.368919372558594,9.926231384277344
0,0,0,0,27.84326171875,16.420618057250977,9.925926208496094
0,0,0,0,27.80302619934082,16.459264755249023,9.925605773925781
0,0,0,0,27.762781143188477,16.49789047241211,9.925224304199219
0,0,0,0,27.709327697753906,16.549297332763672,9.924629211425781
0,0,0,0,27.669240951538086,16.587827682495117,9.924079895019531
0,0,0,0,27.629276275634766,16.626230239868164,9.923477172851562
0,0,0,0,27.5758113861084,16.677574157714844,9.922660827636719
0,0,0,0,27.535703659057617,16.71611213684082,9.922027587890625
0,0,0,0,27.49538230895996,16.754802703857422,9.92132568359375
0,0,0,0,27.441492080688477,16.80640411376953,9.920387268066406
0,0,0,0,27.40087127685547,16.84527015686035,9.919784545898438
0,0,0,0,27.360279083251953,16.884042739868164,9.919197082519531
0,0,0,0,27.306201934814453,16.93570327758789,9.918380737304688
0,0,0,0,27.265689849853516,16.974384307861328,9.917747497558594
0,0,0,0,27.225173950195312,17.01309585571289,9.9171142578125
0,0,0,0,27.17132568359375,17.06450653076172,9.916229248046875
0,0,0,0,27.13117218017578,17.102869033813477,9.915504455566406
0,0,0,0,27.09109115600586,17.14109992980957,9.914718627929688
0,0,0,0,27.037851333618164,17.192007064819336,9.913612365722656
0,0,0,0,26.997922897338867,17.230173110961914,9.912818908691406
0,0,0,0,26.958187103271484,17.268146514892578,9.912002563476562
0,0,0,0,26.90528678894043,17.31861686706543,9.910820007324219
0,0,0,0,26.86580467224121,17.35631561279297,9.909843444824219
0,0,0,0,26.8262939453125,17.39404296875,9.9088134765625
0,0,0,0,26.773681640625,17.444299697875977,9.907356262207031
0,0,0,0,26.73405647277832,17.482112884521484,9.906204223632812
0,0,0,0,26.694395065307617,17.519929885864258,9.905006408691406
0,0,0,0,26.641204833984375,17.570613861083984,9.903358459472656
0,0,0,0,26.60112762451172,17.608713150024414,9.902145385742188
0,0,0,0,26.56090545654297,17.64699935913086,9.900985717773438
0,0,0,0,26.50713348388672,17.69805145263672,9.89947509765625
0,0,0,0,26.466751098632812,17.736387252807617,9.898353576660156
0,0,0,0,26.426271438598633,17.774728775024414,9.89727783203125
0,0,0,0,26.37224578857422,17.825973510742188,9.895896911621094
0,0,0,0,26.33161735534668,17.864503860473633,9.894927978515625
0,0,0,0,26.29107093811035,17.903093338012695,9.894004821777344
0,0,0,0,26.236995697021484,17.954694747924805,9.892890930175781
0,0,0,0,26.196603775024414,17.99336814880371,9.892143249511719
0,0,0,0,26.1562442779541,18.03202247619629,9.891441345214844
0,0,0,0,26.102811813354492,18.083362579345703,9.890541076660156
0,0,0,0,26.062883377075195,18.121904373168945,9.889869689941406
0,0,0,0,26.023239135742188,18.160306930541992,9.889213562011719
0,0,0,0,25.97052764892578,18.211593627929688,9.888412475585938
0,0,0,0,25.93115997314453,18.25004768371582,9.887893676757812
0,0,0,0,25.8918399810791,18.288650512695312,9.887420654296875
0,0,0,0,25.83955192565918,18.3402042388916,9.886878967285156
0,0,0,0,25.800403594970703,18.379135131835938,9.886627197265625
0,0,0,0,25.761402130126953,18.418031692504883,9.886451721191406
0,0,0,0,25.709688186645508,18.4698486328125,9.886268615722656
0,0,0,0,25.671058654785156,18.508750915527344,9.886177062988281
0,0,0,0,25.632659912109375,18.547739028930664,9.8861083984375
0,0,0,0,25.58165740966797,18.59979248046875,9.886032104492188
0,0,0,0,25.543642044067383,18.63889503479004,9.885948181152344
0,0,0,0,25.505680084228516,18.678173065185547,9.885871887207031
0,0,0,0,25.45533561706543,18.730758666992188,9.885818481445312
0,0,0,0,25.41762924194336,18.770450592041016,9.885787963867188
0,0,0,0,25.3801326751709,18.810211181640625,9.8857421875
0,0,0,0,25.330183029174805,18.86357307434082,9.885696411132812
0,0,0,0,25.292879104614258,18.903675079345703,9.885604858398438
0,0,0,0,25.255586624145508,18.944021224975586,9.885482788085938
0,0,0,0,25.20612907409668,18.997909545898438,9.885276794433594
0,0,0,0,25.16914939880371,19.03853988647461,9.885040283203125
0,0,0,0,25.13230323791504,19.07925033569336,9.884803771972656
0,0,0,0,25.08322525024414,19.133834838867188,9.884529113769531
0,0,0,0,25.04651641845703,19.17486572265625,9.884422302246094
0,0,0,0,25.01005744934082,19.215801239013672,9.884292602539062
0,0,0,0,24.96177864074707,19.27013397216797,9.884017944335938
0,0,0,0,24.92576789855957,19.310909271240234,9.883758544921875
0,0,0,0,24.889719009399414,19.351869583129883,9.883491516113281
0,0,0,0,24.84184455871582,19.406583786010742,9.883102416992188
0,0,0,0,24.805944442749023,19.44772720336914,9.882743835449219
0,0,0,0,24.770206451416016,19.488887786865234,9.882308959960938
0,0,0,0,24.72248077392578,19.543996810913086,9.88165283203125
0,0,0,0,24.686805725097656,19.585302352905273,9.88116455078125
0,0,0,0,24.651185989379883,19.626598358154297,9.880630493164062
0,0,0,0,24.604061126708984,19.681360244750977,9.879791259765625
0,0,0,0,24.568801879882812,19.72248077392578,9.879013061523438
0,0,0,0,24.533674240112305,19.76352310180664,9.87811279296875
0,0,0,0,24.486785888671875,19.818361282348633,9.876701354980469
0,0,0,0,24.45163345336914,19.859535217285156,9.875480651855469
0,0,0,0,24.416473388671875,19.900856018066406,9.874061584472656
0,0,0,0,24.36953353881836,19.956092834472656,9.872001647949219
0,0,0,0,24.334274291992188,19.997699737548828,9.870384216308594
0,0,0,0,24.298959732055664,20.039306640625,9.868675231933594
0,0,0,0,24.252079010009766,20.094627380371094,9.8662109375
0,0,0,0,24.21693992614746,20.13608741760254,9.864234924316406
0,0,0,0,24.18191146850586,20.177480697631836,9.862220764160156
0,0,0,0,24.1351318359375,20.232694625854492,9.859466552734375
0,0,0,0,24.100101470947266,20.274003982543945,9.857330322265625
0,0,0,0,24.064910888671875,20.3154239654541,9.855117797851562
0,0,0,0,24.017963409423828,20.370695114135742,9.852104187011719
0,0,0,0,23.982561111450195,20.412353515625,9.849769592285156
0,0,0,0,23.94706916809082,20.453998565673828,9.847366333007812
0,0,0,0,23.899477005004883,20.509700775146484,9.844146728515625
0,0,0,0,23.863698959350586,20.551454544067383,9.841682434082031
0,0,0,0,23.82777976989746,20.593338012695312,9.8392333984375
0,0,0,0,23.779741287231445,20.649187088012695,9.836029052734375
0,0,0,0,23.743616104125977,20.691112518310547,9.833633422851562
0,0,0,0,23.707345962524414,20.733028411865234,9.831260681152344
0,0,0,0,23.658817291259766,20.788982391357422,9.828170776367188
0,0,0,0,23.62215805053711,20.831029891967773,9.825904846191406
0,0,0,0,23.585371017456055,20.873111724853516,9.823783874511719
0,0,0,0,23.53609848022461,20.929210662841797,9.821266174316406
0,0,0,0,23.499290466308594,20.970966339111328,9.8194580078125
0,0,0,0,23.462440490722656,21.01255989074707,9.817649841308594
0,0,0,0,23.413347244262695,21.06786346435547,9.8153076171875
0,0,0,0,23.37638282775879,21.109411239624023,9.813606262207031
0,0,0,0,23.33943748474121,21.150815963745117,9.811943054199219
0,0,0,0,23.289939880371094,21.20607566833496,9.809829711914062
0,0,0,0,23.252763748168945,21.2474308013916,9.808334350585938
0,0,0,0,23.21543312072754,21.288864135742188,9.806961059570312
0,0,0,0,23.16556739807129,21.343982696533203,9.805343627929688
0,0,0,0,23.12816047668457,21.385122299194336,9.804183959960938
0,0,0,0,23.090795516967773,21.425996780395508,9.80303955078125
0,0,0,0,23.040903091430664,21.480417251586914,9.801567077636719
0,0,0,0,23.003332138061523,21.521194458007812,9.800537109375
0,0,0,0,22.96571922302246,21.561904907226562,9.799545288085938
0,0,0,0,22.9152774810791,21.616188049316406,9.798301696777344
0,0,0,0,22.87729263305664,21.65692138671875,9.797492980957031
0,0,0,0,22.839054107666016,21.69767189025879,9.796730041503906
0,0,0,0,22.787979125976562,21.751901626586914,9.7957763671875
0,0,0,0,22.74943733215332,21.79265785217285,9.795097351074219
0,0,0,0,22.710824966430664,21.833396911621094,9.794456481933594
0,0,0,0,22.659000396728516,21.88788604736328,9.793632507324219
0,0,0,0,22.62002182006836,21.928730010986328,9.79302978515625
0,0,0,0,22.580820083618164,21.96965789794922,9.792411804199219
0,0,0,0,22.52837562561035,22.024173736572266,9.791641235351562
0,0,0,0,22.48882484436035,22.06515884399414,9.791084289550781
0,0,0,0,22.449190139770508,22.106016159057617,9.790557861328125
0,0,0,0,22.396127700805664,22.1605224609375,9.789848327636719
0,0,0,0,22.356142044067383,22.201366424560547,9.789352416992188
0,0,0,0,22.31604766845703,22.242233276367188,9.788909912109375
0,0,0,0,22.262409210205078,22.296680450439453,9.788345336914062
0,0,0,0,22.222129821777344,22.337465286254883,9.787948608398438
0,0,0,0,22.18166732788086,22.378215789794922,9.787574768066406
0,0,0,0,22.127614974975586,22.432470321655273,9.787078857421875
0,0,0,0,22.08684539794922,22.473146438598633,9.786727905273438
0,0,0,0,22.046051025390625,22.513687133789062,9.786430358886719
0,0,0,0,21.991411209106445,22.5676212310791,9.786117553710938
0,0,0,0,21.950471878051758,22.607784271240234,9.785896301269531
0,0,0,0,21.909385681152344,22.64783477783203,9.785667419433594
0,0,0,0,21.85460662841797,22.70087432861328,9.785423278808594
0,0,0,0,21.81342315673828,22.74045181274414,9.785247802734375
0,0,0,0,21.772260665893555,22.779708862304688,9.785102844238281
0,0,0,0,21.71717071533203,22.83182144165039,9.78497314453125
0,0,0,0,21.675729751586914,22.870563507080078,9.784942626953125
0,0,0,0,21.634199142456055,22.909059524536133,9.784927368164062
0,0,0,0,21.578716278076172,22.959836959838867,9.784919738769531
0,0,0,0,21.537097930908203,22.99748420715332,9.784873962402344
0,0,0,0,21.495386123657227,23.0347843170166,9.784805297851562
0,0,0,0,21.43970489501953,23.083984375,9.784759521484375
0,0,0,0,21.397851943969727,23.120468139648438,9.784751892089844
0,0,0,0,21.356197357177734,23.156431198120117,9.784698486328125
0,0,0,0,21.3007869720459,23.20370864868164,9.784561157226562
0,0,0,0,21.259414672851562,23.23862075805664,9.784423828125
0,0,0,0,21.217941284179688,23.273237228393555,9.784317016601562
0,0,0,0,21.162626266479492,23.318729400634766,9.784286499023438
0,0,0,0,21.120975494384766,23.352493286132812,9.784317016601562
0,0,0,0,21.079252243041992,23.385839462280273,9.784385681152344
0,0,0,0,21.02322006225586,23.429893493652344,9.784637451171875
0,0,0,0,20.981077194213867,23.462438583374023,9.784904479980469
0,0,0,0,20.938798904418945,23.494670867919922,9.785240173339844
0,0,0,0,20.882295608520508,23.53702163696289,9.785820007324219
0,0,0,0,20.83987045288086,23.56842803955078,9.786323547363281
0,0,0,0,20.79739761352539,23.599475860595703,9.786842346191406
0,0,0,0,20.74077033996582,23.640438079833984,9.787490844726562
0,0,0,0,20.698116302490234,23.670942306518555,9.787994384765625
0,0,0,0,20.655282974243164,23.701322555541992,9.78857421875
0,0,0,0,20.597700119018555,23.741676330566406,9.789382934570312
0,0,0,0,20.55434226989746,23.7717227935791,9.789985656738281
0,0,0,0,20.510725021362305,23.80173683166504,9.79058837890625
0,0,0,0,20.452381134033203,23.841585159301758,9.791358947753906
0,0,0,0,20.408313751220703,23.871423721313477,9.79193115234375
0,0,0,0,20.36418914794922,23.901039123535156,9.792526245117188
0,0,0,0,20.30520248413086,23.940359115600586,9.793350219726562
0,0,0,0,20.261226654052734,23.96943473815918,9.793869018554688
0,0,0,0,20.217355728149414,23.99829864501953,9.794281005859375
0,0,0,0,20.158931732177734,24.036537170410156,9.794731140136719
0,0,0,0,20.114971160888672,24.065183639526367,9.795066833496094
0,0,0,0,20.07093048095703,24.09368324279785,9.795379638671875
0,0,0,0,20.012075424194336,24.131620407104492,9.7957763671875
0,0,0,0,19.96778106689453,24.160009384155273,9.796119689941406
0,0,0,0,19.923511505126953,24.18832778930664,9.796463012695312
0,0,0,0,19.864316940307617,24.22604751586914,9.796981811523438
0,0,0,0,19.819822311401367,24.25440788269043,9.797416687011719
0,0,0,0,19.775035858154297,24.2829532623291,9.797943115234375
0,0,0,0,19.715085983276367,24.321081161499023,9.798751831054688
0,0,0,0,19.66986656188965,24.34982681274414,9.799423217773438
0,0,0,0,19.624610900878906,24.378568649291992,9.800125122070312
0,0,0,0,19.56405258178711,24.417001724243164,9.801078796386719
0,0,0,0,19.51871681213379,24.44573974609375,9.801773071289062
0,0,0,0,19.473373413085938,24.474586486816406,9.802406311035156
0,0,0,0,19.41307258605957,24.51296615600586,9.803199768066406
0,0,0,0,19.367918014526367,24.54179573059082,9.803810119628906
0,0,0,0,19.32294273376465,24.57044792175293,9.804466247558594
0,0,0,0,19.263404846191406,24.608436584472656,9.805335998535156
0,0,0,0,19.21915054321289,24.636613845825195,9.806015014648438
0,0,0,0,19.17530059814453,24.664579391479492,9.80670166015625
0,0,0,0,19.117170333862305,24.7016544342041,9.807655334472656
0,0,0,0,19.07375144958496,24.729415893554688,9.808464050292969
0,0,0,0,19.03040313720703,24.75709342956543,9.809280395507812
0,0,0,0,18.972959518432617,24.7938289642334,9.810333251953125
0,0,0,0,18.9299373626709,24.821388244628906,9.811065673828125
0,0,0,0,18.887062072753906,24.84889030456543,9.811790466308594
0,0,0,0,18.82973861694336,24.88570785522461,9.812744140625
0,0,0,0,18.786672592163086,24.913408279418945,9.813468933105469
0,0,0,0,18.743309020996094,24.94137954711914,9.814201354980469
0,0,0,0,18.685100555419922,24.978923797607422,9.815200805664062
0,0,0,0,18.64095687866211,25.007471084594727,9.815986633300781
0,0,0,0,18.596481323242188,25.036205291748047,9.816825866699219
0,0,0,0,18.536516189575195,25.07504653930664,9.818008422851562
0,0,0,0,18.491130828857422,25.10443687438965,9.81890869140625
0,0,0,0,18.445369720458984,25.134157180786133,9.81982421875
0,0,0,0,18.38385772705078,25.174142837524414,9.821029663085938
0,0,0,0,18.337392807006836,25.20444679260254,9.821884155273438
0,0,0,0,18.290597915649414,25.234996795654297,9.822662353515625
0,0,0,0,18.227880477905273,25.276025772094727,9.823577880859375
0,0,0,0,18.180526733398438,25.30701446533203,9.82415771484375
0,0,0,0,18.133073806762695,25.33810043334961,9.824699401855469
0,0,0,0,18.069469451904297,25.37982940673828,9.825271606445312
0,0,0,0,18.02172088623047,25.411205291748047,9.825614929199219
0,0,0,0,17.973730087280273,25.442779541015625,9.825820922851562
0,0,0,0,17.9096736907959,25.484962463378906,9.825981140136719
0,0,0,0,17.861452102661133,25.516746520996094,9.826034545898438
0,0,0,0,17.813222885131836,25.54851722717285,9.826034545898438
0,0,0,0,17.748748779296875,25.591114044189453,9.82598876953125
0,0,0,0,17.700374603271484,25.623117446899414,9.825958251953125
0,0,0,0,17.651975631713867,25.6552677154541,9.825897216796875
0,0,0,0,17.58745765686035,25.698110580444336,9.825775146484375
0,0,0,0,17.5390567779541,25.73031234741211,9.825698852539062
0,0,0,0,17.490610122680664,25.762514114379883,9.825645446777344
0,0,0,0,17.426013946533203,25.805509567260742,9.825668334960938
0,0,0,0,17.377517700195312,25.837783813476562,9.825775146484375
0,0,0,0,17.3291072845459,25.870071411132812,9.825973510742188
0,0,0,0,17.26453399658203,25.913198471069336,9.826408386230469
0,0,0,0,17.216171264648438,25.945531845092773,9.826858520507812
0,0,0,0,17.167673110961914,25.977943420410156,9.827384948730469
0,0,0,0,17.103118896484375,26.021047592163086,9.828262329101562
0,0,0,0,17.05463981628418,26.05342674255371,9.829032897949219
0,0,0,0,17.006200790405273,26.08574104309082,9.829887390136719
0,0,0,0,16.941497802734375,26.12895965576172,9.831146240234375
0,0,0,0,16.892995834350586,26.161314010620117,9.832183837890625
0,0,0,0,16.844419479370117,26.19375228881836,9.833290100097656
0,0,0,0,16.77974510192871,26.23693084716797,9.834907531738281
0,0,0,0,16.731260299682617,26.26935577392578,9.836181640625
0,0,0,0,16.682804107666016,26.30169677734375,9.837493896484375
0,0,0,0,16.618297576904297,26.344844818115234,9.839225769042969
0,0,0,0,16.56992530822754,26.377178192138672,9.840492248535156
0,0,0,0,16.521621704101562,26.409521102905273,9.841720581054688
0,0,0,0,16.457124710083008,26.452617645263672,9.84326171875
0,0,0,0,16.4088191986084,26.484905242919922,9.844390869140625
0,0,0,0,16.36048698425293,26.51718521118164,9.845489501953125
0,0,0,0,16.296300888061523,26.560039520263672,9.846908569335938
0,0,0,0,16.24827766418457,26.59209442138672,9.847969055175781
0,0,0,0,16.200639724731445,26.6238956451416,9.849014282226562
0,0,0,0,16.137611389160156,26.665952682495117,9.850296020507812
0,0,0,0,16.090957641601562,26.69701385498047,9.85113525390625
0,0,0,0,16.0447998046875,26.727752685546875,9.851875305175781
0,0,0,0,15.984319686889648,26.767953872680664,9.85272216796875
0,0,0,0,15.939778327941895,26.797607421875,9.853256225585938
0,0,0,0,15.896114349365234,26.826616287231445,9.853660583496094
0,0,0,0,15.83929443359375,26.864397048950195,9.85394287109375
0,0,0,0,15.797833442687988,26.89193344116211,9.853965759277344
0,0,0,0,15.757460594177246,26.91875648498535,9.853836059570312
0,0,0,0,15.705385208129883,26.953285217285156,9.853431701660156
0,0,0,0,15.667754173278809,26.978260040283203,9.85296630859375
0,0,0,0,15.631271362304688,27.0024471282959,9.852401733398438
0,0,0,0,15.584654808044434,27.033348083496094,9.851448059082031
0,0,0,0,15.551032066345215,27.055631637573242,9.850692749023438
0,0,0,0,15.518733024597168,27.076995849609375,9.849784851074219
0,0,0,0,15.478109359741211,27.102920532226562,9.848152160644531
0,0,0,0,15.450056076049805,27.11952018737793,9.846214294433594
0,0,0,0,15.424140930175781,27.133499145507812,9.843597412109375
0,0,0,0,15.393454551696777,27.147483825683594,9.8387451171875
0,0,0,0,15.373407363891602,27.1543025970459,9.833992004394531
0,0,0,0,15.35607624053955,27.157691955566406,9.828178405761719
0,0,0,0,15.337197303771973,27.157054901123047,9.819053649902344
0,0,0,0,15.326322555541992,27.15258026123047,9.811241149902344
0,0,0,0,15.318215370178223,27.144752502441406,9.802711486816406
0,0,0,0,15.311779975891113,27.1289005279541,9.790550231933594
0,0,0,0,15.310322761535645,27.11296272277832,9.781303405761719
0,0,0,0,15.311710357666016,27.09360122680664,9.772209167480469
0,0,0,0,15.318161010742188,27.06282615661621,9.760673522949219
0,0,0,0,15.326404571533203,27.036333084106445,9.752777099609375
0,0,0,0,15.337742805480957,27.007061004638672,9.745635986328125
0,0,0,0,15.357450485229492,26.96416664123535,9.737602233886719
0,0,0,0,15.375507354736328,26.929468154907227,9.731788635253906
0,0,0,0,15.395390510559082,26.89348030090332,9.723945617675781
0,0,0,0,15.424844741821289,26.84413719177246,9.713211059570312
0,0,0,0,15.448616981506348,26.80685806274414,9.705429077148438
0,0,0,0,15.473825454711914,26.769039154052734,9.697013854980469
0,0,0,0,15.508957862854004,26.71872901916504,9.685142517089844
0,0,0,0,15.536090850830078,26.682050704956055,9.678237915039062
0,0,0,0,15.563263893127441,26.64699363708496,9.673362731933594
0,0,0,0,15.598877906799316,26.603139877319336,9.670135498046875
0,0,0,0,15.624585151672363,26.57286262512207,9.669296264648438
0,0,0,0,15.64932918548584,26.544458389282227,9.666938781738281
0,0,0,0,15.681214332580566,26.509151458740234,9.663131713867188
0,0,0,0,15.70464038848877,26.48393440246582,9.659133911132812
0,0,0,0,15.727413177490234,26.46034049987793,9.655754089355469
0,0,0,0,15.756141662597656,26.431941986083984,9.653358459472656
0,0,0,0,15.776660919189453,26.412487030029297,9.652114868164062
0,0,0,0,15.796453475952148,26.394235610961914,9.651618957519531
0,0,0,0,15.82230281829834,26.371225357055664,9.650955200195312
0,0,0,0,15.840782165527344,26.35565185546875,9.652183532714844
0,0,0,0,15.858535766601562,26.341503143310547,9.655303955078125
0,0,0,0,15.881261825561523,26.324420928955078,9.662200927734375
0,0,0,0,15.897912979125977,26.312631607055664,9.669219970703125
0,0,0,0,15.914118766784668,26.301918029785156,9.677543640136719
0,0,0,0,15.935209274291992,26.28891944885254,9.690582275390625
0,0,0,0,15.950640678405762,26.279996871948242,9.701622009277344
0,0,0,0,15.96588134765625,26.27155303955078,9.713394165039062
0,0,0,0,15.986065864562988,26.260873794555664,9.729949951171875
0,0,0,0,16.001235961914062,26.25299835205078,9.742446899414062
0,0,0,0,16.016525268554688,26.245141983032227,9.754798889160156
0,0,0,0,16.037134170532227,26.23444938659668,9.770820617675781
0,0,0,0,16.052980422973633,26.226116180419922,9.782157897949219
0,0,0,0,16.069128036499023,26.21745491027832,9.792778015136719
0,0,0,0,16.091386795043945,26.205163955688477,9.805740356445312
0,0,0,0,16.108427047729492,26.195520401000977,9.814529418945312
0,0,0,0,16.12584686279297,26.18544578552246,9.822494506835938
0,0,0,0,16.149477005004883,26.171470642089844,9.831825256347656
0,0,0,0,16.1677188873291,26.16033935546875,9.837799072265625
0,0,0,0,16.18628692626953,26.148794174194336,9.842964172363281
0,0,0,0,16.21177864074707,26.132564544677734,9.848648071289062
0,0,0,0,16.231327056884766,26.119871139526367,9.852096557617188
0,0,0,0,16.251327514648438,26.106557846069336,9.854835510253906
0,0,0,0,16.278663635253906,26.088115692138672,9.857521057128906
0,0,0,0,16.299684524536133,26.073686599731445,9.858863830566406
0,0,0,0,16.321331024169922,26.058650970458984,9.859535217285156
0,0,0,0,16.351688385009766,26.03708267211914,9.859123229980469
0,0,0,0,16.375940322875977,26.019651412963867,9.858039855957031
0,0,0,0,16.401336669921875,26.001235961914062,9.856391906738281
0,0,0,0,16.436939239501953,25.975296020507812,9.853507995605469
0,0,0,0,16.464740753173828,25.954862594604492,9.850982666015625
0,0,0,0,16.49355697631836,25.933584213256836,9.848220825195312
0,0,0,0,16.533123016357422,25.904264450073242,9.844367980957031
0,0,0,0,16.56366539001465,25.881608963012695,9.841445922851562
0,0,0,0,16.59477424621582,25.858488082885742,9.838539123535156
0,0,0,0,16.637422561645508,25.826841354370117,9.83465576171875
0,0,0,0,16.67005157470703,25.802690505981445,9.831817626953125
0,0,0,0,16.703283309936523,25.778074264526367,9.829032897949219
0,0,0,0,16.748411178588867,25.744670867919922,9.825416564941406
0,0,0,0,16.78299331665039,25.719051361083984,9.82275390625
0,0,0,0,16.818098068237305,25.693164825439453,9.820182800292969
0,0,0,0,16.865482330322266,25.658199310302734,9.816963195800781
0,0,0,0,16.901262283325195,25.631793975830078,9.814689636230469
0,0,0,0,16.937305450439453,25.605144500732422,9.812446594238281
0,0,0,0,16.986003875732422,25.569171905517578,9.809326171875
0,0,0,0,17.022857666015625,25.54195213317871,9.806892395019531
0,0,0,0,17.060123443603516,25.51451873779297,9.804344177246094
0,0,0,0,17.11033058166504,25.477678298950195,9.800697326660156
0,0,0,0,17.148536682128906,25.44979476928711,9.797752380371094
0,0,0,0,17.18707275390625,25.421865463256836,9.794654846191406
0,0,0,0,17.239177703857422,25.384464263916016,9.790313720703125
0,0,0,0,17.278593063354492,25.356477737426758,9.786911010742188
0,0,0,0,17.318506240844727,25.328351974487305,9.783340454101562
0,0,0,0,17.372333526611328,25.290870666503906,9.778327941894531
0,0,0,0,17.41326332092285,25.262601852416992,9.774429321289062
0,0,0,0,17.454547882080078,25.234365463256836,9.770416259765625
0,0,0,0,17.510194778442383,25.196617126464844,9.764930725097656
0,0,0,0,17.552284240722656,25.16834259033203,9.760765075683594
0,0,0,0,17.594654083251953,25.139995574951172,9.756584167480469
0,0,0,0,17.651573181152344,25.102258682250977,9.751045227050781
0,0,0,0,17.694486618041992,25.073970794677734,9.7469482421875
0,0,0,0,17.737667083740234,25.045726776123047,9.742897033691406
0,0,0,0,17.7955322265625,25.00815200805664,9.73760986328125
0,0,0,0,17.839277267456055,24.979995727539062,9.733726501464844
0,0,0,0,17.883136749267578,24.951995849609375,9.72991943359375
0,0,0,0,17.94196891784668,24.914812088012695,9.725006103515625
0,0,0,0,17.9862060546875,24.88715934753418,9.721443176269531
0,0,0,0,18.030698776245117,24.859594345092773,9.71795654296875
0,0,0,0,18.09018898010254,24.823165893554688,9.713386535644531
0,0,0,0,18.135068893432617,24.79596710205078,9.710052490234375
0,0,0,0,18.180110931396484,24.76896095275879,9.706748962402344
0,0,0,0,18.240585327148438,24.73308563232422,9.702384948730469
0,0,0,0,18.28602409362793,24.70645523071289,9.699180603027344
0,0,0,0,18.331586837768555,24.679931640625,9.696052551269531
0,0,0,0,18.392417907714844,24.644859313964844,9.692070007324219
0,0,0,0,18.438093185424805,24.61866569519043,9.689247131347656
0,0,0,0,18.483932495117188,24.592561721801758,9.686515808105469
0,0,0,0,18.545265197753906,24.557804107666016,9.6829833984375
0,0,0,0,18.591394424438477,24.531896591186523,9.680458068847656
0,0,0,0,18.637453079223633,24.50617790222168,9.678016662597656
0,0,0,0,18.698976516723633,24.47201919555664,9.67486572265625
0,0,0,0,18.74505043029785,24.44658851623535,9.672561645507812
0,0,0,0,18.791231155395508,24.421249389648438,9.670326232910156
0,0,0,0,18.852712631225586,24.387727737426758,9.667434692382812
0,0,0,0,18.898874282836914,24.362581253051758,9.665328979492188
0,0,0,0,18.944927215576172,24.337575912475586,9.663276672363281
0,0,0,0,19.006410598754883,24.304275512695312,9.660606384277344
0,0,0,0,19.05240821838379,24.279455184936523,9.658721923828125
0,0,0,0,19.098411560058594,24.254589080810547,9.656883239746094
0,0,0,0,19.15967559814453,24.221567153930664,9.654457092285156
0,0,0,0,19.20557403564453,24.196813583374023,9.652679443359375
0,0,0,0,19.25145721435547,24.172086715698242,9.650909423828125
0,0,0,0,19.312753677368164,24.138973236083984,9.648574829101562
0,0,0,0,19.358848571777344,24.1141357421875,9.646781921386719
0,0,0,0,19.404890060424805,24.089311599731445,9.645004272460938
0,0,0,0,19.466331481933594,24.05620574951172,9.6427001953125
0,0,0,0,19.512447357177734,24.031354904174805,9.640953063964844
0,0,0,0,19.558767318725586,24.006418228149414,9.639175415039062
0,0,0,0,19.62057113647461,23.973217010498047,9.636787414550781
0,0,0,0,19.667110443115234,23.948226928710938,9.634986877441406
0,0,0,0,19.71366310119629,23.923297882080078,9.6331787109375
0,0,0,0,19.7759952545166,23.88994598388672,9.630729675292969
0,0,0,0,19.82274055480957,23.865039825439453,9.628883361816406
0,0,0,0,19.86956024169922,23.840110778808594,9.627037048339844
0,0,0,0,19.931751251220703,23.80710220336914,9.624656677246094
0,0,0,0,19.97823143005371,23.782398223876953,9.62298583984375
0,0,0,0,20.024566650390625,23.757843017578125,9.62139892578125
0,0,0,0,20.08638572692871,23.724987030029297,9.619331359863281
0,0,0,0,20.13290023803711,23.700294494628906,9.6177978515625
0,0,0,0,20.179433822631836,23.675575256347656,9.616287231445312
0,0,0,0,20.24165916442871,23.64258575439453,9.614326477050781
0,0,0,0,20.28840446472168,23.617753982543945,9.612823486328125
0,0,0,0,20.33513832092285,23.592975616455078,9.611358642578125
0,0,0,0,20.39703369140625,23.560226440429688,9.609603881835938
0,0,0,0,20.443342208862305,23.535701751708984,9.608299255371094
0,0,0,0,20.489482879638672,23.511249542236328,9.606956481933594
0,0,0,0,20.550983428955078,23.47860336303711,9.605072021484375
0,0,0,0,20.596899032592773,23.45424461364746,9.603584289550781
0,0,0,0,20.64278793334961,23.429847717285156,9.601997375488281
0,0,0,0,20.703554153442383,23.397541046142578,9.599800109863281
0,0,0,0,20.748868942260742,23.373374938964844,9.598075866699219
0,0,0,0,20.793832778930664,23.349369049072266,9.596275329589844
0,0,0,0,20.853517532348633,23.317249298095703,9.593795776367188
0,0,0,0,20.898160934448242,23.29299545288086,9.591796875
0,0,0,0,20.94281005859375,23.26844024658203,9.58966064453125
0,0,0,0,21.00234031677246,23.235395431518555,9.586593627929688
0,0,0,0,21.04698371887207,23.21029281616211,9.584136962890625
0,0,0,0,21.09172821044922,23.184864044189453,9.581550598144531
0,0,0,0,21.151369094848633,23.150434494018555,9.57794189453125
0,0,0,0,21.196186065673828,23.12421417236328,9.575180053710938
0,0,0,0,21.240848541259766,23.097736358642578,9.572402954101562
0,0,0,0,21.300378799438477,23.061861038208008,9.568763732910156
0,0,0,0,21.344907760620117,23.034446716308594,9.566009521484375
0,0,0,0,21.38947868347168,23.006513595581055,9.563201904296875
0,0,0,0,21.44849395751953,22.96894645690918,9.55950927734375
0,0,0,0,21.492488861083984,22.940431594848633,9.556961059570312
0,0,0,0,21.536191940307617,22.911590576171875,9.554611206054688
0,0,0,0,21.594350814819336,22.872270584106445,9.551643371582031
0,0,0,0,21.637815475463867,22.842266082763672,9.549568176269531
0,0,0,0,21.68117332458496,22.811704635620117,9.547660827636719
0,0,0,0,21.738649368286133,22.770233154296875,9.545356750488281
0,0,0,0,21.781518936157227,22.738449096679688,9.54376220703125
0,0,0,0,21.824251174926758,22.706125259399414,9.542312622070312
0,0,0,0,21.881013870239258,22.662057876586914,9.540611267089844
0,0,0,0,21.9234561920166,22.62826919555664,9.539451599121094
0,0,0,0,21.965553283691406,22.593996047973633,9.538475036621094
0,0,0,0,22.021347045898438,22.547443389892578,9.537445068359375
0,0,0,0,22.062843322753906,22.51184844970703,9.536811828613281
0,0,0,0,22.104127883911133,22.47573471069336,9.536300659179688
0,0,0,0,22.158464431762695,22.42715072631836,9.535812377929688
0,0,0,0,22.19877815246582,22.39032554626465,9.535636901855469
0,0,0,0,22.238508224487305,22.353363037109375,9.535598754882812
0,0,0,0,22.290760040283203,22.303691864013672,9.535713195800781
0,0,0,0,22.329280853271484,22.26633071899414,9.53594970703125
0,0,0,0,22.367345809936523,22.22872543334961,9.536308288574219
0,0,0,0,22.417236328125,22.178455352783203,9.536972045898438
0,0,0,0,22.454072952270508,22.140575408935547,9.537582397460938
0,0,0,0,22.490427017211914,22.10262680053711,9.538330078125
0,0,0,0,22.538156509399414,22.051836013793945,9.539451599121094
0,0,0,0,22.573427200317383,22.01363754272461,9.54034423828125
0,0,0,0,22.608171463012695,21.975290298461914,9.541259765625
0,0,0,0,22.65386199951172,21.923934936523438,9.542510986328125
0,0,0,0,22.68756866455078,21.8852596282959,9.54345703125
0,0,0,0,22.720914840698242,21.846498489379883,9.544540405273438
0,0,0,0,22.764652252197266,21.794708251953125,9.546150207519531
0,0,0,0,22.797136306762695,21.755599975585938,9.547317504882812
0,0,0,0,22.82913589477539,21.716541290283203,9.548484802246094
0,0,0,0,22.87125587463379,21.66449546813965,9.550117492675781
0,0,0,0,22.902297973632812,21.625530242919922,9.55145263671875
0,0,0,0,22.933069229125977,21.586380004882812,9.552848815917969
0,0,0,0,22.97364616394043,21.533958435058594,9.554740905761719
0,0,0,0,23.0039005279541,21.494300842285156,9.556083679199219
0,0,0,0,23.033903121948242,21.454565048217773,9.557357788085938
0,0,0,0,23.073505401611328,21.40155601501465,9.559066772460938
0,0,0,0,23.102869033813477,21.361841201782227,9.560417175292969
0,0,0,0,23.131994247436523,21.322002410888672,9.561782836914062
0,0,0,0,23.17058563232422,21.268754959106445,9.563613891601562
0,0,0,0,23.199331283569336,21.228731155395508,9.565010070800781
0,0,0,0,23.228031158447266,21.18854331970215,9.56640625
0,0,0,0,23.26609992980957,21.13463020324707,9.568275451660156
0,0,0,0,23.29473876953125,21.093881607055664,9.56964111328125
0,0,0,0,23.323301315307617,21.05301284790039,9.570991516113281
0,0,0,0,23.361539840698242,20.99818229675293,9.572715759277344
0,0,0,0,23.390193939208984,20.956911087036133,9.573944091796875
0,0,0,0,23.418973922729492,20.91538429260254,9.575126647949219
0,0,0,0,23.457197189331055,20.859975814819336,9.576744079589844
0,0,0,0,23.485872268676758,20.818330764770508,9.578048706054688
0,0,0,0,23.51449966430664,20.776634216308594,9.579414367675781
0,0,0,0,23.552854537963867,20.720565795898438,9.581222534179688
0,0,0,0,23.581714630126953,20.678363800048828,9.582572937011719
0,0,0,0,23.610593795776367,20.63606834411621,9.584037780761719
0,0,0,0,23.649202346801758,20.57946014404297,9.586067199707031
0,0,0,0,23.67827033996582,20.53668212890625,9.587478637695312
0,0,0,0,23.707366943359375,20.493959426879883,9.5888671875
0,0,0,0,23.745891571044922,20.43735122680664,9.590835571289062
0,0,0,0,23.774694442749023,20.395023345947266,9.592460632324219
0,0,0,0,23.803340911865234,20.352771759033203,9.594200134277344
0,0,0,0,23.84172821044922,20.296192169189453,9.596580505371094
0,0,0,0,23.870540618896484,20.253562927246094,9.598335266113281
0,0,0,0,23.89952850341797,20.210668563842773,9.600051879882812
0,0,0,0,23.938220977783203,20.153301239013672,9.602394104003906
0,0,0,0,23.967493057250977,20.110021591186523,9.604148864746094
0,0,0,0,23.99686050415039,20.066661834716797,9.60589599609375
0,0,0,0,24.036314010620117,20.008522033691406,9.608238220214844
0,0,0,0,24.066020965576172,19.96490478515625,9.610008239746094
0,0,0,0,24.095888137817383,19.921165466308594,9.611801147460938
0,0,0,0,24.13589859008789,19.862773895263672,9.614227294921875
0,0,0,0,24.1660099029541,19.818838119506836,9.616058349609375
0,0,0,0,24.19620704650879,19.77496910095215,9.617950439453125
0,0,0,0,24.236488342285156,19.716472625732422,9.62054443359375
0,0,0,0,24.26677894592285,19.67261505126953,9.622543334960938
0,0,0,0,24.297035217285156,19.62883758544922,9.624565124511719
0,0,0,0,24.33744239807129,19.570613861083984,9.627250671386719
0,0,0,0,24.367555618286133,19.527284622192383,9.629371643066406
0,0,0,0,24.397682189941406,19.484060287475586,9.631637573242188
0,0,0,0,24.437856674194336,19.426469802856445,9.634757995605469
0,0,0,0,24.468225479125977,19.383155822753906,9.637031555175781
0,0,0,0,24.498537063598633,19.33997344970703,9.639305114746094
0,0,0,0,24.539018630981445,19.28255844116211,9.642295837402344
0,0,0,0,24.56920623779297,19.239774703979492,9.644447326660156
0,0,0,0,24.599294662475586,19.197214126586914,9.646598815917969
0,0,0,0,24.639015197753906,19.141157150268555,9.649589538574219
0,0,0,0,24.668630599975586,19.099401473999023,9.651878356933594
0,0,0,0,24.69807243347168,19.05789566040039,9.654197692871094
0,0,0,0,24.737133026123047,19.00284194946289,9.657272338867188
0,0,0,0,24.76631736755371,18.9617977142334,9.659629821777344
0,0,0,0,24.795379638671875,18.920894622802734,9.662071228027344
0,0,0,0,24.834152221679688,18.866464614868164,9.665397644042969
0,0,0,0,24.863117218017578,18.82571029663086,9.667922973632812
0,0,0,0,24.89211654663086,18.785072326660156,9.670463562011719
0,0,0,0,24.9305477142334,18.73122215270996,9.673934936523438
0,0,0,0,24.95932960510254,18.690929412841797,9.676742553710938
0,0,0,0,24.988008499145508,18.650676727294922,9.679695129394531
0,0,0,0,25.02651023864746,18.59661102294922,9.68377685546875
0,0,0,0,25.05550193786621,18.555835723876953,9.686981201171875
0,0,0,0,25.08477783203125,18.51468849182129,9.690315246582031
0,0,0,0,25.124189376831055,18.459285736083984,9.694915771484375
0,0,0,0,25.154184341430664,18.417116165161133,9.698455810546875
0,0,0,0,25.184463500976562,18.37453269958496,9.702079772949219
0,0,0,0,25.22539710998535,18.316913604736328,9.707023620605469
0,0,0,0,25.256467819213867,18.27322006225586,9.710830688476562
0,0,0,0,25.2878475189209,18.229068756103516,9.714691162109375
0,0,0,0,25.33016014099121,18.169654846191406,9.719833374023438
0,0,0,0,25.362178802490234,18.12468719482422,9.723670959472656
0,0,0,0,25.39451789855957,18.079425811767578,9.72747802734375
0,0,0,0,25.437898635864258,18.018667221069336,9.732498168945312
0,0,0,0,25.470731735229492,17.972774505615234,9.736152648925781
0,0,0,0,25.50360107421875,17.926729202270508,9.739753723144531
0,0,0,0,25.547712326049805,17.864957809448242,9.74444580078125
0,0,0,0,25.580835342407227,17.818527221679688,9.747894287109375
0,0,0,0,25.614118576049805,17.771846771240234,9.751274108886719
0,0,0,0,25.65851593017578,17.70946502685547,9.755722045898438
0,0,0,0,25.691991806030273,17.662416458129883,9.759017944335938
0,0,0,0,25.725479125976562,17.61532211303711,9.762298583984375
0,0,0,0,25.770238876342773,17.552276611328125,9.766693115234375
0,0,0,0,25.803831100463867,17.50495147705078,9.769920349121094
0,0,0,0,25.837461471557617,17.457521438598633,9.773086547851562
0,0,0,0,25.882282257080078,17.394315719604492,9.777244567871094
0,0,0,0,25.915851593017578,17.34687614440918,9.780296325683594
0,0,0,0,25.949419021606445,17.299461364746094,9.7833251953125
0,0,0,0,25.99410057067871,17.23618507385254,9.787284851074219
0,0,0,0,26.02764129638672,17.188655853271484,9.79022216796875
0,0,0,0,26.061050415039062,17.141149520874023,9.793144226074219
0,0,0,0,26.105653762817383,17.077762603759766,9.797027587890625
0,0,0,0,26.139007568359375,17.03028678894043,9.799911499023438
0,0,0,0,26.172454833984375,16.982755661010742,9.802764892578125
0,0,0,0,26.216880798339844,16.919538497924805,9.806495666503906
0,0,0,0,26.250267028808594,16.872102737426758,9.809226989746094
0,0,0,0,26.2835750579834,16.824769973754883,9.811851501464844
0,0,0,0,26.328092575073242,16.761560440063477,9.815139770507812
0,0,0,0,26.361446380615234,16.714214324951172,9.817459106445312
0,0,0,0,26.39483070373535,16.666820526123047,9.819648742675781
0,0,0,0,26.43929100036621,16.603736877441406,9.822395324707031
0,0,0,0,26.472660064697266,16.556411743164062,9.824317932128906
0,0,0,0,26.50603485107422,16.509126663208008,9.826126098632812
0,0,0,0,26.550561904907227,16.446081161499023,9.828399658203125
0,0,0,0,26.58405876159668,16.398818969726562,9.83001708984375
0,0,0,0,26.617544174194336,16.351572036743164,9.831565856933594
0,0,0,0,26.66233253479004,16.288524627685547,9.833465576171875
0,0,0,0,26.6959285736084,16.241233825683594,9.83477783203125
0,0,0,0,26.729663848876953,16.193889617919922,9.835990905761719
0,0,0,0,26.774568557739258,16.130874633789062,9.837455749511719
0,0,0,0,26.80832290649414,16.083667755126953,9.838417053222656
0,0,0,0,26.841888427734375,16.036693572998047,9.839271545410156
0,0,0,0,26.88654899597168,15.974416732788086,9.840278625488281
0,0,0,0,26.91976547241211,15.928214073181152,9.840988159179688
0,0,0,0,26.952808380126953,15.882380485534668,9.841651916503906
0,0,0,0,26.996315002441406,15.822212219238281,9.842483520507812
0,0,0,0,27.02848243713379,15.777746200561523,9.843086242675781
0,0,0,0,27.060144424438477,15.734070777893066,9.843643188476562
0,0,0,0,27.101545333862305,15.677084922790527,9.844314575195312
0,0,0,0,27.131912231445312,15.635438919067383,9.844795227050781
0,0,0,0,27.161563873291016,15.59475326538086,9.845230102539062
0,0,0,0,27.200029373168945,15.542163848876953,9.845726013183594
0,0,0,0,27.22794532775879,15.504020690917969,9.846015930175781
0,0,0,0,27.255157470703125,15.46697998046875,9.84625244140625
0,0,0,0,27.290096282958984,15.419455528259277,9.846420288085938
0,0,0,0,27.3154296875,15.385184288024902,9.846481323242188
0,0,0,0,27.339807510375977,15.35223388671875,9.846458435058594
                                                                                                                                                                                                                                                                                                                                                                                                                                                                                                                                                                                                                                                                                                                                                                                                                                                                                                                                                                                                                                                                                                                                                                                                                                                                                                                                                                                                                                                                                                                                                                                                                                                                                                                                                                                                                                                                                                                                                                                                                                                                                                                                                                                                                                                                                                                                                                                                                                                                                                                                                                                                                                                                                                                                                                                                                                                                                                                                                                                                                                                                                                                                                                                                                                                                                                                                                                                                                                                                                                                                                                                                                                                                                                                                                                                                                                                                                                                                                                                                                                                                                                                                                                                                                                                                                                                                                                                                                                                                                                                                                                                                                                                                                                                                                                                                                                                                                                                                                                                                                                                                                                                                                                                                                                                                                                                                                                                                                                                                                                                                                                                                                                                                                                                                                                                                                                                                                                                                                                                                                                                                                                                                                                                                                                                                                                                                                                                                                                                                                                                                                                                                                                                                                                                                                                                                                                                                                                                                                                                                                                                                                                                                                                                                                                                                                                                                                                                                                                                                                                                                                                                                                                                                                                                                                                                                                                                                                                                                                                                                                                                                                                                                                                                                                                                                                                                                                                                                                                                                                                                                                                                                                                                                                                                                                                                                                                                                                                                                                                                                                                                                                                                                                                                                                                                                                                                                                                                                                                                                                                                                                                                                                                                                                                                                                                                                                                                                                                                                                                                                                                                                                                                                                                                                                                                                                                                                                                                                                                                                                                                                                                                                                                                                                                                                                                                                                                                                                                                                                                                                                                                                                                                                                                                                                                                                                                                                                                                                                                                                                                                                                                                                                                                                                                                                                                                                                                                                                                                                                                                                                                                                                                                                                                                                                                                                                                                                                                                                                                                                                                                                                                                                                                                                                                                                                                                                                                                                                                                                                                                                                                                                                                                                                                                                                                                                                                                                                                                                                                                                                                                                                                                                                                                                                                                                                                                                                                                                                                                                                                                                                                                                                                                                                                                                                                                                                                                                                                                                                                                                                                                                                                                                                                                                                                                                                                                                                                                                                                                                                                                                                                                                                                                                                                                                                                                                                                                                                                                                                                                                                                                                                                                                                                                                                                                                                                                                                                                                                                                                                                                                                                                                                                                                                                                                                                                                                                                                                                                                                                                                                                                                                                                                                                                                                                                                                                                                                                                                                                                                                                                                                                                                                                                                                                                                                                                                                                                                                                                                                                                                                                                                                                                                                                                                                                                                                                                                                                                                                                                                                                                                                                                                                                                                                                                                                                                                                                                                                                                                                                                                                                                                                                                                                                                                                                                                                                                                                                                                                                                                                                                                                                                                                                                                                                                                                                                                                                                                                                                                                                                                                                                                                                                                                                                                                                                                                                                                                                                                                                                                                                                                                                                                                                                                                                                                                                                                                                                                                                                                                                                                                                                                                                                                                                                                                                                                                                                                                                                                                                                                                                                                                                                                                                                                                                                                                                                                                                                                                                                                                                                                                                                                                                                                                                                                                                                                                                                                                                                                                                                                                                                                                                                                                                                                                                                                                                                                                                                                                                                                                                                                                                                                                                                                                                                                                                                                                                                                                                                                                                                                                                                                                                                                                                                                                                                                                                                                                                                                                                                                                                                                                                                                                                                                                                                                                                                                                                                                                                                                                                                                                                                                                                                                                                                                                                                                                                                                                                                                                                                                                                                                                                                                                                                                                                                                                                                                                                                                                                                                                                                                                                                                                                                                                                                                                                                                                                                                                                                                                                                                                                                                                                                                                                                                                                                                                                                                                                                                                                                                                                                                                                                                                                                                                                                                                                                                                                                                                                                                                                                                                                                                                                                                                                                                                                                                                                                                                                                                                                                                                                                                                                                                                                                                                                                                                                                                                                                                                                                                                                                                                                                                                                                                                                                                                                                                                                                                                                                                                                                                                                                                                                                                                                                                                                                                                                                                                                                                                                                                                                                                                                                                                                                                                                                                                                                                                                                                                                                                                                                                                                                                                                                                                                                                                                                                                                                                                                                                                                                                                                                                                                                                                                                                                                                                                                                                                                                                                                                                                                                                                                                                                                                                                                                                                                                                                                                                                                                                                                                                                                                                                                                                                                                                                                                                                                                                                                                                                                                                                                                                                                                                                                                                                                                                                                                                                                                                                                                                                                                                                                                                                                                                                                                                                                                                                                                                                                                                                                                                                                                                                                                                                                                                                                                                                                                                                                                                                                                                                                                                                                                                                                                                                                                                                                                                                                                                                                                                                                                                                                                                                                                                                                                                                                                                                                                                                                                                                                                                                                                                                                                                                                                                                                                                                                                                                                                                                                                                                                                                                                                                                                                                                                                                                                                                                                                                                                                                                                                                                                                                                                                                                                                                                                                                                                                                                                                                                                                                                                                                                                                                                                                                                                                                                                                                                                                                                                                                                                                                                                                                                                                                                                                                                                                                                                                                                                                                                                                                                                                                                                                                                                                                                                                                                                                                                                                                                                                                                                                                                                                                                                                                                                                                                                                                                                                                                                                                                                                                                                                                                                                                                                                                                                                                                                                                                                                                                                                                                                                                                                                                                                                                                                                                                                                                                                                                                                                                                                                                                                                                                                                                                                                                                                                                                                                                                                                                                                                                                                                                                                                                                                                                                                                                                                                                                                                                                                                                                                                                                                                                                                                                                                                                                                                                                                                                                                                                                                                                                                                                                                                                                                                                                                                                                                                                                                                                                                                                                                                                                                                                                                                                                                                                                                                                                                                                                                                                                                                                                                                                                                                                                                                                                                                                                                                                                                                                                                                                                                                                                                                                                                                                                                                                                                                                                                                                                                                                                                                                                                                                                                                                                                                                                                                                                                                                                                                                                                                                                                                                                                                                                                                                                                                                                                                                                                                                                                                                                                                                                                                                                                                                                                                                                                                                                                                                                                                                                                                                                                                                                                                                                                                                                                                                                                                                                                                                                                                                                                                                                                                                                                                                                                                                                                                                                                                                                                                                                                                                                                                                                                                                                                                                                                                                                                                                                                                                                                                                                                                                                                                                                                                                                                                                                                                                                                                                                                                                                                                                                                                                                                                                                                                                                                                                                                                                                                                                                                                                                                                                                                                                                                                                                                                                                                                                                                                                                                                                                                                                                                                                                                                                                                                                                                                                                                                                                                                                                                                                                                                                                                                                                                                                                                                                                                                                                                                                                                                                                                                                                                                                                                                                                                                                                                                                                                                                                                                                                                                                                                                                                                                                                                                                                                                                                                                                                                                                                                                                                                                                                                                                                                                                                                                                                                                                                                                                                                                                                                                                                                                                                                                                                                                                                                                                                                                                                                                                                                                                                                                                                                                                                                                                                                                                                                                                                                                                                                                                                                                                                                                                                                                                                                                                                                                                                                                                                                                                                                                                                                                                                                                                                                                                                                                                                                                                                                                                                                                                                                                                                                                                                                                                                                                                                                                                                                                                                                                                                                                                                                                                                                                                                                                                                                                                                                                                                                                                                                                                                                                                                                                                                                                                                                                                                                                                                                                                                                                                                                                                                                                                                                                                                                                                                                                                                                                                                                                                                                                                                                                                                                                                                                                                                                                                                                                                                                                                                                                                                                                                                                                                                                                                                                                                                                                                                                                                                                                                                                                                                                                                                                                                                                                                                                                                                                                                                                                                                                                                                                                                                                                                                                                                                                                                                                                                                                                                                                                                                                                                                                                                                                                                                                                                                                                                                                                                                                                                                                                                                                                                                                                                                                                                                                                                                                                                                                                                                                                                                                                                                                                                                                                                                                                                                                                                                                                                                                                                                                                                                                                                                                                                                                                                                                                                                                                                                                                                                                                                                                                                                                                                                                                                                                                                                                                                                                                                                                                                                                                                                                                                                                                                                                                                                                                                                                                                                                                                                                                                                                                                                                                                                                                                                                                                                                                                                                                                                                                                                                                                                                                                                                                                                                                                                                                                                                                                                                                                                                                                                                                                                                                                                                                                                                                                                                                                                                                                                                                                                                                                                                                                                                                                                                                                                                                                                                                                                                                                                                                                                                                                                                                                                                                                                                                                                                                                                                                                                                                                                                                                                                                                                                                                                                                                                                                                                                                                                                                                                                                                                                                                                                                                                                                                                                                                                                                                                                                                                                                                                                                                                                                                                                                                                                                                                                                                                                                                                                                                                                                                                                                                                                                                                                                                                                                                                                                                                                                                                                                                                                                                                                                                                                                                                                                                                                                                                                                                                                                                                                                                                                                                                                                                                                                                                                                                                                                                                                                                                                                                                                                                                                                                                                                                                                                                                                                                                                                                                                                                                                                                                                                                                                                                                                                                                                                                                                                                                                                                                                                                                                                                                                                                                                                                                                                                                                                                                                                                                                                                                                                                                                                                                                                                                                                                                                                                                                                                                                                                                                                                                                                                                                                                                                                                                                                                                                                                                                                                                                                                                                                                                                                                                                                                                                                                                                                                                                                                                                                                                                                                                                                                                                                                                                                                                                                                                                                                                                                                                                                                                                                                                                                                                                                                                                                                                                                                                                                                                                                                                                                                                                                                                                                                                                                                                                                                                                                                                                                                                                                                                                                                                                                                                                                                                                                                                                                                                                                                                                                                                                                                                                                                                                                                                                                                                                                                                                                                                                                                                                                                                                                                                                                                                                                                                                                                                                                                                                                                                                                                                                                                                                                                                                                                                                                                                                                                                                                                                                                                                                                                                                                                                                                                                                                                                                                                                                                                                                                                                                                                                                                                                                                                                                                                                                                                                                                                                                                                                                                                                                                                                                                                                                                                                                                                                                                                                                                                                                                                                                                                                                                                                                                                                                                                                                                                                                                                                                                                                                                                                                                                                                                                                                                                                                                                                                                                                                                                                                                                                                                                                                                                                                                                                                                                                                                                                                                                                                                                                                                                                                                                                                                                                                                                                                                                                                                                                                                                                                                                                                                                                                                                                                                                                                                                                                                                                                                                                                                                                                                                                                                                                                                                                                                                                                                                                                                                                                                                                                                                                                                                                                                                                                                                                                                                                                                                                                                                                                                                                                                                                                                                                                                                                                                                                                                                                                                                                                                                                                                                                                                                                                                                                                                                                                                                                                                                                                                                                                                                                                                                                                                                                                                                                                                                                                                                                                                                                                                                                                                                                                                                                                                                                                                                                                                                                                                                                                                                                                                                                                                                                                                                                                                                                                                                                                                                                                                                                                                                                                                                                                                                                                                                                                                                                                                                                                                                                                                                                                                                                                                                                                                                                                                                                                                                                                                                                                                                                                                                                                                                                                                                                                                                                                                                                                                                                                                                                                                                                                                                                                                                                                                                                                                                                                                                                                                                                                                                                                                                                                                                                                                                                                                                                                                                                                                                                                                                                                                                                                                                                                                                                                                                                                                                                                                                                                                                                                                                                                                                                                                                                                                                                                                                                                                                                                                                                                                                                                                                                                                                                                                                                                                                                                                                                                                                                                                                                                                                                                                                                                                                                                                                                                                                                                                                                                                                                                                                                                                                                                                                                                                                                                                                                                                                                                                                                                                                                                                                                                                                                                                                                                                                                                                                                                                                                                                                                                                                                                                                                                                                                                                                                                                                                                                                                                                                                                                                                                                                                                                                                                                                                                                                                                                                                                                                                                                                                                                                                                                                                                                                                                                                                                                                                                                                                                                                                                                                                                                                                                                                                                                                                                                                                                                                                                                                                                                                                                                                                                                                                                                                                                                                                                                                                                                                                                                                                                                                                                                                                                                                                                                                                                                                                                                                                                                                                                                                                                                                                                                                                                                                                                                                                                                                                                                                                                                                                                                                                                                                                                                                                                                                                                                                                                                                                                                                                                                                                                                                                                                                                                                                                                                                                                                                                                                                                                                                                                                                                                                                                                                                                                                                                                                                                                                                                                                                                                                                                                                                                                                                                                                                                                                                                                                                                                                                                                                                                                                                                                                                                                                                                                                                                                                                                                                                                                                                                                                                                                                                                                                                                                                                                                                                                                                                                                                                                                                                                                                                                                                                                                                                                                                                                                                                                                                                                                                                                                                                                                                                                                                                                                                                                                                                                                                                                                                                                                                                                                                                                                                                                                                                                                                                                                                                                                                                                                                                                                                                                                                                                                                                                                                                                                                                                                                                                                                                                                                                                                                                                                                                                                                                                                                                                                                                                                                                                                                                                                                                                                                                                                                                                                                                                                                                                                                                                                                                                                                                                                                                                                                                                                                                                                                                                                                                                                                                                                                                                                                                                                                                                                                                                                                                                                                                                                                                                                                                                                                                                                                                                                                                                                                                                                                                                                                                                                                                                                                                                                                                                                                                                                                                                                                                                                                                                                                                                                                                                                                                                                                                                                                                                                                                                                                                                                                                                                                                                                                                                                                                                                                                                                                                                                                                                                                                                                                                                                                                                                                                                                                                                                                                                                                                                                                                                                                                                                                                                                                                                                                                                                                                                                                                                                                                                                                                                                                                                                                                                                                                                                                                                                                                                                                                                                                                                                                                                                                                                                                                                                                                                                                                                                                                                                                                                                                                                                                                                                                                                                                                                                                                                                                                                                                                                                                                                                                                                                                                                                                                                                                                                                                                                                                                                                                                                                                                                                                                                                                                                                                                                                                                                                                                                                                                                                                                                                                                                                                                                                                                                                                                                                                                                                                                                                                                                                                                                                                                                                                                                                                                                                                                                                                                                                                                                                                                                                                                                                                                                                                                                                                                                                                                                                                                                                                                                                                                                                                                                                                                                                                                                                                                                                                                                                                                                                                                                                                                                                                                                                                                                                                                                                                                                                                                                                                                                                                                                                                                                                                                                                                                                                                                                                                                                                                                                                                                                                                                                                                                                                                                                                                                                                                                                                                                                                                                                                                                                                                                                                                                                                                                                                                                                                                                                                                                                                                                                                                                                                                                                                                                                                                                                                                                                                                                                                                                                                                                                                                                                                                                                                                                                                                                                                                                                                                                                                                                                                                                                                                                                                                                                                                                                                                                                                                                                                                                                                                                                                                                                                                                                                                                                                                                                                                                                                                                                                                                                                                                                                                                                                                                                                                                                                                                                                                                                                                                                                                                                                                                                                                                                                                                                                                                                                                                                                                                                                                                                                                                                                                                                                                                                                                                                                                                                                                                                                                                                                                                                                                                                                                                                                                                                                                                                                                                                                                                                                                                                                                                                                                                                                                                                                                                                                                                                                                                                                                                                                                                                                                                                                                                                                                                                                                                                                                                                                                                                                                                                                                                                                                                                                                                                                                                                                                                                                                                                                                                                                                                                                                                                                                                                                                                                                                                                                                                                                                                                                                                                                                                                                                                                                                                                                                                                                                                                                                                                                                                                                                                                                                                                                                                                                                                                                                                                                                                                                                                                                                                                                                                                                                                                                                                                                                                                                                                                                                                                                                                                                                                                                                                                                                                                                                                                                                                                                                                                                                                                                                                                                                                                                                                                                                                                                                                                                                                                                                                                                                                                                                                                                                                                                                                                                                                                                                                                                                                                                                                                                                                                                                                                                                                                                                                                                                                                                                                                                                                                                                                                                                                                                                                                                                                                                                                                                                                                                                                                                                                                                                                                                                                                                                                                                                                                                                                                                                                                                                                                                                                                                                                                                                                                                                                                                                                                                                                                                                                                                                                                                                                                                                                                                                                                                                                                                                                                                                                                                                                                                                                                                                                                                                                                                                                                                                                                                                                                                                                                                                                                                                                                                                                                                                                                                                                                                                                                                                                                                                                                                                                                                                                                                                                                                                                                                                                                                                                                                                                                                                                                                                                                                                                                                                                                                                                                                                                                                                                                                                                                                                                                                                                                                                                                                                                                                                                                                                                                                                                                                                                                                                                                                                                                                                                                                                                                                                                                                                                                                                                                                                                                                                                                                                                                                                                                                                                                                                                                                                                                                                                                                                                                                                                                                                                                                                                                                                                                                                                                                                                                                                                                                                                                                                                                                                                                                                                                                                                                                                                                                                                                                                                                                                                                                                                                                                                                                                                                                                                                                                                                                                                                                                                                                                                                                                                                                                                                                                                                                                                                                                                                                                                                                                                                                                                                                                                                                                                                                                                                                                                                                                                                                                                                                                                                                                                                                                                                                                                                                                                                                                                                                                                                                                                                                                                                                                                                                                                                                                                                                                                                                                                                                                                                                                                                                                                                                                                                                                                                                                                                                                                                                                                                                                                                                                                                                                                                                                                                                                                                                                                                                                                                                                                                                                                                                                                                                                                                                                                                                                                                                                                                                                                                                                                                                                                                                                                                                                                                                                                                                                                                                                                                                                                                                                                                                                                                                                                                                                                                                                                                                                                                                                                                                                                                                                                                                                                                                                                                                                                                                                                                                                                                                                                                                                                                                                                                                                                                                                                                                                                                                                                                                                                                                                                                                                                                                                                                                                                                                                                                                                                                                                                                                                                                                                                                                                                                                                                                                                                                                                                                                                                                                                                                                                                                                                                                                                                                                                                                                                                                                                                                                                                                                                                                                                                                                                                                                                                                                                                                                                                                                                                                                                                                                                                                                                                                                                                                                                                                                                                                                                                                                                                                                                                                                                                                                                                                                                                                                                                                                                                                                                                                                                                                                                                                                                                                                                                                                                                                                                                                                                                                                                                                                                                                                                                                                                                                                                                                                                                                                                                                                                                                                                                                                                                                                                                                                                                                                                                                                                                                                                                                                                                                                                                                                                                                                                                                                                                                                                                                                                                                                                                                                                                                                                                                                                                                                                                                                                                                                                                                                                                                                                                                                                                                                                                                                                                                                                                                                                                                                                                                                                                                                                                                                                                                                                                                                                                                                                                                                                                                                                                                                                                                                                                                                                                              0,0,0,0,10.874444961547852,23.175899505615234,9.892242431640625
0,0,0,0,10.874128341674805,23.1756534576416,9.891761779785156
0,0,0,0,10.873811721801758,23.175323486328125,9.89111328125
0,0,0,0,10.873510360717773,23.175153732299805,9.89068603515625
0,0,0,0,10.873278617858887,23.174922943115234,9.890327453613281
0,0,0,0,10.872827529907227,23.1746768951416,9.889915466308594
0,0,0,0,10.872566223144531,23.1744384765625,9.889656066894531
0,0,0,0,10.872239112854004,23.174320220947266,9.889450073242188
0,0,0,0,10.871892929077148,23.17412567138672,9.889175415039062
0,0,0,0,10.871548652648926,23.174070358276367,9.888969421386719
0,0,0,0,10.871247291564941,23.173973083496094,9.888771057128906
0,0,0,0,10.87076473236084,23.17399787902832,9.888511657714844
0,0,0,0,10.870444297790527,23.173965454101562,9.888313293457031
0,0,0,0,10.870116233825684,23.174034118652344,9.888107299804688
0,0,0,0,10.86967945098877,23.174043655395508,9.887794494628906
0,0,0,0,10.869390487670898,23.174087524414062,9.887519836425781
0,0,0,0,10.869112014770508,23.1740779876709,9.887229919433594
0,0,0,0,10.868864059448242,23.17410659790039,9.886863708496094
0,0,0,0,10.868685722351074,23.174152374267578,9.886772155761719
0,0,0,0,10.86861801147461,23.17417335510254,9.886917114257812
0,0,0,0,10.868511199951172,23.17426109313965,9.887741088867188
0,0,0,0,10.86858081817627,23.174285888671875,9.889060974121094
0,0,0,0,10.868612289428711,23.17440414428711,9.891098022460938
0,0,0,0,10.868824005126953,23.17446517944336,9.895210266113281
0,0,0,0,10.868934631347656,23.174564361572266,9.899459838867188
0,0,0,0,10.869146347045898,23.174579620361328,9.904731750488281
0,0,0,0,10.869392395019531,23.174734115600586,9.913421630859375
0,0,0,0,10.869670867919922,23.174779891967773,9.921234130859375
0,0,0,0,10.869951248168945,23.17491912841797,9.930183410644531
0,0,0,0,10.87043571472168,23.17498016357422,9.943878173828125
0,0,0,0,10.87083625793457,23.1750545501709,9.955390930175781
0,0,0,0,10.871245384216309,23.17508316040039,9.967941284179688
0,0,0,0,10.871808052062988,23.17521095275879,9.985946655273438
0,0,0,0,10.872200965881348,23.17531967163086,10.000282287597656
0,0,0,0,10.8726167678833,23.175458908081055,10.015083312988281
0,0,0,0,10.873051643371582,23.175697326660156,10.035179138183594
0,0,0,0,10.873400688171387,23.175888061523438,10.050323486328125
0,0,0,0,10.873638153076172,23.1761531829834,10.065376281738281
0,0,0,0,10.874019622802734,23.176525115966797,10.085136413574219
0,0,0,0,10.87420654296875,23.176937103271484,10.099533081054688
0,0,0,0,10.874464988708496,23.177284240722656,10.113410949707031
0,0,0,0,10.87465763092041,23.177783966064453,10.13092041015625
0,0,0,0,10.874863624572754,23.178054809570312,10.143287658691406
0,0,0,0,10.874968528747559,23.17840576171875,10.1549072265625
0,0,0,0,10.875120162963867,23.178726196289062,10.169189453125
0,0,0,0,10.875150680541992,23.178983688354492,10.179023742675781
0,0,0,0,10.875168800354004,23.179094314575195,10.188148498535156
0,0,0,0,10.875142097473145,23.17926597595215,10.199142456054688
0,0,0,0,10.875054359436035,23.179386138916016,10.206535339355469
0,0,0,0,10.874955177307129,23.179567337036133,10.213279724121094
0,0,0,0,10.874787330627441,23.179767608642578,10.221405029296875
0,0,0,0,10.874722480773926,23.179859161376953,10.226943969726562
0,0,0,0,10.874587059020996,23.179929733276367,10.2320556640625
0,0,0,0,10.874485969543457,23.179977416992188,10.238304138183594
0,0,0,0,10.874367713928223,23.180036544799805,10.242637634277344
0,0,0,0,10.874374389648438,23.18003273010254,10.246711730957031
0,0,0,0,10.874327659606934,23.180103302001953,10.251762390136719
0,0,0,0,10.874407768249512,23.180065155029297,10.255325317382812
0,0,0,0,10.874444007873535,23.180095672607422,10.258750915527344
0,0,0,0,10.874619483947754,23.180002212524414,10.26318359375
0,0,0,0,10.874737739562988,23.17999839782715,10.266433715820312
0,0,0,0,10.874943733215332,23.17989158630371,10.269645690917969
0,0,0,0,10.875191688537598,23.179841995239258,10.27386474609375
0,0,0,0,10.875417709350586,23.179765701293945,10.277008056640625
0,0,0,0,10.875649452209473,23.17975616455078,10.280128479003906
0,0,0,0,10.875946044921875,23.179691314697266,10.284278869628906
0,0,0,0,10.876235008239746,23.179685592651367,10.287345886230469
0,0,0,0,10.876508712768555,23.179691314697266,10.290390014648438
0,0,0,0,10.876931190490723,23.17969512939453,10.294357299804688
0,0,0,0,10.877177238464355,23.17973518371582,10.297264099121094
0,0,0,0,10.877510070800781,23.179723739624023,10.300140380859375
0,0,0,0,10.877847671508789,23.17976188659668,10.303878784179688
0,0,0,0,10.878174781799316,23.17974281311035,10.306594848632812
0,0,0,0,10.878503799438477,23.179840087890625,10.310104370117188
0,0,0,0,10.878783226013184,23.17983627319336,10.312667846679688
0,0,0,0,10.878966331481934,23.179943084716797,10.315162658691406
0,0,0,0,10.879225730895996,23.179946899414062,10.317626953125
0,0,0,0,10.879460334777832,23.18006706237793,10.320846557617188
0,0,0,0,10.879600524902344,23.180112838745117,10.323188781738281
0,0,0,0,10.879680633544922,23.18028450012207,10.325477600097656
0,0,0,0,10.879743576049805,23.18048095703125,10.32843017578125
0,0,0,0,10.879781723022461,23.180667877197266,10.330558776855469
0,0,0,0,10.879770278930664,23.180830001831055,10.332656860351562
0,0,0,0,10.879737854003906,23.181074142456055,10.33538818359375
0,0,0,0,10.879652976989746,23.18124008178711,10.337379455566406
0,0,0,0,10.879636764526367,23.181385040283203,10.339393615722656
0,0,0,0,10.879504203796387,23.181589126586914,10.342071533203125
0,0,0,0,10.879437446594238,23.18168067932129,10.344024658203125
0,0,0,0,10.879239082336426,23.18178939819336,10.345954895019531
0,0,0,0,10.879019737243652,23.18182373046875,10.348434448242188
0,0,0,0,10.878719329833984,23.18187141418457,10.350242614746094
0,0,0,0,10.878449440002441,23.181800842285156,10.352043151855469
0,0,0,0,10.87795352935791,23.18180274963379,10.354354858398438
0,0,0,0,10.877619743347168,23.18170738220215,10.356002807617188
0,0,0,0,10.877204895019531,23.181655883789062,10.357566833496094
0,0,0,0,10.876639366149902,23.181467056274414,10.359474182128906
0,0,0,0,10.876190185546875,23.181386947631836,10.360763549804688
0,0,0,0,10.875743865966797,23.181270599365234,10.3619384765625
0,0,0,0,10.87512493133545,23.181184768676758,10.363395690917969
0,0,0,0,10.87468147277832,23.18113136291504,10.364356994628906
0,0,0,0,10.874309539794922,23.18109893798828,10.365211486816406
0,0,0,0,10.873771667480469,23.181114196777344,10.366249084472656
0,0,0,0,10.873448371887207,23.181129455566406,10.366928100585938
0,0,0,0,10.87303638458252,23.18122100830078,10.367538452148438
0,0,0,0,10.872621536254883,23.18134307861328,10.368278503417969
0,0,0,0,10.87222957611084,23.18150520324707,10.368804931640625
0,0,0,0,10.87195110321045,23.181604385375977,10.369293212890625
0,0,0,0,10.871495246887207,23.181793212890625,10.370002746582031
0,0,0,0,10.871244430541992,23.181861877441406,10.370529174804688
0,0,0,0,10.870964050292969,23.18205451965332,10.371070861816406
0,0,0,0,10.870725631713867,23.1822509765625,10.371772766113281
0,0,0,0,10.870550155639648,23.182470321655273,10.372329711914062
0,0,0,0,10.870414733886719,23.182607650756836,10.372879028320312
0,0,0,0,10.870220184326172,23.182832717895508,10.373603820800781
0,0,0,0,10.870083808898926,23.182960510253906,10.374092102050781
0,0,0,0,10.869970321655273,23.183088302612305,10.374542236328125
0,0,0,0,10.869795799255371,23.18317413330078,10.375053405761719
0,0,0,0,10.869722366333008,23.183155059814453,10.375419616699219
0,0,0,0,10.869589805603027,23.183095932006836,10.375801086425781
0,0,0,0,10.869512557983398,23.182910919189453,10.376266479492188
0,0,0,0,10.869388580322266,23.182783126831055,10.3765869140625
0,0,0,0,10.86937141418457,23.182546615600586,10.376861572265625
0,0,0,0,10.869281768798828,23.18230628967285,10.377182006835938
0,0,0,0,10.869292259216309,23.182056427001953,10.377395629882812
0,0,0,0,10.869247436523438,23.18192481994629,10.377540588378906
0,0,0,0,10.869324684143066,23.18167495727539,10.377723693847656
0,0,0,0,10.86935043334961,23.18157958984375,10.377861022949219
0,0,0,0,10.869441032409668,23.181413650512695,10.37799072265625
0,0,0,0,10.86950969696045,23.18130111694336,10.378120422363281
0,0,0,0,10.869587898254395,23.181201934814453,10.378204345703125
0,0,0,0,10.86966609954834,23.1811580657959,10.378326416015625
0,0,0,0,10.869763374328613,23.181114196777344,10.378547668457031
0,0,0,0,10.869855880737305,23.181102752685547,10.378746032714844
0,0,0,0,10.86991024017334,23.18109893798828,10.378990173339844
0,0,0,0,10.870012283325195,23.181081771850586,10.379402160644531
0,0,0,0,10.870020866394043,23.18107032775879,10.379714965820312
0,0,0,0,10.870092391967773,23.181001663208008,10.38006591796875
0,0,0,0,10.870084762573242,23.180959701538086,10.380592346191406
0,0,0,0,10.870156288146973,23.180828094482422,10.381019592285156
0,0,0,0,10.87015151977539,23.180736541748047,10.3814697265625
0,0,0,0,10.870280265808105,23.18047332763672,10.382095336914062
0,0,0,0,10.870316505432129,23.180356979370117,10.382598876953125
0,0,0,0,10.870441436767578,23.180118560791016,10.383125305175781
0,0,0,0,10.870538711547852,23.179841995239258,10.383857727050781
0,0,0,0,10.87064266204834,23.179563522338867,10.384445190429688
0,0,0,0,10.870712280273438,23.179393768310547,10.385047912597656
0,0,0,0,10.870820999145508,23.17909049987793,10.385879516601562
0,0,0,0,10.870927810668945,23.17887306213379,10.386489868164062
0,0,0,0,10.871026992797852,23.178653717041016,10.387077331542969
0,0,0,0,10.871213912963867,23.178394317626953,10.387863159179688
0,0,0,0,10.871298789978027,23.17819595336914,10.388435363769531
0,0,0,0,10.871461868286133,23.17800521850586,10.388961791992188
0,0,0,0,10.87161636352539,23.17780303955078,10.389625549316406
0,0,0,0,10.871811866760254,23.17761993408203,10.390090942382812
0,0,0,0,10.871925354003906,23.17750358581543,10.390495300292969
0,0,0,0,10.87218189239502,23.17730712890625,10.390945434570312
0,0,0,0,10.872309684753418,23.177261352539062,10.391212463378906
0,0,0,0,10.872514724731445,23.17711067199707,10.391426086425781
0,0,0,0,10.872648239135742,23.176965713500977,10.391639709472656
0,0,0,0,10.872767448425293,23.176773071289062,10.391769409179688
0,0,0,0,10.872798919677734,23.176671981811523,10.391860961914062
0,0,0,0,10.872848510742188,23.1763916015625,10.3919677734375
0,0,0,0,10.872818946838379,23.176206588745117,10.392066955566406
0,0,0,0,10.87275218963623,23.17594337463379,10.392135620117188
0,0,0,0,10.87263011932373,23.175601959228516,10.392166137695312
0,0,0,0,10.872490882873535,23.175312042236328,10.392135620117188
0,0,0,0,10.872395515441895,23.175012588500977,10.392013549804688
0,0,0,0,10.872241020202637,23.174571990966797,10.391731262207031
0,0,0,0,10.872234344482422,23.174184799194336,10.391471862792969
0,0,0,0,10.872171401977539,23.17381477355957,10.391166687011719
0,0,0,0,10.872270584106445,23.173233032226562,10.390701293945312
0,0,0,0,10.872326850891113,23.1728458404541,10.390296936035156
0,0,0,0,10.872523307800293,23.172372817993164,10.38983154296875
0,0,0,0,10.872766494750977,23.171781539916992,10.389198303222656
0,0,0,0,10.87304401397705,23.171205520629883,10.388740539550781
0,0,0,0,10.87325668334961,23.170719146728516,10.388313293457031
0,0,0,0,10.873636245727539,23.16995620727539,10.387840270996094
0,0,0,0,10.873883247375488,23.169464111328125,10.3875732421875
0,0,0,0,10.874175071716309,23.168895721435547,10.38739013671875
0,0,0,0,10.874555587768555,23.16826629638672,10.387222290039062
0,0,0,0,10.874810218811035,23.167821884155273,10.3870849609375
0,0,0,0,10.875056266784668,23.16744613647461,10.386947631835938
0,0,0,0,10.875322341918945,23.166955947875977,10.386810302734375
0,0,0,0,10.875523567199707,23.166616439819336,10.386741638183594
0,0,0,0,10.875576972961426,23.16631317138672,10.386672973632812
0,0,0,0,10.87565803527832,23.1658935546875,10.386619567871094
0,0,0,0,10.875608444213867,23.16561508178711,10.386604309082031
0,0,0,0,10.875641822814941,23.16529083251953,10.386566162109375
0,0,0,0,10.875578880310059,23.164976119995117,10.386482238769531
0,0,0,0,10.875575065612793,23.164684295654297,10.386444091796875
0,0,0,0,10.875456809997559,23.164506912231445,10.386428833007812
0,0,0,0,10.875337600708008,23.16416358947754,10.386436462402344
0,0,0,0,10.875170707702637,23.16399383544922,10.386428833007812
0,0,0,0,10.875033378601074,23.163719177246094,10.386421203613281
0,0,0,0,10.874740600585938,23.163429260253906,10.386398315429688
0,0,0,0,10.874502182006836,23.16316795349121,10.386390686035156
0,0,0,0,10.874247550964355,23.162967681884766,10.386375427246094
0,0,0,0,10.873879432678223,23.16266632080078,10.386405944824219
0,0,0,0,10.873614311218262,23.162494659423828,10.386444091796875
0,0,0,0,10.873295783996582,23.162353515625,10.386436462402344
0,0,0,0,10.872929573059082,23.162185668945312,10.386367797851562
0,0,0,0,10.872608184814453,23.1621150970459,10.386276245117188
0,0,0,0,10.872368812561035,23.162002563476562,10.38616943359375
0,0,0,0,10.871964454650879,23.161911010742188,10.386054992675781
0,0,0,0,10.871764183044434,23.16179084777832,10.386016845703125
0,0,0,0,10.871526718139648,23.161739349365234,10.386001586914062
0,0,0,0,10.871405601501465,23.161561965942383,10.386024475097656
0,0,0,0,10.87132453918457,23.16148567199707,10.386077880859375
0,0,0,0,10.87137508392334,23.16131019592285,10.386146545410156
0,0,0,0,10.87142562866211,23.161161422729492,10.386222839355469
0,0,0,0,10.871553421020508,23.160938262939453,10.386253356933594
0,0,0,0,10.871664047241211,23.16080665588379,10.386260986328125
0,0,0,0,10.871893882751465,23.16050148010254,10.386253356933594
0,0,0,0,10.872097969055176,23.16030502319336,10.386238098144531
0,0,0,0,10.872285842895508,23.160099029541016,10.386199951171875
0,0,0,0,10.8726224899292,23.15985107421875,10.386154174804688
0,0,0,0,10.872840881347656,23.159677505493164,10.386093139648438
0,0,0,0,10.87314510345459,23.159521102905273,10.386016845703125
0,0,0,0,10.873482704162598,23.159364700317383,10.385856628417969
0,0,0,0,10.87380599975586,23.159215927124023,10.385711669921875
0,0,0,0,10.874025344848633,23.159149169921875,10.385543823242188
0,0,0,0,10.874433517456055,23.159019470214844,10.38531494140625
0,0,0,0,10.874654769897461,23.159027099609375,10.385116577148438
0,0,0,0,10.874946594238281,23.158937454223633,10.384895324707031
0,0,0,0,10.8751802444458,23.15896987915039,10.384628295898438
0,0,0,0,10.875401496887207,23.158967971801758,10.38446044921875
0,0,0,0,10.875551223754883,23.159059524536133,10.384269714355469
0,0,0,0,10.875741958618164,23.159059524536133,10.383987426757812
0,0,0,0,10.875843048095703,23.159088134765625,10.383781433105469
0,0,0,0,10.875936508178711,23.159042358398438,10.383636474609375
0,0,0,0,10.87600040435791,23.15907096862793,10.383514404296875
0,0,0,0,10.875948905944824,23.159076690673828,10.383430480957031
0,0,0,0,10.87590503692627,23.159114837646484,10.383384704589844
0,0,0,0,10.875761032104492,23.159160614013672,10.383377075195312
0,0,0,0,10.875718116760254,23.159128189086914,10.383499145507812
0,0,0,0,10.875585556030273,23.15910530090332,10.383720397949219
0,0,0,0,10.875524520874023,23.15900230407715,10.3841552734375
0,0,0,0,10.875421524047852,23.158964157104492,10.384574890136719
0,0,0,0,10.875422477722168,23.15886878967285,10.385040283203125
0,0,0,0,10.87530517578125,23.15885353088379,10.385765075683594
0,0,0,0,10.875261306762695,23.158777236938477,10.386398315429688
0,0,0,0,10.875106811523438,23.15879249572754,10.3870849609375
0,0,0,0,10.874953269958496,23.158754348754883,10.388023376464844
0,0,0,0,10.874771118164062,23.158815383911133,10.38873291015625
0,0,0,0,10.874612808227539,23.15882682800293,10.389450073242188
0,0,0,0,10.87435531616211,23.158903121948242,10.390403747558594
0,0,0,0,10.874128341674805,23.158893585205078,10.39105224609375
0,0,0,0,10.873936653137207,23.158912658691406,10.391632080078125
0,0,0,0,10.87368106842041,23.15898323059082,10.392257690429688
0,0,0,0,10.873558044433594,23.15904426574707,10.392623901367188
0,0,0,0,10.873370170593262,23.15909194946289,10.392913818359375
0,0,0,0,10.873213768005371,23.159116744995117,10.393218994140625
0,0,0,0,10.873017311096191,23.159196853637695,10.393386840820312
0,0,0,0,10.872879981994629,23.15920066833496,10.393524169921875
0,0,0,0,10.872574806213379,23.15922737121582,10.393692016601562
0,0,0,0,10.872454643249512,23.159181594848633,10.393829345703125
0,0,0,0,10.872259140014648,23.159255981445312,10.393959045410156
0,0,0,0,10.87213134765625,23.15924835205078,10.394180297851562
0,0,0,0,10.871978759765625,23.159305572509766,10.394363403320312
0,0,0,0,10.87188720703125,23.159265518188477,10.394546508789062
0,0,0,0,10.87173843383789,23.159343719482422,10.394767761230469
0,0,0,0,10.871674537658691,23.15939712524414,10.394943237304688
0,0,0,0,10.871617317199707,23.15955352783203,10.395156860351562
0,0,0,0,10.871587753295898,23.159751892089844,10.395462036132812
0,0,0,0,10.87161636352539,23.159948348999023,10.395668029785156
0,0,0,0,10.871625900268555,23.16017723083496,10.395858764648438
0,0,0,0,10.8717041015625,23.160560607910156,10.396102905273438
0,0,0,0,10.871697425842285,23.160964965820312,10.396286010742188
0,0,0,0,10.87176513671875,23.16136932373047,10.396453857421875
0,0,0,0,10.871766090393066,23.162017822265625,10.396659851074219
0,0,0,0,10.871830940246582,23.16246223449707,10.396812438964844
0,0,0,0,10.871780395507812,23.163034439086914,10.396965026855469
0,0,0,0,10.871771812438965,23.163780212402344,10.39715576171875
0,0,0,0,10.871642112731934,23.164426803588867,10.39727783203125
0,0,0,0,10.87157154083252,23.16497802734375,10.39739990234375
0,0,0,0,10.87137508392334,23.165878295898438,10.397560119628906
0,0,0,0,10.871273040771484,23.16651725769043,10.397674560546875
0,0,0,0,10.87112045288086,23.167236328125,10.397789001464844
0,0,0,0,10.870902061462402,23.168140411376953,10.397933959960938
0,0,0,0,10.870696067810059,23.168867111206055,10.398078918457031
0,0,0,0,10.87042236328125,23.169574737548828,10.398239135742188
0,0,0,0,10.870035171508789,23.170574188232422,10.398429870605469
0,0,0,0,10.869632720947266,23.171348571777344,10.398551940917969
0,0,0,0,10.869232177734375,23.172086715698242,10.398674011230469
0,0,0,0,10.86861801147461,23.17306900024414,10.3988037109375
0,0,0,0,10.868206024169922,23.173791885375977,10.398918151855469
0,0,0,0,10.867676734924316,23.17461585998535,10.399024963378906
0,0,0,0,10.867063522338867,23.175600051879883,10.399147033691406
0,0,0,0,10.86652660369873,23.176349639892578,10.399185180664062
0,0,0,0,10.866086959838867,23.176956176757812,10.399200439453125
0,0,0,0,10.865403175354004,23.177837371826172,10.399154663085938
0,0,0,0,10.86496639251709,23.178380966186523,10.399116516113281
0,0,0,0,10.864517211914062,23.1789608001709,10.399070739746094
0,0,0,0,10.86402416229248,23.179595947265625,10.399024963378906
0,0,0,0,10.863693237304688,23.180082321166992,10.398979187011719
0,0,0,0,10.863394737243652,23.180442810058594,10.398918151855469
0,0,0,0,10.863027572631836,23.180908203125,10.398834228515625
0,0,0,0,10.862743377685547,23.181156158447266,10.398727416992188
0,0,0,0,10.862549781799316,23.181350708007812,10.398628234863281
0,0,0,0,10.862300872802734,23.181550979614258,10.398544311523438
0,0,0,0,10.86220645904541,23.181642532348633,10.398506164550781
0,0,0,0,10.86207389831543,23.18174934387207,10.398468017578125
0,0,0,0,10.862046241760254,23.181840896606445,10.398445129394531
0,0,0,0,10.861994743347168,23.181964874267578,10.398399353027344
0,0,0,0,10.862076759338379,23.182031631469727,10.398384094238281
0,0,0,0,10.862117767333984,23.18229866027832,10.39837646484375
0,0,0,0,10.862251281738281,23.18243408203125,10.398391723632812
0,0,0,0,10.862309455871582,23.182676315307617,10.398361206054688
0,0,0,0,10.862503051757812,23.18293571472168,10.398239135742188
0,0,0,0,10.86260986328125,23.183256149291992,10.398117065429688
0,0,0,0,10.862741470336914,23.183563232421875,10.397956848144531
0,0,0,0,10.862817764282227,23.184114456176758,10.397636413574219
0,0,0,0,10.862831115722656,23.184497833251953,10.397384643554688
0,0,0,0,10.862860679626465,23.184946060180664,10.397125244140625
0,0,0,0,10.86284351348877,23.185546875,10.396759033203125
0,0,0,0,10.862831115722656,23.185993194580078,10.396430969238281
0,0,0,0,10.862709999084473,23.186447143554688,10.39605712890625
0,0,0,0,10.862544059753418,23.18703842163086,10.395530700683594
0,0,0,0,10.862283706665039,23.187503814697266,10.395103454589844
0,0,0,0,10.862103462219238,23.187896728515625,10.394668579101562
0,0,0,0,10.861777305603027,23.18842315673828,10.39410400390625
0,0,0,0,10.861639022827148,23.188718795776367,10.3936767578125
0,0,0,0,10.861430168151855,23.189067840576172,10.393287658691406
0,0,0,0,10.861248016357422,23.189390182495117,10.392768859863281
0,0,0,0,10.861099243164062,23.189687728881836,10.392417907714844
0,0,0,0,10.861006736755371,23.189838409423828,10.392105102539062
0,0,0,0,10.860855102539062,23.19003677368164,10.3917236328125
0,0,0,0,10.860825538635254,23.190078735351562,10.391510009765625
0,0,0,0,10.860797882080078,23.190185546875,10.391403198242188
0,0,0,0,10.860737800598145,23.19022560119629,10.391387939453125
0,0,0,0,10.860695838928223,23.190256118774414,10.391426086425781
0,0,0,0,10.860600471496582,23.19026756286621,10.391532897949219
0,0,0,0,10.8605375289917,23.190277099609375,10.391754150390625
0,0,0,0,10.86044692993164,23.190296173095703,10.391929626464844
0,0,0,0,10.860455513000488,23.190271377563477,10.392135620117188
0,0,0,0,10.86043643951416,23.190275192260742,10.392433166503906
0,0,0,0,10.860556602478027,23.190221786499023,10.392654418945312
0,0,0,0,10.860629081726074,23.190242767333984,10.392898559570312
0,0,0,0,10.860870361328125,23.19014549255371,10.393280029296875
0,0,0,0,10.861090660095215,23.19009017944336,10.39373779296875
0,0,0,0,10.86121940612793,23.18999671936035,10.393989562988281
0,0,0,0,10.861387252807617,23.189912796020508,10.394485473632812
0,0,0,0,10.86157512664795,23.189781188964844,10.394866943359375
0,0,0,0,10.861715316772461,23.18974494934082,10.395256042480469
0,0,0,0,10.86190414428711,23.189573287963867,10.395774841308594
0,0,0,0,10.86205005645752,23.189481735229492,10.396163940429688
0,0,0,0,10.862170219421387,23.18935203552246,10.396553039550781
0,0,0,0,10.862337112426758,23.189208984375,10.39703369140625
0,0,0,0,10.86240291595459,23.189083099365234,10.397369384765625
0,0,0,0,10.862500190734863,23.188913345336914,10.397659301757812
0,0,0,0,10.862545013427734,23.18866539001465,10.397964477539062
0,0,0,0,10.862606048583984,23.18840789794922,10.398170471191406
0,0,0,0,10.86253547668457,23.18818473815918,10.398391723632812
0,0,0,0,10.862508773803711,23.187793731689453,10.398635864257812
0,0,0,0,10.86233139038086,23.18756103515625,10.3988037109375
0,0,0,0,10.862167358398438,23.187244415283203,10.398994445800781
0,0,0,0,10.861719131469727,23.186920166015625,10.399261474609375
0,0,0,0,10.861381530761719,23.186649322509766,10.39947509765625
0,0,0,0,10.860987663269043,23.186487197875977,10.399703979492188
0,0,0,0,10.860532760620117,23.186193466186523,10.4000244140625
0,0,0,0,10.860180854797363,23.18609046936035,10.400245666503906
0,0,0,0,10.859840393066406,23.185998916625977,10.400436401367188
0,0,0,0,10.859392166137695,23.186006546020508,10.400650024414062
0,0,0,0,10.859075546264648,23.18596076965332,10.400772094726562
0,0,0,0,10.858843803405762,23.185903549194336,10.40087890625
0,0,0,0,10.858528137207031,23.185823440551758,10.401016235351562
0,0,0,0,10.858389854431152,23.185745239257812,10.401123046875
0,0,0,0,10.858190536499023,23.185667037963867,10.401252746582031
0,0,0,0,10.858078956604004,23.18549156188965,10.401443481445312
0,0,0,0,10.857938766479492,23.18543815612793,10.401588439941406
0,0,0,0,10.857916831970215,23.185335159301758,10.401741027832031
0,0,0,0,10.857829093933105,23.18531608581543,10.401939392089844
0,0,0,0,10.857863426208496,23.185256958007812,10.402076721191406
0,0,0,0,10.85788345336914,23.185359954833984,10.402206420898438
0,0,0,0,10.858037948608398,23.185453414916992,10.402313232421875
0,0,0,0,10.858155250549316,23.185653686523438,10.402351379394531
0,0,0,0,10.858331680297852,23.185789108276367,10.402359008789062
0,0,0,0,10.858570098876953,23.18610382080078,10.402320861816406
0,0,0,0,10.858786582946777,23.186309814453125,10.402297973632812
0,0,0,0,10.859045028686523,23.18657875061035,10.402252197265625
0,0,0,0,10.859380722045898,23.186872482299805,10.402130126953125
0,0,0,0,10.859707832336426,23.18709373474121,10.402008056640625
0,0,0,0,10.859993934631348,23.187335968017578,10.401863098144531
0,0,0,0,10.860411643981934,23.187671661376953,10.401618957519531
0,0,0,0,10.860608100891113,23.18798065185547,10.401405334472656
0,0,0,0,10.860885620117188,23.188243865966797,10.401206970214844
0,0,0,0,10.861145973205566,23.188642501831055,10.400955200195312
0,0,0,0,10.861407279968262,23.188846588134766,10.400787353515625
0,0,0,0,10.86155891418457,23.189104080200195,10.400611877441406
0,0,0,0,10.861824989318848,23.189300537109375,10.400352478027344
0,0,0,0,10.86193561553955,23.18951988220215,10.400108337402344
0,0,0,0,10.862088203430176,23.189634323120117,10.399833679199219
0,0,0,0,10.862222671508789,23.18985939025879,10.399398803710938
0,0,0,0,10.862370491027832,23.189939498901367,10.399024963378906
0,0,0,0,10.862495422363281,23.190034866333008,10.398612976074219
0,0,0,0,10.862630844116211,23.190044403076172,10.398048400878906
0,0,0,0,10.86275577545166,23.190052032470703,10.397621154785156
0,0,0,0,10.8628568649292,23.190000534057617,10.397201538085938
0,0,0,0,10.86305046081543,23.18988037109375,10.39666748046875
0,0,0,0,10.863166809082031,23.189767837524414,10.396347045898438
0,0,0,0,10.863381385803223,23.189577102661133,10.396064758300781
0,0,0,0,10.863580703735352,23.189285278320312,10.395668029785156
0,0,0,0,10.863791465759277,23.188968658447266,10.395378112792969
0,0,0,0,10.863899230957031,23.18869972229004,10.395111083984375
0,0,0,0,10.864147186279297,23.188161849975586,10.394844055175781
0,0,0,0,10.864279747009277,23.187786102294922,10.394706726074219
0,0,0,0,10.864507675170898,23.187299728393555,10.394577026367188
0,0,0,0,10.86474895477295,23.186737060546875,10.394393920898438
0,0,0,0,10.865006446838379,23.186233520507812,10.394241333007812
0,0,0,0,10.865252494812012,23.185821533203125,10.394081115722656
0,0,0,0,10.865599632263184,23.185203552246094,10.393875122070312
0,0,0,0,10.865870475769043,23.18482208251953,10.393707275390625
0,0,0,0,10.866135597229004,23.184436798095703,10.393478393554688
0,0,0,0,10.866496086120605,23.183990478515625,10.393150329589844
0,0,0,0,10.86669921875,23.183687210083008,10.392890930175781
0,0,0,0,10.866925239562988,23.183378219604492,10.392631530761719
0,0,0,0,10.867114067077637,23.183040618896484,10.39227294921875
0,0,0,0,10.867294311523438,23.18277931213379,10.391998291015625
0,0,0,0,10.867338180541992,23.18256187438965,10.391738891601562
0,0,0,0,10.86744499206543,23.182231903076172,10.391441345214844
0,0,0,0,10.867425918579102,23.182079315185547,10.391250610351562
0,0,0,0,10.86751651763916,23.18185806274414,10.391090393066406
0,0,0,0,10.867514610290527,23.181682586669922,10.390937805175781
0,0,0,0,10.867571830749512,23.181482315063477,10.390861511230469
0,0,0,0,10.867558479309082,23.181358337402344,10.39080810546875
0,0,0,0,10.867603302001953,23.181100845336914,10.390785217285156
0,0,0,0,10.867627143859863,23.180959701538086,10.390853881835938
0,0,0,0,10.867685317993164,23.180713653564453,10.391006469726562
0,0,0,0,10.867762565612793,23.18039894104004,10.391265869140625
0,0,0,0,10.867817878723145,23.180118560791016,10.391517639160156
0,0,0,0,10.867905616760254,23.17984390258789,10.391799926757812
0,0,0,0,10.867985725402832,23.1794490814209,10.392196655273438
0,0,0,0,10.868098258972168,23.179115295410156,10.392486572265625
0,0,0,0,10.868125915527344,23.1788272857666,10.392753601074219
0,0,0,0,10.868227005004883,23.178407669067383,10.393028259277344
0,0,0,0,10.868181228637695,23.17817497253418,10.393165588378906
0,0,0,0,10.86822509765625,23.177886962890625,10.393264770507812
0,0,0,0,10.86815071105957,23.17757225036621,10.393333435058594
0,0,0,0,10.868127822875977,23.17727279663086,10.393356323242188
0,0,0,0,10.867999076843262,23.17708969116211,10.393363952636719
0,0,0,0,10.867840766906738,23.17680549621582,10.393295288085938
0,0,0,0,10.86764907836914,23.176706314086914,10.393165588378906
0,0,0,0,10.867467880249023,23.176532745361328,10.392990112304688
0,0,0,0,10.867195129394531,23.176416397094727,10.392677307128906
0,0,0,0,10.866971969604492,23.176300048828125,10.392402648925781
0,0,0,0,10.866761207580566,23.176246643066406,10.392097473144531
0,0,0,0,10.866472244262695,23.176122665405273,10.391685485839844
0,0,0,0,10.866301536560059,23.176042556762695,10.391349792480469
0,0,0,0,10.866086959838867,23.175952911376953,10.390960693359375
0,0,0,0,10.865886688232422,23.175813674926758,10.390457153320312
0,0,0,0,10.865694999694824,23.17572784423828,10.39007568359375
0,0,0,0,10.865616798400879,23.175569534301758,10.389686584472656
0,0,0,0,10.865435600280762,23.175405502319336,10.389167785644531
0,0,0,0,10.865394592285156,23.175212860107422,10.388816833496094
0,0,0,0,10.86528205871582,23.175086975097656,10.388458251953125
0,0,0,0,10.865250587463379,23.174758911132812,10.387969970703125
0,0,0,0,10.865178108215332,23.17458724975586,10.3875732421875
0,0,0,0,10.865189552307129,23.17432403564453,10.387176513671875
0,0,0,0,10.865157127380371,23.17409324645996,10.386589050292969
0,0,0,0,10.865169525146484,23.17388916015625,10.386131286621094
0,0,0,0,10.86518669128418,23.173789978027344,10.385635375976562
0,0,0,0,10.865277290344238,23.173612594604492,10.384994506835938
0,0,0,0,10.86539077758789,23.173542022705078,10.384536743164062
0,0,0,0,10.865508079528809,23.173460006713867,10.384086608886719
0,0,0,0,10.86579418182373,23.173418045043945,10.383430480957031
0,0,0,0,10.865984916687012,23.1734561920166,10.382904052734375
0,0,0,0,10.866277694702148,23.173494338989258,10.382354736328125
0,0,0,0,10.8666353225708,23.173616409301758,10.381568908691406
0,0,0,0,10.86701488494873,23.173646926879883,10.380950927734375
0,0,0,0,10.867332458496094,23.173770904541016,10.380332946777344
0,0,0,0,10.867870330810547,23.173946380615234,10.379531860351562
0,0,0,0,10.868208885192871,23.174222946166992,10.378921508789062
0,0,0,0,10.868666648864746,23.1744441986084,10.378334045410156
0,0,0,0,10.869185447692871,23.17487335205078,10.3775634765625
0,0,0,0,10.869611740112305,23.17509651184082,10.377029418945312
0,0,0,0,10.869982719421387,23.175382614135742,10.376518249511719
0,0,0,0,10.87044620513916,23.17566680908203,10.375869750976562
0,0,0,0,10.870766639709473,23.175907135009766,10.375389099121094
0,0,0,0,10.871016502380371,23.176088333129883,10.37493896484375
0,0,0,0,10.871294021606445,23.176361083984375,10.374427795410156
0,0,0,0,10.871414184570312,23.17653465270996,10.374114990234375
0,0,0,0,10.87154483795166,23.17666244506836,10.373855590820312
0,0,0,0,10.871569633483887,23.17681884765625,10.373588562011719
0,0,0,0,10.87164306640625,23.176860809326172,10.373435974121094
0,0,0,0,10.87164306640625,23.176891326904297,10.373321533203125
0,0,0,0,10.87169075012207,23.176834106445312,10.373275756835938
0,0,0,0,10.87164306640625,23.176881790161133,10.373298645019531
0,0,0,0,10.871699333190918,23.17682456970215,10.373336791992188
0,0,0,0,10.871662139892578,23.176795959472656,10.3734130859375
0,0,0,0,10.871644973754883,23.176687240600586,10.37347412109375
0,0,0,0,10.87153148651123,23.176651000976562,10.373558044433594
0,0,0,0,10.871478080749512,23.17645263671875,10.373725891113281
0,0,0,0,10.87142276763916,23.176347732543945,10.3739013671875
0,0,0,0,10.871402740478516,23.17616081237793,10.374107360839844
0,0,0,0,10.871407508850098,23.175935745239258,10.374435424804688
0,0,0,0,10.871404647827148,23.175718307495117,10.374664306640625
0,0,0,0,10.8714599609375,23.1755428314209,10.374893188476562
0,0,0,0,10.871562957763672,23.17527961730957,10.375236511230469
0,0,0,0,10.871733665466309,23.17506980895996,10.37554931640625
0,0,0,0,10.87187385559082,23.174888610839844,10.375907897949219
0,0,0,0,10.872184753417969,23.17460823059082,10.376472473144531
0,0,0,0,10.87235164642334,23.174455642700195,10.376983642578125
0,0,0,0,10.872599601745605,23.17420196533203,10.377525329589844
0,0,0,0,10.872810363769531,23.17391014099121,10.378311157226562
0,0,0,0,10.873037338256836,23.173627853393555,10.378929138183594
0,0,0,0,10.873175621032715,23.17345428466797,10.379539489746094
0,0,0,0,10.873411178588867,23.173084259033203,10.380363464355469
0,0,0,0,10.873518943786621,23.172849655151367,10.380943298339844
0,0,0,0,10.87367057800293,23.172496795654297,10.381500244140625
0,0,0,0,10.873811721801758,23.17208480834961,10.382225036621094
0,0,0,0,10.873916625976562,23.17168617248535,10.382759094238281
0,0,0,0,10.873990058898926,23.171279907226562,10.383262634277344
0,0,0,0,10.874049186706543,23.170671463012695,10.383895874023438
0,0,0,0,10.874100685119629,23.170244216918945,10.384376525878906
0,0,0,0,10.87407398223877,23.169815063476562,10.384841918945312
0,0,0,0,10.874041557312012,23.16925048828125,10.385429382324219
0,0,0,0,10.873892784118652,23.168861389160156,10.385818481445312
0,0,0,0,10.87378978729248,23.168415069580078,10.386177062988281
0,0,0,0,10.873539924621582,23.167936325073242,10.3865966796875
0,0,0,0,10.873422622680664,23.167552947998047,10.386856079101562
0,0,0,0,10.87318229675293,23.167278289794922,10.387062072753906
0,0,0,0,10.872908592224121,23.166837692260742,10.387275695800781
0,0,0,0,10.872611045837402,23.16660499572754,10.387397766113281
0,0,0,0,10.87237548828125,23.166309356689453,10.387496948242188
0,0,0,0,10.871971130371094,23.166057586669922,10.387611389160156
0,0,0,0,10.871658325195312,23.165796279907227,10.387710571289062
0,0,0,0,10.871329307556152,23.16558265686035,10.387794494628906
0,0,0,0,10.870935440063477,23.165258407592773,10.387908935546875
0,0,0,0,10.870654106140137,23.165081024169922,10.387977600097656
0,0,0,0,10.870354652404785,23.164884567260742,10.3880615234375
0,0,0,0,10.870026588439941,23.164670944213867,10.388206481933594
0,0,0,0,10.869757652282715,23.1645450592041,10.388298034667969
0,0,0,0,10.869599342346191,23.16440773010254,10.388404846191406
0,0,0,0,10.86937141418457,23.164335250854492,10.388542175292969
0,0,0,0,10.869336128234863,23.164281845092773,10.38861083984375
0,0,0,0,10.869242668151855,23.164325714111328,10.388626098632812
0,0,0,0,10.869304656982422,23.164337158203125,10.388557434082031
0,0,0,0,10.869338989257812,23.164447784423828,10.388450622558594
0,0,0,0,10.869495391845703,23.16447639465332,10.388343811035156
0,0,0,0,10.869721412658691,23.164608001708984,10.388130187988281
0,0,0,0,10.870015144348145,23.164661407470703,10.387916564941406
0,0,0,0,10.870307922363281,23.164819717407227,10.3876953125
0,0,0,0,10.870790481567383,23.16487693786621,10.387405395507812
0,0,0,0,10.871201515197754,23.16496467590332,10.387184143066406
0,0,0,0,10.871664047241211,23.165035247802734,10.386962890625
0,0,0,0,10.872329711914062,23.16521453857422,10.386642456054688
0,0,0,0,10.872834205627441,23.165285110473633,10.386398315429688
0,0,0,0,10.873412132263184,23.16530990600586,10.386146545410156
0,0,0,0,10.87415599822998,23.165311813354492,10.385879516601562
0,0,0,0,10.87482738494873,23.165218353271484,10.3857421875
0,0,0,0,10.875405311584473,23.165145874023438,10.385627746582031
0,0,0,0,10.87625503540039,23.16495704650879,10.385520935058594
0,0,0,0,10.876829147338867,23.164846420288086,10.385421752929688
0,0,0,0,10.877492904663086,23.164630889892578,10.385337829589844
0,0,0,0,10.878265380859375,23.16446876525879,10.385261535644531
0,0,0,0,10.878890991210938,23.164249420166016,10.385215759277344
0,0,0,0,10.879433631896973,23.16413116455078,10.385177612304688
0,0,0,0,10.880196571350098,23.163883209228516,10.38519287109375
0,0,0,0,10.880736351013184,23.163785934448242,10.385246276855469
0,0,0,0,10.881272315979004,23.163623809814453,10.385345458984375
0,0,0,0,10.88190746307373,23.163497924804688,10.385543823242188
0,0,0,0,10.882301330566406,23.163406372070312,10.385711669921875
0,0,0,0,10.882701873779297,23.163387298583984,10.385879516601562
0,0,0,0,10.883191108703613,23.163393020629883,10.386131286621094
0,0,0,0,10.883637428283691,23.163408279418945,10.386337280273438
0,0,0,0,10.884020805358887,23.163476943969727,10.386573791503906
0,0,0,0,10.884596824645996,23.163597106933594,10.386932373046875
0,0,0,0,10.884906768798828,23.163766860961914,10.387168884277344
0,0,0,0,10.885284423828125,23.16387176513672,10.387382507324219
0,0,0,0,10.885615348815918,23.164106369018555,10.387596130371094
0,0,0,0,10.885885238647461,23.164188385009766,10.387725830078125
0,0,0,0,10.886054039001465,23.16435432434082,10.387825012207031
0,0,0,0,10.886287689208984,23.164506912231445,10.387931823730469
0,0,0,0,10.886394500732422,23.164731979370117,10.38800048828125
0,0,0,0,10.886530876159668,23.16486358642578,10.388053894042969
0,0,0,0,10.886646270751953,23.165124893188477,10.388053894042969
0,0,0,0,10.886689186096191,23.165252685546875,10.388015747070312
0,0,0,0,10.886713981628418,23.165424346923828,10.388008117675781
0,0,0,0,10.886701583862305,23.16559600830078,10.387969970703125
0,0,0,0,10.88674259185791,23.165693283081055,10.387916564941406
0,0,0,0,10.88669490814209,23.165760040283203,10.387847900390625
0,0,0,0,10.88667106628418,23.165788650512695,10.38775634765625
0,0,0,0,10.886548042297363,23.165771484375,10.38763427734375
0,0,0,0,10.886486053466797,23.16568374633789,10.387519836425781
0,0,0,0,10.886309623718262,23.16561508178711,10.38739013671875
0,0,0,0,10.88626766204834,23.165491104125977,10.387283325195312
0,0,0,0,10.8861083984375,23.165468215942383,10.38714599609375
0,0,0,0,10.885934829711914,23.16536521911621,10.386940002441406
0,0,0,0,10.885726928710938,23.165428161621094,10.38677978515625
0,0,0,0,10.885612487792969,23.16539764404297,10.386611938476562
0,0,0,0,10.885409355163574,23.165489196777344,10.386360168457031
0,0,0,0,10.885273933410645,23.165515899658203,10.386161804199219
0,0,0,0,10.885089874267578,23.16564178466797,10.385932922363281
0,0,0,0,10.884952545166016,23.16571617126465,10.385810852050781
0,0,0,0,10.88489055633545,23.165802001953125,10.385719299316406
0,0,0,0,10.884779930114746,23.16588592529297,10.385650634765625
0,0,0,0,10.884785652160645,23.165912628173828,10.385635375976562
0,0,0,0,10.884746551513672,23.165977478027344,10.385673522949219
0,0,0,0,10.884870529174805,23.165973663330078,10.385734558105469
0,0,0,0,10.884920120239258,23.166013717651367,10.385787963867188
0,0,0,0,10.885075569152832,23.16596031188965,10.3858642578125
0,0,0,0,10.885210990905762,23.165987014770508,10.385986328125
0,0,0,0,10.885421752929688,23.165937423706055,10.386100769042969
0,0,0,0,10.885565757751465,23.165971755981445,10.386253356933594
0,0,0,0,10.885834693908691,23.165956497192383,10.386482238769531
0,0,0,0,10.885971069335938,23.166065216064453,10.386703491210938
0,0,0,0,10.886130332946777,23.16611099243164,10.387001037597656
0,0,0,0,10.886259078979492,23.166269302368164,10.387397766113281
0,0,0,0,10.88632583618164,23.166343688964844,10.387680053710938
0,0,0,0,10.88641357421875,23.166461944580078,10.387947082519531
0,0,0,0,10.886540412902832,23.166580200195312,10.38824462890625
0,0,0,0,10.886703491210938,23.16665267944336,10.388465881347656
0,0,0,0,10.886838912963867,23.16672134399414,10.388710021972656
0,0,0,0,10.887137413024902,23.166749954223633,10.389030456542969
0,0,0,0,10.88731861114502,23.166772842407227,10.3892822265625
0,0,0,0,10.887594223022461,23.16671371459961,10.389541625976562
0,0,0,0,10.887939453125,23.166690826416016,10.389816284179688
0,0,0,0,10.888278007507324,23.16657829284668,10.389968872070312
0,0,0,0,10.88851547241211,23.16650390625,10.390106201171875
0,0,0,0,10.888992309570312,23.1662540435791,10.390243530273438
0,0,0,0,10.88930892944336,23.16611671447754,10.390335083007812
0,0,0,0,10.889663696289062,23.165884017944336,10.390411376953125
0,0,0,0,10.89002513885498,23.165708541870117,10.390548706054688
0,0,0,0,10.890260696411133,23.16553497314453,10.390678405761719
0,0,0,0,10.890462875366211,23.165451049804688,10.390769958496094
0,0,0,0,10.890679359436035,23.16534996032715,10.390899658203125
0,0,0,0,10.890829086303711,23.16533851623535,10.391014099121094
0,0,0,0,10.890900611877441,23.165346145629883,10.391128540039062
0,0,0,0,10.891021728515625,23.165435791015625,10.391258239746094
0,0,0,0,10.891068458557129,23.16556739807129,10.391304016113281
0,0,0,0,10.891179084777832,23.16569709777832,10.391334533691406
0,0,0,0,10.891189575195312,23.165931701660156,10.391349792480469
0,0,0,0,10.891267776489258,23.166061401367188,10.391342163085938
0,0,0,0,10.891215324401855,23.166282653808594,10.391311645507812
0,0,0,0,10.89120101928711,23.16648292541504,10.391212463378906
0,0,0,0,10.891104698181152,23.166706085205078,10.391098022460938
0,0,0,0,10.891072273254395,23.166828155517578,10.3909912109375
0,0,0,0,10.890929222106934,23.167036056518555,10.390853881835938
0,0,0,0,10.890811920166016,23.167091369628906,10.390777587890625
0,0,0,0,10.890621185302734,23.167217254638672,10.3907470703125
0,0,0,0,10.890397071838379,23.16730499267578,10.390792846679688
0,0,0,0,10.890204429626465,23.167387008666992,10.390876770019531
0,0,0,0,10.889975547790527,23.167423248291016,10.390983581542969
0,0,0,0,10.889683723449707,23.167484283447266,10.391189575195312
0,0,0,0,10.889421463012695,23.167503356933594,10.391365051269531
0,0,0,0,10.889190673828125,23.16750717163086,10.391593933105469
0,0,0,0,10.888795852661133,23.16750717163086,10.392005920410156
0,0,0,0,10.88856315612793,23.16748046875,10.392364501953125
0,0,0,0,10.888240814208984,23.16752052307129,10.39276123046875
0,0,0,0,10.887913703918457,23.16750717163086,10.39337158203125
0,0,0,0,10.88757610321045,23.167570114135742,10.393875122070312
0,0,0,0,10.887325286865234,23.16754913330078,10.394378662109375
0,0,0,0,10.886869430541992,23.167644500732422,10.394989013671875
0,0,0,0,10.886569023132324,23.167659759521484,10.395431518554688
0,0,0,0,10.886195182800293,23.167783737182617,10.395896911621094
0,0,0,0,10.885756492614746,23.167861938476562,10.396499633789062
0,0,0,0,10.88542652130127,23.167966842651367,10.396919250488281
0,0,0,0,10.88509750366211,23.16802215576172,10.397300720214844
0,0,0,0,10.884661674499512,23.168235778808594,10.397758483886719
0,0,0,0,10.884332656860352,23.168397903442383,10.3980712890625
0,0,0,0,10.884087562561035,23.16857147216797,10.398345947265625
0,0,0,0,10.883720397949219,23.168798446655273,10.398712158203125
0,0,0,0,10.883535385131836,23.1689395904541,10.398941040039062
0,0,0,0,10.883269309997559,23.16908836364746,10.399147033691406
0,0,0,0,10.883011817932129,23.1691951751709,10.399421691894531
0,0,0,0,10.882774353027344,23.169315338134766,10.399612426757812
0,0,0,0,10.882676124572754,23.16935157775879,10.399772644042969
0,0,0,0,10.882474899291992,23.16944694519043,10.399917602539062
0,0,0,0,10.882405281066895,23.169435501098633,10.399978637695312
0,0,0,0,10.8822603225708,23.16952133178711,10.400016784667969
0,0,0,0,10.882185935974121,23.169504165649414,10.400047302246094
0,0,0,0,10.882112503051758,23.169498443603516,10.400062561035156
0,0,0,0,10.882081031799316,23.169387817382812,10.400070190429688
0,0,0,0,10.881998062133789,23.16927719116211,10.400032043457031
0,0,0,0,10.881922721862793,23.16914176940918,10.399993896484375
0,0,0,0,10.881848335266113,23.169036865234375,10.399955749511719
0,0,0,0,10.881734848022461,23.168848037719727,10.399932861328125
0,0,0,0,10.88169002532959,23.16871452331543,10.399948120117188
0,0,0,0,10.881604194641113,23.16859245300293,10.399955749511719
0,0,0,0,10.88156509399414,23.16840171813965,10.399971008300781
0,0,0,0,10.881461143493652,23.168298721313477,10.399978637695312
0,0,0,0,10.881441116333008,23.168167114257812,10.400001525878906
0,0,0,0,10.881280899047852,23.16805076599121,10.400093078613281
0,0,0,0,10.881234169006348,23.167865753173828,10.400177001953125
0,0,0,0,10.881088256835938,23.16775131225586,10.400238037109375
0,0,0,0,10.880881309509277,23.167490005493164,10.400314331054688
0,0,0,0,10.880582809448242,23.167360305786133,10.400398254394531
0,0,0,0,10.880293846130371,23.16712188720703,10.400474548339844
0,0,0,0,10.879817962646484,23.166893005371094,10.400505065917969
0,0,0,0,10.879432678222656,23.166650772094727,10.400459289550781
0,0,0,0,10.878981590270996,23.166461944580078,10.400360107421875
0,0,0,0,10.878341674804688,23.166149139404297,10.400192260742188
0,0,0,0,10.877884864807129,23.165952682495117,10.400054931640625
0,0,0,0,10.877399444580078,23.165729522705078,10.399917602539062
0,0,0,0,10.876832008361816,23.165451049804688,10.3997802734375
0,0,0,0,10.876352310180664,23.16526985168457,10.399703979492188
0,0,0,0,10.875932693481445,23.16504669189453,10.399627685546875
0,0,0,0,10.875286102294922,23.164749145507812,10.399528503417969
0,0,0,0,10.874894142150879,23.16448974609375,10.399467468261719
0,0,0,0,10.874403953552246,23.16433334350586,10.399436950683594
0,0,0,0,10.873860359191895,23.164033889770508,10.399452209472656
0,0,0,0,10.873425483703613,23.16391944885254,10.399467468261719
0,0,0,0,10.87312126159668,23.163755416870117,10.399482727050781
0,0,0,0,10.872699737548828,23.16368865966797,10.3995361328125
0,0,0,0,10.872456550598145,23.163593292236328,10.399589538574219
0,0,0,0,10.872220993041992,23.163597106933594,10.399650573730469
0,0,0,0,10.872023582458496,23.16353988647461,10.399688720703125
0,0,0,0,10.871953964233398,23.1635799407959,10.399688720703125
0,0,0,0,10.871925354003906,23.163625717163086,10.399658203125
0,0,0,0,10.871946334838867,23.163766860961914,10.39959716796875
0,0,0,0,10.871901512145996,23.163869857788086,10.399574279785156
0,0,0,0,10.87192440032959,23.163986206054688,10.399566650390625
0,0,0,0,10.871901512145996,23.164228439331055,10.399627685546875
0,0,0,0,10.871973991394043,23.16436195373535,10.399681091308594
0,0,0,0,10.87197494506836,23.164548873901367,10.399749755859375
0,0,0,0,10.872097969055176,23.16472816467285,10.399864196777344
0,0,0,0,10.87213134765625,23.16494369506836,10.39990234375
0,0,0,0,10.872255325317383,23.16512107849121,10.399917602539062
0,0,0,0,10.872344970703125,23.1655330657959,10.399856567382812
0,0,0,0,10.87248706817627,23.165786743164062,10.399803161621094
0,0,0,0,10.87257194519043,23.16612434387207,10.399772644042969
0,0,0,0,10.872737884521484,23.166522979736328,10.399772644042969
0,0,0,0,10.872803688049316,23.16693878173828,10.399772644042969
0,0,0,0,10.872883796691895,23.167354583740234,10.399757385253906
0,0,0,0,10.87293529510498,23.168060302734375,10.39971923828125
0,0,0,0,10.872929573059082,23.168590545654297,10.399688720703125
0,0,0,0,10.872933387756348,23.16916275024414,10.399642944335938
0,0,0,0,10.87289047241211,23.170005798339844,10.399551391601562
0,0,0,0,10.872904777526855,23.170658111572266,10.399452209472656
0,0,0,0,10.87283992767334,23.17136001586914,10.399337768554688
0,0,0,0,10.872884750366211,23.17229652404785,10.399208068847656
0,0,0,0,10.87286376953125,23.173110961914062,10.399154663085938
0,0,0,0,10.872900009155273,23.173837661743164,10.399154663085938
0,0,0,0,10.872822761535645,23.174846649169922,10.399169921875
0,0,0,0,10.872797966003418,23.175527572631836,10.399246215820312
0,0,0,0,10.872678756713867,23.17632484436035,10.399375915527344
0,0,0,0,10.87256145477295,23.17729377746582,10.399589538574219
0,0,0,0,10.872396469116211,23.178119659423828,10.399787902832031
0,0,0,0,10.872175216674805,23.1791934967041,10.400077819824219
0,0,0,0,10.872014999389648,23.180328369140625,10.400398254394531
0,0,0,0,10.871891021728516,23.18088722229004,10.40057373046875
0,0,0,0,10.871747970581055,23.181711196899414,10.40081787109375
0,0,0,0,10.871535301208496,23.182756423950195,10.401161193847656
0,0,0,0,10.871428489685059,23.18352508544922,10.401390075683594
0,0,0,0,10.871261596679688,23.18425750732422,10.401618957519531
0,0,0,0,10.871100425720215,23.185117721557617,10.40191650390625
0,0,0,0,10.870882034301758,23.185741424560547,10.402114868164062
0,0,0,0,10.870741844177246,23.186275482177734,10.402297973632812
0,0,0,0,10.870443344116211,23.186988830566406,10.40252685546875
0,0,0,0,10.87025260925293,23.187435150146484,10.4027099609375
0,0,0,0,10.869956970214844,23.187923431396484,10.402885437011719
0,0,0,0,10.869660377502441,23.1883602142334,10.403076171875
0,0,0,0,10.869397163391113,23.18871307373047,10.403190612792969
0,0,0,0,10.86922550201416,23.1889591217041,10.403266906738281
0,0,0,0,10.868937492370605,23.1893367767334,10.403343200683594
0,0,0,0,10.868728637695312,23.189510345458984,10.40338134765625
0,0,0,0,10.868500709533691,23.189716339111328,10.403404235839844
0,0,0,0,10.868209838867188,23.18984603881836,10.403396606445312
0,0,0,0,10.868005752563477,23.189897537231445,10.403350830078125
0,0,0,0,10.867753028869629,23.189865112304688,10.403266906738281
0,0,0,0,10.86742877960205,23.189743041992188,10.403129577636719
0,0,0,0,10.867085456848145,23.189590454101562,10.403030395507812
0,0,0,0,10.866811752319336,23.189374923706055,10.402908325195312
0,0,0,0,10.866331100463867,23.189102172851562,10.402656555175781
0,0,0,0,10.866058349609375,23.188812255859375,10.402389526367188
0,0,0,0,10.865693092346191,23.18856430053711,10.402053833007812
0,0,0,0,10.865348815917969,23.18810272216797,10.401519775390625
0,0,0,0,10.865045547485352,23.18779754638672,10.401100158691406
0,0,0,0,10.864821434020996,23.187393188476562,10.400672912597656
0,0,0,0,10.86442756652832,23.186939239501953,10.40008544921875
0,0,0,0,10.86416244506836,23.1865177154541,10.399650573730469
0,0,0,0,10.863860130310059,23.186159133911133,10.399246215820312
0,0,0,0,10.86356258392334,23.18553924560547,10.398727416992188
0,0,0,0,10.863365173339844,23.185094833374023,10.398353576660156
0,0,0,0,10.86316967010498,23.18460464477539,10.397972106933594
0,0,0,0,10.862983703613281,23.18401527404785,10.3974609375
0,0,0,0,10.862821578979492,23.183597564697266,10.397109985351562
0,0,0,0,10.86273193359375,23.18320655822754,10.396812438964844
0,0,0,0,10.862542152404785,23.18270492553711,10.396453857421875
0,0,0,0,10.862466812133789,23.182292938232422,10.396232604980469
0,0,0,0,10.862313270568848,23.181957244873047,10.396026611328125
0,0,0,0,10.86220645904541,23.181472778320312,10.395797729492188
0,0,0,0,10.862051010131836,23.181201934814453,10.3956298828125
0,0,0,0,10.862020492553711,23.180831909179688,10.395439147949219
0,0,0,0,10.86190128326416,23.1804256439209,10.395149230957031
0,0,0,0,10.861916542053223,23.180051803588867,10.394920349121094
0,0,0,0,10.861846923828125,23.179752349853516,10.394668579101562
0,0,0,0,10.861797332763672,23.17925262451172,10.394256591796875
0,0,0,0,10.861747741699219,23.178918838500977,10.39385986328125
0,0,0,0,10.861724853515625,23.178529739379883,10.393409729003906
0,0,0,0,10.861665725708008,23.17814064025879,10.392807006835938
0,0,0,0,10.861565589904785,23.1778621673584,10.392379760742188
0,0,0,0,10.861441612243652,23.17763328552246,10.391975402832031
0,0,0,0,10.861213684082031,23.17734146118164,10.391456604003906
0,0,0,0,10.861029624938965,23.177104949951172,10.391067504882812
0,0,0,0,10.86072826385498,23.17689323425293,10.390708923339844
0,0,0,0,10.860296249389648,23.176603317260742,10.390296936035156
0,0,0,0,10.859850883483887,23.176477432250977,10.3900146484375
0,0,0,0,10.859461784362793,23.176294326782227,10.389755249023438
0,0,0,0,10.858817100524902,23.176116943359375,10.389495849609375
0,0,0,0,10.858367919921875,23.1759033203125,10.389411926269531
0,0,0,0,10.85779857635498,23.175779342651367,10.389358520507812
0,0,0,0,10.85710620880127,23.175466537475586,10.389373779296875
0,0,0,0,10.85653305053711,23.17531394958496,10.389419555664062
0,0,0,0,10.855990409851074,23.175079345703125,10.389503479003906
0,0,0,0,10.85522747039795,23.174877166748047,10.389602661132812
0,0,0,0,10.85469913482666,23.174697875976562,10.389656066894531
0,0,0,0,10.85418701171875,23.174510955810547,10.38970947265625
0,0,0,0,10.853507041931152,23.174171447753906,10.389785766601562
0,0,0,0,10.853028297424316,23.173898696899414,10.389816284179688
0,0,0,0,10.852548599243164,23.173587799072266,10.389785766601562
0,0,0,0,10.852051734924316,23.173091888427734,10.389633178710938
0,0,0,0,10.851686477661133,23.1727237701416,10.389488220214844
0,0,0,0,10.851448059082031,23.172283172607422,10.389289855957031
0,0,0,0,10.851099967956543,23.171789169311523,10.38897705078125
0,0,0,0,10.850969314575195,23.171363830566406,10.388717651367188
0,0,0,0,10.850794792175293,23.17101287841797,10.388442993164062
0,0,0,0,10.850740432739258,23.170459747314453,10.388008117675781
0,0,0,0,10.850717544555664,23.170150756835938,10.387672424316406
0,0,0,0,10.850810050964355,23.169761657714844,10.387313842773438
0,0,0,0,10.850900650024414,23.16936683654785,10.386856079101562
0,0,0,0,10.851037979125977,23.16897964477539,10.386512756347656
0,0,0,0,10.851179122924805,23.168649673461914,10.386177062988281
0,0,0,0,10.851360321044922,23.168134689331055,10.385711669921875
0,0,0,0,10.851480484008789,23.167770385742188,10.385337829589844
0,0,0,0,10.851555824279785,23.1673583984375,10.384963989257812
0,0,0,0,10.851696968078613,23.16684341430664,10.384475708007812
0,0,0,0,10.851751327514648,23.166494369506836,10.384086608886719
0,0,0,0,10.851871490478516,23.166135787963867,10.383689880371094
0,0,0,0,10.851947784423828,23.16571617126465,10.383216857910156
0,0,0,0,10.85214900970459,23.16536521911621,10.382919311523438
0,0,0,0,10.852275848388672,23.165117263793945,10.382659912109375
0,0,0,0,10.852584838867188,23.164772033691406,10.382400512695312
0,0,0,0,10.852752685546875,23.16461181640625,10.382247924804688
0,0,0,0,10.853009223937988,23.164382934570312,10.382164001464844
0,0,0,0,10.853325843811035,23.16417694091797,10.382156372070312
0,0,0,0,10.85362434387207,23.163991928100586,10.382194519042969
0,0,0,0,10.853887557983398,23.163909912109375,10.382255554199219
0,0,0,0,10.854326248168945,23.16371726989746,10.382377624511719
0,0,0,0,10.854702949523926,23.163618087768555,10.382476806640625
0,0,0,0,10.855113983154297,23.163463592529297,10.382575988769531
0,0,0,0,10.85566234588623,23.163272857666016,10.382698059082031
0,0,0,0,10.856019020080566,23.163105010986328,10.382736206054688
0,0,0,0,10.856437683105469,23.162939071655273,10.38275146484375
0,0,0,0,10.856929779052734,23.16271209716797,10.382820129394531
0,0,0,0,10.857394218444824,23.162479400634766,10.382911682128906
0,0,0,0,10.857792854309082,23.162273406982422,10.383010864257812
0,0,0,0,10.858464241027832,23.16193962097168,10.383071899414062
0,0,0,0,10.858920097351074,23.161718368530273,10.383094787597656
0,0,0,0,10.859498977661133,23.161396026611328,10.383132934570312
0,0,0,0,10.86018180847168,23.161039352416992,10.383163452148438
0,0,0,0,10.86080551147461,23.160673141479492,10.383155822753906
0,0,0,0,10.861390113830566,23.160415649414062,10.383140563964844
0,0,0,0,10.86230754852295,23.16000747680664,10.383132934570312
0,0,0,0,10.86294937133789,23.159778594970703,10.383132934570312
0,0,0,0,10.863598823547363,23.159488677978516,10.383102416992188
0,0,0,0,10.864468574523926,23.1591854095459,10.383049011230469
0,0,0,0,10.865102767944336,23.15890121459961,10.383026123046875
0,0,0,0,10.865720748901367,23.158613204956055,10.383049011230469
0,0,0,0,10.866408348083496,23.15821647644043,10.383155822753906
0,0,0,0,10.866938591003418,23.157917022705078,10.38330078125
0,0,0,0,10.867391586303711,23.157665252685547,10.383522033691406
0,0,0,0,10.868056297302246,23.15726089477539,10.3839111328125
0,0,0,0,10.868444442749023,23.156999588012695,10.38427734375
0,0,0,0,10.868855476379395,23.15668296813965,10.384689331054688
0,0,0,0,10.869237899780273,23.1563720703125,10.385284423828125
0,0,0,0,10.869565963745117,23.156099319458008,10.385757446289062
0,0,0,0,10.869769096374512,23.155920028686523,10.386245727539062
0,0,0,0,10.87009334564209,23.155595779418945,10.386970520019531
0,0,0,0,10.870251655578613,23.155431747436523,10.387550354003906
0,0,0,0,10.87045955657959,23.155195236206055,10.388130187988281
0,0,0,0,10.8706636428833,23.155006408691406,10.388862609863281
0,0,0,0,10.87081241607666,23.154817581176758,10.389396667480469
0,0,0,0,10.87096881866455,23.154687881469727,10.389945983886719
0,0,0,0,10.871166229248047,23.154464721679688,10.390701293945312
0,0,0,0,10.871328353881836,23.154300689697266,10.391258239746094
0,0,0,0,10.871442794799805,23.154155731201172,10.391799926757812
0,0,0,0,10.871655464172363,23.15395164489746,10.392448425292969
0,0,0,0,10.871752738952637,23.153820037841797,10.392868041992188
0,0,0,0,10.871919631958008,23.153629302978516,10.393211364746094
0,0,0,0,10.872042655944824,23.153440475463867,10.3935546875
0,0,0,0,10.872225761413574,23.153230667114258,10.393768310546875
0,0,0,0,10.872326850891113,23.153141021728516,10.393936157226562
0,0,0,0,10.872593879699707,23.152984619140625,10.394126892089844
0,0,0,0,10.872706413269043,23.153005599975586,10.394241333007812
0,0,0,0,10.872838020324707,23.1529598236084,10.394363403320312
0,0,0,0,10.872917175292969,23.15308952331543,10.394508361816406
0,0,0,0,10.872949600219727,23.153165817260742,10.394645690917969
0,0,0,0,10.872906684875488,23.15337371826172,10.394813537597656
0,0,0,0,10.872791290283203,23.153701782226562,10.395034790039062
0,0,0,0,10.87269115447998,23.154029846191406,10.395156860351562
0,0,0,0,10.872540473937988,23.15439224243164,10.395294189453125
0,0,0,0,10.872289657592773,23.15500831604004,10.39544677734375
0,0,0,0,10.872054100036621,23.15553092956543,10.395484924316406
0,0,0,0,10.871896743774414,23.156084060668945,10.395454406738281
0,0,0,0,10.871685028076172,23.156959533691406,10.395278930664062
0,0,0,0,10.87166976928711,23.157644271850586,10.395103454589844
0,0,0,0,10.87159252166748,23.158422470092773,10.394874572753906
0,0,0,0,10.871644020080566,23.15936279296875,10.394523620605469
0,0,0,0,10.87166690826416,23.160165786743164,10.394233703613281
0,0,0,0,10.871814727783203,23.160900115966797,10.393928527832031
0,0,0,0,10.871971130371094,23.162031173706055,10.393447875976562
0,0,0,0,10.872164726257324,23.162845611572266,10.39306640625
0,0,0,0,10.872349739074707,23.16375160217285,10.392646789550781
0,0,0,0,10.872735023498535,23.164875030517578,10.391998291015625
0,0,0,0,10.87307071685791,23.16575050354004,10.3914794921875
0,0,0,0,10.873400688171387,23.166587829589844,10.390960693359375
0,0,0,0,10.873856544494629,23.167747497558594,10.390243530273438
0,0,0,0,10.874154090881348,23.16860008239746,10.389678955078125
0,0,0,0,10.87448501586914,23.169445037841797,10.389114379882812
0,0,0,0,10.874847412109375,23.17055892944336,10.38836669921875
0,0,0,0,10.875144958496094,23.171350479125977,10.387832641601562
0,0,0,0,10.875325202941895,23.172197341918945,10.387321472167969
0,0,0,0,10.875650405883789,23.173255920410156,10.386665344238281
0,0,0,0,10.8757963180542,23.174104690551758,10.38616943359375
0,0,0,0,10.876029014587402,23.174907684326172,10.38568115234375
0,0,0,0,10.876240730285645,23.176162719726562,10.385032653808594
0,0,0,0,10.876472473144531,23.177047729492188,10.384605407714844
0,0,0,0,10.876609802246094,23.17802619934082,10.384231567382812
0,0,0,0,10.876875877380371,23.179222106933594,10.383819580078125
0,0,0,0,10.877046585083008,23.180225372314453,10.383552551269531
0,0,0,0,10.877223014831543,23.18120002746582,10.383316040039062
0,0,0,0,10.87742805480957,23.182621002197266,10.383056640625
0,0,0,0,10.877581596374512,23.18366813659668,10.382881164550781
0,0,0,0,10.877760887145996,23.184778213500977,10.38275146484375
0,0,0,0,10.87798023223877,23.186281204223633,10.38262939453125
0,0,0,0,10.878207206726074,23.187376022338867,10.382583618164062
0,0,0,0,10.878351211547852,23.188514709472656,10.382522583007812
0,0,0,0,10.8786039352417,23.190004348754883,10.382377624511719
0,0,0,0,10.87871265411377,23.191144943237305,10.382209777832031
0,0,0,0,10.878897666931152,23.19219970703125,10.382064819335938
0,0,0,0,10.879063606262207,23.193614959716797,10.381912231445312
0,0,0,0,10.879315376281738,23.194551467895508,10.381805419921875
0,0,0,0,10.879528045654297,23.195533752441406,10.381675720214844
0,0,0,0,10.879972457885742,23.1966552734375,10.38153076171875
0,0,0,0,10.880261421203613,23.19749641418457,10.381462097167969
0,0,0,0,10.880627632141113,23.198192596435547,10.381431579589844
0,0,0,0,10.881114959716797,23.19915771484375,10.381378173828125
0,0,0,0,10.881495475769043,23.1998233795166,10.381317138671875
0,0,0,0,10.881861686706543,23.200489044189453,10.381240844726562
0,0,0,0,10.882308006286621,23.201208114624023,10.381095886230469
0,0,0,0,10.882637977600098,23.201663970947266,10.380973815917969
0,0,0,0,10.882874488830566,23.20201873779297,10.380882263183594
0,0,0,0,10.883244514465332,23.20233917236328,10.380790710449219
0,0,0,0,10.88342571258545,23.20255470275879,10.380714416503906
0,0,0,0,10.883671760559082,23.20269203186035,10.38067626953125
0,0,0,0,10.883902549743652,23.20285987854004,10.380668640136719
0,0,0,0,10.884147644042969,23.202831268310547,10.38067626953125
0,0,0,0,10.88428020477295,23.202844619750977,10.380683898925781
0,0,0,0,10.884501457214355,23.202739715576172,10.380653381347656
0,0,0,0,10.884623527526855,23.202722549438477,10.380615234375
0,0,0,0,10.884831428527832,23.202606201171875,10.380561828613281
0,0,0,0,10.885024070739746,23.202545166015625,10.380470275878906
0,0,0,0,10.885171890258789,23.20245361328125,10.380401611328125
0,0,0,0,10.885274887084961,23.202442169189453,10.380317687988281
0,0,0,0,10.885430335998535,23.202388763427734,10.380180358886719
0,0,0,0,10.88554859161377,23.2023983001709,10.38006591796875
0,0,0,0,10.885640144348145,23.202392578125,10.379951477050781
0,0,0,0,10.885758399963379,23.202360153198242,10.37982177734375
0,0,0,0,10.885799407958984,23.20230484008789,10.379737854003906
0,0,0,0,10.885913848876953,23.202220916748047,10.379653930664062
0,0,0,0,10.886000633239746,23.2021541595459,10.37957763671875
0,0,0,0,10.886131286621094,23.202030181884766,10.379562377929688
0,0,0,0,10.886159896850586,23.20195960998535,10.379608154296875
0,0,0,0,10.886255264282227,23.20180320739746,10.37969970703125
0,0,0,0,10.88621997833252,23.201780319213867,10.379829406738281
0,0,0,0,10.886225700378418,23.201658248901367,10.380020141601562
0,0,0,0,10.8861083984375,23.201622009277344,10.380317687988281
0,0,0,0,10.886054992675781,23.201539993286133,10.380577087402344
0,0,0,0,10.885915756225586,23.2015438079834,10.380851745605469
0,0,0,0,10.885723114013672,23.201379776000977,10.381202697753906
0,0,0,0,10.885539054870605,23.201282501220703,10.381477355957031
0,0,0,0,10.885307312011719,23.201108932495117,10.381721496582031
0,0,0,0,10.884944915771484,23.20093536376953,10.38201904296875
0,0,0,0,10.884573936462402,23.200767517089844,10.382209777832031
0,0,0,0,10.884206771850586,23.20056915283203,10.382377624511719
0,0,0,0,10.88361644744873,23.200246810913086,10.382598876953125
0,0,0,0,10.883228302001953,23.199932098388672,10.382743835449219
0,0,0,0,10.882745742797852,23.199628829956055,10.382835388183594
0,0,0,0,10.882156372070312,23.19915008544922,10.382949829101562
0,0,0,0,10.881647109985352,23.19883918762207,10.383049011230469
0,0,0,0,10.88119888305664,23.19845199584961,10.383140563964844
0,0,0,0,10.88045883178711,23.197988510131836,10.383262634277344
0,0,0,0,10.879985809326172,23.197589874267578,10.383384704589844
0,0,0,0,10.879438400268555,23.197284698486328,10.383529663085938
0,0,0,0,10.878774642944336,23.19672966003418,10.383766174316406
0,0,0,0,10.878247261047363,23.196353912353516,10.383956909179688
0,0,0,0,10.877728462219238,23.195871353149414,10.384162902832031
0,0,0,0,10.876995086669922,23.195274353027344,10.384445190429688
0,0,0,0,10.876426696777344,23.19476890563965,10.3846435546875
0,0,0,0,10.875860214233398,23.194297790527344,10.38482666015625
0,0,0,0,10.875078201293945,23.193601608276367,10.385093688964844
0,0,0,0,10.874528884887695,23.193035125732422,10.385307312011719
0,0,0,0,10.873909950256348,23.192455291748047,10.385505676269531
0,0,0,0,10.873104095458984,23.191579818725586,10.385787963867188
0,0,0,0,10.872397422790527,23.190942764282227,10.386062622070312
0,0,0,0,10.871774673461914,23.19023895263672,10.386405944824219
0,0,0,0,10.870849609375,23.189414978027344,10.386886596679688
0,0,0,0,10.870281219482422,23.188737869262695,10.387252807617188
0,0,0,0,10.869637489318848,23.188159942626953,10.387641906738281
0,0,0,0,10.86890983581543,23.18736457824707,10.388175964355469
0,0,0,0,10.8683500289917,23.186870574951172,10.388587951660156
0,0,0,0,10.867880821228027,23.1862850189209,10.389007568359375
0,0,0,0,10.867276191711426,23.185592651367188,10.389549255371094
0,0,0,0,10.866862297058105,23.18505859375,10.389961242675781
0,0,0,0,10.86648178100586,23.18457794189453,10.390380859375
0,0,0,0,10.86600112915039,23.18392562866211,10.390884399414062
0,0,0,0,10.865724563598633,23.183515548706055,10.391212463378906
0,0,0,0,10.865401268005371,23.183143615722656,10.391471862792969
0,0,0,0,10.86503791809082,23.18269920349121,10.391700744628906
0,0,0,0,10.864697456359863,23.182485580444336,10.391799926757812
0,0,0,0,10.86443042755127,23.1822509765625,10.391838073730469
0,0,0,0,10.86397647857666,23.182083129882812,10.391822814941406
0,0,0,0,10.863712310791016,23.181922912597656,10.391777038574219
0,0,0,0,10.863362312316895,23.181840896606445,10.391708374023438
0,0,0,0,10.862992286682129,23.18163299560547,10.391639709472656
0,0,0,0,10.862666130065918,23.181570053100586,10.391571044921875
0,0,0,0,10.86240291595459,23.181413650512695,10.391464233398438
0,0,0,0,10.861929893493652,23.1812686920166,10.391281127929688
0,0,0,0,10.861607551574707,23.18110466003418,10.39111328125
0,0,0,0,10.86124038696289,23.181020736694336,10.390922546386719
0,0,0,0,10.860859870910645,23.180810928344727,10.390670776367188
0,0,0,0,10.860631942749023,23.180709838867188,10.390472412109375
0,0,0,0,10.860443115234375,23.18056869506836,10.390281677246094
0,0,0,0,10.860308647155762,23.180452346801758,10.389961242675781
0,0,0,0,10.86015510559082,23.180362701416016,10.389717102050781
0,0,0,0,10.860050201416016,23.180246353149414,10.389488220214844
0,0,0,0,10.859841346740723,23.180084228515625,10.389198303222656
0,0,0,0,10.859732627868652,23.179901123046875,10.388992309570312
0,0,0,0,10.859492301940918,23.179773330688477,10.38885498046875
0,0,0,0,10.859260559082031,23.17949867248535,10.388809204101562
0,0,0,0,10.85901927947998,23.179340362548828,10.388832092285156
0,0,0,0,10.858871459960938,23.179109573364258,10.388893127441406
0,0,0,0,10.858551025390625,23.17892074584961,10.389076232910156
0,0,0,0,10.858353614807129,23.178743362426758,10.389312744140625
0,0,0,0,10.858100891113281,23.17868423461914,10.389633178710938
0,0,0,0,10.857854843139648,23.178516387939453,10.39013671875
0,0,0,0,10.857695579528809,23.178430557250977,10.39056396484375
0,0,0,0,10.857608795166016,23.178312301635742,10.391006469726562
0,0,0,0,10.857502937316895,23.178274154663086,10.391647338867188
0,0,0,0,10.85741138458252,23.178245544433594,10.392181396484375
0,0,0,0,10.857365608215332,23.1782283782959,10.392745971679688
0,0,0,0,10.857247352600098,23.17821502685547,10.393600463867188
0,0,0,0,10.85722827911377,23.178203582763672,10.394332885742188
0,0,0,0,10.857160568237305,23.178281784057617,10.395118713378906
0,0,0,0,10.857254981994629,23.178340911865234,10.396125793457031
0,0,0,0,10.857267379760742,23.17843246459961,10.396888732910156
0,0,0,0,10.857406616210938,23.178434371948242,10.397636413574219
0,0,0,0,10.857512474060059,23.178579330444336,10.398696899414062
0,0,0,0,10.857674598693848,23.178640365600586,10.3995361328125
0,0,0,0,10.857767105102539,23.17878532409668,10.400382995605469
0,0,0,0,10.8579740524292,23.178897857666016,10.401535034179688
0,0,0,0,10.858115196228027,23.179044723510742,10.402435302734375
0,0,0,0,10.858292579650879,23.17910385131836,10.403343200683594
0,0,0,0,10.858471870422363,23.17926597595215,10.404579162597656
0,0,0,0,10.858573913574219,23.179349899291992,10.405448913574219
0,0,0,0,10.858675003051758,23.1794490814209,10.406280517578125
0,0,0,0,10.858757972717285,23.179548263549805,10.407279968261719
0,0,0,0,10.858851432800293,23.179624557495117,10.407943725585938
0,0,0,0,10.858857154846191,23.179723739624023,10.408538818359375
0,0,0,0,10.858930587768555,23.179813385009766,10.409194946289062
0,0,0,0,10.858888626098633,23.179889678955078,10.4095458984375
0,0,0,0,10.858945846557617,23.17991065979004,10.409835815429688
0,0,0,0,10.858939170837402,23.180038452148438,10.41009521484375
0,0,0,0,10.859017372131348,23.180030822753906,10.410194396972656
0,0,0,0,10.859025955200195,23.180082321166992,10.410232543945312
0,0,0,0,10.859156608581543,23.179996490478516,10.410240173339844
0,0,0,0,10.859243392944336,23.179990768432617,10.410209655761719
0,0,0,0,10.859421730041504,23.179887771606445,10.410140991210938
0,0,0,0,10.859676361083984,23.1798095703125,10.409942626953125
0,0,0,0,10.859925270080566,23.1796875,10.409751892089844
0,0,0,0,10.860194206237793,23.179641723632812,10.409523010253906
0,0,0,0,10.860618591308594,23.17955780029297,10.4091796875
0,0,0,0,10.861027717590332,23.17951202392578,10.408920288085938
0,0,0,0,10.86141586303711,23.179460525512695,10.408699035644531
0,0,0,0,10.862052917480469,23.179370880126953,10.408485412597656
0,0,0,0,10.862519264221191,23.179309844970703,10.40838623046875
0,0,0,0,10.863140106201172,23.179174423217773,10.408370971679688
0,0,0,0,10.863980293273926,23.178987503051758,10.408470153808594
0,0,0,0,10.864742279052734,23.178730010986328,10.408592224121094
0,0,0,0,10.865448951721191,23.178546905517578,10.408760070800781
0,0,0,0,10.866591453552246,23.17818260192871,10.40899658203125
0,0,0,0,10.867440223693848,23.1779842376709,10.4091796875
0,0,0,0,10.868389129638672,23.17765998840332,10.40936279296875
0,0,0,0,10.86958122253418,23.17734146118164,10.409561157226562
0,0,0,0,10.870527267456055,23.177047729492188,10.409637451171875
0,0,0,0,10.871404647827148,23.17680549621582,10.40966796875
0,0,0,0,10.872562408447266,23.17636489868164,10.409591674804688
0,0,0,0,10.873443603515625,23.176063537597656,10.409454345703125
0,0,0,0,10.874320983886719,23.175737380981445,10.409278869628906
0,0,0,0,10.875536918640137,23.175283432006836,10.408981323242188
0,0,0,0,10.876391410827637,23.174928665161133,10.408699035644531
0,0,0,0,10.87730598449707,23.174577713012695,10.408409118652344
0,0,0,0,10.87839126586914,23.17416000366211,10.408027648925781
0,0,0,0,10.879281044006348,23.173830032348633,10.407737731933594
0,0,0,0,10.880081176757812,23.173595428466797,10.407493591308594
0,0,0,0,10.881261825561523,23.173248291015625,10.407241821289062
0,0,0,0,10.882075309753418,23.173084259033203,10.407135009765625
0,0,0,0,10.882994651794434,23.172849655151367,10.407089233398438
0,0,0,0,10.884143829345703,23.17267417907715,10.4071044921875
0,0,0,0,10.885039329528809,23.172489166259766,10.40716552734375
0,0,0,0,10.885865211486816,23.17237663269043,10.407295227050781
0,0,0,0,10.886979103088379,23.172119140625,10.40753173828125
0,0,0,0,10.887794494628906,23.171998977661133,10.407768249511719
0,0,0,0,10.888594627380371,23.171823501586914,10.408004760742188
0,0,0,0,10.889636993408203,23.171669006347656,10.408233642578125
0,0,0,0,10.890347480773926,23.171554565429688,10.408340454101562
0,0,0,0,10.8910551071167,23.17145347595215,10.408401489257812
0,0,0,0,10.891886711120605,23.171314239501953,10.408416748046875
0,0,0,0,10.892515182495117,23.171205520629883,10.408370971679688
0,0,0,0,10.893030166625977,23.171180725097656,10.408226013183594
0,0,0,0,10.893735885620117,23.171165466308594,10.407928466796875
0,0,0,0,10.894115447998047,23.171253204345703,10.407661437988281
0,0,0,0,10.894546508789062,23.171276092529297,10.407356262207031
0,0,0,0,10.894981384277344,23.17146873474121,10.406959533691406
0,0,0,0,10.895337104797363,23.17156410217285,10.406661987304688
0,0,0,0,10.89558219909668,23.171728134155273,10.406387329101562
0,0,0,0,10.895938873291016,23.171857833862305,10.40606689453125
0,0,0,0,10.896116256713867,23.17205047607422,10.405815124511719
0,0,0,0,10.896319389343262,23.172147750854492,10.405563354492188
0,0,0,0,10.896520614624023,23.17228889465332,10.4052734375
0,0,0,0,10.896659851074219,23.172346115112305,10.405029296875
0,0,0,0,10.896795272827148,23.172439575195312,10.404792785644531
0,0,0,0,10.89696216583252,23.172452926635742,10.404487609863281
0,0,0,0,10.897144317626953,23.172435760498047,10.404243469238281
0,0,0,0,10.89726448059082,23.172443389892578,10.403984069824219
0,0,0,0,10.89749526977539,23.172456741333008,10.403610229492188
0,0,0,0,10.8975830078125,23.172494888305664,10.403335571289062
0,0,0,0,10.897751808166504,23.172460556030273,10.403083801269531
0,0,0,0,10.897819519042969,23.17247200012207,10.402748107910156
0,0,0,0,10.897927284240723,23.172405242919922,10.402481079101562
0,0,0,0,10.89790153503418,23.172409057617188,10.402244567871094
0,0,0,0,10.89787769317627,23.17226791381836,10.401962280273438
0,0,0,0,10.8977689743042,23.17224884033203,10.401763916015625
0,0,0,0,10.897690773010254,23.172163009643555,10.401580810546875
0,0,0,0,10.89751148223877,23.172103881835938,10.401344299316406
0,0,0,0,10.897377967834473,23.171985626220703,10.401161193847656
0,0,0,0,10.897232055664062,23.171945571899414,10.400970458984375
0,0,0,0,10.8970308303833,23.17189598083496,10.400665283203125
0,0,0,0,10.896895408630371,23.17194366455078,10.400390625
0,0,0,0,10.896702766418457,23.17200469970703,10.400108337402344
0,0,0,0,10.896465301513672,23.17214012145996,10.399711608886719
0,0,0,0,10.896177291870117,23.172317504882812,10.399406433105469
0,0,0,0,10.895950317382812,23.17249870300293,10.399055480957031
0,0,0,0,10.895490646362305,23.172780990600586,10.398468017578125
0,0,0,0,10.895155906677246,23.172941207885742,10.397941589355469
0,0,0,0,10.894655227661133,23.173181533813477,10.397392272949219
0,0,0,0,10.894044876098633,23.173412322998047,10.396659851074219
0,0,0,0,10.893450736999512,23.173633575439453,10.396064758300781
0,0,0,0,10.892881393432617,23.17374610900879,10.395439147949219
0,0,0,0,10.891988754272461,23.17397117614746,10.394561767578125
0,0,0,0,10.891317367553711,23.174039840698242,10.393943786621094
0,0,0,0,10.890606880187988,23.17416000366211,10.393325805664062
0,0,0,0,10.889650344848633,23.1741943359375,10.392509460449219
0,0,0,0,10.888897895812988,23.17420768737793,10.39190673828125
0,0,0,0,10.888152122497559,23.17414665222168,10.391319274902344
0,0,0,0,10.887223243713379,23.174047470092773,10.390556335449219
0,0,0,0,10.886491775512695,23.173931121826172,10.390029907226562
0,0,0,0,10.88585090637207,23.17379379272461,10.389549255371094
0,0,0,0,10.884963035583496,23.173593521118164,10.389015197753906
0,0,0,0,10.884422302246094,23.17337989807129,10.388687133789062
0,0,0,0,10.883820533752441,23.173208236694336,10.388404846191406
0,0,0,0,10.88314437866211,23.17291831970215,10.388092041015625
0,0,0,0,10.882621765136719,23.172761917114258,10.387924194335938
0,0,0,0,10.882238388061523,23.172513961791992,10.387802124023438
0,0,0,0,10.881640434265137,23.172277450561523,10.387702941894531
0,0,0,0,10.881248474121094,23.172016143798828,10.3876953125
0,0,0,0,10.880809783935547,23.17184829711914,10.387702941894531
0,0,0,0,10.880292892456055,23.171573638916016,10.387680053710938
0,0,0,0,10.879913330078125,23.17145538330078,10.387649536132812
0,0,0,0,10.879551887512207,23.171247482299805,10.387603759765625
0,0,0,0,10.87906265258789,23.171062469482422,10.387557983398438
0,0,0,0,10.878657341003418,23.170923233032227,10.387535095214844
0,0,0,0,10.878277778625488,23.170818328857422,10.387443542480469
0,0,0,0,10.877752304077148,23.17068862915039,10.38720703125
0,0,0,0,10.877413749694824,23.17061424255371,10.386993408203125
0,0,0,0,10.876981735229492,23.17060661315918,10.386756896972656
0,0,0,0,10.87651252746582,23.170618057250977,10.386428833007812
0,0,0,0,10.87610912322998,23.17072105407715,10.386146545410156
0,0,0,0,10.87579345703125,23.170761108398438,10.385841369628906
0,0,0,0,10.875273704528809,23.17093849182129,10.385414123535156
0,0,0,0,10.874935150146484,23.17105484008789,10.385124206542969
0,0,0,0,10.87450122833252,23.171308517456055,10.384864807128906
0,0,0,0,10.873997688293457,23.171545028686523,10.38458251953125
0,0,0,0,10.873607635498047,23.171770095825195,10.384429931640625
0,0,0,0,10.873290061950684,23.171924591064453,10.384330749511719
0,0,0,0,10.872886657714844,23.172203063964844,10.384269714355469
0,0,0,0,10.872603416442871,23.172330856323242,10.384254455566406
0,0,0,0,10.872369766235352,23.172475814819336,10.384254455566406
0,0,0,0,10.872102737426758,23.17262077331543,10.384231567382812
0,0,0,0,10.871989250183105,23.172719955444336,10.38421630859375
0,0,0,0,10.871813774108887,23.172794342041016,10.384178161621094
0,0,0,0,10.871627807617188,23.172876358032227,10.384117126464844
0,0,0,0,10.87139892578125,23.172971725463867,10.384078979492188
0,0,0,0,10.871254920959473,23.17299461364746,10.384025573730469
0,0,0,0,10.870996475219727,23.17303466796875,10.383895874023438
0,0,0,0,10.87087631225586,23.172962188720703,10.383735656738281
0,0,0,0,10.87064266204834,23.172958374023438,10.383522033691406
0,0,0,0,10.870418548583984,23.172792434692383,10.383201599121094
0,0,0,0,10.870183944702148,23.17270278930664,10.382957458496094
0,0,0,0,10.87002182006836,23.172515869140625,10.382736206054688
0,0,0,0,10.869691848754883,23.17232322692871,10.382492065429688
0,0,0,0,10.869470596313477,23.172067642211914,10.382354736328125
0,0,0,0,10.869224548339844,23.171850204467773,10.382225036621094
0,0,0,0,10.868937492370605,23.17145538330078,10.382049560546875
0,0,0,0,10.868760108947754,23.171165466308594,10.381942749023438
0,0,0,0,10.86856460571289,23.170856475830078,10.381858825683594
0,0,0,0,10.868404388427734,23.170440673828125,10.3818359375
0,0,0,0,10.86826229095459,23.17010498046875,10.3818359375
0,0,0,0,10.868243217468262,23.169748306274414,10.381866455078125
0,0,0,0,10.868245124816895,23.169292449951172,10.381935119628906
0,0,0,0,10.868426322937012,23.168867111206055,10.381988525390625
0,0,0,0,10.86856460571289,23.168474197387695,10.382049560546875
0,0,0,0,10.868931770324707,23.16781997680664,10.382148742675781
0,0,0,0,10.869194030761719,23.16741371154785,10.382209777832031
0,0,0,0,10.86959457397461,23.16693878173828,10.38226318359375
0,0,0,0,10.870096206665039,23.166452407836914,10.38232421875
0,0,0,0,10.870539665222168,23.166065216064453,10.382331848144531
0,0,0,0,10.87096881866455,23.16580581665039,10.382308959960938
0,0,0,0,10.87159252166748,23.165468215942383,10.382247924804688
0,0,0,0,10.872035026550293,23.16534996032715,10.382186889648438
0,0,0,0,10.872445106506348,23.16526985168457,10.382118225097656
0,0,0,0,10.872974395751953,23.16529083251953,10.382026672363281
0,0,0,0,10.873295783996582,23.16533660888672,10.3819580078125
0,0,0,0,10.873639106750488,23.16542625427246,10.381942749023438
0,0,0,0,10.873950004577637,23.16562271118164,10.382003784179688
0,0,0,0,10.874220848083496,23.16578483581543,10.382102966308594
0,0,0,0,10.87434196472168,23.166059494018555,10.38226318359375
0,0,0,0,10.87453556060791,23.16638946533203,10.382598876953125
0,0,0,0,10.874505043029785,23.166790008544922,10.382911682128906
0,0,0,0,10.874488830566406,23.16716957092285,10.383262634277344
0,0,0,0,10.874303817749023,23.167808532714844,10.383773803710938
0,0,0,0,10.874177932739258,23.16822052001953,10.384178161621094
0,0,0,0,10.87392520904541,23.168718338012695,10.384590148925781
0,0,0,0,10.873565673828125,23.169294357299805,10.385169982910156
0,0,0,0,10.873235702514648,23.16978645324707,10.385612487792969
0,0,0,0,10.872905731201172,23.17021369934082,10.386054992675781
0,0,0,0,10.872407913208008,23.17082977294922,10.386688232421875
0,0,0,0,10.87198257446289,23.171279907226562,10.38720703125
0,0,0,0,10.871589660644531,23.1717586517334,10.387763977050781
0,0,0,0,10.87103271484375,23.172367095947266,10.388557434082031
0,0,0,0,10.87070083618164,23.172780990600586,10.389198303222656
0,0,0,0,10.870319366455078,23.173242568969727,10.389877319335938
0,0,0,0,10.8699312210083,23.173830032348633,10.390823364257812
0,0,0,0,10.869596481323242,23.174333572387695,10.391563415527344
0,0,0,0,10.869406700134277,23.17476463317871,10.392364501953125
0,0,0,0,10.869154930114746,23.17542266845703,10.39349365234375
0,0,0,0,10.869111061096191,23.175872802734375,10.394393920898438
0,0,0,0,10.869067192077637,23.176443099975586,10.395301818847656
0,0,0,0,10.869200706481934,23.17709732055664,10.396461486816406
0,0,0,0,10.869311332702637,23.177621841430664,10.397262573242188
0,0,0,0,10.869515419006348,23.178054809570312,10.398017883300781
0,0,0,0,10.869766235351562,23.178667068481445,10.398963928222656
0,0,0,0,10.869985580444336,23.1790771484375,10.399635314941406
0,0,0,0,10.870221138000488,23.179523468017578,10.400276184082031
0,0,0,0,10.870522499084473,23.180034637451172,10.401054382324219
0,0,0,0,10.870767593383789,23.180416107177734,10.40155029296875
0,0,0,0,10.870918273925781,23.1807918548584,10.401969909667969
0,0,0,0,10.871116638183594,23.181257247924805,10.402481079101562
0,0,0,0,10.871163368225098,23.181665420532227,10.402847290039062
0,0,0,0,10.871284484863281,23.182003021240234,10.403175354003906
0,0,0,0,10.87129020690918,23.182540893554688,10.403526306152344
0,0,0,0,10.871339797973633,23.182910919189453,10.403762817382812
0,0,0,0,10.871288299560547,23.183382034301758,10.403968811035156
0,0,0,0,10.871286392211914,23.183969497680664,10.404205322265625
0,0,0,0,10.871208190917969,23.18452262878418,10.404342651367188
0,0,0,0,10.871162414550781,23.185022354125977,10.404487609863281
0,0,0,0,10.87096118927002,23.185834884643555,10.404678344726562
0,0,0,0,10.870779991149902,23.186382293701172,10.404808044433594
0,0,0,0,10.870538711547852,23.18699073791504,10.404953002929688
0,0,0,0,10.870149612426758,23.187702178955078,10.405158996582031
0,0,0,0,10.869856834411621,23.18825340270996,10.405311584472656
0,0,0,0,10.869508743286133,23.188791275024414,10.405448913574219
0,0,0,0,10.869051933288574,23.18950080871582,10.40570068359375
0,0,0,0,10.86864948272705,23.190027236938477,10.405929565429688
0,0,0,0,10.868338584899902,23.190488815307617,10.406211853027344
0,0,0,0,10.867880821228027,23.19112777709961,10.406669616699219
0,0,0,0,10.867643356323242,23.19154167175293,10.407020568847656
0,0,0,0,10.867368698120117,23.1920166015625,10.407386779785156
0,0,0,0,10.867176055908203,23.192529678344727,10.40789794921875
0,0,0,0,10.866999626159668,23.192949295043945,10.408279418945312
0,0,0,0,10.866927146911621,23.193273544311523,10.408660888671875
0,0,0,0,10.866747856140137,23.193811416625977,10.409194946289062
0,0,0,0,10.866659164428711,23.194091796875,10.409614562988281
0,0,0,0,10.8665132522583,23.194379806518555,10.4100341796875
0,0,0,0,10.866394996643066,23.194604873657227,10.410575866699219
0,0,0,0,10.866357803344727,23.194746017456055,10.410926818847656
0,0,0,0,10.866355895996094,23.19480323791504,10.41119384765625
0,0,0,0,10.866395950317383,23.19485855102539,10.411483764648438
0,0,0,0,10.866389274597168,23.194843292236328,10.411659240722656
0,0,0,0,10.866495132446289,23.194772720336914,10.411781311035156
0,0,0,0,10.866633415222168,23.194643020629883,10.411857604980469
0,0,0,0,10.866881370544434,23.194475173950195,10.411880493164062
0,0,0,0,10.867061614990234,23.194334030151367,10.411872863769531
0,0,0,0,10.867422103881836,23.194032669067383,10.411766052246094
0,0,0,0,10.867619514465332,23.193864822387695,10.411590576171875
0,0,0,0,10.86790943145752,23.193603515625,10.411346435546875
0,0,0,0,10.868200302124023,23.193368911743164,10.410896301269531
0,0,0,0,10.86843204498291,23.193161010742188,10.410476684570312
0,0,0,0,10.868556022644043,23.193058013916016,10.409988403320312
0,0,0,0,10.86877727508545,23.192840576171875,10.409225463867188
0,0,0,0,10.868906021118164,23.19272804260254,10.408584594726562
0,0,0,0,10.869070053100586,23.192554473876953,10.407928466796875
0,0,0,0,10.869302749633789,23.192413330078125,10.406990051269531
0,0,0,0,10.869450569152832,23.19232940673828,10.406204223632812
0,0,0,0,10.869648933410645,23.192272186279297,10.4053955078125
0,0,0,0,10.869915008544922,23.192222595214844,10.404289245605469
0,0,0,0,10.870193481445312,23.19219398498535,10.403419494628906
0,0,0,0,10.870415687561035,23.1922550201416,10.402511596679688
0,0,0,0,10.870813369750977,23.19229507446289,10.401268005371094
0,0,0,0,10.871057510375977,23.192373275756836,10.400260925292969
0,0,0,0,10.871397018432617,23.19237518310547,10.39923095703125
0,0,0,0,10.871755599975586,23.192415237426758,10.3978271484375
0,0,0,0,10.872088432312012,23.19231414794922,10.396751403808594
0,0,0,0,10.872337341308594,23.192285537719727,10.395675659179688
0,0,0,0,10.87289810180664,23.192058563232422,10.393798828125
0,0,0,0,10.873128890991211,23.191957473754883,10.393020629882812
0,0,0,0,10.873480796813965,23.191707611083984,10.391822814941406
0,0,0,0,10.873902320861816,23.191423416137695,10.390296936035156
0,0,0,0,10.874237060546875,23.191137313842773,10.389213562011719
0,0,0,0,10.874580383300781,23.19084358215332,10.388198852539062
0,0,0,0,10.875046730041504,23.19032096862793,10.386917114257812
0,0,0,0,10.875452041625977,23.189878463745117,10.386032104492188
0,0,0,0,10.875779151916504,23.189424514770508,10.385208129882812
0,0,0,0,10.87629222869873,23.188798904418945,10.384239196777344
0,0,0,0,10.876596450805664,23.188339233398438,10.383590698242188
0,0,0,0,10.876996994018555,23.187820434570312,10.383003234863281
0,0,0,0,10.877437591552734,23.187191009521484,10.382286071777344
0,0,0,0,10.877856254577637,23.186641693115234,10.381820678710938
0,0,0,0,10.878190040588379,23.186161041259766,10.381423950195312
0,0,0,0,10.878735542297363,23.185396194458008,10.380950927734375
0,0,0,0,10.879072189331055,23.184906005859375,10.380592346191406
0,0,0,0,10.879471778869629,23.184343338012695,10.380233764648438
0,0,0,0,10.879919052124023,23.1837100982666,10.379806518554688
0,0,0,0,10.880256652832031,23.183198928833008,10.379531860351562
0,0,0,0,10.880558013916016,23.18274688720703,10.3792724609375
0,0,0,0,10.880951881408691,23.182126998901367,10.378944396972656
0,0,0,0,10.881253242492676,23.181732177734375,10.378700256347656
0,0,0,0,10.881551742553711,23.18133544921875,10.378456115722656
0,0,0,0,10.882024765014648,23.18086814880371,10.378143310546875
0,0,0,0,10.88232135772705,23.180522918701172,10.377906799316406
0,0,0,0,10.882684707641602,23.180145263671875,10.377685546875
0,0,0,0,10.883123397827148,23.179723739624023,10.377426147460938
0,0,0,0,10.883563995361328,23.17938804626465,10.377250671386719
0,0,0,0,10.883910179138184,23.17914581298828,10.377105712890625
0,0,0,0,10.884454727172852,23.178667068481445,10.376953125
0,0,0,0,10.884737014770508,23.178369522094727,10.376899719238281
0,0,0,0,10.88505744934082,23.177968978881836,10.376876831054688
0,0,0,0,10.885375022888184,23.17757225036621,10.376869201660156
0,0,0,0,10.885607719421387,23.177213668823242,10.376922607421875
0,0,0,0,10.88575267791748,23.176918029785156,10.376983642578125
0,0,0,0,10.885913848876953,23.176429748535156,10.377037048339844
0,0,0,0,10.885993003845215,23.17613410949707,10.377090454101562
0,0,0,0,10.886000633239746,23.17579460144043,10.377151489257812
0,0,0,0,10.885951042175293,23.175384521484375,10.377197265625
0,0,0,0,10.885823249816895,23.175079345703125,10.377235412597656
0,0,0,0,10.885746002197266,23.174772262573242,10.377288818359375
0,0,0,0,10.885574340820312,23.174360275268555,10.377342224121094
0,0,0,0,10.885513305664062,23.174007415771484,10.377410888671875
0,0,0,0,10.885384559631348,23.17369842529297,10.377525329589844
0,0,0,0,10.885319709777832,23.173255920410156,10.377761840820312
0,0,0,0,10.88522720336914,23.172992706298828,10.377983093261719
0,0,0,0,10.885251998901367,23.17267417907715,10.378242492675781
0,0,0,0,10.885251998901367,23.172382354736328,10.378631591796875
0,0,0,0,10.885330200195312,23.172088623046875,10.378944396972656
0,0,0,0,10.885346412658691,23.171884536743164,10.379234313964844
0,0,0,0,10.885483741760254,23.171525955200195,10.379646301269531
0,0,0,0,10.88558578491211,23.171335220336914,10.379974365234375
0,0,0,0,10.885717391967773,23.171092987060547,10.380294799804688
0,0,0,0,10.88590145111084,23.170808792114258,10.380722045898438
0,0,0,0,10.886058807373047,23.170534133911133,10.381027221679688
0,0,0,0,10.88626480102539,23.170265197753906,10.381340026855469
0,0,0,0,10.88652515411377,23.169878005981445,10.38177490234375
0,0,0,0,10.886810302734375,23.1695499420166,10.382095336914062
0,0,0,0,10.887040138244629,23.16924476623535,10.382408142089844
0,0,0,0,10.887495040893555,23.168794631958008,10.3828125
0,0,0,0,10.887795448303223,23.16852378845215,10.383110046386719
0,0,0,0,10.888199806213379,23.16819953918457,10.383377075195312
0,0,0,0,10.888644218444824,23.16785430908203,10.383636474609375
0,0,0,0,10.889049530029297,23.167522430419922,10.38385009765625
0,0,0,0,10.889341354370117,23.16728973388672,10.384086608886719
0,0,0,0,10.889781951904297,23.166900634765625,10.3843994140625
0,0,0,0,10.890030860900879,23.166654586791992,10.3846435546875
0,0,0,0,10.890311241149902,23.166309356689453,10.384902954101562
0,0,0,0,10.890593528747559,23.16592788696289,10.385307312011719
0,0,0,0,10.890780448913574,23.16556739807129,10.38568115234375
0,0,0,0,10.89094352722168,23.16524314880371,10.386085510253906
0,0,0,0,10.891081809997559,23.16473388671875,10.386665344238281
0,0,0,0,10.891195297241211,23.164384841918945,10.387130737304688
0,0,0,0,10.891243934631348,23.164033889770508,10.387619018554688
0,0,0,0,10.89138126373291,23.16355323791504,10.388267517089844
0,0,0,0,10.891414642333984,23.163232803344727,10.388740539550781
0,0,0,0,10.891504287719727,23.162891387939453,10.38922119140625
0,0,0,0,10.891517639160156,23.16251564025879,10.389900207519531
0,0,0,0,10.89160442352295,23.16216468811035,10.390426635742188
0,0,0,0,10.89157772064209,23.161888122558594,10.390922546386719
0,0,0,0,10.891578674316406,23.161439895629883,10.391548156738281
0,0,0,0,10.891464233398438,23.161163330078125,10.392021179199219
0,0,0,0,10.891386985778809,23.160768508911133,10.392494201660156
0,0,0,0,10.891176223754883,23.160337448120117,10.393051147460938
0,0,0,0,10.890998840332031,23.159942626953125,10.393455505371094
0,0,0,0,10.890750885009766,23.15959930419922,10.393852233886719
0,0,0,0,10.890381813049316,23.159074783325195,10.394355773925781
0,0,0,0,10.890095710754395,23.158716201782227,10.39471435546875
0,0,0,0,10.889763832092285,23.1583309173584,10.395050048828125
0,0,0,0,10.889289855957031,23.15784454345703,10.395462036132812
0,0,0,0,10.888859748840332,23.15752601623535,10.395736694335938
0,0,0,0,10.888505935668945,23.15721321105957,10.395950317382812
0,0,0,0,10.887947082519531,23.156845092773438,10.396194458007812
0,0,0,0,10.88760757446289,23.156518936157227,10.396377563476562
0,0,0,0,10.8871431350708,23.156295776367188,10.396530151367188
0,0,0,0,10.88665771484375,23.15596580505371,10.396697998046875
0,0,0,0,10.886236190795898,23.15579605102539,10.396781921386719
0,0,0,0,10.885909080505371,23.15553855895996,10.396842956542969
0,0,0,0,10.885382652282715,23.155298233032227,10.396926879882812
0,0,0,0,10.885018348693848,23.155046463012695,10.397018432617188
0,0,0,0,10.884600639343262,23.154870986938477,10.397125244140625
0,0,0,0,10.884100914001465,23.1545467376709,10.397270202636719
0,0,0,0,10.883745193481445,23.154335021972656,10.397407531738281
0,0,0,0,10.883390426635742,23.154090881347656,10.397560119628906
0,0,0,0,10.882926940917969,23.153806686401367,10.397796630859375
0,0,0,0,10.882564544677734,23.153593063354492,10.397994995117188
0,0,0,0,10.882261276245117,23.153396606445312,10.398208618164062
0,0,0,0,10.881841659545898,23.153152465820312,10.398544311523438
0,0,0,0,10.881617546081543,23.152912139892578,10.398826599121094
0,0,0,0,10.881305694580078,23.15270233154297,10.399139404296875
0,0,0,0,10.880961418151855,23.152368545532227,10.399559020996094
0,0,0,0,10.880616188049316,23.152185440063477,10.399879455566406
0,0,0,0,10.880352973937988,23.15190315246582,10.400215148925781
0,0,0,0,10.879895210266113,23.1516170501709,10.400596618652344
0,0,0,0,10.879616737365723,23.151321411132812,10.40081787109375
0,0,0,0,10.879281044006348,23.151123046875,10.401016235351562
0,0,0,0,10.878924369812012,23.150758743286133,10.401214599609375
0,0,0,0,10.878620147705078,23.150556564331055,10.401359558105469
0,0,0,0,10.878334045410156,23.150287628173828,10.401473999023438
0,0,0,0,10.877943992614746,23.150033950805664,10.401557922363281
0,0,0,0,10.8776273727417,23.149812698364258,10.401527404785156
0,0,0,0,10.877339363098145,23.149641036987305,10.40142822265625
0,0,0,0,10.876927375793457,23.149473190307617,10.401222229003906
0,0,0,0,10.876681327819824,23.149370193481445,10.40106201171875
0,0,0,0,10.876355171203613,23.149314880371094,10.400901794433594
0,0,0,0,10.87602424621582,23.149253845214844,10.400672912597656
0,0,0,0,10.875700950622559,23.149333953857422,10.400505065917969
0,0,0,0,10.875475883483887,23.149398803710938,10.400367736816406
0,0,0,0,10.875079154968262,23.149658203125,10.400199890136719
0,0,0,0,10.874872207641602,23.149805068969727,10.400100708007812
0,0,0,0,10.87459659576416,23.15008544921875,10.400016784667969
0,0,0,0,10.87432861328125,23.150440216064453,10.399894714355469
0,0,0,0,10.87408447265625,23.15081787109375,10.399749755859375
0,0,0,0,10.873880386352539,23.15115737915039,10.399604797363281
0,0,0,0,10.873581886291504,23.151763916015625,10.399398803710938
0,0,0,0,10.873377799987793,23.152225494384766,10.399238586425781
0,0,0,0,10.873160362243652,23.152772903442383,10.3990478515625
0,0,0,0,10.872840881347656,23.153484344482422,10.398780822753906
0,0,0,0,10.872644424438477,23.154054641723633,10.398567199707031
0,0,0,0,10.872396469116211,23.154687881469727,10.398345947265625
0,0,0,0,10.872129440307617,23.15562629699707,10.398025512695312
0,0,0,0,10.871893882751465,23.15639877319336,10.39776611328125
0,0,0,0,10.871772766113281,23.15714454650879,10.397483825683594
0,0,0,0,10.871535301208496,23.158226013183594,10.397132873535156
0,0,0,0,10.871432304382324,23.158994674682617,10.39691162109375
0,0,0,0,10.871232032775879,23.15985870361328,10.396690368652344
0,0,0,0,10.871088981628418,23.16094207763672,10.396400451660156
0,0,0,0,10.870909690856934,23.161840438842773,10.396209716796875
0,0,0,0,10.87080192565918,23.162635803222656,10.396034240722656
0,0,0,0,10.870601654052734,23.163787841796875,10.395767211914062
0,0,0,0,10.870489120483398,23.16460609436035,10.395530700683594
0,0,0,0,10.87032699584961,23.165496826171875,10.395286560058594
0,0,0,0,10.870105743408203,23.166582107543945,10.3948974609375
0,0,0,0,10.8699369430542,23.167417526245117,10.394546508789062
0,0,0,0,10.869732856750488,23.168209075927734,10.3941650390625
0,0,0,0,10.869474411010742,23.169248580932617,10.393646240234375
0,0,0,0,10.869243621826172,23.170005798339844,10.39324951171875
0,0,0,0,10.869074821472168,23.170711517333984,10.39276123046875
0,0,0,0,10.868736267089844,23.1716365814209,10.392044067382812
0,0,0,0,10.868537902832031,23.172264099121094,10.391502380371094
0,0,0,0,10.868267059326172,23.172943115234375,10.390922546386719
0,0,0,0,10.868064880371094,23.173673629760742,10.390151977539062
0,0,0,0,10.86784553527832,23.17424774169922,10.389602661132812
0,0,0,0,10.8677396774292,23.174678802490234,10.389106750488281
0,0,0,0,10.867518424987793,23.17530632019043,10.388534545898438
0,0,0,0,10.867430686950684,23.175683975219727,10.388191223144531
0,0,0,0,10.867318153381348,23.176101684570312,10.387916564941406
0,0,0,0,10.867273330688477,23.176517486572266,10.387649536132812
0,0,0,0,10.867280006408691,23.17681884765625,10.387527465820312
0,0,0,0,10.867337226867676,23.177032470703125,10.387451171875
0,0,0,0,10.86751937866211,23.177322387695312,10.38739013671875
0,0,0,0,10.867698669433594,23.177486419677734,10.387374877929688
0,0,0,0,10.868002891540527,23.177595138549805,10.387382507324219
0,0,0,0,10.868464469909668,23.177658081054688,10.387443542480469
0,0,0,0,10.868911743164062,23.177616119384766,10.387504577636719
0,0,0,0,10.869318008422852,23.177597045898438,10.387535095214844
0,0,0,0,10.870022773742676,23.17743492126465,10.387504577636719
0,0,0,0,10.870497703552246,23.177356719970703,10.387405395507812
0,0,0,0,10.871063232421875,23.17720603942871,10.38726806640625
0,0,0,0,10.871697425842285,23.177059173583984,10.38702392578125
0,0,0,0,10.872224807739258,23.176847457885742,10.386825561523438
0,0,0,0,10.872658729553223,23.176666259765625,10.3865966796875
0,0,0,0,10.873265266418457,23.176273345947266,10.386199951171875
0,0,0,0,10.873677253723145,23.176055908203125,10.385894775390625
0,0,0,0,10.874115943908691,23.17578125,10.385604858398438
0,0,0,0,10.874635696411133,23.175493240356445,10.385215759277344
0,0,0,0,10.875008583068848,23.175264358520508,10.384895324707031
0,0,0,0,10.875373840332031,23.175065994262695,10.384590148925781
0,0,0,0,10.875846862792969,23.174821853637695,10.384178161621094
0,0,0,0,10.876279830932617,23.174671173095703,10.38385009765625
0,0,0,0,10.876660346984863,23.174564361572266,10.383468627929688
0,0,0,0,10.877262115478516,23.1744441986084,10.382904052734375
0,0,0,0,10.877638816833496,23.174453735351562,10.382461547851562
0,0,0,0,10.878105163574219,23.17446517944336,10.382011413574219
0,0,0,0,10.878618240356445,23.174617767333984,10.381378173828125
0,0,0,0,10.879082679748535,23.174663543701172,10.380912780761719
0,0,0,0,10.879501342773438,23.1748104095459,10.380470275878906
0,0,0,0,10.88015365600586,23.174911499023438,10.379890441894531
0,0,0,0,10.880555152893066,23.17506980895996,10.379470825195312
0,0,0,0,10.881007194519043,23.175151824951172,10.379074096679688
0,0,0,0,10.881538391113281,23.175334930419922,10.378616333007812
0,0,0,0,10.881916999816895,23.175403594970703,10.378303527832031
0,0,0,0,10.882246017456055,23.17552947998047,10.37799072265625
0,0,0,0,10.882594108581543,23.175617218017578,10.37762451171875
0,0,0,0,10.88283634185791,23.175716400146484,10.37744140625
0,0,0,0,10.882991790771484,23.175800323486328,10.377304077148438
0,0,0,0,10.883217811584473,23.175935745239258,10.377166748046875
0,0,0,0,10.883269309997559,23.176095962524414,10.377113342285156
0,0,0,0,10.883354187011719,23.17623519897461,10.377082824707031
0,0,0,0,10.883386611938477,23.17646598815918,10.377044677734375
0,0,0,0,10.883467674255371,23.17656135559082,10.377037048339844
0,0,0,0,10.88340950012207,23.176734924316406,10.377059936523438
0,0,0,0,10.883431434631348,23.17685890197754,10.377189636230469
0,0,0,0,10.883384704589844,23.17701530456543,10.377342224121094
0,0,0,0,10.883431434631348,23.177043914794922,10.377548217773438
0,0,0,0,10.883460998535156,23.17716407775879,10.377815246582031
0,0,0,0,10.883554458618164,23.17719268798828,10.378044128417969
0,0,0,0,10.883620262145996,23.177305221557617,10.378288269042969
0,0,0,0,10.883772850036621,23.1773681640625,10.378616333007812
0,0,0,0,10.883919715881348,23.177457809448242,10.378868103027344
0,0,0,0,10.884082794189453,23.17753028869629,10.379112243652344
0,0,0,0,10.884359359741211,23.17766571044922,10.37945556640625
0,0,0,0,10.884574890136719,23.177812576293945,10.379737854003906
0,0,0,0,10.88492202758789,23.177947998046875,10.380058288574219
0,0,0,0,10.885342597961426,23.178163528442383,10.380516052246094
0,0,0,0,10.885754585266113,23.17828941345215,10.380897521972656
0,0,0,0,10.886072158813477,23.17850685119629,10.381317138671875
0,0,0,0,10.88662338256836,23.178756713867188,10.381980895996094
0,0,0,0,10.88700008392334,23.179040908813477,10.382568359375
0,0,0,0,10.88751220703125,23.179283142089844,10.383186340332031
0,0,0,0,10.888108253479004,23.17974853515625,10.384040832519531
0,0,0,0,10.888580322265625,23.180055618286133,10.384689331054688
0,0,0,0,10.888923645019531,23.180442810058594,10.385322570800781
0,0,0,0,10.889368057250977,23.180856704711914,10.386184692382812
0,0,0,0,10.8896484375,23.181198120117188,10.386825561523438
0,0,0,0,10.889894485473633,23.181486129760742,10.387458801269531
0,0,0,0,10.890174865722656,23.181936264038086,10.388267517089844
0,0,0,0,10.890304565429688,23.182273864746094,10.388862609863281
0,0,0,0,10.890483856201172,23.182601928710938,10.389434814453125
0,0,0,0,10.890641212463379,23.183015823364258,10.390151977539062
0,0,0,0,10.89079761505127,23.18328857421875,10.390708923339844
0,0,0,0,10.890811920166016,23.183603286743164,10.391258239746094
0,0,0,0,10.89080810546875,23.183937072753906,10.391960144042969
0,0,0,0,10.890620231628418,23.184242248535156,10.392463684082031
0,0,0,0,10.890430450439453,23.184438705444336,10.392929077148438
0,0,0,0,10.889925003051758,23.184734344482422,10.393440246582031
0,0,0,0,10.889530181884766,23.18483543395996,10.39373779296875
0,0,0,0,10.888978958129883,23.184974670410156,10.393936157226562
0,0,0,0,10.888213157653809,23.185029983520508,10.394073486328125
0,0,0,0,10.887489318847656,23.18514633178711,10.394119262695312
0,0,0,0,10.886736869812012,23.185169219970703,10.394134521484375
0,0,0,0,10.885601997375488,23.185283660888672,10.394111633300781
0,0,0,0,10.8847017288208,23.185327529907227,10.394065856933594
0,0,0,0,10.88376522064209,23.185420989990234,10.393989562988281
0,0,0,0,10.882429122924805,23.185516357421875,10.393836975097656
0,0,0,0,10.88145923614502,23.185579299926758,10.393714904785156
0,0,0,0,10.88039493560791,23.185665130615234,10.393577575683594
0,0,0,0,10.879077911376953,23.185762405395508,10.393417358398438
0,0,0,0,10.878002166748047,23.18589210510254,10.393272399902344
0,0,0,0,10.877022743225098,23.185991287231445,10.393112182617188
0,0,0,0,10.87564468383789,23.186206817626953,10.392890930175781
0,0,0,0,10.874750137329102,23.1862735748291,10.392738342285156
0,0,0,0,10.873810768127441,23.186443328857422,10.392585754394531
0,0,0,0,10.872714042663574,23.186582565307617,10.392364501953125
0,0,0,0,10.871892929077148,23.186750411987305,10.392196655273438
0,0,0,0,10.871183395385742,23.186838150024414,10.392051696777344
0,0,0,0,10.870267868041992,23.18700408935547,10.391883850097656
0,0,0,0,10.869627952575684,23.187042236328125,10.391746520996094
0,0,0,0,10.869012832641602,23.187108993530273,10.3916015625
0,0,0,0,10.86823844909668,23.187103271484375,10.391403198242188
0,0,0,0,10.867730140686035,23.187088012695312,10.391281127929688
0,0,0,0,10.86720085144043,23.187055587768555,10.39117431640625
0,0,0,0,10.866575241088867,23.186994552612305,10.391036987304688
0,0,0,0,10.866044998168945,23.186975479125977,10.390937805175781
0,0,0,0,10.86558723449707,23.18691062927246,10.390884399414062
0,0,0,0,10.864855766296387,23.186851501464844,10.390861511230469
0,0,0,0,10.864361763000488,23.18674659729004,10.390907287597656
0,0,0,0,10.863548278808594,23.18672752380371,10.391090393066406
0,0,0,0,10.86297607421875,23.186664581298828,10.391319274902344
0,0,0,0,10.86235523223877,23.186691284179688,10.391578674316406
0,0,0,0,10.861804962158203,23.186626434326172,10.391838073730469
0,0,0,0,10.860956192016602,23.18670082092285,10.392242431640625
0,0,0,0,10.860297203063965,23.186725616455078,10.392578125
0,0,0,0,10.85958480834961,23.186824798583984,10.392936706542969
0,0,0,0,10.858708381652832,23.186843872070312,10.393424987792969
0,0,0,0,10.858077049255371,23.186908721923828,10.393814086914062
0,0,0,0,10.857430458068848,23.18699836730957,10.394172668457031
0,0,0,0,10.856612205505371,23.18717384338379,10.394638061523438
0,0,0,0,10.855988502502441,23.187313079833984,10.394981384277344
0,0,0,0,10.855463027954102,23.187448501586914,10.395294189453125
0,0,0,0,10.854752540588379,23.187713623046875,10.395683288574219
0,0,0,0,10.85435962677002,23.187881469726562,10.395957946777344
0,0,0,0,10.853925704956055,23.188114166259766,10.396224975585938
0,0,0,0,10.853528022766113,23.188337326049805,10.396553039550781
0,0,0,0,10.853219985961914,23.188568115234375,10.39678955078125
0,0,0,0,10.853044509887695,23.188692092895508,10.39703369140625
0,0,0,0,10.852766990661621,23.188940048217773,10.397300720214844
0,0,0,0,10.852619171142578,23.189027786254883,10.397453308105469
0,0,0,0,10.85244369506836,23.189189910888672,10.397590637207031
0,0,0,0,10.85230541229248,23.18926239013672,10.397682189941406
0,0,0,0,10.852202415466309,23.189329147338867,10.397682189941406
0,0,0,0,10.85210132598877,23.189321517944336,10.397636413574219
0,0,0,0,10.852004051208496,23.18935203552246,10.397506713867188
0,0,0,0,10.851932525634766,23.189342498779297,10.397354125976562
0,0,0,0,10.851929664611816,23.189302444458008,10.397186279296875
0,0,0,0,10.851889610290527,23.189176559448242,10.396919250488281
0,0,0,0,10.851996421813965,23.18899917602539,10.396705627441406
0,0,0,0,10.852089881896973,23.188831329345703,10.396492004394531
0,0,0,0,10.852356910705566,23.188499450683594,10.396156311035156
0,0,0,0,10.85249137878418,23.188255310058594,10.395889282226562
0,0,0,0,10.852739334106445,23.187883377075195,10.395545959472656
0,0,0,0,10.853013038635254,23.187429428100586,10.39495849609375
0,0,0,0,10.853262901306152,23.186979293823242,10.394462585449219
0,0,0,0,10.85339641571045,23.186613082885742,10.393959045410156
0,0,0,0,10.853649139404297,23.18604278564453,10.393318176269531
0,0,0,0,10.853787422180176,23.185693740844727,10.392875671386719
0,0,0,0,10.85398006439209,23.185232162475586,10.392471313476562
0,0,0,0,10.854227066040039,23.1846981048584,10.391983032226562
0,0,0,0,10.854388236999512,23.184284210205078,10.391654968261719
0,0,0,0,10.854598999023438,23.18391227722168,10.391395568847656
0,0,0,0,10.854904174804688,23.18332862854004,10.391143798828125
0,0,0,0,10.85522747039795,23.182863235473633,10.390975952148438
0,0,0,0,10.85549259185791,23.182411193847656,10.39080810546875
0,0,0,0,10.855936050415039,23.181840896606445,10.39056396484375
0,0,0,0,10.85618782043457,23.18149757385254,10.390426635742188
0,0,0,0,10.856513977050781,23.181110382080078,10.390327453613281
0,0,0,0,10.856832504272461,23.180683135986328,10.390220642089844
0,0,0,0,10.857141494750977,23.180288314819336,10.390144348144531
0,0,0,0,10.857373237609863,23.17999839782715,10.390045166015625
0,0,0,0,10.857752799987793,23.179542541503906,10.389915466308594
0,0,0,0,10.85797119140625,23.17930030822754,10.389808654785156
0,0,0,0,10.858262062072754,23.178972244262695,10.389686584472656
0,0,0,0,10.858572006225586,23.17867088317871,10.389503479003906
0,0,0,0,10.858814239501953,23.17843246459961,10.389381408691406
0,0,0,0,10.859064102172852,23.17827033996582,10.389244079589844
0,0,0,0,10.859420776367188,23.178030014038086,10.389053344726562
0,0,0,0,10.859737396240234,23.177886962890625,10.388946533203125
0,0,0,0,10.860037803649902,23.177753448486328,10.38885498046875
0,0,0,0,10.860502243041992,23.177549362182617,10.388786315917969
0,0,0,0,10.860785484313965,23.177417755126953,10.388771057128906
0,0,0,0,10.861183166503906,23.17729949951172,10.388801574707031
0,0,0,0,10.861680030822754,23.17719841003418,10.388877868652344
0,0,0,0,10.862175941467285,23.177013397216797,10.38897705078125
0,0,0,0,10.8626070022583,23.176897048950195,10.389106750488281
0,0,0,0,10.8633394241333,23.17666244506836,10.389305114746094
0,0,0,0,10.863887786865234,23.17657470703125,10.389442443847656
0,0,0,0,10.864575386047363,23.176372528076172,10.389564514160156
0,0,0,0,10.865464210510254,23.17620277404785,10.389739990234375
0,0,0,0,10.866183280944824,23.175989151000977,10.389869689941406
0,0,0,0,10.866884231567383,23.175817489624023,10.389991760253906
0,0,0,0,10.867904663085938,23.17547035217285,10.390144348144531
0,0,0,0,10.868680953979492,23.175251007080078,10.390251159667969
0,0,0,0,10.86948013305664,23.174972534179688,10.390327453613281
0,0,0,0,10.870563507080078,23.174659729003906,10.390449523925781
0,0,0,0,10.871293067932129,23.17446517944336,10.390525817871094
0,0,0,0,10.872076034545898,23.174259185791016,10.390594482421875
0,0,0,0,10.873042106628418,23.174026489257812,10.390693664550781
0,0,0,0,10.873851776123047,23.17386245727539,10.39080810546875
0,0,0,0,10.874606132507324,23.17378044128418,10.390945434570312
0,0,0,0,10.875701904296875,23.17365074157715,10.39117431640625
0,0,0,0,10.876429557800293,23.173660278320312,10.391372680664062
0,0,0,0,10.877237319946289,23.173585891723633,10.391563415527344
0,0,0,0,10.8782320022583,23.173561096191406,10.391807556152344
0,0,0,0,10.878997802734375,23.17345428466797,10.392005920410156
0,0,0,0,10.879648208618164,23.173446655273438,10.392181396484375
0,0,0,0,10.880514144897461,23.173316955566406,10.39239501953125
0,0,0,0,10.881109237670898,23.173280715942383,10.39251708984375
0,0,0,0,10.881664276123047,23.173171997070312,10.392601013183594
0,0,0,0,10.882325172424316,23.173032760620117,10.392623901367188
0,0,0,0,10.882750511169434,23.17287254333496,10.392532348632812
0,0,0,0,10.88319206237793,23.172710418701172,10.392341613769531
0,0,0,0,10.883718490600586,23.172433853149414,10.392013549804688
0,0,0,0,10.884126663208008,23.17217254638672,10.391685485839844
0,0,0,0,10.884425163269043,23.171955108642578,10.391304016113281
0,0,0,0,10.884882926940918,23.171634674072266,10.390777587890625
0,0,0,0,10.885159492492676,23.171472549438477,10.39031982421875
0,0,0,0,10.885509490966797,23.17123794555664,10.389785766601562
0,0,0,0,10.885808944702148,23.171003341674805,10.38897705078125
0,0,0,0,10.886125564575195,23.17068099975586,10.388069152832031
0,0,0,0,10.886241912841797,23.170560836791992,10.387565612792969
0,0,0,0,10.886507034301758,23.17021369934082,10.386543273925781
0,0,0,0,10.886650085449219,23.170034408569336,10.385765075683594
0,0,0,0,10.886802673339844,23.169797897338867,10.384971618652344
0,0,0,0,10.886954307556152,23.16960334777832,10.38397216796875
0,0,0,0,10.887031555175781,23.1694278717041,10.383285522460938
0,0,0,0,10.887090682983398,23.169307708740234,10.382675170898438
0,0,0,0,10.887136459350586,23.16914176940918,10.381950378417969
0,0,0,0,10.887186050415039,23.169010162353516,10.3814697265625
0,0,0,0,10.887152671813965,23.168804168701172,10.380905151367188
0,0,0,0,10.887188911437988,23.168533325195312,10.38055419921875
0,0,0,0,10.887138366699219,23.16834831237793,10.380241394042969
0,0,0,0,10.887176513671875,23.16797637939453,10.379890441894531
0,0,0,0,10.887139320373535,23.167734146118164,10.379684448242188
0,0,0,0,10.887199401855469,23.167362213134766,10.379531860351562
0,0,0,0,10.887238502502441,23.166934967041016,10.379364013671875
0,0,0,0,10.88737964630127,23.166534423828125,10.379264831542969
0,0,0,0,10.887511253356934,23.166221618652344,10.379165649414062
0,0,0,0,10.887785911560059,23.165752410888672,10.379104614257812
0,0,0,0,10.887990951538086,23.165470123291016,10.379096984863281
0,0,0,0,10.888192176818848,23.1651611328125,10.379119873046875
0,0,0,0,10.888426780700684,23.16486167907715,10.379165649414062
0,0,0,0,10.88858699798584,23.164642333984375,10.37921142578125
0,0,0,0,10.888808250427246,23.16443634033203,10.3792724609375
0,0,0,0,10.889021873474121,23.164257049560547,10.379348754882812
0,0,0,0,10.889235496520996,23.16415023803711,10.379440307617188
0,0,0,0,10.889348983764648,23.16415023803711,10.379539489746094
0,0,0,0,10.889577865600586,23.16411781311035,10.379638671875
0,0,0,0,10.889642715454102,23.164216995239258,10.379730224609375
0,0,0,0,10.889748573303223,23.164262771606445,10.379791259765625
0,0,0,0,10.889725685119629,23.164541244506836,10.37982177734375
0,0,0,0,10.889730453491211,23.16475486755371,10.379806518554688
0,0,0,0,10.889649391174316,23.165117263793945,10.379791259765625
0,0,0,0,10.889580726623535,23.16554069519043,10.379745483398438
0,0,0,0,10.889477729797363,23.165945053100586,10.379653930664062
0,0,0,0,10.889374732971191,23.166349411010742,10.3795166015625
0,0,0,0,10.889180183410645,23.167081832885742,10.379325866699219
0,0,0,0,10.889008522033691,23.167720794677734,10.379127502441406
0,0,0,0,10.888851165771484,23.168447494506836,10.378883361816406
0,0,0,0,10.888566970825195,23.16948890686035,10.378486633300781
0,0,0,0,10.888415336608887,23.170330047607422,10.378181457519531
0,0,0,0,10.88818645477295,23.17123031616211,10.377876281738281
0,0,0,0,10.887951850891113,23.17242431640625,10.37744140625
0,0,0,0,10.887688636779785,23.173368453979492,10.377098083496094
0,0,0,0,10.887517929077148,23.174243927001953,10.376731872558594
0,0,0,0,10.887211799621582,23.175495147705078,10.376182556152344
0,0,0,0,10.887073516845703,23.176347732543945,10.375770568847656
0,0,0,0,10.886842727661133,23.177265167236328,10.375350952148438
0,0,0,0,10.886636734008789,23.178329467773438,10.37481689453125
0,0,0,0,10.886462211608887,23.17915153503418,10.374465942382812
0,0,0,0,10.886320114135742,23.179834365844727,10.374168395996094
0,0,0,0,10.88611888885498,23.180784225463867,10.373847961425781
0,0,0,0,10.885994911193848,23.181425094604492,10.373672485351562
0,0,0,0,10.885900497436523,23.182090759277344,10.373550415039062
0,0,0,0,10.885772705078125,23.182844161987305,10.37353515625
0,0,0,0,10.885710716247559,23.183387756347656,10.373588562011719
0,0,0,0,10.885595321655273,23.18393325805664,10.373710632324219
0,0,0,0,10.885489463806152,23.184642791748047,10.373954772949219
0,0,0,0,10.885329246520996,23.185222625732422,10.374168395996094
0,0,0,0,10.885236740112305,23.185752868652344,10.374443054199219
0,0,0,0,10.884927749633789,23.18656349182129,10.3748779296875
0,0,0,0,10.884737968444824,23.187082290649414,10.375259399414062
0,0,0,0,10.884429931640625,23.187700271606445,10.375679016113281
0,0,0,0,10.884093284606934,23.188467025756836,10.376319885253906
0,0,0,0,10.883733749389648,23.189123153686523,10.3768310546875
0,0,0,0,10.883440971374512,23.189701080322266,10.377342224121094
0,0,0,0,10.882964134216309,23.190549850463867,10.378036499023438
0,0,0,0,10.882670402526855,23.191085815429688,10.378593444824219
0,0,0,0,10.882387161254883,23.191633224487305,10.379158020019531
0,0,0,0,10.882046699523926,23.19222068786621,10.3798828125
0,0,0,0,10.881828308105469,23.192659378051758,10.380378723144531
0,0,0,0,10.881569862365723,23.19300651550293,10.380828857421875
0,0,0,0,10.881315231323242,23.193449020385742,10.381362915039062
0,0,0,0,10.881104469299316,23.193824768066406,10.381683349609375
0,0,0,0,10.881007194519043,23.19417381286621,10.381942749023438
0,0,0,0,10.880824089050293,23.194623947143555,10.382194519042969
0,0,0,0,10.880803108215332,23.194869995117188,10.382354736328125
0,0,0,0,10.880693435668945,23.195146560668945,10.382492065429688
0,0,0,0,10.880718231201172,23.195398330688477,10.382644653320312
0,0,0,0,10.88070011138916,23.19561767578125,10.382705688476562
0,0,0,0,10.880790710449219,23.195737838745117,10.38275146484375
0,0,0,0,10.88083267211914,23.195960998535156,10.382736206054688
0,0,0,0,10.880922317504883,23.196027755737305,10.382652282714844
0,0,0,0,10.880975723266602,23.196163177490234,10.382545471191406
0,0,0,0,10.881091117858887,23.196197509765625,10.382377624511719
0,0,0,0,10.881175994873047,23.19625473022461,10.382225036621094
0,0,0,0,10.881246566772461,23.19625473022461,10.382080078125
0,0,0,0,10.881328582763672,23.19627571105957,10.381919860839844
0,0,0,0,10.881321907043457,23.196266174316406,10.381820678710938
0,0,0,0,10.881318092346191,23.19623565673828,10.381721496582031
0,0,0,0,10.88123607635498,23.196138381958008,10.381614685058594
0,0,0,0,10.88122272491455,23.196012496948242,10.381614685058594
0,0,0,0,10.88111400604248,23.195890426635742,10.381660461425781
0,0,0,0,10.881031036376953,23.195619583129883,10.381797790527344
0,0,0,0,10.880846977233887,23.195466995239258,10.3819580078125
0,0,0,0,10.880732536315918,23.195192337036133,10.382133483886719
0,0,0,0,10.880488395690918,23.19484519958496,10.382369995117188
0,0,0,0,10.88036060333252,23.194469451904297,10.382583618164062
0,0,0,0,10.880152702331543,23.194190979003906,10.382797241210938
0,0,0,0,10.8798828125,23.193744659423828,10.383033752441406
0,0,0,0,10.879608154296875,23.19346046447754,10.383201599121094
0,0,0,0,10.879326820373535,23.1931209564209,10.383377075195312
0,0,0,0,10.878874778747559,23.192781448364258,10.383628845214844
0,0,0,0,10.878474235534668,23.192520141601562,10.383842468261719
0,0,0,0,10.878058433532715,23.192306518554688,10.384040832519531
0,0,0,0,10.877463340759277,23.19206428527832,10.384246826171875
0,0,0,0,10.87708854675293,23.19186782836914,10.384368896484375
0,0,0,0,10.876688003540039,23.19171714782715,10.384429931640625
0,0,0,0,10.876276969909668,23.19150733947754,10.384414672851562
0,0,0,0,10.87592601776123,23.19144058227539,10.384361267089844
0,0,0,0,10.875702857971191,23.19131088256836,10.384307861328125
0,0,0,0,10.875370979309082,23.191247940063477,10.384208679199219
0,0,0,0,10.875237464904785,23.19112777709961,10.384109497070312
0,0,0,0,10.875064849853516,23.19109535217285,10.384025573730469
0,0,0,0,10.874960899353027,23.190946578979492,10.383934020996094
0,0,0,0,10.874871253967285,23.190889358520508,10.383895874023438
0,0,0,0,10.874884605407715,23.190702438354492,10.383903503417969
0,0,0,0,10.874913215637207,23.190492630004883,10.383964538574219
0,0,0,0,10.874956130981445,23.19023895263672,10.384071350097656
0,0,0,0,10.875012397766113,23.190031051635742,10.384201049804688
0,0,0,0,10.875128746032715,23.18968391418457,10.38446044921875
0,0,0,0,10.875266075134277,23.189393997192383,10.384696960449219
0,0,0,0,10.87533950805664,23.189037322998047,10.384994506835938
0,0,0,0,10.875504493713379,23.188495635986328,10.385414123535156
0,0,0,0,10.875541687011719,23.18809700012207,10.385719299316406
0,0,0,0,10.875627517700195,23.1876277923584,10.386062622070312
0,0,0,0,10.875571250915527,23.187002182006836,10.386581420898438
0,0,0,0,10.87553596496582,23.186473846435547,10.387001037597656
0,0,0,0,10.875365257263184,23.186006546020508,10.387413024902344
0,0,0,0,10.875185012817383,23.18528938293457,10.387977600097656
0,0,0,0,10.874916076660156,23.18484115600586,10.388442993164062
0,0,0,0,10.87465763092041,23.1843204498291,10.388969421386719
0,0,0,0,10.874178886413574,23.183740615844727,10.389778137207031
0,0,0,0,10.873817443847656,23.183263778686523,10.390411376953125
0,0,0,0,10.873433113098145,23.182893753051758,10.391014099121094
0,0,0,0,10.872968673706055,23.182405471801758,10.391830444335938
0,0,0,0,10.872668266296387,23.1821231842041,10.392463684082031
0,0,0,0,10.872391700744629,23.18187713623047,10.393089294433594
0,0,0,0,10.872108459472656,23.181625366210938,10.393905639648438
0,0,0,0,10.871871948242188,23.181480407714844,10.394493103027344
0,0,0,0,10.871735572814941,23.18129539489746,10.395034790039062
0,0,0,0,10.871500968933105,23.18107032775879,10.395729064941406
0,0,0,0,10.87140941619873,23.18087387084961,10.396163940429688
0,0,0,0,10.871228218078613,23.180755615234375,10.396537780761719
0,0,0,0,10.871145248413086,23.180524826049805,10.396995544433594
0,0,0,0,10.8710355758667,23.180448532104492,10.397308349609375
0,0,0,0,10.871021270751953,23.180313110351562,10.397590637207031
0,0,0,0,10.870884895324707,23.18024444580078,10.397857666015625
0,0,0,0,10.87083625793457,23.18014907836914,10.397994995117188
0,0,0,0,10.870744705200195,23.1801700592041,10.398094177246094
0,0,0,0,10.870699882507324,23.18014907836914,10.39825439453125
0,0,0,0,10.870635032653809,23.180191040039062,10.398345947265625
0,0,0,0,10.870561599731445,23.180171966552734,10.398429870605469
0,0,0,0,10.870485305786133,23.180192947387695,10.398567199707031
0,0,0,0,10.870396614074707,23.180194854736328,10.398674011230469
0,0,0,0,10.870378494262695,23.18023681640625,10.398780822753906
0,0,0,0,10.870326042175293,23.180313110351562,10.398933410644531
0,0,0,0,10.870366096496582,23.180335998535156,10.399063110351562
0,0,0,0,10.870342254638672,23.180418014526367,10.399238586425781
0,0,0,0,10.870448112487793,23.180484771728516,10.399528503417969
0,0,0,0,10.870433807373047,23.18058204650879,10.399765014648438
0,0,0,0,10.870532989501953,23.180580139160156,10.400016784667969
0,0,0,0,10.870587348937988,23.180706024169922,10.400375366210938
0,0,0,0,10.870744705200195,23.180736541748047,10.400657653808594
0,0,0,0,10.870950698852539,23.18085479736328,10.401016235351562
0,0,0,0,10.871122360229492,23.18085289001465,10.401268005371094
0,0,0,0,10.871307373046875,23.180938720703125,10.401481628417969
0,0,0,0,10.87155818939209,23.180957794189453,10.401657104492188
0,0,0,0,10.871920585632324,23.1810302734375,10.401809692382812
0,0,0,0,10.872214317321777,23.18101692199707,10.40185546875
0,0,0,0,10.872538566589355,23.18101692199707,10.401847839355469
0,0,0,0,10.872952461242676,23.180967330932617,10.401771545410156
0,0,0,0,10.873318672180176,23.180936813354492,10.401664733886719
0,0,0,0,10.873598098754883,23.180927276611328,10.401519775390625
0,0,0,0,10.874042510986328,23.180879592895508,10.401268005371094
0,0,0,0,10.87427806854248,23.180889129638672,10.401023864746094
0,0,0,0,10.874598503112793,23.18085479736328,10.400749206542969
0,0,0,0,10.874939918518066,23.180896759033203,10.400382995605469
0,0,0,0,10.875272750854492,23.1809024810791,10.400115966796875
0,0,0,0,10.875516891479492,23.181034088134766,10.399887084960938
0,0,0,0,10.875906944274902,23.181135177612305,10.399642944335938
0,0,0,0,10.876124382019043,23.181303024291992,10.399459838867188
0,0,0,0,10.876394271850586,23.1813907623291,10.399276733398438
0,0,0,0,10.876697540283203,23.181615829467773,10.399032592773438
0,0,0,0,10.876909255981445,23.18172836303711,10.39886474609375
0,0,0,0,10.87708854675293,23.18187141418457,10.398689270019531
0,0,0,0,10.877333641052246,23.18202018737793,10.398460388183594
0,0,0,0,10.877551078796387,23.18216323852539,10.398307800292969
0,0,0,0,10.877717971801758,23.182313919067383,10.398216247558594
0,0,0,0,10.877991676330566,23.182544708251953,10.398162841796875
0,0,0,0,10.878087997436523,23.1827449798584,10.398155212402344
0,0,0,0,10.878239631652832,23.182905197143555,10.398200988769531
0,0,0,0,10.878340721130371,23.18310546875,10.398353576660156
0,0,0,0,10.87851333618164,23.18317222595215,10.39849853515625
0,0,0,0,10.878609657287598,23.183319091796875,10.398696899414062
0,0,0,0,10.878888130187988,23.183399200439453,10.399032592773438
0,0,0,0,10.879058837890625,23.18351173400879,10.399307250976562
0,0,0,0,10.879297256469727,23.183507919311523,10.39959716796875
0,0,0,0,10.87955093383789,23.18360137939453,10.399993896484375
0,0,0,0,10.879800796508789,23.183605194091797,10.400276184082031
0,0,0,0,10.880001068115234,23.183685302734375,10.400558471679688
0,0,0,0,10.88027572631836,23.18368911743164,10.400894165039062
0,0,0,0,10.880487442016602,23.183734893798828,10.401100158691406
0,0,0,0,10.880683898925781,23.183761596679688,10.401237487792969
0,0,0,0,10.881004333496094,23.183860778808594,10.401336669921875
0,0,0,0,10.881208419799805,23.183958053588867,10.401344299316406
0,0,0,0,10.881491661071777,23.184072494506836,10.401313781738281
0,0,0,0,10.881817817687988,23.1843204498291,10.401168823242188
0,0,0,0,10.882122039794922,23.184490203857422,10.400985717773438
0,0,0,0,10.882311820983887,23.18473243713379,10.400741577148438
0,0,0,0,10.882647514343262,23.184968948364258,10.400352478027344
0,0,0,0,10.88283634185791,23.185209274291992,10.4000244140625
0,0,0,0,10.88312816619873,23.185346603393555,10.399688720703125
0,0,0,0,10.883423805236816,23.185604095458984,10.399177551269531
0,0,0,0,10.883676528930664,23.185670852661133,10.398780822753906
0,0,0,0,10.8838529586792,23.185766220092773,10.398368835449219
0,0,0,0,10.884143829345703,23.185815811157227,10.3978271484375
0,0,0,0,10.884343147277832,23.185901641845703,10.397422790527344
0,0,0,0,10.884533882141113,23.18586540222168,10.397018432617188
0,0,0,0,10.884757041931152,23.18582534790039,10.396530151367188
0,0,0,0,10.884858131408691,23.185752868652344,10.396194458007812
0,0,0,0,10.884963035583496,23.1856746673584,10.395896911621094
0,0,0,0,10.884969711303711,23.18550682067871,10.395545959472656
0,0,0,0,10.884991645812988,23.185304641723633,10.395317077636719
0,0,0,0,10.884913444519043,23.185144424438477,10.395118713378906
0,0,0,0,10.884915351867676,23.184825897216797,10.394866943359375
0,0,0,0,10.884819984436035,23.184616088867188,10.394660949707031
0,0,0,0,10.884787559509277,23.184303283691406,10.394424438476562
0,0,0,0,10.884636878967285,23.183929443359375,10.394111633300781
0,0,0,0,10.88458251953125,23.183549880981445,10.393852233886719
0,0,0,0,10.884465217590332,23.183231353759766,10.393608093261719
0,0,0,0,10.884405136108398,23.1826171875,10.393295288085938
0,0,0,0,10.88433837890625,23.182180404663086,10.393074035644531
0,0,0,0,10.884316444396973,23.181629180908203,10.392852783203125
0,0,0,0,10.884225845336914,23.180870056152344,10.392578125
0,0,0,0,10.884142875671387,23.180212020874023,10.392356872558594
0,0,0,0,10.884062767028809,23.17957305908203,10.392120361328125
0,0,0,0,10.883960723876953,23.178665161132812,10.391777038574219
0,0,0,0,10.883955955505371,23.177976608276367,10.391502380371094
0,0,0,0,10.883923530578613,23.177289962768555,10.391212463378906
0,0,0,0,10.88400936126709,23.17635726928711,10.390838623046875
0,0,0,0,10.884020805358887,23.175718307495117,10.390594482421875
0,0,0,0,10.884127616882324,23.175065994262695,10.390403747558594
0,0,0,0,10.884174346923828,23.174360275268555,10.390243530273438
0,0,0,0,10.884247779846191,23.17380714416504,10.390174865722656
0,0,0,0,10.884190559387207,23.173355102539062,10.390144348144531
0,0,0,0,10.88415241241455,23.172691345214844,10.390151977539062
0,0,0,0,10.884016036987305,23.172304153442383,10.390182495117188
0,0,0,0,10.88393497467041,23.17181968688965,10.390220642089844
0,0,0,0,10.883781433105469,23.171293258666992,10.390289306640625
0,0,0,0,10.883697509765625,23.170860290527344,10.390304565429688
0,0,0,0,10.88359260559082,23.170507431030273,10.390281677246094
0,0,0,0,10.88345718383789,23.170032501220703,10.390235900878906
0,0,0,0,10.883391380310059,23.169755935668945,10.39019775390625
0,0,0,0,10.883251190185547,23.169538497924805,10.390090942382812
0,0,0,0,10.883062362670898,23.169309616088867,10.389884948730469
0,0,0,0,10.882855415344238,23.169261932373047,10.389678955078125
0,0,0,0,10.882729530334473,23.169288635253906,10.389381408691406
0,0,0,0,10.882431983947754,23.16946029663086,10.388900756835938
0,0,0,0,10.882274627685547,23.16959571838379,10.38848876953125
0,0,0,0,10.882047653198242,23.16984748840332,10.388031005859375
0,0,0,0,10.881874084472656,23.17009735107422,10.38739013671875
0,0,0,0,10.881671905517578,23.17034149169922,10.386878967285156
0,0,0,0,10.881534576416016,23.170507431030273,10.386337280273438
0,0,0,0,10.881287574768066,23.17081642150879,10.385574340820312
0,0,0,0,10.881181716918945,23.17095947265625,10.384971618652344
0,0,0,0,10.88107967376709,23.171154022216797,10.3843994140625
0,0,0,0,10.880992889404297,23.17132568359375,10.383735656738281
0,0,0,0,10.880949974060059,23.171466827392578,10.383316040039062
0,0,0,0,10.8809175491333,23.171573638916016,10.382957458496094
0,0,0,0,10.880937576293945,23.17174530029297,10.38262939453125
0,0,0,0,10.880951881408691,23.17184066772461,10.382484436035156
0,0,0,0,10.881072998046875,23.171894073486328,10.382400512695312
0,0,0,0,10.881246566772461,23.171977996826172,10.382354736328125
0,0,0,0,10.881482124328613,23.172000885009766,10.382362365722656
0,0,0,0,10.881647109985352,23.172086715698242,10.382408142089844
0,0,0,0,10.881978034973145,23.172134399414062,10.38250732421875
0,0,0,0,10.882129669189453,23.172237396240234,10.38262939453125
0,0,0,0,10.88235855102539,23.172266006469727,10.382759094238281
0,0,0,0,10.882553100585938,23.17241859436035,10.382972717285156
0,0,0,0,10.882762908935547,23.172483444213867,10.383132934570312
0,0,0,0,10.882898330688477,23.172639846801758,10.383285522460938
0,0,0,0,10.883073806762695,23.172760009765625,10.383476257324219
0,0,0,0,10.883164405822754,23.17291831970215,10.383567810058594
0,0,0,0,10.883241653442383,23.17302894592285,10.383651733398438
0,0,0,0,10.883265495300293,23.173233032226562,10.383743286132812
0,0,0,0,10.883247375488281,23.17336082458496,10.383750915527344
0,0,0,0,10.88326644897461,23.17352867126465,10.383743286132812
0,0,0,0,10.883201599121094,23.17375373840332,10.383750915527344
0,0,0,0,10.883191108703613,23.173892974853516,10.383773803710938
0,0,0,0,10.88310432434082,23.174070358276367,10.383842468261719
0,0,0,0,10.88308334350586,23.174278259277344,10.383995056152344
0,0,0,0,10.883003234863281,23.174518585205078,10.384124755859375
0,0,0,0,10.883015632629395,23.174680709838867,10.384231567382812
0,0,0,0,10.882929801940918,23.174957275390625,10.38433837890625
0,0,0,0,10.882926940917969,23.175081253051758,10.384368896484375
0,0,0,0,10.882834434509277,23.175317764282227,10.384346008300781
0,0,0,0,10.882811546325684,23.1755313873291,10.384223937988281
0,0,0,0,10.882781982421875,23.175743103027344,10.384056091308594
0,0,0,0,10.882822036743164,23.175844192504883,10.383857727050781
0,0,0,0,10.882881164550781,23.176040649414062,10.383529663085938
0,0,0,0,10.882966041564941,23.176109313964844,10.383255004882812
0,0,0,0,10.883090019226074,23.17620086669922,10.38299560546875
0,0,0,0,10.883208274841309,23.176305770874023,10.382667541503906
0,0,0,0,10.88337230682373,23.1763916015625,10.382453918457031
0,0,0,0,10.883487701416016,23.176496505737305,10.38226318359375
0,0,0,0,10.88371467590332,23.176605224609375,10.381988525390625
0,0,0,0,10.883821487426758,23.176753997802734,10.38177490234375
0,0,0,0,10.884057998657227,23.176828384399414,10.38153076171875
0,0,0,0,10.884306907653809,23.177001953125,10.381202697753906
0,0,0,0,10.884587287902832,23.17708969116211,10.380950927734375
0,0,0,0,10.884810447692871,23.177289962768555,10.380729675292969
0,0,0,0,10.885299682617188,23.177520751953125,10.3804931640625
0,0,0,0,10.885640144348145,23.177839279174805,10.380332946777344
0,0,0,0,10.886043548583984,23.1781063079834,10.380172729492188
0,0,0,0,10.88649845123291,23.17859649658203,10.379913330078125
0,0,0,0,10.886837005615234,23.178972244262695,10.379692077636719
0,0,0,0,10.887141227722168,23.179489135742188,10.379440307617188
0,0,0,0,10.887533187866211,23.18016242980957,10.379074096679688
0,0,0,0,10.88782787322998,23.180696487426758,10.378776550292969
0,0,0,0,10.888008117675781,23.181196212768555,10.37847900390625
0,0,0,0,10.888212203979492,23.18186378479004,10.378089904785156
0,0,0,0,10.888249397277832,23.18235206604004,10.377830505371094
0,0,0,0,10.888318061828613,23.18274688720703,10.377578735351562
0,0,0,0,10.888236045837402,23.18327522277832,10.377304077148438
0,0,0,0,10.888192176818848,23.18359375,10.377166748046875
0,0,0,0,10.888040542602539,23.183982849121094,10.377059936523438
0,0,0,0,10.887924194335938,23.18439292907715,10.376991271972656
0,0,0,0,10.887726783752441,23.18478012084961,10.377006530761719
0,0,0,0,10.88759994506836,23.185029983520508,10.377090454101562
0,0,0,0,10.887346267700195,23.185420989990234,10.377243041992188
0,0,0,0,10.887200355529785,23.185588836669922,10.377410888671875
0,0,0,0,10.88701343536377,23.18580436706543,10.377593994140625
0,0,0,0,10.886810302734375,23.186010360717773,10.377845764160156
0,0,0,0,10.886651992797852,23.186206817626953,10.378044128417969
0,0,0,0,10.886481285095215,23.186363220214844,10.378250122070312
0,0,0,0,10.886303901672363,23.186601638793945,10.378555297851562
0,0,0,0,10.886148452758789,23.18680763244629,10.378860473632812
0,0,0,0,10.886054992675781,23.187042236328125,10.379226684570312
0,0,0,0,10.885887145996094,23.18740463256836,10.37982177734375
0,0,0,0,10.885852813720703,23.187646865844727,10.380348205566406
0,0,0,0,10.88575267791748,23.187990188598633,10.3809814453125
0,0,0,0,10.885764122009277,23.188417434692383,10.381904602050781
0,0,0,0,10.885758399963379,23.188806533813477,10.382621765136719
0,0,0,0,10.8858642578125,23.189117431640625,10.383346557617188
0,0,0,0,10.885924339294434,23.189664840698242,10.384361267089844
0,0,0,0,10.886063575744629,23.190006256103516,10.385139465332031
0,0,0,0,10.886160850524902,23.190420150756836,10.385932922363281
0,0,0,0,10.886358261108398,23.19083595275879,10.387008666992188
0,0,0,0,10.886506080627441,23.191144943237305,10.387847900390625
0,0,0,0,10.886666297912598,23.19136619567871,10.388641357421875
0,0,0,0,10.886871337890625,23.19175148010254,10.389625549316406
0,0,0,0,10.88698959350586,23.192039489746094,10.390274047851562
0,0,0,0,10.887131690979004,23.192323684692383,10.390884399414062
0,0,0,0,10.887292861938477,23.192607879638672,10.391716003417969
0,0,0,0,10.887467384338379,23.19277000427246,10.392311096191406
0,0,0,0,10.887550354003906,23.192991256713867,10.392875671386719
0,0,0,0,10.887746810913086,23.19327163696289,10.393562316894531
0,0,0,0,10.887804985046387,23.193531036376953,10.394027709960938
0,0,0,0,10.887957572937012,23.193687438964844,10.394447326660156
0,0,0,0,10.888050079345703,23.19397735595703,10.39495849609375
0,0,0,0,10.888191223144531,23.194108963012695,10.395286560058594
0,0,0,0,10.888253211975098,23.194337844848633,10.395576477050781
0,0,0,0,10.888400077819824,23.194568634033203,10.395904541015625
0,0,0,0,10.88846206665039,23.194820404052734,10.396102905273438
0,0,0,0,10.888581275939941,23.195018768310547,10.396270751953125
0,0,0,0,10.888679504394531,23.19536590576172,10.396469116210938
0,0,0,0,10.888723373413086,23.19556999206543,10.396621704101562
0,0,0,0,10.888753890991211,23.195810317993164,10.396743774414062
0,0,0,0,10.88877010345459,23.1960391998291,10.396827697753906
0,0,0,0,10.888833999633789,23.196170806884766,10.396896362304688
0,0,0,0,10.88882064819336,23.1962833404541,10.39697265625
0,0,0,0,10.888873100280762,23.196346282958984,10.397087097167969
0,0,0,0,10.888877868652344,23.196380615234375,10.397132873535156
0,0,0,0,10.889012336730957,23.19631576538086,10.397193908691406
0,0,0,0,10.889142036437988,23.19623565673828,10.397224426269531
0,0,0,0,10.889336585998535,23.196063995361328,10.397201538085938
0,0,0,0,10.88944149017334,23.195964813232422,10.397163391113281
0,0,0,0,10.889691352844238,23.195703506469727,10.3970947265625
0,0,0,0,10.889847755432129,23.19556999206543,10.397056579589844
0,0,0,0,10.890092849731445,23.195322036743164,10.397026062011719
0,0,0,0,10.890339851379395,23.1950626373291,10.396965026855469
0,0,0,0,10.890534400939941,23.19483184814453,10.396903991699219
0,0,0,0,10.890708923339844,23.194652557373047,10.396865844726562
0,0,0,0,10.890935897827148,23.194320678710938,10.396873474121094
0,0,0,0,10.891085624694824,23.1940860748291,10.396926879882812
0,0,0,0,10.891164779663086,23.193809509277344,10.397003173828125
0,0,0,0,10.891334533691406,23.193437576293945,10.397109985351562
0,0,0,0,10.891409873962402,23.193159103393555,10.397186279296875
0,0,0,0,10.891554832458496,23.192848205566406,10.397270202636719
0,0,0,0,10.89163875579834,23.192468643188477,10.397354125976562
0,0,0,0,10.891777992248535,23.19209861755371,10.397422790527344
0,0,0,0,10.891813278198242,23.191776275634766,10.3974609375
0,0,0,0,10.891971588134766,23.191186904907227,10.397483825683594
0,0,0,0,10.892021179199219,23.190786361694336,10.397491455078125
0,0,0,0,10.892168045043945,23.190265655517578,10.397537231445312
0,0,0,0,10.892293930053711,23.18961524963379,10.397613525390625
0,0,0,0,10.892423629760742,23.18903350830078,10.397666931152344
0,0,0,0,10.892502784729004,23.188508987426758,10.397735595703125
0,0,0,0,10.892666816711426,23.18761444091797,10.397842407226562
0,0,0,0,10.892782211303711,23.186939239501953,10.397911071777344
0,0,0,0,10.892878532409668,23.186155319213867,10.397972106933594
0,0,0,0,10.892988204956055,23.18515396118164,10.3980712890625
0,0,0,0,10.89300537109375,23.18444061279297,10.398162841796875
0,0,0,0,10.893061637878418,23.1837215423584,10.398262023925781
0,0,0,0,10.893054008483887,23.182796478271484,10.398422241210938
0,0,0,0,10.89316177368164,23.182100296020508,10.398574829101562
0,0,0,0,10.893203735351562,23.1815242767334,10.398757934570312
0,0,0,0,10.893380165100098,23.180744171142578,10.399063110351562
0,0,0,0,10.893451690673828,23.180227279663086,10.399314880371094
0,0,0,0,10.893654823303223,23.179651260375977,10.399574279785156
0,0,0,0,10.893815994262695,23.179035186767578,10.39990234375
0,0,0,0,10.8939790725708,23.17847442626953,10.400146484375
0,0,0,0,10.894068717956543,23.17796516418457,10.400390625
0,0,0,0,10.894251823425293,23.177141189575195,10.400642395019531
0,0,0,0,10.894378662109375,23.176532745361328,10.400810241699219
0,0,0,0,10.894487380981445,23.175832748413086,10.400924682617188
0,0,0,0,10.894610404968262,23.174938201904297,10.4010009765625
0,0,0,0,10.894679069519043,23.17420768737793,10.401023864746094
0,0,0,0,10.894792556762695,23.173471450805664,10.400993347167969
0,0,0,0,10.894888877868652,23.172452926635742,10.400909423828125
0,0,0,0,10.895011901855469,23.17164421081543,10.400810241699219
0,0,0,0,10.895048141479492,23.17088508605957,10.400711059570312
0,0,0,0,10.895136833190918,23.169870376586914,10.400619506835938
0,0,0,0,10.895108222961426,23.16917610168457,10.400535583496094
0,0,0,0,10.89514446258545,23.16836929321289,10.400436401367188
0,0,0,0,10.895029067993164,23.167388916015625,10.400314331054688
0,0,0,0,10.894984245300293,23.16657066345215,10.400230407714844
0,0,0,0,10.894835472106934,23.165847778320312,10.400161743164062
0,0,0,0,10.89468002319336,23.1647891998291,10.400093078613281
0,0,0,0,10.894484519958496,23.164058685302734,10.400070190429688
0,0,0,0,10.894243240356445,23.163272857666016,10.40008544921875
0,0,0,0,10.893792152404785,23.162368774414062,10.400123596191406
0,0,0,0,10.893407821655273,23.16168785095215,10.400131225585938
0,0,0,0,10.8930025100708,23.161069869995117,10.400154113769531
0,0,0,0,10.892399787902832,23.16022491455078,10.400192260742188
0,0,0,0,10.891942977905273,23.15964698791504,10.400222778320312
0,0,0,0,10.891395568847656,23.159156799316406,10.400260925292969
0,0,0,0,10.890664100646973,23.158580780029297,10.400299072265625
0,0,0,0,10.890016555786133,23.15828514099121,10.400306701660156
0,0,0,0,10.889426231384277,23.15800666809082,10.400321960449219
0,0,0,0,10.888474464416504,23.15782356262207,10.400314331054688
0,0,0,0,10.88776683807373,23.157724380493164,10.400291442871094
0,0,0,0,10.886938095092773,23.157793045043945,10.400253295898438
0,0,0,0,10.885933876037598,23.157859802246094,10.400169372558594
0,0,0,0,10.885139465332031,23.15803337097168,10.400054931640625
0,0,0,0,10.88437557220459,23.158145904541016,10.399864196777344
0,0,0,0,10.883246421813965,23.15843963623047,10.399581909179688
0,0,0,0,10.88243579864502,23.158639907836914,10.399345397949219
0,0,0,0,10.881608009338379,23.158954620361328,10.399116516113281
0,0,0,0,10.880559921264648,23.159343719482422,10.398788452148438
0,0,0,0,10.87981128692627,23.159666061401367,10.398521423339844
0,0,0,0,10.879036903381348,23.159969329833984,10.398246765136719
0,0,0,0,10.87807846069336,23.16037940979004,10.397895812988281
0,0,0,0,10.87730598449707,23.160676956176758,10.397636413574219
0,0,0,0,10.876644134521484,23.160945892333984,10.397384643554688
0,0,0,0,10.875678062438965,23.161298751831055,10.39703369140625
0,0,0,0,10.8750638961792,23.161497116088867,10.396781921386719
0,0,0,0,10.87439250946045,23.161775588989258,10.396514892578125
0,0,0,0,10.873639106750488,23.162059783935547,10.396072387695312
0,0,0,0,10.873018264770508,23.162311553955078,10.395683288574219
0,0,0,0,10.872467994689941,23.162445068359375,10.395278930664062
0,0,0,0,10.871617317199707,23.162677764892578,10.394721984863281
0,0,0,0,10.871041297912598,23.16274642944336,10.394317626953125
0,0,0,0,10.870393753051758,23.1628360748291,10.3939208984375
0,0,0,0,10.869529724121094,23.16278839111328,10.393363952636719
0,0,0,0,10.868901252746582,23.16272735595703,10.3929443359375
0,0,0,0,10.86825180053711,23.162517547607422,10.39251708984375
0,0,0,0,10.867393493652344,23.162185668945312,10.391960144042969
0,0,0,0,10.866693496704102,23.161895751953125,10.3914794921875
0,0,0,0,10.866065979003906,23.16155242919922,10.391014099121094
0,0,0,0,10.865191459655762,23.161022186279297,10.3905029296875
0,0,0,0,10.8646879196167,23.160551071166992,10.390213012695312
0,0,0,0,10.864161491394043,23.16008186340332,10.389968872070312
0,0,0,0,10.863601684570312,23.159318923950195,10.389739990234375
0,0,0,0,10.863166809082031,23.15876007080078,10.389671325683594
0,0,0,0,10.862881660461426,23.158100128173828,10.389686584472656
0,0,0,0,10.862481117248535,23.157337188720703,10.389793395996094
0,0,0,0,10.862277030944824,23.156742095947266,10.389900207519531
0,0,0,0,10.862060546875,23.156286239624023,10.390007019042969
0,0,0,0,10.861876487731934,23.1556453704834,10.390167236328125
0,0,0,0,10.86175537109375,23.155292510986328,10.390296936035156
0,0,0,0,10.861684799194336,23.154926300048828,10.390434265136719
0,0,0,0,10.861635208129883,23.154541015625,10.390602111816406
0,0,0,0,10.861595153808594,23.154321670532227,10.390708923339844
0,0,0,0,10.861613273620605,23.15422248840332,10.39080810546875
0,0,0,0,10.86158275604248,23.154172897338867,10.390899658203125
0,0,0,0,10.861601829528809,23.154199600219727,10.390853881835938
0,0,0,0,10.861510276794434,23.15432357788086,10.390739440917969
0,0,0,0,10.861431121826172,23.154516220092773,10.390426635742188
0,0,0,0,10.86126708984375,23.154726028442383,10.390129089355469
0,0,0,0,10.861129760742188,23.15488052368164,10.389808654785156
0,0,0,0,10.860747337341309,23.15517234802246,10.389312744140625
0,0,0,0,10.860489845275879,23.15534019470215,10.388908386230469
0,0,0,0,10.860123634338379,23.155620574951172,10.388496398925781
0,0,0,0,10.859698295593262,23.155906677246094,10.388038635253906
0,0,0,0,10.859314918518066,23.15619659423828,10.387725830078125
0,0,0,0,10.858972549438477,23.156417846679688,10.387451171875
0,0,0,0,10.858512878417969,23.15681266784668,10.387077331542969
0,0,0,0,10.858175277709961,23.157060623168945,10.3868408203125
0,0,0,0,10.857836723327637,23.157386779785156,10.386611938476562
0,0,0,0,10.857381820678711,23.15778350830078,10.386337280273438
0,0,0,0,10.857088088989258,23.1580867767334,10.386177062988281
0,0,0,0,10.856719970703125,23.158403396606445,10.386001586914062
0,0,0,0,10.856253623962402,23.158815383911133,10.385772705078125
0,0,0,0,10.855847358703613,23.159160614013672,10.385581970214844
0,0,0,0,10.855562210083008,23.159456253051758,10.385406494140625
0,0,0,0,10.855145454406738,23.159914016723633,10.385238647460938
0,0,0,0,10.854954719543457,23.16021728515625,10.385139465332031
0,0,0,0,10.854722023010254,23.160625457763672,10.385093688964844
0,0,0,0,10.854639053344727,23.16107749938965,10.385086059570312
0,0,0,0,10.854625701904297,23.161483764648438,10.385078430175781
0,0,0,0,10.854743957519531,23.161806106567383,10.385086059570312
0,0,0,0,10.854911804199219,23.162342071533203,10.385147094726562
0,0,0,0,10.855114936828613,23.162660598754883,10.38525390625
0,0,0,0,10.855358123779297,23.163042068481445,10.385406494140625
0,0,0,0,10.855774879455566,23.163532257080078,10.385704040527344
0,0,0,0,10.856161117553711,23.163944244384766,10.385955810546875
0,0,0,0,10.856546401977539,23.16433334350586,10.386238098144531
0,0,0,0,10.857147216796875,23.164838790893555,10.386680603027344
0,0,0,0,10.857563018798828,23.16522979736328,10.38702392578125
0,0,0,0,10.858097076416016,23.16558265686035,10.387351989746094
0,0,0,0,10.858725547790527,23.166112899780273,10.387786865234375
0,0,0,0,10.85926342010498,23.16649055480957,10.388107299804688
0,0,0,0,10.859697341918945,23.166942596435547,10.388427734375
0,0,0,0,10.860360145568848,23.167469024658203,10.388816833496094
0,0,0,0,10.860746383666992,23.16793441772461,10.389060974121094
0,0,0,0,10.861178398132324,23.168312072753906,10.389266967773438
0,0,0,0,10.861627578735352,23.16889762878418,10.389533996582031
0,0,0,0,10.86201000213623,23.169307708740234,10.389724731445312
0,0,0,0,10.862334251403809,23.169816970825195,10.389900207519531
0,0,0,0,10.862815856933594,23.170421600341797,10.390098571777344
0,0,0,0,10.863213539123535,23.170902252197266,10.390213012695312
0,0,0,0,10.863632202148438,23.171327590942383,10.390312194824219
0,0,0,0,10.864197731018066,23.17197036743164,10.390403747558594
0,0,0,0,10.864572525024414,23.172452926635742,10.390449523925781
0,0,0,0,10.864982604980469,23.17291831970215,10.390457153320312
0,0,0,0,10.865482330322266,23.173540115356445,10.390457153320312
0,0,0,0,10.865967750549316,23.1739559173584,10.390480041503906
0,0,0,0,10.866416931152344,23.17439079284668,10.3905029296875
0,0,0,0,10.867201805114746,23.174869537353516,10.390617370605469
0,0,0,0,10.867728233337402,23.175281524658203,10.390731811523438
0,0,0,0,10.868368148803711,23.175622940063477,10.390876770019531
0,0,0,0,10.869157791137695,23.176136016845703,10.391151428222656
0,0,0,0,10.869789123535156,23.176408767700195,10.391403198242188
0,0,0,0,10.870361328125,23.176759719848633,10.391677856445312
0,0,0,0,10.871220588684082,23.177127838134766,10.392059326171875
0,0,0,0,10.871869087219238,23.17744255065918,10.392318725585938
0,0,0,0,10.872525215148926,23.177709579467773,10.392547607421875
0,0,0,0,10.87337875366211,23.178115844726562,10.392730712890625
0,0,0,0,10.873993873596191,23.178356170654297,10.392822265625
0,0,0,0,10.874653816223145,23.178560256958008,10.392890930175781
0,0,0,0,10.875468254089355,23.178752899169922,10.392936706542969
0,0,0,0,10.876165390014648,23.1788272857666,10.392906188964844
0,0,0,0,10.876770973205566,23.178871154785156,10.392860412597656
0,0,0,0,10.877626419067383,23.178857803344727,10.392730712890625
0,0,0,0,10.878167152404785,23.17887306213379,10.392593383789062
0,0,0,0,10.878753662109375,23.178791046142578,10.392448425292969
0,0,0,0,10.879358291625977,23.178691864013672,10.392181396484375
0,0,0,0,10.879833221435547,23.17852783203125,10.391929626464844
0,0,0,0,10.88016128540039,23.178449630737305,10.391624450683594
0,0,0,0,10.88060188293457,23.17827033996582,10.391189575195312
0,0,0,0,10.880859375,23.178211212158203,10.390884399414062
0,0,0,0,10.881196975708008,23.178077697753906,10.390609741210938
0,0,0,0,10.881654739379883,23.178003311157227,10.390312194824219
0,0,0,0,10.88195514678955,23.17790412902832,10.39013671875
0,0,0,0,10.882253646850586,23.177867889404297,10.389991760253906
0,0,0,0,10.882615089416504,23.177846908569336,10.389839172363281
0,0,0,0,10.882929801940918,23.1778621673584,10.389755249023438
0,0,0,0,10.883161544799805,23.177885055541992,10.389701843261719
0,0,0,0,10.883475303649902,23.17790412902832,10.389701843261719
0,0,0,0,10.883624076843262,23.177993774414062,10.389778137207031
0,0,0,0,10.883811950683594,23.178064346313477,10.389961242675781
0,0,0,0,10.883957862854004,23.178226470947266,10.390327453613281
0,0,0,0,10.884129524230957,23.178268432617188,10.39068603515625
0,0,0,0,10.88421630859375,23.17840576171875,10.391098022460938
0,0,0,0,10.884445190429688,23.17850112915039,10.391761779785156
0,0,0,0,10.884563446044922,23.178682327270508,10.392333984375
0,0,0,0,10.884746551513672,23.178770065307617,10.392936706542969
0,0,0,0,10.884918212890625,23.178916931152344,10.393661499023438
0,0,0,0,10.885113716125488,23.178939819335938,10.394134521484375
0,0,0,0,10.885292053222656,23.17897605895996,10.394493103027344
0,0,0,0,10.885542869567871,23.178926467895508,10.394859313964844
0,0,0,0,10.88576889038086,23.178911209106445,10.395095825195312
0,0,0,0,10.886007308959961,23.178869247436523,10.395256042480469
0,0,0,0,10.886384963989258,23.178802490234375,10.395355224609375
0,0,0,0,10.886640548706055,23.178741455078125,10.395393371582031
0,0,0,0,10.887032508850098,23.178646087646484,10.395408630371094
0,0,0,0,10.887494087219238,23.178543090820312,10.395401000976562
0,0,0,0,10.88796615600586,23.178388595581055,10.3953857421875
0,0,0,0,10.888384819030762,23.17826271057129,10.395362854003906
0,0,0,0,10.889082908630371,23.177997589111328,10.39532470703125
0,0,0,0,10.889545440673828,23.17788314819336,10.395309448242188
0,0,0,0,10.890068054199219,23.177705764770508,10.395294189453125
0,0,0,0,10.890706062316895,23.177600860595703,10.395240783691406
0,0,0,0,10.89124870300293,23.177490234375,10.395187377929688
0,0,0,0,10.89173698425293,23.177478790283203,10.395126342773438
0,0,0,0,10.892414093017578,23.177417755126953,10.39508056640625
0,0,0,0,10.892911911010742,23.177446365356445,10.395027160644531
0,0,0,0,10.893399238586426,23.177448272705078,10.394989013671875
0,0,0,0,10.894046783447266,23.177499771118164,10.394973754882812
0,0,0,0,10.894479751586914,23.177522659301758,10.394996643066406
0,0,0,0,10.894956588745117,23.177522659301758,10.395042419433594
0,0,0,0,10.895450592041016,23.177520751953125,10.395126342773438
0,0,0,0,10.895837783813477,23.177492141723633,10.395233154296875
0,0,0,0,10.896099090576172,23.17750358581543,10.3953857421875
0,0,0,0,10.89648723602295,23.17748260498047,10.3956298828125
0,0,0,0,10.896625518798828,23.17753791809082,10.395820617675781
0,0,0,0,10.896791458129883,23.17752456665039,10.395980834960938
0,0,0,0,10.896821975708008,23.177690505981445,10.3961181640625
0,0,0,0,10.896831512451172,23.177818298339844,10.39617919921875
0,0,0,0,10.896713256835938,23.178058624267578,10.396255493164062
0,0,0,0,10.896563529968262,23.17824363708496,10.396369934082031
0,0,0,0,10.896398544311523,23.17844581604004,10.396430969238281
0,0,0,0,10.896227836608887,23.178552627563477,10.39642333984375
0,0,0,0,10.89591121673584,23.17873191833496,10.396369934082031
0,0,0,0,10.895608901977539,23.178813934326172,10.396286010742188
0,0,0,0,10.895320892333984,23.17887306213379,10.396163940429688
0,0,0,0,10.89490032196045,23.178857803344727,10.3955078125
0,0,0,0,10.894588470458984,23.1788387298584,10.393135070800781
0,0,0,0,10.894149780273438,23.178800582885742,10.388839721679688
0,0,0,0,10.89356803894043,23.178661346435547,10.380111694335938
0,0,0,0,10.892990112304688,23.17859649658203,10.371345520019531
0,0,0,0,10.892476081848145,23.178442001342773,10.360862731933594
0,0,0,0,10.89161491394043,23.178264617919922,10.344337463378906
0,0,0,0,10.890974998474121,23.17801856994629,10.330192565917969
0,0,0,0,10.890203475952148,23.177833557128906,10.31463623046875
0,0,0,0,10.889260292053223,23.177448272705078,10.292549133300781
0,0,0,0,10.888522148132324,23.177162170410156,10.275344848632812
0,0,0,0,10.88790512084961,23.17670249938965,10.257789611816406
0,0,0,0,10.887286186218262,23.175992965698242,10.234275817871094
0,0,0,0,10.88701343536377,23.17528533935547,10.216842651367188
0,0,0,0,10.886940002441406,23.174468994140625,10.199882507324219
0,0,0,0,10.887259483337402,23.17304039001465,10.17822265625
0,0,0,0,10.88815689086914,23.171293258666992,10.157852172851562
0,0,0,0,10.88876724243164,23.170284271240234,10.148170471191406
0,0,0,0,10.890666961669922,23.16782569885254,10.129898071289062
0,0,0,0,10.892557144165039,23.165672302246094,10.117218017578125
0,0,0,0,10.894957542419434,23.16318702697754,10.105392456054688
0,0,0,0,10.898750305175781,23.159465789794922,10.090888977050781
0,0,0,0,10.902174949645996,23.156213760375977,10.080917358398438
0,0,0,0,10.905939102172852,23.152706146240234,10.071708679199219
0,0,0,0,10.911827087402344,23.147350311279297,10.060630798339844
0,0,0,0,10.916764259338379,23.14295768737793,10.053115844726562
0,0,0,0,10.922290802001953,23.138046264648438,10.046188354492188
0,0,0,0,10.930487632751465,23.130821228027344,10.037651062011719
0,0,0,0,10.937360763549805,23.124738693237305,10.031745910644531
0,0,0,0,10.944881439208984,23.11817169189453,10.026222229003906
0,0,0,0,10.955958366394043,23.108491897583008,10.019279479980469
0,0,0,0,10.965023040771484,23.100601196289062,10.014350891113281
0,0,0,0,10.974688529968262,23.092117309570312,10.009590148925781
0,0,0,0,10.988525390625,23.08002471923828,10.003501892089844
0,0,0,0,10.99953842163086,23.07044792175293,9.999176025390625
0,0,0,0,11.011173248291016,23.06043815612793,9.995025634765625
0,0,0,0,11.027341842651367,23.04649543762207,9.989799499511719
0,0,0,0,11.040074348449707,23.035499572753906,9.986053466796875
0,0,0,0,11.053150177001953,23.024152755737305,9.982467651367188
0,0,0,0,11.071365356445312,23.008289337158203,9.977943420410156
0,0,0,0,11.08549690246582,22.995946884155273,9.974723815917969
0,0,0,0,11.100207328796387,22.983043670654297,9.971641540527344
0,0,0,0,11.120516777038574,22.965234756469727,9.967880249023438
0,0,0,0,11.136428833007812,22.95119285583496,9.965194702148438
0,0,0,0,11.152913093566895,22.93663787841797,9.962608337402344
0,0,0,0,11.176004409790039,22.916229248046875,9.959266662597656
0,0,0,0,11.194148063659668,22.90021324157715,9.956817626953125
0,0,0,0,11.21302318572998,22.883527755737305,9.954391479492188
0,0,0,0,11.239364624023438,22.860382080078125,9.951225280761719
0,0,0,0,11.260031700134277,22.842241287231445,9.948867797851562
0,0,0,0,11.28164005279541,22.823333740234375,9.946510314941406
0,0,0,0,11.311823844909668,22.796918869018555,9.943435668945312
0,0,0,0,11.335604667663574,22.77616310119629,9.941123962402344
0,0,0,0,11.360252380371094,22.754634857177734,9.938827514648438
0,0,0,0,11.394737243652344,22.72460174560547,9.935783386230469
0,0,0,0,11.421666145324707,22.701181411743164,9.933555603027344
0,0,0,0,11.449692726135254,22.676876068115234,9.931365966796875
0,0,0,0,11.488483428955078,22.643312454223633,9.9285888671875
0,0,0,0,11.51873779296875,22.617111206054688,9.926597595214844
0,0,0,0,11.54983901977539,22.590253829956055,9.924751281738281
0,0,0,0,11.592717170715332,22.55323600769043,9.9224853515625
0,0,0,0,11.625798225402832,22.524694442749023,9.920890808105469
0,0,0,0,11.659722328186035,22.49538803100586,9.919349670410156
0,0,0,0,11.706189155578613,22.455307006835938,9.91741943359375
0,0,0,0,11.741874694824219,22.424514770507812,9.91607666015625
0,0,0,0,11.778264045715332,22.39318084716797,9.914840698242188
0,0,0,0,11.82779598236084,22.350444793701172,9.913261413574219
0,0,0,0,11.865777015686035,22.31772232055664,9.912117004394531
0,0,0,0,11.904298782348633,22.284515380859375,9.911033630371094
0,0,0,0,11.956589698791504,22.239492416381836,9.909751892089844
0,0,0,0,11.99628734588623,22.20524787902832,9.908889770507812
0,0,0,0,12.036567687988281,22.17049789428711,9.908058166503906
0,0,0,0,12.090873718261719,22.123645782470703,9.906997680664062
0,0,0,0,12.132158279418945,22.088037490844727,9.906272888183594
0,0,0,0,12.173776626586914,22.052188873291016,9.905624389648438
0,0,0,0,12.229867935180664,22.003887176513672,9.904823303222656
0,0,0,0,12.272154808044434,21.967548370361328,9.904312133789062
0,0,0,0,12.314640998840332,21.93104362487793,9.903938293457031
0,0,0,0,12.371406555175781,21.882278442382812,9.903587341308594
0,0,0,0,12.414155960083008,21.845481872558594,9.903396606445312
0,0,0,0,12.457013130187988,21.80864143371582,9.903266906738281
0,0,0,0,12.51432991027832,21.759305953979492,9.903175354003906
0,0,0,0,12.55746078491211,21.72222328186035,9.903121948242188
0,0,0,0,12.600601196289062,21.685070037841797,9.903076171875
0,0,0,0,12.658275604248047,21.635456085205078,9.903007507324219
0,0,0,0,12.701525688171387,21.59825325012207,9.902923583984375
0,0,0,0,12.744839668273926,21.5610408782959,9.902816772460938
0,0,0,0,12.802324295043945,21.51167106628418,9.902679443359375
0,0,0,0,12.845340728759766,21.47475814819336,9.902587890625
0,0,0,0,12.888148307800293,21.438024520874023,9.902496337890625
0,0,0,0,12.945192337036133,21.38908576965332,9.902305603027344
0,0,0,0,12.987788200378418,21.35254669189453,9.902137756347656
0,0,0,0,13.030401229858398,21.31596565246582,9.90191650390625
0,0,0,0,13.087063789367676,21.2673282623291,9.901580810546875
0,0,0,0,13.129463195800781,21.230915069580078,9.901351928710938
0,0,0,0,13.171725273132324,21.194738388061523,9.901153564453125
0,0,0,0,13.227826118469238,21.146738052368164,9.900871276855469
0,0,0,0,13.269572257995605,21.111112594604492,9.900741577148438
0,0,0,0,13.311027526855469,21.07575225830078,9.900657653808594
0,0,0,0,13.365991592407227,21.028972625732422,9.9005126953125
0,0,0,0,13.406972885131836,20.994142532348633,9.900360107421875
0,0,0,0,13.447903633117676,20.959421157836914,9.900169372558594
0,0,0,0,13.502213478088379,20.91339111328125,9.899833679199219
0,0,0,0,13.542766571044922,20.879108428955078,9.899566650390625
0,0,0,0,13.582964897155762,20.845170974731445,9.899375915527344
0,0,0,0,13.636454582214355,20.800067901611328,9.899131774902344
0,0,0,0,13.676477432250977,20.76630973815918,9.898910522460938
0,0,0,0,13.716667175292969,20.73243522644043,9.898651123046875
0,0,0,0,13.770320892333984,20.68732261657715,9.898208618164062
0,0,0,0,13.810677528381348,20.65336799621582,9.897811889648438
0,0,0,0,13.851094245910645,20.619403839111328,9.897369384765625
0,0,0,0,13.905278205871582,20.573816299438477,9.896682739257812
0,0,0,0,13.946056365966797,20.53957748413086,9.896141052246094
0,0,0,0,13.986963272094727,20.505212783813477,9.895622253417969
0,0,0,0,14.041716575622559,20.45927619934082,9.894905090332031
0,0,0,0,14.082967758178711,20.424625396728516,9.894309997558594
0,0,0,0,14.124469757080078,20.389827728271484,9.8936767578125
0,0,0,0,14.180034637451172,20.34319496154785,9.892860412597656
0,0,0,0,14.221960067749023,20.30801773071289,9.892265319824219
0,0,0,0,14.263936042785645,20.27276039123535,9.891685485839844
0,0,0,0,14.320235252380371,20.22542953491211,9.890914916992188
0,0,0,0,14.362465858459473,20.189870834350586,9.890350341796875
0,0,0,0,14.404829978942871,20.1541748046875,9.889823913574219
0,0,0,0,14.46127986907959,20.106550216674805,9.88916015625
0,0,0,0,14.50374984741211,20.070674896240234,9.888702392578125
0,0,0,0,14.546213150024414,20.03484535217285,9.888259887695312
0,0,0,0,14.602949142456055,19.98689079284668,9.887619018554688
0,0,0,0,14.645439147949219,19.951025009155273,9.887153625488281
0,0,0,0,14.687921524047852,19.915145874023438,9.886787414550781
0,0,0,0,14.744449615478516,19.867433547973633,9.886367797851562
0,0,0,0,14.786758422851562,19.831642150878906,9.886039733886719
0,0,0,0,14.829035758972168,19.795902252197266,9.885688781738281
0,0,0,0,14.885321617126465,19.7482967376709,9.885223388671875
0,0,0,0,14.927550315856934,19.71262550354004,9.884841918945312
0,0,0,0,14.969700813293457,19.67699432373047,9.884437561035156
0,0,0,0,15.025968551635742,19.629497528076172,9.883880615234375
0,0,0,0,15.068072319030762,19.593915939331055,9.883438110351562
0,0,0,0,15.110283851623535,19.558250427246094,9.882942199707031
0,0,0,0,15.166492462158203,19.510772705078125,9.88226318359375
0,0,0,0,15.208741188049316,19.475109100341797,9.881698608398438
0,0,0,0,15.250906944274902,19.439626693725586,9.881111145019531
0,0,0,0,15.30721378326416,19.39231300354004,9.880317687988281
0,0,0,0,15.349403381347656,19.356901168823242,9.879692077636719
0,0,0,0,15.391674041748047,19.321401596069336,9.879020690917969
0,0,0,0,15.44793701171875,19.274250030517578,9.87811279296875
0,0,0,0,15.490123748779297,19.238901138305664,9.877403259277344
0,0,0,0,15.532322883605957,19.203567504882812,9.876708984375
0,0,0,0,15.58860969543457,19.156402587890625,9.875747680664062
0,0,0,0,15.630819320678711,19.121156692504883,9.875015258789062
0,0,0,0,15.672886848449707,19.086044311523438,9.874305725097656
0,0,0,0,15.728869438171387,19.039451599121094,9.873443603515625
0,0,0,0,15.770628929138184,19.0047607421875,9.872901916503906
0,0,0,0,15.81236743927002,18.970172882080078,9.872428894042969
0,0,0,0,15.867830276489258,18.92422103881836,9.871795654296875
0,0,0,0,15.90941047668457,18.88985252380371,9.871368408203125
0,0,0,0,15.950814247131348,18.855735778808594,9.871009826660156
0,0,0,0,16.006019592285156,18.810422897338867,9.870498657226562
0,0,0,0,16.04717445373535,18.776798248291016,9.870132446289062
0,0,0,0,16.08814239501953,18.743423461914062,9.869865417480469
0,0,0,0,16.142351150512695,18.699466705322266,9.869598388671875
0,0,0,0,16.182893753051758,18.666702270507812,9.86944580078125
0,0,0,0,16.223369598388672,18.63416862487793,9.869338989257812
0,0,0,0,16.277427673339844,18.590856552124023,9.869194030761719
0,0,0,0,16.318096160888672,18.558488845825195,9.869117736816406
0,0,0,0,16.35887336730957,18.5261173248291,9.869071960449219
0,0,0,0,16.41354751586914,18.482919692993164,9.868942260742188
0,0,0,0,16.454792022705078,18.45042610168457,9.868782043457031
0,0,0,0,16.496356964111328,18.4178524017334,9.868560791015625
0,0,0,0,16.5519962310791,18.374408721923828,9.868263244628906
0,0,0,0,16.594005584716797,18.341758728027344,9.868057250976562
0,0,0,0,16.636079788208008,18.309194564819336,9.867874145507812
0,0,0,0,16.692485809326172,18.265708923339844,9.867637634277344
0,0,0,0,16.73480796813965,18.233196258544922,9.867485046386719
0,0,0,0,16.777307510375977,18.200611114501953,9.867347717285156
0,0,0,0,16.83402442932129,18.157278060913086,9.867179870605469
0,0,0,0,16.876684188842773,18.124736785888672,9.867050170898438
0,0,0,0,16.919330596923828,18.092348098754883,9.866950988769531
0,0,0,0,16.976226806640625,18.049137115478516,9.866889953613281
0,0,0,0,17.018892288208008,18.016794204711914,9.866859436035156
0,0,0,0,17.061573028564453,17.984416961669922,9.866836547851562
0,0,0,0,17.11849594116211,17.94135093688965,9.866813659667969
0,0,0,0,17.16117286682129,17.90903091430664,9.866844177246094
0,0,0,0,17.20396614074707,17.87669563293457,9.866874694824219
0,0,0,0,17.261133193969727,17.833446502685547,9.8668212890625
0,0,0,0,17.304136276245117,17.800947189331055,9.86676025390625
0,0,0,0,17.34701156616211,17.768545150756836,9.866691589355469
0,0,0,0,17.40413475036621,17.725339889526367,9.866569519042969
0,0,0,0,17.446762084960938,17.693086624145508,9.866447448730469
0,0,0,0,17.48932456970215,17.660856246948242,9.866310119628906
0,0,0,0,17.545684814453125,17.61821746826172,9.866096496582031
0,0,0,0,17.587825775146484,17.586322784423828,9.865959167480469
0,0,0,0,17.629756927490234,17.554609298706055,9.865806579589844
0,0,0,0,17.685617446899414,17.51233673095703,9.865623474121094
0,0,0,0,17.72751808166504,17.480712890625,9.865432739257812
0,0,0,0,17.76943016052246,17.449066162109375,9.865234375
0,0,0,0,17.82517433166504,17.40715980529785,9.865097045898438
0,0,0,0,17.86702537536621,17.37567710876465,9.864974975585938
0,0,0,0,17.908954620361328,17.34420394897461,9.864814758300781
0,0,0,0,17.96478271484375,17.30240249633789,9.864631652832031
0,0,0,0,18.006620407104492,17.27120018005371,9.864639282226562
0,0,0,0,18.048397064208984,17.239988327026367,9.864700317382812
0,0,0,0,18.104347229003906,17.198232650756836,9.864761352539062
0,0,0,0,18.146366119384766,17.166967391967773,9.864822387695312
0,0,0,0,18.188522338867188,17.135683059692383,9.864906311035156
0,0,0,0,18.24472427368164,17.094045639038086,9.865013122558594
0,0,0,0,18.287012100219727,17.062801361083984,9.8651123046875
0,0,0,0,18.329227447509766,17.031719207763672,9.865249633789062
0,0,0,0,18.38569450378418,16.990201950073242,9.865440368652344
0,0,0,0,18.428096771240234,16.959157943725586,9.865554809570312
0,0,0,0,18.470518112182617,16.928131103515625,9.865684509277344
0,0,0,0,18.526853561401367,16.88719367980957,9.865943908691406
0,0,0,0,18.568981170654297,16.856616973876953,9.866165161132812
0,0,0,0,18.61102294921875,16.826236724853516,9.86639404296875
0,0,0,0,18.66693878173828,16.785924911499023,9.866737365722656
0,0,0,0,18.708812713623047,16.75583839416504,9.867034912109375
0,0,0,0,18.75056266784668,16.72576904296875,9.867355346679688
0,0,0,0,18.806236267089844,16.685699462890625,9.867767333984375
0,0,0,0,18.84795570373535,16.65569305419922,9.868095397949219
0,0,0,0,18.88981819152832,16.625654220581055,9.868446350097656
0,0,0,0,18.945653915405273,16.58563232421875,9.868873596191406
0,0,0,0,18.98772621154785,16.55548858642578,9.869194030761719
0,0,0,0,19.02983283996582,16.525381088256836,9.869483947753906
0,0,0,0,19.08626937866211,16.48512077331543,9.869773864746094
0,0,0,0,19.128599166870117,16.455018997192383,9.870018005371094
0,0,0,0,19.171070098876953,16.424846649169922,9.8702392578125
0,0,0,0,19.227754592895508,16.384679794311523,9.870491027832031
0,0,0,0,19.270458221435547,16.354442596435547,9.870697021484375
0,0,0,0,19.313302993774414,16.32423210144043,9.870948791503906
0,0,0,0,19.37076759338379,16.283729553222656,9.871322631835938
0,0,0,0,19.413997650146484,16.25341796875,9.871627807617188
0,0,0,0,19.45720100402832,16.223161697387695,9.871986389160156
0,0,0,0,19.514829635620117,16.18294334411621,9.87249755859375
0,0,0,0,19.55805015563965,16.15276527404785,9.8729248046875
0,0,0,0,19.60145378112793,16.12249755859375,9.873374938964844
0,0,0,0,19.659421920776367,16.082054138183594,9.873908996582031
0,0,0,0,19.70305824279785,16.051645278930664,9.874275207519531
0,0,0,0,19.746728897094727,16.021240234375,9.874610900878906
0,0,0,0,19.80533790588379,15.980484962463379,9.87493896484375
0,0,0,0,19.849407196044922,15.949934959411621,9.875144958496094
0,0,0,0,19.893693923950195,15.919273376464844,9.875267028808594
0,0,0,0,19.952821731567383,15.878486633300781,9.875335693359375
0,0,0,0,19.997270584106445,15.84788990020752,9.875335693359375
0,0,0,0,20.04166603088379,15.817448616027832,9.875297546386719
0,0,0,0,20.10088539123535,15.776838302612305,9.87518310546875
0,0,0,0,20.14520835876465,15.746540069580078,9.8751220703125
0,0,0,0,20.18954086303711,15.7162504196167,9.875091552734375
0,0,0,0,20.24875831604004,15.675920486450195,9.874977111816406
0,0,0,0,20.293163299560547,15.64570426940918,9.874885559082031
0,0,0,0,20.337553024291992,15.615604400634766,9.874801635742188
0,0,0,0,20.396575927734375,15.575677871704102,9.874740600585938
0,0,0,0,20.440853118896484,15.545828819274902,9.874748229980469
0,0,0,0,20.48502540588379,15.51610279083252,9.874755859375
0,0,0,0,20.54400062561035,15.476495742797852,9.874717712402344
0,0,0,0,20.588167190551758,15.44693374633789,9.874679565429688
0,0,0,0,20.63243293762207,15.417365074157715,9.874671936035156
0,0,0,0,20.691390991210938,15.378074645996094,9.874687194824219
0,0,0,0,20.7357177734375,15.348551750183105,9.87469482421875
0,0,0,0,20.77999496459961,15.319153785705566,9.874656677246094
0,0,0,0,20.839130401611328,15.279850006103516,9.874534606933594
0,0,0,0,20.883438110351562,15.25048542022705,9.874412536621094
0,0,0,0,20.92780303955078,15.221126556396484,9.874267578125
0,0,0,0,20.987031936645508,15.182156562805176,9.874008178710938
0,0,0,0,21.03151512145996,15.152984619140625,9.873779296875
0,0,0,0,21.076045989990234,15.123943328857422,9.873542785644531
0,0,0,0,21.13545799255371,15.085294723510742,9.873176574707031
0,0,0,0,21.180139541625977,15.056340217590332,9.87286376953125
0,0,0,0,21.224889755249023,15.027429580688477,9.87249755859375
0,0,0,0,21.284902572631836,14.98893928527832,9.871879577636719
0,0,0,0,21.3299503326416,14.960232734680176,9.871383666992188
0,0,0,0,21.37512969970703,14.93154525756836,9.870872497558594
0,0,0,0,21.435312271118164,14.893509864807129,9.870231628417969
0,0,0,0,21.480567932128906,14.865080833435059,9.86981201171875
0,0,0,0,21.525754928588867,14.836823463439941,9.869415283203125
0,0,0,0,21.586288452148438,14.79912281036377,9.868812561035156
0,0,0,0,21.631786346435547,14.770983695983887,9.868331909179688
0,0,0,0,21.677391052246094,14.742860794067383,9.867889404296875
0,0,0,0,21.738245010375977,14.705559730529785,9.867393493652344
0,0,0,0,21.784021377563477,14.677550315856934,9.866943359375
0,0,0,0,21.829843521118164,14.649666786193848,9.866485595703125
0,0,0,0,21.890850067138672,14.61268138885498,9.866035461425781
0,0,0,0,21.936561584472656,14.585068702697754,9.865768432617188
0,0,0,0,21.982227325439453,14.557451248168945,9.865493774414062
0,0,0,0,22.043241500854492,14.520655632019043,9.865089416503906
0,0,0,0,22.104232788085938,14.484006881713867,9.86468505859375
0,0,0,0,22.13481903076172,14.465666770935059,9.864479064941406
0,0,0,0,22.19597053527832,14.429110527038574,9.864082336425781
0,0,0,0,22.241975784301758,14.401698112487793,9.863792419433594
0,0,0,0,22.28789520263672,14.374445915222168,9.863533020019531
0,0,0,0,22.349172592163086,14.338205337524414,9.863250732421875
0,0,0,0,22.39499282836914,14.311236381530762,9.863121032714844
0,0,0,0,22.44087791442871,14.284247398376465,9.863021850585938
0,0,0,0,22.501951217651367,14.248550415039062,9.862983703613281
0,0,0,0,22.54779624938965,14.221855163574219,9.86297607421875
0,0,0,0,22.593595504760742,14.195330619812012,9.863006591796875
0,0,0,0,22.65475845336914,14.159972190856934,9.863151550292969
0,0,0,0,22.70079803466797,14.133492469787598,9.863258361816406
0,0,0,0,22.7469425201416,14.107019424438477,9.863327026367188
0,0,0,0,22.808549880981445,14.071925163269043,9.863410949707031
0,0,0,0,22.854665756225586,14.045754432678223,9.863525390625
0,0,0,0,22.900827407836914,14.019681930541992,9.863693237304688
0,0,0,0,22.96225357055664,13.985102653503418,9.863914489746094
0,0,0,0,23.00836944580078,13.959248542785645,9.864097595214844
0,0,0,0,23.054349899291992,13.93356704711914,9.864280700683594
0,0,0,0,23.115541458129883,13.899503707885742,9.864585876464844
0,0,0,0,23.161121368408203,13.874267578125,9.864990234375
0,0,0,0,23.206689834594727,13.8490629196167,9.865432739257812
0,0,0,0,23.26743507385254,13.815594673156738,9.865913391113281
0,0,0,0,23.313016891479492,13.79057788848877,9.866218566894531
0,0,0,0,23.358322143554688,13.765881538391113,9.866508483886719
0,0,0,0,23.418359756469727,13.733207702636719,9.867073059082031
0,0,0,0,23.46315574645996,13.708910942077637,9.867485046386719
0,0,0,0,23.507883071899414,13.684625625610352,9.867866516113281
0,0,0,0,23.567461013793945,13.652494430541992,9.868324279785156
0,0,0,0,23.612117767333984,13.628472328186035,9.868659973144531
0,0,0,0,23.65691566467285,13.604512214660645,9.86895751953125
0,0,0,0,23.716882705688477,13.572586059570312,9.869277954101562
0,0,0,0,23.76217269897461,13.548645973205566,9.8695068359375
0,0,0,0,23.807647705078125,13.524749755859375,9.869728088378906
0,0,0,0,23.868871688842773,13.492813110351562,9.869903564453125
0,0,0,0,23.915023803710938,13.4689359664917,9.869979858398438
0,0,0,0,23.96152114868164,13.445038795471191,9.870094299316406
0,0,0,0,24.023780822753906,13.41334056854248,9.870315551757812
0,0,0,0,24.070756912231445,13.389543533325195,9.870506286621094
0,0,0,0,24.117820739746094,13.36588191986084,9.870689392089844
0,0,0,0,24.18093490600586,13.334362030029297,9.871063232421875
0,0,0,0,24.228458404541016,13.31088638305664,9.871429443359375
0,0,0,0,24.276247024536133,13.287368774414062,9.871849060058594
0,0,0,0,24.34028434753418,13.256134033203125,9.872535705566406
0,0,0,0,24.38855743408203,13.232734680175781,9.873153686523438
0,0,0,0,24.437057495117188,13.209428787231445,9.873809814453125
0,0,0,0,24.501985549926758,13.178437232971191,9.874755859375
0,0,0,0,24.550941467285156,13.155263900756836,9.875511169433594
0,0,0,0,24.599966049194336,13.132155418395996,9.876312255859375
0,0,0,0,24.665538787841797,13.101400375366211,9.877471923828125
0,0,0,0,24.714750289916992,13.078455924987793,9.878387451171875
0,0,0,0,24.76416015625,13.055541038513184,9.879318237304688
0,0,0,0,24.830066680908203,13.025181770324707,9.880538940429688
0,0,0,0,24.879507064819336,13.002501487731934,9.881484985351562
0,0,0,0,24.928667068481445,12.980073928833008,9.882514953613281
0,0,0,0,24.994115829467773,12.950318336486816,9.884025573730469
0,0,0,0,25.043113708496094,12.928240776062012,9.885093688964844
0,0,0,0,25.092161178588867,12.90621566772461,9.886100769042969
0,0,0,0,25.15737533569336,12.87717056274414,9.887451171875
0,0,0,0,25.206295013427734,12.855497360229492,9.888473510742188
0,0,0,0,25.255294799804688,12.833927154541016,9.889442443847656
0,0,0,0,25.320816040039062,12.805113792419434,9.890541076660156
0,0,0,0,25.37000274658203,12.783618927001953,9.891281127929688
0,0,0,0,25.41901206970215,12.762284278869629,9.891998291015625
0,0,0,0,25.4840030670166,12.734174728393555,9.8929443359375
0,0,0,0,25.532264709472656,12.71341323852539,9.893753051757812
0,0,0,0,25.580303192138672,12.69286823272705,9.894615173339844
0,0,0,0,25.643848419189453,12.66584300994873,9.895858764648438
0,0,0,0,25.69135856628418,12.645750045776367,9.896804809570312
0,0,0,0,25.738683700561523,12.625904083251953,9.897758483886719
0,0,0,0,25.801918029785156,12.599617958068848,9.898979187011719
0,0,0,0,25.849416732788086,12.580158233642578,9.899856567382812
0,0,0,0,25.89718246459961,12.5607271194458,9.900657653808594
0,0,0,0,25.961095809936523,12.535110473632812,9.901596069335938
0,0,0,0,26.009305953979492,12.515996932983398,9.902229309082031
0,0,0,0,26.057748794555664,12.497077941894531,9.902824401855469
0,0,0,0,26.122875213623047,12.471939086914062,9.903518676757812
0,0,0,0,26.172109603881836,12.453274726867676,9.903961181640625
0,0,0,0,26.221664428710938,12.434686660766602,9.90435791015625
0,0,0,0,26.28825569152832,12.410041809082031,9.904853820800781
0,0,0,0,26.338544845581055,12.391632080078125,9.90521240234375
0,0,0,0,26.38922882080078,12.373284339904785,9.905532836914062
0,0,0,0,26.45720863342285,12.349014282226562,9.905906677246094
0,0,0,0,26.50858497619629,12.330869674682617,9.906166076660156
0,0,0,0,26.560134887695312,12.31287670135498,9.906440734863281
0,0,0,0,26.62934112548828,12.28896427154541,9.906867980957031
0,0,0,0,26.68135643005371,12.271254539489746,9.9072265625
0,0,0,0,26.73363494873047,12.253575325012207,9.907600402832031
0,0,0,0,26.803539276123047,12.230254173278809,9.908096313476562
0,0,0,0,26.856224060058594,12.212759017944336,9.908454895019531
0,0,0,0,26.90897560119629,12.195423126220703,9.908760070800781
0,0,0,0,26.979511260986328,12.172367095947266,9.909133911132812
0,0,0,0,27.032493591308594,12.15523910522461,9.909400939941406
0,0,0,0,27.08557891845703,12.138127326965332,9.909690856933594
0,0,0,0,27.156469345092773,12.115482330322266,9.910018920898438
0,0,0,0,27.209671020507812,12.098630905151367,9.91021728515625
0,0,0,0,27.262939453125,12.081928253173828,9.910415649414062
0,0,0,0,27.333881378173828,12.059904098510742,9.91064453125
0,0,0,0,27.387054443359375,12.043577194213867,9.910774230957031
0,0,0,0,27.439977645874023,12.027511596679688,9.910903930664062
0,0,0,0,27.510292053222656,12.00639820098877,9.911270141601562
0,0,0,0,27.562755584716797,11.99081802368164,9.91162109375
0,0,0,0,27.61522674560547,11.975348472595215,9.911949157714844
0,0,0,0,27.685033798217773,11.955058097839355,9.912406921386719
0,0,0,0,27.73741912841797,11.939945220947266,9.912742614746094
0,0,0,0,27.78972816467285,11.925050735473633,9.913055419921875
0,0,0,0,27.859540939331055,11.905284881591797,9.913436889648438
0,0,0,0,27.911907196044922,11.890658378601074,9.913658142089844
0,0,0,0,27.9643497467041,11.87602710723877,9.913795471191406
0,0,0,0,28.034151077270508,11.85668659210205,9.913841247558594
0,0,0,0,28.086299896240234,11.842280387878418,9.913833618164062
0,0,0,0,28.13825225830078,11.828060150146484,9.913825988769531
0,0,0,0,28.207191467285156,11.809231758117676,9.913856506347656
0,0,0,0,28.258731842041016,11.795225143432617,9.913925170898438
0,0,0,0,28.310110092163086,11.781331062316895,9.913993835449219
0,0,0,0,28.378681182861328,11.762904167175293,9.9140625
0,0,0,0,28.430084228515625,11.749177932739258,9.914054870605469
0,0,0,0,28.481639862060547,11.735406875610352,9.913993835449219
0,0,0,0,28.550199508666992,11.71719741821289,9.913993835449219
0,0,0,0,28.601634979248047,11.703509330749512,9.914085388183594
0,0,0,0,28.65296745300293,11.689949035644531,9.914215087890625
0,0,0,0,28.72150993347168,11.67180347442627,9.914443969726562
0,0,0,0,28.772876739501953,11.658296585083008,9.914710998535156
0,0,0,0,28.82435417175293,11.644729614257812,9.915031433105469
0,0,0,0,28.893083572387695,11.626757621765137,9.915420532226562
0,0,0,0,28.944717407226562,11.613222122192383,9.915702819824219
0,0,0,0,28.996339797973633,11.599776268005371,9.91595458984375
0,0,0,0,29.06514549255371,11.581852912902832,9.916343688964844
0,0,0,0,29.116731643676758,11.568507194519043,9.916671752929688
0,0,0,0,29.168245315551758,11.555207252502441,9.917022705078125
0,0,0,0,29.236879348754883,11.53758716583252,9.91741943359375
0,0,0,0,29.288097381591797,11.524506568908691,9.917770385742188
0,0,0,0,29.33916473388672,11.51147174835205,9.918190002441406
0,0,0,0,29.406940460205078,11.494242668151855,9.918807983398438
0,0,0,0,29.457773208618164,11.481314659118652,9.91925048828125
0,0,0,0,29.50838851928711,11.46851634979248,9.919624328613281
0,0,0,0,29.57563018798828,11.45149040222168,9.920089721679688
0,0,0,0,29.625686645507812,11.43893051147461,9.92047119140625
0,0,0,0,29.67552947998047,11.426393508911133,9.920906066894531
0,0,0,0,29.741409301757812,11.409958839416504,9.921554565429688
0,0,0,0,29.790552139282227,11.397696495056152,9.922134399414062
0,0,0,0,29.839466094970703,11.385579109191895,9.922805786132812
0,0,0,0,29.904638290405273,11.369368553161621,9.923812866210938
0,0,0,0,29.95358657836914,11.357240676879883,9.924545288085938
0,0,0,0,30.00273895263672,11.345047950744629,9.925209045410156
0,0,0,0,30.068822860717773,11.328734397888184,9.926010131835938
0,0,0,0,30.11880874633789,11.316412925720215,9.926513671875
0,0,0,0,30.169261932373047,11.303977012634277,9.926956176757812
0,0,0,0,30.23711395263672,11.287252426147461,9.927452087402344
0,0,0,0,30.288572311401367,11.274544715881348,9.927780151367188
0,0,0,0,30.340362548828125,11.261781692504883,9.928070068359375
0,0,0,0,30.410171508789062,11.244505882263184,9.928367614746094
0,0,0,0,30.46293830871582,11.231491088867188,9.928565979003906
0,0,0,0,30.51617431640625,11.218260765075684,9.928749084472656
0,0,0,0,30.587549209594727,11.200517654418945,9.929000854492188
0,0,0,0,30.641469955444336,11.186958312988281,9.929183959960938
0,0,0,0,30.69556999206543,11.173333168029785,9.929359436035156
0,0,0,0,30.768150329589844,11.154900550842285,9.929573059082031
0,0,0,0,30.82281494140625,11.141020774841309,9.929725646972656
0,0,0,0,30.877643585205078,11.127023696899414,9.929893493652344
0,0,0,0,30.950899124145508,11.108349800109863,9.930168151855469
0,0,0,0,31.005908966064453,11.09426212310791,9.930419921875
0,0,0,0,31.061052322387695,11.080130577087402,9.93072509765625
0,0,0,0,31.134654998779297,11.061211585998535,9.931243896484375
0,0,0,0,31.18999481201172,11.046957015991211,9.931739807128906
0,0,0,0,31.24532699584961,11.032673835754395,9.932334899902344
0,0,0,0,31.319242477416992,11.013556480407715,9.9332275390625
0,0,0,0,31.37464141845703,10.999284744262695,9.933929443359375
0,0,0,0,31.430185317993164,10.984930992126465,9.934608459472656
0,0,0,0,31.504175186157227,10.96586799621582,9.935470581054688
0,0,0,0,31.559755325317383,10.95154094696045,9.936134338378906
0,0,0,0,31.615257263183594,10.937309265136719,9.936782836914062
0,0,0,0,31.689380645751953,10.918245315551758,9.937606811523438
0,0,0,0,31.74496078491211,10.904054641723633,9.938179016113281
0,0,0,0,31.800596237182617,10.889801025390625,9.938743591308594
0,0,0,0,31.874738693237305,10.870943069458008,9.939491271972656
0,0,0,0,31.930360794067383,10.856815338134766,9.940040588378906
0,0,0,0,31.98596954345703,10.84273910522461,9.940567016601562
0,0,0,0,32.06013488769531,10.823942184448242,9.941246032714844
0,0,0,0,32.11582565307617,10.80980110168457,9.941757202148438
0,0,0,0,32.171451568603516,10.795647621154785,9.942276000976562
0,0,0,0,32.24567794799805,10.776782035827637,9.942939758300781
0,0,0,0,32.30125427246094,10.762664794921875,9.94342041015625
0,0,0,0,32.356929779052734,10.74848747253418,9.943923950195312
0,0,0,0,32.43099594116211,10.7296724319458,9.944679260253906
0,0,0,0,32.48657989501953,10.715487480163574,9.945304870605469
0,0,0,0,32.54204559326172,10.701384544372559,9.946014404296875
0,0,0,0,32.61604309082031,10.682480812072754,9.947097778320312
0,0,0,0,32.67146301269531,10.668384552001953,9.947967529296875
0,0,0,0,32.7269287109375,10.654218673706055,9.948844909667969
0,0,0,0,32.800697326660156,10.635452270507812,9.950035095214844
0,0,0,0,32.85588836669922,10.621363639831543,9.950950622558594
0,0,0,0,32.91084289550781,10.607418060302734,9.951873779296875
0,0,0,0,32.983734130859375,10.588916778564453,9.953086853027344
0,0,0,0,33.03802490234375,10.575190544128418,9.953964233398438
0,0,0,0,33.09178924560547,10.56159496307373,9.954833984375
0,0,0,0,33.162574768066406,10.543766021728516,9.956001281738281
0,0,0,0,33.214759826660156,10.530640602111816,9.956878662109375
0,0,0,0,33.2662239074707,10.51772403717041,9.957740783691406
0,0,0,0,33.33329391479492,10.500923156738281,9.958847045898438
0,0,0,0,33.3824348449707,10.488536834716797,9.959678649902344
0,0,0,0,33.43034362792969,10.476492881774902,9.960464477539062
0,0,0,0,33.49248123168945,10.460821151733398,9.961456298828125
0,0,0,0,33.537574768066406,10.449495315551758,9.96209716796875
0,0,0,0,33.58148193359375,10.438436508178711,9.962677001953125
0,0,0,0,33.63787078857422,10.424345970153809,9.96331787109375
0,0,0,0,33.67860794067383,10.414134979248047,9.963676452636719
0,0,0,0,33.71791458129883,10.404380798339844,9.963905334472656
0,0,0,0,33.76821517944336,10.391883850097656,9.964103698730469
0,0,0,0,33.804298400878906,10.38302993774414,9.964164733886719
0,0,0,0,33.83892059326172,10.374539375305176,9.96417236328125
0,0,0,0,33.88282775878906,10.363921165466309,9.964111328125
0,0,0,0,33.91400146484375,10.356471061706543,9.963973999023438
0,0,0,0,33.943843841552734,10.3494234085083,9.963340759277344
0,0,0,0,33.98160171508789,10.340675354003906,9.960029602050781
0,0,0,0,34.00785827636719,10.335392951965332,9.956710815429688
0,0,0,0,34.03166198730469,10.331995964050293,9.952873229980469
0,0,0,0,34.05938720703125,10.33062744140625,9.946792602539062
0,0,0,0,34.07669448852539,10.332387924194336,9.941390991210938
0,0,0,0,34.09490203857422,10.338772773742676,9.933128356933594
0,0,0,0,34.104549407958984,10.346890449523926,9.926277160644531
0,0,0,0,34.11075973510742,10.357682228088379,9.919059753417969
0,0,0,0,34.113494873046875,10.376381874084473,9.908905029296875
0,0,0,0,34.111412048339844,10.393461227416992,9.901191711425781
0,0,0,0,34.105796813964844,10.413054466247559,9.893623352050781
0,0,0,0,34.09294128417969,10.442668914794922,9.884147644042969
0,0,0,0,34.07959747314453,10.467246055603027,9.877433776855469
0,0,0,0,34.063385009765625,10.49346923828125,9.870674133300781
0,0,0,0,34.0383186340332,10.529940605163574,9.862464904785156
0,0,0,0,34.01792526245117,10.557619094848633,9.855422973632812
0,0,0,0,33.99615478515625,10.585582733154297,9.849739074707031
0,0,0,0,33.96538543701172,10.622825622558594,9.844894409179688
0,0,0,0,33.94183349609375,10.649856567382812,9.843070983886719
0,0,0,0,33.91817092895508,10.675997734069824,9.8427734375
0,0,0,0,33.887229919433594,10.709120750427246,9.844924926757812
0,0,0,0,33.86460876464844,10.73261547088623,9.848388671875
0,0,0,0,33.842769622802734,10.754729270935059,9.853073120117188
0,0,0,0,33.81479263305664,10.782379150390625,9.861000061035156
0,0,0,0,33.79477310180664,10.801661491394043,9.867759704589844
0,0,0,0,33.77548599243164,10.8198823928833,9.874977111816406
0,0,0,0,33.75090408325195,10.84250259399414,9.885124206542969
0,0,0,0,33.73321533203125,10.858442306518555,9.892921447753906
0,0,0,0,33.716129302978516,10.873414993286133,9.900650024414062
0,0,0,0,33.694278717041016,10.892040252685547,9.910606384277344
0,0,0,0,33.67837142944336,10.905186653137207,9.917808532714844
0,0,0,0,33.66287612915039,10.917708396911621,9.924713134765625
0,0,0,0,33.64258575439453,10.933530807495117,9.933357238769531
0,0,0,0,33.627689361572266,10.944754600524902,9.939262390136719
0,0,0,0,33.61279296875,10.955648422241211,9.944633483886719
0,0,0,0,33.59279251098633,10.97000503540039,9.951087951660156
0,0,0,0,33.57735824584961,10.98090648651123,9.955459594726562
0,0,0,0,33.56169509887695,10.991765022277832,9.959396362304688
0,0,0,0,33.540157318115234,11.006500244140625,9.963897705078125
0,0,0,0,33.523536682128906,11.017838478088379,9.966705322265625
0,0,0,0,33.50627899169922,11.0296630859375,9.969085693359375
0,0,0,0,33.48228073120117,11.046074867248535,9.971694946289062
0,0,0,0,33.46344757080078,11.05907917022705,9.973304748535156
0,0,0,0,33.44401168823242,11.07249927520752,9.974586486816406
0,0,0,0,33.417049407958984,11.091315269470215,9.975791931152344
0,0,0,0,33.39595031738281,11.106207847595215,9.976539611816406
0,0,0,0,33.37421798706055,11.12173843383789,9.977165222167969
0,0,0,0,33.34426498413086,11.143280982971191,9.977767944335938
0,0,0,0,33.32126998901367,11.15999698638916,9.978050231933594
0,0,0,0,33.29764175415039,11.177332878112793,9.978256225585938
0,0,0,0,33.265403747558594,11.201303482055664,9.978515625
0,0,0,0,33.2406120300293,11.219935417175293,9.978607177734375
0,0,0,0,33.215457916259766,11.23905086517334,9.978614807128906
0,0,0,0,33.18098068237305,11.26567268371582,9.978599548339844
0,0,0,0,33.154518127441406,11.28641414642334,9.978630065917969
0,0,0,0,33.127479553222656,11.307878494262695,9.978607177734375
0,0,0,0,33.090789794921875,11.337371826171875,9.978530883789062
0,0,0,0,33.06264114379883,11.36037826538086,9.978431701660156
0,0,0,0,33.03398513793945,11.384069442749023,9.978302001953125
0,0,0,0,32.994834899902344,11.41692066192627,9.978042602539062
0,0,0,0,32.964752197265625,11.442479133605957,9.977836608886719
0,0,0,0,32.92374038696289,11.477863311767578,9.9775390625
0,0,0,0,32.8922233581543,11.505356788635254,9.977256774902344
0,0,0,0,32.860198974609375,11.53363037109375,9.976936340332031
0,0,0,0,32.82757568359375,11.562735557556152,9.976608276367188
0,0,0,0,32.78333282470703,11.602700233459473,9.976211547851562
0,0,0,0,32.74957275390625,11.633500099182129,9.975868225097656
0,0,0,0,32.7154541015625,11.664939880371094,9.975517272949219
0,0,0,0,32.669132232666016,11.708054542541504,9.97503662109375
0,0,0,0,32.6339111328125,11.741154670715332,9.974723815917969
0,0,0,0,32.59815979003906,11.775012969970703,9.974357604980469
0,0,0,0,32.54991149902344,11.82111930847168,9.973907470703125
0,0,0,0,32.51319122314453,11.856545448303223,9.973609924316406
0,0,0,0,32.476139068603516,11.892435073852539,9.973381042480469
0,0,0,0,32.42617416381836,11.941082954406738,9.973167419433594
0,0,0,0,32.388458251953125,11.977983474731445,9.973037719726562
0,0,0,0,32.350528717041016,12.0153169631958,9.972991943359375
0,0,0,0,32.29982376098633,12.065383911132812,9.973068237304688
0,0,0,0,32.26179885864258,12.103044509887695,9.973159790039062
0,0,0,0,32.223785400390625,12.140738487243652,9.973274230957031
0,0,0,0,32.17311477661133,12.19124984741211,9.973442077636719
0,0,0,0,32.13495635986328,12.229360580444336,9.973579406738281
0,0,0,0,32.096778869628906,12.267610549926758,9.973762512207031
0,0,0,0,32.04559326171875,12.318912506103516,9.974044799804688
0,0,0,0,32.00714874267578,12.357465744018555,9.974258422851562
0,0,0,0,31.968494415283203,12.396231651306152,9.974449157714844
0,0,0,0,31.916784286499023,12.448164939880371,9.974723815917969
0,0,0,0,31.877721786499023,12.4874267578125,9.974967956542969
0,0,0,0,31.825450897216797,12.539982795715332,9.975318908691406
0,0,0,0,31.772777557373047,12.592935562133789,9.975730895996094
0,0,0,0,31.746301651000977,12.619483947753906,9.975967407226562
0,0,0,0,31.70648765563965,12.65936279296875,9.976303100585938
0,0,0,0,31.653430938720703,12.712323188781738,9.976593017578125
0,0,0,0,31.613637924194336,12.752006530761719,9.976676940917969
0,0,0,0,31.573808670043945,12.791631698608398,9.976676940917969
0,0,0,0,31.52065086364746,12.844478607177734,9.976554870605469
0,0,0,0,31.480648040771484,12.884137153625488,9.976341247558594
0,0,0,0,31.440601348876953,12.923822402954102,9.976051330566406
0,0,0,0,31.38690757751465,12.976787567138672,9.975555419921875
0,0,0,0,31.34658432006836,13.016490936279297,9.975067138671875
0,0,0,0,31.306053161621094,13.056275367736816,9.974571228027344
0,0,0,0,31.251930236816406,13.109307289123535,9.973915100097656
0,0,0,0,31.211259841918945,13.14904499053955,9.973335266113281
0,0,0,0,31.170772552490234,13.188526153564453,9.972648620605469
0,0,0,0,31.116832733154297,13.241106033325195,9.971549987792969
0,0,0,0,31.076520919799805,13.280374526977539,9.970619201660156
0,0,0,0,31.03615379333496,13.319671630859375,9.969619750976562
0,0,0,0,30.982393264770508,13.371977806091309,9.968208312988281
0,0,0,0,30.942045211791992,13.411280632019043,9.967117309570312
0,0,0,0,30.901769638061523,13.450410842895508,9.96600341796875
0,0,0,0,30.84819793701172,13.50243854522705,9.964462280273438
0,0,0,0,30.808115005493164,13.541324615478516,9.963233947753906
0,0,0,0,30.76811981201172,13.580215454101562,9.961990356445312
0,0,0,0,30.714765548706055,13.632036209106445,9.960342407226562
0,0,0,0,30.67481231689453,13.670829772949219,9.959182739257812
0,0,0,0,30.63488006591797,13.709514617919922,9.958015441894531
0,0,0,0,30.5817928314209,13.760960578918457,9.95648193359375
0,0,0,0,30.54187774658203,13.799673080444336,9.955345153808594
0,0,0,0,30.502023696899414,13.838361740112305,9.954261779785156
0,0,0,0,30.44874382019043,13.889952659606934,9.952911376953125
0,0,0,0,30.408933639526367,13.928436279296875,9.951904296875
0,0,0,0,30.369050979614258,13.966995239257812,9.950897216796875
0,0,0,0,30.315906524658203,14.018372535705566,9.949607849121094
0,0,0,0,30.275943756103516,14.056990623474121,9.948646545410156
0,0,0,0,30.23599624633789,14.095527648925781,9.947677612304688
0,0,0,0,30.182605743408203,14.147054672241211,9.946441650390625
0,0,0,0,30.129131317138672,14.198579788208008,9.945350646972656
0,0,0,0,30.10245704650879,14.224284172058105,9.94482421875
0,0,0,0,30.049179077148438,14.275511741638184,9.943695068359375
0,0,0,0,30.009374618530273,14.313858032226562,9.942802429199219
0,0,0,0,29.969608306884766,14.352152824401855,9.941871643066406
0,0,0,0,29.91671371459961,14.403172492980957,9.940605163574219
0,0,0,0,29.87697410583496,14.44151496887207,9.93963623046875
0,0,0,0,29.83735466003418,14.479842185974121,9.938644409179688
0,0,0,0,29.784460067749023,14.53109359741211,9.937347412109375
0,0,0,0,29.744909286499023,14.569474220275879,9.936439514160156
0,0,0,0,29.70535659790039,14.607840538024902,9.935554504394531
0,0,0,0,29.652950286865234,14.658629417419434,9.93438720703125
0,0,0,0,29.613826751708984,14.69652271270752,9.933494567871094
0,0,0,0,29.574954986572266,14.734211921691895,9.932670593261719
0,0,0,0,29.52328109741211,14.784374237060547,9.931694030761719
0,0,0,0,29.484712600708008,14.821744918823242,9.931053161621094
0,0,0,0,29.446285247802734,14.859004974365234,9.930442810058594
0,0,0,0,29.39530372619629,14.90847110748291,9.929718017578125
0,0,0,0,29.35716438293457,14.945570945739746,9.929290771484375
0,0,0,0,29.319026947021484,14.982653617858887,9.928939819335938
0,0,0,0,29.26823616027832,15.032099723815918,9.928573608398438
0,0,0,0,29.23007583618164,15.069169044494629,9.928329467773438
0,0,0,0,29.191972732543945,15.106245040893555,9.928138732910156
0,0,0,0,29.14110565185547,15.15577220916748,9.927925109863281
0,0,0,0,29.10314178466797,15.192785263061523,9.927772521972656
0,0,0,0,29.065174102783203,15.229802131652832,9.927566528320312
0,0,0,0,29.014734268188477,15.279070854187012,9.927284240722656
0,0,0,0,28.976882934570312,15.316116333007812,9.927101135253906
0,0,0,0,28.93915367126465,15.353120803833008,9.92694091796875
0,0,0,0,28.888715744018555,15.402702331542969,9.926765441894531
0,0,0,0,28.850906372070312,15.439847946166992,9.926689147949219
0,0,0,0,28.813007354736328,15.477123260498047,9.926620483398438
0,0,0,0,28.762388229370117,15.526880264282227,9.926582336425781
0,0,0,0,28.724328994750977,15.564350128173828,9.926582336425781
0,0,0,0,28.68612289428711,15.601869583129883,9.926612854003906
0,0,0,0,28.63494300842285,15.652153968811035,9.926704406738281
0,0,0,0,28.596324920654297,15.690017700195312,9.926834106445312
0,0,0,0,28.557674407958984,15.727912902832031,9.926971435546875
0,0,0,0,28.5059871673584,15.778482437133789,9.927101135253906
0,0,0,0,28.46718406677246,15.816431999206543,9.927230834960938
0,0,0,0,28.428180694580078,15.854504585266113,9.927360534667969
0,0,0,0,28.376169204711914,15.905279159545898,9.927536010742188
0,0,0,0,28.337011337280273,15.943452835083008,9.927604675292969
0,0,0,0,28.29783821105957,15.981616020202637,9.927627563476562
0,0,0,0,28.245258331298828,16.032772064208984,9.927513122558594
0,0,0,0,28.20569610595703,16.071182250976562,9.927391052246094
0,0,0,0,28.165897369384766,16.109769821166992,9.927223205566406
0,0,0,0,28.112640380859375,16.16128921508789,9.927009582519531
0,0,0,0,28.072463989257812,16.200132369995117,9.926826477050781
0,0,0,0,28.032106399536133,16.239091873168945,9.926704406738281
0,0,0,0,27.97808074951172,16.291194915771484,9.926559448242188
0,0,0,0,27.93758773803711,16.3300838470459,9.926399230957031
0,0,0,0,27.89714813232422,16.368919372558594,9.926231384277344
0,0,0,0,27.84326171875,16.420618057250977,9.925926208496094
0,0,0,0,27.80302619934082,16.459264755249023,9.925605773925781
0,0,0,0,27.762781143188477,16.49789047241211,9.925224304199219
0,0,0,0,27.709327697753906,16.549297332763672,9.924629211425781
0,0,0,0,27.669240951538086,16.587827682495117,9.924079895019531
0,0,0,0,27.629276275634766,16.626230239868164,9.923477172851562
0,0,0,0,27.5758113861084,16.677574157714844,9.922660827636719
0,0,0,0,27.535703659057617,16.71611213684082,9.922027587890625
0,0,0,0,27.49538230895996,16.754802703857422,9.92132568359375
0,0,0,0,27.441492080688477,16.80640411376953,9.920387268066406
0,0,0,0,27.40087127685547,16.84527015686035,9.919784545898438
0,0,0,0,27.360279083251953,16.884042739868164,9.919197082519531
0,0,0,0,27.306201934814453,16.93570327758789,9.918380737304688
0,0,0,0,27.265689849853516,16.974384307861328,9.917747497558594
0,0,0,0,27.225173950195312,17.01309585571289,9.9171142578125
0,0,0,0,27.17132568359375,17.06450653076172,9.916229248046875
0,0,0,0,27.13117218017578,17.102869033813477,9.915504455566406
0,0,0,0,27.09109115600586,17.14109992980957,9.914718627929688
0,0,0,0,27.037851333618164,17.192007064819336,9.913612365722656
0,0,0,0,26.997922897338867,17.230173110961914,9.912818908691406
0,0,0,0,26.958187103271484,17.268146514892578,9.912002563476562
0,0,0,0,26.90528678894043,17.31861686706543,9.910820007324219
0,0,0,0,26.86580467224121,17.35631561279297,9.909843444824219
0,0,0,0,26.8262939453125,17.39404296875,9.9088134765625
0,0,0,0,26.773681640625,17.444299697875977,9.907356262207031
0,0,0,0,26.73405647277832,17.482112884521484,9.906204223632812
0,0,0,0,26.694395065307617,17.519929885864258,9.905006408691406
0,0,0,0,26.641204833984375,17.570613861083984,9.903358459472656
0,0,0,0,26.60112762451172,17.608713150024414,9.902145385742188
0,0,0,0,26.56090545654297,17.64699935913086,9.900985717773438
0,0,0,0,26.50713348388672,17.69805145263672,9.89947509765625
0,0,0,0,26.466751098632812,17.736387252807617,9.898353576660156
0,0,0,0,26.426271438598633,17.774728775024414,9.89727783203125
0,0,0,0,26.37224578857422,17.825973510742188,9.895896911621094
0,0,0,0,26.33161735534668,17.864503860473633,9.894927978515625
0,0,0,0,26.29107093811035,17.903093338012695,9.894004821777344
0,0,0,0,26.236995697021484,17.954694747924805,9.892890930175781
0,0,0,0,26.196603775024414,17.99336814880371,9.892143249511719
0,0,0,0,26.1562442779541,18.03202247619629,9.891441345214844
0,0,0,0,26.102811813354492,18.083362579345703,9.890541076660156
0,0,0,0,26.062883377075195,18.121904373168945,9.889869689941406
0,0,0,0,26.023239135742188,18.160306930541992,9.889213562011719
0,0,0,0,25.97052764892578,18.211593627929688,9.888412475585938
0,0,0,0,25.93115997314453,18.25004768371582,9.887893676757812
0,0,0,0,25.8918399810791,18.288650512695312,9.887420654296875
0,0,0,0,25.83955192565918,18.3402042388916,9.886878967285156
0,0,0,0,25.800403594970703,18.379135131835938,9.886627197265625
0,0,0,0,25.761402130126953,18.418031692504883,9.886451721191406
0,0,0,0,25.709688186645508,18.4698486328125,9.886268615722656
0,0,0,0,25.671058654785156,18.508750915527344,9.886177062988281
0,0,0,0,25.632659912109375,18.547739028930664,9.8861083984375
0,0,0,0,25.58165740966797,18.59979248046875,9.886032104492188
0,0,0,0,25.543642044067383,18.63889503479004,9.885948181152344
0,0,0,0,25.505680084228516,18.678173065185547,9.885871887207031
0,0,0,0,25.45533561706543,18.730758666992188,9.885818481445312
0,0,0,0,25.41762924194336,18.770450592041016,9.885787963867188
0,0,0,0,25.3801326751709,18.810211181640625,9.8857421875
0,0,0,0,25.330183029174805,18.86357307434082,9.885696411132812
0,0,0,0,25.292879104614258,18.903675079345703,9.885604858398438
0,0,0,0,25.255586624145508,18.944021224975586,9.885482788085938
0,0,0,0,25.20612907409668,18.997909545898438,9.885276794433594
0,0,0,0,25.16914939880371,19.03853988647461,9.885040283203125
0,0,0,0,25.13230323791504,19.07925033569336,9.884803771972656
0,0,0,0,25.08322525024414,19.133834838867188,9.884529113769531
0,0,0,0,25.04651641845703,19.17486572265625,9.884422302246094
0,0,0,0,25.01005744934082,19.215801239013672,9.884292602539062
0,0,0,0,24.96177864074707,19.27013397216797,9.884017944335938
0,0,0,0,24.92576789855957,19.310909271240234,9.883758544921875
0,0,0,0,24.889719009399414,19.351869583129883,9.883491516113281
0,0,0,0,24.84184455871582,19.406583786010742,9.883102416992188
0,0,0,0,24.805944442749023,19.44772720336914,9.882743835449219
0,0,0,0,24.770206451416016,19.488887786865234,9.882308959960938
0,0,0,0,24.72248077392578,19.543996810913086,9.88165283203125
0,0,0,0,24.686805725097656,19.585302352905273,9.88116455078125
0,0,0,0,24.651185989379883,19.626598358154297,9.880630493164062
0,0,0,0,24.604061126708984,19.681360244750977,9.879791259765625
0,0,0,0,24.568801879882812,19.72248077392578,9.879013061523438
0,0,0,0,24.533674240112305,19.76352310180664,9.87811279296875
0,0,0,0,24.486785888671875,19.818361282348633,9.876701354980469
0,0,0,0,24.45163345336914,19.859535217285156,9.875480651855469
0,0,0,0,24.416473388671875,19.900856018066406,9.874061584472656
0,0,0,0,24.36953353881836,19.956092834472656,9.872001647949219
0,0,0,0,24.334274291992188,19.997699737548828,9.870384216308594
0,0,0,0,24.298959732055664,20.039306640625,9.868675231933594
0,0,0,0,24.252079010009766,20.094627380371094,9.8662109375
0,0,0,0,24.21693992614746,20.13608741760254,9.864234924316406
0,0,0,0,24.18191146850586,20.177480697631836,9.862220764160156
0,0,0,0,24.1351318359375,20.232694625854492,9.859466552734375
0,0,0,0,24.100101470947266,20.274003982543945,9.857330322265625
0,0,0,0,24.064910888671875,20.3154239654541,9.855117797851562
0,0,0,0,24.017963409423828,20.370695114135742,9.852104187011719
0,0,0,0,23.982561111450195,20.412353515625,9.849769592285156
0,0,0,0,23.94706916809082,20.453998565673828,9.847366333007812
0,0,0,0,23.899477005004883,20.509700775146484,9.844146728515625
0,0,0,0,23.863698959350586,20.551454544067383,9.841682434082031
0,0,0,0,23.82777976989746,20.593338012695312,9.8392333984375
0,0,0,0,23.779741287231445,20.649187088012695,9.836029052734375
0,0,0,0,23.743616104125977,20.691112518310547,9.833633422851562
0,0,0,0,23.707345962524414,20.733028411865234,9.831260681152344
0,0,0,0,23.658817291259766,20.788982391357422,9.828170776367188
0,0,0,0,23.62215805053711,20.831029891967773,9.825904846191406
0,0,0,0,23.585371017456055,20.873111724853516,9.823783874511719
0,0,0,0,23.53609848022461,20.929210662841797,9.821266174316406
0,0,0,0,23.499290466308594,20.970966339111328,9.8194580078125
0,0,0,0,23.462440490722656,21.01255989074707,9.817649841308594
0,0,0,0,23.413347244262695,21.06786346435547,9.8153076171875
0,0,0,0,23.37638282775879,21.109411239624023,9.813606262207031
0,0,0,0,23.33943748474121,21.150815963745117,9.811943054199219
0,0,0,0,23.289939880371094,21.20607566833496,9.809829711914062
0,0,0,0,23.252763748168945,21.2474308013916,9.808334350585938
0,0,0,0,23.21543312072754,21.288864135742188,9.806961059570312
0,0,0,0,23.16556739807129,21.343982696533203,9.805343627929688
0,0,0,0,23.12816047668457,21.385122299194336,9.804183959960938
0,0,0,0,23.090795516967773,21.425996780395508,9.80303955078125
0,0,0,0,23.040903091430664,21.480417251586914,9.801567077636719
0,0,0,0,23.003332138061523,21.521194458007812,9.800537109375
0,0,0,0,22.96571922302246,21.561904907226562,9.799545288085938
0,0,0,0,22.9152774810791,21.616188049316406,9.798301696777344
0,0,0,0,22.87729263305664,21.65692138671875,9.797492980957031
0,0,0,0,22.839054107666016,21.69767189025879,9.796730041503906
0,0,0,0,22.787979125976562,21.751901626586914,9.7957763671875
0,0,0,0,22.74943733215332,21.79265785217285,9.795097351074219
0,0,0,0,22.710824966430664,21.833396911621094,9.794456481933594
0,0,0,0,22.659000396728516,21.88788604736328,9.793632507324219
0,0,0,0,22.62002182006836,21.928730010986328,9.79302978515625
0,0,0,0,22.580820083618164,21.96965789794922,9.792411804199219
0,0,0,0,22.52837562561035,22.024173736572266,9.791641235351562
0,0,0,0,22.48882484436035,22.06515884399414,9.791084289550781
0,0,0,0,22.449190139770508,22.106016159057617,9.790557861328125
0,0,0,0,22.396127700805664,22.1605224609375,9.789848327636719
0,0,0,0,22.356142044067383,22.201366424560547,9.789352416992188
0,0,0,0,22.31604766845703,22.242233276367188,9.788909912109375
0,0,0,0,22.262409210205078,22.296680450439453,9.788345336914062
0,0,0,0,22.222129821777344,22.337465286254883,9.787948608398438
0,0,0,0,22.18166732788086,22.378215789794922,9.787574768066406
0,0,0,0,22.127614974975586,22.432470321655273,9.787078857421875
0,0,0,0,22.08684539794922,22.473146438598633,9.786727905273438
0,0,0,0,22.046051025390625,22.513687133789062,9.786430358886719
0,0,0,0,21.991411209106445,22.5676212310791,9.786117553710938
0,0,0,0,21.950471878051758,22.607784271240234,9.785896301269531
0,0,0,0,21.909385681152344,22.64783477783203,9.785667419433594
0,0,0,0,21.85460662841797,22.70087432861328,9.785423278808594
0,0,0,0,21.81342315673828,22.74045181274414,9.785247802734375
0,0,0,0,21.772260665893555,22.779708862304688,9.785102844238281
0,0,0,0,21.71717071533203,22.83182144165039,9.78497314453125
0,0,0,0,21.675729751586914,22.870563507080078,9.784942626953125
0,0,0,0,21.634199142456055,22.909059524536133,9.784927368164062
0,0,0,0,21.578716278076172,22.959836959838867,9.784919738769531
0,0,0,0,21.537097930908203,22.99748420715332,9.784873962402344
0,0,0,0,21.495386123657227,23.0347843170166,9.784805297851562
0,0,0,0,21.43970489501953,23.083984375,9.784759521484375
0,0,0,0,21.397851943969727,23.120468139648438,9.784751892089844
0,0,0,0,21.356197357177734,23.156431198120117,9.784698486328125
0,0,0,0,21.3007869720459,23.20370864868164,9.784561157226562
0,0,0,0,21.259414672851562,23.23862075805664,9.784423828125
0,0,0,0,21.217941284179688,23.273237228393555,9.784317016601562
0,0,0,0,21.162626266479492,23.318729400634766,9.784286499023438
0,0,0,0,21.120975494384766,23.352493286132812,9.784317016601562
0,0,0,0,21.079252243041992,23.385839462280273,9.784385681152344
0,0,0,0,21.02322006225586,23.429893493652344,9.784637451171875
0,0,0,0,20.981077194213867,23.462438583374023,9.784904479980469
0,0,0,0,20.938798904418945,23.494670867919922,9.785240173339844
0,0,0,0,20.882295608520508,23.53702163696289,9.785820007324219
0,0,0,0,20.83987045288086,23.56842803955078,9.786323547363281
0,0,0,0,20.79739761352539,23.599475860595703,9.786842346191406
0,0,0,0,20.74077033996582,23.640438079833984,9.787490844726562
0,0,0,0,20.698116302490234,23.670942306518555,9.787994384765625
0,0,0,0,20.655282974243164,23.701322555541992,9.78857421875
0,0,0,0,20.597700119018555,23.741676330566406,9.789382934570312
0,0,0,0,20.55434226989746,23.7717227935791,9.789985656738281
0,0,0,0,20.510725021362305,23.80173683166504,9.79058837890625
0,0,0,0,20.452381134033203,23.841585159301758,9.791358947753906
0,0,0,0,20.408313751220703,23.871423721313477,9.79193115234375
0,0,0,0,20.36418914794922,23.901039123535156,9.792526245117188
0,0,0,0,20.30520248413086,23.940359115600586,9.793350219726562
0,0,0,0,20.261226654052734,23.96943473815918,9.793869018554688
0,0,0,0,20.217355728149414,23.99829864501953,9.794281005859375
0,0,0,0,20.158931732177734,24.036537170410156,9.794731140136719
0,0,0,0,20.114971160888672,24.065183639526367,9.795066833496094
0,0,0,0,20.07093048095703,24.09368324279785,9.795379638671875
0,0,0,0,20.012075424194336,24.131620407104492,9.7957763671875
0,0,0,0,19.96778106689453,24.160009384155273,9.796119689941406
0,0,0,0,19.923511505126953,24.18832778930664,9.796463012695312
0,0,0,0,19.864316940307617,24.22604751586914,9.796981811523438
0,0,0,0,19.819822311401367,24.25440788269043,9.797416687011719
0,0,0,0,19.775035858154297,24.2829532623291,9.797943115234375
0,0,0,0,19.715085983276367,24.321081161499023,9.798751831054688
0,0,0,0,19.66986656188965,24.34982681274414,9.799423217773438
0,0,0,0,19.624610900878906,24.378568649291992,9.800125122070312
0,0,0,0,19.56405258178711,24.417001724243164,9.801078796386719
0,0,0,0,19.51871681213379,24.44573974609375,9.801773071289062
0,0,0,0,19.473373413085938,24.474586486816406,9.802406311035156
0,0,0,0,19.41307258605957,24.51296615600586,9.803199768066406
0,0,0,0,19.367918014526367,24.54179573059082,9.803810119628906
0,0,0,0,19.32294273376465,24.57044792175293,9.804466247558594
0,0,0,0,19.263404846191406,24.608436584472656,9.805335998535156
0,0,0,0,19.21915054321289,24.636613845825195,9.806015014648438
0,0,0,0,19.17530059814453,24.664579391479492,9.80670166015625
0,0,0,0,19.117170333862305,24.7016544342041,9.807655334472656
0,0,0,0,19.07375144958496,24.729415893554688,9.808464050292969
0,0,0,0,19.03040313720703,24.75709342956543,9.809280395507812
0,0,0,0,18.972959518432617,24.7938289642334,9.810333251953125
0,0,0,0,18.9299373626709,24.821388244628906,9.811065673828125
0,0,0,0,18.887062072753906,24.84889030456543,9.811790466308594
0,0,0,0,18.82973861694336,24.88570785522461,9.812744140625
0,0,0,0,18.786672592163086,24.913408279418945,9.813468933105469
0,0,0,0,18.743309020996094,24.94137954711914,9.814201354980469
0,0,0,0,18.685100555419922,24.978923797607422,9.815200805664062
0,0,0,0,18.64095687866211,25.007471084594727,9.815986633300781
0,0,0,0,18.596481323242188,25.036205291748047,9.816825866699219
0,0,0,0,18.536516189575195,25.07504653930664,9.818008422851562
0,0,0,0,18.491130828857422,25.10443687438965,9.81890869140625
0,0,0,0,18.445369720458984,25.134157180786133,9.81982421875
0,0,0,0,18.38385772705078,25.174142837524414,9.821029663085938
0,0,0,0,18.337392807006836,25.20444679260254,9.821884155273438
0,0,0,0,18.290597915649414,25.234996795654297,9.822662353515625
0,0,0,0,18.227880477905273,25.276025772094727,9.823577880859375
0,0,0,0,18.180526733398438,25.30701446533203,9.82415771484375
0,0,0,0,18.133073806762695,25.33810043334961,9.824699401855469
0,0,0,0,18.069469451904297,25.37982940673828,9.825271606445312
0,0,0,0,18.02172088623047,25.411205291748047,9.825614929199219
0,0,0,0,17.973730087280273,25.442779541015625,9.825820922851562
0,0,0,0,17.9096736907959,25.484962463378906,9.825981140136719
0,0,0,0,17.861452102661133,25.516746520996094,9.826034545898438
0,0,0,0,17.813222885131836,25.54851722717285,9.826034545898438
0,0,0,0,17.748748779296875,25.591114044189453,9.82598876953125
0,0,0,0,17.700374603271484,25.623117446899414,9.825958251953125
0,0,0,0,17.651975631713867,25.6552677154541,9.825897216796875
0,0,0,0,17.58745765686035,25.698110580444336,9.825775146484375
0,0,0,0,17.5390567779541,25.73031234741211,9.825698852539062
0,0,0,0,17.490610122680664,25.762514114379883,9.825645446777344
0,0,0,0,17.426013946533203,25.805509567260742,9.825668334960938
0,0,0,0,17.377517700195312,25.837783813476562,9.825775146484375
0,0,0,0,17.3291072845459,25.870071411132812,9.825973510742188
0,0,0,0,17.26453399658203,25.913198471069336,9.826408386230469
0,0,0,0,17.216171264648438,25.945531845092773,9.826858520507812
0,0,0,0,17.167673110961914,25.977943420410156,9.827384948730469
0,0,0,0,17.103118896484375,26.021047592163086,9.828262329101562
0,0,0,0,17.05463981628418,26.05342674255371,9.829032897949219
0,0,0,0,17.006200790405273,26.08574104309082,9.829887390136719
0,0,0,0,16.941497802734375,26.12895965576172,9.831146240234375
0,0,0,0,16.892995834350586,26.161314010620117,9.832183837890625
0,0,0,0,16.844419479370117,26.19375228881836,9.833290100097656
0,0,0,0,16.77974510192871,26.23693084716797,9.834907531738281
0,0,0,0,16.731260299682617,26.26935577392578,9.836181640625
0,0,0,0,16.682804107666016,26.30169677734375,9.837493896484375
0,0,0,0,16.618297576904297,26.344844818115234,9.839225769042969
0,0,0,0,16.56992530822754,26.377178192138672,9.840492248535156
0,0,0,0,16.521621704101562,26.409521102905273,9.841720581054688
0,0,0,0,16.457124710083008,26.452617645263672,9.84326171875
0,0,0,0,16.4088191986084,26.484905242919922,9.844390869140625
0,0,0,0,16.36048698425293,26.51718521118164,9.845489501953125
0,0,0,0,16.296300888061523,26.560039520263672,9.846908569335938
0,0,0,0,16.24827766418457,26.59209442138672,9.847969055175781
0,0,0,0,16.200639724731445,26.6238956451416,9.849014282226562
0,0,0,0,16.137611389160156,26.665952682495117,9.850296020507812
0,0,0,0,16.090957641601562,26.69701385498047,9.85113525390625
0,0,0,0,16.0447998046875,26.727752685546875,9.851875305175781
0,0,0,0,15.984319686889648,26.767953872680664,9.85272216796875
0,0,0,0,15.939778327941895,26.797607421875,9.853256225585938
0,0,0,0,15.896114349365234,26.826616287231445,9.853660583496094
0,0,0,0,15.83929443359375,26.864397048950195,9.85394287109375
0,0,0,0,15.797833442687988,26.89193344116211,9.853965759277344
0,0,0,0,15.757460594177246,26.91875648498535,9.853836059570312
0,0,0,0,15.705385208129883,26.953285217285156,9.853431701660156
0,0,0,0,15.667754173278809,26.978260040283203,9.85296630859375
0,0,0,0,15.631271362304688,27.0024471282959,9.852401733398438
0,0,0,0,15.584654808044434,27.033348083496094,9.851448059082031
0,0,0,0,15.551032066345215,27.055631637573242,9.850692749023438
0,0,0,0,15.518733024597168,27.076995849609375,9.849784851074219
0,0,0,0,15.478109359741211,27.102920532226562,9.848152160644531
0,0,0,0,15.450056076049805,27.11952018737793,9.846214294433594
0,0,0,0,15.424140930175781,27.133499145507812,9.843597412109375
0,0,0,0,15.393454551696777,27.147483825683594,9.8387451171875
0,0,0,0,15.373407363891602,27.1543025970459,9.833992004394531
0,0,0,0,15.35607624053955,27.157691955566406,9.828178405761719
0,0,0,0,15.337197303771973,27.157054901123047,9.819053649902344
0,0,0,0,15.326322555541992,27.15258026123047,9.811241149902344
0,0,0,0,15.318215370178223,27.144752502441406,9.802711486816406
0,0,0,0,15.311779975891113,27.1289005279541,9.790550231933594
0,0,0,0,15.310322761535645,27.11296272277832,9.781303405761719
0,0,0,0,15.311710357666016,27.09360122680664,9.772209167480469
0,0,0,0,15.318161010742188,27.06282615661621,9.760673522949219
0,0,0,0,15.326404571533203,27.036333084106445,9.752777099609375
0,0,0,0,15.337742805480957,27.007061004638672,9.745635986328125
0,0,0,0,15.357450485229492,26.96416664123535,9.737602233886719
0,0,0,0,15.375507354736328,26.929468154907227,9.731788635253906
0,0,0,0,15.395390510559082,26.89348030090332,9.723945617675781
0,0,0,0,15.424844741821289,26.84413719177246,9.713211059570312
0,0,0,0,15.448616981506348,26.80685806274414,9.705429077148438
0,0,0,0,15.473825454711914,26.769039154052734,9.697013854980469
0,0,0,0,15.508957862854004,26.71872901916504,9.685142517089844
0,0,0,0,15.536090850830078,26.682050704956055,9.678237915039062
0,0,0,0,15.563263893127441,26.64699363708496,9.673362731933594
0,0,0,0,15.598877906799316,26.603139877319336,9.670135498046875
0,0,0,0,15.624585151672363,26.57286262512207,9.669296264648438
0,0,0,0,15.64932918548584,26.544458389282227,9.666938781738281
0,0,0,0,15.681214332580566,26.509151458740234,9.663131713867188
0,0,0,0,15.70464038848877,26.48393440246582,9.659133911132812
0,0,0,0,15.727413177490234,26.46034049987793,9.655754089355469
0,0,0,0,15.756141662597656,26.431941986083984,9.653358459472656
0,0,0,0,15.776660919189453,26.412487030029297,9.652114868164062
0,0,0,0,15.796453475952148,26.394235610961914,9.651618957519531
0,0,0,0,15.82230281829834,26.371225357055664,9.650955200195312
0,0,0,0,15.840782165527344,26.35565185546875,9.652183532714844
0,0,0,0,15.858535766601562,26.341503143310547,9.655303955078125
0,0,0,0,15.881261825561523,26.324420928955078,9.662200927734375
0,0,0,0,15.897912979125977,26.312631607055664,9.669219970703125
0,0,0,0,15.914118766784668,26.301918029785156,9.677543640136719
0,0,0,0,15.935209274291992,26.28891944885254,9.690582275390625
0,0,0,0,15.950640678405762,26.279996871948242,9.701622009277344
0,0,0,0,15.96588134765625,26.27155303955078,9.713394165039062
0,0,0,0,15.986065864562988,26.260873794555664,9.729949951171875
0,0,0,0,16.001235961914062,26.25299835205078,9.742446899414062
0,0,0,0,16.016525268554688,26.245141983032227,9.754798889160156
0,0,0,0,16.037134170532227,26.23444938659668,9.770820617675781
0,0,0,0,16.052980422973633,26.226116180419922,9.782157897949219
0,0,0,0,16.069128036499023,26.21745491027832,9.792778015136719
0,0,0,0,16.091386795043945,26.205163955688477,9.805740356445312
0,0,0,0,16.108427047729492,26.195520401000977,9.814529418945312
0,0,0,0,16.12584686279297,26.18544578552246,9.822494506835938
0,0,0,0,16.149477005004883,26.171470642089844,9.831825256347656
0,0,0,0,16.1677188873291,26.16033935546875,9.837799072265625
0,0,0,0,16.18628692626953,26.148794174194336,9.842964172363281
0,0,0,0,16.21177864074707,26.132564544677734,9.848648071289062
0,0,0,0,16.231327056884766,26.119871139526367,9.852096557617188
0,0,0,0,16.251327514648438,26.106557846069336,9.854835510253906
0,0,0,0,16.278663635253906,26.088115692138672,9.857521057128906
0,0,0,0,16.299684524536133,26.073686599731445,9.858863830566406
0,0,0,0,16.321331024169922,26.058650970458984,9.859535217285156
0,0,0,0,16.351688385009766,26.03708267211914,9.859123229980469
0,0,0,0,16.375940322875977,26.019651412963867,9.858039855957031
0,0,0,0,16.401336669921875,26.001235961914062,9.856391906738281
0,0,0,0,16.436939239501953,25.975296020507812,9.853507995605469
0,0,0,0,16.464740753173828,25.954862594604492,9.850982666015625
0,0,0,0,16.49355697631836,25.933584213256836,9.848220825195312
0,0,0,0,16.533123016357422,25.904264450073242,9.844367980957031
0,0,0,0,16.56366539001465,25.881608963012695,9.841445922851562
0,0,0,0,16.59477424621582,25.858488082885742,9.838539123535156
0,0,0,0,16.637422561645508,25.826841354370117,9.83465576171875
0,0,0,0,16.67005157470703,25.802690505981445,9.831817626953125
0,0,0,0,16.703283309936523,25.778074264526367,9.829032897949219
0,0,0,0,16.748411178588867,25.744670867919922,9.825416564941406
0,0,0,0,16.78299331665039,25.719051361083984,9.82275390625
0,0,0,0,16.818098068237305,25.693164825439453,9.820182800292969
0,0,0,0,16.865482330322266,25.658199310302734,9.816963195800781
0,0,0,0,16.901262283325195,25.631793975830078,9.814689636230469
0,0,0,0,16.937305450439453,25.605144500732422,9.812446594238281
0,0,0,0,16.986003875732422,25.569171905517578,9.809326171875
0,0,0,0,17.022857666015625,25.54195213317871,9.806892395019531
0,0,0,0,17.060123443603516,25.51451873779297,9.804344177246094
0,0,0,0,17.11033058166504,25.477678298950195,9.800697326660156
0,0,0,0,17.148536682128906,25.44979476928711,9.797752380371094
0,0,0,0,17.18707275390625,25.421865463256836,9.794654846191406
0,0,0,0,17.239177703857422,25.384464263916016,9.790313720703125
0,0,0,0,17.278593063354492,25.356477737426758,9.786911010742188
0,0,0,0,17.318506240844727,25.328351974487305,9.783340454101562
0,0,0,0,17.372333526611328,25.290870666503906,9.778327941894531
0,0,0,0,17.41326332092285,25.262601852416992,9.774429321289062
0,0,0,0,17.454547882080078,25.234365463256836,9.770416259765625
0,0,0,0,17.510194778442383,25.196617126464844,9.764930725097656
0,0,0,0,17.552284240722656,25.16834259033203,9.760765075683594
0,0,0,0,17.594654083251953,25.139995574951172,9.756584167480469
0,0,0,0,17.651573181152344,25.102258682250977,9.751045227050781
0,0,0,0,17.694486618041992,25.073970794677734,9.7469482421875
0,0,0,0,17.737667083740234,25.045726776123047,9.742897033691406
0,0,0,0,17.7955322265625,25.00815200805664,9.73760986328125
0,0,0,0,17.839277267456055,24.979995727539062,9.733726501464844
0,0,0,0,17.883136749267578,24.951995849609375,9.72991943359375
0,0,0,0,17.94196891784668,24.914812088012695,9.725006103515625
0,0,0,0,17.9862060546875,24.88715934753418,9.721443176269531
0,0,0,0,18.030698776245117,24.859594345092773,9.71795654296875
0,0,0,0,18.09018898010254,24.823165893554688,9.713386535644531
0,0,0,0,18.135068893432617,24.79596710205078,9.710052490234375
0,0,0,0,18.180110931396484,24.76896095275879,9.706748962402344
0,0,0,0,18.240585327148438,24.73308563232422,9.702384948730469
0,0,0,0,18.28602409362793,24.70645523071289,9.699180603027344
0,0,0,0,18.331586837768555,24.679931640625,9.696052551269531
0,0,0,0,18.392417907714844,24.644859313964844,9.692070007324219
0,0,0,0,18.438093185424805,24.61866569519043,9.689247131347656
0,0,0,0,18.483932495117188,24.592561721801758,9.686515808105469
0,0,0,0,18.545265197753906,24.557804107666016,9.6829833984375
0,0,0,0,18.591394424438477,24.531896591186523,9.680458068847656
0,0,0,0,18.637453079223633,24.50617790222168,9.678016662597656
0,0,0,0,18.698976516723633,24.47201919555664,9.67486572265625
0,0,0,0,18.74505043029785,24.44658851623535,9.672561645507812
0,0,0,0,18.791231155395508,24.421249389648438,9.670326232910156
0,0,0,0,18.852712631225586,24.387727737426758,9.667434692382812
0,0,0,0,18.898874282836914,24.362581253051758,9.665328979492188
0,0,0,0,18.944927215576172,24.337575912475586,9.663276672363281
0,0,0,0,19.006410598754883,24.304275512695312,9.660606384277344
0,0,0,0,19.05240821838379,24.279455184936523,9.658721923828125
0,0,0,0,19.098411560058594,24.254589080810547,9.656883239746094
0,0,0,0,19.15967559814453,24.221567153930664,9.654457092285156
0,0,0,0,19.20557403564453,24.196813583374023,9.652679443359375
0,0,0,0,19.25145721435547,24.172086715698242,9.650909423828125
0,0,0,0,19.312753677368164,24.138973236083984,9.648574829101562
0,0,0,0,19.358848571777344,24.1141357421875,9.646781921386719
0,0,0,0,19.404890060424805,24.089311599731445,9.645004272460938
0,0,0,0,19.466331481933594,24.05620574951172,9.6427001953125
0,0,0,0,19.512447357177734,24.031354904174805,9.640953063964844
0,0,0,0,19.558767318725586,24.006418228149414,9.639175415039062
0,0,0,0,19.62057113647461,23.973217010498047,9.636787414550781
0,0,0,0,19.667110443115234,23.948226928710938,9.634986877441406
0,0,0,0,19.71366310119629,23.923297882080078,9.6331787109375
0,0,0,0,19.7759952545166,23.88994598388672,9.630729675292969
0,0,0,0,19.82274055480957,23.865039825439453,9.628883361816406
0,0,0,0,19.86956024169922,23.840110778808594,9.627037048339844
0,0,0,0,19.931751251220703,23.80710220336914,9.624656677246094
0,0,0,0,19.97823143005371,23.782398223876953,9.62298583984375
0,0,0,0,20.024566650390625,23.757843017578125,9.62139892578125
0,0,0,0,20.08638572692871,23.724987030029297,9.619331359863281
0,0,0,0,20.13290023803711,23.700294494628906,9.6177978515625
0,0,0,0,20.179433822631836,23.675575256347656,9.616287231445312
0,0,0,0,20.24165916442871,23.64258575439453,9.614326477050781
0,0,0,0,20.28840446472168,23.617753982543945,9.612823486328125
0,0,0,0,20.33513832092285,23.592975616455078,9.611358642578125
0,0,0,0,20.39703369140625,23.560226440429688,9.609603881835938
0,0,0,0,20.443342208862305,23.535701751708984,9.608299255371094
0,0,0,0,20.489482879638672,23.511249542236328,9.606956481933594
0,0,0,0,20.550983428955078,23.47860336303711,9.605072021484375
0,0,0,0,20.596899032592773,23.45424461364746,9.603584289550781
0,0,0,0,20.64278793334961,23.429847717285156,9.601997375488281
0,0,0,0,20.703554153442383,23.397541046142578,9.599800109863281
0,0,0,0,20.748868942260742,23.373374938964844,9.598075866699219
0,0,0,0,20.793832778930664,23.349369049072266,9.596275329589844
0,0,0,0,20.853517532348633,23.317249298095703,9.593795776367188
0,0,0,0,20.898160934448242,23.29299545288086,9.591796875
0,0,0,0,20.94281005859375,23.26844024658203,9.58966064453125
0,0,0,0,21.00234031677246,23.235395431518555,9.586593627929688
0,0,0,0,21.04698371887207,23.21029281616211,9.584136962890625
0,0,0,0,21.09172821044922,23.184864044189453,9.581550598144531
0,0,0,0,21.151369094848633,23.150434494018555,9.57794189453125
0,0,0,0,21.196186065673828,23.12421417236328,9.575180053710938
0,0,0,0,21.240848541259766,23.097736358642578,9.572402954101562
0,0,0,0,21.300378799438477,23.061861038208008,9.568763732910156
0,0,0,0,21.344907760620117,23.034446716308594,9.566009521484375
0,0,0,0,21.38947868347168,23.006513595581055,9.563201904296875
0,0,0,0,21.44849395751953,22.96894645690918,9.55950927734375
0,0,0,0,21.492488861083984,22.940431594848633,9.556961059570312
0,0,0,0,21.536191940307617,22.911590576171875,9.554611206054688
0,0,0,0,21.594350814819336,22.872270584106445,9.551643371582031
0,0,0,0,21.637815475463867,22.842266082763672,9.549568176269531
0,0,0,0,21.68117332458496,22.811704635620117,9.547660827636719
0,0,0,0,21.738649368286133,22.770233154296875,9.545356750488281
0,0,0,0,21.781518936157227,22.738449096679688,9.54376220703125
0,0,0,0,21.824251174926758,22.706125259399414,9.542312622070312
0,0,0,0,21.881013870239258,22.662057876586914,9.540611267089844
0,0,0,0,21.9234561920166,22.62826919555664,9.539451599121094
0,0,0,0,21.965553283691406,22.593996047973633,9.538475036621094
0,0,0,0,22.021347045898438,22.547443389892578,9.537445068359375
0,0,0,0,22.062843322753906,22.51184844970703,9.536811828613281
0,0,0,0,22.104127883911133,22.47573471069336,9.536300659179688
0,0,0,0,22.158464431762695,22.42715072631836,9.535812377929688
0,0,0,0,22.19877815246582,22.39032554626465,9.535636901855469
0,0,0,0,22.238508224487305,22.353363037109375,9.535598754882812
0,0,0,0,22.290760040283203,22.303691864013672,9.535713195800781
0,0,0,0,22.329280853271484,22.26633071899414,9.53594970703125
0,0,0,0,22.367345809936523,22.22872543334961,9.536308288574219
0,0,0,0,22.417236328125,22.178455352783203,9.536972045898438
0,0,0,0,22.454072952270508,22.140575408935547,9.537582397460938
0,0,0,0,22.490427017211914,22.10262680053711,9.538330078125
0,0,0,0,22.538156509399414,22.051836013793945,9.539451599121094
0,0,0,0,22.573427200317383,22.01363754272461,9.54034423828125
0,0,0,0,22.608171463012695,21.975290298461914,9.541259765625
0,0,0,0,22.65386199951172,21.923934936523438,9.542510986328125
0,0,0,0,22.68756866455078,21.8852596282959,9.54345703125
0,0,0,0,22.720914840698242,21.846498489379883,9.544540405273438
0,0,0,0,22.764652252197266,21.794708251953125,9.546150207519531
0,0,0,0,22.797136306762695,21.755599975585938,9.547317504882812
0,0,0,0,22.82913589477539,21.716541290283203,9.548484802246094
0,0,0,0,22.87125587463379,21.66449546813965,9.550117492675781
0,0,0,0,22.902297973632812,21.625530242919922,9.55145263671875
0,0,0,0,22.933069229125977,21.586380004882812,9.552848815917969
0,0,0,0,22.97364616394043,21.533958435058594,9.554740905761719
0,0,0,0,23.0039005279541,21.494300842285156,9.556083679199219
0,0,0,0,23.033903121948242,21.454565048217773,9.557357788085938
0,0,0,0,23.073505401611328,21.40155601501465,9.559066772460938
0,0,0,0,23.102869033813477,21.361841201782227,9.560417175292969
0,0,0,0,23.131994247436523,21.322002410888672,9.561782836914062
0,0,0,0,23.17058563232422,21.268754959106445,9.563613891601562
0,0,0,0,23.199331283569336,21.228731155395508,9.565010070800781
0,0,0,0,23.228031158447266,21.18854331970215,9.56640625
0,0,0,0,23.26609992980957,21.13463020324707,9.568275451660156
0,0,0,0,23.29473876953125,21.093881607055664,9.56964111328125
0,0,0,0,23.323301315307617,21.05301284790039,9.570991516113281
0,0,0,0,23.361539840698242,20.99818229675293,9.572715759277344
0,0,0,0,23.390193939208984,20.956911087036133,9.573944091796875
0,0,0,0,23.418973922729492,20.91538429260254,9.575126647949219
0,0,0,0,23.457197189331055,20.859975814819336,9.576744079589844
0,0,0,0,23.485872268676758,20.818330764770508,9.578048706054688
0,0,0,0,23.51449966430664,20.776634216308594,9.579414367675781
0,0,0,0,23.552854537963867,20.720565795898438,9.581222534179688
0,0,0,0,23.581714630126953,20.678363800048828,9.582572937011719
0,0,0,0,23.610593795776367,20.63606834411621,9.584037780761719
0,0,0,0,23.649202346801758,20.57946014404297,9.586067199707031
0,0,0,0,23.67827033996582,20.53668212890625,9.587478637695312
0,0,0,0,23.707366943359375,20.493959426879883,9.5888671875
0,0,0,0,23.745891571044922,20.43735122680664,9.590835571289062
0,0,0,0,23.774694442749023,20.395023345947266,9.592460632324219
0,0,0,0,23.803340911865234,20.352771759033203,9.594200134277344
0,0,0,0,23.84172821044922,20.296192169189453,9.596580505371094
0,0,0,0,23.870540618896484,20.253562927246094,9.598335266113281
0,0,0,0,23.89952850341797,20.210668563842773,9.600051879882812
0,0,0,0,23.938220977783203,20.153301239013672,9.602394104003906
0,0,0,0,23.967493057250977,20.110021591186523,9.604148864746094
0,0,0,0,23.99686050415039,20.066661834716797,9.60589599609375
0,0,0,0,24.036314010620117,20.008522033691406,9.608238220214844
0,0,0,0,24.066020965576172,19.96490478515625,9.610008239746094
0,0,0,0,24.095888137817383,19.921165466308594,9.611801147460938
0,0,0,0,24.13589859008789,19.862773895263672,9.614227294921875
0,0,0,0,24.1660099029541,19.818838119506836,9.616058349609375
0,0,0,0,24.19620704650879,19.77496910095215,9.617950439453125
0,0,0,0,24.236488342285156,19.716472625732422,9.62054443359375
0,0,0,0,24.26677894592285,19.67261505126953,9.622543334960938
0,0,0,0,24.297035217285156,19.62883758544922,9.624565124511719
0,0,0,0,24.33744239807129,19.570613861083984,9.627250671386719
0,0,0,0,24.367555618286133,19.527284622192383,9.629371643066406
0,0,0,0,24.397682189941406,19.484060287475586,9.631637573242188
0,0,0,0,24.437856674194336,19.426469802856445,9.634757995605469
0,0,0,0,24.468225479125977,19.383155822753906,9.637031555175781
0,0,0,0,24.498537063598633,19.33997344970703,9.639305114746094
0,0,0,0,24.539018630981445,19.28255844116211,9.642295837402344
0,0,0,0,24.56920623779297,19.239774703979492,9.644447326660156
0,0,0,0,24.599294662475586,19.197214126586914,9.646598815917969
0,0,0,0,24.639015197753906,19.141157150268555,9.649589538574219
0,0,0,0,24.668630599975586,19.099401473999023,9.651878356933594
0,0,0,0,24.69807243347168,19.05789566040039,9.654197692871094
0,0,0,0,24.737133026123047,19.00284194946289,9.657272338867188
0,0,0,0,24.76631736755371,18.9617977142334,9.659629821777344
0,0,0,0,24.795379638671875,18.920894622802734,9.662071228027344
0,0,0,0,24.834152221679688,18.866464614868164,9.665397644042969
0,0,0,0,24.863117218017578,18.82571029663086,9.667922973632812
0,0,0,0,24.89211654663086,18.785072326660156,9.670463562011719
0,0,0,0,24.9305477142334,18.73122215270996,9.673934936523438
0,0,0,0,24.95932960510254,18.690929412841797,9.676742553710938
0,0,0,0,24.988008499145508,18.650676727294922,9.679695129394531
0,0,0,0,25.02651023864746,18.59661102294922,9.68377685546875
0,0,0,0,25.05550193786621,18.555835723876953,9.686981201171875
0,0,0,0,25.08477783203125,18.51468849182129,9.690315246582031
0,0,0,0,25.124189376831055,18.459285736083984,9.694915771484375
0,0,0,0,25.154184341430664,18.417116165161133,9.698455810546875
0,0,0,0,25.184463500976562,18.37453269958496,9.702079772949219
0,0,0,0,25.22539710998535,18.316913604736328,9.707023620605469
0,0,0,0,25.256467819213867,18.27322006225586,9.710830688476562
0,0,0,0,25.2878475189209,18.229068756103516,9.714691162109375
0,0,0,0,25.33016014099121,18.169654846191406,9.719833374023438
0,0,0,0,25.362178802490234,18.12468719482422,9.723670959472656
0,0,0,0,25.39451789855957,18.079425811767578,9.72747802734375
0,0,0,0,25.437898635864258,18.018667221069336,9.732498168945312
0,0,0,0,25.470731735229492,17.972774505615234,9.736152648925781
0,0,0,0,25.50360107421875,17.926729202270508,9.739753723144531
0,0,0,0,25.547712326049805,17.864957809448242,9.74444580078125
0,0,0,0,25.580835342407227,17.818527221679688,9.747894287109375
0,0,0,0,25.614118576049805,17.771846771240234,9.751274108886719
0,0,0,0,25.65851593017578,17.70946502685547,9.755722045898438
0,0,0,0,25.691991806030273,17.662416458129883,9.759017944335938
0,0,0,0,25.725479125976562,17.61532211303711,9.762298583984375
0,0,0,0,25.770238876342773,17.552276611328125,9.766693115234375
0,0,0,0,25.803831100463867,17.50495147705078,9.769920349121094
0,0,0,0,25.837461471557617,17.457521438598633,9.773086547851562
0,0,0,0,25.882282257080078,17.394315719604492,9.777244567871094
0,0,0,0,25.915851593017578,17.34687614440918,9.780296325683594
0,0,0,0,25.949419021606445,17.299461364746094,9.7833251953125
0,0,0,0,25.99410057067871,17.23618507385254,9.787284851074219
0,0,0,0,26.02764129638672,17.188655853271484,9.79022216796875
0,0,0,0,26.061050415039062,17.141149520874023,9.793144226074219
0,0,0,0,26.105653762817383,17.077762603759766,9.797027587890625
0,0,0,0,26.139007568359375,17.03028678894043,9.799911499023438
0,0,0,0,26.172454833984375,16.982755661010742,9.802764892578125
0,0,0,0,26.216880798339844,16.919538497924805,9.806495666503906
0,0,0,0,26.250267028808594,16.872102737426758,9.809226989746094
0,0,0,0,26.2835750579834,16.824769973754883,9.811851501464844
0,0,0,0,26.328092575073242,16.761560440063477,9.815139770507812
0,0,0,0,26.361446380615234,16.714214324951172,9.817459106445312
0,0,0,0,26.39483070373535,16.666820526123047,9.819648742675781
0,0,0,0,26.43929100036621,16.603736877441406,9.822395324707031
0,0,0,0,26.472660064697266,16.556411743164062,9.824317932128906
0,0,0,0,26.50603485107422,16.509126663208008,9.826126098632812
0,0,0,0,26.550561904907227,16.446081161499023,9.828399658203125
0,0,0,0,26.58405876159668,16.398818969726562,9.83001708984375
0,0,0,0,26.617544174194336,16.351572036743164,9.831565856933594
0,0,0,0,26.66233253479004,16.288524627685547,9.833465576171875
0,0,0,0,26.6959285736084,16.241233825683594,9.83477783203125
0,0,0,0,26.729663848876953,16.193889617919922,9.835990905761719
0,0,0,0,26.774568557739258,16.130874633789062,9.837455749511719
0,0,0,0,26.80832290649414,16.083667755126953,9.838417053222656
0,0,0,0,26.841888427734375,16.036693572998047,9.839271545410156
0,0,0,0,26.88654899597168,15.974416732788086,9.840278625488281
0,0,0,0,26.91976547241211,15.928214073181152,9.840988159179688
0,0,0,0,26.952808380126953,15.882380485534668,9.841651916503906
0,0,0,0,26.996315002441406,15.822212219238281,9.842483520507812
0,0,0,0,27.02848243713379,15.777746200561523,9.843086242675781
0,0,0,0,27.060144424438477,15.734070777893066,9.843643188476562
0,0,0,0,27.101545333862305,15.677084922790527,9.844314575195312
0,0,0,0,27.131912231445312,15.635438919067383,9.844795227050781
0,0,0,0,27.161563873291016,15.59475326538086,9.845230102539062
0,0,0,0,27.200029373168945,15.542163848876953,9.845726013183594
0,0,0,0,27.22794532775879,15.504020690917969,9.846015930175781
0,0,0,0,27.255157470703125,15.46697998046875,9.84625244140625
0,0,0,0,27.290096282958984,15.419455528259277,9.846420288085938
0,0,0,0,27.3154296875,15.385184288024902,9.846481323242188
0,0,0,0,27.339807510375977,15.35223388671875,9.846458435058594
