0,0,0,0,27.690874099731445,14.904623985290527,9.882926940917969
0,0,0,0,27.69078254699707,14.90424633026123,9.882980346679688
0,0,0,0,27.690685272216797,14.903950691223145,9.883026123046875
0,0,0,0,27.690662384033203,14.90355396270752,9.883026123046875
0,0,0,0,27.69071388244629,14.903335571289062,9.882987976074219
0,0,0,0,27.690757751464844,14.903138160705566,9.882911682128906
0,0,0,0,27.69088363647461,14.902953147888184,9.882759094238281
0,0,0,0,27.690959930419922,14.902883529663086,9.882621765136719
0,0,0,0,27.69111442565918,14.902837753295898,9.882469177246094
0,0,0,0,27.69120979309082,14.902873992919922,9.882232666015625
0,0,0,0,27.691360473632812,14.902881622314453,9.882003784179688
0,0,0,0,27.691390991210938,14.902997970581055,9.881744384765625
0,0,0,0,27.6915283203125,14.903131484985352,9.881370544433594
0,0,0,0,27.69150733947754,14.903351783752441,9.881126403808594
0,0,0,0,27.691530227661133,14.903542518615723,9.880966186523438
0,0,0,0,27.691448211669922,14.90396499633789,9.8807373046875
0,0,0,0,27.6914119720459,14.904266357421875,9.88055419921875
0,0,0,0,27.691320419311523,14.904690742492676,9.880386352539062
0,0,0,0,27.691226959228516,14.905217170715332,9.880180358886719
0,0,0,0,27.69114875793457,14.905654907226562,9.880012512207031
0,0,0,0,27.6910343170166,14.906070709228516,9.879814147949219
0,0,0,0,27.690837860107422,14.906670570373535,9.879493713378906
0,0,0,0,27.690628051757812,14.907120704650879,9.879249572753906
0,0,0,0,27.69044303894043,14.907559394836426,9.878974914550781
0,0,0,0,27.690038681030273,14.908138275146484,9.878593444824219
0,0,0,0,27.689769744873047,14.9085693359375,9.878303527832031
0,0,0,0,27.689390182495117,14.909071922302246,9.87799072265625
0,0,0,0,27.689008712768555,14.909720420837402,9.877494812011719
0,0,0,0,27.688642501831055,14.910313606262207,9.877059936523438
0,0,0,0,27.6883602142334,14.910866737365723,9.87664794921875
0,0,0,0,27.687898635864258,14.911725044250488,9.876106262207031
0,0,0,0,27.68765640258789,14.912298202514648,9.875732421875
0,0,0,0,27.687395095825195,14.912917137145996,9.875396728515625
0,0,0,0,27.68722152709961,14.913625717163086,9.874961853027344
0,0,0,0,27.687150955200195,14.91421890258789,9.8746337890625
0,0,0,0,27.6871280670166,14.914724349975586,9.874336242675781
0,0,0,0,27.687105178833008,14.915435791015625,9.874031066894531
0,0,0,0,27.687114715576172,14.915932655334473,9.873825073242188
0,0,0,0,27.687166213989258,14.916471481323242,9.873611450195312
0,0,0,0,27.687213897705078,14.917152404785156,9.87335205078125
0,0,0,0,27.687345504760742,14.917654037475586,9.873161315917969
0,0,0,0,27.68744468688965,14.91818618774414,9.872947692871094
0,0,0,0,27.68773651123047,14.918848991394043,9.872611999511719
0,0,0,0,27.687894821166992,14.919397354125977,9.872314453125
0,0,0,0,27.688159942626953,14.919846534729004,9.871986389160156
0,0,0,0,27.688398361206055,14.920509338378906,9.871551513671875
0,0,0,0,27.688674926757812,14.920918464660645,9.871192932128906
0,0,0,0,27.68886947631836,14.921404838562012,9.870819091796875
0,0,0,0,27.68923568725586,14.921919822692871,9.870338439941406
0,0,0,0,27.68950653076172,14.922356605529785,9.870002746582031
0,0,0,0,27.689851760864258,14.922691345214844,9.869667053222656
0,0,0,0,27.69031524658203,14.923192024230957,9.86920166015625
0,0,0,0,27.69068145751953,14.923492431640625,9.868850708007812
0,0,0,0,27.691083908081055,14.923809051513672,9.868507385253906
0,0,0,0,27.691633224487305,14.924179077148438,9.8680419921875
0,0,0,0,27.692100524902344,14.924452781677246,9.867691040039062
0,0,0,0,27.692533493041992,14.924734115600586,9.867340087890625
0,0,0,0,27.693227767944336,14.925065040588379,9.866889953613281
0,0,0,0,27.693681716918945,14.925354957580566,9.866584777832031
0,0,0,0,27.694232940673828,14.925591468811035,9.866264343261719
0,0,0,0,27.694799423217773,14.925932884216309,9.865837097167969
0,0,0,0,27.695295333862305,14.926085472106934,9.865501403808594
0,0,0,0,27.69565200805664,14.926297187805176,9.865158081054688
0,0,0,0,27.6961669921875,14.92647647857666,9.864730834960938
0,0,0,0,27.69644546508789,14.926680564880371,9.864425659179688
0,0,0,0,27.696773529052734,14.92679214477539,9.864158630371094
0,0,0,0,27.697154998779297,14.927020072937012,9.863815307617188
0,0,0,0,27.697477340698242,14.927139282226562,9.863594055175781
0,0,0,0,27.697805404663086,14.927326202392578,9.863372802734375
0,0,0,0,27.698251724243164,14.927529335021973,9.863121032714844
0,0,0,0,27.69856834411621,14.927706718444824,9.862983703613281
0,0,0,0,27.698848724365234,14.92782211303711,9.862876892089844
0,0,0,0,27.699268341064453,14.927922248840332,9.862808227539062
0,0,0,0,27.69952964782715,14.927945137023926,9.862831115722656
0,0,0,0,27.699886322021484,14.927879333496094,9.862930297851562
0,0,0,0,27.700347900390625,14.927766799926758,9.863136291503906
0,0,0,0,27.70084571838379,14.927547454833984,9.863349914550781
0,0,0,0,27.701339721679688,14.927326202392578,9.863571166992188
0,0,0,0,27.70228385925293,14.926759719848633,9.863929748535156
0,0,0,0,27.703039169311523,14.92625904083252,9.864219665527344
0,0,0,0,27.703989028930664,14.925575256347656,9.86456298828125
0,0,0,0,27.70536994934082,14.9245023727417,9.865119934082031
0,0,0,0,27.70671272277832,14.92336654663086,9.865562438964844
0,0,0,0,27.708284378051758,14.922057151794434,9.865997314453125
0,0,0,0,27.71076202392578,14.919899940490723,9.866615295410156
0,0,0,0,27.712800979614258,14.91812801361084,9.867141723632812
0,0,0,0,27.715007781982422,14.916101455688477,9.867721557617188
0,0,0,0,27.71828842163086,14.913065910339355,9.86846923828125
0,0,0,0,27.720914840698242,14.910487174987793,9.868980407714844
0,0,0,0,27.723791122436523,14.90764045715332,9.869522094726562
0,0,0,0,27.727922439575195,14.903386116027832,9.87030029296875
0,0,0,0,27.73150062561035,14.899678230285645,9.870857238769531
0,0,0,0,27.7353458404541,14.895570755004883,9.871421813964844
0,0,0,0,27.741127014160156,14.889345169067383,9.872146606445312
0,0,0,0,27.7458438873291,14.884241104125977,9.872703552246094
0,0,0,0,27.751089096069336,14.878629684448242,9.873252868652344
0,0,0,0,27.758647918701172,14.870526313781738,9.873893737792969
0,0,0,0,27.764875411987305,14.86389446258545,9.874336242675781
0,0,0,0,27.77143669128418,14.856945991516113,9.874755859375
0,0,0,0,27.78085708618164,14.846928596496582,9.875228881835938
0,0,0,0,27.788331985473633,14.838935852050781,9.875534057617188
0,0,0,0,27.79621124267578,14.83045482635498,9.875770568847656
0,0,0,0,27.80732536315918,14.81850528717041,9.876007080078125
0,0,0,0,27.816099166870117,14.808939933776855,9.876136779785156
0,0,0,0,27.825340270996094,14.798913955688477,9.876235961914062
0,0,0,0,27.8383731842041,14.784697532653809,9.876296997070312
0,0,0,0,27.84882926940918,14.773355484008789,9.876350402832031
0,0,0,0,27.859766006469727,14.761425971984863,9.876426696777344
0,0,0,0,27.875381469726562,14.74448299407959,9.87652587890625
0,0,0,0,27.887781143188477,14.731005668640137,9.876609802246094
0,0,0,0,27.90096092224121,14.716684341430664,9.876686096191406
0,0,0,0,27.91954231262207,14.696464538574219,9.876800537109375
0,0,0,0,27.934431076049805,14.680293083190918,9.876884460449219
0,0,0,0,27.95000457763672,14.663399696350098,9.876991271972656
0,0,0,0,27.972074508666992,14.639471054077148,9.877113342285156
0,0,0,0,27.989519119262695,14.620635032653809,9.877250671386719
0,0,0,0,28.007837295532227,14.600894927978516,9.87738037109375
0,0,0,0,28.03343391418457,14.573320388793945,9.877525329589844
0,0,0,0,28.05360221862793,14.551562309265137,9.877616882324219
0,0,0,0,28.074621200561523,14.528934478759766,9.877685546875
0,0,0,0,28.103954315185547,14.497333526611328,9.877754211425781
0,0,0,0,28.12697410583496,14.472604751586914,9.877761840820312
0,0,0,0,28.15078353881836,14.44696044921875,9.87774658203125
0,0,0,0,28.183931350708008,14.411317825317383,9.877647399902344
0,0,0,0,28.209718704223633,14.383550643920898,9.877532958984375
0,0,0,0,28.236494064331055,14.354812622070312,9.877365112304688
0,0,0,0,28.273412704467773,14.315164566040039,9.877113342285156
0,0,0,0,28.30213737487793,14.284343719482422,9.87689208984375
0,0,0,0,28.33156967163086,14.252717018127441,9.876655578613281
0,0,0,0,28.37213706970215,14.209118843078613,9.876251220703125
0,0,0,0,28.40340232849121,14.17552661895752,9.875907897949219
0,0,0,0,28.43545913696289,14.1410551071167,9.875564575195312
0,0,0,0,28.479248046875,14.093985557556152,9.875083923339844
0,0,0,0,28.512922286987305,14.057748794555664,9.874702453613281
0,0,0,0,28.54717445373535,14.020879745483398,9.874351501464844
0,0,0,0,28.593738555908203,13.970645904541016,9.873863220214844
0,0,0,0,28.62932014465332,13.932305335998535,9.873512268066406
0,0,0,0,28.66536521911621,13.893399238586426,9.873176574707031
0,0,0,0,28.714136123657227,13.840860366821289,9.872802734375
0,0,0,0,28.751054763793945,13.801002502441406,9.872596740722656
0,0,0,0,28.78837776184082,13.760711669921875,9.872444152832031
0,0,0,0,28.83849334716797,13.706441879272461,9.872337341308594
0,0,0,0,28.87649917602539,13.665303230285645,9.872337341308594
0,0,0,0,28.914684295654297,13.623969078063965,9.87237548828125
0,0,0,0,28.966064453125,13.568400382995605,9.872505187988281
0,0,0,0,29.004758834838867,13.526500701904297,9.872650146484375
0,0,0,0,29.043699264526367,13.484302520751953,9.872825622558594
0,0,0,0,29.09574317932129,13.427906036376953,9.873069763183594
0,0,0,0,29.134958267211914,13.385380744934082,9.873283386230469
0,0,0,0,29.174240112304688,13.342794418334961,9.873512268066406
0,0,0,0,29.226831436157227,13.285815238952637,9.873802185058594
0,0,0,0,29.266345977783203,13.243051528930664,9.874008178710938
0,0,0,0,29.305923461914062,13.200177192687988,9.874198913574219
0,0,0,0,29.35875129699707,13.142990112304688,9.874458312988281
0,0,0,0,29.39833641052246,13.100107192993164,9.874702453613281
0,0,0,0,29.437990188598633,13.057265281677246,9.874961853027344
0,0,0,0,29.490781784057617,13.000205039978027,9.875335693359375
0,0,0,0,29.530418395996094,12.9573974609375,9.875617980957031
0,0,0,0,29.56991958618164,12.91463565826416,9.875907897949219
0,0,0,0,29.622661590576172,12.857588768005371,9.8763427734375
0,0,0,0,29.662153244018555,12.81488037109375,9.876716613769531
0,0,0,0,29.701744079589844,12.772126197814941,9.877098083496094
0,0,0,0,29.754426956176758,12.715209007263184,9.877670288085938
0,0,0,0,29.79402732849121,12.672460556030273,9.878120422363281
0,0,0,0,29.833560943603516,12.629864692687988,9.878593444824219
0,0,0,0,29.886390686035156,12.573129653930664,9.879295349121094
0,0,0,0,29.926002502441406,12.530741691589355,9.879852294921875
0,0,0,0,29.96566390991211,12.48835277557373,9.880447387695312
0,0,0,0,30.01857566833496,12.431984901428223,9.881271362304688
0,0,0,0,30.058277130126953,12.389777183532715,9.881912231445312
0,0,0,0,30.098020553588867,12.347711563110352,9.882560729980469
0,0,0,0,30.15096092224121,12.291763305664062,9.883476257324219
0,0,0,0,30.19076156616211,12.249853134155273,9.884193420410156
0,0,0,0,30.230501174926758,12.20800495147705,9.884902954101562
0,0,0,0,30.283550262451172,12.152247428894043,9.885818481445312
0,0,0,0,30.323274612426758,12.110533714294434,9.886474609375
0,0,0,0,30.363136291503906,12.06882095336914,9.887100219726562
0,0,0,0,30.416271209716797,12.013325691223145,9.887908935546875
0,0,0,0,30.45627784729004,11.971674919128418,9.888473510742188
0,0,0,0,30.49626350402832,11.930126190185547,9.8890380859375
0,0,0,0,30.549728393554688,11.874638557434082,9.889724731445312
0,0,0,0,30.589801788330078,11.833142280578613,9.890182495117188
0,0,0,0,30.629932403564453,11.791645050048828,9.890579223632812
0,0,0,0,30.683443069458008,11.736449241638184,9.891090393066406
0,0,0,0,30.723567962646484,11.695048332214355,9.891441345214844
0,0,0,0,30.763687133789062,11.653754234313965,9.891761779785156
0,0,0,0,30.817214965820312,11.598699569702148,9.89215087890625
0,0,0,0,30.857423782348633,11.557435035705566,9.892410278320312
0,0,0,0,30.897594451904297,11.516169548034668,9.892646789550781
0,0,0,0,30.951265335083008,11.461109161376953,9.892921447753906
0,0,0,0,30.99150276184082,11.419864654541016,9.89312744140625
0,0,0,0,31.0318660736084,11.37860107421875,9.893302917480469
0,0,0,0,31.085535049438477,11.323763847351074,9.89349365234375
0,0,0,0,31.125823974609375,11.282669067382812,9.893585205078125
0,0,0,0,31.16594123840332,11.241771697998047,9.893707275390625
0,0,0,0,31.219327926635742,11.1874361038208,9.893936157226562
0,0,0,0,31.2591609954834,11.146909713745117,9.89410400390625
0,0,0,0,31.29899787902832,11.106334686279297,9.894302368164062
0,0,0,0,31.351947784423828,11.052373886108398,9.894630432128906
0,0,0,0,31.391651153564453,11.011897087097168,9.894889831542969
0,0,0,0,31.431310653686523,10.971476554870605,9.895179748535156
0,0,0,0,31.484249114990234,10.917431831359863,9.895561218261719
0,0,0,0,31.523990631103516,10.8768892288208,9.895759582519531
0,0,0,0,31.5637264251709,10.83639907836914,9.895851135253906
0,0,0,0,31.616697311401367,10.782585144042969,9.895835876464844
0,0,0,0,31.6562557220459,10.74238395690918,9.895744323730469
0,0,0,0,31.69576644897461,10.702312469482422,9.895606994628906
0,0,0,0,31.7481689453125,10.64913272857666,9.895401000976562
0,0,0,0,31.78743553161621,10.6093111038208,9.895210266113281
0,0,0,0,31.826581954956055,10.569583892822266,9.89495849609375
0,0,0,0,31.878873825073242,10.516531944274902,9.894546508789062
0,0,0,0,31.91805076599121,10.476750373840332,9.894210815429688
0,0,0,0,31.957412719726562,10.436785697937012,9.893821716308594
0,0,0,0,32.00999069213867,10.38339900970459,9.893203735351562
0,0,0,0,32.04959487915039,10.34317398071289,9.892677307128906
0,0,0,0,32.0892333984375,10.302963256835938,9.892135620117188
0,0,0,0,32.14228439331055,10.249168395996094,9.891304016113281
0,0,0,0,32.18223190307617,10.208724021911621,9.890594482421875
0,0,0,0,32.22233200073242,10.168173789978027,9.889793395996094
0,0,0,0,32.27586364746094,10.114252090454102,9.888618469238281
0,0,0,0,32.315940856933594,10.073911666870117,9.887741088867188
0,0,0,0,32.35599899291992,10.03361988067627,9.886894226074219
0,0,0,0,32.40929412841797,9.979974746704102,9.885787963867188
0,0,0,0,32.44932556152344,9.939763069152832,9.884963989257812
0,0,0,0,32.48926544189453,9.899643898010254,9.884170532226562
0,0,0,0,32.54262161254883,9.846136093139648,9.883148193359375
0,0,0,0,32.58252716064453,9.80609130859375,9.882438659667969
0,0,0,0,32.62255859375,9.765979766845703,9.881736755371094
0,0,0,0,32.67584228515625,9.712607383728027,9.880859375
0,0,0,0,32.71586227416992,9.67248821258545,9.880287170410156
0,0,0,0,32.755775451660156,9.632453918457031,9.879745483398438
0,0,0,0,32.80900192260742,9.57896900177002,9.879119873046875
0,0,0,0,32.84884262084961,9.53891658782959,9.87872314453125
0,0,0,0,32.888648986816406,9.498787879943848,9.878372192382812
0,0,0,0,32.94160842895508,9.445385932922363,9.8780517578125
0,0,0,0,32.98127365112305,9.405278205871582,9.877906799316406
0,0,0,0,33.02095413208008,9.365152359008789,9.87774658203125
0,0,0,0,33.0737419128418,9.311652183532715,9.877555847167969
0,0,0,0,33.1132926940918,9.27159309387207,9.877403259277344
0,0,0,0,33.152687072753906,9.231632232666016,9.877197265625
0,0,0,0,33.205142974853516,9.178461074829102,9.8768310546875
0,0,0,0,33.2442512512207,9.13875961303711,9.876502990722656
0,0,0,0,33.2833366394043,9.099071502685547,9.876121520996094
0,0,0,0,33.33510971069336,9.04633617401123,9.875579833984375
0,0,0,0,33.37384796142578,9.006830215454102,9.875175476074219
0,0,0,0,33.41232681274414,8.96750259399414,9.87481689453125
0,0,0,0,33.463523864746094,8.915020942687988,9.874351501464844
0,0,0,0,33.501731872558594,8.87575626373291,9.874000549316406
0,0,0,0,33.53987503051758,8.836441993713379,9.873672485351562
0,0,0,0,33.59052276611328,8.784160614013672,9.873283386230469
0,0,0,0,33.62845230102539,8.744885444641113,9.873031616210938
0,0,0,0,33.666385650634766,8.705584526062012,9.872817993164062
0,0,0,0,33.7169303894043,8.653151512145996,9.87261962890625
0,0,0,0,33.75489807128906,8.613822937011719,9.872535705566406
0,0,0,0,33.792789459228516,8.574471473693848,9.872535705566406
0,0,0,0,33.84332275390625,8.52195930480957,9.872627258300781
0,0,0,0,33.881141662597656,8.482579231262207,9.872749328613281
0,0,0,0,33.91904067993164,8.443157196044922,9.872947692871094
0,0,0,0,33.96945571899414,8.390657424926758,9.873321533203125
0,0,0,0,34.007320404052734,8.351204872131348,9.873687744140625
0,0,0,0,34.045074462890625,8.311833381652832,9.874076843261719
0,0,0,0,34.095481872558594,8.259256362915039,9.87469482421875
0,0,0,0,34.133201599121094,8.219894409179688,9.875167846679688
0,0,0,0,34.17098617553711,8.180475234985352,9.875625610351562
0,0,0,0,34.22122573852539,8.128036499023438,9.876243591308594
0,0,0,0,34.25892639160156,8.088708877563477,9.876731872558594
0,0,0,0,34.29663848876953,8.049493789672852,9.877212524414062
0,0,0,0,34.346954345703125,7.997201442718506,9.877777099609375
0,0,0,0,34.384674072265625,7.958131790161133,9.878158569335938
0,0,0,0,34.4222412109375,7.919247150421143,9.878562927246094
0,0,0,0,34.472225189208984,7.867580413818359,9.879135131835938
0,0,0,0,34.50961685180664,7.828882217407227,9.879570007324219
0,0,0,0,34.547080993652344,7.790181636810303,9.879989624023438
0,0,0,0,34.59700393676758,7.7385783195495605,9.880516052246094
0,0,0,0,34.63463592529297,7.699688911437988,9.880912780761719
0,0,0,0,34.672325134277344,7.660693168640137,9.881294250488281
0,0,0,0,34.72296905517578,7.608353137969971,9.881668090820312
0,0,0,0,34.761112213134766,7.568943977355957,9.881881713867188
0,0,0,0,34.79955291748047,7.529279708862305,9.882011413574219
0,0,0,0,34.85101318359375,7.476264953613281,9.882125854492188
0,0,0,0,34.88990020751953,7.436244487762451,9.882110595703125
0,0,0,0,34.92891311645508,7.396125793457031,9.88201904296875
0,0,0,0,34.98117446899414,7.342408657073975,9.881744384765625
0,0,0,0,35.02043914794922,7.302130699157715,9.881477355957031
0,0,0,0,35.059715270996094,7.261807441711426,9.881179809570312
0,0,0,0,35.11200714111328,7.208179950714111,9.880714416503906
0,0,0,0,35.151039123535156,7.168150424957275,9.880401611328125
0,0,0,0,35.189884185791016,7.128396034240723,9.880195617675781
0,0,0,0,35.241241455078125,7.075693607330322,9.880050659179688
0,0,0,0,35.279666900634766,7.036249160766602,9.8800048828125
0,0,0,0,35.317901611328125,6.996934413909912,9.879959106445312
0,0,0,0,35.36880111694336,6.9447407722473145,9.8800048828125
0,0,0,0,35.406681060791016,6.905880928039551,9.880126953125
0,0,0,0,35.44449234008789,6.867091655731201,9.88031005859375
0,0,0,0,35.49470901489258,6.815582275390625,9.880622863769531
0,0,0,0,35.53242874145508,6.776965141296387,9.880905151367188
0,0,0,0,35.57004928588867,6.738504886627197,9.881195068359375
0,0,0,0,35.62017059326172,6.687324523925781,9.881584167480469
0,0,0,0,35.65758514404297,6.649210453033447,9.881912231445312
0,0,0,0,35.694862365722656,6.611251354217529,9.882232666015625
0,0,0,0,35.744258880615234,6.561066627502441,9.882637023925781
0,0,0,0,35.78102493286133,6.523677825927734,9.8829345703125
0,0,0,0,35.817657470703125,6.486494064331055,9.883224487304688
0,0,0,0,35.86647415161133,6.437021255493164,9.883514404296875
0,0,0,0,35.90317153930664,6.399982929229736,9.883636474609375
0,0,0,0,35.9398193359375,6.363065719604492,9.883735656738281
0,0,0,0,35.98883056640625,6.313914775848389,9.883872985839844
0,0,0,0,36.02564239501953,6.277105808258057,9.883926391601562
0,0,0,0,36.06270980834961,6.240222930908203,9.883926391601562
0,0,0,0,36.11225128173828,6.191076278686523,9.883811950683594
0,0,0,0,36.14962387084961,6.154150485992432,9.883583068847656
0,0,0,0,36.18690490722656,6.117434978485107,9.883293151855469
0,0,0,0,36.236515045166016,6.0687408447265625,9.882972717285156
0,0,0,0,36.27359390258789,6.032435894012451,9.88275146484375
0,0,0,0,36.310726165771484,5.99611234664917,9.88250732421875
0,0,0,0,36.360145568847656,5.947875499725342,9.882209777832031
0,0,0,0,36.397315979003906,5.911702632904053,9.882011413574219
0,0,0,0,36.43463897705078,5.875520706176758,9.881782531738281
0,0,0,0,36.48472595214844,5.827216148376465,9.881423950195312
0,0,0,0,36.522579193115234,5.7909979820251465,9.881103515625
0,0,0,0,36.560546875,5.754811763763428,9.8807373046875
0,0,0,0,36.61132049560547,5.7068305015563965,9.88031005859375
0,0,0,0,36.64939880371094,5.6710734367370605,9.880043029785156
0,0,0,0,36.6876106262207,5.635371685028076,9.879798889160156
0,0,0,0,36.7386589050293,5.58792781829834,9.879486083984375
0,0,0,0,36.77726364135742,5.552333354949951,9.879234313964844
0,0,0,0,36.81597137451172,5.516838550567627,9.878890991210938
0,0,0,0,36.86778259277344,5.469654083251953,9.878395080566406
0,0,0,0,36.90656280517578,5.434596061706543,9.878089904785156
0,0,0,0,36.94541549682617,5.399684906005859,9.877838134765625
0,0,0,0,36.99714279174805,5.353540420532227,9.877548217773438
0,0,0,0,37.036075592041016,5.3190412521362305,9.877304077148438
0,0,0,0,37.07512283325195,5.284722805023193,9.877029418945312
0,0,0,0,37.12753677368164,5.23902702331543,9.876686096191406
0,0,0,0,37.16720199584961,5.204769611358643,9.876388549804688
0,0,0,0,37.2071533203125,5.170393943786621,9.876045227050781
0,0,0,0,37.260990142822266,5.124545574188232,9.875564575195312
0,0,0,0,37.30177307128906,5.09013557434082,9.875160217285156
0,0,0,0,37.34303283691406,5.055688858032227,9.874687194824219
0,0,0,0,37.39844512939453,5.009782791137695,9.874015808105469
0,0,0,0,37.44043731689453,4.975265026092529,9.873435974121094
0,0,0,0,37.48262405395508,4.94078254699707,9.872840881347656
0,0,0,0,37.539520263671875,4.894707679748535,9.872077941894531
0,0,0,0,37.58250427246094,4.860218524932861,9.87152099609375
0,0,0,0,37.625885009765625,4.8256330490112305,9.870986938476562
0,0,0,0,37.68394088745117,4.779721260070801,9.870391845703125
0,0,0,0,37.727638244628906,4.745361804962158,9.870124816894531
0,0,0,0,37.771385192871094,4.71113920211792,9.869956970214844
0,0,0,0,37.83001708984375,4.665515899658203,9.869865417480469
0,0,0,0,37.87416076660156,4.63142728805542,9.869880676269531
0,0,0,0,37.91847229003906,4.597311019897461,9.869987487792969
0,0,0,0,37.97782516479492,4.5518670082092285,9.870231628417969
0,0,0,0,38.02247619628906,4.517727375030518,9.870445251464844
0,0,0,0,38.06730270385742,4.483578205108643,9.870643615722656
0,0,0,0,38.12724304199219,4.4379401206970215,9.870941162109375
0,0,0,0,38.17242431640625,4.403600215911865,9.871162414550781
0,0,0,0,38.217647552490234,4.369248390197754,9.871391296386719
0,0,0,0,38.278289794921875,4.323269844055176,9.871726989746094
0,0,0,0,38.323848724365234,4.288787841796875,9.871963500976562
0,0,0,0,38.369667053222656,4.254238128662109,9.872207641601562
0,0,0,0,38.43080139160156,4.2083048820495605,9.872474670410156
0,0,0,0,38.476806640625,4.173859119415283,9.872673034667969
0,0,0,0,38.52279281616211,4.139586448669434,9.872909545898438
0,0,0,0,38.58427429199219,4.093909740447998,9.873237609863281
0,0,0,0,38.63038635253906,4.059771537780762,9.873481750488281
0,0,0,0,38.676551818847656,4.0256171226501465,9.873748779296875
0,0,0,0,38.73806381225586,3.980346918106079,9.874153137207031
0,0,0,0,38.7841682434082,3.946483850479126,9.874465942382812
0,0,0,0,38.83024978637695,3.9127397537231445,9.874763488769531
0,0,0,0,38.89158248901367,3.8679254055023193,9.875213623046875
0,0,0,0,38.937599182128906,3.834460735321045,9.875595092773438
0,0,0,0,38.98350524902344,3.8011019229888916,9.875961303710938
0,0,0,0,39.044677734375,3.756704092025757,9.876411437988281
0,0,0,0,39.0904426574707,3.7235374450683594,9.876708984375
0,0,0,0,39.136192321777344,3.690420389175415,9.876991271972656
0,0,0,0,39.19672393798828,3.6466610431671143,9.877555847167969
0,0,0,0,39.241943359375,3.6139416694641113,9.878089904785156
0,0,0,0,39.286903381347656,3.581376552581787,9.878631591796875
0,0,0,0,39.34674835205078,3.538026809692383,9.879348754882812
0,0,0,0,39.39141082763672,3.505687713623047,9.879936218261719
0,0,0,0,39.435977935791016,3.4733471870422363,9.880577087402344
0,0,0,0,39.49524688720703,3.430333375930786,9.881439208984375
0,0,0,0,39.53969192504883,3.398066997528076,9.881980895996094
0,0,0,0,39.58405303955078,3.3659827709198,9.882461547851562
0,0,0,0,39.6429443359375,3.323399066925049,9.883209228515625
0,0,0,0,39.68698501586914,3.2915544509887695,9.883819580078125
0,0,0,0,39.73090362548828,3.2597298622131348,9.884407043457031
0,0,0,0,39.78936767578125,3.2174103260040283,9.885307312011719
0,0,0,0,39.833099365234375,3.185720682144165,9.88604736328125
0,0,0,0,39.87690734863281,3.153952121734619,9.886787414550781
0,0,0,0,39.935096740722656,3.111717700958252,9.887741088867188
0,0,0,0,39.978641510009766,3.0801842212677,9.888534545898438
0,0,0,0,40.02199172973633,3.0488228797912598,9.88946533203125
0,0,0,0,40.079864501953125,3.006859540939331,9.890792846679688
0,0,0,0,40.12310791015625,2.9755187034606934,9.891799926757812
0,0,0,0,40.166236877441406,2.9442343711853027,9.892929077148438
0,0,0,0,40.22343444824219,2.9027328491210938,9.89447021484375
0,0,0,0,40.26624298095703,2.8715927600860596,9.895645141601562
0,0,0,0,40.30892562866211,2.840552806854248,9.89691162109375
0,0,0,0,40.365867614746094,2.799008846282959,9.898635864257812
0,0,0,0,40.40869903564453,2.76774525642395,9.89984130859375
0,0,0,0,40.45157241821289,2.736427068710327,9.900970458984375
0,0,0,0,40.508670806884766,2.694805145263672,9.902580261230469
0,0,0,0,40.55147171020508,2.6635656356811523,9.903846740722656
0,0,0,0,40.59440994262695,2.6322503089904785,9.905014038085938
0,0,0,0,40.651546478271484,2.590569257736206,9.906379699707031
0,0,0,0,40.69435501098633,2.5593931674957275,9.90740966796875
0,0,0,0,40.73693084716797,2.5283215045928955,9.908477783203125
0,0,0,0,40.79375457763672,2.48679256439209,9.909858703613281
0,0,0,0,40.83634567260742,2.4556658267974854,9.910812377929688
0,0,0,0,40.879093170166016,2.4244384765625,9.911689758300781
0,0,0,0,40.93608856201172,2.382821559906006,9.9127197265625
0,0,0,0,40.97895050048828,2.351527214050293,9.913398742675781
0,0,0,0,41.02175521850586,2.3203368186950684,9.914039611816406
0,0,0,0,41.078880310058594,2.278653383255005,9.914909362792969
0,0,0,0,41.12177276611328,2.247342586517334,9.915496826171875
0,0,0,0,41.16471862792969,2.2159130573272705,9.916015625
0,0,0,0,41.222015380859375,2.1740520000457764,9.916648864746094
0,0,0,0,41.26493453979492,2.1427063941955566,9.917144775390625
0,0,0,0,41.307952880859375,2.1113486289978027,9.917648315429688
0,0,0,0,41.36548614501953,2.069394588470459,9.918296813964844
0,0,0,0,41.40890884399414,2.037776470184326,9.91876220703125
0,0,0,0,41.45246124267578,2.0060644149780273,9.919227600097656
0,0,0,0,41.51099395751953,1.9635275602340698,9.919837951660156
0,0,0,0,41.55509948730469,1.9315028190612793,9.920333862304688
0,0,0,0,41.59954833984375,1.899280071258545,9.920814514160156
0,0,0,0,41.65915298461914,1.8561972379684448,9.921463012695312
0,0,0,0,41.704254150390625,1.8236608505249023,9.92193603515625
0,0,0,0,41.749542236328125,1.7910349369049072,9.922416687011719
0,0,0,0,41.810462951660156,1.7471950054168701,9.923027038574219
0,0,0,0,41.85636520385742,1.7142561674118042,9.923484802246094
0,0,0,0,41.902523040771484,1.6811474561691284,9.923934936523438
0,0,0,0,41.964332580566406,1.6369527578353882,9.924583435058594
0,0,0,0,42.010894775390625,1.6036726236343384,9.925102233886719
0,0,0,0,42.057647705078125,1.5703763961791992,9.925682067871094
0,0,0,0,42.120243072509766,1.5258649587631226,9.926528930664062
0,0,0,0,42.16740798950195,1.492436170578003,9.927215576171875
0,0,0,0,42.214603424072266,1.4589694738388062,9.927925109863281
0,0,0,0,42.27772521972656,1.4142621755599976,9.928863525390625
0,0,0,0,42.32506561279297,1.3807179927825928,9.929618835449219
0,0,0,0,42.372535705566406,1.347055196762085,9.930427551269531
0,0,0,0,42.435791015625,1.3021438121795654,9.931594848632812
0,0,0,0,42.483341217041016,1.2683537006378174,9.932533264160156
0,0,0,0,42.53081512451172,1.2345975637435913,9.933540344238281
0,0,0,0,42.594268798828125,1.1894441843032837,9.93499755859375
0,0,0,0,42.64183044433594,1.1556237936019897,9.9361572265625
0,0,0,0,42.6894416809082,1.1217055320739746,9.937339782714844
0,0,0,0,42.752830505371094,1.076587200164795,9.938957214355469
0,0,0,0,42.80036163330078,1.042696237564087,9.940170288085938
0,0,0,0,42.84788131713867,1.0088262557983398,9.941375732421875
0,0,0,0,42.91128158569336,0.9636196494102478,9.9429931640625
0,0,0,0,42.95884704589844,0.929719090461731,9.944198608398438
0,0,0,0,43.0063591003418,0.8957850933074951,9.945365905761719
0,0,0,0,43.06969451904297,0.8505145311355591,9.9468994140625
0,0,0,0,43.117061614990234,0.8165737390518188,9.948036193847656
0,0,0,0,43.1644401550293,0.782574474811554,9.949111938476562
0,0,0,0,43.22747802734375,0.7372303605079651,9.950469970703125
0,0,0,0,43.27481460571289,0.7031145095825195,9.951423645019531
0,0,0,0,43.32200622558594,0.6690632700920105,9.952362060546875
0,0,0,0,43.38498306274414,0.6235719323158264,9.953620910644531
0,0,0,0,43.432132720947266,0.589504063129425,9.95452880859375
0,0,0,0,43.47932815551758,0.5553579926490784,9.955360412597656
0,0,0,0,43.54208755493164,0.5100395083427429,9.956428527832031
0,0,0,0,43.589046478271484,0.4760980010032654,9.957176208496094
0,0,0,0,43.635833740234375,0.4423327147960663,9.957855224609375
0,0,0,0,43.69788360595703,0.3974999189376831,9.958648681640625
0,0,0,0,43.7440185546875,0.3641843795776367,9.959121704101562
0,0,0,0,43.789695739746094,0.3311106264591217,9.959518432617188
0,0,0,0,43.849754333496094,0.28758519887924194,9.959922790527344
0,0,0,0,43.893978118896484,0.25547200441360474,9.960136413574219
0,0,0,0,43.937557220458984,0.22389757633209229,9.960281372070312
0,0,0,0,43.99433898925781,0.18276603519916534,9.960395812988281
0,0,0,0,44.035980224609375,0.15263977646827698,9.960418701171875
0,0,0,0,44.076602935791016,0.12327750772237778,9.960380554199219
0,0,0,0,44.12933349609375,0.08519960194826126,9.960250854492188
0,0,0,0,44.16762161254883,0.05758431926369667,9.9600830078125
0,0,0,0,44.20494842529297,0.030672846361994743,9.959907531738281
0,0,0,0,44.25290298461914,-0.003844365244731307,9.959548950195312
0,0,0,0,44.28759765625,-0.028786422684788704,9.959266662597656
0,0,0,0,44.321048736572266,-0.0527440682053566,9.958953857421875
0,0,0,0,44.36381530761719,-0.08329332619905472,9.958541870117188
0,0,0,0,44.39445114135742,-0.10502102226018906,9.95819091796875
0,0,0,0,44.4238395690918,-0.12585006654262543,9.957794189453125
0,0,0,0,44.461124420166016,-0.15208908915519714,9.957023620605469
0,0,0,0,44.4871826171875,-0.1706804782152176,9.95611572265625
0,0,0,0,44.51105880737305,-0.18833915889263153,9.954910278320312
0,0,0,0,44.538761138916016,-0.2105443775653839,9.952728271484375
0,0,0,0,44.55622863769531,-0.22622595727443695,9.950576782226562
0,0,0,0,44.5704231262207,-0.2410033941268921,9.947891235351562
0,0,0,0,44.58418655395508,-0.2594467103481293,9.943504333496094
0,0,0,0,44.59040451049805,-0.2722483277320862,9.939552307128906
0,0,0,0,44.5932502746582,-0.28431612253189087,9.93511962890625
0,0,0,0,44.59152603149414,-0.29905056953430176,9.928504943847656
0,0,0,0,44.586238861083984,-0.3092167377471924,9.923324584960938
0,0,0,0,44.57732009887695,-0.31844228506088257,9.918365478515625
0,0,0,0,44.560733795166016,-0.32957980036735535,9.912010192871094
0,0,0,0,44.544776916503906,-0.33696040511131287,9.907478332519531
0,0,0,0,44.52568817138672,-0.3436605632305145,9.903396606445312
0,0,0,0,44.495513916015625,-0.35146284103393555,9.898605346679688
0,0,0,0,44.46928405761719,-0.35654258728027344,9.895973205566406
0,0,0,0,44.44051742553711,-0.36094364523887634,9.8944091796875
0,0,0,0,44.39979553222656,-0.36590486764907837,9.893829345703125
0,0,0,0,44.368385314941406,-0.36900073289871216,9.894416809082031
0,0,0,0,44.33659362792969,-0.37156519293785095,9.89581298828125
0,0,0,0,44.29447937011719,-0.3742474913597107,9.898971557617188
0,0,0,0,44.263465881347656,-0.37569770216941833,9.902061462402344
0,0,0,0,44.23337173461914,-0.3768046498298645,9.905479431152344
0,0,0,0,44.194786071777344,-0.37767118215560913,9.910476684570312
0,0,0,0,44.16732406616211,-0.3780336081981659,9.914375305175781
0,0,0,0,44.14104461669922,-0.3780323266983032,9.918357849121094
0,0,0,0,44.10813522338867,-0.3777230978012085,9.923477172851562
0,0,0,0,44.08485412597656,-0.3771677315235138,9.927078247070312
0,0,0,0,44.062808990478516,-0.3764829635620117,9.93035888671875
0,0,0,0,44.0348014831543,-0.3752090632915497,9.934173583984375
0,0,0,0,44.01406478881836,-0.3742021918296814,9.93701171875
0,0,0,0,43.99299240112305,-0.37304314970970154,9.940261840820312
0,0,0,0,43.964561462402344,-0.3714444041252136,9.944541931152344
0,0,0,0,43.94315719604492,-0.3701542913913727,9.947425842285156
0,0,0,0,43.92149353027344,-0.3688598871231079,9.9500732421875
0,0,0,0,43.89211654663086,-0.3671460449695587,9.953323364257812
0,0,0,0,43.86964416503906,-0.3658427596092224,9.955436706542969
0,0,0,0,43.846961975097656,-0.36461204290390015,9.957145690917969
0,0,0,0,43.815826416015625,-0.36298760771751404,9.95880126953125
0,0,0,0,43.791683197021484,-0.3619214594364166,9.959571838378906
0,0,0,0,43.76649856567383,-0.3609071671962738,9.959884643554688
0,0,0,0,43.73105239868164,-0.35985812544822693,9.959701538085938
0,0,0,0,43.702552795410156,-0.3592073321342468,9.959121704101562
0,0,0,0,43.67235565185547,-0.3588113784790039,9.958221435546875
0,0,0,0,43.62894058227539,-0.3584091365337372,9.956550598144531
0,0,0,0,43.594032287597656,-0.35831648111343384,9.954986572265625
0,0,0,0,43.556976318359375,-0.35830608010292053,9.95318603515625
0,0,0,0,43.50444793701172,-0.35859939455986023,9.950431823730469
0,0,0,0,43.46274185180664,-0.3589760363101959,9.948196411132812
0,0,0,0,43.419097900390625,-0.3595539331436157,9.945884704589844
0,0,0,0,43.358154296875,-0.36056461930274963,9.942718505859375
0,0,0,0,43.310516357421875,-0.3615069091320038,9.940406799316406
0,0,0,0,43.26140594482422,-0.362608939409256,9.938217163085938
0,0,0,0,43.19376754760742,-0.3642260432243347,9.935562133789062
0,0,0,0,43.14176559448242,-0.3655906915664673,9.933822631835938
0,0,0,0,43.08864212036133,-0.367004930973053,9.932365417480469
0,0,0,0,43.01655578613281,-0.36909863352775574,9.930892944335938
0,0,0,0,42.961551666259766,-0.3707156479358673,9.930091857910156
0,0,0,0,42.90602111816406,-0.3724992871284485,9.9295654296875
0,0,0,0,42.831092834472656,-0.3748599588871002,9.92926025390625
0,0,0,0,42.774452209472656,-0.3767232596874237,9.929313659667969
0,0,0,0,42.717369079589844,-0.3785485327243805,9.9295654296875
0,0,0,0,42.64088439941406,-0.3811056911945343,9.930145263671875
0,0,0,0,42.583255767822266,-0.38300108909606934,9.93072509765625
0,0,0,0,42.52546310424805,-0.38496240973472595,9.931350708007812
0,0,0,0,42.44819641113281,-0.3874698877334595,9.93218994140625
0,0,0,0,42.390079498291016,-0.38936683535575867,9.932807922363281
0,0,0,0,42.33195877075195,-0.3912757635116577,9.933380126953125
0,0,0,0,42.254417419433594,-0.3938521444797516,9.934059143066406
0,0,0,0,42.19634246826172,-0.39581891894340515,9.934516906738281
0,0,0,0,42.138214111328125,-0.3977823555469513,9.934890747070312
0,0,0,0,42.06081771850586,-0.40049999952316284,9.935234069824219
0,0,0,0,42.00273132324219,-0.4025549292564392,9.935371398925781
0,0,0,0,41.94478988647461,-0.4047188460826874,9.935417175292969
0,0,0,0,41.848262786865234,-0.4084017872810364,9.935272216796875
0,0,0,0,41.80972671508789,-0.4099701941013336,9.935142517089844
0,0,0,0,41.751922607421875,-0.4122724235057831,9.934883117675781
0,0,0,0,41.675048828125,-0.4154956340789795,9.93438720703125
0,0,0,0,41.61738586425781,-0.4179173707962036,9.933906555175781
0,0,0,0,41.55982208251953,-0.4204151928424835,9.93341064453125
0,0,0,0,41.48310470581055,-0.4236830472946167,9.932693481445312
0,0,0,0,41.42557907104492,-0.4262138903141022,9.932136535644531
0,0,0,0,41.36805725097656,-0.42871230840682983,9.931594848632812
0,0,0,0,41.29131317138672,-0.4320550560951233,9.930992126464844
0,0,0,0,41.23379135131836,-0.4345780611038208,9.930641174316406
0,0,0,0,41.17619705200195,-0.4371177852153778,9.930343627929688
0,0,0,0,41.09944534301758,-0.4405520558357239,9.930000305175781
0,0,0,0,41.04181671142578,-0.4430913031101227,9.92974853515625
0,0,0,0,40.984291076660156,-0.4456702768802643,9.929542541503906
0,0,0,0,40.90748977661133,-0.44903814792633057,9.92926025390625
0,0,0,0,40.84996032714844,-0.451642245054245,9.92901611328125
0,0,0,0,40.792335510253906,-0.4541948735713959,9.928756713867188
0,0,0,0,40.71562194824219,-0.45773348212242126,9.928428649902344
0,0,0,0,40.658023834228516,-0.4603370726108551,9.928176879882812
0,0,0,0,40.60047149658203,-0.46302279829978943,9.927955627441406
0,0,0,0,40.52365493774414,-0.46653687953948975,9.927680969238281
0,0,0,0,40.46603775024414,-0.46921664476394653,9.927467346191406
0,0,0,0,40.408390045166016,-0.4718402326107025,9.927215576171875
0,0,0,0,40.33152389526367,-0.47539737820625305,9.926780700683594
0,0,0,0,40.273887634277344,-0.4780293405056,9.926376342773438
0,0,0,0,40.216243743896484,-0.48066961765289307,9.925926208496094
0,0,0,0,40.13945007324219,-0.4841839373111725,9.925239562988281
0,0,0,0,40.08181381225586,-0.48678094148635864,9.924659729003906
0,0,0,0,40.02425765991211,-0.4894200563430786,9.924072265625
0,0,0,0,39.9473991394043,-0.49288007616996765,9.923240661621094
0,0,0,0,39.88986587524414,-0.4955250024795532,9.922637939453125
0,0,0,0,39.832279205322266,-0.4980897605419159,9.922004699707031
0,0,0,0,39.755714416503906,-0.5015848278999329,9.921104431152344
0,0,0,0,39.6982536315918,-0.504172682762146,9.920394897460938
0,0,0,0,39.64093017578125,-0.5068514347076416,9.919662475585938
0,0,0,0,39.56444549560547,-0.5102723836898804,9.918594360351562
0,0,0,0,39.507144927978516,-0.5128893256187439,9.917747497558594
0,0,0,0,39.4498291015625,-0.5154147148132324,9.916854858398438
0,0,0,0,39.37350082397461,-0.5188053250312805,9.915534973144531
0,0,0,0,39.31625747680664,-0.5212675929069519,9.914436340332031
0,0,0,0,39.259002685546875,-0.5237429141998291,9.91326904296875
0,0,0,0,39.18269348144531,-0.5269709825515747,9.911605834960938
0,0,0,0,39.125404357910156,-0.529350757598877,9.910232543945312
0,0,0,0,39.06815719604492,-0.5317191481590271,9.908767700195312
0,0,0,0,38.99174499511719,-0.5348788499832153,9.906730651855469
0,0,0,0,38.93449401855469,-0.5372940301895142,9.905189514160156
0,0,0,0,38.87714767456055,-0.539630115032196,9.903656005859375
0,0,0,0,38.80071258544922,-0.5428366661071777,9.901664733886719
0,0,0,0,38.74325942993164,-0.5451937317848206,9.900230407714844
0,0,0,0,38.68590545654297,-0.5476557612419128,9.898849487304688
0,0,0,0,38.609413146972656,-0.5508669018745422,9.897048950195312
0,0,0,0,38.55221176147461,-0.5533478856086731,9.895759582519531
0,0,0,0,38.4951286315918,-0.5557093024253845,9.894523620605469
0,0,0,0,38.4195442199707,-0.5588693618774414,9.8929443359375
0,0,0,0,38.36333465576172,-0.5611316561698914,9.891792297363281
0,0,0,0,38.30768966674805,-0.5634134411811829,9.890678405761719
0,0,0,0,38.23457336425781,-0.566343367099762,9.889152526855469
0,0,0,0,38.180667877197266,-0.5685485005378723,9.887969970703125
0,0,0,0,38.127685546875,-0.5706963539123535,9.886756896972656
0,0,0,0,38.05851745605469,-0.5735301971435547,9.885139465332031
0,0,0,0,38.00797653198242,-0.5756248235702515,9.883880615234375
0,0,0,0,37.95851516723633,-0.5776690244674683,9.882583618164062
0,0,0,0,37.894588470458984,-0.5804168581962585,9.880836486816406
0,0,0,0,37.84808349609375,-0.5823867917060852,9.879501342773438
0,0,0,0,37.80302810668945,-0.5844054222106934,9.87811279296875
0,0,0,0,37.74503707885742,-0.586986243724823,9.876197814941406
0,0,0,0,37.70325469970703,-0.5889818072319031,9.874671936035156
0,0,0,0,37.66279220581055,-0.5908873677253723,9.873130798339844
0,0,0,0,37.61109924316406,-0.5934780836105347,9.871047973632812
0,0,0,0,37.5738639831543,-0.5953598618507385,9.869483947753906
0,0,0,0,37.53803253173828,-0.597334086894989,9.867774963378906
0,0,0,0,37.49210739135742,-0.5997886061668396,9.865104675292969
0,0,0,0,37.45883560180664,-0.6013224720954895,9.863121032714844
0,0,0,0,37.426448822021484,-0.6024460196495056,9.861442565917969
0,0,0,0,37.38481140136719,-0.6037018299102783,9.859481811523438
0,0,0,0,37.354835510253906,-0.604485809803009,9.858139038085938
0,0,0,0,37.325862884521484,-0.6050770878791809,9.85687255859375
0,0,0,0,37.28899002075195,-0.6055423021316528,9.855278015136719
0,0,0,0,37.26250076293945,-0.6056033372879028,9.854118347167969
0,0,0,0,37.237117767333984,-0.6054854989051819,9.852935791015625
0,0,0,0,37.20469284057617,-0.6048480272293091,9.851318359375
0,0,0,0,37.181480407714844,-0.6040740013122559,9.850044250488281
0,0,0,0,37.15900421142578,-0.6028757691383362,9.848724365234375
0,0,0,0,37.13032913208008,-0.6008321046829224,9.846908569335938
0,0,0,0,37.109561920166016,-0.5988078713417053,9.845458984375
0,0,0,0,37.08952331542969,-0.5965191125869751,9.84393310546875
0,0,0,0,37.06364822387695,-0.5928201079368591,9.841766357421875
0,0,0,0,37.04486846923828,-0.5896526575088501,9.840049743652344
0,0,0,0,37.02649688720703,-0.5860443115234375,9.838203430175781
0,0,0,0,37.00261688232422,-0.5807141065597534,9.835540771484375
0,0,0,0,36.98515319824219,-0.5762847065925598,9.833450317382812
0,0,0,0,36.96796417236328,-0.5715265274047852,9.831275939941406
0,0,0,0,36.9454345703125,-0.564672589302063,9.828269958496094
0,0,0,0,36.928680419921875,-0.5591394901275635,9.825843811035156
0,0,0,0,36.906612396240234,-0.551293134689331,9.82232666015625
0,0,0,0,36.89002227783203,-0.5449010133743286,9.819473266601562
0,0,0,0,36.873451232910156,-0.5381551384925842,9.816398620605469
0,0,0,0,36.85666275024414,-0.5309125185012817,9.813041687011719
0,0,0,0,36.83393859863281,-0.5205356478691101,9.808090209960938
0,0,0,0,36.816314697265625,-0.5120306611061096,9.80401611328125
0,0,0,0,36.79827117919922,-0.5029919147491455,9.799636840820312
0,0,0,0,36.773223876953125,-0.4899255633354187,9.793312072753906
0,0,0,0,36.75375747680664,-0.47944769263267517,9.788215637207031
0,0,0,0,36.733558654785156,-0.46823373436927795,9.782844543457031
0,0,0,0,36.70549774169922,-0.4522911310195923,9.775344848632812
0,0,0,0,36.68357467651367,-0.43951714038848877,9.769554138183594
0,0,0,0,36.66085433959961,-0.42615464329719543,9.763656616210938
0,0,0,0,36.62931442260742,-0.4073759913444519,9.755599975585938
0,0,0,0,36.604591369628906,-0.39261341094970703,9.749404907226562
0,0,0,0,36.57904052734375,-0.3773123621940613,9.743118286132812
0,0,0,0,36.54351806640625,-0.35602232813835144,9.734580993652344
0,0,0,0,36.51592254638672,-0.33943653106689453,9.72808837890625
0,0,0,0,36.48733901977539,-0.3222864866256714,9.721450805664062
0,0,0,0,36.44794464111328,-0.29869285225868225,9.712417602539062
0,0,0,0,36.41728210449219,-0.28038397431373596,9.705474853515625
0,0,0,0,36.38587188720703,-0.26166069507598877,9.698448181152344
0,0,0,0,36.34259796142578,-0.23587998747825623,9.688835144042969
0,0,0,0,36.309200286865234,-0.21609728038311005,9.681472778320312
0,0,0,0,36.2748908996582,-0.19580033421516418,9.673957824707031
0,0,0,0,36.22792434692383,-0.16819041967391968,9.66375732421875
0,0,0,0,36.19169235229492,-0.14696046710014343,9.655990600585938
0,0,0,0,36.15462875366211,-0.12541285157203674,9.648155212402344
0,0,0,0,36.10386276245117,-0.09605787694454193,9.637626647949219
0,0,0,0,36.06483840942383,-0.07368447631597519,9.629684448242188
0,0,0,0,36.02506637573242,-0.05096324905753136,9.621757507324219
0,0,0,0,35.970829010009766,-0.02026541158556938,9.611213684082031
0,0,0,0,35.92934036254883,0.003035604953765869,9.603378295898438
0,0,0,0,35.88703155517578,0.026624713093042374,9.595611572265625
0,0,0,0,35.82963943481445,0.058445870876312256,9.585365295410156
0,0,0,0,35.78573989868164,0.08262018114328384,9.577743530273438
0,0,0,0,35.74128341674805,0.10693459212779999,9.570167541503906
0,0,0,0,35.68091583251953,0.1397385448217392,9.560081481933594
0,0,0,0,35.63503646850586,0.1645018756389618,9.552566528320312
0,0,0,0,35.58852767944336,0.1895708590745926,9.545112609863281
0,0,0,0,35.52581787109375,0.22313040494918823,9.535293579101562
0,0,0,0,35.478187561035156,0.24852950870990753,9.528030395507812
0,0,0,0,35.43016052246094,0.2739974558353424,9.520858764648438
0,0,0,0,35.36540603637695,0.30824699997901917,9.511383056640625
0,0,0,0,35.31642150878906,0.333999365568161,9.504356384277344
0,0,0,0,35.267093658447266,0.3598807454109192,9.497398376464844
0,0,0,0,35.20083236694336,0.3944147825241089,9.488227844238281
0,0,0,0,35.15085220336914,0.420356810092926,9.481460571289062
0,0,0,0,35.100555419921875,0.44629740715026855,9.474784851074219
0,0,0,0,35.03316116333008,0.48085299134254456,9.466018676757812
0,0,0,0,34.98224639892578,0.5067575573921204,9.459564208984375
0,0,0,0,34.93122482299805,0.5325769782066345,9.453262329101562
0,0,0,0,34.862831115722656,0.5669258832931519,9.445053100585938
0,0,0,0,34.811397552490234,0.5924990177154541,9.439002990722656
0,0,0,0,34.75967788696289,0.6180448532104492,9.433082580566406
0,0,0,0,34.69054412841797,0.6518018841743469,9.425453186035156
0,0,0,0,34.63841247558594,0.6769959926605225,9.419898986816406
0,0,0,0,34.58620071411133,0.7019204497337341,9.414497375488281
0,0,0,0,34.51624298095703,0.7348737120628357,9.407524108886719
0,0,0,0,34.4636116027832,0.7592124938964844,9.402534484863281
0,0,0,0,34.410804748535156,0.7832871675491333,9.397735595703125
0,0,0,0,34.34017562866211,0.8147770166397095,9.391654968261719
0,0,0,0,34.28702926635742,0.8379746079444885,9.387344360351562
0,0,0,0,34.233665466308594,0.8607290387153625,9.383232116699219
0,0,0,0,34.1622428894043,0.8903607726097107,9.378120422363281
0,0,0,0,34.10841369628906,0.9119995832443237,9.374549865722656
0,0,0,0,34.05448532104492,0.9330793023109436,9.3712158203125
0,0,0,0,33.98219680786133,0.9603045582771301,9.367118835449219
0,0,0,0,33.92782211303711,0.9799448847770691,9.364295959472656
0,0,0,0,33.873104095458984,0.9989778399467468,9.361671447753906
0,0,0,0,33.7999382019043,1.023186445236206,9.358505249023438
0,0,0,0,33.74473571777344,1.0405516624450684,9.35638427734375
0,0,0,0,33.68938064575195,1.0570439100265503,9.354499816894531
0,0,0,0,33.61509704589844,1.0778093338012695,9.352409362792969
0,0,0,0,33.55912399291992,1.0923151969909668,9.35113525390625
0,0,0,0,33.50291061401367,1.1060245037078857,9.350120544433594
0,0,0,0,33.42768859863281,1.1228448152542114,9.349166870117188
0,0,0,0,33.37104415893555,1.1344560384750366,9.348747253417969
0,0,0,0,33.31422424316406,1.1451025009155273,9.348526000976562
0,0,0,0,33.2382698059082,1.157869815826416,9.3485107421875
0,0,0,0,33.18114471435547,1.1663472652435303,9.348739624023438
0,0,0,0,33.123992919921875,1.173917531967163,9.349212646484375
0,0,0,0,33.047576904296875,1.1825836896896362,9.35015869140625
0,0,0,0,32.99028015136719,1.187943696975708,9.351043701171875
0,0,0,0,32.9328498840332,1.192449688911438,9.352096557617188
0,0,0,0,32.85628128051758,1.1969925165176392,9.353729248046875
0,0,0,0,32.79875564575195,1.1993811130523682,9.355094909667969
0,0,0,0,32.74128341674805,1.2007670402526855,9.356582641601562
0,0,0,0,32.664512634277344,1.2013486623764038,9.358749389648438
0,0,0,0,32.60702896118164,1.2007503509521484,9.360496520996094
0,0,0,0,32.54945373535156,1.1994473934173584,9.362380981445312
0,0,0,0,32.472774505615234,1.1963673830032349,9.365081787109375
0,0,0,0,32.41527557373047,1.1932178735733032,9.367233276367188
0,0,0,0,32.35782241821289,1.1892917156219482,9.369461059570312
0,0,0,0,32.28121566772461,1.1829966306686401,9.372611999511719
0,0,0,0,32.223793029785156,1.1774810552597046,9.375068664550781
0,0,0,0,32.16645431518555,1.171383261680603,9.377593994140625
0,0,0,0,32.07099914550781,1.1599301099777222,9.381927490234375
0,0,0,0,32.032920837402344,1.1548761129379272,9.383674621582031
0,0,0,0,31.975778579711914,1.1468756198883057,9.386322021484375
0,0,0,0,31.89980125427246,1.1353638172149658,9.389892578125
0,0,0,0,31.84278106689453,1.1262543201446533,9.392585754394531
0,0,0,0,31.78592300415039,1.116670846939087,9.395301818847656
0,0,0,0,31.7100772857666,1.1033493280410767,9.399002075195312
0,0,0,0,31.653310775756836,1.0928603410720825,9.401824951171875
0,0,0,0,31.59647560119629,1.0820927619934082,9.404747009277344
0,0,0,0,31.52089500427246,1.0671600103378296,9.408767700195312
0,0,0,0,31.464195251464844,1.055667757987976,9.411819458007812
0,0,0,0,31.407556533813477,1.043824315071106,9.414878845214844
0,0,0,0,31.331995010375977,1.0277050733566284,9.418922424316406
0,0,0,0,31.275346755981445,1.0152997970581055,9.42193603515625
0,0,0,0,31.218725204467773,1.0026915073394775,9.424942016601562
0,0,0,0,31.143152236938477,0.9855449795722961,9.428932189941406
0,0,0,0,31.08651351928711,0.9725013375282288,9.431922912597656
0,0,0,0,31.029861450195312,0.9593155384063721,9.434852600097656
0,0,0,0,30.954423904418945,0.9415825605392456,9.438697814941406
0,0,0,0,30.89777183532715,0.9281986355781555,9.441535949707031
0,0,0,0,30.841245651245117,0.9147061109542847,9.444343566894531
0,0,0,0,30.765762329101562,0.8966710567474365,9.448043823242188
0,0,0,0,30.709243774414062,0.8830073475837708,9.450843811035156
0,0,0,0,30.652631759643555,0.869364321231842,9.453666687011719
0,0,0,0,30.577255249023438,0.8510477542877197,9.45751953125
0,0,0,0,30.520675659179688,0.8373655080795288,9.460403442382812
0,0,0,0,30.46416664123535,0.8236027359962463,9.463272094726562
0,0,0,0,30.388763427734375,0.805355429649353,9.467041015625
0,0,0,0,30.33226776123047,0.7916330099105835,9.469802856445312
0,0,0,0,30.275758743286133,0.777999758720398,9.472541809082031
0,0,0,0,30.200439453125,0.7598381042480469,9.4761962890625
0,0,0,0,30.143993377685547,0.746316134929657,9.478889465332031
0,0,0,0,30.087522506713867,0.7328365445137024,9.481582641601562
0,0,0,0,30.01228141784668,0.7149996757507324,9.485153198242188
0,0,0,0,29.95582389831543,0.7017125487327576,9.487831115722656
0,0,0,0,29.899438858032227,0.6884986162185669,9.490547180175781
0,0,0,0,29.824169158935547,0.6710634231567383,9.494277954101562
0,0,0,0,29.767812728881836,0.6580387353897095,9.497154235839844
0,0,0,0,29.711334228515625,0.6451669931411743,9.50006103515625
0,0,0,0,29.63614845275879,0.6281028389930725,9.503997802734375
0,0,0,0,29.57967758178711,0.6154989004135132,9.506950378417969
0,0,0,0,29.5233154296875,0.602918267250061,9.509933471679688
0,0,0,0,29.448097229003906,0.5863723158836365,9.513961791992188
0,0,0,0,29.391752243041992,0.5739786028862,9.517021179199219
0,0,0,0,29.335384368896484,0.561739444732666,9.520095825195312
0,0,0,0,29.260326385498047,0.5454423427581787,9.524185180664062
0,0,0,0,29.20404052734375,0.5333132147789001,9.527214050292969
0,0,0,0,29.147756576538086,0.5212135910987854,9.530204772949219
0,0,0,0,29.07272720336914,0.505220890045166,9.534133911132812
0,0,0,0,29.016450881958008,0.49327218532562256,9.53704833984375
0,0,0,0,28.96024513244629,0.48137378692626953,9.53997802734375
0,0,0,0,28.88527488708496,0.4655890464782715,9.543777465820312
0,0,0,0,28.82911491394043,0.4538041055202484,9.54656982421875
0,0,0,0,28.772846221923828,0.44213956594467163,9.549346923828125
0,0,0,0,28.69793701171875,0.426567018032074,9.553024291992188
0,0,0,0,28.641666412353516,0.4149816632270813,9.555763244628906
0,0,0,0,28.58548355102539,0.4033339023590088,9.558464050292969
0,0,0,0,28.51044273376465,0.3879298269748688,9.562065124511719
0,0,0,0,28.45419692993164,0.376322478055954,9.564834594726562
0,0,0,0,28.397876739501953,0.36479607224464417,9.567634582519531
0,0,0,0,28.32288932800293,0.3493681252002716,9.5714111328125
0,0,0,0,28.266613006591797,0.33788201212882996,9.574234008789062
0,0,0,0,28.210336685180664,0.32636532187461853,9.577049255371094
0,0,0,0,28.13521957397461,0.3110960125923157,9.580802917480469
0,0,0,0,28.078821182250977,0.2996232211589813,9.583595275878906
0,0,0,0,28.022432327270508,0.2882281541824341,9.586402893066406
0,0,0,0,27.947166442871094,0.27308189868927,9.590164184570312
0,0,0,0,27.890695571899414,0.2617679238319397,9.592979431152344
0,0,0,0,27.8341064453125,0.2505350708961487,9.595779418945312
0,0,0,0,27.758647918701172,0.2356346696615219,9.599517822265625
0,0,0,0,27.70192527770996,0.22457163035869598,9.602264404296875
0,0,0,0,27.6452693939209,0.2135137915611267,9.604965209960938
0,0,0,0,27.569486618041992,0.19891944527626038,9.6085205078125
0,0,0,0,27.51263427734375,0.18795739114284515,9.611175537109375
0,0,0,0,27.455617904663086,0.1771301031112671,9.613822937011719
0,0,0,0,27.37959861755371,0.16267918050289154,9.617355346679688
0,0,0,0,27.322444915771484,0.1520056277513504,9.620002746582031
0,0,0,0,27.265304565429688,0.1413329839706421,9.622650146484375
0,0,0,0,27.188995361328125,0.1272955983877182,9.626144409179688
0,0,0,0,27.131759643554688,0.11682561039924622,9.628753662109375
0,0,0,0,27.074485778808594,0.10645447671413422,9.631362915039062
0,0,0,0,26.998050689697266,0.09267618507146835,9.634864807128906
0,0,0,0,26.940732955932617,0.08244697004556656,9.637481689453125
0,0,0,0,26.883317947387695,0.07231088727712631,9.640106201171875
0,0,0,0,26.806798934936523,0.058938197791576385,9.643600463867188
0,0,0,0,26.74934196472168,0.04904292896389961,9.646194458007812
0,0,0,0,26.691991806030273,0.03920498117804527,9.648773193359375
0,0,0,0,26.61540412902832,0.02630796656012535,9.652236938476562
0,0,0,0,26.558069229125977,0.016705965623259544,9.654899597167969
0,0,0,0,26.500646591186523,0.007284126710146666,9.6575927734375
0,0,0,0,26.424169540405273,-0.005215117707848549,9.661262512207031
0,0,0,0,26.366724014282227,-0.01442008651793003,9.664031982421875
0,0,0,0,26.309337615966797,-0.02359776943922043,9.666839599609375
0,0,0,0,26.232728958129883,-0.035590220242738724,9.670631408691406
0,0,0,0,26.175323486328125,-0.044511280953884125,9.673492431640625
0,0,0,0,26.117855072021484,-0.053245291113853455,9.676368713378906
0,0,0,0,26.041189193725586,-0.06470401585102081,9.680198669433594
0,0,0,0,25.983657836914062,-0.07311197370290756,9.68310546875
0,0,0,0,25.92607307434082,-0.08143837749958038,9.686050415039062
0,0,0,0,25.849294662475586,-0.0923498347401619,9.689979553222656
0,0,0,0,25.79159927368164,-0.10040194541215897,9.692962646484375
0,0,0,0,25.733922958374023,-0.10832779854536057,9.695930480957031
0,0,0,0,25.65683364868164,-0.11867973208427429,9.699920654296875
0,0,0,0,25.599035263061523,-0.12634889781475067,9.70294189453125
0,0,0,0,25.541093826293945,-0.13383342325687408,9.705947875976562
0,0,0,0,25.46383285522461,-0.14366525411605835,9.709930419921875
0,0,0,0,25.405763626098633,-0.15080812573432922,9.712905883789062
0,0,0,0,25.34775733947754,-0.15791723132133484,9.715873718261719
0,0,0,0,25.270278930664062,-0.16710835695266724,9.719833374023438
0,0,0,0,25.212160110473633,-0.17390076816082,9.722808837890625
0,0,0,0,25.15396499633789,-0.18049238622188568,9.725791931152344
0,0,0,0,25.07643699645996,-0.18922032415866852,9.729759216308594
0,0,0,0,25.0183162689209,-0.19563746452331543,9.732711791992188
0,0,0,0,24.960216522216797,-0.20204119384288788,9.735649108886719
0,0,0,0,24.88277816772461,-0.2104312926530838,9.739570617675781
0,0,0,0,24.824684143066406,-0.2166944146156311,9.74249267578125
0,0,0,0,24.766645431518555,-0.22287696599960327,9.745376586914062
0,0,0,0,24.689178466796875,-0.23101429641246796,9.749198913574219
0,0,0,0,24.63119125366211,-0.23709167540073395,9.751983642578125
0,0,0,0,24.573139190673828,-0.2430945634841919,9.754684448242188
0,0,0,0,24.495798110961914,-0.2511192858219147,9.758148193359375
0,0,0,0,24.437694549560547,-0.2570238411426544,9.760635375976562
0,0,0,0,24.37971305847168,-0.2629721462726593,9.763023376464844
0,0,0,0,24.3023738861084,-0.27081963419914246,9.766067504882812
0,0,0,0,24.244483947753906,-0.27676379680633545,9.768264770507812
0,0,0,0,24.186538696289062,-0.28261569142341614,9.770378112792969
0,0,0,0,24.1093692779541,-0.2904835045337677,9.773094177246094
0,0,0,0,24.051464080810547,-0.2962959110736847,9.775039672851562
0,0,0,0,23.993642807006836,-0.302160382270813,9.77691650390625
0,0,0,0,23.916610717773438,-0.3099055290222168,9.779335021972656
0,0,0,0,23.85883140563965,-0.31578394770622253,9.781074523925781
0,0,0,0,23.801069259643555,-0.32167166471481323,9.782798767089844
0,0,0,0,23.724044799804688,-0.32959669828414917,9.785163879394531
0,0,0,0,23.66634750366211,-0.33560478687286377,9.786964416503906
0,0,0,0,23.608572006225586,-0.3416316509246826,9.788742065429688
0,0,0,0,23.531633377075195,-0.3497488796710968,9.791084289550781
0,0,0,0,23.473854064941406,-0.3558056354522705,9.792800903320312
0,0,0,0,23.416166305541992,-0.3619190752506256,9.794479370117188
0,0,0,0,23.339113235473633,-0.37007495760917664,9.796638488769531
0,0,0,0,23.281387329101562,-0.37633055448532104,9.798202514648438
0,0,0,0,23.223548889160156,-0.38252875208854675,9.79974365234375
0,0,0,0,23.146533966064453,-0.3909051716327667,9.80181884765625
0,0,0,0,23.088680267333984,-0.397187203168869,9.803382873535156
0,0,0,0,23.030864715576172,-0.4036358892917633,9.804954528808594
0,0,0,0,22.95368194580078,-0.4122451841831207,9.806991577148438
0,0,0,0,22.895784378051758,-0.41877129673957825,9.808509826660156
0,0,0,0,22.83786392211914,-0.4252822995185852,9.810005187988281
0,0,0,0,22.7606201171875,-0.4340987205505371,9.811996459960938
0,0,0,0,22.702714920043945,-0.44071900844573975,9.8134765625
0,0,0,0,22.644750595092773,-0.44737157225608826,9.814956665039062
0,0,0,0,22.56751823425293,-0.45622700452804565,9.816993713378906
0,0,0,0,22.509521484375,-0.4628198444843292,9.818565368652344
0,0,0,0,22.45160675048828,-0.469419002532959,9.820175170898438
0,0,0,0,22.37429428100586,-0.4781338572502136,9.822334289550781
0,0,0,0,22.31639862060547,-0.48466408252716064,9.823982238769531
0,0,0,0,22.258405685424805,-0.49110835790634155,9.825645446777344
0,0,0,0,22.18123435974121,-0.49969595670700073,9.827888488769531
0,0,0,0,22.12329864501953,-0.5059966444969177,9.829551696777344
0,0,0,0,22.065427780151367,-0.5123201608657837,9.831146240234375
0,0,0,0,21.988178253173828,-0.5205672383308411,9.833152770996094
0,0,0,0,21.93027687072754,-0.5267409682273865,9.834556579589844
0,0,0,0,21.87238121032715,-0.5328001976013184,9.835838317871094
0,0,0,0,21.795297622680664,-0.5408514738082886,9.83734130859375
0,0,0,0,21.737537384033203,-0.546816885471344,9.838340759277344
0,0,0,0,21.679779052734375,-0.5527698993682861,9.839279174804688
0,0,0,0,21.60280990600586,-0.5606154799461365,9.840362548828125
0,0,0,0,21.545021057128906,-0.5664393901824951,9.841026306152344
0,0,0,0,21.46807289123535,-0.574219822883606,9.841705322265625
0,0,0,0,21.410289764404297,-0.5799923539161682,9.842079162597656
0,0,0,0,21.352628707885742,-0.5858401656150818,9.842330932617188
0,0,0,0,21.27565574645996,-0.593556821346283,9.842506408691406
0,0,0,0,21.218017578125,-0.5993967056274414,9.842514038085938
0,0,0,0,21.16029167175293,-0.605139970779419,9.842430114746094
0,0,0,0,21.1026554107666,-0.6109470725059509,9.842315673828125
0,0,0,0,21.025707244873047,-0.6185606718063354,9.842063903808594
0,0,0,0,20.968082427978516,-0.624325156211853,9.841827392578125
0,0,0,0,20.910429000854492,-0.6300056576728821,9.841575622558594
0,0,0,0,20.83364486694336,-0.6376308798789978,9.8411865234375
0,0,0,0,20.776073455810547,-0.643287718296051,9.84088134765625
0,0,0,0,20.71855354309082,-0.6489806771278381,9.840591430664062
0,0,0,0,20.64191246032715,-0.6565211415290833,9.840179443359375
0,0,0,0,20.584453582763672,-0.6621823310852051,9.839889526367188
0,0,0,0,20.527088165283203,-0.6678425073623657,9.839614868164062
0,0,0,0,20.450658798217773,-0.6754376888275146,9.839317321777344
0,0,0,0,20.393579483032227,-0.6811800599098206,9.839179992675781
0,0,0,0,20.33660125732422,-0.686897873878479,9.839118957519531
0,0,0,0,20.261247634887695,-0.6945042610168457,9.839088439941406
0,0,0,0,20.205211639404297,-0.7000775337219238,9.839103698730469
0,0,0,0,20.149850845336914,-0.7056400775909424,9.839126586914062
0,0,0,0,20.076974868774414,-0.7128955125808716,9.83905029296875
0,0,0,0,20.023300170898438,-0.7183175086975098,9.838943481445312
0,0,0,0,19.970420837402344,-0.7235791087150574,9.838790893554688
0,0,0,0,19.901512145996094,-0.7305694818496704,9.838516235351562
0,0,0,0,19.851024627685547,-0.7356588840484619,9.8382568359375
0,0,0,0,19.801715850830078,-0.7407248020172119,9.837936401367188
0,0,0,0,19.737838745117188,-0.7472384572029114,9.837417602539062
0,0,0,0,19.691429138183594,-0.7520126700401306,9.83697509765625
0,0,0,0,19.64637565612793,-0.7566111087799072,9.83648681640625
0,0,0,0,19.58841323852539,-0.7625397443771362,9.835739135742188
0,0,0,0,19.54664421081543,-0.7668238878250122,9.835121154785156
0,0,0,0,19.506256103515625,-0.7709559798240662,9.834457397460938
0,0,0,0,19.454761505126953,-0.7762355208396912,9.833534240722656
0,0,0,0,19.417789459228516,-0.7799327373504639,9.832839965820312
0,0,0,0,19.38241195678711,-0.7835023999214172,9.832160949707031
0,0,0,0,19.337453842163086,-0.7879119515419006,9.831298828125
0,0,0,0,19.305570602416992,-0.7910804748535156,9.830696105957031
0,0,0,0,19.275123596191406,-0.7939783930778503,9.830162048339844
0,0,0,0,19.236976623535156,-0.7977295517921448,9.829521179199219
0,0,0,0,19.210033416748047,-0.8002948760986328,9.829116821289062
0,0,0,0,19.184566497802734,-0.802788496017456,9.828750610351562
0,0,0,0,19.152711868286133,-0.805784285068512,9.828361511230469
0,0,0,0,19.130434036254883,-0.8079088926315308,9.828117370605469
0,0,0,0,19.102806091308594,-0.8105289340019226,9.827896118164062
0,0,0,0,19.083539962768555,-0.8123281002044678,9.827850341796875
0,0,0,0,19.06556510925293,-0.8140126466751099,9.827911376953125
0,0,0,0,19.04873275756836,-0.8155829310417175,9.828071594238281
0,0,0,0,19.028114318847656,-0.8174567222595215,9.828453063964844
0,0,0,0,19.013866424560547,-0.8186683058738708,9.828872680664062
0,0,0,0,19.0007381439209,-0.8197901844978333,9.829368591308594
0,0,0,0,18.984621047973633,-0.8210806846618652,9.83013916015625
0,0,0,0,18.973682403564453,-0.8219832181930542,9.830757141113281
0,0,0,0,18.963485717773438,-0.8227195739746094,9.831390380859375
0,0,0,0,18.951274871826172,-0.823634147644043,9.832252502441406
0,0,0,0,18.94297981262207,-0.8241592049598694,9.832916259765625
0,0,0,0,18.935508728027344,-0.8247206807136536,9.833587646484375
0,0,0,0,18.92654800415039,-0.8252928853034973,9.834518432617188
0,0,0,0,18.92064094543457,-0.8257123231887817,9.83526611328125
0,0,0,0,18.91532325744629,-0.826023519039154,9.8360595703125
0,0,0,0,18.909156799316406,-0.8264002203941345,9.837158203125
0,0,0,0,18.905176162719727,-0.8265956044197083,9.838043212890625
0,0,0,0,18.90167808532715,-0.8267652988433838,9.838973999023438
0,0,0,0,18.897768020629883,-0.8268974423408508,9.840232849121094
0,0,0,0,18.895273208618164,-0.8268951177597046,9.8411865234375
0,0,0,0,18.89328956604004,-0.8268116116523743,9.842140197753906
0,0,0,0,18.89116859436035,-0.8265005946159363,9.843475341796875
0,0,0,0,18.890111923217773,-0.8261520862579346,9.844779968261719
0,0,0,0,18.889509201049805,-0.8254615068435669,9.846336364746094
0,0,0,0,18.889984130859375,-0.8239287734031677,9.8486328125
0,0,0,0,18.891218185424805,-0.8221914768218994,9.850494384765625
0,0,0,0,18.89341926574707,-0.8200413584709167,9.852409362792969
0,0,0,0,18.897695541381836,-0.8162685036659241,9.85504150390625
0,0,0,0,18.902067184448242,-0.8128457069396973,9.857040405273438
0,0,0,0,18.907312393188477,-0.8087828159332275,9.859016418457031
0,0,0,0,18.91575813293457,-0.8026543855667114,9.861564636230469
0,0,0,0,18.923049926757812,-0.7974557280540466,9.863395690917969
0,0,0,0,18.93113136291504,-0.7918453216552734,9.865219116210938
0,0,0,0,18.942941665649414,-0.7836226224899292,9.867637634277344
0,0,0,0,18.952499389648438,-0.7770016193389893,9.869468688964844
0,0,0,0,18.962642669677734,-0.7700088024139404,9.871299743652344
0,0,0,0,18.976903915405273,-0.7601672410964966,9.873771667480469
0,0,0,0,18.988142013549805,-0.7524533271789551,9.875648498535156
0,0,0,0,18.99967384338379,-0.7444453835487366,9.8775634765625
0,0,0,0,19.01556968688965,-0.7334311604499817,9.88018798828125
0,0,0,0,19.02764320373535,-0.7248729467391968,9.882148742675781
0,0,0,0,19.0400333404541,-0.7161765098571777,9.884071350097656
0,0,0,0,19.056720733642578,-0.7041966915130615,9.8865966796875
0,0,0,0,19.069480895996094,-0.6951141357421875,9.888473510742188
0,0,0,0,19.08223533630371,-0.6858344078063965,9.890327453613281
0,0,0,0,19.099437713623047,-0.6733731031417847,9.892822265625
0,0,0,0,19.112417221069336,-0.6638283729553223,9.894760131835938
0,0,0,0,19.12558364868164,-0.6542081832885742,9.896812438964844
0,0,0,0,19.143386840820312,-0.6410422921180725,9.899650573730469
0,0,0,0,19.156963348388672,-0.6309943795204163,9.901870727539062
0,0,0,0,19.1707706451416,-0.6207167506217957,9.904167175292969
0,0,0,0,19.189634323120117,-0.6066466569900513,9.907180786132812
0,0,0,0,19.20412826538086,-0.5958816409111023,9.909469604492188
0,0,0,0,19.218753814697266,-0.5849494338035583,9.91192626953125
0,0,0,0,19.238811492919922,-0.569941520690918,9.915390014648438
0,0,0,0,19.254331588745117,-0.5581781268119812,9.918144226074219
0,0,0,0,19.27047348022461,-0.5460244417190552,9.921012878417969
0,0,0,0,19.292844772338867,-0.5289491415023804,9.925018310546875
0,0,0,0,19.310585021972656,-0.5155065059661865,9.9281005859375
0,0,0,0,19.329038619995117,-0.5013265609741211,9.931251525878906
0,0,0,0,19.355072021484375,-0.48144739866256714,9.935562133789062
0,0,0,0,19.375568389892578,-0.4656337797641754,9.938858032226562
0,0,0,0,19.39702796936035,-0.4491189420223236,9.942192077636719
0,0,0,0,19.427013397216797,-0.4257446229457855,9.946731567382812
0,0,0,0,19.45063018798828,-0.40732356905937195,9.9501953125
0,0,0,0,19.475168228149414,-0.3880453407764435,9.953750610351562
0,0,0,0,19.50937271118164,-0.36114585399627686,9.958595275878906
0,0,0,0,19.53619956970215,-0.3400128185749054,9.962326049804688
0,0,0,0,19.56393051147461,-0.318081259727478,9.9661865234375
0,0,0,0,19.6024169921875,-0.2876497209072113,9.971458435058594
0,0,0,0,19.63227653503418,-0.26392754912376404,9.97552490234375
0,0,0,0,19.663131713867188,-0.23952707648277283,9.979637145996094
0,0,0,0,19.705463409423828,-0.20589976012706757,9.985282897949219
0,0,0,0,19.73825454711914,-0.17990361154079437,9.989608764648438
0,0,0,0,19.77179718017578,-0.1531158685684204,9.994003295898438
0,0,0,0,19.81785774230957,-0.11638309806585312,9.999992370605469
0,0,0,0,19.853208541870117,-0.08794425427913666,10.004531860351562
0,0,0,0,19.889368057250977,-0.05888962000608444,10.009117126464844
0,0,0,0,19.938627243041992,-0.018956927582621574,10.015174865722656
0,0,0,0,19.97641372680664,0.011741570197045803,10.019615173339844
0,0,0,0,20.01480484008789,0.04316776618361473,10.023948669433594
0,0,0,0,20.066913604736328,0.08593955636024475,10.029594421386719
0,0,0,0,20.106599807739258,0.11876792460680008,10.033653259277344
0,0,0,0,20.146753311157227,0.15212813019752502,10.037551879882812
0,0,0,0,20.200925827026367,0.1974845677614212,10.042510986328125
0,0,0,0,20.24187660217285,0.23213030397891998,10.046043395996094
0,0,0,0,20.28316879272461,0.2672742009162903,10.049415588378906
0,0,0,0,20.338502883911133,0.314907044172287,10.053688049316406
0,0,0,0,20.380292892456055,0.3511101007461548,10.05670166015625
0,0,0,0,20.422056198120117,0.3877747654914856,10.059547424316406
0,0,0,0,20.47795867919922,0.4371747672557831,10.063056945800781
0,0,0,0,20.519792556762695,0.47472599148750305,10.06549072265625
0,0,0,0,20.561702728271484,0.512497067451477,10.067756652832031
0,0,0,0,20.617403030395508,0.5633577704429626,10.070526123046875
0,0,0,0,20.659137725830078,0.6017688512802124,10.072441101074219
0,0,0,0,20.700702667236328,0.6405295729637146,10.074203491210938
0,0,0,0,20.756019592285156,0.692508339881897,10.076324462890625
0,0,0,0,20.797380447387695,0.731797456741333,10.077781677246094
0,0,0,0,20.838645935058594,0.7712258696556091,10.079147338867188
0,0,0,0,20.893465042114258,0.8242325186729431,10.080764770507812
0,0,0,0,20.934423446655273,0.8642309904098511,10.08184814453125
0,0,0,0,20.97529411315918,0.9044803380966187,10.082832336425781
0,0,0,0,21.029537200927734,0.9584732055664062,10.083984375
0,0,0,0,21.070112228393555,0.9991671442985535,10.084724426269531
0,0,0,0,21.110450744628906,1.0400882959365845,10.085273742675781
0,0,0,0,21.164138793945312,1.0949299335479736,10.083694458007812
0,0,0,0,21.20379638671875,1.1357513666152954,10.0814208984375
0,0,0,0,21.242637634277344,1.1754990816116333,10.078414916992188
0,0,0,0,21.292896270751953,1.227378249168396,10.07373046875
0,0,0,0,21.32978630065918,1.2657737731933594,10.070205688476562
0,0,0,0,21.365930557250977,1.3038902282714844,10.066825866699219
0,0,0,0,21.413393020629883,1.3541653156280518,10.062576293945312
0,0,0,0,21.44850730895996,1.391853928565979,10.059715270996094
0,0,0,0,21.483470916748047,1.4295705556869507,10.057205200195312
0,0,0,0,21.529945373535156,1.480209231376648,10.054489135742188
0,0,0,0,21.564847946166992,1.5184465646743774,10.052879333496094
0,0,0,0,21.599882125854492,1.5570794343948364,10.051605224609375
0,0,0,0,21.64686393737793,1.6091991662979126,10.050422668457031
0,0,0,0,21.682369232177734,1.6488693952560425,10.049995422363281
0,0,0,0,21.7180118560791,1.6890774965286255,10.050033569335938
0,0,0,0,21.765850067138672,1.7434900999069214,10.050735473632812
0,0,0,0,21.801822662353516,1.785021185874939,10.051673889160156
0,0,0,0,21.83804702758789,1.827043890953064,10.052963256835938
0,0,0,0,21.886409759521484,1.883950114250183,10.055084228515625
0,0,0,0,21.922897338867188,1.9271397590637207,10.056922912597656
0,0,0,0,21.959362030029297,1.9708396196365356,10.058845520019531
0,0,0,0,22.00820541381836,2.0295865535736084,10.061561584472656
0,0,0,0,22.044801712036133,2.07399845123291,10.063652038574219
0,0,0,0,22.081459045410156,2.118548631668091,10.065673828125
0,0,0,0,22.13020896911621,2.1783339977264404,10.0682373046875
0,0,0,0,22.166738510131836,2.223276376724243,10.070060729980469
0,0,0,0,22.21538543701172,2.2833902835845947,10.072265625
0,0,0,0,22.251752853393555,2.3285341262817383,10.073707580566406
0,0,0,0,22.288103103637695,2.373736619949341,10.074958801269531
0,0,0,0,22.33639144897461,2.4341225624084473,10.076309204101562
0,0,0,0,22.372577667236328,2.47944974899292,10.077041625976562
0,0,0,0,22.408586502075195,2.524871587753296,10.077552795410156
0,0,0,0,22.456565856933594,2.585498094558716,10.077964782714844
0,0,0,0,22.492351531982422,2.631101608276367,10.078056335449219
0,0,0,0,22.528148651123047,2.676708698272705,10.0780029296875
0,0,0,0,22.575668334960938,2.737673282623291,10.077766418457031
0,0,0,0,22.61133575439453,2.783339738845825,10.077476501464844
0,0,0,0,22.64688491821289,2.82908296585083,10.07708740234375
0,0,0,0,22.694303512573242,2.8899085521698,10.07647705078125
0,0,0,0,22.72980499267578,2.935559034347534,10.075950622558594
0,0,0,0,22.765348434448242,2.981071710586548,10.075401306152344
0,0,0,0,22.81268310546875,3.041677951812744,10.074638366699219
0,0,0,0,22.848148345947266,3.0870511531829834,10.073997497558594
0,0,0,0,22.88359260559082,3.132322072982788,10.073287963867188
0,0,0,0,22.930776596069336,3.192423105239868,10.072303771972656
0,0,0,0,22.9661922454834,3.2374155521392822,10.071517944335938
0,0,0,0,23.00153160095215,3.282348394393921,10.070686340332031
0,0,0,0,23.048728942871094,3.342118740081787,10.069572448730469
0,0,0,0,23.08407211303711,3.3869521617889404,10.068733215332031
0,0,0,0,23.11956214904785,3.431694269180298,10.067878723144531
0,0,0,0,23.166852951049805,3.491334915161133,10.066726684570312
0,0,0,0,23.20248031616211,3.535930871963501,10.065818786621094
0,0,0,0,23.238069534301758,3.580587148666382,10.064865112304688
0,0,0,0,23.285785675048828,3.6399974822998047,10.063568115234375
0,0,0,0,23.32162857055664,3.684560775756836,10.06256103515625
0,0,0,0,23.35762596130371,3.728985071182251,10.061538696289062
0,0,0,0,23.40567970275879,3.788174629211426,10.060142517089844
0,0,0,0,23.44180679321289,3.8324272632598877,10.059112548828125
0,0,0,0,23.477981567382812,3.8766725063323975,10.058113098144531
0,0,0,0,23.526357650756836,3.9355404376983643,10.056892395019531
0,0,0,0,23.562726974487305,3.9796886444091797,10.056015014648438
0,0,0,0,23.59905433654785,4.023822784423828,10.05517578125
0,0,0,0,23.647560119628906,4.0827202796936035,10.054130554199219
0,0,0,0,23.68389320373535,4.126928329467773,10.053413391113281
0,0,0,0,23.720335006713867,4.171122074127197,10.052757263183594
0,0,0,0,23.768810272216797,4.230173110961914,10.052024841308594
0,0,0,0,23.80524444580078,4.274453639984131,10.051589965820312
0,0,0,0,23.841596603393555,4.318856716156006,10.051223754882812
0,0,0,0,23.890201568603516,4.378026485443115,10.050865173339844
0,0,0,0,23.92659568786621,4.422545433044434,10.050674438476562
0,0,0,0,23.963085174560547,4.467038154602051,10.050537109375
0,0,0,0,24.011674880981445,4.526553630828857,10.050437927246094
0,0,0,0,24.04817008972168,4.5712080001831055,10.050407409667969
0,0,0,0,24.084579467773438,4.61600399017334,10.050437927246094
0,0,0,0,24.133060455322266,4.675631523132324,10.050636291503906
0,0,0,0,24.169353485107422,4.720430374145508,10.050865173339844
0,0,0,0,24.20553970336914,4.765279769897461,10.051155090332031
0,0,0,0,24.253679275512695,4.825226783752441,10.0516357421875
0,0,0,0,24.289621353149414,4.870279788970947,10.05206298828125
0,0,0,0,24.3255558013916,4.9153733253479,10.052536010742188
0,0,0,0,24.37329864501953,4.97564697265625,10.053298950195312
0,0,0,0,24.40911102294922,5.020914554595947,10.053932189941406
0,0,0,0,24.44477653503418,5.066349029541016,10.054580688476562
0,0,0,0,24.492307662963867,5.126997947692871,10.055412292480469
0,0,0,0,24.5277156829834,5.172621726989746,10.055953979492188
0,0,0,0,24.563032150268555,5.218132972717285,10.056388854980469
0,0,0,0,24.60968780517578,5.278801918029785,10.056846618652344
0,0,0,0,24.644515991210938,5.324182987213135,10.057090759277344
0,0,0,0,24.6790714263916,5.369558334350586,10.057212829589844
0,0,0,0,24.724931716918945,5.429832935333252,10.057212829589844
0,0,0,0,24.759132385253906,5.475066184997559,10.057121276855469
0,0,0,0,24.793203353881836,5.520247936248779,10.056953430175781
0,0,0,0,24.8384952545166,5.580630779266357,10.056632995605469
0,0,0,0,24.872377395629883,5.626003742218018,10.05633544921875
0,0,0,0,24.906221389770508,5.671457290649414,10.056007385253906
0,0,0,0,24.95113182067871,5.732113838195801,10.055557250976562
0,0,0,0,24.984783172607422,5.7776618003845215,10.055183410644531
0,0,0,0,25.018301010131836,5.823298931121826,10.054756164550781
0,0,0,0,25.063018798828125,5.8841705322265625,10.054100036621094
0,0,0,0,25.096439361572266,5.929996490478516,10.053573608398438
0,0,0,0,25.129980087280273,5.975881099700928,10.052993774414062
0,0,0,0,25.174619674682617,6.037229537963867,10.052207946777344
0,0,0,0,25.20814323425293,6.08312463760376,10.051628112792969
0,0,0,0,25.241561889648438,6.129105567932129,10.051071166992188
0,0,0,0,25.286211013793945,6.190469264984131,10.050369262695312
0,0,0,0,25.319705963134766,6.236657619476318,10.04986572265625
0,0,0,0,25.35323715209961,6.282673358917236,10.049354553222656
0,0,0,0,25.397621154785156,6.34355354309082,10.048744201660156
0,0,0,0,25.43054962158203,6.388673305511475,10.048408508300781
0,0,0,0,25.463172912597656,6.433433532714844,10.048110961914062
0,0,0,0,25.50627899169922,6.492566108703613,10.047752380371094
0,0,0,0,25.53841209411621,6.536565780639648,10.047508239746094
0,0,0,0,25.570327758789062,6.580337047576904,10.047248840332031
0,0,0,0,25.612815856933594,6.638416290283203,10.046775817871094
0,0,0,0,25.644527435302734,6.681856632232666,10.046348571777344
0,0,0,0,25.676362991333008,6.725188732147217,10.045822143554688
0,0,0,0,25.718812942504883,6.782989501953125,10.04498291015625
0,0,0,0,25.750844955444336,6.826282978057861,10.044258117675781
0,0,0,0,25.78287124633789,6.869671821594238,10.043441772460938
0,0,0,0,25.825864791870117,6.927491188049316,10.042221069335938
0,0,0,0,25.858257293701172,6.971089839935303,10.041213989257812
0,0,0,0,25.89092254638672,7.014739990234375,10.040122985839844
0,0,0,0,25.93474578857422,7.073193073272705,10.038558959960938
0,0,0,0,25.96790313720703,7.117098808288574,10.037391662597656
0,0,0,0,26.00128173828125,7.161135673522949,10.036231994628906
0,0,0,0,26.046092987060547,7.219932556152344,10.034706115722656
0,0,0,0,26.079957962036133,7.264123916625977,10.033584594726562
0,0,0,0,26.114017486572266,7.308362007141113,10.032485961914062
0,0,0,0,26.159818649291992,7.367522239685059,10.031036376953125
0,0,0,0,26.194305419921875,7.411968231201172,10.029953002929688
0,0,0,0,26.229063034057617,7.456421375274658,10.028907775878906
0,0,0,0,26.27558708190918,7.515817642211914,10.027572631835938
0,0,0,0,26.31076431274414,7.560342311859131,10.026626586914062
0,0,0,0,26.346023559570312,7.604959011077881,10.025718688964844
0,0,0,0,26.393476486206055,7.664397716522217,10.024650573730469
0,0,0,0,26.429231643676758,7.709078788757324,10.023918151855469
0,0,0,0,26.465253829956055,7.753654479980469,10.023223876953125
0,0,0,0,26.51343536376953,7.813082695007324,10.022377014160156
0,0,0,0,26.54975128173828,7.857495307922363,10.021820068359375
0,0,0,0,26.586166381835938,7.901895523071289,10.021316528320312
0,0,0,0,26.63497543334961,7.960853576660156,10.020683288574219
0,0,0,0,26.67170524597168,8.004968643188477,10.020240783691406
0,0,0,0,26.708507537841797,8.048908233642578,10.019851684570312
0,0,0,0,26.757707595825195,8.107406616210938,10.019462585449219
0,0,0,0,26.794713973999023,8.151229858398438,10.019233703613281
0,0,0,0,26.831897735595703,8.194918632507324,10.019050598144531
0,0,0,0,26.881521224975586,8.25292682647705,10.018905639648438
0,0,0,0,26.918943405151367,8.296236991882324,10.018814086914062
0,0,0,0,26.95637321472168,8.339436531066895,10.018722534179688
0,0,0,0,27.006505966186523,8.396601676940918,10.018585205078125
0,0,0,0,27.044103622436523,8.439187049865723,10.018470764160156
0,0,0,0,27.081846237182617,8.481417655944824,10.018310546875
0,0,0,0,27.132160186767578,8.537415504455566,10.018081665039062
0,0,0,0,27.17008399963379,8.579071998596191,10.017852783203125
0,0,0,0,27.20808982849121,8.620566368103027,10.017578125
0,0,0,0,27.259008407592773,8.675361633300781,10.017082214355469
0,0,0,0,27.297317504882812,8.716196060180664,10.016654968261719
0,0,0,0,27.335845947265625,8.756759643554688,10.016166687011719
0,0,0,0,27.387496948242188,8.81052017211914,10.015396118164062
0,0,0,0,27.426326751708984,8.850454330444336,10.014778137207031
0,0,0,0,27.465200424194336,8.89003849029541,10.014167785644531
0,0,0,0,27.516958236694336,8.942234992980957,10.013343811035156
0,0,0,0,27.555864334106445,8.980968475341797,10.012794494628906
0,0,0,0,27.59477424621582,9.019441604614258,10.012275695800781
0,0,0,0,27.6469669342041,9.070318222045898,10.011543273925781
0,0,0,0,27.686172485351562,9.10824203491211,10.010955810546875
0,0,0,0,27.725608825683594,9.145822525024414,10.010330200195312
0,0,0,0,27.778274536132812,9.195555686950684,10.00946044921875
0,0,0,0,27.81796646118164,9.23238468170166,10.008819580078125
0,0,0,0,27.857662200927734,9.268959999084473,10.008216857910156
0,0,0,0,27.910858154296875,9.317158699035645,10.007408142089844
0,0,0,0,27.95088005065918,9.352992057800293,10.006866455078125
0,0,0,0,27.99116325378418,9.388482093811035,10.006362915039062
0,0,0,0,28.045217514038086,9.435503959655762,10.005714416503906
0,0,0,0,28.086000442504883,9.470418930053711,10.005302429199219
0,0,0,0,28.12703514099121,9.505106925964355,10.004936218261719
0,0,0,0,28.18219566345215,9.551050186157227,10.004486083984375
0,0,0,0,28.22402000427246,9.585372924804688,10.004135131835938
0,0,0,0,28.266088485717773,9.61955738067627,10.003753662109375
0,0,0,0,28.322677612304688,9.664833068847656,10.003257751464844
0,0,0,0,28.365324020385742,9.698628425598145,10.002883911132812
0,0,0,0,28.40827178955078,9.732193946838379,10.002548217773438
0,0,0,0,28.46565055847168,9.776644706726074,10.002174377441406
0,0,0,0,28.50887680053711,9.809629440307617,10.001953125
0,0,0,0,28.552135467529297,9.842537879943848,10.001724243164062
0,0,0,0,28.61013412475586,9.8860445022583,10.001396179199219
0,0,0,0,28.65352439880371,9.918355941772461,10.001251220703125
0,0,0,0,28.69685173034668,9.95022201538086,10.001258850097656
0,0,0,0,28.754390716552734,9.992431640625,10.001426696777344
0,0,0,0,28.797489166259766,10.02376651763916,10.001602172851562
0,0,0,0,28.840505599975586,10.05496597290039,10.001815795898438
0,0,0,0,28.897705078125,10.096200942993164,10.002182006835938
0,0,0,0,28.9405517578125,10.126927375793457,10.002525329589844
0,0,0,0,28.983415603637695,10.157559394836426,10.002891540527344
0,0,0,0,29.040746688842773,10.1983060836792,10.003318786621094
0,0,0,0,29.08367919921875,10.228738784790039,10.003623962402344
0,0,0,0,29.1265869140625,10.25893783569336,10.003936767578125
0,0,0,0,29.183547973632812,10.298942565917969,10.004379272460938
0,0,0,0,29.226259231567383,10.328683853149414,10.004714965820312
0,0,0,0,29.2687931060791,10.358288764953613,10.005035400390625
0,0,0,0,29.325483322143555,10.397377014160156,10.005393981933594
0,0,0,0,29.36786651611328,10.426620483398438,10.005523681640625
0,0,0,0,29.41033172607422,10.455718040466309,10.005577087402344
0,0,0,0,29.466896057128906,10.494512557983398,10.005584716796875
0,0,0,0,29.50942039489746,10.52353286743164,10.005516052246094
0,0,0,0,29.551898956298828,10.552553176879883,10.005386352539062
0,0,0,0,29.608592987060547,10.59108829498291,10.005096435546875
0,0,0,0,29.651165008544922,10.620017051696777,10.004745483398438
0,0,0,0,29.69367218017578,10.648804664611816,10.004257202148438
0,0,0,0,29.75005531311035,10.686888694763184,10.003524780273438
0,0,0,0,29.79212188720703,10.715272903442383,10.002899169921875
0,0,0,0,29.834178924560547,10.743596076965332,10.002182006835938
0,0,0,0,29.890087127685547,10.781269073486328,10.001144409179688
0,0,0,0,29.93206024169922,10.809405326843262,10.000267028808594
0,0,0,0,29.973979949951172,10.837564468383789,9.999313354492188
0,0,0,0,30.029958724975586,10.87492847442627,9.997917175292969
0,0,0,0,30.07176971435547,10.902876853942871,9.996864318847656
0,0,0,0,30.1136531829834,10.93066692352295,9.995819091796875
0,0,0,0,30.169397354125977,10.967758178710938,9.994300842285156
0,0,0,0,30.21128273010254,10.995433807373047,9.993141174316406
0,0,0,0,30.25310516357422,11.02314281463623,9.991973876953125
0,0,0,0,30.309059143066406,11.059983253479004,9.990348815917969
0,0,0,0,30.35112190246582,11.08771800994873,9.989097595214844
0,0,0,0,30.393272399902344,11.115371704101562,9.987869262695312
0,0,0,0,30.44964027404785,11.152324676513672,9.986259460449219
0,0,0,0,30.492095947265625,11.180102348327637,9.985076904296875
0,0,0,0,30.534679412841797,11.207862854003906,9.983894348144531
0,0,0,0,30.591386795043945,11.244704246520996,9.982452392578125
0,0,0,0,30.633922576904297,11.272217750549316,9.981475830078125
0,0,0,0,30.676433563232422,11.29977035522461,9.98052978515625
0,0,0,0,30.73326301574707,11.336481094360352,9.979248046875
0,0,0,0,30.77578353881836,11.363945007324219,9.978370666503906
0,0,0,0,30.818410873413086,11.391287803649902,9.977554321289062
0,0,0,0,30.875267028808594,11.427902221679688,9.97650146484375
0,0,0,0,30.918155670166016,11.455377578735352,9.9757080078125
0,0,0,0,30.961156845092773,11.483043670654297,9.974853515625
0,0,0,0,31.018964767456055,11.520074844360352,9.973640441894531
0,0,0,0,31.062602996826172,11.548179626464844,9.972671508789062
0,0,0,0,31.10662269592285,11.57645034790039,9.971672058105469
0,0,0,0,31.165855407714844,11.614599227905273,9.970291137695312
0,0,0,0,31.210735321044922,11.643486022949219,9.969245910644531
0,0,0,0,31.256017684936523,11.672706604003906,9.968208312988281
0,0,0,0,31.316953659057617,11.71204662322998,9.966812133789062
0,0,0,0,31.363143920898438,11.741836547851562,9.965789794921875
0,0,0,0,31.40958595275879,11.771883964538574,9.964767456054688
0,0,0,0,31.471982955932617,11.812271118164062,9.963478088378906
0,0,0,0,31.518980026245117,11.842828750610352,9.962593078613281
0,0,0,0,31.5662784576416,11.873528480529785,9.961753845214844
0,0,0,0,31.629505157470703,11.914801597595215,9.960731506347656
0,0,0,0,31.67717742919922,11.945881843566895,9.96002197265625
0,0,0,0,31.724899291992188,11.977164268493652,9.959335327148438
0,0,0,0,31.788854598999023,12.018957138061523,9.958442687988281
0,0,0,0,31.836898803710938,12.050518035888672,9.957778930664062
0,0,0,0,31.885093688964844,12.08209228515625,9.957183837890625
0,0,0,0,31.94933319091797,12.124415397644043,9.956459045410156
0,0,0,0,31.997589111328125,12.156205177307129,9.955970764160156
0,0,0,0,32.045833587646484,12.188161849975586,9.955490112304688
0,0,0,0,32.11018753051758,12.230822563171387,9.954887390136719
0,0,0,0,32.15846252441406,12.262933731079102,9.954452514648438
0,0,0,0,32.206703186035156,12.295085906982422,9.9539794921875
0,0,0,0,32.271095275878906,12.338034629821777,9.953285217285156
0,0,0,0,32.3193359375,12.370312690734863,9.952735900878906
0,0,0,0,32.367645263671875,12.402602195739746,9.952095031738281
0,0,0,0,32.431941986083984,12.445734977722168,9.951141357421875
0,0,0,0,32.48027038574219,12.47806167602539,9.950332641601562
0,0,0,0,32.52847671508789,12.510505676269531,9.949462890625
0,0,0,0,32.592811584472656,12.553754806518555,9.948204040527344
0,0,0,0,32.6409912109375,12.58629322052002,9.947212219238281
0,0,0,0,32.68922805786133,12.61874771118164,9.946205139160156
0,0,0,0,32.753379821777344,12.66209888458252,9.944816589355469
0,0,0,0,32.801509857177734,12.694567680358887,9.943679809570312
0,0,0,0,32.849552154541016,12.727090835571289,9.942474365234375
0,0,0,0,32.91361618041992,12.770329475402832,9.940818786621094
0,0,0,0,32.96161651611328,12.802762985229492,9.939552307128906
0,0,0,0,33.00959014892578,12.835103988647461,9.938278198242188
0,0,0,0,33.0734748840332,12.878209114074707,9.936553955078125
0,0,0,0,33.121307373046875,12.910486221313477,9.935234069824219
0,0,0,0,33.169166564941406,12.942728996276855,9.933921813964844
0,0,0,0,33.23286819458008,12.985712051391602,9.932144165039062
0,0,0,0,33.280696868896484,13.017932891845703,9.930778503417969
0,0,0,0,33.32840347290039,13.050187110900879,9.929351806640625
0,0,0,0,33.391971588134766,13.093012809753418,9.927444458007812
0,0,0,0,33.43936538696289,13.125027656555176,9.926002502441406
0,0,0,0,33.486576080322266,13.15676498413086,9.924560546875
0,0,0,0,33.54876708984375,13.198708534240723,9.922683715820312
0,0,0,0,33.5948600769043,13.229642868041992,9.92132568359375
0,0,0,0,33.640289306640625,13.260212898254395,9.919998168945312
0,0,0,0,33.699867248535156,13.300113677978516,9.918296813964844
0,0,0,0,33.743648529052734,13.329473495483398,9.917045593261719
0,0,0,0,33.7866096496582,13.358211517333984,9.915840148925781
0,0,0,0,33.84246826171875,13.395636558532715,9.914276123046875
0,0,0,0,33.8831901550293,13.422897338867188,9.913101196289062
0,0,0,0,33.92292022705078,13.449456214904785,9.911872863769531
0,0,0,0,33.974159240722656,13.483747482299805,9.910186767578125
0,0,0,0,34.0113410949707,13.508585929870605,9.908897399902344
0,0,0,0,34.04726028442383,13.532685279846191,9.907554626464844
0,0,0,0,34.093345642089844,13.563531875610352,9.905685424804688
0,0,0,0,34.12643051147461,13.585794448852539,9.904190063476562
0,0,0,0,34.15838623046875,13.607186317443848,9.90264892578125
0,0,0,0,34.198936462402344,13.634444236755371,9.900566101074219
0,0,0,0,34.227943420410156,13.653820037841797,9.899040222167969
                                                                                                                                                                                                                                                                                                                                                                                                                                                                                                                                                                                                                                                                                                                                                                                                                                                                                                                                                                                                                                                                                                                                                                                                                                                                                                                                                                                                                                                                                                                                                                                                                                                                                                                                                                                                                                                                                                                                                                                                                                                                                                                                                                                                                                                                                                                                                                                                                                                                                                                                                                                                                                                                                                                                                                                                                                                                                                                                                                                                                                                                                                                                                                                                                                                                                                                                                                                                                                                                                                                                                                                                                                                                                                                                                                                                                                                                                                                                                                                                                                                                                                                                                                                                                                                                                                                                                                                                                                                                                                                                                                                                                                                                                                                                                                                                                                                                                                                                                                                                                                                                                                                                                                                                                                                                                                                                                                                                                                                                                                                                                                                                                                                                                                                                                                                                                                                                                                                                                                                                                                                                                                                                                                                                                                                                                                                                                                                                                                                                                                                                                                                                                                                                                                                                                                                                                                                                                                                                                                                                                                                                                                                                                                                                                                                                                                                                                                                                                                                                                                                                                                                                                                                                                                                                                                                                                                                                                                                                                                                                                                                                                                                                                                                                                                                                                                                                                                                                                                                                                                                                                                                                                                                                                                                                                                                                                                                                                                                                                                                                                                                                                                                                                                                                                                                                                                                                                                                                                                                                                                                                                                                                                                                                                                                                                                                                                                                                                                                                                                                                                                                                                                                                                                                                                                                                                                                                                                                                                                                                                                                                                                                                                                                                                                                                                                                                                                                                                                                                                                                                                                                                                                                                                                                                                                                                                                                                                                                                                                                                                                                                                                                                                                                                                                                                                                                                                                                                                                                                                                                                                                                                                                                                                                                                                                                                                                                                                                                                                                                                                                                                                                                                                                                                                                                                                                                                                                                                                                                                                                                                                                                                                                                                                                                                                                                                                                                                                                                                                                                                                                                                                                                                                                                                                                                                                                                                                                                                                                                                                                                                                                                                                                                                                                                                                                                                                                                                                                                                                                                                                                                                                                                                                                                                                                                                                                                                                                                                                                                                                                                                                                                                                                                                                                                                                                                                                                                                                                                                                                                                                                                                                                                                                                                                                                                                                                                                                                                                                                                                                                                                                                                                                                                                                                                                                                                                                                                                                                                                                                                                                                                                                                                                                                                                                                                                                                                                                                                                                                                                                                                                                                                                                                                                                                                                                                                                                                                                                                                                                                                                                                                                                                                                                                                                                                                                                                                                                                                                                                                                                                                                                                                                                                                                                                                                                                                                                                                                                                                                                                                                                                                                                                                                                                                                                                                                                                                                                                                                                                                                                                                                                                                                                                                                                                                                                                                                                                                                                                                                                                                                                                                                                                                                                                                                                                                                                                                                                                                                                                                                                                                                                                                                                                                                                                                                                                                                                                                                                                                                                                                                                                                                                                                                                                                                                                                                                                                                                                                                                                                                                                                                                                                                                                                                                                                                                                                                                                                                                                                                                                                                                                                                                                                                                                                                                                                                                                                                                                                                                                                                                                                                                                                                                                                                                                                                                                                                                                                                                                                                                                                                                                                                                                                                                                                                                                                                                                                                                                                                                                                                                                                                                                                                                                                                                                                                                                                                                                                                                                                                                                                                                                                                                                                                                                                                                                                                                                                                                                                                                                                                                                                                                                                                                                                                                                                                                                                                                                                                                                                                                                                                                                                                                                                                                                                                                                                                                                                                                                                                                                                                                                                                                                                                                                                                                                                                                                                                                                                                                                                                                                                                                                                                                                                                                                                                                                                                                                                                                                                                                                                                                                                                                                                                                                                                                                                                                                                                                                                                                                                                                                                                                                                                                                                                                                                                                                                                                                                                                                                                                                                                                                                                                                                                                                                                                                                                                                                                                                                                                                                                                                                                                                                                                                                                                                                                                                                                                                                                                                                                                                                                                                                                                                                                                                                                                                                                                                                                                                                                                                                                                                                                                                                                                                                                                                                                                                                                                                                                                                                                                                                                                                                                                                                                                                                                                                                                                                                                                                                                                                                                                                                                                                                                                                                                                                                                                                                                                                                                                                                                                                                                                                                                                                                                                                                                                                                                                                                                                                                                                                                                                                                                                                                                                                                                                                                                                                                                                                                                                                                                                                                                                                                                                                                                                                                                                                                                                                                                                                                                                                                                                                                                                                                                                                                                                                                                                                                                                                                                                                                                                                                                                                                                                                                                                                                                                                                                                                                                                                                                                                                                                                                                                                                                                                                                                                                                                                                                                                                                                                                                                                                                                                                                                                                                                                                                                                                                                                                                                                                                                                                                                                                                                                                                                                                                                                                                                                                                                                                                                                                                                                                                                                                                                                                                                                                                                                                                                                                                                                                                                                                                                                                                                                                                                                                                                                                                                                                                                                                                                                                                                                                                                                                                                                                                                                                                                                                                                                                                                                                                                                                                                                                                                                                                                                                                                                                                                                                                                                                                                                                                                                                                                                                                                                                                                                                                                                                                                                                                                                                                                                                                                                                                                                                                                                                                                                                                                                                                                                                                                                                                                                                                                                                                                                                                                                                                                                                                                                                                                                                                                                                                                                                                                                                                                                                                                                                                                                                                                                                                                                                                                                                                                                                                                                                                                                                                                                                                                                                                                                                                                                                                                                                                                                                                                                                                                                                                                                                                                                                                                                                                                                                                                                                                                                                                                                                                                                                                                                                                                                                                                                                                                                                                                                                                                                                                                                                                                                                                                                                                                                                                                                                                                                                                                                                                                                                                                                                                                                                                                                                                                                                                                                                                                                                                                                                                                                                                                                                                                                                                                                                                                                                                                                                                                                                                                                                                                                                                                                                                                                                                                                                                                                                                                                                                                                                                                                                                                                                                                                                                                                                                                                                                                                                                                                                                                                                                                                                                                                                                                                                                                                                                                                                                                                                                                                                                                                                                                                                                                                                                                                                                                                                                                                                                                                                                                                                                                                                                                                                                                                                                                                                                                                                                                                                                                                                                                                                                                                                                                                                                                                                                                                                                                                                                                                                                                                                                                                                                                                                                                                                                                                                                                                                                                                                                                                                                                                                                                                                                                                                                                                                                                                                                                                                                                                                                                                                                                                                                                                                                                                                                                                                                                                                                                                                                                                                                                                                                                                                                                                                                                                                                                                                                                                                                                                                                                                                                                                                                                                                                                                                                                                                                                                                                                                                                                                                                                                                                                                                                                                                                                                                                                                                                                                                                                                                                                                                                                                                                                                                                                                                                                                                                                                                                                                                                                                                                                                                                                                                                                                                                                                                                                                                                                                                                                                                                                                                                                                                                                                                                                                                                                                                                                                                                                                                                                                                                                                                                                                                                                                                                                                                                                                                                                                                                                                                                                                                                                                                                                                                                                                                                                                                                                                                                                                                                                                                                                                                                                                                                                                                                                                                                                                                                                                                                                                                                                                                                                                                                                                                                                                                                                                                                                                                                                                                                                                                                                                                                                                                                                                                                                                                                                                                                                                                                                                                                                                                                                                                                                                                                                                                                                                                                                                                                                                                                                                                                                                                                                                                                                                                                                                                                                                                                                                                                                                                                                                                                                                                                                                                                                                                                                                                                                                                                                                                                                                                                                                                                                                                                                                                                                                                                                                                                                                                                                                                                                                                                                                                                                                                                                                                                                                                                                                                                                                                                                                                                                                                                                                                                                                                                                                                                                                                                                                                                                                                                                                                                                                                                                                                                                                                                                                                                                                                                                                                                                                                                                                                                                                                                                                                                                                                                                                                                                                                                                                                                                                                                                                                                                                                                                                                                                                                                                                                                                                                                                                                                                                                                                                                                                                                                                                                                                                                                                                                                                                                                                                                                                                                                                                                                                                                                                                                                                                                                                                                                                                                                                                                                                                                                                                                                                                                                                                                                                                                                                                                                                                                                                                                                                                                                                                                                                                                                                                                                                                                                                                                                                                                                                                                                                                                                                                                                                                                                                                                                                                                                                                                                                                                                                                                                                                                                                                                                                                                                                                                                                                                                                                                                                                                                                                                                                                                                                                                                                                                                                                                                                                                                                                                                                                                                                                                                                                                                                                                                                                                                                                                                                                                                                                                                                                                                                                                                                                                                                                                                                                                                                                                                                                                                                                                                                                                                                                                                                                                                                                                                                                                                                                                                                                                                                                                                                                                                                                                                                                                                                                                                                                                                                                                                                                                                                                                                                                                                                                                                                                                                                                                                                                                                                                                                                                                                                                                                                                                                                                                                                                                                                                                                                                                                                                                                                                                                                                                                                                                                                                                                                                                                                                                                                                                                                                                                                                                                                                                                                                                                                                                                                                                                                                                                                                                                                                                                                                                                                                                                                                                                                                                                                                                                                                                                                                                                                                                                                                                                                                                                                                                                                                                                                                                                                                                                                                                                                                                                                                                                                                                                                                                                                                                                                                                                                                                                                                                                                                                                                                                                                                                                                                                                                                                                                                                                                                                                                                                                                                                                                                                                                                                                                                                                                                                                                                                                                                                                                                                                                                                                                                                                                                                                                                                                                                                                                                                                                                                                                                                                                                                                                                                                                                                                                                                                                                                                                                                                                                                                                                                                                                                                                                                                                                                                                                                                                                                                                                                                                                                                                                                                                                                                                                                                                                                                                                                                                                                                                                                                                                                                                                                                                                                                                                                                                                                                                                                                                                                                                                                                                                                                                                                                                                                                                                                                                                                                                                                                                                                                                                                                                                                                                                                                                                                                                                                                                                                                                                                                                                                                                                                                                                                                                                                                                                                                                                                                                                                                                                                                                                                                                                                                                                                                                                                                                                                                                                                                                                                                                                                                                                                                                                                                                                                                                                                                                                                                                                                                                                                                                                                                                                                                                                                                                                                                                                                                                                                                                                                                                                                                                                                                                                                                                                                                                                                                                                                                                                                                                                                                                                                                                                                                                                                                                                                                                                                                                                                                                                                                                                                                                                                                                                                                                                                                                                                                                                                                                                                                                                                                                                                                                                                                                                                                                                                                                                                                                                                                                                                                                                                                                                                                                                                                                                                                                                                                                                                                                                                                                                                                                                                                                                                                                                                                                                                                                                                                                                                                                                                                                                                                                                                                                                                                                                                                                                                                                                                                                                                                                                                                                                                                                                                                                                                                                                                                                                                                                                                                                                                                                                                                                                                                                                                                                                                                                                                                                                                                                                                                                                                                                                                                                                                                                                                                                                                                                                                                                                                                                                                                                                                                                                                                                                                                                                                                                                                                                                                                                                                                                                                                                                                                                                                                                                                                                                                                                                                                                                                                                                                                                                                                                                                                                                                                                                                                                                                                                                                                                                                                                                                                                                                                                                                                                                                                                                                                                                                                                                                                                                                                                                                                                                                                                                                                                                                                                                                                                                                                                                                                                                                                                                                                                                                                                                                                                                                                                                                                                                                                                                                                                                                                                                                                                                                                                                                                                                                                                                                                                                                                                                                                                                                                                                                                                                                                                                                                                                                                                                                                                                                                                                                                                                                                                                                                                                                                                                                                                                                                                                                                                                                                                                                                                                                                                                                                                                                                                                                                                                                                                                                                                                                                                                                                                                                                                                                                                                                                                                                                                                                                                                                                                                                                                                                                                                                                                                                                                                                                                                                                                                                                                                                                                                                                                                                                                                                                                                                                                                                                                                                                                                                                                                                                                                                                                                                                                                                                                                                                                                                                                                                                                                                                                                                                                                                                                                                                                                                                                                                                                                                                                                                                                                                                                                                                                                                                                                                                                                                                                                                                                                                                                                                                                                                                                                                                                                                                                                                                                                                                                                                                                                                                                                                                                                                                                                                                                                                                                                                                                                                                                                                                                                                                                                                                                                                                                                                                                                                                                                                                                                                                                                                                                                                                                                                                                                                                                                                                                                                                                                                                                                                                                                                                                                                                                                                                                                                                                                                                                                                                                                                                                                                                                                                                                                                                                                                                                                                                                                                                                                                                                                                                                                                                                                                                                                                                                                                                                                                                                                                                                                                                                                                                                                                                                                                                                                                                                                                                                                                                                                                                                                                                                                                                                                                                                                                                                                                                                                                                                                                                                                                                                                                                                                                                                                                                                                                                                                                                                                                                                                                                                                                                                                                                                                                                                                                                                                                                                                                                                                                                                                                                                                                                                                                                                                                                                                                                                                                                                                                                                                                                                                                                                                                                                                                                                                                                                                                                                                                                                                                                                                                                                                                                                                                                                                                                                                                                                                                                                                                                                                                                                                                                                                                                                                                                                                                                                                                                                                                                                                                                                                                                                                                                                                                                                                                                                                                                                                                                                                                                                                                                                                                                                                                                                                                                                                                                                                                                                                                                                                                                                                                                                                                                                                                                                                                                                                                                                                                                                                                                                                                                                                                                                                                                                                                                                                                                                                                                                                                                                                                                                                                                                                                                                                                                                                                                                                                                                                                                                                                                                                                                                                                                                                                                                                                                                                                                                                                                                                                                                                                                                                                                                                                                                                                                                                                                                                                                                                                                                                                                                                                                                                                                                                                                                                                                                                                                                                                                                                                                                                                                                                                                                                                                                                                                                                                                                                                                                                                                                                                                                                                                                                                                                                                                                                                                                                                                                                                                                                                                                                                                                                                                                                                                                                                                                                                                                                                                                                                                                                                                                                                                                                                                                                                                                                                                                                                                                                                                                                                                                                                                                                                                                                                                                                                                                                                                                                                                                                                                                                                                                                                                                                                                                                                                                                                                                                                                                                                                                                                                                                                                                                                                                                                                                                                                                                                                                                                                                                                                                                                                                                                                                                                                                                                                                                                                                                                                                                                                                                                                                                                                                                                                                                                                                                                                                                                                                                                                                                                                                                                                                                                                                                                                                                                                                                                                                                                                                                                                                                                                                                                                                                                                                                                                                                                                                                                                                                                                                                                                                                                                                                                                                                                                                                                                                                                                                                                                                                                                                                                                                                                                                                                                                                                                                                                                                                                                                                                                                                                                                                                                                                                                                                                                                                                                                                                                                                                                                                                                                                                                                                                                                                                                                                                                                                                                                                                                                                                                                                                                                                                                                                                                                                                                                                                                                                                                                                                                                                                                                                                                                                                                                                                                                                                                                                                                                                                                                                                                                                                                                                                                                                                                                                                                                                                                                                                                                                                                                                                                                                                                                                                                                                                                                                                                                                                                                                                                                                                                                                                                                                                                                                                                                                                                                                                                                                                                                                                                                                                                                                                                                                                                                                                                                                                                                                                                                                                                                                                                                                                                                                                                                                                                                                                                                                                                                                                                                                                                                                                                                                                                                                                                                                                                                                                                                                                                                                                                                                                                                                                                                                                                                                                                                                                                                                                                                                                                                                                                                                                                                                                                                                                                                                                                                                                                                                                                                                                                                                                                                                                                                                                                                                                                                                                                                                                                                                                                                                                                                                                                                                                                                                                                                                                                                                                                                                                                                                                                                                                                                                                                                                                                                                                                                                                                                                                                                                                                                                                                                                                                                                                                                                                                                                                                                                                                                                                                                                                                                                                                                                                                                                                                                                                                                                                                                                                                                                                                                                                                                                                                                                                                                                                                                                                                                                                                                                                                                                                                                                                                                                                                                                                                                                                                                                                                                                                                                                                                                                                                                                                                                                                                                                                                                                                                                                                                                                                                                                                                                                                                                                                                                                                                                                                                                                                                                                                                                                                                                                                                                                                                                                                                                                                                                                                                                                                                                                                                                                                                                                                                                                                                                                                                                                                                                                                                                                                                                                                                                                                                                                                                                                                                                                                                                                                                                                                                                                                                                                                                                                                                                                                                                                                                                                                                                                                                                                                                                                                                                                                                                                                                                                                                                                                                                                                                                                                                                                                                                                                                                                                                                                                                                                                                                                                                                                                                                                                                                                                                                                                                                                                                                                                                                                                                                                                                                                                                                                                                                                                                                                                                                                                                                                                                                                                                                                                                                                                                                                                                                                                                                                                                                                                                                                                                                                                                                                                                                                                                                                                                                                                                                                                                                                                                                                                                                                                                                                                                                                                                                                                                                                                                                                                                                                                                                                                                                                                                                                                                                                                                                                                                                                                                                                                                                                                                                                                                                                                                                                                                                                                                                                                                                                                                                                                                                                                                                                                                                                                                                                                                                                                                                                                                                                                                                                                                                                                                                                                                                                                                                                                                                                                                                                                                                                                                                                                                                                                                                                                                                                                                                                                                                                                                                                                                                                                                                                                                                                                                                                                                                                                                                                                                                                                                                                                                                                                                                                                                                                                                                                                                                                                                                                                                                                                                                                                                                                                                                                                                                                                                                                                                                                                                                                                                                                                                                                                                                                                                                                                                                                                                                                                                                                                                                                                                                                                                                                                                                                                                                                                                                                                                                                                                                                                                                                                                                                                                                                                                                                                                                                                                                                                                                                                                                                                                                                                                                                                                                                                                                                                                                                                                                                                                                                                                                                                                                                                                                                                                                                                                                                                                                                                                                                                                                                                                                                                                                                                                                                                                                                                                                                                                                                                                                                                                                                                                                                                                                                                                                                                                                                                                                                                                                                                                                                                                                                                                                                                                                                                                                                                                                                                                                                                                                                                                                                                                                                                                                                                                                                                                                                                                                                                                                                                                                                                                                                                                                                                                                                                                                                                                                                                                                                                                                                                                                                                                                                                                                                                                                                                                                                                                                                                                                                                                                                                                                                                                                                                                                                                                                                                                                                                                                                                                                                                                                                                                                                                                                                                                                                                                                                                                                                                                                                                                                                                                                                                                                                                                                                                                                                                                                                                                                                                                                                                                                                                                                                                                                                                                                                                                                                                                                                                                                                                                                                                                                                                                                                                                                                                                                                                                                                                                                                                                                                                                                                                                                                                                                                                                                                                                                                                                                                                                                                                                                                                                                                                                                                                                                                                                                                                                                                                                                                                                                                                                                                                                                                                                                                                                                                                                                                                                                                                                                                                                                                                                                                                                                                                                                                                                                                                                                                                                                                                                                                                                                                                                                                                                                                                                                                                                                                                                                                                                                                                                                                                                                                                                                                                                                                                                                                                                                                                                                                                                                                                                                                                                                                                                                                                                                                                                                                                                                                                                                                                                                                                                                                                                                                                                                                                                                                                                                                                                                                                                                                                                                                                                                                                                                                                                                                                                                                                                                                                                                                                                                                                                                                                                                                                                                                                                                                                                                                                                                                                                                                                                                                                                                                                                                                                                                                                                                                                                                                                                                                                                                                                                                                                                                                                                                                                                                                                                                                                                                                                                                                                                                                                                                                                                                                                                                                                                                                                                                                                                                                                                                                                                                                                                                                                                                                                                                                                                                                                                                                                                                                                                                                                                                                                                                                                                                                                                                                                                                                                                                                                                                                                                                                                                                                                                                                                                                                                                                                                                                                                                                                                                                                                                                                                                                                                                                                                                                                                                                                                                                                                                                                                                                                                                                                                                                                                                                                                                                                                                                                                                                                                                                                                                                                                                                                                                                                                                                                                                                                                                                                                                                                                                                                                                                                                                                                                                                                                                                                                                                                                                                                                                                                                                                                                                                                                                                                                                                                                                                                                                                                                                                                                                                                                                                                                                                                                                                                                                                                                                                                                                                                                                                                                                                                                                                                                                                                                                                                                                                                                                                                                                                                                                                                                                                                                                                                                                                                                                                                                                                                                                                                                                                                                                                                                                                                                                                                                                                                                                                                                                                                                                                                                                                                                                                                                                                                                                                                                                                                                                                                                                                                                                                                                                                                                                                                                                                                                                                                                                                                                                                                                                                                                                                                                                                                                                                                                                                                                                                                                                                                                                                                                                                                                                                                                                                                                                                                                                                                                                                                                                                                                                                                                                                                                                                                                                                                                                                                                                                                                                                                                                                                                                                                                                                                                                                                                                                                                                                                                                                                                                                                                                                                                                                                                                                                                                                                                                                                                                                                                                                                                                                                                                                                                                                                                                                                                                                                                                                                                                                                                                                                                                                                                                                                                                                                                                                                                                                                                                                                                                                                                                                                                                                                                                                                                                                                                                                                                                                                                                                                                                                                                                                                                                                                                                                                                                                                                                                                                                                                                                                                                                                                                                                                                                                                                                                                                                                                                                                                                                                                                                                                                                                                                                                                                                                                                                                                                                                                                                                                                                                                                                                                                                                                                                                                                                                                                                                                                                                                                                                                                                                                                                                                                                                                                                                                                                                                                                                                                                                                                                                                                                                                                                                                                                                                                                                                                                                                                                                                                                                                                                                                                                                                                                                                                                                                                                                                                                                                                                                                                                                                                                                                                                                                                                                                                                                                                                                                                                                                                                                                                                                                                                                                                                                                                                                                                                                                                                                                                                                                                                                                                                                                                                                                                                                                                                                                                                                                                                                                                                                                                                                                                                                                                                                                                                                                                                                                                                                                                                                                                                                                                                                                                                                                                                                                                                                                                                                                                                                                                                                                                                                                                                                                                                                                                                                                                                                                                                                                                                                                                                                                                                                                                                                                                                                                                                                                                                                                                                                                                                                                                                                                                                                                                                                                                                                                                                                                                                                                                                                                                                                                                                                                                                                                                                                                                                                                                                                                                                                                                                                                                                                                                                                                                                                                                                                                                                                                                                                                                                                                                                                                                                                                                                                                                                                                                                                                                                                                                                                                                                                                                                                                                                                                                                                                                                                                                                                                                                                                                                                                                                                                                                                                                                                                                                                                                                                                                                                                                                                                                                                                                                                                                                                                                                                                                                                                                                                                                                                                                                                                                                                                                                                                                                                                                                                                                                                                                                                                                                                                                                                                                                                                                                                                                                                                                                                                                                                                                                                                                                                                                                                                                                                                                                                                                                                                                                                                                                                                                                                                                                                                                                                                                                                                                                                                                                                                                                                                                                                                                                                                                                                                                                                                                                                                                                                                                                                                                                                                                                                                                                                                                                                                                                                                                                                                                                                                                                                                                                                                                                                                                                                                                                                                                                                                                                                                                                                                                                                                                                                                                                                                                                                                                                                                                                                                                                                                                                                                                                                                                                                                                                                                                                                                                                                                                                                                                                                                                                                                                                                                                                                                                                                                                                                                                                                                                                                                                                                                                                                                                                                                                                                                                                                                                                                                                                                                                                                                                                                                                                                                                                                                                                                                                                                                                                                                                                                                                                                                                                                                                                                                                                                                                                                                                                                                                                                                                                                                                                                                                                                                                                                                                                                                                                                                                                                                                                                                                              0,0,0,0,27.70502281188965,14.916125297546387,9.860397338867188
0,0,0,0,27.704620361328125,14.916189193725586,9.860664367675781
0,0,0,0,27.7040958404541,14.916322708129883,9.8609619140625
0,0,0,0,27.703474044799805,14.916452407836914,9.861412048339844
0,0,0,0,27.70296859741211,14.91662883758545,9.861763000488281
0,0,0,0,27.702600479125977,14.916742324829102,9.862136840820312
0,0,0,0,27.70201873779297,14.916998863220215,9.862678527832031
0,0,0,0,27.701662063598633,14.91714859008789,9.863121032714844
0,0,0,0,27.70125961303711,14.917387008666992,9.863571166992188
0,0,0,0,27.700841903686523,14.917545318603516,9.864204406738281
0,0,0,0,27.700536727905273,14.917713165283203,9.864730834960938
0,0,0,0,27.700241088867188,14.91781997680664,9.865287780761719
0,0,0,0,27.699819564819336,14.918045997619629,9.866111755371094
0,0,0,0,27.699481964111328,14.9181547164917,9.866767883300781
0,0,0,0,27.699161529541016,14.918242454528809,9.867469787597656
0,0,0,0,27.698646545410156,14.918281555175781,9.868385314941406
0,0,0,0,27.698299407958984,14.918253898620605,9.869064331054688
0,0,0,0,27.6978816986084,14.918228149414062,9.869743347167969
0,0,0,0,27.697399139404297,14.918167114257812,9.870597839355469
0,0,0,0,27.69695281982422,14.918206214904785,9.871192932128906
0,0,0,0,27.696611404418945,14.918204307556152,9.871757507324219
0,0,0,0,27.696029663085938,14.918265342712402,9.872451782226562
0,0,0,0,27.69568634033203,14.91818618774414,9.872917175292969
0,0,0,0,27.69526481628418,14.918184280395508,9.873336791992188
0,0,0,0,27.6948184967041,14.918060302734375,9.873809814453125
0,0,0,0,27.694467544555664,14.917984008789062,9.874107360839844
0,0,0,0,27.694204330444336,14.917767524719238,9.874404907226562
0,0,0,0,27.6938533782959,14.91750717163086,9.874771118164062
0,0,0,0,27.693632125854492,14.917271614074707,9.87506103515625
0,0,0,0,27.693435668945312,14.917041778564453,9.875373840332031
0,0,0,0,27.69318199157715,14.91662311553955,9.875778198242188
0,0,0,0,27.693058013916016,14.916308403015137,9.876060485839844
0,0,0,0,27.692916870117188,14.915995597839355,9.876327514648438
0,0,0,0,27.692838668823242,14.915595054626465,9.876655578613281
0,0,0,0,27.692779541015625,14.915323257446289,9.876884460449219
0,0,0,0,27.692846298217773,14.914995193481445,9.877090454101562
0,0,0,0,27.69287872314453,14.914609909057617,9.877334594726562
0,0,0,0,27.693016052246094,14.914251327514648,9.877494812011719
0,0,0,0,27.69308853149414,14.913991928100586,9.877655029296875
0,0,0,0,27.693326950073242,14.913583755493164,9.877876281738281
0,0,0,0,27.693470001220703,14.913366317749023,9.878021240234375
0,0,0,0,27.693679809570312,14.913082122802734,9.878166198730469
0,0,0,0,27.693845748901367,14.91282844543457,9.878273010253906
0,0,0,0,27.69400405883789,14.912618637084961,9.878334045410156
0,0,0,0,27.694093704223633,14.912520408630371,9.878395080566406
0,0,0,0,27.694232940673828,14.912389755249023,9.878410339355469
0,0,0,0,27.694347381591797,14.912337303161621,9.878387451171875
0,0,0,0,27.694425582885742,14.912266731262207,9.878326416015625
0,0,0,0,27.694520950317383,14.912205696105957,9.878265380859375
0,0,0,0,27.69452667236328,14.912179946899414,9.878242492675781
0,0,0,0,27.694597244262695,14.91213321685791,9.878250122070312
0,0,0,0,27.69460105895996,14.912066459655762,9.878303527832031
0,0,0,0,27.694660186767578,14.911992073059082,9.87835693359375
0,0,0,0,27.69462013244629,14.911966323852539,9.878425598144531
0,0,0,0,27.694684982299805,14.911810874938965,9.878570556640625
0,0,0,0,27.69464111328125,14.911717414855957,9.878692626953125
0,0,0,0,27.694618225097656,14.911473274230957,9.878890991210938
0,0,0,0,27.694509506225586,14.911355018615723,9.879051208496094
0,0,0,0,27.69443130493164,14.911154747009277,9.87921142578125
0,0,0,0,27.694225311279297,14.910945892333984,9.879440307617188
0,0,0,0,27.69406509399414,14.91071605682373,9.879638671875
0,0,0,0,27.69387435913086,14.910492897033691,9.879852294921875
0,0,0,0,27.693571090698242,14.910106658935547,9.880149841308594
0,0,0,0,27.693401336669922,14.909789085388184,9.880386352539062
0,0,0,0,27.69317054748535,14.909451484680176,9.880599975585938
0,0,0,0,27.69291877746582,14.908950805664062,9.88092041015625
0,0,0,0,27.692644119262695,14.908597946166992,9.881156921386719
0,0,0,0,27.692468643188477,14.908164978027344,9.881385803222656
0,0,0,0,27.692155838012695,14.90758991241455,9.8817138671875
0,0,0,0,27.691980361938477,14.907073974609375,9.881973266601562
0,0,0,0,27.691707611083984,14.906623840332031,9.882217407226562
0,0,0,0,27.69146156311035,14.905960083007812,9.882514953613281
0,0,0,0,27.691226959228516,14.905564308166504,9.882682800292969
0,0,0,0,27.691091537475586,14.90510368347168,9.882804870605469
0,0,0,0,27.690874099731445,14.904623985290527,9.882926940917969
0,0,0,0,27.69078254699707,14.90424633026123,9.882980346679688
0,0,0,0,27.690685272216797,14.903950691223145,9.883026123046875
0,0,0,0,27.690662384033203,14.90355396270752,9.883026123046875
0,0,0,0,27.69071388244629,14.903335571289062,9.882987976074219
0,0,0,0,27.690757751464844,14.903138160705566,9.882911682128906
0,0,0,0,27.69088363647461,14.902953147888184,9.882759094238281
0,0,0,0,27.690959930419922,14.902883529663086,9.882621765136719
0,0,0,0,27.69111442565918,14.902837753295898,9.882469177246094
0,0,0,0,27.69120979309082,14.902873992919922,9.882232666015625
0,0,0,0,27.691360473632812,14.902881622314453,9.882003784179688
0,0,0,0,27.691390991210938,14.902997970581055,9.881744384765625
0,0,0,0,27.6915283203125,14.903131484985352,9.881370544433594
0,0,0,0,27.69150733947754,14.903351783752441,9.881126403808594
0,0,0,0,27.691530227661133,14.903542518615723,9.880966186523438
0,0,0,0,27.691448211669922,14.90396499633789,9.8807373046875
0,0,0,0,27.6914119720459,14.904266357421875,9.88055419921875
0,0,0,0,27.691320419311523,14.904690742492676,9.880386352539062
0,0,0,0,27.691226959228516,14.905217170715332,9.880180358886719
0,0,0,0,27.69114875793457,14.905654907226562,9.880012512207031
0,0,0,0,27.6910343170166,14.906070709228516,9.879814147949219
0,0,0,0,27.690837860107422,14.906670570373535,9.879493713378906
0,0,0,0,27.690628051757812,14.907120704650879,9.879249572753906
0,0,0,0,27.69044303894043,14.907559394836426,9.878974914550781
0,0,0,0,27.690038681030273,14.908138275146484,9.878593444824219
0,0,0,0,27.689769744873047,14.9085693359375,9.878303527832031
0,0,0,0,27.689390182495117,14.909071922302246,9.87799072265625
0,0,0,0,27.689008712768555,14.909720420837402,9.877494812011719
0,0,0,0,27.688642501831055,14.910313606262207,9.877059936523438
0,0,0,0,27.6883602142334,14.910866737365723,9.87664794921875
0,0,0,0,27.687898635864258,14.911725044250488,9.876106262207031
0,0,0,0,27.68765640258789,14.912298202514648,9.875732421875
0,0,0,0,27.687395095825195,14.912917137145996,9.875396728515625
0,0,0,0,27.68722152709961,14.913625717163086,9.874961853027344
0,0,0,0,27.687150955200195,14.91421890258789,9.8746337890625
0,0,0,0,27.6871280670166,14.914724349975586,9.874336242675781
0,0,0,0,27.687105178833008,14.915435791015625,9.874031066894531
0,0,0,0,27.687114715576172,14.915932655334473,9.873825073242188
0,0,0,0,27.687166213989258,14.916471481323242,9.873611450195312
0,0,0,0,27.687213897705078,14.917152404785156,9.87335205078125
0,0,0,0,27.687345504760742,14.917654037475586,9.873161315917969
0,0,0,0,27.68744468688965,14.91818618774414,9.872947692871094
0,0,0,0,27.68773651123047,14.918848991394043,9.872611999511719
0,0,0,0,27.687894821166992,14.919397354125977,9.872314453125
0,0,0,0,27.688159942626953,14.919846534729004,9.871986389160156
0,0,0,0,27.688398361206055,14.920509338378906,9.871551513671875
0,0,0,0,27.688674926757812,14.920918464660645,9.871192932128906
0,0,0,0,27.68886947631836,14.921404838562012,9.870819091796875
0,0,0,0,27.68923568725586,14.921919822692871,9.870338439941406
0,0,0,0,27.68950653076172,14.922356605529785,9.870002746582031
0,0,0,0,27.689851760864258,14.922691345214844,9.869667053222656
0,0,0,0,27.69031524658203,14.923192024230957,9.86920166015625
0,0,0,0,27.69068145751953,14.923492431640625,9.868850708007812
0,0,0,0,27.691083908081055,14.923809051513672,9.868507385253906
0,0,0,0,27.691633224487305,14.924179077148438,9.8680419921875
0,0,0,0,27.692100524902344,14.924452781677246,9.867691040039062
0,0,0,0,27.692533493041992,14.924734115600586,9.867340087890625
0,0,0,0,27.693227767944336,14.925065040588379,9.866889953613281
0,0,0,0,27.693681716918945,14.925354957580566,9.866584777832031
0,0,0,0,27.694232940673828,14.925591468811035,9.866264343261719
0,0,0,0,27.694799423217773,14.925932884216309,9.865837097167969
0,0,0,0,27.695295333862305,14.926085472106934,9.865501403808594
0,0,0,0,27.69565200805664,14.926297187805176,9.865158081054688
0,0,0,0,27.6961669921875,14.92647647857666,9.864730834960938
0,0,0,0,27.69644546508789,14.926680564880371,9.864425659179688
0,0,0,0,27.696773529052734,14.92679214477539,9.864158630371094
0,0,0,0,27.697154998779297,14.927020072937012,9.863815307617188
0,0,0,0,27.697477340698242,14.927139282226562,9.863594055175781
0,0,0,0,27.697805404663086,14.927326202392578,9.863372802734375
0,0,0,0,27.698251724243164,14.927529335021973,9.863121032714844
0,0,0,0,27.69856834411621,14.927706718444824,9.862983703613281
0,0,0,0,27.698848724365234,14.92782211303711,9.862876892089844
0,0,0,0,27.699268341064453,14.927922248840332,9.862808227539062
0,0,0,0,27.69952964782715,14.927945137023926,9.862831115722656
0,0,0,0,27.699886322021484,14.927879333496094,9.862930297851562
0,0,0,0,27.700347900390625,14.927766799926758,9.863136291503906
0,0,0,0,27.70084571838379,14.927547454833984,9.863349914550781
0,0,0,0,27.701339721679688,14.927326202392578,9.863571166992188
0,0,0,0,27.70228385925293,14.926759719848633,9.863929748535156
0,0,0,0,27.703039169311523,14.92625904083252,9.864219665527344
0,0,0,0,27.703989028930664,14.925575256347656,9.86456298828125
0,0,0,0,27.70536994934082,14.9245023727417,9.865119934082031
0,0,0,0,27.70671272277832,14.92336654663086,9.865562438964844
0,0,0,0,27.708284378051758,14.922057151794434,9.865997314453125
0,0,0,0,27.71076202392578,14.919899940490723,9.866615295410156
0,0,0,0,27.712800979614258,14.91812801361084,9.867141723632812
0,0,0,0,27.715007781982422,14.916101455688477,9.867721557617188
0,0,0,0,27.71828842163086,14.913065910339355,9.86846923828125
0,0,0,0,27.720914840698242,14.910487174987793,9.868980407714844
0,0,0,0,27.723791122436523,14.90764045715332,9.869522094726562
0,0,0,0,27.727922439575195,14.903386116027832,9.87030029296875
0,0,0,0,27.73150062561035,14.899678230285645,9.870857238769531
0,0,0,0,27.7353458404541,14.895570755004883,9.871421813964844
0,0,0,0,27.741127014160156,14.889345169067383,9.872146606445312
0,0,0,0,27.7458438873291,14.884241104125977,9.872703552246094
0,0,0,0,27.751089096069336,14.878629684448242,9.873252868652344
0,0,0,0,27.758647918701172,14.870526313781738,9.873893737792969
0,0,0,0,27.764875411987305,14.86389446258545,9.874336242675781
0,0,0,0,27.77143669128418,14.856945991516113,9.874755859375
0,0,0,0,27.78085708618164,14.846928596496582,9.875228881835938
0,0,0,0,27.788331985473633,14.838935852050781,9.875534057617188
0,0,0,0,27.79621124267578,14.83045482635498,9.875770568847656
0,0,0,0,27.80732536315918,14.81850528717041,9.876007080078125
0,0,0,0,27.816099166870117,14.808939933776855,9.876136779785156
0,0,0,0,27.825340270996094,14.798913955688477,9.876235961914062
0,0,0,0,27.8383731842041,14.784697532653809,9.876296997070312
0,0,0,0,27.84882926940918,14.773355484008789,9.876350402832031
0,0,0,0,27.859766006469727,14.761425971984863,9.876426696777344
0,0,0,0,27.875381469726562,14.74448299407959,9.87652587890625
0,0,0,0,27.887781143188477,14.731005668640137,9.876609802246094
0,0,0,0,27.90096092224121,14.716684341430664,9.876686096191406
0,0,0,0,27.91954231262207,14.696464538574219,9.876800537109375
0,0,0,0,27.934431076049805,14.680293083190918,9.876884460449219
0,0,0,0,27.95000457763672,14.663399696350098,9.876991271972656
0,0,0,0,27.972074508666992,14.639471054077148,9.877113342285156
0,0,0,0,27.989519119262695,14.620635032653809,9.877250671386719
0,0,0,0,28.007837295532227,14.600894927978516,9.87738037109375
0,0,0,0,28.03343391418457,14.573320388793945,9.877525329589844
0,0,0,0,28.05360221862793,14.551562309265137,9.877616882324219
0,0,0,0,28.074621200561523,14.528934478759766,9.877685546875
0,0,0,0,28.103954315185547,14.497333526611328,9.877754211425781
0,0,0,0,28.12697410583496,14.472604751586914,9.877761840820312
0,0,0,0,28.15078353881836,14.44696044921875,9.87774658203125
0,0,0,0,28.183931350708008,14.411317825317383,9.877647399902344
0,0,0,0,28.209718704223633,14.383550643920898,9.877532958984375
0,0,0,0,28.236494064331055,14.354812622070312,9.877365112304688
0,0,0,0,28.273412704467773,14.315164566040039,9.877113342285156
0,0,0,0,28.30213737487793,14.284343719482422,9.87689208984375
0,0,0,0,28.33156967163086,14.252717018127441,9.876655578613281
0,0,0,0,28.37213706970215,14.209118843078613,9.876251220703125
0,0,0,0,28.40340232849121,14.17552661895752,9.875907897949219
0,0,0,0,28.43545913696289,14.1410551071167,9.875564575195312
0,0,0,0,28.479248046875,14.093985557556152,9.875083923339844
0,0,0,0,28.512922286987305,14.057748794555664,9.874702453613281
0,0,0,0,28.54717445373535,14.020879745483398,9.874351501464844
0,0,0,0,28.593738555908203,13.970645904541016,9.873863220214844
0,0,0,0,28.62932014465332,13.932305335998535,9.873512268066406
0,0,0,0,28.66536521911621,13.893399238586426,9.873176574707031
0,0,0,0,28.714136123657227,13.840860366821289,9.872802734375
0,0,0,0,28.751054763793945,13.801002502441406,9.872596740722656
0,0,0,0,28.78837776184082,13.760711669921875,9.872444152832031
0,0,0,0,28.83849334716797,13.706441879272461,9.872337341308594
0,0,0,0,28.87649917602539,13.665303230285645,9.872337341308594
0,0,0,0,28.914684295654297,13.623969078063965,9.87237548828125
0,0,0,0,28.966064453125,13.568400382995605,9.872505187988281
0,0,0,0,29.004758834838867,13.526500701904297,9.872650146484375
0,0,0,0,29.043699264526367,13.484302520751953,9.872825622558594
0,0,0,0,29.09574317932129,13.427906036376953,9.873069763183594
0,0,0,0,29.134958267211914,13.385380744934082,9.873283386230469
0,0,0,0,29.174240112304688,13.342794418334961,9.873512268066406
0,0,0,0,29.226831436157227,13.285815238952637,9.873802185058594
0,0,0,0,29.266345977783203,13.243051528930664,9.874008178710938
0,0,0,0,29.305923461914062,13.200177192687988,9.874198913574219
0,0,0,0,29.35875129699707,13.142990112304688,9.874458312988281
0,0,0,0,29.39833641052246,13.100107192993164,9.874702453613281
0,0,0,0,29.437990188598633,13.057265281677246,9.874961853027344
0,0,0,0,29.490781784057617,13.000205039978027,9.875335693359375
0,0,0,0,29.530418395996094,12.9573974609375,9.875617980957031
0,0,0,0,29.56991958618164,12.91463565826416,9.875907897949219
0,0,0,0,29.622661590576172,12.857588768005371,9.8763427734375
0,0,0,0,29.662153244018555,12.81488037109375,9.876716613769531
0,0,0,0,29.701744079589844,12.772126197814941,9.877098083496094
0,0,0,0,29.754426956176758,12.715209007263184,9.877670288085938
0,0,0,0,29.79402732849121,12.672460556030273,9.878120422363281
0,0,0,0,29.833560943603516,12.629864692687988,9.878593444824219
0,0,0,0,29.886390686035156,12.573129653930664,9.879295349121094
0,0,0,0,29.926002502441406,12.530741691589355,9.879852294921875
0,0,0,0,29.96566390991211,12.48835277557373,9.880447387695312
0,0,0,0,30.01857566833496,12.431984901428223,9.881271362304688
0,0,0,0,30.058277130126953,12.389777183532715,9.881912231445312
0,0,0,0,30.098020553588867,12.347711563110352,9.882560729980469
0,0,0,0,30.15096092224121,12.291763305664062,9.883476257324219
0,0,0,0,30.19076156616211,12.249853134155273,9.884193420410156
0,0,0,0,30.230501174926758,12.20800495147705,9.884902954101562
0,0,0,0,30.283550262451172,12.152247428894043,9.885818481445312
0,0,0,0,30.323274612426758,12.110533714294434,9.886474609375
0,0,0,0,30.363136291503906,12.06882095336914,9.887100219726562
0,0,0,0,30.416271209716797,12.013325691223145,9.887908935546875
0,0,0,0,30.45627784729004,11.971674919128418,9.888473510742188
0,0,0,0,30.49626350402832,11.930126190185547,9.8890380859375
0,0,0,0,30.549728393554688,11.874638557434082,9.889724731445312
0,0,0,0,30.589801788330078,11.833142280578613,9.890182495117188
0,0,0,0,30.629932403564453,11.791645050048828,9.890579223632812
0,0,0,0,30.683443069458008,11.736449241638184,9.891090393066406
0,0,0,0,30.723567962646484,11.695048332214355,9.891441345214844
0,0,0,0,30.763687133789062,11.653754234313965,9.891761779785156
0,0,0,0,30.817214965820312,11.598699569702148,9.89215087890625
0,0,0,0,30.857423782348633,11.557435035705566,9.892410278320312
0,0,0,0,30.897594451904297,11.516169548034668,9.892646789550781
0,0,0,0,30.951265335083008,11.461109161376953,9.892921447753906
0,0,0,0,30.99150276184082,11.419864654541016,9.89312744140625
0,0,0,0,31.0318660736084,11.37860107421875,9.893302917480469
0,0,0,0,31.085535049438477,11.323763847351074,9.89349365234375
0,0,0,0,31.125823974609375,11.282669067382812,9.893585205078125
0,0,0,0,31.16594123840332,11.241771697998047,9.893707275390625
0,0,0,0,31.219327926635742,11.1874361038208,9.893936157226562
0,0,0,0,31.2591609954834,11.146909713745117,9.89410400390625
0,0,0,0,31.29899787902832,11.106334686279297,9.894302368164062
0,0,0,0,31.351947784423828,11.052373886108398,9.894630432128906
0,0,0,0,31.391651153564453,11.011897087097168,9.894889831542969
0,0,0,0,31.431310653686523,10.971476554870605,9.895179748535156
0,0,0,0,31.484249114990234,10.917431831359863,9.895561218261719
0,0,0,0,31.523990631103516,10.8768892288208,9.895759582519531
0,0,0,0,31.5637264251709,10.83639907836914,9.895851135253906
0,0,0,0,31.616697311401367,10.782585144042969,9.895835876464844
0,0,0,0,31.6562557220459,10.74238395690918,9.895744323730469
0,0,0,0,31.69576644897461,10.702312469482422,9.895606994628906
0,0,0,0,31.7481689453125,10.64913272857666,9.895401000976562
0,0,0,0,31.78743553161621,10.6093111038208,9.895210266113281
0,0,0,0,31.826581954956055,10.569583892822266,9.89495849609375
0,0,0,0,31.878873825073242,10.516531944274902,9.894546508789062
0,0,0,0,31.91805076599121,10.476750373840332,9.894210815429688
0,0,0,0,31.957412719726562,10.436785697937012,9.893821716308594
0,0,0,0,32.00999069213867,10.38339900970459,9.893203735351562
0,0,0,0,32.04959487915039,10.34317398071289,9.892677307128906
0,0,0,0,32.0892333984375,10.302963256835938,9.892135620117188
0,0,0,0,32.14228439331055,10.249168395996094,9.891304016113281
0,0,0,0,32.18223190307617,10.208724021911621,9.890594482421875
0,0,0,0,32.22233200073242,10.168173789978027,9.889793395996094
0,0,0,0,32.27586364746094,10.114252090454102,9.888618469238281
0,0,0,0,32.315940856933594,10.073911666870117,9.887741088867188
0,0,0,0,32.35599899291992,10.03361988067627,9.886894226074219
0,0,0,0,32.40929412841797,9.979974746704102,9.885787963867188
0,0,0,0,32.44932556152344,9.939763069152832,9.884963989257812
0,0,0,0,32.48926544189453,9.899643898010254,9.884170532226562
0,0,0,0,32.54262161254883,9.846136093139648,9.883148193359375
0,0,0,0,32.58252716064453,9.80609130859375,9.882438659667969
0,0,0,0,32.62255859375,9.765979766845703,9.881736755371094
0,0,0,0,32.67584228515625,9.712607383728027,9.880859375
0,0,0,0,32.71586227416992,9.67248821258545,9.880287170410156
0,0,0,0,32.755775451660156,9.632453918457031,9.879745483398438
0,0,0,0,32.80900192260742,9.57896900177002,9.879119873046875
0,0,0,0,32.84884262084961,9.53891658782959,9.87872314453125
0,0,0,0,32.888648986816406,9.498787879943848,9.878372192382812
0,0,0,0,32.94160842895508,9.445385932922363,9.8780517578125
0,0,0,0,32.98127365112305,9.405278205871582,9.877906799316406
0,0,0,0,33.02095413208008,9.365152359008789,9.87774658203125
0,0,0,0,33.0737419128418,9.311652183532715,9.877555847167969
0,0,0,0,33.1132926940918,9.27159309387207,9.877403259277344
0,0,0,0,33.152687072753906,9.231632232666016,9.877197265625
0,0,0,0,33.205142974853516,9.178461074829102,9.8768310546875
0,0,0,0,33.2442512512207,9.13875961303711,9.876502990722656
0,0,0,0,33.2833366394043,9.099071502685547,9.876121520996094
0,0,0,0,33.33510971069336,9.04633617401123,9.875579833984375
0,0,0,0,33.37384796142578,9.006830215454102,9.875175476074219
0,0,0,0,33.41232681274414,8.96750259399414,9.87481689453125
0,0,0,0,33.463523864746094,8.915020942687988,9.874351501464844
0,0,0,0,33.501731872558594,8.87575626373291,9.874000549316406
0,0,0,0,33.53987503051758,8.836441993713379,9.873672485351562
0,0,0,0,33.59052276611328,8.784160614013672,9.873283386230469
0,0,0,0,33.62845230102539,8.744885444641113,9.873031616210938
0,0,0,0,33.666385650634766,8.705584526062012,9.872817993164062
0,0,0,0,33.7169303894043,8.653151512145996,9.87261962890625
0,0,0,0,33.75489807128906,8.613822937011719,9.872535705566406
0,0,0,0,33.792789459228516,8.574471473693848,9.872535705566406
0,0,0,0,33.84332275390625,8.52195930480957,9.872627258300781
0,0,0,0,33.881141662597656,8.482579231262207,9.872749328613281
0,0,0,0,33.91904067993164,8.443157196044922,9.872947692871094
0,0,0,0,33.96945571899414,8.390657424926758,9.873321533203125
0,0,0,0,34.007320404052734,8.351204872131348,9.873687744140625
0,0,0,0,34.045074462890625,8.311833381652832,9.874076843261719
0,0,0,0,34.095481872558594,8.259256362915039,9.87469482421875
0,0,0,0,34.133201599121094,8.219894409179688,9.875167846679688
0,0,0,0,34.17098617553711,8.180475234985352,9.875625610351562
0,0,0,0,34.22122573852539,8.128036499023438,9.876243591308594
0,0,0,0,34.25892639160156,8.088708877563477,9.876731872558594
0,0,0,0,34.29663848876953,8.049493789672852,9.877212524414062
0,0,0,0,34.346954345703125,7.997201442718506,9.877777099609375
0,0,0,0,34.384674072265625,7.958131790161133,9.878158569335938
0,0,0,0,34.4222412109375,7.919247150421143,9.878562927246094
0,0,0,0,34.472225189208984,7.867580413818359,9.879135131835938
0,0,0,0,34.50961685180664,7.828882217407227,9.879570007324219
0,0,0,0,34.547080993652344,7.790181636810303,9.879989624023438
0,0,0,0,34.59700393676758,7.7385783195495605,9.880516052246094
0,0,0,0,34.63463592529297,7.699688911437988,9.880912780761719
0,0,0,0,34.672325134277344,7.660693168640137,9.881294250488281
0,0,0,0,34.72296905517578,7.608353137969971,9.881668090820312
0,0,0,0,34.761112213134766,7.568943977355957,9.881881713867188
0,0,0,0,34.79955291748047,7.529279708862305,9.882011413574219
0,0,0,0,34.85101318359375,7.476264953613281,9.882125854492188
0,0,0,0,34.88990020751953,7.436244487762451,9.882110595703125
0,0,0,0,34.92891311645508,7.396125793457031,9.88201904296875
0,0,0,0,34.98117446899414,7.342408657073975,9.881744384765625
0,0,0,0,35.02043914794922,7.302130699157715,9.881477355957031
0,0,0,0,35.059715270996094,7.261807441711426,9.881179809570312
0,0,0,0,35.11200714111328,7.208179950714111,9.880714416503906
0,0,0,0,35.151039123535156,7.168150424957275,9.880401611328125
0,0,0,0,35.189884185791016,7.128396034240723,9.880195617675781
0,0,0,0,35.241241455078125,7.075693607330322,9.880050659179688
0,0,0,0,35.279666900634766,7.036249160766602,9.8800048828125
0,0,0,0,35.317901611328125,6.996934413909912,9.879959106445312
0,0,0,0,35.36880111694336,6.9447407722473145,9.8800048828125
0,0,0,0,35.406681060791016,6.905880928039551,9.880126953125
0,0,0,0,35.44449234008789,6.867091655731201,9.88031005859375
0,0,0,0,35.49470901489258,6.815582275390625,9.880622863769531
0,0,0,0,35.53242874145508,6.776965141296387,9.880905151367188
0,0,0,0,35.57004928588867,6.738504886627197,9.881195068359375
0,0,0,0,35.62017059326172,6.687324523925781,9.881584167480469
0,0,0,0,35.65758514404297,6.649210453033447,9.881912231445312
0,0,0,0,35.694862365722656,6.611251354217529,9.882232666015625
0,0,0,0,35.744258880615234,6.561066627502441,9.882637023925781
0,0,0,0,35.78102493286133,6.523677825927734,9.8829345703125
0,0,0,0,35.817657470703125,6.486494064331055,9.883224487304688
0,0,0,0,35.86647415161133,6.437021255493164,9.883514404296875
0,0,0,0,35.90317153930664,6.399982929229736,9.883636474609375
0,0,0,0,35.9398193359375,6.363065719604492,9.883735656738281
0,0,0,0,35.98883056640625,6.313914775848389,9.883872985839844
0,0,0,0,36.02564239501953,6.277105808258057,9.883926391601562
0,0,0,0,36.06270980834961,6.240222930908203,9.883926391601562
0,0,0,0,36.11225128173828,6.191076278686523,9.883811950683594
0,0,0,0,36.14962387084961,6.154150485992432,9.883583068847656
0,0,0,0,36.18690490722656,6.117434978485107,9.883293151855469
0,0,0,0,36.236515045166016,6.0687408447265625,9.882972717285156
0,0,0,0,36.27359390258789,6.032435894012451,9.88275146484375
0,0,0,0,36.310726165771484,5.99611234664917,9.88250732421875
0,0,0,0,36.360145568847656,5.947875499725342,9.882209777832031
0,0,0,0,36.397315979003906,5.911702632904053,9.882011413574219
0,0,0,0,36.43463897705078,5.875520706176758,9.881782531738281
0,0,0,0,36.48472595214844,5.827216148376465,9.881423950195312
0,0,0,0,36.522579193115234,5.7909979820251465,9.881103515625
0,0,0,0,36.560546875,5.754811763763428,9.8807373046875
0,0,0,0,36.61132049560547,5.7068305015563965,9.88031005859375
0,0,0,0,36.64939880371094,5.6710734367370605,9.880043029785156
0,0,0,0,36.6876106262207,5.635371685028076,9.879798889160156
0,0,0,0,36.7386589050293,5.58792781829834,9.879486083984375
0,0,0,0,36.77726364135742,5.552333354949951,9.879234313964844
0,0,0,0,36.81597137451172,5.516838550567627,9.878890991210938
0,0,0,0,36.86778259277344,5.469654083251953,9.878395080566406
0,0,0,0,36.90656280517578,5.434596061706543,9.878089904785156
0,0,0,0,36.94541549682617,5.399684906005859,9.877838134765625
0,0,0,0,36.99714279174805,5.353540420532227,9.877548217773438
0,0,0,0,37.036075592041016,5.3190412521362305,9.877304077148438
0,0,0,0,37.07512283325195,5.284722805023193,9.877029418945312
0,0,0,0,37.12753677368164,5.23902702331543,9.876686096191406
0,0,0,0,37.16720199584961,5.204769611358643,9.876388549804688
0,0,0,0,37.2071533203125,5.170393943786621,9.876045227050781
0,0,0,0,37.260990142822266,5.124545574188232,9.875564575195312
0,0,0,0,37.30177307128906,5.09013557434082,9.875160217285156
0,0,0,0,37.34303283691406,5.055688858032227,9.874687194824219
0,0,0,0,37.39844512939453,5.009782791137695,9.874015808105469
0,0,0,0,37.44043731689453,4.975265026092529,9.873435974121094
0,0,0,0,37.48262405395508,4.94078254699707,9.872840881347656
0,0,0,0,37.539520263671875,4.894707679748535,9.872077941894531
0,0,0,0,37.58250427246094,4.860218524932861,9.87152099609375
0,0,0,0,37.625885009765625,4.8256330490112305,9.870986938476562
0,0,0,0,37.68394088745117,4.779721260070801,9.870391845703125
0,0,0,0,37.727638244628906,4.745361804962158,9.870124816894531
0,0,0,0,37.771385192871094,4.71113920211792,9.869956970214844
0,0,0,0,37.83001708984375,4.665515899658203,9.869865417480469
0,0,0,0,37.87416076660156,4.63142728805542,9.869880676269531
0,0,0,0,37.91847229003906,4.597311019897461,9.869987487792969
0,0,0,0,37.97782516479492,4.5518670082092285,9.870231628417969
0,0,0,0,38.02247619628906,4.517727375030518,9.870445251464844
0,0,0,0,38.06730270385742,4.483578205108643,9.870643615722656
0,0,0,0,38.12724304199219,4.4379401206970215,9.870941162109375
0,0,0,0,38.17242431640625,4.403600215911865,9.871162414550781
0,0,0,0,38.217647552490234,4.369248390197754,9.871391296386719
0,0,0,0,38.278289794921875,4.323269844055176,9.871726989746094
0,0,0,0,38.323848724365234,4.288787841796875,9.871963500976562
0,0,0,0,38.369667053222656,4.254238128662109,9.872207641601562
0,0,0,0,38.43080139160156,4.2083048820495605,9.872474670410156
0,0,0,0,38.476806640625,4.173859119415283,9.872673034667969
0,0,0,0,38.52279281616211,4.139586448669434,9.872909545898438
0,0,0,0,38.58427429199219,4.093909740447998,9.873237609863281
0,0,0,0,38.63038635253906,4.059771537780762,9.873481750488281
0,0,0,0,38.676551818847656,4.0256171226501465,9.873748779296875
0,0,0,0,38.73806381225586,3.980346918106079,9.874153137207031
0,0,0,0,38.7841682434082,3.946483850479126,9.874465942382812
0,0,0,0,38.83024978637695,3.9127397537231445,9.874763488769531
0,0,0,0,38.89158248901367,3.8679254055023193,9.875213623046875
0,0,0,0,38.937599182128906,3.834460735321045,9.875595092773438
0,0,0,0,38.98350524902344,3.8011019229888916,9.875961303710938
0,0,0,0,39.044677734375,3.756704092025757,9.876411437988281
0,0,0,0,39.0904426574707,3.7235374450683594,9.876708984375
0,0,0,0,39.136192321777344,3.690420389175415,9.876991271972656
0,0,0,0,39.19672393798828,3.6466610431671143,9.877555847167969
0,0,0,0,39.241943359375,3.6139416694641113,9.878089904785156
0,0,0,0,39.286903381347656,3.581376552581787,9.878631591796875
0,0,0,0,39.34674835205078,3.538026809692383,9.879348754882812
0,0,0,0,39.39141082763672,3.505687713623047,9.879936218261719
0,0,0,0,39.435977935791016,3.4733471870422363,9.880577087402344
0,0,0,0,39.49524688720703,3.430333375930786,9.881439208984375
0,0,0,0,39.53969192504883,3.398066997528076,9.881980895996094
0,0,0,0,39.58405303955078,3.3659827709198,9.882461547851562
0,0,0,0,39.6429443359375,3.323399066925049,9.883209228515625
0,0,0,0,39.68698501586914,3.2915544509887695,9.883819580078125
0,0,0,0,39.73090362548828,3.2597298622131348,9.884407043457031
0,0,0,0,39.78936767578125,3.2174103260040283,9.885307312011719
0,0,0,0,39.833099365234375,3.185720682144165,9.88604736328125
0,0,0,0,39.87690734863281,3.153952121734619,9.886787414550781
0,0,0,0,39.935096740722656,3.111717700958252,9.887741088867188
0,0,0,0,39.978641510009766,3.0801842212677,9.888534545898438
0,0,0,0,40.02199172973633,3.0488228797912598,9.88946533203125
0,0,0,0,40.079864501953125,3.006859540939331,9.890792846679688
0,0,0,0,40.12310791015625,2.9755187034606934,9.891799926757812
0,0,0,0,40.166236877441406,2.9442343711853027,9.892929077148438
0,0,0,0,40.22343444824219,2.9027328491210938,9.89447021484375
0,0,0,0,40.26624298095703,2.8715927600860596,9.895645141601562
0,0,0,0,40.30892562866211,2.840552806854248,9.89691162109375
0,0,0,0,40.365867614746094,2.799008846282959,9.898635864257812
0,0,0,0,40.40869903564453,2.76774525642395,9.89984130859375
0,0,0,0,40.45157241821289,2.736427068710327,9.900970458984375
0,0,0,0,40.508670806884766,2.694805145263672,9.902580261230469
0,0,0,0,40.55147171020508,2.6635656356811523,9.903846740722656
0,0,0,0,40.59440994262695,2.6322503089904785,9.905014038085938
0,0,0,0,40.651546478271484,2.590569257736206,9.906379699707031
0,0,0,0,40.69435501098633,2.5593931674957275,9.90740966796875
0,0,0,0,40.73693084716797,2.5283215045928955,9.908477783203125
0,0,0,0,40.79375457763672,2.48679256439209,9.909858703613281
0,0,0,0,40.83634567260742,2.4556658267974854,9.910812377929688
0,0,0,0,40.879093170166016,2.4244384765625,9.911689758300781
0,0,0,0,40.93608856201172,2.382821559906006,9.9127197265625
0,0,0,0,40.97895050048828,2.351527214050293,9.913398742675781
0,0,0,0,41.02175521850586,2.3203368186950684,9.914039611816406
0,0,0,0,41.078880310058594,2.278653383255005,9.914909362792969
0,0,0,0,41.12177276611328,2.247342586517334,9.915496826171875
0,0,0,0,41.16471862792969,2.2159130573272705,9.916015625
0,0,0,0,41.222015380859375,2.1740520000457764,9.916648864746094
0,0,0,0,41.26493453979492,2.1427063941955566,9.917144775390625
0,0,0,0,41.307952880859375,2.1113486289978027,9.917648315429688
0,0,0,0,41.36548614501953,2.069394588470459,9.918296813964844
0,0,0,0,41.40890884399414,2.037776470184326,9.91876220703125
0,0,0,0,41.45246124267578,2.0060644149780273,9.919227600097656
0,0,0,0,41.51099395751953,1.9635275602340698,9.919837951660156
0,0,0,0,41.55509948730469,1.9315028190612793,9.920333862304688
0,0,0,0,41.59954833984375,1.899280071258545,9.920814514160156
0,0,0,0,41.65915298461914,1.8561972379684448,9.921463012695312
0,0,0,0,41.704254150390625,1.8236608505249023,9.92193603515625
0,0,0,0,41.749542236328125,1.7910349369049072,9.922416687011719
0,0,0,0,41.810462951660156,1.7471950054168701,9.923027038574219
0,0,0,0,41.85636520385742,1.7142561674118042,9.923484802246094
0,0,0,0,41.902523040771484,1.6811474561691284,9.923934936523438
0,0,0,0,41.964332580566406,1.6369527578353882,9.924583435058594
0,0,0,0,42.010894775390625,1.6036726236343384,9.925102233886719
0,0,0,0,42.057647705078125,1.5703763961791992,9.925682067871094
0,0,0,0,42.120243072509766,1.5258649587631226,9.926528930664062
0,0,0,0,42.16740798950195,1.492436170578003,9.927215576171875
0,0,0,0,42.214603424072266,1.4589694738388062,9.927925109863281
0,0,0,0,42.27772521972656,1.4142621755599976,9.928863525390625
0,0,0,0,42.32506561279297,1.3807179927825928,9.929618835449219
0,0,0,0,42.372535705566406,1.347055196762085,9.930427551269531
0,0,0,0,42.435791015625,1.3021438121795654,9.931594848632812
0,0,0,0,42.483341217041016,1.2683537006378174,9.932533264160156
0,0,0,0,42.53081512451172,1.2345975637435913,9.933540344238281
0,0,0,0,42.594268798828125,1.1894441843032837,9.93499755859375
0,0,0,0,42.64183044433594,1.1556237936019897,9.9361572265625
0,0,0,0,42.6894416809082,1.1217055320739746,9.937339782714844
0,0,0,0,42.752830505371094,1.076587200164795,9.938957214355469
0,0,0,0,42.80036163330078,1.042696237564087,9.940170288085938
0,0,0,0,42.84788131713867,1.0088262557983398,9.941375732421875
0,0,0,0,42.91128158569336,0.9636196494102478,9.9429931640625
0,0,0,0,42.95884704589844,0.929719090461731,9.944198608398438
0,0,0,0,43.0063591003418,0.8957850933074951,9.945365905761719
0,0,0,0,43.06969451904297,0.8505145311355591,9.9468994140625
0,0,0,0,43.117061614990234,0.8165737390518188,9.948036193847656
0,0,0,0,43.1644401550293,0.782574474811554,9.949111938476562
0,0,0,0,43.22747802734375,0.7372303605079651,9.950469970703125
0,0,0,0,43.27481460571289,0.7031145095825195,9.951423645019531
0,0,0,0,43.32200622558594,0.6690632700920105,9.952362060546875
0,0,0,0,43.38498306274414,0.6235719323158264,9.953620910644531
0,0,0,0,43.432132720947266,0.589504063129425,9.95452880859375
0,0,0,0,43.47932815551758,0.5553579926490784,9.955360412597656
0,0,0,0,43.54208755493164,0.5100395083427429,9.956428527832031
0,0,0,0,43.589046478271484,0.4760980010032654,9.957176208496094
0,0,0,0,43.635833740234375,0.4423327147960663,9.957855224609375
0,0,0,0,43.69788360595703,0.3974999189376831,9.958648681640625
0,0,0,0,43.7440185546875,0.3641843795776367,9.959121704101562
0,0,0,0,43.789695739746094,0.3311106264591217,9.959518432617188
0,0,0,0,43.849754333496094,0.28758519887924194,9.959922790527344
0,0,0,0,43.893978118896484,0.25547200441360474,9.960136413574219
0,0,0,0,43.937557220458984,0.22389757633209229,9.960281372070312
0,0,0,0,43.99433898925781,0.18276603519916534,9.960395812988281
0,0,0,0,44.035980224609375,0.15263977646827698,9.960418701171875
0,0,0,0,44.076602935791016,0.12327750772237778,9.960380554199219
0,0,0,0,44.12933349609375,0.08519960194826126,9.960250854492188
0,0,0,0,44.16762161254883,0.05758431926369667,9.9600830078125
0,0,0,0,44.20494842529297,0.030672846361994743,9.959907531738281
0,0,0,0,44.25290298461914,-0.003844365244731307,9.959548950195312
0,0,0,0,44.28759765625,-0.028786422684788704,9.959266662597656
0,0,0,0,44.321048736572266,-0.0527440682053566,9.958953857421875
0,0,0,0,44.36381530761719,-0.08329332619905472,9.958541870117188
0,0,0,0,44.39445114135742,-0.10502102226018906,9.95819091796875
0,0,0,0,44.4238395690918,-0.12585006654262543,9.957794189453125
0,0,0,0,44.461124420166016,-0.15208908915519714,9.957023620605469
0,0,0,0,44.4871826171875,-0.1706804782152176,9.95611572265625
0,0,0,0,44.51105880737305,-0.18833915889263153,9.954910278320312
0,0,0,0,44.538761138916016,-0.2105443775653839,9.952728271484375
0,0,0,0,44.55622863769531,-0.22622595727443695,9.950576782226562
0,0,0,0,44.5704231262207,-0.2410033941268921,9.947891235351562
0,0,0,0,44.58418655395508,-0.2594467103481293,9.943504333496094
0,0,0,0,44.59040451049805,-0.2722483277320862,9.939552307128906
0,0,0,0,44.5932502746582,-0.28431612253189087,9.93511962890625
0,0,0,0,44.59152603149414,-0.29905056953430176,9.928504943847656
0,0,0,0,44.586238861083984,-0.3092167377471924,9.923324584960938
0,0,0,0,44.57732009887695,-0.31844228506088257,9.918365478515625
0,0,0,0,44.560733795166016,-0.32957980036735535,9.912010192871094
0,0,0,0,44.544776916503906,-0.33696040511131287,9.907478332519531
0,0,0,0,44.52568817138672,-0.3436605632305145,9.903396606445312
0,0,0,0,44.495513916015625,-0.35146284103393555,9.898605346679688
0,0,0,0,44.46928405761719,-0.35654258728027344,9.895973205566406
0,0,0,0,44.44051742553711,-0.36094364523887634,9.8944091796875
0,0,0,0,44.39979553222656,-0.36590486764907837,9.893829345703125
0,0,0,0,44.368385314941406,-0.36900073289871216,9.894416809082031
0,0,0,0,44.33659362792969,-0.37156519293785095,9.89581298828125
0,0,0,0,44.29447937011719,-0.3742474913597107,9.898971557617188
0,0,0,0,44.263465881347656,-0.37569770216941833,9.902061462402344
0,0,0,0,44.23337173461914,-0.3768046498298645,9.905479431152344
0,0,0,0,44.194786071777344,-0.37767118215560913,9.910476684570312
0,0,0,0,44.16732406616211,-0.3780336081981659,9.914375305175781
0,0,0,0,44.14104461669922,-0.3780323266983032,9.918357849121094
0,0,0,0,44.10813522338867,-0.3777230978012085,9.923477172851562
0,0,0,0,44.08485412597656,-0.3771677315235138,9.927078247070312
0,0,0,0,44.062808990478516,-0.3764829635620117,9.93035888671875
0,0,0,0,44.0348014831543,-0.3752090632915497,9.934173583984375
0,0,0,0,44.01406478881836,-0.3742021918296814,9.93701171875
0,0,0,0,43.99299240112305,-0.37304314970970154,9.940261840820312
0,0,0,0,43.964561462402344,-0.3714444041252136,9.944541931152344
0,0,0,0,43.94315719604492,-0.3701542913913727,9.947425842285156
0,0,0,0,43.92149353027344,-0.3688598871231079,9.9500732421875
0,0,0,0,43.89211654663086,-0.3671460449695587,9.953323364257812
0,0,0,0,43.86964416503906,-0.3658427596092224,9.955436706542969
0,0,0,0,43.846961975097656,-0.36461204290390015,9.957145690917969
0,0,0,0,43.815826416015625,-0.36298760771751404,9.95880126953125
0,0,0,0,43.791683197021484,-0.3619214594364166,9.959571838378906
0,0,0,0,43.76649856567383,-0.3609071671962738,9.959884643554688
0,0,0,0,43.73105239868164,-0.35985812544822693,9.959701538085938
0,0,0,0,43.702552795410156,-0.3592073321342468,9.959121704101562
0,0,0,0,43.67235565185547,-0.3588113784790039,9.958221435546875
0,0,0,0,43.62894058227539,-0.3584091365337372,9.956550598144531
0,0,0,0,43.594032287597656,-0.35831648111343384,9.954986572265625
0,0,0,0,43.556976318359375,-0.35830608010292053,9.95318603515625
0,0,0,0,43.50444793701172,-0.35859939455986023,9.950431823730469
0,0,0,0,43.46274185180664,-0.3589760363101959,9.948196411132812
0,0,0,0,43.419097900390625,-0.3595539331436157,9.945884704589844
0,0,0,0,43.358154296875,-0.36056461930274963,9.942718505859375
0,0,0,0,43.310516357421875,-0.3615069091320038,9.940406799316406
0,0,0,0,43.26140594482422,-0.362608939409256,9.938217163085938
0,0,0,0,43.19376754760742,-0.3642260432243347,9.935562133789062
0,0,0,0,43.14176559448242,-0.3655906915664673,9.933822631835938
0,0,0,0,43.08864212036133,-0.367004930973053,9.932365417480469
0,0,0,0,43.01655578613281,-0.36909863352775574,9.930892944335938
0,0,0,0,42.961551666259766,-0.3707156479358673,9.930091857910156
0,0,0,0,42.90602111816406,-0.3724992871284485,9.9295654296875
0,0,0,0,42.831092834472656,-0.3748599588871002,9.92926025390625
0,0,0,0,42.774452209472656,-0.3767232596874237,9.929313659667969
0,0,0,0,42.717369079589844,-0.3785485327243805,9.9295654296875
0,0,0,0,42.64088439941406,-0.3811056911945343,9.930145263671875
0,0,0,0,42.583255767822266,-0.38300108909606934,9.93072509765625
0,0,0,0,42.52546310424805,-0.38496240973472595,9.931350708007812
0,0,0,0,42.44819641113281,-0.3874698877334595,9.93218994140625
0,0,0,0,42.390079498291016,-0.38936683535575867,9.932807922363281
0,0,0,0,42.33195877075195,-0.3912757635116577,9.933380126953125
0,0,0,0,42.254417419433594,-0.3938521444797516,9.934059143066406
0,0,0,0,42.19634246826172,-0.39581891894340515,9.934516906738281
0,0,0,0,42.138214111328125,-0.3977823555469513,9.934890747070312
0,0,0,0,42.06081771850586,-0.40049999952316284,9.935234069824219
0,0,0,0,42.00273132324219,-0.4025549292564392,9.935371398925781
0,0,0,0,41.94478988647461,-0.4047188460826874,9.935417175292969
0,0,0,0,41.848262786865234,-0.4084017872810364,9.935272216796875
0,0,0,0,41.80972671508789,-0.4099701941013336,9.935142517089844
0,0,0,0,41.751922607421875,-0.4122724235057831,9.934883117675781
0,0,0,0,41.675048828125,-0.4154956340789795,9.93438720703125
0,0,0,0,41.61738586425781,-0.4179173707962036,9.933906555175781
0,0,0,0,41.55982208251953,-0.4204151928424835,9.93341064453125
0,0,0,0,41.48310470581055,-0.4236830472946167,9.932693481445312
0,0,0,0,41.42557907104492,-0.4262138903141022,9.932136535644531
0,0,0,0,41.36805725097656,-0.42871230840682983,9.931594848632812
0,0,0,0,41.29131317138672,-0.4320550560951233,9.930992126464844
0,0,0,0,41.23379135131836,-0.4345780611038208,9.930641174316406
0,0,0,0,41.17619705200195,-0.4371177852153778,9.930343627929688
0,0,0,0,41.09944534301758,-0.4405520558357239,9.930000305175781
0,0,0,0,41.04181671142578,-0.4430913031101227,9.92974853515625
0,0,0,0,40.984291076660156,-0.4456702768802643,9.929542541503906
0,0,0,0,40.90748977661133,-0.44903814792633057,9.92926025390625
0,0,0,0,40.84996032714844,-0.451642245054245,9.92901611328125
0,0,0,0,40.792335510253906,-0.4541948735713959,9.928756713867188
0,0,0,0,40.71562194824219,-0.45773348212242126,9.928428649902344
0,0,0,0,40.658023834228516,-0.4603370726108551,9.928176879882812
0,0,0,0,40.60047149658203,-0.46302279829978943,9.927955627441406
0,0,0,0,40.52365493774414,-0.46653687953948975,9.927680969238281
0,0,0,0,40.46603775024414,-0.46921664476394653,9.927467346191406
0,0,0,0,40.408390045166016,-0.4718402326107025,9.927215576171875
0,0,0,0,40.33152389526367,-0.47539737820625305,9.926780700683594
0,0,0,0,40.273887634277344,-0.4780293405056,9.926376342773438
0,0,0,0,40.216243743896484,-0.48066961765289307,9.925926208496094
0,0,0,0,40.13945007324219,-0.4841839373111725,9.925239562988281
0,0,0,0,40.08181381225586,-0.48678094148635864,9.924659729003906
0,0,0,0,40.02425765991211,-0.4894200563430786,9.924072265625
0,0,0,0,39.9473991394043,-0.49288007616996765,9.923240661621094
0,0,0,0,39.88986587524414,-0.4955250024795532,9.922637939453125
0,0,0,0,39.832279205322266,-0.4980897605419159,9.922004699707031
0,0,0,0,39.755714416503906,-0.5015848278999329,9.921104431152344
0,0,0,0,39.6982536315918,-0.504172682762146,9.920394897460938
0,0,0,0,39.64093017578125,-0.5068514347076416,9.919662475585938
0,0,0,0,39.56444549560547,-0.5102723836898804,9.918594360351562
0,0,0,0,39.507144927978516,-0.5128893256187439,9.917747497558594
0,0,0,0,39.4498291015625,-0.5154147148132324,9.916854858398438
0,0,0,0,39.37350082397461,-0.5188053250312805,9.915534973144531
0,0,0,0,39.31625747680664,-0.5212675929069519,9.914436340332031
0,0,0,0,39.259002685546875,-0.5237429141998291,9.91326904296875
0,0,0,0,39.18269348144531,-0.5269709825515747,9.911605834960938
0,0,0,0,39.125404357910156,-0.529350757598877,9.910232543945312
0,0,0,0,39.06815719604492,-0.5317191481590271,9.908767700195312
0,0,0,0,38.99174499511719,-0.5348788499832153,9.906730651855469
0,0,0,0,38.93449401855469,-0.5372940301895142,9.905189514160156
0,0,0,0,38.87714767456055,-0.539630115032196,9.903656005859375
0,0,0,0,38.80071258544922,-0.5428366661071777,9.901664733886719
0,0,0,0,38.74325942993164,-0.5451937317848206,9.900230407714844
0,0,0,0,38.68590545654297,-0.5476557612419128,9.898849487304688
0,0,0,0,38.609413146972656,-0.5508669018745422,9.897048950195312
0,0,0,0,38.55221176147461,-0.5533478856086731,9.895759582519531
0,0,0,0,38.4951286315918,-0.5557093024253845,9.894523620605469
0,0,0,0,38.4195442199707,-0.5588693618774414,9.8929443359375
0,0,0,0,38.36333465576172,-0.5611316561698914,9.891792297363281
0,0,0,0,38.30768966674805,-0.5634134411811829,9.890678405761719
0,0,0,0,38.23457336425781,-0.566343367099762,9.889152526855469
0,0,0,0,38.180667877197266,-0.5685485005378723,9.887969970703125
0,0,0,0,38.127685546875,-0.5706963539123535,9.886756896972656
0,0,0,0,38.05851745605469,-0.5735301971435547,9.885139465332031
0,0,0,0,38.00797653198242,-0.5756248235702515,9.883880615234375
0,0,0,0,37.95851516723633,-0.5776690244674683,9.882583618164062
0,0,0,0,37.894588470458984,-0.5804168581962585,9.880836486816406
0,0,0,0,37.84808349609375,-0.5823867917060852,9.879501342773438
0,0,0,0,37.80302810668945,-0.5844054222106934,9.87811279296875
0,0,0,0,37.74503707885742,-0.586986243724823,9.876197814941406
0,0,0,0,37.70325469970703,-0.5889818072319031,9.874671936035156
0,0,0,0,37.66279220581055,-0.5908873677253723,9.873130798339844
0,0,0,0,37.61109924316406,-0.5934780836105347,9.871047973632812
0,0,0,0,37.5738639831543,-0.5953598618507385,9.869483947753906
0,0,0,0,37.53803253173828,-0.597334086894989,9.867774963378906
0,0,0,0,37.49210739135742,-0.5997886061668396,9.865104675292969
0,0,0,0,37.45883560180664,-0.6013224720954895,9.863121032714844
0,0,0,0,37.426448822021484,-0.6024460196495056,9.861442565917969
0,0,0,0,37.38481140136719,-0.6037018299102783,9.859481811523438
0,0,0,0,37.354835510253906,-0.604485809803009,9.858139038085938
0,0,0,0,37.325862884521484,-0.6050770878791809,9.85687255859375
0,0,0,0,37.28899002075195,-0.6055423021316528,9.855278015136719
0,0,0,0,37.26250076293945,-0.6056033372879028,9.854118347167969
0,0,0,0,37.237117767333984,-0.6054854989051819,9.852935791015625
0,0,0,0,37.20469284057617,-0.6048480272293091,9.851318359375
0,0,0,0,37.181480407714844,-0.6040740013122559,9.850044250488281
0,0,0,0,37.15900421142578,-0.6028757691383362,9.848724365234375
0,0,0,0,37.13032913208008,-0.6008321046829224,9.846908569335938
0,0,0,0,37.109561920166016,-0.5988078713417053,9.845458984375
0,0,0,0,37.08952331542969,-0.5965191125869751,9.84393310546875
0,0,0,0,37.06364822387695,-0.5928201079368591,9.841766357421875
0,0,0,0,37.04486846923828,-0.5896526575088501,9.840049743652344
0,0,0,0,37.02649688720703,-0.5860443115234375,9.838203430175781
0,0,0,0,37.00261688232422,-0.5807141065597534,9.835540771484375
0,0,0,0,36.98515319824219,-0.5762847065925598,9.833450317382812
0,0,0,0,36.96796417236328,-0.5715265274047852,9.831275939941406
0,0,0,0,36.9454345703125,-0.564672589302063,9.828269958496094
0,0,0,0,36.928680419921875,-0.5591394901275635,9.825843811035156
0,0,0,0,36.906612396240234,-0.551293134689331,9.82232666015625
0,0,0,0,36.89002227783203,-0.5449010133743286,9.819473266601562
0,0,0,0,36.873451232910156,-0.5381551384925842,9.816398620605469
0,0,0,0,36.85666275024414,-0.5309125185012817,9.813041687011719
0,0,0,0,36.83393859863281,-0.5205356478691101,9.808090209960938
0,0,0,0,36.816314697265625,-0.5120306611061096,9.80401611328125
0,0,0,0,36.79827117919922,-0.5029919147491455,9.799636840820312
0,0,0,0,36.773223876953125,-0.4899255633354187,9.793312072753906
0,0,0,0,36.75375747680664,-0.47944769263267517,9.788215637207031
0,0,0,0,36.733558654785156,-0.46823373436927795,9.782844543457031
0,0,0,0,36.70549774169922,-0.4522911310195923,9.775344848632812
0,0,0,0,36.68357467651367,-0.43951714038848877,9.769554138183594
0,0,0,0,36.66085433959961,-0.42615464329719543,9.763656616210938
0,0,0,0,36.62931442260742,-0.4073759913444519,9.755599975585938
0,0,0,0,36.604591369628906,-0.39261341094970703,9.749404907226562
0,0,0,0,36.57904052734375,-0.3773123621940613,9.743118286132812
0,0,0,0,36.54351806640625,-0.35602232813835144,9.734580993652344
0,0,0,0,36.51592254638672,-0.33943653106689453,9.72808837890625
0,0,0,0,36.48733901977539,-0.3222864866256714,9.721450805664062
0,0,0,0,36.44794464111328,-0.29869285225868225,9.712417602539062
0,0,0,0,36.41728210449219,-0.28038397431373596,9.705474853515625
0,0,0,0,36.38587188720703,-0.26166069507598877,9.698448181152344
0,0,0,0,36.34259796142578,-0.23587998747825623,9.688835144042969
0,0,0,0,36.309200286865234,-0.21609728038311005,9.681472778320312
0,0,0,0,36.2748908996582,-0.19580033421516418,9.673957824707031
0,0,0,0,36.22792434692383,-0.16819041967391968,9.66375732421875
0,0,0,0,36.19169235229492,-0.14696046710014343,9.655990600585938
0,0,0,0,36.15462875366211,-0.12541285157203674,9.648155212402344
0,0,0,0,36.10386276245117,-0.09605787694454193,9.637626647949219
0,0,0,0,36.06483840942383,-0.07368447631597519,9.629684448242188
0,0,0,0,36.02506637573242,-0.05096324905753136,9.621757507324219
0,0,0,0,35.970829010009766,-0.02026541158556938,9.611213684082031
0,0,0,0,35.92934036254883,0.003035604953765869,9.603378295898438
0,0,0,0,35.88703155517578,0.026624713093042374,9.595611572265625
0,0,0,0,35.82963943481445,0.058445870876312256,9.585365295410156
0,0,0,0,35.78573989868164,0.08262018114328384,9.577743530273438
0,0,0,0,35.74128341674805,0.10693459212779999,9.570167541503906
0,0,0,0,35.68091583251953,0.1397385448217392,9.560081481933594
0,0,0,0,35.63503646850586,0.1645018756389618,9.552566528320312
0,0,0,0,35.58852767944336,0.1895708590745926,9.545112609863281
0,0,0,0,35.52581787109375,0.22313040494918823,9.535293579101562
0,0,0,0,35.478187561035156,0.24852950870990753,9.528030395507812
0,0,0,0,35.43016052246094,0.2739974558353424,9.520858764648438
0,0,0,0,35.36540603637695,0.30824699997901917,9.511383056640625
0,0,0,0,35.31642150878906,0.333999365568161,9.504356384277344
0,0,0,0,35.267093658447266,0.3598807454109192,9.497398376464844
0,0,0,0,35.20083236694336,0.3944147825241089,9.488227844238281
0,0,0,0,35.15085220336914,0.420356810092926,9.481460571289062
0,0,0,0,35.100555419921875,0.44629740715026855,9.474784851074219
0,0,0,0,35.03316116333008,0.48085299134254456,9.466018676757812
0,0,0,0,34.98224639892578,0.5067575573921204,9.459564208984375
0,0,0,0,34.93122482299805,0.5325769782066345,9.453262329101562
0,0,0,0,34.862831115722656,0.5669258832931519,9.445053100585938
0,0,0,0,34.811397552490234,0.5924990177154541,9.439002990722656
0,0,0,0,34.75967788696289,0.6180448532104492,9.433082580566406
0,0,0,0,34.69054412841797,0.6518018841743469,9.425453186035156
0,0,0,0,34.63841247558594,0.6769959926605225,9.419898986816406
0,0,0,0,34.58620071411133,0.7019204497337341,9.414497375488281
0,0,0,0,34.51624298095703,0.7348737120628357,9.407524108886719
0,0,0,0,34.4636116027832,0.7592124938964844,9.402534484863281
0,0,0,0,34.410804748535156,0.7832871675491333,9.397735595703125
0,0,0,0,34.34017562866211,0.8147770166397095,9.391654968261719
0,0,0,0,34.28702926635742,0.8379746079444885,9.387344360351562
0,0,0,0,34.233665466308594,0.8607290387153625,9.383232116699219
0,0,0,0,34.1622428894043,0.8903607726097107,9.378120422363281
0,0,0,0,34.10841369628906,0.9119995832443237,9.374549865722656
0,0,0,0,34.05448532104492,0.9330793023109436,9.3712158203125
0,0,0,0,33.98219680786133,0.9603045582771301,9.367118835449219
0,0,0,0,33.92782211303711,0.9799448847770691,9.364295959472656
0,0,0,0,33.873104095458984,0.9989778399467468,9.361671447753906
0,0,0,0,33.7999382019043,1.023186445236206,9.358505249023438
0,0,0,0,33.74473571777344,1.0405516624450684,9.35638427734375
0,0,0,0,33.68938064575195,1.0570439100265503,9.354499816894531
0,0,0,0,33.61509704589844,1.0778093338012695,9.352409362792969
0,0,0,0,33.55912399291992,1.0923151969909668,9.35113525390625
0,0,0,0,33.50291061401367,1.1060245037078857,9.350120544433594
0,0,0,0,33.42768859863281,1.1228448152542114,9.349166870117188
0,0,0,0,33.37104415893555,1.1344560384750366,9.348747253417969
0,0,0,0,33.31422424316406,1.1451025009155273,9.348526000976562
0,0,0,0,33.2382698059082,1.157869815826416,9.3485107421875
0,0,0,0,33.18114471435547,1.1663472652435303,9.348739624023438
0,0,0,0,33.123992919921875,1.173917531967163,9.349212646484375
0,0,0,0,33.047576904296875,1.1825836896896362,9.35015869140625
0,0,0,0,32.99028015136719,1.187943696975708,9.351043701171875
0,0,0,0,32.9328498840332,1.192449688911438,9.352096557617188
0,0,0,0,32.85628128051758,1.1969925165176392,9.353729248046875
0,0,0,0,32.79875564575195,1.1993811130523682,9.355094909667969
0,0,0,0,32.74128341674805,1.2007670402526855,9.356582641601562
0,0,0,0,32.664512634277344,1.2013486623764038,9.358749389648438
0,0,0,0,32.60702896118164,1.2007503509521484,9.360496520996094
0,0,0,0,32.54945373535156,1.1994473934173584,9.362380981445312
0,0,0,0,32.472774505615234,1.1963673830032349,9.365081787109375
0,0,0,0,32.41527557373047,1.1932178735733032,9.367233276367188
0,0,0,0,32.35782241821289,1.1892917156219482,9.369461059570312
0,0,0,0,32.28121566772461,1.1829966306686401,9.372611999511719
0,0,0,0,32.223793029785156,1.1774810552597046,9.375068664550781
0,0,0,0,32.16645431518555,1.171383261680603,9.377593994140625
0,0,0,0,32.07099914550781,1.1599301099777222,9.381927490234375
0,0,0,0,32.032920837402344,1.1548761129379272,9.383674621582031
0,0,0,0,31.975778579711914,1.1468756198883057,9.386322021484375
0,0,0,0,31.89980125427246,1.1353638172149658,9.389892578125
0,0,0,0,31.84278106689453,1.1262543201446533,9.392585754394531
0,0,0,0,31.78592300415039,1.116670846939087,9.395301818847656
0,0,0,0,31.7100772857666,1.1033493280410767,9.399002075195312
0,0,0,0,31.653310775756836,1.0928603410720825,9.401824951171875
0,0,0,0,31.59647560119629,1.0820927619934082,9.404747009277344
0,0,0,0,31.52089500427246,1.0671600103378296,9.408767700195312
0,0,0,0,31.464195251464844,1.055667757987976,9.411819458007812
0,0,0,0,31.407556533813477,1.043824315071106,9.414878845214844
0,0,0,0,31.331995010375977,1.0277050733566284,9.418922424316406
0,0,0,0,31.275346755981445,1.0152997970581055,9.42193603515625
0,0,0,0,31.218725204467773,1.0026915073394775,9.424942016601562
0,0,0,0,31.143152236938477,0.9855449795722961,9.428932189941406
0,0,0,0,31.08651351928711,0.9725013375282288,9.431922912597656
0,0,0,0,31.029861450195312,0.9593155384063721,9.434852600097656
0,0,0,0,30.954423904418945,0.9415825605392456,9.438697814941406
0,0,0,0,30.89777183532715,0.9281986355781555,9.441535949707031
0,0,0,0,30.841245651245117,0.9147061109542847,9.444343566894531
0,0,0,0,30.765762329101562,0.8966710567474365,9.448043823242188
0,0,0,0,30.709243774414062,0.8830073475837708,9.450843811035156
0,0,0,0,30.652631759643555,0.869364321231842,9.453666687011719
0,0,0,0,30.577255249023438,0.8510477542877197,9.45751953125
0,0,0,0,30.520675659179688,0.8373655080795288,9.460403442382812
0,0,0,0,30.46416664123535,0.8236027359962463,9.463272094726562
0,0,0,0,30.388763427734375,0.805355429649353,9.467041015625
0,0,0,0,30.33226776123047,0.7916330099105835,9.469802856445312
0,0,0,0,30.275758743286133,0.777999758720398,9.472541809082031
0,0,0,0,30.200439453125,0.7598381042480469,9.4761962890625
0,0,0,0,30.143993377685547,0.746316134929657,9.478889465332031
0,0,0,0,30.087522506713867,0.7328365445137024,9.481582641601562
0,0,0,0,30.01228141784668,0.7149996757507324,9.485153198242188
0,0,0,0,29.95582389831543,0.7017125487327576,9.487831115722656
0,0,0,0,29.899438858032227,0.6884986162185669,9.490547180175781
0,0,0,0,29.824169158935547,0.6710634231567383,9.494277954101562
0,0,0,0,29.767812728881836,0.6580387353897095,9.497154235839844
0,0,0,0,29.711334228515625,0.6451669931411743,9.50006103515625
0,0,0,0,29.63614845275879,0.6281028389930725,9.503997802734375
0,0,0,0,29.57967758178711,0.6154989004135132,9.506950378417969
0,0,0,0,29.5233154296875,0.602918267250061,9.509933471679688
0,0,0,0,29.448097229003906,0.5863723158836365,9.513961791992188
0,0,0,0,29.391752243041992,0.5739786028862,9.517021179199219
0,0,0,0,29.335384368896484,0.561739444732666,9.520095825195312
0,0,0,0,29.260326385498047,0.5454423427581787,9.524185180664062
0,0,0,0,29.20404052734375,0.5333132147789001,9.527214050292969
0,0,0,0,29.147756576538086,0.5212135910987854,9.530204772949219
0,0,0,0,29.07272720336914,0.505220890045166,9.534133911132812
0,0,0,0,29.016450881958008,0.49327218532562256,9.53704833984375
0,0,0,0,28.96024513244629,0.48137378692626953,9.53997802734375
0,0,0,0,28.88527488708496,0.4655890464782715,9.543777465820312
0,0,0,0,28.82911491394043,0.4538041055202484,9.54656982421875
0,0,0,0,28.772846221923828,0.44213956594467163,9.549346923828125
0,0,0,0,28.69793701171875,0.426567018032074,9.553024291992188
0,0,0,0,28.641666412353516,0.4149816632270813,9.555763244628906
0,0,0,0,28.58548355102539,0.4033339023590088,9.558464050292969
0,0,0,0,28.51044273376465,0.3879298269748688,9.562065124511719
0,0,0,0,28.45419692993164,0.376322478055954,9.564834594726562
0,0,0,0,28.397876739501953,0.36479607224464417,9.567634582519531
0,0,0,0,28.32288932800293,0.3493681252002716,9.5714111328125
0,0,0,0,28.266613006591797,0.33788201212882996,9.574234008789062
0,0,0,0,28.210336685180664,0.32636532187461853,9.577049255371094
0,0,0,0,28.13521957397461,0.3110960125923157,9.580802917480469
0,0,0,0,28.078821182250977,0.2996232211589813,9.583595275878906
0,0,0,0,28.022432327270508,0.2882281541824341,9.586402893066406
0,0,0,0,27.947166442871094,0.27308189868927,9.590164184570312
0,0,0,0,27.890695571899414,0.2617679238319397,9.592979431152344
0,0,0,0,27.8341064453125,0.2505350708961487,9.595779418945312
0,0,0,0,27.758647918701172,0.2356346696615219,9.599517822265625
0,0,0,0,27.70192527770996,0.22457163035869598,9.602264404296875
0,0,0,0,27.6452693939209,0.2135137915611267,9.604965209960938
0,0,0,0,27.569486618041992,0.19891944527626038,9.6085205078125
0,0,0,0,27.51263427734375,0.18795739114284515,9.611175537109375
0,0,0,0,27.455617904663086,0.1771301031112671,9.613822937011719
0,0,0,0,27.37959861755371,0.16267918050289154,9.617355346679688
0,0,0,0,27.322444915771484,0.1520056277513504,9.620002746582031
0,0,0,0,27.265304565429688,0.1413329839706421,9.622650146484375
0,0,0,0,27.188995361328125,0.1272955983877182,9.626144409179688
0,0,0,0,27.131759643554688,0.11682561039924622,9.628753662109375
0,0,0,0,27.074485778808594,0.10645447671413422,9.631362915039062
0,0,0,0,26.998050689697266,0.09267618507146835,9.634864807128906
0,0,0,0,26.940732955932617,0.08244697004556656,9.637481689453125
0,0,0,0,26.883317947387695,0.07231088727712631,9.640106201171875
0,0,0,0,26.806798934936523,0.058938197791576385,9.643600463867188
0,0,0,0,26.74934196472168,0.04904292896389961,9.646194458007812
0,0,0,0,26.691991806030273,0.03920498117804527,9.648773193359375
0,0,0,0,26.61540412902832,0.02630796656012535,9.652236938476562
0,0,0,0,26.558069229125977,0.016705965623259544,9.654899597167969
0,0,0,0,26.500646591186523,0.007284126710146666,9.6575927734375
0,0,0,0,26.424169540405273,-0.005215117707848549,9.661262512207031
0,0,0,0,26.366724014282227,-0.01442008651793003,9.664031982421875
0,0,0,0,26.309337615966797,-0.02359776943922043,9.666839599609375
0,0,0,0,26.232728958129883,-0.035590220242738724,9.670631408691406
0,0,0,0,26.175323486328125,-0.044511280953884125,9.673492431640625
0,0,0,0,26.117855072021484,-0.053245291113853455,9.676368713378906
0,0,0,0,26.041189193725586,-0.06470401585102081,9.680198669433594
0,0,0,0,25.983657836914062,-0.07311197370290756,9.68310546875
0,0,0,0,25.92607307434082,-0.08143837749958038,9.686050415039062
0,0,0,0,25.849294662475586,-0.0923498347401619,9.689979553222656
0,0,0,0,25.79159927368164,-0.10040194541215897,9.692962646484375
0,0,0,0,25.733922958374023,-0.10832779854536057,9.695930480957031
0,0,0,0,25.65683364868164,-0.11867973208427429,9.699920654296875
0,0,0,0,25.599035263061523,-0.12634889781475067,9.70294189453125
0,0,0,0,25.541093826293945,-0.13383342325687408,9.705947875976562
0,0,0,0,25.46383285522461,-0.14366525411605835,9.709930419921875
0,0,0,0,25.405763626098633,-0.15080812573432922,9.712905883789062
0,0,0,0,25.34775733947754,-0.15791723132133484,9.715873718261719
0,0,0,0,25.270278930664062,-0.16710835695266724,9.719833374023438
0,0,0,0,25.212160110473633,-0.17390076816082,9.722808837890625
0,0,0,0,25.15396499633789,-0.18049238622188568,9.725791931152344
0,0,0,0,25.07643699645996,-0.18922032415866852,9.729759216308594
0,0,0,0,25.0183162689209,-0.19563746452331543,9.732711791992188
0,0,0,0,24.960216522216797,-0.20204119384288788,9.735649108886719
0,0,0,0,24.88277816772461,-0.2104312926530838,9.739570617675781
0,0,0,0,24.824684143066406,-0.2166944146156311,9.74249267578125
0,0,0,0,24.766645431518555,-0.22287696599960327,9.745376586914062
0,0,0,0,24.689178466796875,-0.23101429641246796,9.749198913574219
0,0,0,0,24.63119125366211,-0.23709167540073395,9.751983642578125
0,0,0,0,24.573139190673828,-0.2430945634841919,9.754684448242188
0,0,0,0,24.495798110961914,-0.2511192858219147,9.758148193359375
0,0,0,0,24.437694549560547,-0.2570238411426544,9.760635375976562
0,0,0,0,24.37971305847168,-0.2629721462726593,9.763023376464844
0,0,0,0,24.3023738861084,-0.27081963419914246,9.766067504882812
0,0,0,0,24.244483947753906,-0.27676379680633545,9.768264770507812
0,0,0,0,24.186538696289062,-0.28261569142341614,9.770378112792969
0,0,0,0,24.1093692779541,-0.2904835045337677,9.773094177246094
0,0,0,0,24.051464080810547,-0.2962959110736847,9.775039672851562
0,0,0,0,23.993642807006836,-0.302160382270813,9.77691650390625
0,0,0,0,23.916610717773438,-0.3099055290222168,9.779335021972656
0,0,0,0,23.85883140563965,-0.31578394770622253,9.781074523925781
0,0,0,0,23.801069259643555,-0.32167166471481323,9.782798767089844
0,0,0,0,23.724044799804688,-0.32959669828414917,9.785163879394531
0,0,0,0,23.66634750366211,-0.33560478687286377,9.786964416503906
0,0,0,0,23.608572006225586,-0.3416316509246826,9.788742065429688
0,0,0,0,23.531633377075195,-0.3497488796710968,9.791084289550781
0,0,0,0,23.473854064941406,-0.3558056354522705,9.792800903320312
0,0,0,0,23.416166305541992,-0.3619190752506256,9.794479370117188
0,0,0,0,23.339113235473633,-0.37007495760917664,9.796638488769531
0,0,0,0,23.281387329101562,-0.37633055448532104,9.798202514648438
0,0,0,0,23.223548889160156,-0.38252875208854675,9.79974365234375
0,0,0,0,23.146533966064453,-0.3909051716327667,9.80181884765625
0,0,0,0,23.088680267333984,-0.397187203168869,9.803382873535156
0,0,0,0,23.030864715576172,-0.4036358892917633,9.804954528808594
0,0,0,0,22.95368194580078,-0.4122451841831207,9.806991577148438
0,0,0,0,22.895784378051758,-0.41877129673957825,9.808509826660156
0,0,0,0,22.83786392211914,-0.4252822995185852,9.810005187988281
0,0,0,0,22.7606201171875,-0.4340987205505371,9.811996459960938
0,0,0,0,22.702714920043945,-0.44071900844573975,9.8134765625
0,0,0,0,22.644750595092773,-0.44737157225608826,9.814956665039062
0,0,0,0,22.56751823425293,-0.45622700452804565,9.816993713378906
0,0,0,0,22.509521484375,-0.4628198444843292,9.818565368652344
0,0,0,0,22.45160675048828,-0.469419002532959,9.820175170898438
0,0,0,0,22.37429428100586,-0.4781338572502136,9.822334289550781
0,0,0,0,22.31639862060547,-0.48466408252716064,9.823982238769531
0,0,0,0,22.258405685424805,-0.49110835790634155,9.825645446777344
0,0,0,0,22.18123435974121,-0.49969595670700073,9.827888488769531
0,0,0,0,22.12329864501953,-0.5059966444969177,9.829551696777344
0,0,0,0,22.065427780151367,-0.5123201608657837,9.831146240234375
0,0,0,0,21.988178253173828,-0.5205672383308411,9.833152770996094
0,0,0,0,21.93027687072754,-0.5267409682273865,9.834556579589844
0,0,0,0,21.87238121032715,-0.5328001976013184,9.835838317871094
0,0,0,0,21.795297622680664,-0.5408514738082886,9.83734130859375
0,0,0,0,21.737537384033203,-0.546816885471344,9.838340759277344
0,0,0,0,21.679779052734375,-0.5527698993682861,9.839279174804688
0,0,0,0,21.60280990600586,-0.5606154799461365,9.840362548828125
0,0,0,0,21.545021057128906,-0.5664393901824951,9.841026306152344
0,0,0,0,21.46807289123535,-0.574219822883606,9.841705322265625
0,0,0,0,21.410289764404297,-0.5799923539161682,9.842079162597656
0,0,0,0,21.352628707885742,-0.5858401656150818,9.842330932617188
0,0,0,0,21.27565574645996,-0.593556821346283,9.842506408691406
0,0,0,0,21.218017578125,-0.5993967056274414,9.842514038085938
0,0,0,0,21.16029167175293,-0.605139970779419,9.842430114746094
0,0,0,0,21.1026554107666,-0.6109470725059509,9.842315673828125
0,0,0,0,21.025707244873047,-0.6185606718063354,9.842063903808594
0,0,0,0,20.968082427978516,-0.624325156211853,9.841827392578125
0,0,0,0,20.910429000854492,-0.6300056576728821,9.841575622558594
0,0,0,0,20.83364486694336,-0.6376308798789978,9.8411865234375
0,0,0,0,20.776073455810547,-0.643287718296051,9.84088134765625
0,0,0,0,20.71855354309082,-0.6489806771278381,9.840591430664062
0,0,0,0,20.64191246032715,-0.6565211415290833,9.840179443359375
0,0,0,0,20.584453582763672,-0.6621823310852051,9.839889526367188
0,0,0,0,20.527088165283203,-0.6678425073623657,9.839614868164062
0,0,0,0,20.450658798217773,-0.6754376888275146,9.839317321777344
0,0,0,0,20.393579483032227,-0.6811800599098206,9.839179992675781
0,0,0,0,20.33660125732422,-0.686897873878479,9.839118957519531
0,0,0,0,20.261247634887695,-0.6945042610168457,9.839088439941406
0,0,0,0,20.205211639404297,-0.7000775337219238,9.839103698730469
0,0,0,0,20.149850845336914,-0.7056400775909424,9.839126586914062
0,0,0,0,20.076974868774414,-0.7128955125808716,9.83905029296875
0,0,0,0,20.023300170898438,-0.7183175086975098,9.838943481445312
0,0,0,0,19.970420837402344,-0.7235791087150574,9.838790893554688
0,0,0,0,19.901512145996094,-0.7305694818496704,9.838516235351562
0,0,0,0,19.851024627685547,-0.7356588840484619,9.8382568359375
0,0,0,0,19.801715850830078,-0.7407248020172119,9.837936401367188
0,0,0,0,19.737838745117188,-0.7472384572029114,9.837417602539062
0,0,0,0,19.691429138183594,-0.7520126700401306,9.83697509765625
0,0,0,0,19.64637565612793,-0.7566111087799072,9.83648681640625
0,0,0,0,19.58841323852539,-0.7625397443771362,9.835739135742188
0,0,0,0,19.54664421081543,-0.7668238878250122,9.835121154785156
0,0,0,0,19.506256103515625,-0.7709559798240662,9.834457397460938
0,0,0,0,19.454761505126953,-0.7762355208396912,9.833534240722656
0,0,0,0,19.417789459228516,-0.7799327373504639,9.832839965820312
0,0,0,0,19.38241195678711,-0.7835023999214172,9.832160949707031
0,0,0,0,19.337453842163086,-0.7879119515419006,9.831298828125
0,0,0,0,19.305570602416992,-0.7910804748535156,9.830696105957031
0,0,0,0,19.275123596191406,-0.7939783930778503,9.830162048339844
0,0,0,0,19.236976623535156,-0.7977295517921448,9.829521179199219
0,0,0,0,19.210033416748047,-0.8002948760986328,9.829116821289062
0,0,0,0,19.184566497802734,-0.802788496017456,9.828750610351562
0,0,0,0,19.152711868286133,-0.805784285068512,9.828361511230469
0,0,0,0,19.130434036254883,-0.8079088926315308,9.828117370605469
0,0,0,0,19.102806091308594,-0.8105289340019226,9.827896118164062
0,0,0,0,19.083539962768555,-0.8123281002044678,9.827850341796875
0,0,0,0,19.06556510925293,-0.8140126466751099,9.827911376953125
0,0,0,0,19.04873275756836,-0.8155829310417175,9.828071594238281
0,0,0,0,19.028114318847656,-0.8174567222595215,9.828453063964844
0,0,0,0,19.013866424560547,-0.8186683058738708,9.828872680664062
0,0,0,0,19.0007381439209,-0.8197901844978333,9.829368591308594
0,0,0,0,18.984621047973633,-0.8210806846618652,9.83013916015625
0,0,0,0,18.973682403564453,-0.8219832181930542,9.830757141113281
0,0,0,0,18.963485717773438,-0.8227195739746094,9.831390380859375
0,0,0,0,18.951274871826172,-0.823634147644043,9.832252502441406
0,0,0,0,18.94297981262207,-0.8241592049598694,9.832916259765625
0,0,0,0,18.935508728027344,-0.8247206807136536,9.833587646484375
0,0,0,0,18.92654800415039,-0.8252928853034973,9.834518432617188
0,0,0,0,18.92064094543457,-0.8257123231887817,9.83526611328125
0,0,0,0,18.91532325744629,-0.826023519039154,9.8360595703125
0,0,0,0,18.909156799316406,-0.8264002203941345,9.837158203125
0,0,0,0,18.905176162719727,-0.8265956044197083,9.838043212890625
0,0,0,0,18.90167808532715,-0.8267652988433838,9.838973999023438
0,0,0,0,18.897768020629883,-0.8268974423408508,9.840232849121094
0,0,0,0,18.895273208618164,-0.8268951177597046,9.8411865234375
0,0,0,0,18.89328956604004,-0.8268116116523743,9.842140197753906
0,0,0,0,18.89116859436035,-0.8265005946159363,9.843475341796875
0,0,0,0,18.890111923217773,-0.8261520862579346,9.844779968261719
0,0,0,0,18.889509201049805,-0.8254615068435669,9.846336364746094
0,0,0,0,18.889984130859375,-0.8239287734031677,9.8486328125
0,0,0,0,18.891218185424805,-0.8221914768218994,9.850494384765625
0,0,0,0,18.89341926574707,-0.8200413584709167,9.852409362792969
0,0,0,0,18.897695541381836,-0.8162685036659241,9.85504150390625
0,0,0,0,18.902067184448242,-0.8128457069396973,9.857040405273438
0,0,0,0,18.907312393188477,-0.8087828159332275,9.859016418457031
0,0,0,0,18.91575813293457,-0.8026543855667114,9.861564636230469
0,0,0,0,18.923049926757812,-0.7974557280540466,9.863395690917969
0,0,0,0,18.93113136291504,-0.7918453216552734,9.865219116210938
0,0,0,0,18.942941665649414,-0.7836226224899292,9.867637634277344
0,0,0,0,18.952499389648438,-0.7770016193389893,9.869468688964844
0,0,0,0,18.962642669677734,-0.7700088024139404,9.871299743652344
0,0,0,0,18.976903915405273,-0.7601672410964966,9.873771667480469
0,0,0,0,18.988142013549805,-0.7524533271789551,9.875648498535156
0,0,0,0,18.99967384338379,-0.7444453835487366,9.8775634765625
0,0,0,0,19.01556968688965,-0.7334311604499817,9.88018798828125
0,0,0,0,19.02764320373535,-0.7248729467391968,9.882148742675781
0,0,0,0,19.0400333404541,-0.7161765098571777,9.884071350097656
0,0,0,0,19.056720733642578,-0.7041966915130615,9.8865966796875
0,0,0,0,19.069480895996094,-0.6951141357421875,9.888473510742188
0,0,0,0,19.08223533630371,-0.6858344078063965,9.890327453613281
0,0,0,0,19.099437713623047,-0.6733731031417847,9.892822265625
0,0,0,0,19.112417221069336,-0.6638283729553223,9.894760131835938
0,0,0,0,19.12558364868164,-0.6542081832885742,9.896812438964844
0,0,0,0,19.143386840820312,-0.6410422921180725,9.899650573730469
0,0,0,0,19.156963348388672,-0.6309943795204163,9.901870727539062
0,0,0,0,19.1707706451416,-0.6207167506217957,9.904167175292969
0,0,0,0,19.189634323120117,-0.6066466569900513,9.907180786132812
0,0,0,0,19.20412826538086,-0.5958816409111023,9.909469604492188
0,0,0,0,19.218753814697266,-0.5849494338035583,9.91192626953125
0,0,0,0,19.238811492919922,-0.569941520690918,9.915390014648438
0,0,0,0,19.254331588745117,-0.5581781268119812,9.918144226074219
0,0,0,0,19.27047348022461,-0.5460244417190552,9.921012878417969
0,0,0,0,19.292844772338867,-0.5289491415023804,9.925018310546875
0,0,0,0,19.310585021972656,-0.5155065059661865,9.9281005859375
0,0,0,0,19.329038619995117,-0.5013265609741211,9.931251525878906
0,0,0,0,19.355072021484375,-0.48144739866256714,9.935562133789062
0,0,0,0,19.375568389892578,-0.4656337797641754,9.938858032226562
0,0,0,0,19.39702796936035,-0.4491189420223236,9.942192077636719
0,0,0,0,19.427013397216797,-0.4257446229457855,9.946731567382812
0,0,0,0,19.45063018798828,-0.40732356905937195,9.9501953125
0,0,0,0,19.475168228149414,-0.3880453407764435,9.953750610351562
0,0,0,0,19.50937271118164,-0.36114585399627686,9.958595275878906
0,0,0,0,19.53619956970215,-0.3400128185749054,9.962326049804688
0,0,0,0,19.56393051147461,-0.318081259727478,9.9661865234375
0,0,0,0,19.6024169921875,-0.2876497209072113,9.971458435058594
0,0,0,0,19.63227653503418,-0.26392754912376404,9.97552490234375
0,0,0,0,19.663131713867188,-0.23952707648277283,9.979637145996094
0,0,0,0,19.705463409423828,-0.20589976012706757,9.985282897949219
0,0,0,0,19.73825454711914,-0.17990361154079437,9.989608764648438
0,0,0,0,19.77179718017578,-0.1531158685684204,9.994003295898438
0,0,0,0,19.81785774230957,-0.11638309806585312,9.999992370605469
0,0,0,0,19.853208541870117,-0.08794425427913666,10.004531860351562
0,0,0,0,19.889368057250977,-0.05888962000608444,10.009117126464844
0,0,0,0,19.938627243041992,-0.018956927582621574,10.015174865722656
0,0,0,0,19.97641372680664,0.011741570197045803,10.019615173339844
0,0,0,0,20.01480484008789,0.04316776618361473,10.023948669433594
0,0,0,0,20.066913604736328,0.08593955636024475,10.029594421386719
0,0,0,0,20.106599807739258,0.11876792460680008,10.033653259277344
0,0,0,0,20.146753311157227,0.15212813019752502,10.037551879882812
0,0,0,0,20.200925827026367,0.1974845677614212,10.042510986328125
0,0,0,0,20.24187660217285,0.23213030397891998,10.046043395996094
0,0,0,0,20.28316879272461,0.2672742009162903,10.049415588378906
0,0,0,0,20.338502883911133,0.314907044172287,10.053688049316406
0,0,0,0,20.380292892456055,0.3511101007461548,10.05670166015625
0,0,0,0,20.422056198120117,0.3877747654914856,10.059547424316406
0,0,0,0,20.47795867919922,0.4371747672557831,10.063056945800781
0,0,0,0,20.519792556762695,0.47472599148750305,10.06549072265625
0,0,0,0,20.561702728271484,0.512497067451477,10.067756652832031
0,0,0,0,20.617403030395508,0.5633577704429626,10.070526123046875
0,0,0,0,20.659137725830078,0.6017688512802124,10.072441101074219
0,0,0,0,20.700702667236328,0.6405295729637146,10.074203491210938
0,0,0,0,20.756019592285156,0.692508339881897,10.076324462890625
0,0,0,0,20.797380447387695,0.731797456741333,10.077781677246094
0,0,0,0,20.838645935058594,0.7712258696556091,10.079147338867188
0,0,0,0,20.893465042114258,0.8242325186729431,10.080764770507812
0,0,0,0,20.934423446655273,0.8642309904098511,10.08184814453125
0,0,0,0,20.97529411315918,0.9044803380966187,10.082832336425781
0,0,0,0,21.029537200927734,0.9584732055664062,10.083984375
0,0,0,0,21.070112228393555,0.9991671442985535,10.084724426269531
0,0,0,0,21.110450744628906,1.0400882959365845,10.085273742675781
0,0,0,0,21.164138793945312,1.0949299335479736,10.083694458007812
0,0,0,0,21.20379638671875,1.1357513666152954,10.0814208984375
0,0,0,0,21.242637634277344,1.1754990816116333,10.078414916992188
0,0,0,0,21.292896270751953,1.227378249168396,10.07373046875
0,0,0,0,21.32978630065918,1.2657737731933594,10.070205688476562
0,0,0,0,21.365930557250977,1.3038902282714844,10.066825866699219
0,0,0,0,21.413393020629883,1.3541653156280518,10.062576293945312
0,0,0,0,21.44850730895996,1.391853928565979,10.059715270996094
0,0,0,0,21.483470916748047,1.4295705556869507,10.057205200195312
0,0,0,0,21.529945373535156,1.480209231376648,10.054489135742188
0,0,0,0,21.564847946166992,1.5184465646743774,10.052879333496094
0,0,0,0,21.599882125854492,1.5570794343948364,10.051605224609375
0,0,0,0,21.64686393737793,1.6091991662979126,10.050422668457031
0,0,0,0,21.682369232177734,1.6488693952560425,10.049995422363281
0,0,0,0,21.7180118560791,1.6890774965286255,10.050033569335938
0,0,0,0,21.765850067138672,1.7434900999069214,10.050735473632812
0,0,0,0,21.801822662353516,1.785021185874939,10.051673889160156
0,0,0,0,21.83804702758789,1.827043890953064,10.052963256835938
0,0,0,0,21.886409759521484,1.883950114250183,10.055084228515625
0,0,0,0,21.922897338867188,1.9271397590637207,10.056922912597656
0,0,0,0,21.959362030029297,1.9708396196365356,10.058845520019531
0,0,0,0,22.00820541381836,2.0295865535736084,10.061561584472656
0,0,0,0,22.044801712036133,2.07399845123291,10.063652038574219
0,0,0,0,22.081459045410156,2.118548631668091,10.065673828125
0,0,0,0,22.13020896911621,2.1783339977264404,10.0682373046875
0,0,0,0,22.166738510131836,2.223276376724243,10.070060729980469
0,0,0,0,22.21538543701172,2.2833902835845947,10.072265625
0,0,0,0,22.251752853393555,2.3285341262817383,10.073707580566406
0,0,0,0,22.288103103637695,2.373736619949341,10.074958801269531
0,0,0,0,22.33639144897461,2.4341225624084473,10.076309204101562
0,0,0,0,22.372577667236328,2.47944974899292,10.077041625976562
0,0,0,0,22.408586502075195,2.524871587753296,10.077552795410156
0,0,0,0,22.456565856933594,2.585498094558716,10.077964782714844
0,0,0,0,22.492351531982422,2.631101608276367,10.078056335449219
0,0,0,0,22.528148651123047,2.676708698272705,10.0780029296875
0,0,0,0,22.575668334960938,2.737673282623291,10.077766418457031
0,0,0,0,22.61133575439453,2.783339738845825,10.077476501464844
0,0,0,0,22.64688491821289,2.82908296585083,10.07708740234375
0,0,0,0,22.694303512573242,2.8899085521698,10.07647705078125
0,0,0,0,22.72980499267578,2.935559034347534,10.075950622558594
0,0,0,0,22.765348434448242,2.981071710586548,10.075401306152344
0,0,0,0,22.81268310546875,3.041677951812744,10.074638366699219
0,0,0,0,22.848148345947266,3.0870511531829834,10.073997497558594
0,0,0,0,22.88359260559082,3.132322072982788,10.073287963867188
0,0,0,0,22.930776596069336,3.192423105239868,10.072303771972656
0,0,0,0,22.9661922454834,3.2374155521392822,10.071517944335938
0,0,0,0,23.00153160095215,3.282348394393921,10.070686340332031
0,0,0,0,23.048728942871094,3.342118740081787,10.069572448730469
0,0,0,0,23.08407211303711,3.3869521617889404,10.068733215332031
0,0,0,0,23.11956214904785,3.431694269180298,10.067878723144531
0,0,0,0,23.166852951049805,3.491334915161133,10.066726684570312
0,0,0,0,23.20248031616211,3.535930871963501,10.065818786621094
0,0,0,0,23.238069534301758,3.580587148666382,10.064865112304688
0,0,0,0,23.285785675048828,3.6399974822998047,10.063568115234375
0,0,0,0,23.32162857055664,3.684560775756836,10.06256103515625
0,0,0,0,23.35762596130371,3.728985071182251,10.061538696289062
0,0,0,0,23.40567970275879,3.788174629211426,10.060142517089844
0,0,0,0,23.44180679321289,3.8324272632598877,10.059112548828125
0,0,0,0,23.477981567382812,3.8766725063323975,10.058113098144531
0,0,0,0,23.526357650756836,3.9355404376983643,10.056892395019531
0,0,0,0,23.562726974487305,3.9796886444091797,10.056015014648438
0,0,0,0,23.59905433654785,4.023822784423828,10.05517578125
0,0,0,0,23.647560119628906,4.0827202796936035,10.054130554199219
0,0,0,0,23.68389320373535,4.126928329467773,10.053413391113281
0,0,0,0,23.720335006713867,4.171122074127197,10.052757263183594
0,0,0,0,23.768810272216797,4.230173110961914,10.052024841308594
0,0,0,0,23.80524444580078,4.274453639984131,10.051589965820312
0,0,0,0,23.841596603393555,4.318856716156006,10.051223754882812
0,0,0,0,23.890201568603516,4.378026485443115,10.050865173339844
0,0,0,0,23.92659568786621,4.422545433044434,10.050674438476562
0,0,0,0,23.963085174560547,4.467038154602051,10.050537109375
0,0,0,0,24.011674880981445,4.526553630828857,10.050437927246094
0,0,0,0,24.04817008972168,4.5712080001831055,10.050407409667969
0,0,0,0,24.084579467773438,4.61600399017334,10.050437927246094
0,0,0,0,24.133060455322266,4.675631523132324,10.050636291503906
0,0,0,0,24.169353485107422,4.720430374145508,10.050865173339844
0,0,0,0,24.20553970336914,4.765279769897461,10.051155090332031
0,0,0,0,24.253679275512695,4.825226783752441,10.0516357421875
0,0,0,0,24.289621353149414,4.870279788970947,10.05206298828125
0,0,0,0,24.3255558013916,4.9153733253479,10.052536010742188
0,0,0,0,24.37329864501953,4.97564697265625,10.053298950195312
0,0,0,0,24.40911102294922,5.020914554595947,10.053932189941406
0,0,0,0,24.44477653503418,5.066349029541016,10.054580688476562
0,0,0,0,24.492307662963867,5.126997947692871,10.055412292480469
0,0,0,0,24.5277156829834,5.172621726989746,10.055953979492188
0,0,0,0,24.563032150268555,5.218132972717285,10.056388854980469
0,0,0,0,24.60968780517578,5.278801918029785,10.056846618652344
0,0,0,0,24.644515991210938,5.324182987213135,10.057090759277344
0,0,0,0,24.6790714263916,5.369558334350586,10.057212829589844
0,0,0,0,24.724931716918945,5.429832935333252,10.057212829589844
0,0,0,0,24.759132385253906,5.475066184997559,10.057121276855469
0,0,0,0,24.793203353881836,5.520247936248779,10.056953430175781
0,0,0,0,24.8384952545166,5.580630779266357,10.056632995605469
0,0,0,0,24.872377395629883,5.626003742218018,10.05633544921875
0,0,0,0,24.906221389770508,5.671457290649414,10.056007385253906
0,0,0,0,24.95113182067871,5.732113838195801,10.055557250976562
0,0,0,0,24.984783172607422,5.7776618003845215,10.055183410644531
0,0,0,0,25.018301010131836,5.823298931121826,10.054756164550781
0,0,0,0,25.063018798828125,5.8841705322265625,10.054100036621094
0,0,0,0,25.096439361572266,5.929996490478516,10.053573608398438
0,0,0,0,25.129980087280273,5.975881099700928,10.052993774414062
0,0,0,0,25.174619674682617,6.037229537963867,10.052207946777344
0,0,0,0,25.20814323425293,6.08312463760376,10.051628112792969
0,0,0,0,25.241561889648438,6.129105567932129,10.051071166992188
0,0,0,0,25.286211013793945,6.190469264984131,10.050369262695312
0,0,0,0,25.319705963134766,6.236657619476318,10.04986572265625
0,0,0,0,25.35323715209961,6.282673358917236,10.049354553222656
0,0,0,0,25.397621154785156,6.34355354309082,10.048744201660156
0,0,0,0,25.43054962158203,6.388673305511475,10.048408508300781
0,0,0,0,25.463172912597656,6.433433532714844,10.048110961914062
0,0,0,0,25.50627899169922,6.492566108703613,10.047752380371094
0,0,0,0,25.53841209411621,6.536565780639648,10.047508239746094
0,0,0,0,25.570327758789062,6.580337047576904,10.047248840332031
0,0,0,0,25.612815856933594,6.638416290283203,10.046775817871094
0,0,0,0,25.644527435302734,6.681856632232666,10.046348571777344
0,0,0,0,25.676362991333008,6.725188732147217,10.045822143554688
0,0,0,0,25.718812942504883,6.782989501953125,10.04498291015625
0,0,0,0,25.750844955444336,6.826282978057861,10.044258117675781
0,0,0,0,25.78287124633789,6.869671821594238,10.043441772460938
0,0,0,0,25.825864791870117,6.927491188049316,10.042221069335938
0,0,0,0,25.858257293701172,6.971089839935303,10.041213989257812
0,0,0,0,25.89092254638672,7.014739990234375,10.040122985839844
0,0,0,0,25.93474578857422,7.073193073272705,10.038558959960938
0,0,0,0,25.96790313720703,7.117098808288574,10.037391662597656
0,0,0,0,26.00128173828125,7.161135673522949,10.036231994628906
0,0,0,0,26.046092987060547,7.219932556152344,10.034706115722656
0,0,0,0,26.079957962036133,7.264123916625977,10.033584594726562
0,0,0,0,26.114017486572266,7.308362007141113,10.032485961914062
0,0,0,0,26.159818649291992,7.367522239685059,10.031036376953125
0,0,0,0,26.194305419921875,7.411968231201172,10.029953002929688
0,0,0,0,26.229063034057617,7.456421375274658,10.028907775878906
0,0,0,0,26.27558708190918,7.515817642211914,10.027572631835938
0,0,0,0,26.31076431274414,7.560342311859131,10.026626586914062
0,0,0,0,26.346023559570312,7.604959011077881,10.025718688964844
0,0,0,0,26.393476486206055,7.664397716522217,10.024650573730469
0,0,0,0,26.429231643676758,7.709078788757324,10.023918151855469
0,0,0,0,26.465253829956055,7.753654479980469,10.023223876953125
0,0,0,0,26.51343536376953,7.813082695007324,10.022377014160156
0,0,0,0,26.54975128173828,7.857495307922363,10.021820068359375
0,0,0,0,26.586166381835938,7.901895523071289,10.021316528320312
0,0,0,0,26.63497543334961,7.960853576660156,10.020683288574219
0,0,0,0,26.67170524597168,8.004968643188477,10.020240783691406
0,0,0,0,26.708507537841797,8.048908233642578,10.019851684570312
0,0,0,0,26.757707595825195,8.107406616210938,10.019462585449219
0,0,0,0,26.794713973999023,8.151229858398438,10.019233703613281
0,0,0,0,26.831897735595703,8.194918632507324,10.019050598144531
0,0,0,0,26.881521224975586,8.25292682647705,10.018905639648438
0,0,0,0,26.918943405151367,8.296236991882324,10.018814086914062
0,0,0,0,26.95637321472168,8.339436531066895,10.018722534179688
0,0,0,0,27.006505966186523,8.396601676940918,10.018585205078125
0,0,0,0,27.044103622436523,8.439187049865723,10.018470764160156
0,0,0,0,27.081846237182617,8.481417655944824,10.018310546875
0,0,0,0,27.132160186767578,8.537415504455566,10.018081665039062
0,0,0,0,27.17008399963379,8.579071998596191,10.017852783203125
0,0,0,0,27.20808982849121,8.620566368103027,10.017578125
0,0,0,0,27.259008407592773,8.675361633300781,10.017082214355469
0,0,0,0,27.297317504882812,8.716196060180664,10.016654968261719
0,0,0,0,27.335845947265625,8.756759643554688,10.016166687011719
0,0,0,0,27.387496948242188,8.81052017211914,10.015396118164062
0,0,0,0,27.426326751708984,8.850454330444336,10.014778137207031
0,0,0,0,27.465200424194336,8.89003849029541,10.014167785644531
0,0,0,0,27.516958236694336,8.942234992980957,10.013343811035156
0,0,0,0,27.555864334106445,8.980968475341797,10.012794494628906
0,0,0,0,27.59477424621582,9.019441604614258,10.012275695800781
0,0,0,0,27.6469669342041,9.070318222045898,10.011543273925781
0,0,0,0,27.686172485351562,9.10824203491211,10.010955810546875
0,0,0,0,27.725608825683594,9.145822525024414,10.010330200195312
0,0,0,0,27.778274536132812,9.195555686950684,10.00946044921875
0,0,0,0,27.81796646118164,9.23238468170166,10.008819580078125
0,0,0,0,27.857662200927734,9.268959999084473,10.008216857910156
0,0,0,0,27.910858154296875,9.317158699035645,10.007408142089844
0,0,0,0,27.95088005065918,9.352992057800293,10.006866455078125
0,0,0,0,27.99116325378418,9.388482093811035,10.006362915039062
0,0,0,0,28.045217514038086,9.435503959655762,10.005714416503906
0,0,0,0,28.086000442504883,9.470418930053711,10.005302429199219
0,0,0,0,28.12703514099121,9.505106925964355,10.004936218261719
0,0,0,0,28.18219566345215,9.551050186157227,10.004486083984375
0,0,0,0,28.22402000427246,9.585372924804688,10.004135131835938
0,0,0,0,28.266088485717773,9.61955738067627,10.003753662109375
0,0,0,0,28.322677612304688,9.664833068847656,10.003257751464844
0,0,0,0,28.365324020385742,9.698628425598145,10.002883911132812
0,0,0,0,28.40827178955078,9.732193946838379,10.002548217773438
0,0,0,0,28.46565055847168,9.776644706726074,10.002174377441406
0,0,0,0,28.50887680053711,9.809629440307617,10.001953125
0,0,0,0,28.552135467529297,9.842537879943848,10.001724243164062
0,0,0,0,28.61013412475586,9.8860445022583,10.001396179199219
0,0,0,0,28.65352439880371,9.918355941772461,10.001251220703125
0,0,0,0,28.69685173034668,9.95022201538086,10.001258850097656
0,0,0,0,28.754390716552734,9.992431640625,10.001426696777344
0,0,0,0,28.797489166259766,10.02376651763916,10.001602172851562
0,0,0,0,28.840505599975586,10.05496597290039,10.001815795898438
0,0,0,0,28.897705078125,10.096200942993164,10.002182006835938
0,0,0,0,28.9405517578125,10.126927375793457,10.002525329589844
0,0,0,0,28.983415603637695,10.157559394836426,10.002891540527344
0,0,0,0,29.040746688842773,10.1983060836792,10.003318786621094
0,0,0,0,29.08367919921875,10.228738784790039,10.003623962402344
0,0,0,0,29.1265869140625,10.25893783569336,10.003936767578125
0,0,0,0,29.183547973632812,10.298942565917969,10.004379272460938
0,0,0,0,29.226259231567383,10.328683853149414,10.004714965820312
0,0,0,0,29.2687931060791,10.358288764953613,10.005035400390625
0,0,0,0,29.325483322143555,10.397377014160156,10.005393981933594
0,0,0,0,29.36786651611328,10.426620483398438,10.005523681640625
0,0,0,0,29.41033172607422,10.455718040466309,10.005577087402344
0,0,0,0,29.466896057128906,10.494512557983398,10.005584716796875
0,0,0,0,29.50942039489746,10.52353286743164,10.005516052246094
0,0,0,0,29.551898956298828,10.552553176879883,10.005386352539062
0,0,0,0,29.608592987060547,10.59108829498291,10.005096435546875
0,0,0,0,29.651165008544922,10.620017051696777,10.004745483398438
0,0,0,0,29.69367218017578,10.648804664611816,10.004257202148438
0,0,0,0,29.75005531311035,10.686888694763184,10.003524780273438
0,0,0,0,29.79212188720703,10.715272903442383,10.002899169921875
0,0,0,0,29.834178924560547,10.743596076965332,10.002182006835938
0,0,0,0,29.890087127685547,10.781269073486328,10.001144409179688
0,0,0,0,29.93206024169922,10.809405326843262,10.000267028808594
0,0,0,0,29.973979949951172,10.837564468383789,9.999313354492188
0,0,0,0,30.029958724975586,10.87492847442627,9.997917175292969
0,0,0,0,30.07176971435547,10.902876853942871,9.996864318847656
0,0,0,0,30.1136531829834,10.93066692352295,9.995819091796875
0,0,0,0,30.169397354125977,10.967758178710938,9.994300842285156
0,0,0,0,30.21128273010254,10.995433807373047,9.993141174316406
0,0,0,0,30.25310516357422,11.02314281463623,9.991973876953125
0,0,0,0,30.309059143066406,11.059983253479004,9.990348815917969
0,0,0,0,30.35112190246582,11.08771800994873,9.989097595214844
0,0,0,0,30.393272399902344,11.115371704101562,9.987869262695312
0,0,0,0,30.44964027404785,11.152324676513672,9.986259460449219
0,0,0,0,30.492095947265625,11.180102348327637,9.985076904296875
0,0,0,0,30.534679412841797,11.207862854003906,9.983894348144531
0,0,0,0,30.591386795043945,11.244704246520996,9.982452392578125
0,0,0,0,30.633922576904297,11.272217750549316,9.981475830078125
0,0,0,0,30.676433563232422,11.29977035522461,9.98052978515625
0,0,0,0,30.73326301574707,11.336481094360352,9.979248046875
0,0,0,0,30.77578353881836,11.363945007324219,9.978370666503906
0,0,0,0,30.818410873413086,11.391287803649902,9.977554321289062
0,0,0,0,30.875267028808594,11.427902221679688,9.97650146484375
0,0,0,0,30.918155670166016,11.455377578735352,9.9757080078125
0,0,0,0,30.961156845092773,11.483043670654297,9.974853515625
0,0,0,0,31.018964767456055,11.520074844360352,9.973640441894531
0,0,0,0,31.062602996826172,11.548179626464844,9.972671508789062
0,0,0,0,31.10662269592285,11.57645034790039,9.971672058105469
0,0,0,0,31.165855407714844,11.614599227905273,9.970291137695312
0,0,0,0,31.210735321044922,11.643486022949219,9.969245910644531
0,0,0,0,31.256017684936523,11.672706604003906,9.968208312988281
0,0,0,0,31.316953659057617,11.71204662322998,9.966812133789062
0,0,0,0,31.363143920898438,11.741836547851562,9.965789794921875
0,0,0,0,31.40958595275879,11.771883964538574,9.964767456054688
0,0,0,0,31.471982955932617,11.812271118164062,9.963478088378906
0,0,0,0,31.518980026245117,11.842828750610352,9.962593078613281
0,0,0,0,31.5662784576416,11.873528480529785,9.961753845214844
0,0,0,0,31.629505157470703,11.914801597595215,9.960731506347656
0,0,0,0,31.67717742919922,11.945881843566895,9.96002197265625
0,0,0,0,31.724899291992188,11.977164268493652,9.959335327148438
0,0,0,0,31.788854598999023,12.018957138061523,9.958442687988281
0,0,0,0,31.836898803710938,12.050518035888672,9.957778930664062
0,0,0,0,31.885093688964844,12.08209228515625,9.957183837890625
0,0,0,0,31.94933319091797,12.124415397644043,9.956459045410156
0,0,0,0,31.997589111328125,12.156205177307129,9.955970764160156
0,0,0,0,32.045833587646484,12.188161849975586,9.955490112304688
0,0,0,0,32.11018753051758,12.230822563171387,9.954887390136719
0,0,0,0,32.15846252441406,12.262933731079102,9.954452514648438
0,0,0,0,32.206703186035156,12.295085906982422,9.9539794921875
0,0,0,0,32.271095275878906,12.338034629821777,9.953285217285156
0,0,0,0,32.3193359375,12.370312690734863,9.952735900878906
0,0,0,0,32.367645263671875,12.402602195739746,9.952095031738281
0,0,0,0,32.431941986083984,12.445734977722168,9.951141357421875
0,0,0,0,32.48027038574219,12.47806167602539,9.950332641601562
0,0,0,0,32.52847671508789,12.510505676269531,9.949462890625
0,0,0,0,32.592811584472656,12.553754806518555,9.948204040527344
0,0,0,0,32.6409912109375,12.58629322052002,9.947212219238281
0,0,0,0,32.68922805786133,12.61874771118164,9.946205139160156
0,0,0,0,32.753379821777344,12.66209888458252,9.944816589355469
0,0,0,0,32.801509857177734,12.694567680358887,9.943679809570312
0,0,0,0,32.849552154541016,12.727090835571289,9.942474365234375
0,0,0,0,32.91361618041992,12.770329475402832,9.940818786621094
0,0,0,0,32.96161651611328,12.802762985229492,9.939552307128906
0,0,0,0,33.00959014892578,12.835103988647461,9.938278198242188
0,0,0,0,33.0734748840332,12.878209114074707,9.936553955078125
0,0,0,0,33.121307373046875,12.910486221313477,9.935234069824219
0,0,0,0,33.169166564941406,12.942728996276855,9.933921813964844
0,0,0,0,33.23286819458008,12.985712051391602,9.932144165039062
0,0,0,0,33.280696868896484,13.017932891845703,9.930778503417969
0,0,0,0,33.32840347290039,13.050187110900879,9.929351806640625
0,0,0,0,33.391971588134766,13.093012809753418,9.927444458007812
0,0,0,0,33.43936538696289,13.125027656555176,9.926002502441406
0,0,0,0,33.486576080322266,13.15676498413086,9.924560546875
0,0,0,0,33.54876708984375,13.198708534240723,9.922683715820312
0,0,0,0,33.5948600769043,13.229642868041992,9.92132568359375
0,0,0,0,33.640289306640625,13.260212898254395,9.919998168945312
0,0,0,0,33.699867248535156,13.300113677978516,9.918296813964844
0,0,0,0,33.743648529052734,13.329473495483398,9.917045593261719
0,0,0,0,33.7866096496582,13.358211517333984,9.915840148925781
0,0,0,0,33.84246826171875,13.395636558532715,9.914276123046875
0,0,0,0,33.8831901550293,13.422897338867188,9.913101196289062
0,0,0,0,33.92292022705078,13.449456214904785,9.911872863769531
0,0,0,0,33.974159240722656,13.483747482299805,9.910186767578125
0,0,0,0,34.0113410949707,13.508585929870605,9.908897399902344
0,0,0,0,34.04726028442383,13.532685279846191,9.907554626464844
0,0,0,0,34.093345642089844,13.563531875610352,9.905685424804688
0,0,0,0,34.12643051147461,13.585794448852539,9.904190063476562
0,0,0,0,34.15838623046875,13.607186317443848,9.90264892578125
0,0,0,0,34.198936462402344,13.634444236755371,9.900566101074219
0,0,0,0,34.227943420410156,13.653820037841797,9.899040222167969
                                                                                                                                                                                                                                                                                                                                                                                                                                                                                                                                                                                                                                                                                                                                                                                                                                                                                                                                                                                                                                                                                                                                                                                                                                                                                                                                                                                                                                                                                                                                                                                                                                                                                                                                                                                                                                                                                                                                                                                                                                                                                                                                                                                                                                                                                                                                                                                                                                                                                                                                                                                                                                                                                                                                                                                                                                                                                                                                                                                                                                                                                                                                                                                                                                                                                                                                                                                                                                                                                                                                                                                                                                                                                                                                                                                                                                                                                                                                                                                                                                                                                                                                                                                                                                                                                                                                                                                                                                                                                                                                                                                                                                                                                                                                                                                                                                                                                                                                                                                                                                                                                                                                                                                                                                                                                                                                                                                                                                                                                                                                                                                                                                                                                                                                                                                                                                                                                                                                                                                                                                                                                                                                                                                                                                                                                                                                                                                                                                                                                                                                                                                                                                                                                                                                                                                                                                                                                                                                                                                                                                                                                                                                                                                                                                                                                                                                                                                                                                                                                                                                                                                                                                                                                                                                                                                                                                                                                                                                                                                                                                                                                                                                                                                                                                                                                                                                                                                                                                                                                                                                                                                                                                                                                                                                                                                                                                                                                                                                                                                                                                                                                                                                                                                                                                                                                                                                                                                                                                                                                                                                                                                                                                                                                                                                                                                                                                                                                                                                                                                                                                                                                                                                                                                                                                                                                                                                                                                                                                                                                                                                                                                                                                                                                                                                                                                                                                                                                                                                                                                                                                                                                                                                                                                                                                                                                                                                                                                                                                                                                                                                                                                                                                                                                                                                                                                                                                                                                                                                                                                                                                                                                                                                                                                                                                                                                                                                                                                                                                                                                                                                                                                                                                                                                                                                                                                                                                                                                                                                                                                                                                                                                                                                                                                                                                                                                                                                                                                                                                                                                                                                                                                                                                                                                                                                                                                                                                                                                                                                                                                                                                                                                                                                                                                                                                                                                                                                                                                                                                                                                                                                                                                                                                                                                                                                                                                                                                                                                                                                                                                                                                                                                                                                                                                                                                                                                                                                                                                                                                                                                                                                                                                                                                                                                                                                                                                                                                                                                                                                                                                                                                                                                                                                                                                                                                                                                                                                                                                                                                                                                                                                                                                                                                                                                                                                                                                                                                                                                                                                                                                                                                                                                                                                                                                                                                                                                                                                                                                                                                                                                                                                                                                                                                                                                                                                                                                                                                                                                                                                                                                                                                                                                                                                                                                                                                                                                                                                                                                                                                                                                                                                                                                                                                                                                                                                                                                                                                                                                                                                                                                                                                                                                                                                                                                                                                                                                                                                                                                                                                                                                                                                                                                                                                                                                                                                                                                                                                                                                                                                                                                                                                                                                                                                                                                                                                                                                                                                                                                                                                                                                                                                                                                                                                                                                                                                                                                                                                                                                                                                                                                                                                                                                                                                                                                                                                                                                                                                                                                                                                                                                                                                                                                                                                                                                                                                                                                                                                                                                                                                                                                                                                                                                                                                                                                                                                                                                                                                                                                                                                                                                                                                                                                                                                                                                                                                                                                                                                                                                                                                                                                                                                                                                                                                                                                                                                                                                                                                                                                                                                                                                                                                                                                                                                                                                                                                                                                                                                                                                                                                                                                                                                                                                                                                                                                                                                                                                                                                                                                                                                                                                                                                                                                                                                                                                                                                                                                                                                                                                                                                                                                                                                                                                                                                                                                                                                                                                                                                                                                                                                                                                                                                                                                                                                                                                                                                                                                                                                                                                                                                                                                                                                                                                                                                                                                                                                                                                                                                                                                                                                                                                                                                                                                                                                                                                                                                                                                                                                                                                                                                                                                                                                                                                                                                                                                                                                                                                                                                                                                                                                                                                                                                                                                                                                                                                                                                                                                                                                                                                                                                                                                                                                                                                                                                                                                                                                                                                                                                                                                                                                                                                                                                                                                                                                                                                                                                                                                                                                                                                                                                                                                                                                                                                                                                                                                                                                                                                                                                                                                                                                                                                                                                                                                                                                                                                                                                                                                                                                                                                                                                                                                                                                                                                                                                                                                                                                                                                                                                                                                                                                                                                                                                                                                                                                                                                                                                                                                                                                                                                                                                                                                                                                                                                                                                                                                                                                                                                                                                                                                                                                                                                                                                                                                                                                                                                                                                                                                                                                                                                                                                                                                                                                                                                                                                                                                                                                                                                                                                                                                                                                                                                                                                                                                                                                                                                                                                                                                                                                                                                                                                                                                                                                                                                                                                                                                                                                                                                                                                                                                                                                                                                                                                                                                                                                                                                                                                                                                                                                                                                                                                                                                                                                                                                                                                                                                                                                                                                                                                                                                                                                                                                                                                                                                                                                                                                                                                                                                                                                                                                                                                                                                                                                                                                                                                                                                                                                                                                                                                                                                                                                                                                                                                                                                                                                                                                                                                                                                                                                                                                                                                                                                                                                                                                                                                                                                                                                                                                                                                                                                                                                                                                                                                                                                                                                                                                                                                                                                                                                                                                                                                                                                                                                                                                                                                                                                                                                                                                                                                                                                                                                                                                                                                                                                                                                                                                                                                                                                                                                                                                                                                                                                                                                                                                                                                                                                                                                                                                                                                                                                                                                                                                                                                                                                                                                                                                                                                                                                                                                                                                                                                                                                                                                                                                                                                                                                                                                                                                                                                                                                                                                                                                                                                                                                                                                                                                                                                                                                                                                                                                                                                                                                                                                                                                                                                                                                                                                                                                                                                                                                                                                                                                                                                                                                                                                                                                                                                                                                                                                                                                                                                                                                                                                                                                                                                                                                                                                                                                                                                                                                                                                                                                                                                                                                                                                                                                                                                                                                                                                                                                                                                                                                                                                                                                                                                                                                                                                                                                                                                                                                                                                                                                                                                                                                                                                                                                                                                                                                                                                                                                                                                                                                                                                                                                                                                                                                                                                                                                                                                                                                                                                                                                                                                                                                                                                                                                                                                                                                                                                                                                                                                                                                                                                                                                                                                                                                                                                                                                                                                                                                                                                                                                                                                                                                                                                                                                                                                                                                                                                                                                                                                                                                                                                                                                                                                                                                                                                                                                                                                                                                                                                                                                                                                                                                                                                                                                                                                                                                                                                                                                                                                                                                                                                                                                                                                                                                                                                                                                                                                                                                                                                                                                                                                                                                                                                                                                                                                                                                                                                                                                                                                                                                                                                                                                                                                                                                                                                                                                                                                                                                                                                                                                                                                                                                                                                                                                                                                                                                                                                                                                                                                                                                                                                                                                                                                                                                                                                                                                                                                                                                                                                                                                                                                                                                                                                                                                                                                                                                                                                                                                                                                                                                                                                                                                                                                                                                                                                                                                                                                                                                                                                                                                                                                                                                                                                                                                                                                                                                                                                                                                                                                                                                                                                                                                                                                                                                                                                                                                                                                                                                                                                                                                                                                                                                                                                                                                                                                                                                                                                                                                                                                                                                                                                                                                                                                                                                                                                                                                                                                                                                                                                                                                                                                                                                                                                                                                                                                                                                                                                                                                                                                                                                                                                                                                                                                                                                                                                                                                                                                                                                                                                                                                                                                                                                                                                                                                                                                                                                                                                                                                                                                                                                                                                                                                                                                                                                                                                                                                                                                                                                                                                                                                                                                                                                                                                                                                                                                                                                                                                                                                                                                                                                                                                                                                                                                                                                                                                                                                                                                                                                                                                                                                                                                                                                                                                                                                                                                                                                                                                                                                                                                                                                                                                                                                                                                                                                                                                                                                                                                                                                                                                                                                                                                                                                                                                                                                                                                                                                                                                                                                                                                                                                                                                                                                                                                                                                                                                                                                                                                                                                                                                                                                                                                                                                                                                                                                                                                                                                                                                                                                                                                                                                                                                                                                                                                                                                                                                                                                                                                                                                                                                                                                                                                                                                                                                                                                                                                                                                                                                                                                                                                                                                                                                                                                                                                                                                                                                                                                                                                                                                                                                                                                                                                                                                                                                                                                                                                                                                                                                                                                                                                                                                                                                                                                                                                                                                                                                                                                                                                                                                                                                                                                                                                                                                                                                                                                                                                                                                                                                                                                                                                                                                                                                                                                                                                                                                                                                                                                                                                                                                                                                                                                                                                                                                                                                                                                                                                                                                                                                                                                                                                                                                                                                                                                                                                                                                                                                                                                                                                                                                                                                                                                                                                                                                                                                                                                                                                                                                                                                                                                                                                                                                                                                                                                                                                                                                                                                                                                                                                                                                                                                                                                                                                                                                                                                                                                                                                                                                                                                                                                                                                                                                                                                                                                                                                                                                                                                                                                                                                                                                                                                                                                                                                                                                                                                                                                                                                                                                                                                                                                                                                                                                                                                                                                                                                                                                                                                                                                                                                                                                                                                                                                                                                                                                                                                                                                                                                                                                                                                                                                                                                                                                                                                                                                                                                                                                                                                                                                                                                                                                                                                                                                                                                                                                                                                                                                                                                                                                                                                                                                                                                                                                                                                                                                                                                                                                                                                                                                                                                                                                                                                                                                                                                                                                                                                                                                                                                                                                                                                                                                                                                                                                                                                                                                                                                                                                                                                                                                                                                                                                                                                                                                                                                                                                                                                                                                                                                                                                                                                                                                                                                                                                                                                                                                                                                                                                                                                                                                                                                                                                                                                                                                                                                                                                                                                                                                                                                                                                                                                                                                                                                                                                                                                                                                                                                                                                                                                                                                                                                                                                                                                                                                                                                                                                                                                                                                                                                                                                                                                                                                                                                                                                                                                                                                                                                                                                                                                                                                                                                                                                                                                                                                                                                                                                                                                                                                                                                                                                                                                                                                                                                                                                                                                                                                                                                                                                                                                                                                                                                                                                                                                                                                                                                                                                                                                                                                                                                                                                                                                                                                                                                                                                                                                                                                                                                                                                                                                                                                                                                                                                                                                                                                                                                                                                                                                                                                                                                                                                                                                                                                                                                                                                                                                                                                                                                                                                                                                                                                                                                                                                                                                                                                                                                                                                                                                                                                                                                                                                                                                                                                                                                                                                                                                                                                                                                                                                                                                                                                                                                                                                                                                                                                                                                                                                                                                                                                                                                                                                                                                                                                                                                                                                                                                                                                                                                                                                                                                                                                                                                                                                                                                                                                                                                                                                                                                                                                                                                                                                                                                                                                                                                                                                                                                                                                                                                                                                                                                                                                                                                                                                                                                                                                                                                                                                                                                                                                                                                                                                                                                                                                                                                                                                                                                                                                                                                                                                                                                                                                                                                                                                                                                                                                                                                                                                                                                                                                                                                                                                                                                                                                                                                                                                                                                                                                                                                                                                                                                                                                                                                                                                                                                                                                                                                                                                                                                                                                                                                                                                                                                                                                                                                                                                                                                                                                                                                                                                                                                                                                                                                                                                                                                                                                                                                                                                                                                                                                                                                                                                                                                                                                                                                                                                                                                                                                                                                                                                                                                                                                                                                                                                                                                                                                                                                                                                                                                                                                                                                                                                                                                                                                                                                                                                                                                                                                                                                                                                                                                                                                                                                                                                                                                                                                                                                                                                                                                                                                                                                                                                                                                                                                                                                                                                                                                                                                                                                                                                                                                                                                                                                                                                                                                                                                                                                                                                                                                                                                                                                                                                                                                                                                                                                                                                                                                                                                                                                                                                                                                                                                                                                                                                                                                                                                                                                                                                                                                                                                                                                                                                                                                                                                                                                                                                                                                                                                                                                                                                                                                                                                                                                                                                                                                                                                                                                                                                                                                                                                                                                                                                                                                                                                                                                                                                                                                                                                                                                                                                                                                                                                                                                                                                                                                                                                                                                                                                                                                                                                                                                                                                                                                                                                                                                                                                                                                                                                                                                                                                                                                                                                                                                                                                                                                                                                                                                                                                                                                                                                                                                                                                                                                                                                                                                                                                                                                                                                                                                                                                                                                                                                                                                                                                                                                                                                                                                                                                                                                                                                                                                                                                                                                                                                                                                                                                                                                                                                                                                                                                                                                                                                                                                                                                                                                                                                                                                                                                                                                                                                                                                                                                                                                                                                                                                                                                                                                                                                                                                                                                                                                                                                                                                                                                                                                                                                                                                                                                                                                                                                                                                                                                                                                                                                                                                                                                                                                                                                                                                                                                                                                                                                                                                                                                                                                                                                                                                                                                                                                                                                                                                                                                                                                                                                                                                                                                                                                                                                                                                                                                                                                                                                                                                                                                                                                                                                                                                                                                                                                                                                                                                                                                                                                                                                                                                                                                                                                                                                                                                                                                                                                                                                                                                                                                                                                                                                                                                                                                                                                                                                                                                                                                                                                                                                                                                                                                                                                                                                                                                                                                                                                                                                                                                                                                                                                                                                                                                                                                                                                                                                                                                                                                                                                                                                                                                                                                                                                                                                                                                                                                                                                                                                                                                                                                                                                                                                                                                                                                                                                                                                                                                                                                                                                                                                                                                                                                                                                                                                                                                                                                                                                                                                                                                                                                                                                                                                                                                                                                                                                                                                                                                                                                                                                                                                                                                                                                                                                                                                                                                                                                                                                                                                                                                                                                                                                                                                                                                                                                                                                                                                                                                                                                                                                                                                                                                                                                                                                                                                                                                                                                                                                                                                                                                                                                                                                                                                                                                                                                                                                                                                                                                                                                                                                                                                                                                                                                                                                                                                                                                                                                                                                                                                                                                                                                                                                                                                                                                                                                                                                                                                                                                                                                                                                                                                                                                                                                                                                                                                                                                                                                                                                                                                                                                                                                                                                                                                                                                                                                                                                                                                                                                                                                                                                                                                                                                                                                                                                                                                                                                                                                                                                                                                                                                                                                                                                                                                                                                                                                                                                                                                                                                                                                                                                                                                                                                                                                                                                                                                                                                                                                                                                                                                                                                                                                                                                                                                                                                                                                                                                                                                                                                                                                                                                                                                                                                                                                                                                                                                                                                                                                                                                                                                                                                                                                                                                                                                                                                                                                                                                                                                                                                                                                                                                                                                                                                                                                                                                                                                                                                                                                                                                                                                                                                                                                                                                                                                                                                                                                                                                                                                                                                                                                                                                                                                                                                                                                                                                                                                                                                                                                                                                                                                                                                                                                                                                                                                                                                                                                                                                                                                                                                                                                                                                                                                                                                                                                                                                                                                                                                                                                                                                                                                                                                                                                                                                                                                                                                                                                                                                                                                                                                                                                                                                                                                                                                                                                                                                                                                                                                                                                                                                                                                                                                                                                                                                                                                                                                                                                                                                                                                                                                                                                                                                                                                                                                                                                                                                                                                                                                                                                                                                                                                                                                                                                                                                                                                                                                                                                                                                                                                                                                                                                                                                                                                                                                                                                                                                                                                                                                                                                                                                                                                                                                                                                                                                                                                                                                                                                                                                                                                                                                                                                                                                                                                                                                                                                                                                                                                                                                                                                                                                                                                                                                                                                                                                                                                                                                                                                                                                                                                                                                                                                                                                                                                                                                                                                                                                                                                                                                                                                                                                                                                                                                                                                                                                                                                                                                                                                                                                                                                                                                                                                                                                                                                                                                                                                                                                                                                                                                                                                                                                                                                                                                                                                                                                                                                                                                                                                                                                                                                                                                                                                                                                                                                                                                                                                                                                                                                                                                                                                                                                                                                                                                                                                                                                                                                                                                                                                                                                                                                                                                                                                                                                                                                                                                                                                                                                                                                                                                                                                                                                                                                                                                                                                                                                                                                                                                                                                                                                                                                                                                                                                                                                                                                                                                                                                                                                                                                                                                                                                                                                                                                                                                                                                                                                                                                                                                                                                                                                                                                                                                                                                                                                                                                                                                                                                                                                                                                                                                                                                                                                                                                                                                                                                                                                                                                                                                                                                                                                                                                                                                                                                                                                                                                                                                                                                                                                                                                                                                                                                                                                                                                                                                                                                                                                                                                                                                                                                                                                                                                                                                                                                                                                                                                                                                                                                                                                                                                                                                                                                                                                                                                                                                                                                                                                                                                                                                                                                                                                                                                                                                                                                                                                                                                                                                                                                                                                                                                                                                                                                                                                                                                                                                                                                                                                                                                                                                                                                                                                                                                                                                                                                                                                                                                                                                                                                                                                                                                                                                                                                                                                                                                                                                                                                                                                                                                                                                                                                                                                                                                                                                                                                                                                                                                                                                                                                                                                                                                                                                                                                                                                                                                                                                                                                                                                                                                                                                                                                                                                                                                                                                                                                                                                                                                                                                                                                                                                                                                                                                                                                                                                                                                                                                                                                                                                                                                                                                                                                                                                                                                                                                                                                                                                                                                                                                                                                                                                                                                                                                                                                                                                                                                                                                                                                                                                                                                                                                                                                                                                                                                                                                                                                                                                                                                                                                                                                                                                                                                                                                                                                                                                                                                                                                                                                                                                                                                                                                                                                                                                                                                                                                                                                                                                                                                                                                                                                                                                                                                                                                                                                                                                                                                                                                                                                                                                                                                                                                                                                                                                                                                                                                                                                                                                                                                                                                                                                                                                                                                                                                                                                                                                                                                                                                                                                                                                                                                                                                                                                                                                                                                                                                                                                                                                                                                                                                                                                                                                                                                                                                                                                                                                                                                                                                                                                                                                                                                                                                                                                                                                                                                                                                                                                                                                                                                                                                                                                                                                                                                                                                                                                                                                                                                                                                                                                                                                                                                                                                                                                                                                                                                                                                                                                                                                                                                                                                                                                                                                                                                                                                                                                                                                                                                                                                                                                                                                                                                                                                                                                                                                                                                                                                                                                                                                                                                                                                                                                                                                                                                                                                                                                                                                                                                                                                                                                                                                                                                                                                                                                                                                                                                                                                                                                                                                                                                                                                                                                                                                                                                                                                                                                                                                                                                                                                                                                                                                                                                                                                                                                                                                                                                                                                                                                                                                                                                                                                                                                                                                                                                                                                                                                                                                                                                                                                                                                                                                                                                                                                                                                                                                                                                                                                                                                                                                                                                                                                                                                                                                                                                                                                                                                                                                                                                                                                                                                                                                                                                                                                                                                                                                                                                                                                                                                                                                                                                                                                                                                                                                                                                                                                                                                                                                                                                                                                                                                                                                                                                                                                                                                                                                                                                                                                                                                                                                                                                                                                                                                                                                                                                                                                                                                                                                                                                                                                                                                                                                                                                                                                                                                                                                                                                                                                                                                                                                                                                                                                                                                                                                                                                                                                                                                                                                                                                                                                                                                                                                                                                                                                                                                                                                                                                                                                                                                                                                                                                                                                                                                                                                                                                                                                                                                                                                                                                                                                                                                                                                                                                                                                                                                                                                                                                                                                                                                                                                                                                                                                                                                                                                                                                                                                                                                                                                                                                                                                                                                                                                                                                                                                                                                                                                                                                                                                                                                                                                                                                                                                                                                                                                                                                                                                                                                                                                                                                                                                                                                                                                                                                                                                                                                                                                                                                                                                                                                                                                                                                                                                                                                                                                                                                                                                                                                                                                                                                                                                                                                                                                                                                                                                                                                                                                                                                                                                                                                                                                                                                                                                                                                                                                                                                                                                                                                                                                                                                                                                                                                                                                                                                                                                                                                                                                                                                                                                                                                                                                                                                                                                                                                                                                                                                                                                                                                                                                                                                                                                                                                                                                                                                                                                                                                                                                                                                                                                                                                                                                                                                                                                                                                                                                                                                                                                                                                                                                                                                                                                                                                                                                                                                                                                                                                                                                                                                                                                                                                                                                                                                                                                                                                                                                                                                                                                                                                                                                                                                                                                                                                                                                                                                                                                                                                                                                                                                                                                                                                                                                                                                                                                                                                                                                                                                                                                                                                                                                                                                                                                                                                                                                                                                                                                                                                                                                                                                                                                                                                                                                                                                                                                                                                                                                                                                                                                                                                                                                                                                                                                                                                                                                                                                                                                                                                                                                                                                                                                                                                                                                                                                                                                                                                                                                                                                                                                                                                                                                                                                                                                                                                                                                                                                                                                                                                                                                                                                                                                                                                                                                                                                                                                                                                                                                                                                                                                                                                                                                                                                                                                                                                                                                                                                                                                                                                                                                                                                                                                                                                                                                                                                                                                                                                                                                                                                                                                                                                                                                                                                                                                                                                                                                                                                                                                                                                                                                                                                                                                                                                                                                                                                                                                                                                                                                                                                                                                                                                                                                                                                                                                                                                                                                                                                                                                                                                                                                                                                                                                                                                                                                                                                                                                                                                                                                                                                                                                                                                                                                                                                                                                                                                                                                                                                                                                                                                                                                                                                                                                                                                                                                                                                                                                                                                                                                                                                                                                                                                                                                                                                                                                                                                                                                                                                                                                                                                                                                                                                                                                                                                                                                                                                                                                                                                                                                                                                                                                                                                                                                                                                                                                                                                                                                                                                                                                                                                                                                                                                                                                                                                                                                                                                                                                                                                                                                                                                                                                                                                                                                                                                                                                                                                                                                                                                                                                                                                                                                                                                                                                                                                                                                                                                                                                                                                                                                                                                                                                                                                                                                                                                                                                                                                                                                                                                                                                                                                                                                                                                                                                                                                                                                                                                                                                                                                                                                                                                                                                                                                                                                                                                                                                                                                                                                                                                                                                                                                                                                                                                                                                                                                                                                                                                                                                                                                                                                                                                                                                                                                                                                                                                                                                                                                                                                                                                                                                                                                                                                                                                                                                                                                                                                                                                                                                                                                                                                                                                                                                                                                                                                                                                                                                                                                                                                                                                                                                                                                                                                                                                                                                                                                                                                                                                                                                                                                                                                                                                                                                                                                                                                                                                                                                                                                                                                                                                                                                                                                                                                                                                                                                                                                                                                                                                                                                                                                                                                                                                                                                                                                                                                                                                                                                                                                                                                                                                                                                                                                                                                                                                                                                                                                                                                                                                                                                                                                                                                                                                                                                                                                                                                                                                                                                                                                                                                                                                                                                                                                                                                                                                                                                                                                                                                                                                                                                                                                                                                                                                                                                                                                                                                                                                                                                                                                                                                                                                                                                                                                                                                                                                                                                                                                                                                                                                                                                                                                                                                                                                                                                                                                                                                                                                                                                                                                                                                                                                                                                                                                                                                                                                                                                                                                                                                                                                                                                                                                                                                                                                                                                                                                                                                                                                                                                                                                                                                                                                                                                                                                                                                                                                                                                                                                                                                                                                                                                                                                                                                                                                                                                                                                                                                                                                                                                                                                                                                                                                                                                                                                                                                                                                                                                                                                                                                                                                                                                                                                                                                                                                                                                                                                                                                                                                                                                                                                                                                                                                                                                                                                                                                                                                                                                                                                                                                                                                                                                                                                                                                                                                                                                                                                                                                                                                                                                                                                                                                                                                                                                                                                                                                                                                                                                                                                                                                                                                                                                                                                                                                                                                                                                                                                                                                                                                                                                                                                                                                                                                                                                                                                                                                                                                                                                                                                                                                                                                                                                                                                                                                                                                                                                                                                                                                                                                                                                                                                                                                                                                                                                                                                                                                                                                                                                                                                                                                                                                                                                                                                                                                                                                                                                                                                                                                                                                                                                                                                                                                                                                                                                                                                                                                                                                                                                                                                                                                                                                                                                                                                                                                                                                                                                                                                                                                                                                                                                                                                                                                                                                                                                                                                                                                                                                                                                                                                                                                                                                                                                                                                                                                                                                                                                                                                                                                                                                                                                                                                                                                                                                                                                                                                                                                                                                                                                                                                                                                                                                                                                                                                                                                                                                                                                                                                                                                                                                                                                                                                                                                                                                                                                                                                                                                                                                                                                                                                                                                                                                                                                                                                                                                                                                                                                                                                                                                                                                                                                                                                                                                                                                                                                                                                                                                                                                                                                                                                                                                                                                                                                                                                                                                                                                                                                                                                                                                                                                                                                                                                                                                                                                                                                                                                                                                                                                                                                                                                                                                                                                                                                                                                                                                                                                                                                                                                                                                                                                                                                                                                                                                                                                                                                                                                                                                                                                                                                                                                                                                                                                                                                                                                                                                                                                                                                                                                                                                                                                                                                                                                                                                                                                                                                                                                                                                                                                                                                                                                                                                                                                                                                                                                                                                                                                                                                                                                                                                                                                                                                                                                                                                                                                                                                                                                                                                                                                                                                                                                                                                                                                                                                                                                                                                                                                                                                                                                                                                                                                                                                                                                                                                                                                                                                                                                                                                                                                                                                                                                                                                                                                                                                                                                                                                                                                                                                                                                                                                                                                                                                                                                                                                                                                                                                                                                                                                                                                                                                                                                                                                                                                                                                                                                                                                                                                                                                                                                                                                                                                                                                                                                                                                                                                                                                                                                                                                                                                                                                                                                                                                                                                                                                                                                                                                                                                                                                                                                                                                                                                                                                                                                                                                                                                                                                                                                                                                                                                                                                                                                                                                                                                                                                                                                                                                                                                                                                                                                                                                                                                                                                                                                                                                                                                                                                                                                                                                                                                                                                                                                                                                                                                                                                                                                                                                                                                                                                                                                                                                                                                                                                                                                                                                                                                                                                                                                                                                                                                                                                                                                                                                                                                                                                                                                                                                                                                                                                                                                                                                                                                                                                                                                                                                                                                                                                                                                                                                                                                                                                                                                                                                                                                                                                                                                                                                                                                                                                                                                                                                                                                                                                                                                                                                                                                                                                                                                                                                                                                                                                                                                                                                                                                                                                                                                                                                                                                                                                                                                                                                                                                                                                                                                                                                                                                                                                                                                                                                                                                                                                                                                                                                                                                                                                                                                                                                                                                                                                                                                                                                                                                                                                                                                                                                                                                                                                                                                                                                                                                                                                                                                                                                                                                                                                                                                                                                                                                                                                                                                                                                                                                                                                                                                                                                                                                                                                                                                                                                                                                                                                                                                                                                                                                                                                                                                                                                                                                                                                                                                                                                                                                                                                                                                                                                                                                                                                                                                                                                                                                                                                                                                                                                                                                                                                                                                                                                                                                                                                                                                                                                                                                                                                                                                                                                                                                                                                                                                                                                                                                                                                                                                                                                                                                                                                                                                                                                                                                                                                                                                                                                                                                                                                                                                                                                                                                                                                                                                                                                                                                                                                                                                                                                                                                                                                                                                                                                                                                                                                                                                                                                                                                                                                                                                                                                                                                                                                                                                                                                                                                                                                                                                                                                                                                                                                                                                                                                                                                                                                                                                                                                                                                                                                                                                                                                                                                                                                                                                                                                                                                                                                                                                                                                                                                                                                                                                                                                                                                                                                                                                                                                                                                                                                                                                                                                                                                                                                                                                                                                                                                                                                                                                                                                                                                                                                                                                                                                                                                                                                                                                                                                                                                                                                                                                                                                                                                                                                                                                                                                                                                                                                                                                                                                                                                                                                                                                                                                                                                                                                                                                                                                                                                                                                                                                                                                                                                                                                                                                                                                                                                                                                                                                                                                                                                                                                                                                                                                                                                                                                                                                                                                                                                                                                                                                                                                                                                                                                                                                                                                                                                                                                                                                                                                                                                                                                                                                                                                                                                                                                                                                                                                                                                                                                                                                                                                                                                                                                                                                                                                                                                                                                                                                                                                                                                                                                                                                                                                                                                                                                                                                                                                                                                                                                                                                                                                                                                                                                                                                                                                                                                                                                                                                                                                                                                                                                                                                                                                                                                                                                                                                                                                                                                                                                                                                                                                                                                                                                                                                                                                                                                                                                                                                                                                                                                                                                                                                                                                                                                                                                                                                                                                                                                                                                                                                                                                                                                                                                                                                                                                                                                                                                                                                                                                                                                                                                                                                                                                                                                                                                                                                                                                                                                                                                                                                                                                                                                                                                                                                                                                                                                                                                                                                                                                                                                                                                                                                                                                                                                                                                                                                                                                                                                                                                                                                                                                                                                                                                                                                                                                                                                                                                                                                                                                                                                                                                                                                                                                                                                                                                                                                                                                                                                                                                                                                                                                                                                                                                                                                                                                                                                                                                                                                                                                                                                                                                                                                                                                                                                                                                                                                                                                                                                                                                                                                                                                                                                                                                                                                                                                                                                                                                                                                                                                                                                                                                                                                                                                                                                                                                                                                                                                                                                                                                                                                                                                                                                                                                                                                                                                                                                                                                                                                                                                                                                                                                                                                                                                                                                                                                                                                                                                                                                                                                                                                                                                                                                                                                                                                                                                                                                                                                                                                                                                                                                                                                                                                                                                                                                                                                                                                                                                                                                                                                                                                                                                                                                                                                                                                                                                                                                                                                                                                                                                                                                                                                                                                                                                                                                                                                                                                                                                                                                                                                                                                                                                                                                                                                                                                                                                                                                                                                                                                                                                                                                                                                                                                                                                                                                                                                                                                                                                                                                                                                                                                                                                                                                                                                                                                                                                                                                                                                                                                                                                                                                                                                                                                                                                                                                                                                                                                                                                                                                                                                                                                                                                                                                                                                                                                                                                                                                                                                                                                                                                                                                                                                                                                                                                                                                                                                                                                                                                                                                                                                                                                                                                                                                                                                                                                                                                                                                                                                                                                                                                                                                                                                                                                                                                                                                                                                                                                                                                                                                                                                                                                                                                                                                                                                                                                                                                                                                                                                                                                                                                                                                                                                                                                                                                                                                                                                                                                                                                                                                                                                                                                                                                                                                                                                                                                                                                                                                                                                                                                                                                                                                                                                                                                                                                                                                                                                                                                                                                                                                                                                                                                                                                                                                                                                                                                                                                                                                                                                                                                                                                                                                                                                                                                                                                                                                                                                                                                                                                                                                                                                                                                                                                                                                                                                                                                                                                                                                                                                                                                                                                                                                                                                                                                                                                                                                                                                                                                                                                                                                                                                                                                                                                                                                                                                                                                                                                                                                                                                                                                                                                                                                                                                                                                                                                                                                                                                                                                                                                                                                                                                                                                                                                                                                                                                                                                                                                                                                                                                                                                                                                                                                                                                                                                                                                                                                                                                                                                                                                                                                                                                                                                                                                                                                                                                                                                                                                                                                                                                                                                                                                                                                                                                                                                                                                                                                                                                                                                                                                                                                                                                                                                                                                                                                                                                                                                                                                                                                                                                                                                                                                                                                                                                                                                                                                                                                                                                                                                                                                                                                                                                                                                                                                                                                                                                                                                                                                                                                                                                                                                                                                                                                                                                                                                                                                                                                                                                                                                                                                                                                                                                                                                                                                                                                                                                                                                                                                                                                                                                                                                                                                                                                                                                                                                                                                                                                                                                                                                                                                                                                                                                                                                                                                                                                                                                                                                                                                                                                                                                                                                                                                                                                                                                                                                                                                                                                                                                                                                                                                                                                                                                                                                                                                                                                                                                                                                                                                                                                                                                                                                                                                                                                                                                                                                                                                                                                                                                                                                                                                                                                                                                                                                                                                                                                                                                                                                                                                                                                                                                                                                                                                                                                                                                                                                                                                                                                                                                                                                                                                                                                                                                                                                                                                                                                                                                                                                                                                                                                                                                                                                                                                                                                                                                                                                                                                                                                                                                                                                                                                                                                                                                                                                                                                                                                                                                                                                                                                                                                                                                                                                                                                                                                                                                                                                                                                                                                                                                                                                                                                                                                                                                                                                                                                                                                                                                                                                                                                                                                                                                                                                                                                                                                                                                                                                                                                                                                                                                                                                                                                                                                                                                                                                                                                                                                                                                                                                                                                                                                                                                                                                                                                                                                                                                                                                                                                                                                                                                                                                                                                                                                                                                                                                                                                                                                                                                                                                                                                                                                                                                                                                                                                                                                                                                                                                                                                                                                                                                                                                                                                                                                                                                                                                                                                                                                                                                                                                                                                                                                                                                                                                                                                                                                                                                                                                                                                                                                                                                                                                                                                                                                                                                                                                                                                                                                                                                                                                                                                                                                                                                                                                                                                                                                                                                                                                                                                                                                                                                                                                                                                                                                                                                                                                                                                                                                                                                                                                                                                                                                                                                                                                                                                                                                                                                                                                                                                                                                                                                                                                                                                                                                                                                                                                                                                                                                                                                                                                                                                                                                                                                                                                                                                                                                                                                                                                                                                                                                                                                                                                                                                                                                                                                                                                                                                                                                                                                                                                                                                                                                                                                                                                                                                                                                                                                                                                                                                                                                                                                                                                                                                                                                                                                                                                                                                                                                                                                                                                                                                                                                                                                                                                                                                                                                                                                                                                                                                                                                                                                                                                                                                                                                                                                                                                                                                                                                                                                                                                                                                                                                                                                                                                                                                                                                                                                                                                                                                                                                                                                                                                                                                                                                                                                                                                                                                                                                                                                                                                                                                                                                                                                                                                                                                                                                                                                                                                                                                                                                                                                                                                                                                                                                                                                                                                                                                                                                                                                                                                                                                                                                                                                                                                                                                                                                                                                                                                                                                                                                                                                                                                                                                                                                                                                                                                                                                                                                                                                                                                                                                                                                                                                                                                                                                                                                                                                                                                                                                                                                                                                                                                                                                                                                                                                                                                                                                                                                                                                                                                                                                                                                                                                                                                                                                                                                                                                                                                                                                                                                                                                                                                                                                                                                                                                                                                                                                                                                                                                                                                                                                                                                                                                                                                                                                                                                                                                                                                                                                                                                                                                                                                                                                                                                                                                                                                                                                                                                                                                                                                                                                                                                                                                                                                                                                                                                                                                                                                                                                                                                                                                                                                                                                                                                                                                                                                                                                                                                                                                                                                                                                                                                                                                                                                                                                                                                                                                                                                                                                                                                                                                                                                                                                                                                                                                                                                                                                                                                                                                                                                                                                                                                                                                                                                                                                                                                                                                                                                                                                                                                                                                                                                                                                                                                                                                                                                                                                                                                                                                                                                                                                                                                                                                                                                                                                                                                                                                                                                                                                                                                                                                                                                                                                                                                                                                                                                                                                                                                                                                                                                                                                                                                                                                                                                                                                                                                                                                                                                                                                                                                                                                                                                                                                                                                                                                                                                                                                                                                                                                                                                                                                                                                                                                                                                                                                                                                                                                                                                                                                                                                                                                                                                                                                                                                                                                                                                                                                                                                                                                                                                                                                                                                                                                                                                                                                                                                                                                                                                                                                                                                                                                                                                                                                                                                                                                                                                                                                                                                                                                                                                                                                                                                                                                                                                                                                                                                                                                                                                                                                                                                                                                                                                                                                                                                                                                                                                                                                                                                                                                                                                                                                                                                                                                                                                                                                                                                                                                                                                                                                                                                                                                                                                                                                                                                                                                                                                                                                                                                                                                                                                                                                                                                                                                                                                                                                                                                                                                                                                                                                                                                                                                                                                                                                                                                                                                                                                                                                                                                                                                                                                                                                                                                                                                                                                                                                                                                                                                                                                                                                                                                                                                                                                                                                                                                                                                                                                                                                                                                                                                                                                                                                                                                                                                                                                                                                                                                                                                                                                                                                                                                                                                                                                                                                                                                                                                                                                                                                                                                                                                                                                                                                                                                                                                                                                                                                                                                                                                                                                                                                                                                                                                                                                                                                                                                                                                                                                                                                                                                                                                                                                                                                                                                                                                                                                                                                                                                                                                                                                                                                                                                                                                                                                                                                                                                                                                                                                                                                                                                                                                                                                                                                                                                                                                                                                                                                                                                                                                                                                                                                                                                                                                                                                                                                                                                                                                                                                                                                                                                                                                                                                                                                                                                                                                                                                                                                                                                                                                                                                                                                                                                                                                                                                                                                                                                                                                                                                                                                                                                                                                                                                                                                                                                                                                                                                                                                                                                                                                                                                                                                                                                                                                                                                                                                                                                                                                                                                                                                                                                                                                                                                                                                                                                                                                                                                                                                                                                                                                                                                                                                                                                                                                                                                                                                                                                                                                                                                                                                                                                                                                                                                                                                                                                                                                                                                                                                                                                                                                                                                                                                                                                                                                                                                                                                                                                                                                                                                                                                                                                                                                                                                                                                                                                                                                                                                                                                                                                                                                                                                                                                                                                                                                                                                                                                                                                                                                                                                                                                                                                                                                                                                                                                                                                                                                                                                                                                                                                                                                                                                                                                                                                                                                                                                                                                                                                                                                                                                                                                                                                                                                                                                                                                                                                                                                                                                                                                                                                                                                                                                                                                                                                                                                                                                                                                                                                                                                                                                                                                                                                                                                                                                                                                                                                                                                                                                                                                                                                                                                                                                                                                                                                                                                                                                                                                                                                                                                                                                                                                                                                                                                                                                                                                                                                                                                                                                                                                                                                                                                                                                                                                                                                                                                                                                                                                                                                                                                                                                                                                                                                                                                                                                                                                                                                                                                                                                                                                                                                                                                                                                                                                                                                                                                                                                                                                                                                                                                                                                                                                                                                                                                                                                                                                                                                                                                                                                                                                                                                                                                                                                                                                                                                                                                                                                                                                                                                                                                                                                                                                                                                                                                                                                                                                                                                                                                                                                                                                                                                                                                                                                                                                                                                                                                                                                                                                                                                                                                                                                                                                                                                                                                                                                                                                                                                                                                                                                                                                                                                                                                                                                                                                                                                                                                                                                                                                                                                                                                                                                                                                                                                                                                                                                                                                                                                                                                                                                                                                                                                                                                                                                                                                                                                                                                                                                                                                                                                                                                                                                                                                                                                                                                                                                                                                                                                                                                                                                                                                                                                                                                                                                                                                                                                                                                                                                                            0,0,0,0,27.70502281188965,14.916125297546387,9.860397338867188
0,0,0,0,27.704620361328125,14.916189193725586,9.860664367675781
0,0,0,0,27.7040958404541,14.916322708129883,9.8609619140625
0,0,0,0,27.703474044799805,14.916452407836914,9.861412048339844
0,0,0,0,27.70296859741211,14.91662883758545,9.861763000488281
0,0,0,0,27.702600479125977,14.916742324829102,9.862136840820312
0,0,0,0,27.70201873779297,14.916998863220215,9.862678527832031
0,0,0,0,27.701662063598633,14.91714859008789,9.863121032714844
0,0,0,0,27.70125961303711,14.917387008666992,9.863571166992188
0,0,0,0,27.700841903686523,14.917545318603516,9.864204406738281
0,0,0,0,27.700536727905273,14.917713165283203,9.864730834960938
0,0,0,0,27.700241088867188,14.91781997680664,9.865287780761719
0,0,0,0,27.699819564819336,14.918045997619629,9.866111755371094
0,0,0,0,27.699481964111328,14.9181547164917,9.866767883300781
0,0,0,0,27.699161529541016,14.918242454528809,9.867469787597656
0,0,0,0,27.698646545410156,14.918281555175781,9.868385314941406
0,0,0,0,27.698299407958984,14.918253898620605,9.869064331054688
0,0,0,0,27.6978816986084,14.918228149414062,9.869743347167969
0,0,0,0,27.697399139404297,14.918167114257812,9.870597839355469
0,0,0,0,27.69695281982422,14.918206214904785,9.871192932128906
0,0,0,0,27.696611404418945,14.918204307556152,9.871757507324219
0,0,0,0,27.696029663085938,14.918265342712402,9.872451782226562
0,0,0,0,27.69568634033203,14.91818618774414,9.872917175292969
0,0,0,0,27.69526481628418,14.918184280395508,9.873336791992188
0,0,0,0,27.6948184967041,14.918060302734375,9.873809814453125
0,0,0,0,27.694467544555664,14.917984008789062,9.874107360839844
0,0,0,0,27.694204330444336,14.917767524719238,9.874404907226562
0,0,0,0,27.6938533782959,14.91750717163086,9.874771118164062
0,0,0,0,27.693632125854492,14.917271614074707,9.87506103515625
0,0,0,0,27.693435668945312,14.917041778564453,9.875373840332031
0,0,0,0,27.69318199157715,14.91662311553955,9.875778198242188
0,0,0,0,27.693058013916016,14.916308403015137,9.876060485839844
0,0,0,0,27.692916870117188,14.915995597839355,9.876327514648438
0,0,0,0,27.692838668823242,14.915595054626465,9.876655578613281
0,0,0,0,27.692779541015625,14.915323257446289,9.876884460449219
0,0,0,0,27.692846298217773,14.914995193481445,9.877090454101562
0,0,0,0,27.69287872314453,14.914609909057617,9.877334594726562
0,0,0,0,27.693016052246094,14.914251327514648,9.877494812011719
0,0,0,0,27.69308853149414,14.913991928100586,9.877655029296875
0,0,0,0,27.693326950073242,14.913583755493164,9.877876281738281
0,0,0,0,27.693470001220703,14.913366317749023,9.878021240234375
0,0,0,0,27.693679809570312,14.913082122802734,9.878166198730469
0,0,0,0,27.693845748901367,14.91282844543457,9.878273010253906
0,0,0,0,27.69400405883789,14.912618637084961,9.878334045410156
0,0,0,0,27.694093704223633,14.912520408630371,9.878395080566406
0,0,0,0,27.694232940673828,14.912389755249023,9.878410339355469
0,0,0,0,27.694347381591797,14.912337303161621,9.878387451171875
0,0,0,0,27.694425582885742,14.912266731262207,9.878326416015625
0,0,0,0,27.694520950317383,14.912205696105957,9.878265380859375
0,0,0,0,27.69452667236328,14.912179946899414,9.878242492675781
0,0,0,0,27.694597244262695,14.91213321685791,9.878250122070312
0,0,0,0,27.69460105895996,14.912066459655762,9.878303527832031
0,0,0,0,27.694660186767578,14.911992073059082,9.87835693359375
0,0,0,0,27.69462013244629,14.911966323852539,9.878425598144531
0,0,0,0,27.694684982299805,14.911810874938965,9.878570556640625
0,0,0,0,27.69464111328125,14.911717414855957,9.878692626953125
0,0,0,0,27.694618225097656,14.911473274230957,9.878890991210938
0,0,0,0,27.694509506225586,14.911355018615723,9.879051208496094
0,0,0,0,27.69443130493164,14.911154747009277,9.87921142578125
0,0,0,0,27.694225311279297,14.910945892333984,9.879440307617188
0,0,0,0,27.69406509399414,14.91071605682373,9.879638671875
0,0,0,0,27.69387435913086,14.910492897033691,9.879852294921875
0,0,0,0,27.693571090698242,14.910106658935547,9.880149841308594
0,0,0,0,27.693401336669922,14.909789085388184,9.880386352539062
0,0,0,0,27.69317054748535,14.909451484680176,9.880599975585938
0,0,0,0,27.69291877746582,14.908950805664062,9.88092041015625
0,0,0,0,27.692644119262695,14.908597946166992,9.881156921386719
0,0,0,0,27.692468643188477,14.908164978027344,9.881385803222656
0,0,0,0,27.692155838012695,14.90758991241455,9.8817138671875
0,0,0,0,27.691980361938477,14.907073974609375,9.881973266601562
0,0,0,0,27.691707611083984,14.906623840332031,9.882217407226562
0,0,0,0,27.69146156311035,14.905960083007812,9.882514953613281
0,0,0,0,27.691226959228516,14.905564308166504,9.882682800292969
0,0,0,0,27.691091537475586,14.90510368347168,9.882804870605469
0,0,0,0,27.690874099731445,14.904623985290527,9.882926940917969
0,0,0,0,27.69078254699707,14.90424633026123,9.882980346679688
0,0,0,0,27.690685272216797,14.903950691223145,9.883026123046875
0,0,0,0,27.690662384033203,14.90355396270752,9.883026123046875
0,0,0,0,27.69071388244629,14.903335571289062,9.882987976074219
0,0,0,0,27.690757751464844,14.903138160705566,9.882911682128906
0,0,0,0,27.69088363647461,14.902953147888184,9.882759094238281
0,0,0,0,27.690959930419922,14.902883529663086,9.882621765136719
0,0,0,0,27.69111442565918,14.902837753295898,9.882469177246094
0,0,0,0,27.69120979309082,14.902873992919922,9.882232666015625
0,0,0,0,27.691360473632812,14.902881622314453,9.882003784179688
0,0,0,0,27.691390991210938,14.902997970581055,9.881744384765625
0,0,0,0,27.6915283203125,14.903131484985352,9.881370544433594
0,0,0,0,27.69150733947754,14.903351783752441,9.881126403808594
0,0,0,0,27.691530227661133,14.903542518615723,9.880966186523438
0,0,0,0,27.691448211669922,14.90396499633789,9.8807373046875
0,0,0,0,27.6914119720459,14.904266357421875,9.88055419921875
0,0,0,0,27.691320419311523,14.904690742492676,9.880386352539062
0,0,0,0,27.691226959228516,14.905217170715332,9.880180358886719
0,0,0,0,27.69114875793457,14.905654907226562,9.880012512207031
0,0,0,0,27.6910343170166,14.906070709228516,9.879814147949219
0,0,0,0,27.690837860107422,14.906670570373535,9.879493713378906
0,0,0,0,27.690628051757812,14.907120704650879,9.879249572753906
0,0,0,0,27.69044303894043,14.907559394836426,9.878974914550781
0,0,0,0,27.690038681030273,14.908138275146484,9.878593444824219
0,0,0,0,27.689769744873047,14.9085693359375,9.878303527832031
0,0,0,0,27.689390182495117,14.909071922302246,9.87799072265625
0,0,0,0,27.689008712768555,14.909720420837402,9.877494812011719
0,0,0,0,27.688642501831055,14.910313606262207,9.877059936523438
0,0,0,0,27.6883602142334,14.910866737365723,9.87664794921875
0,0,0,0,27.687898635864258,14.911725044250488,9.876106262207031
0,0,0,0,27.68765640258789,14.912298202514648,9.875732421875
0,0,0,0,27.687395095825195,14.912917137145996,9.875396728515625
0,0,0,0,27.68722152709961,14.913625717163086,9.874961853027344
0,0,0,0,27.687150955200195,14.91421890258789,9.8746337890625
0,0,0,0,27.6871280670166,14.914724349975586,9.874336242675781
0,0,0,0,27.687105178833008,14.915435791015625,9.874031066894531
0,0,0,0,27.687114715576172,14.915932655334473,9.873825073242188
0,0,0,0,27.687166213989258,14.916471481323242,9.873611450195312
0,0,0,0,27.687213897705078,14.917152404785156,9.87335205078125
0,0,0,0,27.687345504760742,14.917654037475586,9.873161315917969
0,0,0,0,27.68744468688965,14.91818618774414,9.872947692871094
0,0,0,0,27.68773651123047,14.918848991394043,9.872611999511719
0,0,0,0,27.687894821166992,14.919397354125977,9.872314453125
0,0,0,0,27.688159942626953,14.919846534729004,9.871986389160156
0,0,0,0,27.688398361206055,14.920509338378906,9.871551513671875
0,0,0,0,27.688674926757812,14.920918464660645,9.871192932128906
0,0,0,0,27.68886947631836,14.921404838562012,9.870819091796875
0,0,0,0,27.68923568725586,14.921919822692871,9.870338439941406
0,0,0,0,27.68950653076172,14.922356605529785,9.870002746582031
0,0,0,0,27.689851760864258,14.922691345214844,9.869667053222656
0,0,0,0,27.69031524658203,14.923192024230957,9.86920166015625
0,0,0,0,27.69068145751953,14.923492431640625,9.868850708007812
0,0,0,0,27.691083908081055,14.923809051513672,9.868507385253906
0,0,0,0,27.691633224487305,14.924179077148438,9.8680419921875
0,0,0,0,27.692100524902344,14.924452781677246,9.867691040039062
0,0,0,0,27.692533493041992,14.924734115600586,9.867340087890625
0,0,0,0,27.693227767944336,14.925065040588379,9.866889953613281
0,0,0,0,27.693681716918945,14.925354957580566,9.866584777832031
0,0,0,0,27.694232940673828,14.925591468811035,9.866264343261719
0,0,0,0,27.694799423217773,14.925932884216309,9.865837097167969
0,0,0,0,27.695295333862305,14.926085472106934,9.865501403808594
0,0,0,0,27.69565200805664,14.926297187805176,9.865158081054688
0,0,0,0,27.6961669921875,14.92647647857666,9.864730834960938
0,0,0,0,27.69644546508789,14.926680564880371,9.864425659179688
0,0,0,0,27.696773529052734,14.92679214477539,9.864158630371094
0,0,0,0,27.697154998779297,14.927020072937012,9.863815307617188
0,0,0,0,27.697477340698242,14.927139282226562,9.863594055175781
0,0,0,0,27.697805404663086,14.927326202392578,9.863372802734375
0,0,0,0,27.698251724243164,14.927529335021973,9.863121032714844
0,0,0,0,27.69856834411621,14.927706718444824,9.862983703613281
0,0,0,0,27.698848724365234,14.92782211303711,9.862876892089844
0,0,0,0,27.699268341064453,14.927922248840332,9.862808227539062
0,0,0,0,27.69952964782715,14.927945137023926,9.862831115722656
0,0,0,0,27.699886322021484,14.927879333496094,9.862930297851562
0,0,0,0,27.700347900390625,14.927766799926758,9.863136291503906
0,0,0,0,27.70084571838379,14.927547454833984,9.863349914550781
0,0,0,0,27.701339721679688,14.927326202392578,9.863571166992188
0,0,0,0,27.70228385925293,14.926759719848633,9.863929748535156
0,0,0,0,27.703039169311523,14.92625904083252,9.864219665527344
0,0,0,0,27.703989028930664,14.925575256347656,9.86456298828125
0,0,0,0,27.70536994934082,14.9245023727417,9.865119934082031
0,0,0,0,27.70671272277832,14.92336654663086,9.865562438964844
0,0,0,0,27.708284378051758,14.922057151794434,9.865997314453125
0,0,0,0,27.71076202392578,14.919899940490723,9.866615295410156
0,0,0,0,27.712800979614258,14.91812801361084,9.867141723632812
0,0,0,0,27.715007781982422,14.916101455688477,9.867721557617188
0,0,0,0,27.71828842163086,14.913065910339355,9.86846923828125
0,0,0,0,27.720914840698242,14.910487174987793,9.868980407714844
0,0,0,0,27.723791122436523,14.90764045715332,9.869522094726562
0,0,0,0,27.727922439575195,14.903386116027832,9.87030029296875
0,0,0,0,27.73150062561035,14.899678230285645,9.870857238769531
0,0,0,0,27.7353458404541,14.895570755004883,9.871421813964844
0,0,0,0,27.741127014160156,14.889345169067383,9.872146606445312
0,0,0,0,27.7458438873291,14.884241104125977,9.872703552246094
0,0,0,0,27.751089096069336,14.878629684448242,9.873252868652344
0,0,0,0,27.758647918701172,14.870526313781738,9.873893737792969
0,0,0,0,27.764875411987305,14.86389446258545,9.874336242675781
0,0,0,0,27.77143669128418,14.856945991516113,9.874755859375
0,0,0,0,27.78085708618164,14.846928596496582,9.875228881835938
0,0,0,0,27.788331985473633,14.838935852050781,9.875534057617188
0,0,0,0,27.79621124267578,14.83045482635498,9.875770568847656
0,0,0,0,27.80732536315918,14.81850528717041,9.876007080078125
0,0,0,0,27.816099166870117,14.808939933776855,9.876136779785156
0,0,0,0,27.825340270996094,14.798913955688477,9.876235961914062
0,0,0,0,27.8383731842041,14.784697532653809,9.876296997070312
0,0,0,0,27.84882926940918,14.773355484008789,9.876350402832031
0,0,0,0,27.859766006469727,14.761425971984863,9.876426696777344
0,0,0,0,27.875381469726562,14.74448299407959,9.87652587890625
0,0,0,0,27.887781143188477,14.731005668640137,9.876609802246094
0,0,0,0,27.90096092224121,14.716684341430664,9.876686096191406
0,0,0,0,27.91954231262207,14.696464538574219,9.876800537109375
0,0,0,0,27.934431076049805,14.680293083190918,9.876884460449219
0,0,0,0,27.95000457763672,14.663399696350098,9.876991271972656
0,0,0,0,27.972074508666992,14.639471054077148,9.877113342285156
0,0,0,0,27.989519119262695,14.620635032653809,9.877250671386719
0,0,0,0,28.007837295532227,14.600894927978516,9.87738037109375
0,0,0,0,28.03343391418457,14.573320388793945,9.877525329589844
0,0,0,0,28.05360221862793,14.551562309265137,9.877616882324219
0,0,0,0,28.074621200561523,14.528934478759766,9.877685546875
0,0,0,0,28.103954315185547,14.497333526611328,9.877754211425781
0,0,0,0,28.12697410583496,14.472604751586914,9.877761840820312
0,0,0,0,28.15078353881836,14.44696044921875,9.87774658203125
0,0,0,0,28.183931350708008,14.411317825317383,9.877647399902344
0,0,0,0,28.209718704223633,14.383550643920898,9.877532958984375
0,0,0,0,28.236494064331055,14.354812622070312,9.877365112304688
0,0,0,0,28.273412704467773,14.315164566040039,9.877113342285156
0,0,0,0,28.30213737487793,14.284343719482422,9.87689208984375
0,0,0,0,28.33156967163086,14.252717018127441,9.876655578613281
0,0,0,0,28.37213706970215,14.209118843078613,9.876251220703125
0,0,0,0,28.40340232849121,14.17552661895752,9.875907897949219
0,0,0,0,28.43545913696289,14.1410551071167,9.875564575195312
0,0,0,0,28.479248046875,14.093985557556152,9.875083923339844
0,0,0,0,28.512922286987305,14.057748794555664,9.874702453613281
0,0,0,0,28.54717445373535,14.020879745483398,9.874351501464844
0,0,0,0,28.593738555908203,13.970645904541016,9.873863220214844
0,0,0,0,28.62932014465332,13.932305335998535,9.873512268066406
0,0,0,0,28.66536521911621,13.893399238586426,9.873176574707031
0,0,0,0,28.714136123657227,13.840860366821289,9.872802734375
0,0,0,0,28.751054763793945,13.801002502441406,9.872596740722656
0,0,0,0,28.78837776184082,13.760711669921875,9.872444152832031
0,0,0,0,28.83849334716797,13.706441879272461,9.872337341308594
0,0,0,0,28.87649917602539,13.665303230285645,9.872337341308594
0,0,0,0,28.914684295654297,13.623969078063965,9.87237548828125
0,0,0,0,28.966064453125,13.568400382995605,9.872505187988281
0,0,0,0,29.004758834838867,13.526500701904297,9.872650146484375
0,0,0,0,29.043699264526367,13.484302520751953,9.872825622558594
0,0,0,0,29.09574317932129,13.427906036376953,9.873069763183594
0,0,0,0,29.134958267211914,13.385380744934082,9.873283386230469
0,0,0,0,29.174240112304688,13.342794418334961,9.873512268066406
0,0,0,0,29.226831436157227,13.285815238952637,9.873802185058594
0,0,0,0,29.266345977783203,13.243051528930664,9.874008178710938
0,0,0,0,29.305923461914062,13.200177192687988,9.874198913574219
0,0,0,0,29.35875129699707,13.142990112304688,9.874458312988281
0,0,0,0,29.39833641052246,13.100107192993164,9.874702453613281
0,0,0,0,29.437990188598633,13.057265281677246,9.874961853027344
0,0,0,0,29.490781784057617,13.000205039978027,9.875335693359375
0,0,0,0,29.530418395996094,12.9573974609375,9.875617980957031
0,0,0,0,29.56991958618164,12.91463565826416,9.875907897949219
0,0,0,0,29.622661590576172,12.857588768005371,9.8763427734375
0,0,0,0,29.662153244018555,12.81488037109375,9.876716613769531
0,0,0,0,29.701744079589844,12.772126197814941,9.877098083496094
0,0,0,0,29.754426956176758,12.715209007263184,9.877670288085938
0,0,0,0,29.79402732849121,12.672460556030273,9.878120422363281
0,0,0,0,29.833560943603516,12.629864692687988,9.878593444824219
0,0,0,0,29.886390686035156,12.573129653930664,9.879295349121094
0,0,0,0,29.926002502441406,12.530741691589355,9.879852294921875
0,0,0,0,29.96566390991211,12.48835277557373,9.880447387695312
0,0,0,0,30.01857566833496,12.431984901428223,9.881271362304688
0,0,0,0,30.058277130126953,12.389777183532715,9.881912231445312
0,0,0,0,30.098020553588867,12.347711563110352,9.882560729980469
0,0,0,0,30.15096092224121,12.291763305664062,9.883476257324219
0,0,0,0,30.19076156616211,12.249853134155273,9.884193420410156
0,0,0,0,30.230501174926758,12.20800495147705,9.884902954101562
0,0,0,0,30.283550262451172,12.152247428894043,9.885818481445312
0,0,0,0,30.323274612426758,12.110533714294434,9.886474609375
0,0,0,0,30.363136291503906,12.06882095336914,9.887100219726562
0,0,0,0,30.416271209716797,12.013325691223145,9.887908935546875
0,0,0,0,30.45627784729004,11.971674919128418,9.888473510742188
0,0,0,0,30.49626350402832,11.930126190185547,9.8890380859375
0,0,0,0,30.549728393554688,11.874638557434082,9.889724731445312
0,0,0,0,30.589801788330078,11.833142280578613,9.890182495117188
0,0,0,0,30.629932403564453,11.791645050048828,9.890579223632812
0,0,0,0,30.683443069458008,11.736449241638184,9.891090393066406
0,0,0,0,30.723567962646484,11.695048332214355,9.891441345214844
0,0,0,0,30.763687133789062,11.653754234313965,9.891761779785156
0,0,0,0,30.817214965820312,11.598699569702148,9.89215087890625
0,0,0,0,30.857423782348633,11.557435035705566,9.892410278320312
0,0,0,0,30.897594451904297,11.516169548034668,9.892646789550781
0,0,0,0,30.951265335083008,11.461109161376953,9.892921447753906
0,0,0,0,30.99150276184082,11.419864654541016,9.89312744140625
0,0,0,0,31.0318660736084,11.37860107421875,9.893302917480469
0,0,0,0,31.085535049438477,11.323763847351074,9.89349365234375
0,0,0,0,31.125823974609375,11.282669067382812,9.893585205078125
0,0,0,0,31.16594123840332,11.241771697998047,9.893707275390625
0,0,0,0,31.219327926635742,11.1874361038208,9.893936157226562
0,0,0,0,31.2591609954834,11.146909713745117,9.89410400390625
0,0,0,0,31.29899787902832,11.106334686279297,9.894302368164062
0,0,0,0,31.351947784423828,11.052373886108398,9.894630432128906
0,0,0,0,31.391651153564453,11.011897087097168,9.894889831542969
0,0,0,0,31.431310653686523,10.971476554870605,9.895179748535156
0,0,0,0,31.484249114990234,10.917431831359863,9.895561218261719
0,0,0,0,31.523990631103516,10.8768892288208,9.895759582519531
0,0,0,0,31.5637264251709,10.83639907836914,9.895851135253906
0,0,0,0,31.616697311401367,10.782585144042969,9.895835876464844
0,0,0,0,31.6562557220459,10.74238395690918,9.895744323730469
0,0,0,0,31.69576644897461,10.702312469482422,9.895606994628906
0,0,0,0,31.7481689453125,10.64913272857666,9.895401000976562
0,0,0,0,31.78743553161621,10.6093111038208,9.895210266113281
0,0,0,0,31.826581954956055,10.569583892822266,9.89495849609375
0,0,0,0,31.878873825073242,10.516531944274902,9.894546508789062
0,0,0,0,31.91805076599121,10.476750373840332,9.894210815429688
0,0,0,0,31.957412719726562,10.436785697937012,9.893821716308594
0,0,0,0,32.00999069213867,10.38339900970459,9.893203735351562
0,0,0,0,32.04959487915039,10.34317398071289,9.892677307128906
0,0,0,0,32.0892333984375,10.302963256835938,9.892135620117188
0,0,0,0,32.14228439331055,10.249168395996094,9.891304016113281
0,0,0,0,32.18223190307617,10.208724021911621,9.890594482421875
0,0,0,0,32.22233200073242,10.168173789978027,9.889793395996094
0,0,0,0,32.27586364746094,10.114252090454102,9.888618469238281
0,0,0,0,32.315940856933594,10.073911666870117,9.887741088867188
0,0,0,0,32.35599899291992,10.03361988067627,9.886894226074219
0,0,0,0,32.40929412841797,9.979974746704102,9.885787963867188
0,0,0,0,32.44932556152344,9.939763069152832,9.884963989257812
0,0,0,0,32.48926544189453,9.899643898010254,9.884170532226562
0,0,0,0,32.54262161254883,9.846136093139648,9.883148193359375
0,0,0,0,32.58252716064453,9.80609130859375,9.882438659667969
0,0,0,0,32.62255859375,9.765979766845703,9.881736755371094
0,0,0,0,32.67584228515625,9.712607383728027,9.880859375
0,0,0,0,32.71586227416992,9.67248821258545,9.880287170410156
0,0,0,0,32.755775451660156,9.632453918457031,9.879745483398438
0,0,0,0,32.80900192260742,9.57896900177002,9.879119873046875
0,0,0,0,32.84884262084961,9.53891658782959,9.87872314453125
0,0,0,0,32.888648986816406,9.498787879943848,9.878372192382812
0,0,0,0,32.94160842895508,9.445385932922363,9.8780517578125
0,0,0,0,32.98127365112305,9.405278205871582,9.877906799316406
0,0,0,0,33.02095413208008,9.365152359008789,9.87774658203125
0,0,0,0,33.0737419128418,9.311652183532715,9.877555847167969
0,0,0,0,33.1132926940918,9.27159309387207,9.877403259277344
0,0,0,0,33.152687072753906,9.231632232666016,9.877197265625
0,0,0,0,33.205142974853516,9.178461074829102,9.8768310546875
0,0,0,0,33.2442512512207,9.13875961303711,9.876502990722656
0,0,0,0,33.2833366394043,9.099071502685547,9.876121520996094
0,0,0,0,33.33510971069336,9.04633617401123,9.875579833984375
0,0,0,0,33.37384796142578,9.006830215454102,9.875175476074219
0,0,0,0,33.41232681274414,8.96750259399414,9.87481689453125
0,0,0,0,33.463523864746094,8.915020942687988,9.874351501464844
0,0,0,0,33.501731872558594,8.87575626373291,9.874000549316406
0,0,0,0,33.53987503051758,8.836441993713379,9.873672485351562
0,0,0,0,33.59052276611328,8.784160614013672,9.873283386230469
0,0,0,0,33.62845230102539,8.744885444641113,9.873031616210938
0,0,0,0,33.666385650634766,8.705584526062012,9.872817993164062
0,0,0,0,33.7169303894043,8.653151512145996,9.87261962890625
0,0,0,0,33.75489807128906,8.613822937011719,9.872535705566406
0,0,0,0,33.792789459228516,8.574471473693848,9.872535705566406
0,0,0,0,33.84332275390625,8.52195930480957,9.872627258300781
0,0,0,0,33.881141662597656,8.482579231262207,9.872749328613281
0,0,0,0,33.91904067993164,8.443157196044922,9.872947692871094
0,0,0,0,33.96945571899414,8.390657424926758,9.873321533203125
0,0,0,0,34.007320404052734,8.351204872131348,9.873687744140625
0,0,0,0,34.045074462890625,8.311833381652832,9.874076843261719
0,0,0,0,34.095481872558594,8.259256362915039,9.87469482421875
0,0,0,0,34.133201599121094,8.219894409179688,9.875167846679688
0,0,0,0,34.17098617553711,8.180475234985352,9.875625610351562
0,0,0,0,34.22122573852539,8.128036499023438,9.876243591308594
0,0,0,0,34.25892639160156,8.088708877563477,9.876731872558594
0,0,0,0,34.29663848876953,8.049493789672852,9.877212524414062
0,0,0,0,34.346954345703125,7.997201442718506,9.877777099609375
0,0,0,0,34.384674072265625,7.958131790161133,9.878158569335938
0,0,0,0,34.4222412109375,7.919247150421143,9.878562927246094
0,0,0,0,34.472225189208984,7.867580413818359,9.879135131835938
0,0,0,0,34.50961685180664,7.828882217407227,9.879570007324219
0,0,0,0,34.547080993652344,7.790181636810303,9.879989624023438
0,0,0,0,34.59700393676758,7.7385783195495605,9.880516052246094
0,0,0,0,34.63463592529297,7.699688911437988,9.880912780761719
0,0,0,0,34.672325134277344,7.660693168640137,9.881294250488281
0,0,0,0,34.72296905517578,7.608353137969971,9.881668090820312
0,0,0,0,34.761112213134766,7.568943977355957,9.881881713867188
0,0,0,0,34.79955291748047,7.529279708862305,9.882011413574219
0,0,0,0,34.85101318359375,7.476264953613281,9.882125854492188
0,0,0,0,34.88990020751953,7.436244487762451,9.882110595703125
0,0,0,0,34.92891311645508,7.396125793457031,9.88201904296875
0,0,0,0,34.98117446899414,7.342408657073975,9.881744384765625
0,0,0,0,35.02043914794922,7.302130699157715,9.881477355957031
0,0,0,0,35.059715270996094,7.261807441711426,9.881179809570312
0,0,0,0,35.11200714111328,7.208179950714111,9.880714416503906
0,0,0,0,35.151039123535156,7.168150424957275,9.880401611328125
0,0,0,0,35.189884185791016,7.128396034240723,9.880195617675781
0,0,0,0,35.241241455078125,7.075693607330322,9.880050659179688
0,0,0,0,35.279666900634766,7.036249160766602,9.8800048828125
0,0,0,0,35.317901611328125,6.996934413909912,9.879959106445312
0,0,0,0,35.36880111694336,6.9447407722473145,9.8800048828125
0,0,0,0,35.406681060791016,6.905880928039551,9.880126953125
0,0,0,0,35.44449234008789,6.867091655731201,9.88031005859375
0,0,0,0,35.49470901489258,6.815582275390625,9.880622863769531
0,0,0,0,35.53242874145508,6.776965141296387,9.880905151367188
0,0,0,0,35.57004928588867,6.738504886627197,9.881195068359375
0,0,0,0,35.62017059326172,6.687324523925781,9.881584167480469
0,0,0,0,35.65758514404297,6.649210453033447,9.881912231445312
0,0,0,0,35.694862365722656,6.611251354217529,9.882232666015625
0,0,0,0,35.744258880615234,6.561066627502441,9.882637023925781
0,0,0,0,35.78102493286133,6.523677825927734,9.8829345703125
0,0,0,0,35.817657470703125,6.486494064331055,9.883224487304688
0,0,0,0,35.86647415161133,6.437021255493164,9.883514404296875
0,0,0,0,35.90317153930664,6.399982929229736,9.883636474609375
0,0,0,0,35.9398193359375,6.363065719604492,9.883735656738281
0,0,0,0,35.98883056640625,6.313914775848389,9.883872985839844
0,0,0,0,36.02564239501953,6.277105808258057,9.883926391601562
0,0,0,0,36.06270980834961,6.240222930908203,9.883926391601562
0,0,0,0,36.11225128173828,6.191076278686523,9.883811950683594
0,0,0,0,36.14962387084961,6.154150485992432,9.883583068847656
0,0,0,0,36.18690490722656,6.117434978485107,9.883293151855469
0,0,0,0,36.236515045166016,6.0687408447265625,9.882972717285156
0,0,0,0,36.27359390258789,6.032435894012451,9.88275146484375
0,0,0,0,36.310726165771484,5.99611234664917,9.88250732421875
0,0,0,0,36.360145568847656,5.947875499725342,9.882209777832031
0,0,0,0,36.397315979003906,5.911702632904053,9.882011413574219
0,0,0,0,36.43463897705078,5.875520706176758,9.881782531738281
0,0,0,0,36.48472595214844,5.827216148376465,9.881423950195312
0,0,0,0,36.522579193115234,5.7909979820251465,9.881103515625
0,0,0,0,36.560546875,5.754811763763428,9.8807373046875
0,0,0,0,36.61132049560547,5.7068305015563965,9.88031005859375
0,0,0,0,36.64939880371094,5.6710734367370605,9.880043029785156
0,0,0,0,36.6876106262207,5.635371685028076,9.879798889160156
0,0,0,0,36.7386589050293,5.58792781829834,9.879486083984375
0,0,0,0,36.77726364135742,5.552333354949951,9.879234313964844
0,0,0,0,36.81597137451172,5.516838550567627,9.878890991210938
0,0,0,0,36.86778259277344,5.469654083251953,9.878395080566406
0,0,0,0,36.90656280517578,5.434596061706543,9.878089904785156
0,0,0,0,36.94541549682617,5.399684906005859,9.877838134765625
0,0,0,0,36.99714279174805,5.353540420532227,9.877548217773438
0,0,0,0,37.036075592041016,5.3190412521362305,9.877304077148438
0,0,0,0,37.07512283325195,5.284722805023193,9.877029418945312
0,0,0,0,37.12753677368164,5.23902702331543,9.876686096191406
0,0,0,0,37.16720199584961,5.204769611358643,9.876388549804688
0,0,0,0,37.2071533203125,5.170393943786621,9.876045227050781
0,0,0,0,37.260990142822266,5.124545574188232,9.875564575195312
0,0,0,0,37.30177307128906,5.09013557434082,9.875160217285156
0,0,0,0,37.34303283691406,5.055688858032227,9.874687194824219
0,0,0,0,37.39844512939453,5.009782791137695,9.874015808105469
0,0,0,0,37.44043731689453,4.975265026092529,9.873435974121094
0,0,0,0,37.48262405395508,4.94078254699707,9.872840881347656
0,0,0,0,37.539520263671875,4.894707679748535,9.872077941894531
0,0,0,0,37.58250427246094,4.860218524932861,9.87152099609375
0,0,0,0,37.625885009765625,4.8256330490112305,9.870986938476562
0,0,0,0,37.68394088745117,4.779721260070801,9.870391845703125
0,0,0,0,37.727638244628906,4.745361804962158,9.870124816894531
0,0,0,0,37.771385192871094,4.71113920211792,9.869956970214844
0,0,0,0,37.83001708984375,4.665515899658203,9.869865417480469
0,0,0,0,37.87416076660156,4.63142728805542,9.869880676269531
0,0,0,0,37.91847229003906,4.597311019897461,9.869987487792969
0,0,0,0,37.97782516479492,4.5518670082092285,9.870231628417969
0,0,0,0,38.02247619628906,4.517727375030518,9.870445251464844
0,0,0,0,38.06730270385742,4.483578205108643,9.870643615722656
0,0,0,0,38.12724304199219,4.4379401206970215,9.870941162109375
0,0,0,0,38.17242431640625,4.403600215911865,9.871162414550781
0,0,0,0,38.217647552490234,4.369248390197754,9.871391296386719
0,0,0,0,38.278289794921875,4.323269844055176,9.871726989746094
0,0,0,0,38.323848724365234,4.288787841796875,9.871963500976562
0,0,0,0,38.369667053222656,4.254238128662109,9.872207641601562
0,0,0,0,38.43080139160156,4.2083048820495605,9.872474670410156
0,0,0,0,38.476806640625,4.173859119415283,9.872673034667969
0,0,0,0,38.52279281616211,4.139586448669434,9.872909545898438
0,0,0,0,38.58427429199219,4.093909740447998,9.873237609863281
0,0,0,0,38.63038635253906,4.059771537780762,9.873481750488281
0,0,0,0,38.676551818847656,4.0256171226501465,9.873748779296875
0,0,0,0,38.73806381225586,3.980346918106079,9.874153137207031
0,0,0,0,38.7841682434082,3.946483850479126,9.874465942382812
0,0,0,0,38.83024978637695,3.9127397537231445,9.874763488769531
0,0,0,0,38.89158248901367,3.8679254055023193,9.875213623046875
0,0,0,0,38.937599182128906,3.834460735321045,9.875595092773438
0,0,0,0,38.98350524902344,3.8011019229888916,9.875961303710938
0,0,0,0,39.044677734375,3.756704092025757,9.876411437988281
0,0,0,0,39.0904426574707,3.7235374450683594,9.876708984375
0,0,0,0,39.136192321777344,3.690420389175415,9.876991271972656
0,0,0,0,39.19672393798828,3.6466610431671143,9.877555847167969
0,0,0,0,39.241943359375,3.6139416694641113,9.878089904785156
0,0,0,0,39.286903381347656,3.581376552581787,9.878631591796875
0,0,0,0,39.34674835205078,3.538026809692383,9.879348754882812
0,0,0,0,39.39141082763672,3.505687713623047,9.879936218261719
0,0,0,0,39.435977935791016,3.4733471870422363,9.880577087402344
0,0,0,0,39.49524688720703,3.430333375930786,9.881439208984375
0,0,0,0,39.53969192504883,3.398066997528076,9.881980895996094
0,0,0,0,39.58405303955078,3.3659827709198,9.882461547851562
0,0,0,0,39.6429443359375,3.323399066925049,9.883209228515625
0,0,0,0,39.68698501586914,3.2915544509887695,9.883819580078125
0,0,0,0,39.73090362548828,3.2597298622131348,9.884407043457031
0,0,0,0,39.78936767578125,3.2174103260040283,9.885307312011719
0,0,0,0,39.833099365234375,3.185720682144165,9.88604736328125
0,0,0,0,39.87690734863281,3.153952121734619,9.886787414550781
0,0,0,0,39.935096740722656,3.111717700958252,9.887741088867188
0,0,0,0,39.978641510009766,3.0801842212677,9.888534545898438
0,0,0,0,40.02199172973633,3.0488228797912598,9.88946533203125
0,0,0,0,40.079864501953125,3.006859540939331,9.890792846679688
0,0,0,0,40.12310791015625,2.9755187034606934,9.891799926757812
0,0,0,0,40.166236877441406,2.9442343711853027,9.892929077148438
0,0,0,0,40.22343444824219,2.9027328491210938,9.89447021484375
0,0,0,0,40.26624298095703,2.8715927600860596,9.895645141601562
0,0,0,0,40.30892562866211,2.840552806854248,9.89691162109375
0,0,0,0,40.365867614746094,2.799008846282959,9.898635864257812
0,0,0,0,40.40869903564453,2.76774525642395,9.89984130859375
0,0,0,0,40.45157241821289,2.736427068710327,9.900970458984375
0,0,0,0,40.508670806884766,2.694805145263672,9.902580261230469
0,0,0,0,40.55147171020508,2.6635656356811523,9.903846740722656
0,0,0,0,40.59440994262695,2.6322503089904785,9.905014038085938
0,0,0,0,40.651546478271484,2.590569257736206,9.906379699707031
0,0,0,0,40.69435501098633,2.5593931674957275,9.90740966796875
0,0,0,0,40.73693084716797,2.5283215045928955,9.908477783203125
0,0,0,0,40.79375457763672,2.48679256439209,9.909858703613281
0,0,0,0,40.83634567260742,2.4556658267974854,9.910812377929688
0,0,0,0,40.879093170166016,2.4244384765625,9.911689758300781
0,0,0,0,40.93608856201172,2.382821559906006,9.9127197265625
0,0,0,0,40.97895050048828,2.351527214050293,9.913398742675781
0,0,0,0,41.02175521850586,2.3203368186950684,9.914039611816406
0,0,0,0,41.078880310058594,2.278653383255005,9.914909362792969
0,0,0,0,41.12177276611328,2.247342586517334,9.915496826171875
0,0,0,0,41.16471862792969,2.2159130573272705,9.916015625
0,0,0,0,41.222015380859375,2.1740520000457764,9.916648864746094
0,0,0,0,41.26493453979492,2.1427063941955566,9.917144775390625
0,0,0,0,41.307952880859375,2.1113486289978027,9.917648315429688
0,0,0,0,41.36548614501953,2.069394588470459,9.918296813964844
0,0,0,0,41.40890884399414,2.037776470184326,9.91876220703125
0,0,0,0,41.45246124267578,2.0060644149780273,9.919227600097656
0,0,0,0,41.51099395751953,1.9635275602340698,9.919837951660156
0,0,0,0,41.55509948730469,1.9315028190612793,9.920333862304688
0,0,0,0,41.59954833984375,1.899280071258545,9.920814514160156
0,0,0,0,41.65915298461914,1.8561972379684448,9.921463012695312
0,0,0,0,41.704254150390625,1.8236608505249023,9.92193603515625
0,0,0,0,41.749542236328125,1.7910349369049072,9.922416687011719
0,0,0,0,41.810462951660156,1.7471950054168701,9.923027038574219
0,0,0,0,41.85636520385742,1.7142561674118042,9.923484802246094
0,0,0,0,41.902523040771484,1.6811474561691284,9.923934936523438
0,0,0,0,41.964332580566406,1.6369527578353882,9.924583435058594
0,0,0,0,42.010894775390625,1.6036726236343384,9.925102233886719
0,0,0,0,42.057647705078125,1.5703763961791992,9.925682067871094
0,0,0,0,42.120243072509766,1.5258649587631226,9.926528930664062
0,0,0,0,42.16740798950195,1.492436170578003,9.927215576171875
0,0,0,0,42.214603424072266,1.4589694738388062,9.927925109863281
0,0,0,0,42.27772521972656,1.4142621755599976,9.928863525390625
0,0,0,0,42.32506561279297,1.3807179927825928,9.929618835449219
0,0,0,0,42.372535705566406,1.347055196762085,9.930427551269531
0,0,0,0,42.435791015625,1.3021438121795654,9.931594848632812
0,0,0,0,42.483341217041016,1.2683537006378174,9.932533264160156
0,0,0,0,42.53081512451172,1.2345975637435913,9.933540344238281
0,0,0,0,42.594268798828125,1.1894441843032837,9.93499755859375
0,0,0,0,42.64183044433594,1.1556237936019897,9.9361572265625
0,0,0,0,42.6894416809082,1.1217055320739746,9.937339782714844
0,0,0,0,42.752830505371094,1.076587200164795,9.938957214355469
0,0,0,0,42.80036163330078,1.042696237564087,9.940170288085938
0,0,0,0,42.84788131713867,1.0088262557983398,9.941375732421875
0,0,0,0,42.91128158569336,0.9636196494102478,9.9429931640625
0,0,0,0,42.95884704589844,0.929719090461731,9.944198608398438
0,0,0,0,43.0063591003418,0.8957850933074951,9.945365905761719
0,0,0,0,43.06969451904297,0.8505145311355591,9.9468994140625
0,0,0,0,43.117061614990234,0.8165737390518188,9.948036193847656
0,0,0,0,43.1644401550293,0.782574474811554,9.949111938476562
0,0,0,0,43.22747802734375,0.7372303605079651,9.950469970703125
0,0,0,0,43.27481460571289,0.7031145095825195,9.951423645019531
0,0,0,0,43.32200622558594,0.6690632700920105,9.952362060546875
0,0,0,0,43.38498306274414,0.6235719323158264,9.953620910644531
0,0,0,0,43.432132720947266,0.589504063129425,9.95452880859375
0,0,0,0,43.47932815551758,0.5553579926490784,9.955360412597656
0,0,0,0,43.54208755493164,0.5100395083427429,9.956428527832031
0,0,0,0,43.589046478271484,0.4760980010032654,9.957176208496094
0,0,0,0,43.635833740234375,0.4423327147960663,9.957855224609375
0,0,0,0,43.69788360595703,0.3974999189376831,9.958648681640625
0,0,0,0,43.7440185546875,0.3641843795776367,9.959121704101562
0,0,0,0,43.789695739746094,0.3311106264591217,9.959518432617188
0,0,0,0,43.849754333496094,0.28758519887924194,9.959922790527344
0,0,0,0,43.893978118896484,0.25547200441360474,9.960136413574219
0,0,0,0,43.937557220458984,0.22389757633209229,9.960281372070312
0,0,0,0,43.99433898925781,0.18276603519916534,9.960395812988281
0,0,0,0,44.035980224609375,0.15263977646827698,9.960418701171875
0,0,0,0,44.076602935791016,0.12327750772237778,9.960380554199219
0,0,0,0,44.12933349609375,0.08519960194826126,9.960250854492188
0,0,0,0,44.16762161254883,0.05758431926369667,9.9600830078125
0,0,0,0,44.20494842529297,0.030672846361994743,9.959907531738281
0,0,0,0,44.25290298461914,-0.003844365244731307,9.959548950195312
0,0,0,0,44.28759765625,-0.028786422684788704,9.959266662597656
0,0,0,0,44.321048736572266,-0.0527440682053566,9.958953857421875
0,0,0,0,44.36381530761719,-0.08329332619905472,9.958541870117188
0,0,0,0,44.39445114135742,-0.10502102226018906,9.95819091796875
0,0,0,0,44.4238395690918,-0.12585006654262543,9.957794189453125
0,0,0,0,44.461124420166016,-0.15208908915519714,9.957023620605469
0,0,0,0,44.4871826171875,-0.1706804782152176,9.95611572265625
0,0,0,0,44.51105880737305,-0.18833915889263153,9.954910278320312
0,0,0,0,44.538761138916016,-0.2105443775653839,9.952728271484375
0,0,0,0,44.55622863769531,-0.22622595727443695,9.950576782226562
0,0,0,0,44.5704231262207,-0.2410033941268921,9.947891235351562
0,0,0,0,44.58418655395508,-0.2594467103481293,9.943504333496094
0,0,0,0,44.59040451049805,-0.2722483277320862,9.939552307128906
0,0,0,0,44.5932502746582,-0.28431612253189087,9.93511962890625
0,0,0,0,44.59152603149414,-0.29905056953430176,9.928504943847656
0,0,0,0,44.586238861083984,-0.3092167377471924,9.923324584960938
0,0,0,0,44.57732009887695,-0.31844228506088257,9.918365478515625
0,0,0,0,44.560733795166016,-0.32957980036735535,9.912010192871094
0,0,0,0,44.544776916503906,-0.33696040511131287,9.907478332519531
0,0,0,0,44.52568817138672,-0.3436605632305145,9.903396606445312
0,0,0,0,44.495513916015625,-0.35146284103393555,9.898605346679688
0,0,0,0,44.46928405761719,-0.35654258728027344,9.895973205566406
0,0,0,0,44.44051742553711,-0.36094364523887634,9.8944091796875
0,0,0,0,44.39979553222656,-0.36590486764907837,9.893829345703125
0,0,0,0,44.368385314941406,-0.36900073289871216,9.894416809082031
0,0,0,0,44.33659362792969,-0.37156519293785095,9.89581298828125
0,0,0,0,44.29447937011719,-0.3742474913597107,9.898971557617188
0,0,0,0,44.263465881347656,-0.37569770216941833,9.902061462402344
0,0,0,0,44.23337173461914,-0.3768046498298645,9.905479431152344
0,0,0,0,44.194786071777344,-0.37767118215560913,9.910476684570312
0,0,0,0,44.16732406616211,-0.3780336081981659,9.914375305175781
0,0,0,0,44.14104461669922,-0.3780323266983032,9.918357849121094
0,0,0,0,44.10813522338867,-0.3777230978012085,9.923477172851562
0,0,0,0,44.08485412597656,-0.3771677315235138,9.927078247070312
0,0,0,0,44.062808990478516,-0.3764829635620117,9.93035888671875
0,0,0,0,44.0348014831543,-0.3752090632915497,9.934173583984375
0,0,0,0,44.01406478881836,-0.3742021918296814,9.93701171875
0,0,0,0,43.99299240112305,-0.37304314970970154,9.940261840820312
0,0,0,0,43.964561462402344,-0.3714444041252136,9.944541931152344
0,0,0,0,43.94315719604492,-0.3701542913913727,9.947425842285156
0,0,0,0,43.92149353027344,-0.3688598871231079,9.9500732421875
0,0,0,0,43.89211654663086,-0.3671460449695587,9.953323364257812
0,0,0,0,43.86964416503906,-0.3658427596092224,9.955436706542969
0,0,0,0,43.846961975097656,-0.36461204290390015,9.957145690917969
0,0,0,0,43.815826416015625,-0.36298760771751404,9.95880126953125
0,0,0,0,43.791683197021484,-0.3619214594364166,9.959571838378906
0,0,0,0,43.76649856567383,-0.3609071671962738,9.959884643554688
0,0,0,0,43.73105239868164,-0.35985812544822693,9.959701538085938
0,0,0,0,43.702552795410156,-0.3592073321342468,9.959121704101562
0,0,0,0,43.67235565185547,-0.3588113784790039,9.958221435546875
0,0,0,0,43.62894058227539,-0.3584091365337372,9.956550598144531
0,0,0,0,43.594032287597656,-0.35831648111343384,9.954986572265625
0,0,0,0,43.556976318359375,-0.35830608010292053,9.95318603515625
0,0,0,0,43.50444793701172,-0.35859939455986023,9.950431823730469
0,0,0,0,43.46274185180664,-0.3589760363101959,9.948196411132812
0,0,0,0,43.419097900390625,-0.3595539331436157,9.945884704589844
0,0,0,0,43.358154296875,-0.36056461930274963,9.942718505859375
0,0,0,0,43.310516357421875,-0.3615069091320038,9.940406799316406
0,0,0,0,43.26140594482422,-0.362608939409256,9.938217163085938
0,0,0,0,43.19376754760742,-0.3642260432243347,9.935562133789062
0,0,0,0,43.14176559448242,-0.3655906915664673,9.933822631835938
0,0,0,0,43.08864212036133,-0.367004930973053,9.932365417480469
0,0,0,0,43.01655578613281,-0.36909863352775574,9.930892944335938
0,0,0,0,42.961551666259766,-0.3707156479358673,9.930091857910156
0,0,0,0,42.90602111816406,-0.3724992871284485,9.9295654296875
0,0,0,0,42.831092834472656,-0.3748599588871002,9.92926025390625
0,0,0,0,42.774452209472656,-0.3767232596874237,9.929313659667969
0,0,0,0,42.717369079589844,-0.3785485327243805,9.9295654296875
0,0,0,0,42.64088439941406,-0.3811056911945343,9.930145263671875
0,0,0,0,42.583255767822266,-0.38300108909606934,9.93072509765625
0,0,0,0,42.52546310424805,-0.38496240973472595,9.931350708007812
0,0,0,0,42.44819641113281,-0.3874698877334595,9.93218994140625
0,0,0,0,42.390079498291016,-0.38936683535575867,9.932807922363281
0,0,0,0,42.33195877075195,-0.3912757635116577,9.933380126953125
0,0,0,0,42.254417419433594,-0.3938521444797516,9.934059143066406
0,0,0,0,42.19634246826172,-0.39581891894340515,9.934516906738281
0,0,0,0,42.138214111328125,-0.3977823555469513,9.934890747070312
0,0,0,0,42.06081771850586,-0.40049999952316284,9.935234069824219
0,0,0,0,42.00273132324219,-0.4025549292564392,9.935371398925781
0,0,0,0,41.94478988647461,-0.4047188460826874,9.935417175292969
0,0,0,0,41.848262786865234,-0.4084017872810364,9.935272216796875
0,0,0,0,41.80972671508789,-0.4099701941013336,9.935142517089844
0,0,0,0,41.751922607421875,-0.4122724235057831,9.934883117675781
0,0,0,0,41.675048828125,-0.4154956340789795,9.93438720703125
0,0,0,0,41.61738586425781,-0.4179173707962036,9.933906555175781
0,0,0,0,41.55982208251953,-0.4204151928424835,9.93341064453125
0,0,0,0,41.48310470581055,-0.4236830472946167,9.932693481445312
0,0,0,0,41.42557907104492,-0.4262138903141022,9.932136535644531
0,0,0,0,41.36805725097656,-0.42871230840682983,9.931594848632812
0,0,0,0,41.29131317138672,-0.4320550560951233,9.930992126464844
0,0,0,0,41.23379135131836,-0.4345780611038208,9.930641174316406
0,0,0,0,41.17619705200195,-0.4371177852153778,9.930343627929688
0,0,0,0,41.09944534301758,-0.4405520558357239,9.930000305175781
0,0,0,0,41.04181671142578,-0.4430913031101227,9.92974853515625
0,0,0,0,40.984291076660156,-0.4456702768802643,9.929542541503906
0,0,0,0,40.90748977661133,-0.44903814792633057,9.92926025390625
0,0,0,0,40.84996032714844,-0.451642245054245,9.92901611328125
0,0,0,0,40.792335510253906,-0.4541948735713959,9.928756713867188
0,0,0,0,40.71562194824219,-0.45773348212242126,9.928428649902344
0,0,0,0,40.658023834228516,-0.4603370726108551,9.928176879882812
0,0,0,0,40.60047149658203,-0.46302279829978943,9.927955627441406
0,0,0,0,40.52365493774414,-0.46653687953948975,9.927680969238281
0,0,0,0,40.46603775024414,-0.46921664476394653,9.927467346191406
0,0,0,0,40.408390045166016,-0.4718402326107025,9.927215576171875
0,0,0,0,40.33152389526367,-0.47539737820625305,9.926780700683594
0,0,0,0,40.273887634277344,-0.4780293405056,9.926376342773438
0,0,0,0,40.216243743896484,-0.48066961765289307,9.925926208496094
0,0,0,0,40.13945007324219,-0.4841839373111725,9.925239562988281
0,0,0,0,40.08181381225586,-0.48678094148635864,9.924659729003906
0,0,0,0,40.02425765991211,-0.4894200563430786,9.924072265625
0,0,0,0,39.9473991394043,-0.49288007616996765,9.923240661621094
0,0,0,0,39.88986587524414,-0.4955250024795532,9.922637939453125
0,0,0,0,39.832279205322266,-0.4980897605419159,9.922004699707031
0,0,0,0,39.755714416503906,-0.5015848278999329,9.921104431152344
0,0,0,0,39.6982536315918,-0.504172682762146,9.920394897460938
0,0,0,0,39.64093017578125,-0.5068514347076416,9.919662475585938
0,0,0,0,39.56444549560547,-0.5102723836898804,9.918594360351562
0,0,0,0,39.507144927978516,-0.5128893256187439,9.917747497558594
0,0,0,0,39.4498291015625,-0.5154147148132324,9.916854858398438
0,0,0,0,39.37350082397461,-0.5188053250312805,9.915534973144531
0,0,0,0,39.31625747680664,-0.5212675929069519,9.914436340332031
0,0,0,0,39.259002685546875,-0.5237429141998291,9.91326904296875
0,0,0,0,39.18269348144531,-0.5269709825515747,9.911605834960938
0,0,0,0,39.125404357910156,-0.529350757598877,9.910232543945312
0,0,0,0,39.06815719604492,-0.5317191481590271,9.908767700195312
0,0,0,0,38.99174499511719,-0.5348788499832153,9.906730651855469
0,0,0,0,38.93449401855469,-0.5372940301895142,9.905189514160156
0,0,0,0,38.87714767456055,-0.539630115032196,9.903656005859375
0,0,0,0,38.80071258544922,-0.5428366661071777,9.901664733886719
0,0,0,0,38.74325942993164,-0.5451937317848206,9.900230407714844
0,0,0,0,38.68590545654297,-0.5476557612419128,9.898849487304688
0,0,0,0,38.609413146972656,-0.5508669018745422,9.897048950195312
0,0,0,0,38.55221176147461,-0.5533478856086731,9.895759582519531
0,0,0,0,38.4951286315918,-0.5557093024253845,9.894523620605469
0,0,0,0,38.4195442199707,-0.5588693618774414,9.8929443359375
0,0,0,0,38.36333465576172,-0.5611316561698914,9.891792297363281
0,0,0,0,38.30768966674805,-0.5634134411811829,9.890678405761719
0,0,0,0,38.23457336425781,-0.566343367099762,9.889152526855469
0,0,0,0,38.180667877197266,-0.5685485005378723,9.887969970703125
0,0,0,0,38.127685546875,-0.5706963539123535,9.886756896972656
0,0,0,0,38.05851745605469,-0.5735301971435547,9.885139465332031
0,0,0,0,38.00797653198242,-0.5756248235702515,9.883880615234375
0,0,0,0,37.95851516723633,-0.5776690244674683,9.882583618164062
0,0,0,0,37.894588470458984,-0.5804168581962585,9.880836486816406
0,0,0,0,37.84808349609375,-0.5823867917060852,9.879501342773438
0,0,0,0,37.80302810668945,-0.5844054222106934,9.87811279296875
0,0,0,0,37.74503707885742,-0.586986243724823,9.876197814941406
0,0,0,0,37.70325469970703,-0.5889818072319031,9.874671936035156
0,0,0,0,37.66279220581055,-0.5908873677253723,9.873130798339844
0,0,0,0,37.61109924316406,-0.5934780836105347,9.871047973632812
0,0,0,0,37.5738639831543,-0.5953598618507385,9.869483947753906
0,0,0,0,37.53803253173828,-0.597334086894989,9.867774963378906
0,0,0,0,37.49210739135742,-0.5997886061668396,9.865104675292969
0,0,0,0,37.45883560180664,-0.6013224720954895,9.863121032714844
0,0,0,0,37.426448822021484,-0.6024460196495056,9.861442565917969
0,0,0,0,37.38481140136719,-0.6037018299102783,9.859481811523438
0,0,0,0,37.354835510253906,-0.604485809803009,9.858139038085938
0,0,0,0,37.325862884521484,-0.6050770878791809,9.85687255859375
0,0,0,0,37.28899002075195,-0.6055423021316528,9.855278015136719
0,0,0,0,37.26250076293945,-0.6056033372879028,9.854118347167969
0,0,0,0,37.237117767333984,-0.6054854989051819,9.852935791015625
0,0,0,0,37.20469284057617,-0.6048480272293091,9.851318359375
0,0,0,0,37.181480407714844,-0.6040740013122559,9.850044250488281
0,0,0,0,37.15900421142578,-0.6028757691383362,9.848724365234375
0,0,0,0,37.13032913208008,-0.6008321046829224,9.846908569335938
0,0,0,0,37.109561920166016,-0.5988078713417053,9.845458984375
0,0,0,0,37.08952331542969,-0.5965191125869751,9.84393310546875
0,0,0,0,37.06364822387695,-0.5928201079368591,9.841766357421875
0,0,0,0,37.04486846923828,-0.5896526575088501,9.840049743652344
0,0,0,0,37.02649688720703,-0.5860443115234375,9.838203430175781
0,0,0,0,37.00261688232422,-0.5807141065597534,9.835540771484375
0,0,0,0,36.98515319824219,-0.5762847065925598,9.833450317382812
0,0,0,0,36.96796417236328,-0.5715265274047852,9.831275939941406
0,0,0,0,36.9454345703125,-0.564672589302063,9.828269958496094
0,0,0,0,36.928680419921875,-0.5591394901275635,9.825843811035156
0,0,0,0,36.906612396240234,-0.551293134689331,9.82232666015625
0,0,0,0,36.89002227783203,-0.5449010133743286,9.819473266601562
0,0,0,0,36.873451232910156,-0.5381551384925842,9.816398620605469
0,0,0,0,36.85666275024414,-0.5309125185012817,9.813041687011719
0,0,0,0,36.83393859863281,-0.5205356478691101,9.808090209960938
0,0,0,0,36.816314697265625,-0.5120306611061096,9.80401611328125
0,0,0,0,36.79827117919922,-0.5029919147491455,9.799636840820312
0,0,0,0,36.773223876953125,-0.4899255633354187,9.793312072753906
0,0,0,0,36.75375747680664,-0.47944769263267517,9.788215637207031
0,0,0,0,36.733558654785156,-0.46823373436927795,9.782844543457031
0,0,0,0,36.70549774169922,-0.4522911310195923,9.775344848632812
0,0,0,0,36.68357467651367,-0.43951714038848877,9.769554138183594
0,0,0,0,36.66085433959961,-0.42615464329719543,9.763656616210938
0,0,0,0,36.62931442260742,-0.4073759913444519,9.755599975585938
0,0,0,0,36.604591369628906,-0.39261341094970703,9.749404907226562
0,0,0,0,36.57904052734375,-0.3773123621940613,9.743118286132812
0,0,0,0,36.54351806640625,-0.35602232813835144,9.734580993652344
0,0,0,0,36.51592254638672,-0.33943653106689453,9.72808837890625
0,0,0,0,36.48733901977539,-0.3222864866256714,9.721450805664062
0,0,0,0,36.44794464111328,-0.29869285225868225,9.712417602539062
0,0,0,0,36.41728210449219,-0.28038397431373596,9.705474853515625
0,0,0,0,36.38587188720703,-0.26166069507598877,9.698448181152344
0,0,0,0,36.34259796142578,-0.23587998747825623,9.688835144042969
0,0,0,0,36.309200286865234,-0.21609728038311005,9.681472778320312
0,0,0,0,36.2748908996582,-0.19580033421516418,9.673957824707031
0,0,0,0,36.22792434692383,-0.16819041967391968,9.66375732421875
0,0,0,0,36.19169235229492,-0.14696046710014343,9.655990600585938
0,0,0,0,36.15462875366211,-0.12541285157203674,9.648155212402344
0,0,0,0,36.10386276245117,-0.09605787694454193,9.637626647949219
0,0,0,0,36.06483840942383,-0.07368447631597519,9.629684448242188
0,0,0,0,36.02506637573242,-0.05096324905753136,9.621757507324219
0,0,0,0,35.970829010009766,-0.02026541158556938,9.611213684082031
0,0,0,0,35.92934036254883,0.003035604953765869,9.603378295898438
0,0,0,0,35.88703155517578,0.026624713093042374,9.595611572265625
0,0,0,0,35.82963943481445,0.058445870876312256,9.585365295410156
0,0,0,0,35.78573989868164,0.08262018114328384,9.577743530273438
0,0,0,0,35.74128341674805,0.10693459212779999,9.570167541503906
0,0,0,0,35.68091583251953,0.1397385448217392,9.560081481933594
0,0,0,0,35.63503646850586,0.1645018756389618,9.552566528320312
0,0,0,0,35.58852767944336,0.1895708590745926,9.545112609863281
0,0,0,0,35.52581787109375,0.22313040494918823,9.535293579101562
0,0,0,0,35.478187561035156,0.24852950870990753,9.528030395507812
0,0,0,0,35.43016052246094,0.2739974558353424,9.520858764648438
0,0,0,0,35.36540603637695,0.30824699997901917,9.511383056640625
0,0,0,0,35.31642150878906,0.333999365568161,9.504356384277344
0,0,0,0,35.267093658447266,0.3598807454109192,9.497398376464844
0,0,0,0,35.20083236694336,0.3944147825241089,9.488227844238281
0,0,0,0,35.15085220336914,0.420356810092926,9.481460571289062
0,0,0,0,35.100555419921875,0.44629740715026855,9.474784851074219
0,0,0,0,35.03316116333008,0.48085299134254456,9.466018676757812
0,0,0,0,34.98224639892578,0.5067575573921204,9.459564208984375
0,0,0,0,34.93122482299805,0.5325769782066345,9.453262329101562
0,0,0,0,34.862831115722656,0.5669258832931519,9.445053100585938
0,0,0,0,34.811397552490234,0.5924990177154541,9.439002990722656
0,0,0,0,34.75967788696289,0.6180448532104492,9.433082580566406
0,0,0,0,34.69054412841797,0.6518018841743469,9.425453186035156
0,0,0,0,34.63841247558594,0.6769959926605225,9.419898986816406
0,0,0,0,34.58620071411133,0.7019204497337341,9.414497375488281
0,0,0,0,34.51624298095703,0.7348737120628357,9.407524108886719
0,0,0,0,34.4636116027832,0.7592124938964844,9.402534484863281
0,0,0,0,34.410804748535156,0.7832871675491333,9.397735595703125
0,0,0,0,34.34017562866211,0.8147770166397095,9.391654968261719
0,0,0,0,34.28702926635742,0.8379746079444885,9.387344360351562
0,0,0,0,34.233665466308594,0.8607290387153625,9.383232116699219
0,0,0,0,34.1622428894043,0.8903607726097107,9.378120422363281
0,0,0,0,34.10841369628906,0.9119995832443237,9.374549865722656
0,0,0,0,34.05448532104492,0.9330793023109436,9.3712158203125
0,0,0,0,33.98219680786133,0.9603045582771301,9.367118835449219
0,0,0,0,33.92782211303711,0.9799448847770691,9.364295959472656
0,0,0,0,33.873104095458984,0.9989778399467468,9.361671447753906
0,0,0,0,33.7999382019043,1.023186445236206,9.358505249023438
0,0,0,0,33.74473571777344,1.0405516624450684,9.35638427734375
0,0,0,0,33.68938064575195,1.0570439100265503,9.354499816894531
0,0,0,0,33.61509704589844,1.0778093338012695,9.352409362792969
0,0,0,0,33.55912399291992,1.0923151969909668,9.35113525390625
0,0,0,0,33.50291061401367,1.1060245037078857,9.350120544433594
0,0,0,0,33.42768859863281,1.1228448152542114,9.349166870117188
0,0,0,0,33.37104415893555,1.1344560384750366,9.348747253417969
0,0,0,0,33.31422424316406,1.1451025009155273,9.348526000976562
0,0,0,0,33.2382698059082,1.157869815826416,9.3485107421875
0,0,0,0,33.18114471435547,1.1663472652435303,9.348739624023438
0,0,0,0,33.123992919921875,1.173917531967163,9.349212646484375
0,0,0,0,33.047576904296875,1.1825836896896362,9.35015869140625
0,0,0,0,32.99028015136719,1.187943696975708,9.351043701171875
0,0,0,0,32.9328498840332,1.192449688911438,9.352096557617188
0,0,0,0,32.85628128051758,1.1969925165176392,9.353729248046875
0,0,0,0,32.79875564575195,1.1993811130523682,9.355094909667969
0,0,0,0,32.74128341674805,1.2007670402526855,9.356582641601562
0,0,0,0,32.664512634277344,1.2013486623764038,9.358749389648438
0,0,0,0,32.60702896118164,1.2007503509521484,9.360496520996094
0,0,0,0,32.54945373535156,1.1994473934173584,9.362380981445312
0,0,0,0,32.472774505615234,1.1963673830032349,9.365081787109375
0,0,0,0,32.41527557373047,1.1932178735733032,9.367233276367188
0,0,0,0,32.35782241821289,1.1892917156219482,9.369461059570312
0,0,0,0,32.28121566772461,1.1829966306686401,9.372611999511719
0,0,0,0,32.223793029785156,1.1774810552597046,9.375068664550781
0,0,0,0,32.16645431518555,1.171383261680603,9.377593994140625
0,0,0,0,32.07099914550781,1.1599301099777222,9.381927490234375
0,0,0,0,32.032920837402344,1.1548761129379272,9.383674621582031
0,0,0,0,31.975778579711914,1.1468756198883057,9.386322021484375
0,0,0,0,31.89980125427246,1.1353638172149658,9.389892578125
0,0,0,0,31.84278106689453,1.1262543201446533,9.392585754394531
0,0,0,0,31.78592300415039,1.116670846939087,9.395301818847656
0,0,0,0,31.7100772857666,1.1033493280410767,9.399002075195312
0,0,0,0,31.653310775756836,1.0928603410720825,9.401824951171875
0,0,0,0,31.59647560119629,1.0820927619934082,9.404747009277344
0,0,0,0,31.52089500427246,1.0671600103378296,9.408767700195312
0,0,0,0,31.464195251464844,1.055667757987976,9.411819458007812
0,0,0,0,31.407556533813477,1.043824315071106,9.414878845214844
0,0,0,0,31.331995010375977,1.0277050733566284,9.418922424316406
0,0,0,0,31.275346755981445,1.0152997970581055,9.42193603515625
0,0,0,0,31.218725204467773,1.0026915073394775,9.424942016601562
0,0,0,0,31.143152236938477,0.9855449795722961,9.428932189941406
0,0,0,0,31.08651351928711,0.9725013375282288,9.431922912597656
0,0,0,0,31.029861450195312,0.9593155384063721,9.434852600097656
0,0,0,0,30.954423904418945,0.9415825605392456,9.438697814941406
0,0,0,0,30.89777183532715,0.9281986355781555,9.441535949707031
0,0,0,0,30.841245651245117,0.9147061109542847,9.444343566894531
0,0,0,0,30.765762329101562,0.8966710567474365,9.448043823242188
0,0,0,0,30.709243774414062,0.8830073475837708,9.450843811035156
0,0,0,0,30.652631759643555,0.869364321231842,9.453666687011719
0,0,0,0,30.577255249023438,0.8510477542877197,9.45751953125
0,0,0,0,30.520675659179688,0.8373655080795288,9.460403442382812
0,0,0,0,30.46416664123535,0.8236027359962463,9.463272094726562
0,0,0,0,30.388763427734375,0.805355429649353,9.467041015625
0,0,0,0,30.33226776123047,0.7916330099105835,9.469802856445312
0,0,0,0,30.275758743286133,0.777999758720398,9.472541809082031
0,0,0,0,30.200439453125,0.7598381042480469,9.4761962890625
0,0,0,0,30.143993377685547,0.746316134929657,9.478889465332031
0,0,0,0,30.087522506713867,0.7328365445137024,9.481582641601562
0,0,0,0,30.01228141784668,0.7149996757507324,9.485153198242188
0,0,0,0,29.95582389831543,0.7017125487327576,9.487831115722656
0,0,0,0,29.899438858032227,0.6884986162185669,9.490547180175781
0,0,0,0,29.824169158935547,0.6710634231567383,9.494277954101562
0,0,0,0,29.767812728881836,0.6580387353897095,9.497154235839844
0,0,0,0,29.711334228515625,0.6451669931411743,9.50006103515625
0,0,0,0,29.63614845275879,0.6281028389930725,9.503997802734375
0,0,0,0,29.57967758178711,0.6154989004135132,9.506950378417969
0,0,0,0,29.5233154296875,0.602918267250061,9.509933471679688
0,0,0,0,29.448097229003906,0.5863723158836365,9.513961791992188
0,0,0,0,29.391752243041992,0.5739786028862,9.517021179199219
0,0,0,0,29.335384368896484,0.561739444732666,9.520095825195312
0,0,0,0,29.260326385498047,0.5454423427581787,9.524185180664062
0,0,0,0,29.20404052734375,0.5333132147789001,9.527214050292969
0,0,0,0,29.147756576538086,0.5212135910987854,9.530204772949219
0,0,0,0,29.07272720336914,0.505220890045166,9.534133911132812
0,0,0,0,29.016450881958008,0.49327218532562256,9.53704833984375
0,0,0,0,28.96024513244629,0.48137378692626953,9.53997802734375
0,0,0,0,28.88527488708496,0.4655890464782715,9.543777465820312
0,0,0,0,28.82911491394043,0.4538041055202484,9.54656982421875
0,0,0,0,28.772846221923828,0.44213956594467163,9.549346923828125
0,0,0,0,28.69793701171875,0.426567018032074,9.553024291992188
0,0,0,0,28.641666412353516,0.4149816632270813,9.555763244628906
0,0,0,0,28.58548355102539,0.4033339023590088,9.558464050292969
0,0,0,0,28.51044273376465,0.3879298269748688,9.562065124511719
0,0,0,0,28.45419692993164,0.376322478055954,9.564834594726562
0,0,0,0,28.397876739501953,0.36479607224464417,9.567634582519531
0,0,0,0,28.32288932800293,0.3493681252002716,9.5714111328125
0,0,0,0,28.266613006591797,0.33788201212882996,9.574234008789062
0,0,0,0,28.210336685180664,0.32636532187461853,9.577049255371094
0,0,0,0,28.13521957397461,0.3110960125923157,9.580802917480469
0,0,0,0,28.078821182250977,0.2996232211589813,9.583595275878906
0,0,0,0,28.022432327270508,0.2882281541824341,9.586402893066406
0,0,0,0,27.947166442871094,0.27308189868927,9.590164184570312
0,0,0,0,27.890695571899414,0.2617679238319397,9.592979431152344
0,0,0,0,27.8341064453125,0.2505350708961487,9.595779418945312
0,0,0,0,27.758647918701172,0.2356346696615219,9.599517822265625
0,0,0,0,27.70192527770996,0.22457163035869598,9.602264404296875
0,0,0,0,27.6452693939209,0.2135137915611267,9.604965209960938
0,0,0,0,27.569486618041992,0.19891944527626038,9.6085205078125
0,0,0,0,27.51263427734375,0.18795739114284515,9.611175537109375
0,0,0,0,27.455617904663086,0.1771301031112671,9.613822937011719
0,0,0,0,27.37959861755371,0.16267918050289154,9.617355346679688
0,0,0,0,27.322444915771484,0.1520056277513504,9.620002746582031
0,0,0,0,27.265304565429688,0.1413329839706421,9.622650146484375
0,0,0,0,27.188995361328125,0.1272955983877182,9.626144409179688
0,0,0,0,27.131759643554688,0.11682561039924622,9.628753662109375
0,0,0,0,27.074485778808594,0.10645447671413422,9.631362915039062
0,0,0,0,26.998050689697266,0.09267618507146835,9.634864807128906
0,0,0,0,26.940732955932617,0.08244697004556656,9.637481689453125
0,0,0,0,26.883317947387695,0.07231088727712631,9.640106201171875
0,0,0,0,26.806798934936523,0.058938197791576385,9.643600463867188
0,0,0,0,26.74934196472168,0.04904292896389961,9.646194458007812
0,0,0,0,26.691991806030273,0.03920498117804527,9.648773193359375
0,0,0,0,26.61540412902832,0.02630796656012535,9.652236938476562
0,0,0,0,26.558069229125977,0.016705965623259544,9.654899597167969
0,0,0,0,26.500646591186523,0.007284126710146666,9.6575927734375
0,0,0,0,26.424169540405273,-0.005215117707848549,9.661262512207031
0,0,0,0,26.366724014282227,-0.01442008651793003,9.664031982421875
0,0,0,0,26.309337615966797,-0.02359776943922043,9.666839599609375
0,0,0,0,26.232728958129883,-0.035590220242738724,9.670631408691406
0,0,0,0,26.175323486328125,-0.044511280953884125,9.673492431640625
0,0,0,0,26.117855072021484,-0.053245291113853455,9.676368713378906
0,0,0,0,26.041189193725586,-0.06470401585102081,9.680198669433594
0,0,0,0,25.983657836914062,-0.07311197370290756,9.68310546875
0,0,0,0,25.92607307434082,-0.08143837749958038,9.686050415039062
0,0,0,0,25.849294662475586,-0.0923498347401619,9.689979553222656
0,0,0,0,25.79159927368164,-0.10040194541215897,9.692962646484375
0,0,0,0,25.733922958374023,-0.10832779854536057,9.695930480957031
0,0,0,0,25.65683364868164,-0.11867973208427429,9.699920654296875
0,0,0,0,25.599035263061523,-0.12634889781475067,9.70294189453125
0,0,0,0,25.541093826293945,-0.13383342325687408,9.705947875976562
0,0,0,0,25.46383285522461,-0.14366525411605835,9.709930419921875
0,0,0,0,25.405763626098633,-0.15080812573432922,9.712905883789062
0,0,0,0,25.34775733947754,-0.15791723132133484,9.715873718261719
0,0,0,0,25.270278930664062,-0.16710835695266724,9.719833374023438
0,0,0,0,25.212160110473633,-0.17390076816082,9.722808837890625
0,0,0,0,25.15396499633789,-0.18049238622188568,9.725791931152344
0,0,0,0,25.07643699645996,-0.18922032415866852,9.729759216308594
0,0,0,0,25.0183162689209,-0.19563746452331543,9.732711791992188
0,0,0,0,24.960216522216797,-0.20204119384288788,9.735649108886719
0,0,0,0,24.88277816772461,-0.2104312926530838,9.739570617675781
0,0,0,0,24.824684143066406,-0.2166944146156311,9.74249267578125
0,0,0,0,24.766645431518555,-0.22287696599960327,9.745376586914062
0,0,0,0,24.689178466796875,-0.23101429641246796,9.749198913574219
0,0,0,0,24.63119125366211,-0.23709167540073395,9.751983642578125
0,0,0,0,24.573139190673828,-0.2430945634841919,9.754684448242188
0,0,0,0,24.495798110961914,-0.2511192858219147,9.758148193359375
0,0,0,0,24.437694549560547,-0.2570238411426544,9.760635375976562
0,0,0,0,24.37971305847168,-0.2629721462726593,9.763023376464844
0,0,0,0,24.3023738861084,-0.27081963419914246,9.766067504882812
0,0,0,0,24.244483947753906,-0.27676379680633545,9.768264770507812
0,0,0,0,24.186538696289062,-0.28261569142341614,9.770378112792969
0,0,0,0,24.1093692779541,-0.2904835045337677,9.773094177246094
0,0,0,0,24.051464080810547,-0.2962959110736847,9.775039672851562
0,0,0,0,23.993642807006836,-0.302160382270813,9.77691650390625
0,0,0,0,23.916610717773438,-0.3099055290222168,9.779335021972656
0,0,0,0,23.85883140563965,-0.31578394770622253,9.781074523925781
0,0,0,0,23.801069259643555,-0.32167166471481323,9.782798767089844
0,0,0,0,23.724044799804688,-0.32959669828414917,9.785163879394531
0,0,0,0,23.66634750366211,-0.33560478687286377,9.786964416503906
0,0,0,0,23.608572006225586,-0.3416316509246826,9.788742065429688
0,0,0,0,23.531633377075195,-0.3497488796710968,9.791084289550781
0,0,0,0,23.473854064941406,-0.3558056354522705,9.792800903320312
0,0,0,0,23.416166305541992,-0.3619190752506256,9.794479370117188
0,0,0,0,23.339113235473633,-0.37007495760917664,9.796638488769531
0,0,0,0,23.281387329101562,-0.37633055448532104,9.798202514648438
0,0,0,0,23.223548889160156,-0.38252875208854675,9.79974365234375
0,0,0,0,23.146533966064453,-0.3909051716327667,9.80181884765625
0,0,0,0,23.088680267333984,-0.397187203168869,9.803382873535156
0,0,0,0,23.030864715576172,-0.4036358892917633,9.804954528808594
0,0,0,0,22.95368194580078,-0.4122451841831207,9.806991577148438
0,0,0,0,22.895784378051758,-0.41877129673957825,9.808509826660156
0,0,0,0,22.83786392211914,-0.4252822995185852,9.810005187988281
0,0,0,0,22.7606201171875,-0.4340987205505371,9.811996459960938
0,0,0,0,22.702714920043945,-0.44071900844573975,9.8134765625
0,0,0,0,22.644750595092773,-0.44737157225608826,9.814956665039062
0,0,0,0,22.56751823425293,-0.45622700452804565,9.816993713378906
0,0,0,0,22.509521484375,-0.4628198444843292,9.818565368652344
0,0,0,0,22.45160675048828,-0.469419002532959,9.820175170898438
0,0,0,0,22.37429428100586,-0.4781338572502136,9.822334289550781
0,0,0,0,22.31639862060547,-0.48466408252716064,9.823982238769531
0,0,0,0,22.258405685424805,-0.49110835790634155,9.825645446777344
0,0,0,0,22.18123435974121,-0.49969595670700073,9.827888488769531
0,0,0,0,22.12329864501953,-0.5059966444969177,9.829551696777344
0,0,0,0,22.065427780151367,-0.5123201608657837,9.831146240234375
0,0,0,0,21.988178253173828,-0.5205672383308411,9.833152770996094
0,0,0,0,21.93027687072754,-0.5267409682273865,9.834556579589844
0,0,0,0,21.87238121032715,-0.5328001976013184,9.835838317871094
0,0,0,0,21.795297622680664,-0.5408514738082886,9.83734130859375
0,0,0,0,21.737537384033203,-0.546816885471344,9.838340759277344
0,0,0,0,21.679779052734375,-0.5527698993682861,9.839279174804688
0,0,0,0,21.60280990600586,-0.5606154799461365,9.840362548828125
0,0,0,0,21.545021057128906,-0.5664393901824951,9.841026306152344
0,0,0,0,21.46807289123535,-0.574219822883606,9.841705322265625
0,0,0,0,21.410289764404297,-0.5799923539161682,9.842079162597656
0,0,0,0,21.352628707885742,-0.5858401656150818,9.842330932617188
0,0,0,0,21.27565574645996,-0.593556821346283,9.842506408691406
0,0,0,0,21.218017578125,-0.5993967056274414,9.842514038085938
0,0,0,0,21.16029167175293,-0.605139970779419,9.842430114746094
0,0,0,0,21.1026554107666,-0.6109470725059509,9.842315673828125
0,0,0,0,21.025707244873047,-0.6185606718063354,9.842063903808594
0,0,0,0,20.968082427978516,-0.624325156211853,9.841827392578125
0,0,0,0,20.910429000854492,-0.6300056576728821,9.841575622558594
0,0,0,0,20.83364486694336,-0.6376308798789978,9.8411865234375
0,0,0,0,20.776073455810547,-0.643287718296051,9.84088134765625
0,0,0,0,20.71855354309082,-0.6489806771278381,9.840591430664062
0,0,0,0,20.64191246032715,-0.6565211415290833,9.840179443359375
0,0,0,0,20.584453582763672,-0.6621823310852051,9.839889526367188
0,0,0,0,20.527088165283203,-0.6678425073623657,9.839614868164062
0,0,0,0,20.450658798217773,-0.6754376888275146,9.839317321777344
0,0,0,0,20.393579483032227,-0.6811800599098206,9.839179992675781
0,0,0,0,20.33660125732422,-0.686897873878479,9.839118957519531
0,0,0,0,20.261247634887695,-0.6945042610168457,9.839088439941406
0,0,0,0,20.205211639404297,-0.7000775337219238,9.839103698730469
0,0,0,0,20.149850845336914,-0.7056400775909424,9.839126586914062
0,0,0,0,20.076974868774414,-0.7128955125808716,9.83905029296875
0,0,0,0,20.023300170898438,-0.7183175086975098,9.838943481445312
0,0,0,0,19.970420837402344,-0.7235791087150574,9.838790893554688
0,0,0,0,19.901512145996094,-0.7305694818496704,9.838516235351562
0,0,0,0,19.851024627685547,-0.7356588840484619,9.8382568359375
0,0,0,0,19.801715850830078,-0.7407248020172119,9.837936401367188
0,0,0,0,19.737838745117188,-0.7472384572029114,9.837417602539062
0,0,0,0,19.691429138183594,-0.7520126700401306,9.83697509765625
0,0,0,0,19.64637565612793,-0.7566111087799072,9.83648681640625
0,0,0,0,19.58841323852539,-0.7625397443771362,9.835739135742188
0,0,0,0,19.54664421081543,-0.7668238878250122,9.835121154785156
0,0,0,0,19.506256103515625,-0.7709559798240662,9.834457397460938
0,0,0,0,19.454761505126953,-0.7762355208396912,9.833534240722656
0,0,0,0,19.417789459228516,-0.7799327373504639,9.832839965820312
0,0,0,0,19.38241195678711,-0.7835023999214172,9.832160949707031
0,0,0,0,19.337453842163086,-0.7879119515419006,9.831298828125
0,0,0,0,19.305570602416992,-0.7910804748535156,9.830696105957031
0,0,0,0,19.275123596191406,-0.7939783930778503,9.830162048339844
0,0,0,0,19.236976623535156,-0.7977295517921448,9.829521179199219
0,0,0,0,19.210033416748047,-0.8002948760986328,9.829116821289062
0,0,0,0,19.184566497802734,-0.802788496017456,9.828750610351562
0,0,0,0,19.152711868286133,-0.805784285068512,9.828361511230469
0,0,0,0,19.130434036254883,-0.8079088926315308,9.828117370605469
0,0,0,0,19.102806091308594,-0.8105289340019226,9.827896118164062
0,0,0,0,19.083539962768555,-0.8123281002044678,9.827850341796875
0,0,0,0,19.06556510925293,-0.8140126466751099,9.827911376953125
0,0,0,0,19.04873275756836,-0.8155829310417175,9.828071594238281
0,0,0,0,19.028114318847656,-0.8174567222595215,9.828453063964844
0,0,0,0,19.013866424560547,-0.8186683058738708,9.828872680664062
0,0,0,0,19.0007381439209,-0.8197901844978333,9.829368591308594
0,0,0,0,18.984621047973633,-0.8210806846618652,9.83013916015625
0,0,0,0,18.973682403564453,-0.8219832181930542,9.830757141113281
0,0,0,0,18.963485717773438,-0.8227195739746094,9.831390380859375
0,0,0,0,18.951274871826172,-0.823634147644043,9.832252502441406
0,0,0,0,18.94297981262207,-0.8241592049598694,9.832916259765625
0,0,0,0,18.935508728027344,-0.8247206807136536,9.833587646484375
0,0,0,0,18.92654800415039,-0.8252928853034973,9.834518432617188
0,0,0,0,18.92064094543457,-0.8257123231887817,9.83526611328125
0,0,0,0,18.91532325744629,-0.826023519039154,9.8360595703125
0,0,0,0,18.909156799316406,-0.8264002203941345,9.837158203125
0,0,0,0,18.905176162719727,-0.8265956044197083,9.838043212890625
0,0,0,0,18.90167808532715,-0.8267652988433838,9.838973999023438
0,0,0,0,18.897768020629883,-0.8268974423408508,9.840232849121094
0,0,0,0,18.895273208618164,-0.8268951177597046,9.8411865234375
0,0,0,0,18.89328956604004,-0.8268116116523743,9.842140197753906
0,0,0,0,18.89116859436035,-0.8265005946159363,9.843475341796875
0,0,0,0,18.890111923217773,-0.8261520862579346,9.844779968261719
0,0,0,0,18.889509201049805,-0.8254615068435669,9.846336364746094
0,0,0,0,18.889984130859375,-0.8239287734031677,9.8486328125
0,0,0,0,18.891218185424805,-0.8221914768218994,9.850494384765625
0,0,0,0,18.89341926574707,-0.8200413584709167,9.852409362792969
0,0,0,0,18.897695541381836,-0.8162685036659241,9.85504150390625
0,0,0,0,18.902067184448242,-0.8128457069396973,9.857040405273438
0,0,0,0,18.907312393188477,-0.8087828159332275,9.859016418457031
0,0,0,0,18.91575813293457,-0.8026543855667114,9.861564636230469
0,0,0,0,18.923049926757812,-0.7974557280540466,9.863395690917969
0,0,0,0,18.93113136291504,-0.7918453216552734,9.865219116210938
0,0,0,0,18.942941665649414,-0.7836226224899292,9.867637634277344
0,0,0,0,18.952499389648438,-0.7770016193389893,9.869468688964844
0,0,0,0,18.962642669677734,-0.7700088024139404,9.871299743652344
0,0,0,0,18.976903915405273,-0.7601672410964966,9.873771667480469
0,0,0,0,18.988142013549805,-0.7524533271789551,9.875648498535156
0,0,0,0,18.99967384338379,-0.7444453835487366,9.8775634765625
0,0,0,0,19.01556968688965,-0.7334311604499817,9.88018798828125
0,0,0,0,19.02764320373535,-0.7248729467391968,9.882148742675781
0,0,0,0,19.0400333404541,-0.7161765098571777,9.884071350097656
0,0,0,0,19.056720733642578,-0.7041966915130615,9.8865966796875
0,0,0,0,19.069480895996094,-0.6951141357421875,9.888473510742188
0,0,0,0,19.08223533630371,-0.6858344078063965,9.890327453613281
0,0,0,0,19.099437713623047,-0.6733731031417847,9.892822265625
0,0,0,0,19.112417221069336,-0.6638283729553223,9.894760131835938
0,0,0,0,19.12558364868164,-0.6542081832885742,9.896812438964844
0,0,0,0,19.143386840820312,-0.6410422921180725,9.899650573730469
0,0,0,0,19.156963348388672,-0.6309943795204163,9.901870727539062
0,0,0,0,19.1707706451416,-0.6207167506217957,9.904167175292969
0,0,0,0,19.189634323120117,-0.6066466569900513,9.907180786132812
0,0,0,0,19.20412826538086,-0.5958816409111023,9.909469604492188
0,0,0,0,19.218753814697266,-0.5849494338035583,9.91192626953125
0,0,0,0,19.238811492919922,-0.569941520690918,9.915390014648438
0,0,0,0,19.254331588745117,-0.5581781268119812,9.918144226074219
0,0,0,0,19.27047348022461,-0.5460244417190552,9.921012878417969
0,0,0,0,19.292844772338867,-0.5289491415023804,9.925018310546875
0,0,0,0,19.310585021972656,-0.5155065059661865,9.9281005859375
0,0,0,0,19.329038619995117,-0.5013265609741211,9.931251525878906
0,0,0,0,19.355072021484375,-0.48144739866256714,9.935562133789062
0,0,0,0,19.375568389892578,-0.4656337797641754,9.938858032226562
0,0,0,0,19.39702796936035,-0.4491189420223236,9.942192077636719
0,0,0,0,19.427013397216797,-0.4257446229457855,9.946731567382812
0,0,0,0,19.45063018798828,-0.40732356905937195,9.9501953125
0,0,0,0,19.475168228149414,-0.3880453407764435,9.953750610351562
0,0,0,0,19.50937271118164,-0.36114585399627686,9.958595275878906
0,0,0,0,19.53619956970215,-0.3400128185749054,9.962326049804688
0,0,0,0,19.56393051147461,-0.318081259727478,9.9661865234375
0,0,0,0,19.6024169921875,-0.2876497209072113,9.971458435058594
0,0,0,0,19.63227653503418,-0.26392754912376404,9.97552490234375
0,0,0,0,19.663131713867188,-0.23952707648277283,9.979637145996094
0,0,0,0,19.705463409423828,-0.20589976012706757,9.985282897949219
0,0,0,0,19.73825454711914,-0.17990361154079437,9.989608764648438
0,0,0,0,19.77179718017578,-0.1531158685684204,9.994003295898438
0,0,0,0,19.81785774230957,-0.11638309806585312,9.999992370605469
0,0,0,0,19.853208541870117,-0.08794425427913666,10.004531860351562
0,0,0,0,19.889368057250977,-0.05888962000608444,10.009117126464844
0,0,0,0,19.938627243041992,-0.018956927582621574,10.015174865722656
0,0,0,0,19.97641372680664,0.011741570197045803,10.019615173339844
0,0,0,0,20.01480484008789,0.04316776618361473,10.023948669433594
0,0,0,0,20.066913604736328,0.08593955636024475,10.029594421386719
0,0,0,0,20.106599807739258,0.11876792460680008,10.033653259277344
0,0,0,0,20.146753311157227,0.15212813019752502,10.037551879882812
0,0,0,0,20.200925827026367,0.1974845677614212,10.042510986328125
0,0,0,0,20.24187660217285,0.23213030397891998,10.046043395996094
0,0,0,0,20.28316879272461,0.2672742009162903,10.049415588378906
0,0,0,0,20.338502883911133,0.314907044172287,10.053688049316406
0,0,0,0,20.380292892456055,0.3511101007461548,10.05670166015625
0,0,0,0,20.422056198120117,0.3877747654914856,10.059547424316406
0,0,0,0,20.47795867919922,0.4371747672557831,10.063056945800781
0,0,0,0,20.519792556762695,0.47472599148750305,10.06549072265625
0,0,0,0,20.561702728271484,0.512497067451477,10.067756652832031
0,0,0,0,20.617403030395508,0.5633577704429626,10.070526123046875
0,0,0,0,20.659137725830078,0.6017688512802124,10.072441101074219
0,0,0,0,20.700702667236328,0.6405295729637146,10.074203491210938
0,0,0,0,20.756019592285156,0.692508339881897,10.076324462890625
0,0,0,0,20.797380447387695,0.731797456741333,10.077781677246094
0,0,0,0,20.838645935058594,0.7712258696556091,10.079147338867188
0,0,0,0,20.893465042114258,0.8242325186729431,10.080764770507812
0,0,0,0,20.934423446655273,0.8642309904098511,10.08184814453125
0,0,0,0,20.97529411315918,0.9044803380966187,10.082832336425781
0,0,0,0,21.029537200927734,0.9584732055664062,10.083984375
0,0,0,0,21.070112228393555,0.9991671442985535,10.084724426269531
0,0,0,0,21.110450744628906,1.0400882959365845,10.085273742675781
0,0,0,0,21.164138793945312,1.0949299335479736,10.083694458007812
0,0,0,0,21.20379638671875,1.1357513666152954,10.0814208984375
0,0,0,0,21.242637634277344,1.1754990816116333,10.078414916992188
0,0,0,0,21.292896270751953,1.227378249168396,10.07373046875
0,0,0,0,21.32978630065918,1.2657737731933594,10.070205688476562
0,0,0,0,21.365930557250977,1.3038902282714844,10.066825866699219
0,0,0,0,21.413393020629883,1.3541653156280518,10.062576293945312
0,0,0,0,21.44850730895996,1.391853928565979,10.059715270996094
0,0,0,0,21.483470916748047,1.4295705556869507,10.057205200195312
0,0,0,0,21.529945373535156,1.480209231376648,10.054489135742188
0,0,0,0,21.564847946166992,1.5184465646743774,10.052879333496094
0,0,0,0,21.599882125854492,1.5570794343948364,10.051605224609375
0,0,0,0,21.64686393737793,1.6091991662979126,10.050422668457031
0,0,0,0,21.682369232177734,1.6488693952560425,10.049995422363281
0,0,0,0,21.7180118560791,1.6890774965286255,10.050033569335938
0,0,0,0,21.765850067138672,1.7434900999069214,10.050735473632812
0,0,0,0,21.801822662353516,1.785021185874939,10.051673889160156
0,0,0,0,21.83804702758789,1.827043890953064,10.052963256835938
0,0,0,0,21.886409759521484,1.883950114250183,10.055084228515625
0,0,0,0,21.922897338867188,1.9271397590637207,10.056922912597656
0,0,0,0,21.959362030029297,1.9708396196365356,10.058845520019531
0,0,0,0,22.00820541381836,2.0295865535736084,10.061561584472656
0,0,0,0,22.044801712036133,2.07399845123291,10.063652038574219
0,0,0,0,22.081459045410156,2.118548631668091,10.065673828125
0,0,0,0,22.13020896911621,2.1783339977264404,10.0682373046875
0,0,0,0,22.166738510131836,2.223276376724243,10.070060729980469
0,0,0,0,22.21538543701172,2.2833902835845947,10.072265625
0,0,0,0,22.251752853393555,2.3285341262817383,10.073707580566406
0,0,0,0,22.288103103637695,2.373736619949341,10.074958801269531
0,0,0,0,22.33639144897461,2.4341225624084473,10.076309204101562
0,0,0,0,22.372577667236328,2.47944974899292,10.077041625976562
0,0,0,0,22.408586502075195,2.524871587753296,10.077552795410156
0,0,0,0,22.456565856933594,2.585498094558716,10.077964782714844
0,0,0,0,22.492351531982422,2.631101608276367,10.078056335449219
0,0,0,0,22.528148651123047,2.676708698272705,10.0780029296875
0,0,0,0,22.575668334960938,2.737673282623291,10.077766418457031
0,0,0,0,22.61133575439453,2.783339738845825,10.077476501464844
0,0,0,0,22.64688491821289,2.82908296585083,10.07708740234375
0,0,0,0,22.694303512573242,2.8899085521698,10.07647705078125
0,0,0,0,22.72980499267578,2.935559034347534,10.075950622558594
0,0,0,0,22.765348434448242,2.981071710586548,10.075401306152344
0,0,0,0,22.81268310546875,3.041677951812744,10.074638366699219
0,0,0,0,22.848148345947266,3.0870511531829834,10.073997497558594
0,0,0,0,22.88359260559082,3.132322072982788,10.073287963867188
0,0,0,0,22.930776596069336,3.192423105239868,10.072303771972656
0,0,0,0,22.9661922454834,3.2374155521392822,10.071517944335938
0,0,0,0,23.00153160095215,3.282348394393921,10.070686340332031
0,0,0,0,23.048728942871094,3.342118740081787,10.069572448730469
0,0,0,0,23.08407211303711,3.3869521617889404,10.068733215332031
0,0,0,0,23.11956214904785,3.431694269180298,10.067878723144531
0,0,0,0,23.166852951049805,3.491334915161133,10.066726684570312
0,0,0,0,23.20248031616211,3.535930871963501,10.065818786621094
0,0,0,0,23.238069534301758,3.580587148666382,10.064865112304688
0,0,0,0,23.285785675048828,3.6399974822998047,10.063568115234375
0,0,0,0,23.32162857055664,3.684560775756836,10.06256103515625
0,0,0,0,23.35762596130371,3.728985071182251,10.061538696289062
0,0,0,0,23.40567970275879,3.788174629211426,10.060142517089844
0,0,0,0,23.44180679321289,3.8324272632598877,10.059112548828125
0,0,0,0,23.477981567382812,3.8766725063323975,10.058113098144531
0,0,0,0,23.526357650756836,3.9355404376983643,10.056892395019531
0,0,0,0,23.562726974487305,3.9796886444091797,10.056015014648438
0,0,0,0,23.59905433654785,4.023822784423828,10.05517578125
0,0,0,0,23.647560119628906,4.0827202796936035,10.054130554199219
0,0,0,0,23.68389320373535,4.126928329467773,10.053413391113281
0,0,0,0,23.720335006713867,4.171122074127197,10.052757263183594
0,0,0,0,23.768810272216797,4.230173110961914,10.052024841308594
0,0,0,0,23.80524444580078,4.274453639984131,10.051589965820312
0,0,0,0,23.841596603393555,4.318856716156006,10.051223754882812
0,0,0,0,23.890201568603516,4.378026485443115,10.050865173339844
0,0,0,0,23.92659568786621,4.422545433044434,10.050674438476562
0,0,0,0,23.963085174560547,4.467038154602051,10.050537109375
0,0,0,0,24.011674880981445,4.526553630828857,10.050437927246094
0,0,0,0,24.04817008972168,4.5712080001831055,10.050407409667969
0,0,0,0,24.084579467773438,4.61600399017334,10.050437927246094
0,0,0,0,24.133060455322266,4.675631523132324,10.050636291503906
0,0,0,0,24.169353485107422,4.720430374145508,10.050865173339844
0,0,0,0,24.20553970336914,4.765279769897461,10.051155090332031
0,0,0,0,24.253679275512695,4.825226783752441,10.0516357421875
0,0,0,0,24.289621353149414,4.870279788970947,10.05206298828125
0,0,0,0,24.3255558013916,4.9153733253479,10.052536010742188
0,0,0,0,24.37329864501953,4.97564697265625,10.053298950195312
0,0,0,0,24.40911102294922,5.020914554595947,10.053932189941406
0,0,0,0,24.44477653503418,5.066349029541016,10.054580688476562
0,0,0,0,24.492307662963867,5.126997947692871,10.055412292480469
0,0,0,0,24.5277156829834,5.172621726989746,10.055953979492188
0,0,0,0,24.563032150268555,5.218132972717285,10.056388854980469
0,0,0,0,24.60968780517578,5.278801918029785,10.056846618652344
0,0,0,0,24.644515991210938,5.324182987213135,10.057090759277344
0,0,0,0,24.6790714263916,5.369558334350586,10.057212829589844
0,0,0,0,24.724931716918945,5.429832935333252,10.057212829589844
0,0,0,0,24.759132385253906,5.475066184997559,10.057121276855469
0,0,0,0,24.793203353881836,5.520247936248779,10.056953430175781
0,0,0,0,24.8384952545166,5.580630779266357,10.056632995605469
0,0,0,0,24.872377395629883,5.626003742218018,10.05633544921875
0,0,0,0,24.906221389770508,5.671457290649414,10.056007385253906
0,0,0,0,24.95113182067871,5.732113838195801,10.055557250976562
0,0,0,0,24.984783172607422,5.7776618003845215,10.055183410644531
0,0,0,0,25.018301010131836,5.823298931121826,10.054756164550781
0,0,0,0,25.063018798828125,5.8841705322265625,10.054100036621094
0,0,0,0,25.096439361572266,5.929996490478516,10.053573608398438
0,0,0,0,25.129980087280273,5.975881099700928,10.052993774414062
0,0,0,0,25.174619674682617,6.037229537963867,10.052207946777344
0,0,0,0,25.20814323425293,6.08312463760376,10.051628112792969
0,0,0,0,25.241561889648438,6.129105567932129,10.051071166992188
0,0,0,0,25.286211013793945,6.190469264984131,10.050369262695312
0,0,0,0,25.319705963134766,6.236657619476318,10.04986572265625
0,0,0,0,25.35323715209961,6.282673358917236,10.049354553222656
0,0,0,0,25.397621154785156,6.34355354309082,10.048744201660156
0,0,0,0,25.43054962158203,6.388673305511475,10.048408508300781
0,0,0,0,25.463172912597656,6.433433532714844,10.048110961914062
0,0,0,0,25.50627899169922,6.492566108703613,10.047752380371094
0,0,0,0,25.53841209411621,6.536565780639648,10.047508239746094
0,0,0,0,25.570327758789062,6.580337047576904,10.047248840332031
0,0,0,0,25.612815856933594,6.638416290283203,10.046775817871094
0,0,0,0,25.644527435302734,6.681856632232666,10.046348571777344
0,0,0,0,25.676362991333008,6.725188732147217,10.045822143554688
0,0,0,0,25.718812942504883,6.782989501953125,10.04498291015625
0,0,0,0,25.750844955444336,6.826282978057861,10.044258117675781
0,0,0,0,25.78287124633789,6.869671821594238,10.043441772460938
0,0,0,0,25.825864791870117,6.927491188049316,10.042221069335938
0,0,0,0,25.858257293701172,6.971089839935303,10.041213989257812
0,0,0,0,25.89092254638672,7.014739990234375,10.040122985839844
0,0,0,0,25.93474578857422,7.073193073272705,10.038558959960938
0,0,0,0,25.96790313720703,7.117098808288574,10.037391662597656
0,0,0,0,26.00128173828125,7.161135673522949,10.036231994628906
0,0,0,0,26.046092987060547,7.219932556152344,10.034706115722656
0,0,0,0,26.079957962036133,7.264123916625977,10.033584594726562
0,0,0,0,26.114017486572266,7.308362007141113,10.032485961914062
0,0,0,0,26.159818649291992,7.367522239685059,10.031036376953125
0,0,0,0,26.194305419921875,7.411968231201172,10.029953002929688
0,0,0,0,26.229063034057617,7.456421375274658,10.028907775878906
0,0,0,0,26.27558708190918,7.515817642211914,10.027572631835938
0,0,0,0,26.31076431274414,7.560342311859131,10.026626586914062
0,0,0,0,26.346023559570312,7.604959011077881,10.025718688964844
0,0,0,0,26.393476486206055,7.664397716522217,10.024650573730469
0,0,0,0,26.429231643676758,7.709078788757324,10.023918151855469
0,0,0,0,26.465253829956055,7.753654479980469,10.023223876953125
0,0,0,0,26.51343536376953,7.813082695007324,10.022377014160156
0,0,0,0,26.54975128173828,7.857495307922363,10.021820068359375
0,0,0,0,26.586166381835938,7.901895523071289,10.021316528320312
0,0,0,0,26.63497543334961,7.960853576660156,10.020683288574219
0,0,0,0,26.67170524597168,8.004968643188477,10.020240783691406
0,0,0,0,26.708507537841797,8.048908233642578,10.019851684570312
0,0,0,0,26.757707595825195,8.107406616210938,10.019462585449219
0,0,0,0,26.794713973999023,8.151229858398438,10.019233703613281
0,0,0,0,26.831897735595703,8.194918632507324,10.019050598144531
0,0,0,0,26.881521224975586,8.25292682647705,10.018905639648438
0,0,0,0,26.918943405151367,8.296236991882324,10.018814086914062
0,0,0,0,26.95637321472168,8.339436531066895,10.018722534179688
0,0,0,0,27.006505966186523,8.396601676940918,10.018585205078125
0,0,0,0,27.044103622436523,8.439187049865723,10.018470764160156
0,0,0,0,27.081846237182617,8.481417655944824,10.018310546875
0,0,0,0,27.132160186767578,8.537415504455566,10.018081665039062
0,0,0,0,27.17008399963379,8.579071998596191,10.017852783203125
0,0,0,0,27.20808982849121,8.620566368103027,10.017578125
0,0,0,0,27.259008407592773,8.675361633300781,10.017082214355469
0,0,0,0,27.297317504882812,8.716196060180664,10.016654968261719
0,0,0,0,27.335845947265625,8.756759643554688,10.016166687011719
0,0,0,0,27.387496948242188,8.81052017211914,10.015396118164062
0,0,0,0,27.426326751708984,8.850454330444336,10.014778137207031
0,0,0,0,27.465200424194336,8.89003849029541,10.014167785644531
0,0,0,0,27.516958236694336,8.942234992980957,10.013343811035156
0,0,0,0,27.555864334106445,8.980968475341797,10.012794494628906
0,0,0,0,27.59477424621582,9.019441604614258,10.012275695800781
0,0,0,0,27.6469669342041,9.070318222045898,10.011543273925781
0,0,0,0,27.686172485351562,9.10824203491211,10.010955810546875
0,0,0,0,27.725608825683594,9.145822525024414,10.010330200195312
0,0,0,0,27.778274536132812,9.195555686950684,10.00946044921875
0,0,0,0,27.81796646118164,9.23238468170166,10.008819580078125
0,0,0,0,27.857662200927734,9.268959999084473,10.008216857910156
0,0,0,0,27.910858154296875,9.317158699035645,10.007408142089844
0,0,0,0,27.95088005065918,9.352992057800293,10.006866455078125
0,0,0,0,27.99116325378418,9.388482093811035,10.006362915039062
0,0,0,0,28.045217514038086,9.435503959655762,10.005714416503906
0,0,0,0,28.086000442504883,9.470418930053711,10.005302429199219
0,0,0,0,28.12703514099121,9.505106925964355,10.004936218261719
0,0,0,0,28.18219566345215,9.551050186157227,10.004486083984375
0,0,0,0,28.22402000427246,9.585372924804688,10.004135131835938
0,0,0,0,28.266088485717773,9.61955738067627,10.003753662109375
0,0,0,0,28.322677612304688,9.664833068847656,10.003257751464844
0,0,0,0,28.365324020385742,9.698628425598145,10.002883911132812
0,0,0,0,28.40827178955078,9.732193946838379,10.002548217773438
0,0,0,0,28.46565055847168,9.776644706726074,10.002174377441406
0,0,0,0,28.50887680053711,9.809629440307617,10.001953125
0,0,0,0,28.552135467529297,9.842537879943848,10.001724243164062
0,0,0,0,28.61013412475586,9.8860445022583,10.001396179199219
0,0,0,0,28.65352439880371,9.918355941772461,10.001251220703125
0,0,0,0,28.69685173034668,9.95022201538086,10.001258850097656
0,0,0,0,28.754390716552734,9.992431640625,10.001426696777344
0,0,0,0,28.797489166259766,10.02376651763916,10.001602172851562
0,0,0,0,28.840505599975586,10.05496597290039,10.001815795898438
0,0,0,0,28.897705078125,10.096200942993164,10.002182006835938
0,0,0,0,28.9405517578125,10.126927375793457,10.002525329589844
0,0,0,0,28.983415603637695,10.157559394836426,10.002891540527344
0,0,0,0,29.040746688842773,10.1983060836792,10.003318786621094
0,0,0,0,29.08367919921875,10.228738784790039,10.003623962402344
0,0,0,0,29.1265869140625,10.25893783569336,10.003936767578125
0,0,0,0,29.183547973632812,10.298942565917969,10.004379272460938
0,0,0,0,29.226259231567383,10.328683853149414,10.004714965820312
0,0,0,0,29.2687931060791,10.358288764953613,10.005035400390625
0,0,0,0,29.325483322143555,10.397377014160156,10.005393981933594
0,0,0,0,29.36786651611328,10.426620483398438,10.005523681640625
0,0,0,0,29.41033172607422,10.455718040466309,10.005577087402344
0,0,0,0,29.466896057128906,10.494512557983398,10.005584716796875
0,0,0,0,29.50942039489746,10.52353286743164,10.005516052246094
0,0,0,0,29.551898956298828,10.552553176879883,10.005386352539062
0,0,0,0,29.608592987060547,10.59108829498291,10.005096435546875
0,0,0,0,29.651165008544922,10.620017051696777,10.004745483398438
0,0,0,0,29.69367218017578,10.648804664611816,10.004257202148438
0,0,0,0,29.75005531311035,10.686888694763184,10.003524780273438
0,0,0,0,29.79212188720703,10.715272903442383,10.002899169921875
0,0,0,0,29.834178924560547,10.743596076965332,10.002182006835938
0,0,0,0,29.890087127685547,10.781269073486328,10.001144409179688
0,0,0,0,29.93206024169922,10.809405326843262,10.000267028808594
0,0,0,0,29.973979949951172,10.837564468383789,9.999313354492188
0,0,0,0,30.029958724975586,10.87492847442627,9.997917175292969
0,0,0,0,30.07176971435547,10.902876853942871,9.996864318847656
0,0,0,0,30.1136531829834,10.93066692352295,9.995819091796875
0,0,0,0,30.169397354125977,10.967758178710938,9.994300842285156
0,0,0,0,30.21128273010254,10.995433807373047,9.993141174316406
0,0,0,0,30.25310516357422,11.02314281463623,9.991973876953125
0,0,0,0,30.309059143066406,11.059983253479004,9.990348815917969
0,0,0,0,30.35112190246582,11.08771800994873,9.989097595214844
0,0,0,0,30.393272399902344,11.115371704101562,9.987869262695312
0,0,0,0,30.44964027404785,11.152324676513672,9.986259460449219
0,0,0,0,30.492095947265625,11.180102348327637,9.985076904296875
0,0,0,0,30.534679412841797,11.207862854003906,9.983894348144531
0,0,0,0,30.591386795043945,11.244704246520996,9.982452392578125
0,0,0,0,30.633922576904297,11.272217750549316,9.981475830078125
0,0,0,0,30.676433563232422,11.29977035522461,9.98052978515625
0,0,0,0,30.73326301574707,11.336481094360352,9.979248046875
0,0,0,0,30.77578353881836,11.363945007324219,9.978370666503906
0,0,0,0,30.818410873413086,11.391287803649902,9.977554321289062
0,0,0,0,30.875267028808594,11.427902221679688,9.97650146484375
0,0,0,0,30.918155670166016,11.455377578735352,9.9757080078125
0,0,0,0,30.961156845092773,11.483043670654297,9.974853515625
0,0,0,0,31.018964767456055,11.520074844360352,9.973640441894531
0,0,0,0,31.062602996826172,11.548179626464844,9.972671508789062
0,0,0,0,31.10662269592285,11.57645034790039,9.971672058105469
0,0,0,0,31.165855407714844,11.614599227905273,9.970291137695312
0,0,0,0,31.210735321044922,11.643486022949219,9.969245910644531
0,0,0,0,31.256017684936523,11.672706604003906,9.968208312988281
0,0,0,0,31.316953659057617,11.71204662322998,9.966812133789062
0,0,0,0,31.363143920898438,11.741836547851562,9.965789794921875
0,0,0,0,31.40958595275879,11.771883964538574,9.964767456054688
0,0,0,0,31.471982955932617,11.812271118164062,9.963478088378906
0,0,0,0,31.518980026245117,11.842828750610352,9.962593078613281
0,0,0,0,31.5662784576416,11.873528480529785,9.961753845214844
0,0,0,0,31.629505157470703,11.914801597595215,9.960731506347656
0,0,0,0,31.67717742919922,11.945881843566895,9.96002197265625
0,0,0,0,31.724899291992188,11.977164268493652,9.959335327148438
0,0,0,0,31.788854598999023,12.018957138061523,9.958442687988281
0,0,0,0,31.836898803710938,12.050518035888672,9.957778930664062
0,0,0,0,31.885093688964844,12.08209228515625,9.957183837890625
0,0,0,0,31.94933319091797,12.124415397644043,9.956459045410156
0,0,0,0,31.997589111328125,12.156205177307129,9.955970764160156
0,0,0,0,32.045833587646484,12.188161849975586,9.955490112304688
0,0,0,0,32.11018753051758,12.230822563171387,9.954887390136719
0,0,0,0,32.15846252441406,12.262933731079102,9.954452514648438
0,0,0,0,32.206703186035156,12.295085906982422,9.9539794921875
0,0,0,0,32.271095275878906,12.338034629821777,9.953285217285156
0,0,0,0,32.3193359375,12.370312690734863,9.952735900878906
0,0,0,0,32.367645263671875,12.402602195739746,9.952095031738281
0,0,0,0,32.431941986083984,12.445734977722168,9.951141357421875
0,0,0,0,32.48027038574219,12.47806167602539,9.950332641601562
0,0,0,0,32.52847671508789,12.510505676269531,9.949462890625
0,0,0,0,32.592811584472656,12.553754806518555,9.948204040527344
0,0,0,0,32.6409912109375,12.58629322052002,9.947212219238281
0,0,0,0,32.68922805786133,12.61874771118164,9.946205139160156
0,0,0,0,32.753379821777344,12.66209888458252,9.944816589355469
0,0,0,0,32.801509857177734,12.694567680358887,9.943679809570312
0,0,0,0,32.849552154541016,12.727090835571289,9.942474365234375
0,0,0,0,32.91361618041992,12.770329475402832,9.940818786621094
0,0,0,0,32.96161651611328,12.802762985229492,9.939552307128906
0,0,0,0,33.00959014892578,12.835103988647461,9.938278198242188
0,0,0,0,33.0734748840332,12.878209114074707,9.936553955078125
0,0,0,0,33.121307373046875,12.910486221313477,9.935234069824219
0,0,0,0,33.169166564941406,12.942728996276855,9.933921813964844
0,0,0,0,33.23286819458008,12.985712051391602,9.932144165039062
0,0,0,0,33.280696868896484,13.017932891845703,9.930778503417969
0,0,0,0,33.32840347290039,13.050187110900879,9.929351806640625
0,0,0,0,33.391971588134766,13.093012809753418,9.927444458007812
0,0,0,0,33.43936538696289,13.125027656555176,9.926002502441406
0,0,0,0,33.486576080322266,13.15676498413086,9.924560546875
0,0,0,0,33.54876708984375,13.198708534240723,9.922683715820312
0,0,0,0,33.5948600769043,13.229642868041992,9.92132568359375
0,0,0,0,33.640289306640625,13.260212898254395,9.919998168945312
0,0,0,0,33.699867248535156,13.300113677978516,9.918296813964844
0,0,0,0,33.743648529052734,13.329473495483398,9.917045593261719
0,0,0,0,33.7866096496582,13.358211517333984,9.915840148925781
0,0,0,0,33.84246826171875,13.395636558532715,9.914276123046875
0,0,0,0,33.8831901550293,13.422897338867188,9.913101196289062
0,0,0,0,33.92292022705078,13.449456214904785,9.911872863769531
0,0,0,0,33.974159240722656,13.483747482299805,9.910186767578125
0,0,0,0,34.0113410949707,13.508585929870605,9.908897399902344
0,0,0,0,34.04726028442383,13.532685279846191,9.907554626464844
0,0,0,0,34.093345642089844,13.563531875610352,9.905685424804688
0,0,0,0,34.12643051147461,13.585794448852539,9.904190063476562
0,0,0,0,34.15838623046875,13.607186317443848,9.90264892578125
0,0,0,0,34.198936462402344,13.634444236755371,9.900566101074219
0,0,0,0,34.227943420410156,13.653820037841797,9.899040222167969
