0,0,0,0,14.632147789001465,21.054889678955078,9.877784729003906
0,0,0,0,14.632262229919434,21.05507469177246,9.878082275390625
0,0,0,0,14.632257461547852,21.055418014526367,9.87860107421875
0,0,0,0,14.632270812988281,21.055635452270508,9.879058837890625
0,0,0,0,14.632179260253906,21.055940628051758,9.879608154296875
0,0,0,0,14.632054328918457,21.056303024291992,9.880363464355469
0,0,0,0,14.63192081451416,21.056636810302734,9.88092041015625
0,0,0,0,14.631813049316406,21.056928634643555,9.8814697265625
0,0,0,0,14.6317138671875,21.057395935058594,9.882164001464844
0,0,0,0,14.631599426269531,21.05772590637207,9.882644653320312
0,0,0,0,14.631519317626953,21.058053970336914,9.883079528808594
0,0,0,0,14.63139820098877,21.0584716796875,9.883628845214844
0,0,0,0,14.63137149810791,21.058725357055664,9.884010314941406
0,0,0,0,14.631251335144043,21.05901336669922,9.884376525878906
0,0,0,0,14.631219863891602,21.059322357177734,9.88482666015625
0,0,0,0,14.63113784790039,21.059572219848633,9.885147094726562
0,0,0,0,14.63117504119873,21.059722900390625,9.885520935058594
0,0,0,0,14.631131172180176,21.059953689575195,9.886016845703125
0,0,0,0,14.631169319152832,21.06000518798828,9.886367797851562
0,0,0,0,14.631120681762695,21.06009292602539,9.88665771484375
0,0,0,0,14.631109237670898,21.060060501098633,9.886985778808594
0,0,0,0,14.631070137023926,21.060068130493164,9.887130737304688
0,0,0,0,14.631067276000977,21.059999465942383,9.887237548828125
0,0,0,0,14.63104248046875,21.05995750427246,9.887336730957031
0,0,0,0,14.630988121032715,21.059871673583984,9.88739013671875
0,0,0,0,14.630948066711426,21.059772491455078,9.887435913085938
0,0,0,0,14.630850791931152,21.05960464477539,9.887489318847656
0,0,0,0,14.630809783935547,21.059404373168945,9.887496948242188
0,0,0,0,14.630714416503906,21.059326171875,9.887474060058594
0,0,0,0,14.630691528320312,21.05913734436035,9.887428283691406
0,0,0,0,14.630603790283203,21.058988571166992,9.887359619140625
0,0,0,0,14.630622863769531,21.05872344970703,9.887260437011719
0,0,0,0,14.63058853149414,21.05841064453125,9.88714599609375
0,0,0,0,14.630668640136719,21.058134078979492,9.887069702148438
0,0,0,0,14.630640029907227,21.057937622070312,9.88702392578125
0,0,0,0,14.63071346282959,21.057601928710938,9.886978149414062
0,0,0,0,14.630744934082031,21.057390213012695,9.886955261230469
0,0,0,0,14.63082504272461,21.057119369506836,9.886932373046875
0,0,0,0,14.630843162536621,21.056873321533203,9.886878967285156
0,0,0,0,14.630816459655762,21.056671142578125,9.886802673339844
0,0,0,0,14.630762100219727,21.056533813476562,9.886703491210938
0,0,0,0,14.630690574645996,21.05630111694336,9.886566162109375
0,0,0,0,14.6306791305542,21.056116104125977,9.886405944824219
0,0,0,0,14.630619049072266,21.055917739868164,9.886199951171875
0,0,0,0,14.630578994750977,21.055662155151367,9.885826110839844
0,0,0,0,14.630461692810059,21.055530548095703,9.885467529296875
0,0,0,0,14.630461692810059,21.055391311645508,9.885055541992188
0,0,0,0,14.630358695983887,21.055246353149414,9.884437561035156
0,0,0,0,14.63034439086914,21.055078506469727,9.883979797363281
0,0,0,0,14.630248069763184,21.054969787597656,9.883499145507812
0,0,0,0,14.63027572631836,21.05475616455078,9.882904052734375
0,0,0,0,14.630239486694336,21.0546875,9.882514953613281
0,0,0,0,14.630267143249512,21.0545597076416,9.882102966308594
0,0,0,0,14.630192756652832,21.05447006225586,9.881500244140625
0,0,0,0,14.630166053771973,21.05434799194336,9.880973815917969
0,0,0,0,14.630083084106445,21.054283142089844,9.88043212890625
0,0,0,0,14.629976272583008,21.054174423217773,9.879730224609375
0,0,0,0,14.62984848022461,21.05417823791504,9.879203796386719
0,0,0,0,14.629654884338379,21.054224014282227,9.878707885742188
0,0,0,0,14.62939739227295,21.05437660217285,9.878150939941406
0,0,0,0,14.62913990020752,21.054590225219727,9.877792358398438
0,0,0,0,14.62896728515625,21.054851531982422,9.877494812011719
0,0,0,0,14.628671646118164,21.055294036865234,9.877143859863281
0,0,0,0,14.62853717803955,21.055622100830078,9.87689208984375
0,0,0,0,14.628302574157715,21.056081771850586,9.876640319824219
0,0,0,0,14.628166198730469,21.056713104248047,9.876312255859375
0,0,0,0,14.628047943115234,21.057260513305664,9.876068115234375
0,0,0,0,14.628060340881348,21.057722091674805,9.8758544921875
0,0,0,0,14.627963066101074,21.05845832824707,9.8756103515625
0,0,0,0,14.62792682647705,21.0589542388916,9.87548828125
0,0,0,0,14.627824783325195,21.059539794921875,9.875396728515625
0,0,0,0,14.627766609191895,21.060300827026367,9.875335693359375
0,0,0,0,14.627691268920898,21.060945510864258,9.875350952148438
0,0,0,0,14.627596855163574,21.06157684326172,9.875434875488281
0,0,0,0,14.627458572387695,21.062467575073242,9.875617980957031
0,0,0,0,14.627310752868652,21.063106536865234,9.875778198242188
0,0,0,0,14.627209663391113,21.063711166381836,9.875930786132812
0,0,0,0,14.627006530761719,21.06452751159668,9.876182556152344
0,0,0,0,14.62690258026123,21.06511688232422,9.876396179199219
0,0,0,0,14.626704216003418,21.06572914123535,9.876625061035156
0,0,0,0,14.626519203186035,21.066463470458984,9.876998901367188
0,0,0,0,14.626306533813477,21.06706428527832,9.877349853515625
0,0,0,0,14.62619400024414,21.067594528198242,9.877731323242188
0,0,0,0,14.625913619995117,21.068347930908203,9.878288269042969
0,0,0,0,14.625778198242188,21.068805694580078,9.878715515136719
0,0,0,0,14.62557315826416,21.069316864013672,9.879158020019531
0,0,0,0,14.62535285949707,21.069860458374023,9.879707336425781
0,0,0,0,14.62515640258789,21.07029914855957,9.880119323730469
0,0,0,0,14.624979019165039,21.070661544799805,9.880531311035156
0,0,0,0,14.624724388122559,21.07115364074707,9.881057739257812
0,0,0,0,14.624520301818848,21.07148551940918,9.881439208984375
0,0,0,0,14.624321937561035,21.071792602539062,9.881813049316406
0,0,0,0,14.624015808105469,21.072118759155273,9.882339477539062
0,0,0,0,14.623835563659668,21.072317123413086,9.882774353027344
0,0,0,0,14.623565673828125,21.072479248046875,9.883224487304688
0,0,0,0,14.623303413391113,21.072635650634766,9.88385009765625
0,0,0,0,14.623044967651367,21.072765350341797,9.884323120117188
0,0,0,0,14.622899055480957,21.072818756103516,9.884765625
0,0,0,0,14.622574806213379,21.072898864746094,9.885330200195312
0,0,0,0,14.62243938446045,21.0728702545166,9.8857421875
0,0,0,0,14.622221946716309,21.072908401489258,9.886138916015625
0,0,0,0,14.62206745147705,21.072805404663086,9.8865966796875
0,0,0,0,14.621905326843262,21.072751998901367,9.886886596679688
0,0,0,0,14.621831893920898,21.072620391845703,9.887130737304688
0,0,0,0,14.621688842773438,21.072511672973633,9.887428283691406
0,0,0,0,14.621604919433594,21.072399139404297,9.887626647949219
0,0,0,0,14.621541976928711,21.07233428955078,9.887786865234375
0,0,0,0,14.621459007263184,21.072216033935547,9.887908935546875
0,0,0,0,14.621421813964844,21.072179794311523,9.887916564941406
0,0,0,0,14.621356010437012,21.072179794311523,9.887870788574219
0,0,0,0,14.621313095092773,21.072189331054688,9.887710571289062
0,0,0,0,14.621200561523438,21.072221755981445,9.887489318847656
0,0,0,0,14.621155738830566,21.07220458984375,9.88720703125
0,0,0,0,14.620963096618652,21.072216033935547,9.886749267578125
0,0,0,0,14.620893478393555,21.072181701660156,9.886360168457031
0,0,0,0,14.620747566223145,21.072237014770508,9.885940551757812
0,0,0,0,14.620696067810059,21.072269439697266,9.885360717773438
0,0,0,0,14.62060832977295,21.072383880615234,9.884933471679688
0,0,0,0,14.620625495910645,21.072425842285156,9.884506225585938
0,0,0,0,14.620593070983887,21.072566986083984,9.883949279785156
0,0,0,0,14.620614051818848,21.0726318359375,9.883560180664062
0,0,0,0,14.620600700378418,21.072784423828125,9.883216857910156
0,0,0,0,14.62060832977295,21.072973251342773,9.882820129394531
0,0,0,0,14.620634078979492,21.07317352294922,9.882553100585938
0,0,0,0,14.620641708374023,21.0733585357666,9.882308959960938
0,0,0,0,14.620708465576172,21.07362174987793,9.882087707519531
0,0,0,0,14.620758056640625,21.0738468170166,9.881988525390625
0,0,0,0,14.620966911315918,21.074085235595703,9.8819580078125
0,0,0,0,14.621249198913574,21.074447631835938,9.882095336914062
0,0,0,0,14.621649742126465,21.074695587158203,9.882469177246094
0,0,0,0,14.622320175170898,21.075164794921875,9.882957458496094
0,0,0,0,14.62486743927002,21.076509475708008,9.883636474609375
0,0,0,0,14.627066612243652,21.077573776245117,9.884017944335938
0,0,0,0,14.629740715026855,21.078704833984375,9.884391784667969
0,0,0,0,14.632854461669922,21.080059051513672,9.884696960449219
0,0,0,0,14.636513710021973,21.081520080566406,9.884933471679688
0,0,0,0,14.640625953674316,21.083192825317383,9.885086059570312
0,0,0,0,14.646866798400879,21.085556030273438,9.885154724121094
0,0,0,0,14.652046203613281,21.087562561035156,9.885162353515625
0,0,0,0,14.657681465148926,21.089675903320312,9.8851318359375
0,0,0,0,14.665925979614258,21.092849731445312,9.885093688964844
0,0,0,0,14.672709465026855,21.09548568725586,9.885047912597656
0,0,0,0,14.68010139465332,21.09836196899414,9.885017395019531
0,0,0,0,14.690892219543457,21.10255241394043,9.885108947753906
0,0,0,0,14.699880599975586,21.105985641479492,9.88519287109375
0,0,0,0,14.709500312805176,21.109722137451172,9.885299682617188
0,0,0,0,14.7235689163208,21.115081787109375,9.885406494140625
0,0,0,0,14.734870910644531,21.119478225708008,9.885490417480469
0,0,0,0,14.746953964233398,21.124073028564453,9.885581970214844
0,0,0,0,14.763965606689453,21.130695343017578,9.885688781738281
0,0,0,0,14.777531623840332,21.13591194152832,9.885749816894531
0,0,0,0,14.791632652282715,21.14142417907715,9.885833740234375
0,0,0,0,14.811387062072754,21.149072647094727,9.885940551757812
0,0,0,0,14.826815605163574,21.155153274536133,9.886024475097656
0,0,0,0,14.842827796936035,21.161422729492188,9.886085510253906
0,0,0,0,14.865015983581543,21.170236587524414,9.886138916015625
0,0,0,0,14.88229751586914,21.177162170410156,9.886146545410156
0,0,0,0,14.900182723999023,21.184419631958008,9.886138916015625
0,0,0,0,14.925000190734863,21.194555282592773,9.886123657226562
0,0,0,0,14.944466590881348,21.202571868896484,9.886054992675781
0,0,0,0,14.964594841003418,21.21101951599121,9.885948181152344
0,0,0,0,14.992746353149414,21.222915649414062,9.88568115234375
0,0,0,0,15.014808654785156,21.23237419128418,9.885383605957031
0,0,0,0,15.037863731384277,21.242229461669922,9.885002136230469
0,0,0,0,15.069892883300781,21.256160736083984,9.884422302246094
0,0,0,0,15.095100402832031,21.267126083374023,9.883934020996094
0,0,0,0,15.121169090270996,21.278648376464844,9.883392333984375
0,0,0,0,15.157548904418945,21.29467010498047,9.88262939453125
0,0,0,0,15.185942649841309,21.307329177856445,9.882095336914062
0,0,0,0,15.215388298034668,21.320383071899414,9.881553649902344
0,0,0,0,15.25610065460205,21.33858871459961,9.880821228027344
0,0,0,0,15.287765502929688,21.352750778198242,9.880294799804688
0,0,0,0,15.320379257202148,21.367443084716797,9.87982177734375
0,0,0,0,15.365330696105957,21.387771606445312,9.879249572753906
0,0,0,0,15.4002046585083,21.403602600097656,9.878868103027344
0,0,0,0,15.435996055603027,21.41989517211914,9.878585815429688
0,0,0,0,15.485213279724121,21.442350387573242,9.878326416015625
0,0,0,0,15.52308464050293,21.459745407104492,9.878196716308594
0,0,0,0,15.561881065368652,21.477523803710938,9.878105163574219
0,0,0,0,15.614839553833008,21.501901626586914,9.878067016601562
0,0,0,0,15.65560245513916,21.52059555053711,9.878120422363281
0,0,0,0,15.69711685180664,21.53974723815918,9.878265380859375
0,0,0,0,15.753807067871094,21.56572151184082,9.878639221191406
0,0,0,0,15.797120094299316,21.58563804626465,9.878997802734375
0,0,0,0,15.841239929199219,21.60580825805664,9.879409790039062
0,0,0,0,15.901056289672852,21.633289337158203,9.880088806152344
0,0,0,0,15.946660995483398,21.65418815612793,9.880661010742188
0,0,0,0,15.992770195007324,21.675416946411133,9.881263732910156
0,0,0,0,16.055099487304688,21.704071044921875,9.882164001464844
0,0,0,0,16.102418899536133,21.725881576538086,9.882850646972656
0,0,0,0,16.150188446044922,21.74790382385254,9.883506774902344
0,0,0,0,16.21458625793457,21.777650833129883,9.884346008300781
0,0,0,0,16.263286590576172,21.800180435180664,9.884956359863281
0,0,0,0,16.312419891357422,21.822845458984375,9.885581970214844
0,0,0,0,16.378353118896484,21.853302001953125,9.886436462402344
0,0,0,0,16.4282283782959,21.87624168395996,9.887100219726562
0,0,0,0,16.47827911376953,21.899328231811523,9.887771606445312
0,0,0,0,16.54551124572754,21.930164337158203,9.888671875
0,0,0,0,16.596126556396484,21.95344352722168,9.889335632324219
0,0,0,0,16.64706039428711,21.976726531982422,9.889968872070312
0,0,0,0,16.715181350708008,22.007911682128906,9.890769958496094
0,0,0,0,16.766538619995117,22.03127670288086,9.891304016113281
0,0,0,0,16.81797218322754,22.054729461669922,9.891822814941406
0,0,0,0,16.886837005615234,22.08591651916504,9.892494201660156
0,0,0,0,16.938631057739258,22.109357833862305,9.892967224121094
0,0,0,0,16.99053382873535,22.132755279541016,9.893417358398438
0,0,0,0,17.077213287353516,22.1717586517334,9.894073486328125
0,0,0,0,17.111892700195312,22.187335968017578,9.894302368164062
0,0,0,0,17.16404151916504,22.210662841796875,9.894599914550781
0,0,0,0,17.233579635620117,22.2416934967041,9.894889831542969
0,0,0,0,17.285818099975586,22.264867782592773,9.894989013671875
0,0,0,0,17.337970733642578,22.287992477416992,9.89501953125
0,0,0,0,17.4075927734375,22.318647384643555,9.89495849609375
0,0,0,0,17.459749221801758,22.341630935668945,9.894844055175781
0,0,0,0,17.511993408203125,22.36448860168457,9.894683837890625
0,0,0,0,17.58157730102539,22.394895553588867,9.894454956054688
0,0,0,0,17.63387107849121,22.41756820678711,9.894218444824219
0,0,0,0,17.686092376708984,22.44024658203125,9.893951416015625
0,0,0,0,17.755756378173828,22.47022247314453,9.893577575683594
0,0,0,0,17.807939529418945,22.492658615112305,9.893341064453125
0,0,0,0,17.860151290893555,22.514986038208008,9.893150329589844
0,0,0,0,17.929683685302734,22.544740676879883,9.892959594726562
0,0,0,0,17.981788635253906,22.56694984436035,9.892845153808594
0,0,0,0,18.033893585205078,22.58913230895996,9.892768859863281
0,0,0,0,18.103286743164062,22.61858367919922,9.892753601074219
0,0,0,0,18.155372619628906,22.64058494567871,9.892814636230469
0,0,0,0,18.207380294799805,22.662578582763672,9.892913818359375
0,0,0,0,18.27680015563965,22.69182777404785,9.893081665039062
0,0,0,0,18.328807830810547,22.713748931884766,9.893241882324219
0,0,0,0,18.38096046447754,22.735565185546875,9.893424987792969
0,0,0,0,18.450422286987305,22.76464080810547,9.893730163574219
0,0,0,0,18.502599716186523,22.786346435546875,9.894020080566406
0,0,0,0,18.554704666137695,22.80813980102539,9.894325256347656
0,0,0,0,18.62433624267578,22.837177276611328,9.894767761230469
0,0,0,0,18.676570892333984,22.85904312133789,9.895118713378906
0,0,0,0,18.728952407836914,22.88088607788086,9.895484924316406
0,0,0,0,18.798786163330078,22.91013526916504,9.89605712890625
0,0,0,0,18.851228713989258,22.932064056396484,9.896530151367188
0,0,0,0,18.903705596923828,22.954063415527344,9.897003173828125
0,0,0,0,18.973758697509766,22.983421325683594,9.897659301757812
0,0,0,0,19.02640151977539,23.005544662475586,9.898155212402344
0,0,0,0,19.079076766967773,23.027738571166992,9.898666381835938
0,0,0,0,19.14948844909668,23.057453155517578,9.899345397949219
0,0,0,0,19.20233154296875,23.0798282623291,9.899864196777344
0,0,0,0,19.25528907775879,23.102191925048828,9.900421142578125
0,0,0,0,19.32588768005371,23.132068634033203,9.90118408203125
0,0,0,0,19.378971099853516,23.1544246673584,9.901771545410156
0,0,0,0,19.43193244934082,23.176849365234375,9.90240478515625
0,0,0,0,19.520244598388672,23.214187622070312,9.903564453125
0,0,0,0,19.55555534362793,23.229169845581055,9.904060363769531
0,0,0,0,19.60858154296875,23.2515869140625,9.904823303222656
0,0,0,0,19.679218292236328,23.281583786010742,9.905838012695312
0,0,0,0,19.73224639892578,23.304012298583984,9.9066162109375
0,0,0,0,19.78521156311035,23.326480865478516,9.907386779785156
0,0,0,0,19.85584259033203,23.356369018554688,9.908432006835938
0,0,0,0,19.908781051635742,23.37879753112793,9.909217834472656
0,0,0,0,19.9616756439209,23.401153564453125,9.910003662109375
0,0,0,0,20.032207489013672,23.430906295776367,9.911087036132812
0,0,0,0,20.08504867553711,23.453197479248047,9.911918640136719
0,0,0,0,20.137941360473633,23.4754695892334,9.912765502929688
0,0,0,0,20.2083797454834,23.505149841308594,9.913909912109375
0,0,0,0,20.26129722595215,23.527362823486328,9.914764404296875
0,0,0,0,20.314098358154297,23.549602508544922,9.915596008300781
0,0,0,0,20.384601593017578,23.579145431518555,9.916717529296875
0,0,0,0,20.437381744384766,23.601354598999023,9.917610168457031
0,0,0,0,20.490236282348633,23.62344741821289,9.91851806640625
0,0,0,0,20.560546875,23.65290641784668,9.919792175292969
0,0,0,0,20.613306045532227,23.67490577697754,9.920822143554688
0,0,0,0,20.66596794128418,23.696935653686523,9.921920776367188
0,0,0,0,20.73617935180664,23.726173400878906,9.923446655273438
0,0,0,0,20.788772583007812,23.748123168945312,9.924659729003906
0,0,0,0,20.84133529663086,23.7700138092041,9.925949096679688
0,0,0,0,20.91135025024414,23.799198150634766,9.927772521972656
0,0,0,0,20.963764190673828,23.82103729248047,9.929214477539062
0,0,0,0,21.016159057617188,23.842838287353516,9.930686950683594
0,0,0,0,21.0859375,23.87181854248047,9.932785034179688
0,0,0,0,21.138347625732422,23.893510818481445,9.934440612792969
0,0,0,0,21.190671920776367,23.915191650390625,9.936172485351562
0,0,0,0,21.260576248168945,23.94398307800293,9.938529968261719
0,0,0,0,21.312973022460938,23.965560913085938,9.9403076171875
0,0,0,0,21.365488052368164,23.98704719543457,9.942100524902344
0,0,0,0,21.43537712097168,24.015729904174805,9.944465637207031
0,0,0,0,21.48784065246582,24.037158966064453,9.946212768554688
0,0,0,0,21.540203094482422,24.058639526367188,9.947921752929688
0,0,0,0,21.610044479370117,24.08718490600586,9.95013427734375
0,0,0,0,21.66236686706543,24.10865020751953,9.951713562011719
0,0,0,0,21.71471405029297,24.130043029785156,9.953208923339844
0,0,0,0,21.784475326538086,24.158681869506836,9.955093383789062
0,0,0,0,21.83683967590332,24.180164337158203,9.9564208984375
0,0,0,0,21.8892822265625,24.20171356201172,9.957649230957031
0,0,0,0,21.95924949645996,24.23048210144043,9.959175109863281
0,0,0,0,22.011798858642578,24.252090454101562,9.960212707519531
0,0,0,0,22.064254760742188,24.27375030517578,9.961174011230469
0,0,0,0,22.134254455566406,24.302698135375977,9.962310791015625
0,0,0,0,22.18669891357422,24.324487686157227,9.963104248046875
0,0,0,0,22.239267349243164,24.346240997314453,9.963821411132812
0,0,0,0,22.309247970581055,24.37529182434082,9.9647216796875
0,0,0,0,22.36176109313965,24.396989822387695,9.965278625488281
0,0,0,0,22.414142608642578,24.41873550415039,9.965690612792969
0,0,0,0,22.483854293823242,24.447551727294922,9.966026306152344
0,0,0,0,22.53578758239746,24.469057083129883,9.96612548828125
0,0,0,0,22.58742332458496,24.490306854248047,9.966117858886719
0,0,0,0,22.65548324584961,24.518430709838867,9.965972900390625
0,0,0,0,22.70588493347168,24.539230346679688,9.965766906738281
0,0,0,0,22.75560188293457,24.55979347229004,9.965461730957031
0,0,0,0,22.820676803588867,24.586631774902344,9.964912414550781
0,0,0,0,22.86844825744629,24.606298446655273,9.96441650390625
0,0,0,0,22.9151554107666,24.62556266784668,9.963859558105469
0,0,0,0,22.975833892822266,24.650550842285156,9.96307373046875
0,0,0,0,23.01997184753418,24.668746948242188,9.962448120117188
0,0,0,0,23.063016891479492,24.68641471862793,9.961837768554688
0,0,0,0,23.118364334106445,24.709291458129883,9.961036682128906
0,0,0,0,23.158458709716797,24.72579002380371,9.960456848144531
0,0,0,0,23.1971492767334,24.741836547851562,9.959884643554688
0,0,0,0,23.246816635131836,24.762340545654297,9.95916748046875
0,0,0,0,23.282445907592773,24.777143478393555,9.958648681640625
0,0,0,0,23.316823959350586,24.79131507873535,9.958168029785156
0,0,0,0,23.360502243041992,24.809484481811523,9.9576416015625
0,0,0,0,23.39180564880371,24.822423934936523,9.957443237304688
0,0,0,0,23.422100067138672,24.83478546142578,9.95733642578125
0,0,0,0,23.46136474609375,24.850107192993164,9.957290649414062
0,0,0,0,23.489891052246094,24.860918045043945,9.957344055175781
0,0,0,0,23.517555236816406,24.871129989624023,9.957511901855469
0,0,0,0,23.553180694580078,24.883827209472656,9.957862854003906
0,0,0,0,23.578941345214844,24.89267349243164,9.95819091796875
0,0,0,0,23.60396385192871,24.90096092224121,9.958564758300781
0,0,0,0,23.63603401184082,24.911191940307617,9.959129333496094
0,0,0,0,23.659305572509766,24.918190002441406,9.959609985351562
0,0,0,0,23.681791305541992,24.92472267150879,9.960090637207031
0,0,0,0,23.710880279541016,24.932600021362305,9.960731506347656
0,0,0,0,23.731914520263672,24.93796157836914,9.961196899414062
0,0,0,0,23.752487182617188,24.942750930786133,9.961639404296875
0,0,0,0,23.779048919677734,24.948484420776367,9.962211608886719
0,0,0,0,23.798566818237305,24.952180862426758,9.962623596191406
0,0,0,0,23.817697525024414,24.955463409423828,9.962989807128906
0,0,0,0,23.842863082885742,24.9589900970459,9.96343994140625
0,0,0,0,23.861459732055664,24.961158752441406,9.963729858398438
0,0,0,0,23.879928588867188,24.962785720825195,9.963966369628906
0,0,0,0,23.904298782348633,24.964277267456055,9.964218139648438
0,0,0,0,23.922426223754883,24.96487045288086,9.96435546875
0,0,0,0,23.940570831298828,24.96506118774414,9.9644775390625
0,0,0,0,23.96472930908203,24.96466636657715,9.964530944824219
0,0,0,0,23.982908248901367,24.963855743408203,9.96453857421875
0,0,0,0,24.001005172729492,24.96268081665039,9.964561462402344
0,0,0,0,24.0252628326416,24.960542678833008,9.964630126953125
0,0,0,0,24.043516159057617,24.958541870117188,9.964698791503906
0,0,0,0,24.062076568603516,24.95611000061035,9.964790344238281
0,0,0,0,24.08719253540039,24.952350616455078,9.964973449707031
0,0,0,0,24.106590270996094,24.949005126953125,9.965118408203125
0,0,0,0,24.126422882080078,24.945322036743164,9.965248107910156
0,0,0,0,24.153902053833008,24.93963050842285,9.965278625488281
0,0,0,0,24.17531967163086,24.934886932373047,9.965179443359375
0,0,0,0,24.197641372680664,24.929616928100586,9.964950561523438
0,0,0,0,24.228723526000977,24.92190933227539,9.964462280273438
0,0,0,0,24.25310516357422,24.915496826171875,9.963912963867188
0,0,0,0,24.27849769592285,24.908601760864258,9.963211059570312
0,0,0,0,24.313899993896484,24.898584365844727,9.96209716796875
0,0,0,0,24.3416748046875,24.890453338623047,9.961135864257812
0,0,0,0,24.370410919189453,24.88182258605957,9.960121154785156
0,0,0,0,24.410415649414062,24.869468688964844,9.95867919921875
0,0,0,0,24.441558837890625,24.85962677001953,9.957557678222656
0,0,0,0,24.47383689880371,24.849245071411133,9.956367492675781
0,0,0,0,24.518333435058594,24.834718704223633,9.954727172851562
0,0,0,0,24.552902221679688,24.823196411132812,9.95343017578125
0,0,0,0,24.588308334350586,24.811254501342773,9.952125549316406
0,0,0,0,24.637001037597656,24.794464111328125,9.9503173828125
0,0,0,0,24.674480438232422,24.781322479248047,9.948951721191406
0,0,0,0,24.712890625,24.767597198486328,9.947547912597656
0,0,0,0,24.765302658081055,24.74855613708496,9.945579528808594
0,0,0,0,24.805522918701172,24.733604431152344,9.944061279296875
0,0,0,0,24.846437454223633,24.718202590942383,9.942520141601562
0,0,0,0,24.90212059020996,24.696834564208984,9.940399169921875
0,0,0,0,24.944721221923828,24.680192947387695,9.93878173828125
0,0,0,0,24.987953186035156,24.663040161132812,9.937171936035156
0,0,0,0,25.04663848876953,24.639446258544922,9.935066223144531
0,0,0,0,25.091318130493164,24.62120819091797,9.933509826660156
0,0,0,0,25.136661529541016,24.602466583251953,9.931976318359375
0,0,0,0,25.197904586791992,24.576736450195312,9.929985046386719
0,0,0,0,25.244548797607422,24.556793212890625,9.92852783203125
0,0,0,0,25.291641235351562,24.536436080932617,9.927131652832031
0,0,0,0,25.355302810668945,24.508493423461914,9.925300598144531
0,0,0,0,25.403488159179688,24.487117767333984,9.923957824707031
0,0,0,0,25.452163696289062,24.465251922607422,9.922660827636719
0,0,0,0,25.517597198486328,24.435588836669922,9.920982360839844
0,0,0,0,25.567167282104492,24.412887573242188,9.919754028320312
0,0,0,0,25.617036819458008,24.389957427978516,9.918571472167969
0,0,0,0,25.68402099609375,24.35889434814453,9.917068481445312
0,0,0,0,25.734586715698242,24.33536148071289,9.915969848632812
0,0,0,0,25.785398483276367,24.311603546142578,9.914871215820312
0,0,0,0,25.853591918945312,24.279741287231445,9.913330078125
0,0,0,0,25.904937744140625,24.255727767944336,9.912124633789062
0,0,0,0,25.956525802612305,24.231632232666016,9.910911560058594
0,0,0,0,26.02544593811035,24.19941520690918,9.909339904785156
0,0,0,0,26.07740592956543,24.175230026245117,9.908172607421875
0,0,0,0,26.129411697387695,24.151103973388672,9.906974792480469
0,0,0,0,26.199077606201172,24.118961334228516,9.905311584472656
0,0,0,0,26.251432418823242,24.095102310180664,9.904014587402344
0,0,0,0,26.304033279418945,24.071380615234375,9.902717590332031
0,0,0,0,26.374284744262695,24.0401611328125,9.900962829589844
0,0,0,0,26.42719841003418,24.016950607299805,9.899650573730469
0,0,0,0,26.480209350585938,23.994077682495117,9.898361206054688
0,0,0,0,26.551197052001953,23.964027404785156,9.896682739257812
0,0,0,0,26.60456657409668,23.94196891784668,9.895469665527344
0,0,0,0,26.658111572265625,23.920238494873047,9.894287109375
0,0,0,0,26.729705810546875,23.8919734954834,9.892723083496094
0,0,0,0,26.78352928161621,23.871341705322266,9.891571044921875
0,0,0,0,26.837539672851562,23.851282119750977,9.890426635742188
0,0,0,0,26.909780502319336,23.82541847229004,9.888885498046875
0,0,0,0,26.964200973510742,23.806682586669922,9.887687683105469
0,0,0,0,27.018714904785156,23.788654327392578,9.886459350585938
0,0,0,0,27.09174346923828,23.76565933227539,9.884773254394531
0,0,0,0,27.146636962890625,23.74932289123535,9.88348388671875
0,0,0,0,27.201826095581055,23.73371124267578,9.8822021484375
0,0,0,0,27.275571823120117,23.714221954345703,9.88043212890625
0,0,0,0,27.33118438720703,23.700511932373047,9.879081726074219
0,0,0,0,27.38688850402832,23.687742233276367,9.877723693847656
0,0,0,0,27.461488723754883,23.67197036743164,9.87591552734375
0,0,0,0,27.517576217651367,23.661239624023438,9.874549865722656
0,0,0,0,27.57387351989746,23.651317596435547,9.873199462890625
0,0,0,0,27.649080276489258,23.639503479003906,9.871429443359375
0,0,0,0,27.705577850341797,23.631637573242188,9.870140075683594
0,0,0,0,27.76215934753418,23.624691009521484,9.868843078613281
0,0,0,0,27.837646484375,23.616817474365234,9.867156982421875
0,0,0,0,27.894363403320312,23.61199378967285,9.865890502929688
0,0,0,0,27.951026916503906,23.60813331604004,9.864601135253906
0,0,0,0,28.02663230895996,23.604393005371094,9.862892150878906
0,0,0,0,28.08320426940918,23.602725982666016,9.861686706542969
0,0,0,0,28.139833450317383,23.60196304321289,9.860542297363281
0,0,0,0,28.21518325805664,23.602445602416992,9.859176635742188
0,0,0,0,28.271747589111328,23.60380744934082,9.858245849609375
0,0,0,0,28.328195571899414,23.606115341186523,9.857398986816406
0,0,0,0,28.40347671508789,23.610431671142578,9.856430053710938
0,0,0,0,28.459806442260742,23.61476707458496,9.855781555175781
0,0,0,0,28.51616096496582,23.619882583618164,9.855224609375
0,0,0,0,28.591205596923828,23.62799644470215,9.854606628417969
0,0,0,0,28.647436141967773,23.6348934173584,9.854263305664062
0,0,0,0,28.703550338745117,23.64255714416504,9.85400390625
0,0,0,0,28.778282165527344,23.65380096435547,9.853805541992188
0,0,0,0,28.834251403808594,23.66301155090332,9.853736877441406
0,0,0,0,28.890077590942383,23.67283058166504,9.85369873046875
0,0,0,0,28.964405059814453,23.686914443969727,9.853683471679688
0,0,0,0,29.019977569580078,23.698225021362305,9.853706359863281
0,0,0,0,29.07552719116211,23.710052490234375,9.853797912597656
0,0,0,0,29.14932632446289,23.726665496826172,9.854034423828125
0,0,0,0,29.20464515686035,23.73965835571289,9.854316711425781
0,0,0,0,29.259780883789062,23.753145217895508,9.854606628417969
0,0,0,0,29.33329200744629,23.7717342376709,9.855003356933594
0,0,0,0,29.388229370117188,23.786182403564453,9.855323791503906
0,0,0,0,29.4431209564209,23.800922393798828,9.855659484863281
0,0,0,0,29.515993118286133,23.82125473022461,9.856086730957031
0,0,0,0,29.57050895690918,23.83685302734375,9.856391906738281
0,0,0,0,29.624839782714844,23.85282325744629,9.856689453125
0,0,0,0,29.697172164916992,23.87451171875,9.857048034667969
0,0,0,0,29.75133514404297,23.89110565185547,9.857261657714844
0,0,0,0,29.805418014526367,23.907909393310547,9.857414245605469
0,0,0,0,29.877513885498047,23.930715560913086,9.857536315917969
0,0,0,0,29.93154525756836,23.948123931884766,9.857559204101562
0,0,0,0,29.985641479492188,23.96576499938965,9.85748291015625
0,0,0,0,30.05771255493164,23.98965072631836,9.85723876953125
0,0,0,0,30.11188316345215,24.00775718688965,9.856948852539062
0,0,0,0,30.16600227355957,24.02611541748047,9.8565673828125
0,0,0,0,30.23828887939453,24.050832748413086,9.855987548828125
0,0,0,0,30.292438507080078,24.069622039794922,9.855560302734375
0,0,0,0,30.346704483032227,24.08846664428711,9.855125427246094
0,0,0,0,30.41896629333496,24.113876342773438,9.854560852050781
0,0,0,0,30.473236083984375,24.133020401000977,9.854141235351562
0,0,0,0,30.527442932128906,24.152359008789062,9.853767395019531
0,0,0,0,30.59979248046875,24.178190231323242,9.853385925292969
0,0,0,0,30.654029846191406,24.197656631469727,9.8531494140625
0,0,0,0,30.708232879638672,24.21710968017578,9.852912902832031
0,0,0,0,30.780475616455078,24.243112564086914,9.852622985839844
0,0,0,0,30.834644317626953,24.262619018554688,9.852455139160156
0,0,0,0,30.888856887817383,24.28215980529785,9.852310180664062
0,0,0,0,30.96109962463379,24.308246612548828,9.852149963378906
0,0,0,0,31.015329360961914,24.32777214050293,9.852073669433594
0,0,0,0,31.069494247436523,24.347305297851562,9.852043151855469
0,0,0,0,31.14186668395996,24.3732967376709,9.852066040039062
0,0,0,0,31.196081161499023,24.392854690551758,9.852127075195312
0,0,0,0,31.25041961669922,24.412378311157227,9.852218627929688
0,0,0,0,31.322765350341797,24.43851089477539,9.852363586425781
0,0,0,0,31.377134323120117,24.458053588867188,9.852493286132812
0,0,0,0,31.43140983581543,24.47765350341797,9.852645874023438
0,0,0,0,31.503862380981445,24.5036563873291,9.852912902832031
0,0,0,0,31.558143615722656,24.523193359375,9.853172302246094
0,0,0,0,31.612468719482422,24.542646408081055,9.853462219238281
0,0,0,0,31.684886932373047,24.568614959716797,9.853897094726562
0,0,0,0,31.739227294921875,24.588058471679688,9.854217529296875
0,0,0,0,31.79358673095703,24.6075382232666,9.854507446289062
0,0,0,0,31.866085052490234,24.633392333984375,9.854835510253906
0,0,0,0,31.9205322265625,24.6527042388916,9.855049133300781
0,0,0,0,31.974925994873047,24.67195701599121,9.855232238769531
0,0,0,0,32.04756164550781,24.697546005249023,9.855377197265625
0,0,0,0,32.10197830200195,24.716718673706055,9.85540771484375
0,0,0,0,32.1564826965332,24.735782623291016,9.855377197265625
0,0,0,0,32.22910690307617,24.761219024658203,9.855216979980469
0,0,0,0,32.28368377685547,24.780208587646484,9.854988098144531
0,0,0,0,32.33820343017578,24.79921531677246,9.854705810546875
0,0,0,0,32.41102600097656,24.824447631835938,9.854301452636719
0,0,0,0,32.46558380126953,24.8433780670166,9.85394287109375
0,0,0,0,32.520198822021484,24.86220359802246,9.853538513183594
0,0,0,0,32.592918395996094,24.887357711791992,9.853004455566406
0,0,0,0,32.64748764038086,24.906160354614258,9.852622985839844
0,0,0,0,32.70204162597656,24.925025939941406,9.852226257324219
0,0,0,0,32.77479553222656,24.95010757446289,9.851654052734375
0,0,0,0,32.829383850097656,24.968914031982422,9.8511962890625
0,0,0,0,32.88393783569336,24.987701416015625,9.850692749023438
0,0,0,0,32.956729888916016,25.01277732849121,9.849945068359375
0,0,0,0,33.011287689208984,25.031614303588867,9.849349975585938
0,0,0,0,33.065914154052734,25.05044174194336,9.848709106445312
0,0,0,0,33.1385612487793,25.07564353942871,9.847801208496094
0,0,0,0,33.19295120239258,25.09446907043457,9.847084045410156
0,0,0,0,33.24705505371094,25.11334800720215,9.84637451171875
0,0,0,0,33.31904220581055,25.138469696044922,9.845352172851562
0,0,0,0,33.37267303466797,25.157373428344727,9.844573974609375
0,0,0,0,33.4261360168457,25.17621612548828,9.843803405761719
0,0,0,0,33.497032165527344,25.2015323638916,9.84271240234375
0,0,0,0,33.55010223388672,25.22057342529297,9.841812133789062
0,0,0,0,33.603031158447266,25.239770889282227,9.840866088867188
0,0,0,0,33.67353439331055,25.265480041503906,9.839523315429688
0,0,0,0,33.72636032104492,25.284929275512695,9.838455200195312
0,0,0,0,33.77918243408203,25.30449867248535,9.837364196777344
0,0,0,0,33.849632263183594,25.330854415893555,9.835861206054688
0,0,0,0,33.902488708496094,25.3508243560791,9.834640502929688
0,0,0,0,33.95543670654297,25.370941162109375,9.833366394042969
0,0,0,0,34.02605056762695,25.39805030822754,9.83160400390625
0,0,0,0,34.079185485839844,25.418548583984375,9.830245971679688
0,0,0,0,34.13227844238281,25.43927001953125,9.828849792480469
0,0,0,0,34.20321273803711,25.467113494873047,9.826972961425781
0,0,0,0,34.25639724731445,25.48826789855957,9.825569152832031
0,0,0,0,34.30973815917969,25.509553909301758,9.82415771484375
0,0,0,0,34.38084030151367,25.53827667236328,9.822288513183594
0,0,0,0,34.434295654296875,25.559953689575195,9.820938110351562
0,0,0,0,34.48768997192383,25.58188819885254,9.819618225097656
0,0,0,0,34.55895233154297,25.611297607421875,9.817878723144531
0,0,0,0,34.612396240234375,25.633604049682617,9.816543579101562
0,0,0,0,34.66586685180664,25.65601348876953,9.815200805664062
0,0,0,0,34.73713302612305,25.68621253967285,9.813385009765625
0,0,0,0,34.7905387878418,25.709049224853516,9.812019348144531
0,0,0,0,34.843963623046875,25.732065200805664,9.810638427734375
0,0,0,0,34.915138244628906,25.76300621032715,9.808769226074219
0,0,0,0,34.96855926513672,25.78639793395996,9.807380676269531
0,0,0,0,35.0218620300293,25.809982299804688,9.806022644042969
0,0,0,0,35.09300231933594,25.84160614013672,9.804290771484375
0,0,0,0,35.146244049072266,25.86549949645996,9.803062438964844
0,0,0,0,35.19951629638672,25.889440536499023,9.801910400390625
0,0,0,0,35.270320892333984,25.921621322631836,9.800483703613281
0,0,0,0,35.32344436645508,25.94584083557129,9.799530029296875
0,0,0,0,35.37644958496094,25.97026252746582,9.798637390136719
0,0,0,0,35.4471321105957,26.002897262573242,9.797576904296875
0,0,0,0,35.5000114440918,26.027536392211914,9.796867370605469
0,0,0,0,35.55288314819336,26.052207946777344,9.796257019042969
0,0,0,0,35.623260498046875,26.08531951904297,9.79559326171875
0,0,0,0,35.67599868774414,26.110233306884766,9.795188903808594
0,0,0,0,35.728641510009766,26.135217666625977,9.794845581054688
0,0,0,0,35.798553466796875,26.1684513092041,9.794540405273438
0,0,0,0,35.85082244873047,26.19338607788086,9.79437255859375
0,0,0,0,35.902889251708984,26.21832847595215,9.794189453125
0,0,0,0,35.97214126586914,26.251523971557617,9.79388427734375
0,0,0,0,36.02379608154297,26.276355743408203,9.793632507324219
0,0,0,0,36.07534408569336,26.301029205322266,9.79339599609375
0,0,0,0,36.14359664916992,26.333812713623047,9.793128967285156
0,0,0,0,36.194705963134766,26.358238220214844,9.792922973632812
0,0,0,0,36.24564743041992,26.382640838623047,9.792694091796875
0,0,0,0,36.31361770629883,26.414968490600586,9.792343139648438
0,0,0,0,36.36458206176758,26.43924331665039,9.792022705078125
0,0,0,0,36.415706634521484,26.463407516479492,9.791641235351562
0,0,0,0,36.48391342163086,26.495588302612305,9.791023254394531
0,0,0,0,36.53523254394531,26.519611358642578,9.790496826171875
0,0,0,0,36.58667755126953,26.54364013671875,9.789939880371094
0,0,0,0,36.65558624267578,26.57554054260254,9.789161682128906
0,0,0,0,36.70750045776367,26.599401473999023,9.788543701171875
0,0,0,0,36.75958251953125,26.623178482055664,9.787887573242188
0,0,0,0,36.82935333251953,26.654775619506836,9.78692626953125
0,0,0,0,36.88180923461914,26.67841911315918,9.786148071289062
0,0,0,0,36.93447494506836,26.70197105407715,9.78533935546875
0,0,0,0,37.00481033325195,26.733257293701172,9.784172058105469
0,0,0,0,37.05779266357422,26.75657081604004,9.78326416015625
0,0,0,0,37.11079025268555,26.779870986938477,9.7823486328125
0,0,0,0,37.18163299560547,26.81071662902832,9.781112670898438
0,0,0,0,37.23470687866211,26.833784103393555,9.780189514160156
0,0,0,0,37.287899017333984,26.85667610168457,9.779266357421875
0,0,0,0,37.3587646484375,26.887149810791016,9.778022766113281
0,0,0,0,37.411922454833984,26.909854888916016,9.777114868164062
0,0,0,0,37.46495819091797,26.932519912719727,9.776229858398438
0,0,0,0,37.53568649291992,26.962566375732422,9.775070190429688
0,0,0,0,37.58870315551758,26.985048294067383,9.774192810058594
0,0,0,0,37.64168930053711,27.007421493530273,9.773284912109375
0,0,0,0,37.7122917175293,27.037229537963867,9.771995544433594
0,0,0,0,37.76517105102539,27.059585571289062,9.770980834960938
0,0,0,0,37.81808090209961,27.08194351196289,9.769905090332031
0,0,0,0,37.88856506347656,27.11176109313965,9.76837158203125
0,0,0,0,37.94150924682617,27.13404083251953,9.767143249511719
0,0,0,0,37.994415283203125,27.156330108642578,9.765869140625
0,0,0,0,38.06515884399414,27.185941696166992,9.764091491699219
0,0,0,0,38.118160247802734,27.208181381225586,9.762680053710938
0,0,0,0,38.17130661010742,27.230358123779297,9.761207580566406
0,0,0,0,38.24211883544922,27.25995445251465,9.759185791015625
0,0,0,0,38.29531478881836,27.282033920288086,9.757637023925781
0,0,0,0,38.34843063354492,27.304119110107422,9.756057739257812
0,0,0,0,38.419376373291016,27.333322525024414,9.753921508789062
0,0,0,0,38.47261047363281,27.35515022277832,9.752326965332031
0,0,0,0,38.5258903503418,27.37679672241211,9.750732421875
0,0,0,0,38.596946716308594,27.40549659729004,9.748619079589844
0,0,0,0,38.650291442871094,27.42683219909668,9.746986389160156
0,0,0,0,38.70372772216797,27.448009490966797,9.745323181152344
0,0,0,0,38.77497863769531,27.475881576538086,9.743118286132812
0,0,0,0,38.82854080200195,27.496484756469727,9.741531372070312
0,0,0,0,38.8820915222168,27.516830444335938,9.739982604980469
0,0,0,0,38.953670501708984,27.543468475341797,9.737968444824219
0,0,0,0,39.00741958618164,27.5631103515625,9.736557006835938
0,0,0,0,39.061439514160156,27.582351684570312,9.735176086425781
0,0,0,0,39.133548736572266,27.607484817504883,9.733367919921875
0,0,0,0,39.18767547607422,27.62576675415039,9.732154846191406
0,0,0,0,39.24164962768555,27.643692016601562,9.731155395507812
0,0,0,0,39.31371307373047,27.6667537689209,9.730026245117188
0,0,0,0,39.367801666259766,27.683509826660156,9.729339599609375
0,0,0,0,39.422035217285156,27.69964599609375,9.728805541992188
0,0,0,0,39.49452209472656,27.720359802246094,9.728340148925781
0,0,0,0,39.549095153808594,27.73523712158203,9.728118896484375
0,0,0,0,39.6038703918457,27.749605178833008,9.728004455566406
0,0,0,0,39.67726135253906,27.767921447753906,9.727951049804688
0,0,0,0,39.73263931274414,27.781038284301758,9.727996826171875
0,0,0,0,39.788204193115234,27.793622970581055,9.728096008300781
0,0,0,0,39.86272430419922,27.809528350830078,9.728355407714844
0,0,0,0,39.918792724609375,27.82085609436035,9.728645324707031
0,0,0,0,39.97510528564453,27.83161163330078,9.729011535644531
0,0,0,0,40.050323486328125,27.845121383666992,9.729537963867188
0,0,0,0,40.10698699951172,27.854536056518555,9.729927062988281
0,0,0,0,40.1636962890625,27.863462448120117,9.730339050292969
0,0,0,0,40.23964309692383,27.874452590942383,9.73095703125
0,0,0,0,40.29667282104492,27.88213348388672,9.731475830078125
0,0,0,0,40.353885650634766,27.889183044433594,9.732032775878906
0,0,0,0,40.43027114868164,27.89783477783203,9.732864379882812
0,0,0,0,40.48774337768555,27.90366554260254,9.733512878417969
0,0,0,0,40.545249938964844,27.90904426574707,9.734230041503906
0,0,0,0,40.62193298339844,27.915363311767578,9.735366821289062
0,0,0,0,40.679447174072266,27.919557571411133,9.736320495605469
0,0,0,0,40.7369270324707,27.92325210571289,9.737373352050781
0,0,0,0,40.81356430053711,27.92751121520996,9.738929748535156
0,0,0,0,40.87096405029297,27.930219650268555,9.740211486816406
0,0,0,0,40.928443908691406,27.932504653930664,9.741569519042969
0,0,0,0,41.004966735839844,27.93498420715332,9.743377685546875
0,0,0,0,41.062347412109375,27.936382293701172,9.744735717773438
0,0,0,0,41.119544982910156,27.937524795532227,9.746131896972656
0,0,0,0,41.195831298828125,27.938457489013672,9.748001098632812
0,0,0,0,41.252933502197266,27.938844680786133,9.749435424804688
0,0,0,0,41.31010818481445,27.938861846923828,9.750892639160156
0,0,0,0,41.386226654052734,27.93856430053711,9.752876281738281
0,0,0,0,41.443382263183594,27.93800926208496,9.754386901855469
0,0,0,0,41.50050354003906,27.937301635742188,9.755912780761719
0,0,0,0,41.57672119140625,27.935962677001953,9.757972717285156
0,0,0,0,41.63386917114258,27.934755325317383,9.759605407714844
0,0,0,0,41.69101333618164,27.933334350585938,9.761260986328125
0,0,0,0,41.76719665527344,27.93124771118164,9.76348876953125
0,0,0,0,41.824275970458984,27.929533004760742,9.765213012695312
0,0,0,0,41.88145446777344,27.92769432067871,9.766944885253906
0,0,0,0,41.95766067504883,27.925094604492188,9.769248962402344
0,0,0,0,42.014915466308594,27.923011779785156,9.770927429199219
0,0,0,0,42.07201385498047,27.920852661132812,9.772590637207031
0,0,0,0,42.14801788330078,27.91775131225586,9.774948120117188
0,0,0,0,42.204837799072266,27.915372848510742,9.776710510253906
0,0,0,0,42.26169204711914,27.912857055664062,9.778450012207031
0,0,0,0,42.337284088134766,27.9095458984375,9.780769348144531
0,0,0,0,42.39402389526367,27.906949996948242,9.782516479492188
0,0,0,0,42.45068359375,27.90441131591797,9.784233093261719
0,0,0,0,42.526397705078125,27.900888442993164,9.786521911621094
0,0,0,0,42.583221435546875,27.89828109741211,9.7882080078125
0,0,0,0,42.64012908935547,27.895599365234375,9.789894104003906
0,0,0,0,42.7160758972168,27.892053604125977,9.792083740234375
0,0,0,0,42.77303695678711,27.88933753967285,9.793693542480469
0,0,0,0,42.83005142211914,27.886627197265625,9.795280456542969
0,0,0,0,42.906028747558594,27.882984161376953,9.797386169433594
0,0,0,0,42.963043212890625,27.880285263061523,9.798980712890625
0,0,0,0,43.01998519897461,27.877639770507812,9.80059814453125
0,0,0,0,43.09600830078125,27.874147415161133,9.80279541015625
0,0,0,0,43.15294647216797,27.871639251708984,9.804435729980469
0,0,0,0,43.20998764038086,27.86912727355957,9.806098937988281
0,0,0,0,43.285888671875,27.86591148376465,9.808380126953125
0,0,0,0,43.3429069519043,27.863506317138672,9.810066223144531
0,0,0,0,43.39985656738281,27.86117935180664,9.811714172363281
0,0,0,0,43.47585678100586,27.858068466186523,9.813827514648438
0,0,0,0,43.53264617919922,27.855833053588867,9.815437316894531
0,0,0,0,43.58924102783203,27.85356903076172,9.817146301269531
0,0,0,0,43.66436004638672,27.850643157958984,9.819511413574219
0,0,0,0,43.7205810546875,27.84842872619629,9.821266174316406
0,0,0,0,43.776729583740234,27.846237182617188,9.823005676269531
0,0,0,0,43.851444244384766,27.843278884887695,9.825332641601562
0,0,0,0,43.907447814941406,27.84105110168457,9.827041625976562
0,0,0,0,43.96338653564453,27.838823318481445,9.828666687011719
0,0,0,0,44.03805160522461,27.835880279541016,9.83074951171875
0,0,0,0,44.09406661987305,27.833709716796875,9.832260131835938
0,0,0,0,44.150238037109375,27.83148193359375,9.833763122558594
0,0,0,0,44.22514343261719,27.82855224609375,9.835746765136719
0,0,0,0,44.28150939941406,27.826309204101562,9.837226867675781
0,0,0,0,44.33788299560547,27.824138641357422,9.838722229003906
0,0,0,0,44.413326263427734,27.821168899536133,9.840713500976562
0,0,0,0,44.46997833251953,27.819005966186523,9.842231750488281
0,0,0,0,44.52684783935547,27.816787719726562,9.843757629394531
0,0,0,0,44.602752685546875,27.81389045715332,9.845802307128906
0,0,0,0,44.65985107421875,27.811670303344727,9.84735107421875
0,0,0,0,44.71699142456055,27.80950927734375,9.848899841308594
0,0,0,0,44.79330062866211,27.806562423706055,9.851028442382812
0,0,0,0,44.850650787353516,27.804401397705078,9.852668762207031
0,0,0,0,44.908058166503906,27.8022518157959,9.854354858398438
0,0,0,0,44.98477554321289,27.799365997314453,9.856636047363281
0,0,0,0,45.042354583740234,27.79718780517578,9.858360290527344
0,0,0,0,45.10009765625,27.794981002807617,9.860061645507812
0,0,0,0,45.17714309692383,27.792068481445312,9.862289428710938
0,0,0,0,45.23503875732422,27.78986930847168,9.863899230957031
0,0,0,0,45.29286193847656,27.78776741027832,9.865470886230469
0,0,0,0,45.37013244628906,27.7849178314209,9.867454528808594
0,0,0,0,45.42808151245117,27.78287696838379,9.868850708007812
0,0,0,0,45.48615264892578,27.780778884887695,9.870193481445312
0,0,0,0,45.56351852416992,27.77809715270996,9.87188720703125
0,0,0,0,45.621620178222656,27.776044845581055,9.873062133789062
0,0,0,0,45.67967224121094,27.774059295654297,9.874160766601562
0,0,0,0,45.75714874267578,27.771310806274414,9.875495910644531
0,0,0,0,45.81528091430664,27.76927947998047,9.87640380859375
0,0,0,0,45.873435974121094,27.76723289489746,9.87725830078125
0,0,0,0,45.950958251953125,27.76451873779297,9.878303527832031
0,0,0,0,46.009029388427734,27.762451171875,9.879058837890625
0,0,0,0,46.067138671875,27.7603759765625,9.879768371582031
0,0,0,0,46.144588470458984,27.757644653320312,9.880699157714844
0,0,0,0,46.2027587890625,27.75559425354004,9.881378173828125
0,0,0,0,46.26081085205078,27.753576278686523,9.881996154785156
0,0,0,0,46.338260650634766,27.75080108642578,9.882804870605469
0,0,0,0,46.39628219604492,27.748756408691406,9.883384704589844
0,0,0,0,46.45442199707031,27.746633529663086,9.883934020996094
0,0,0,0,46.53182601928711,27.743877410888672,9.884605407714844
0,0,0,0,46.58992004394531,27.74172592163086,9.885086059570312
0,0,0,0,46.6479377746582,27.7396183013916,9.885536193847656
0,0,0,0,46.72538375854492,27.73670196533203,9.8861083984375
0,0,0,0,46.7834358215332,27.734590530395508,9.886482238769531
0,0,0,0,46.84148025512695,27.732439041137695,9.886802673339844
0,0,0,0,46.91868209838867,27.72966194152832,9.887115478515625
0,0,0,0,46.97636795043945,27.727619171142578,9.887306213378906
0,0,0,0,47.0338134765625,27.72564697265625,9.887413024902344
0,0,0,0,47.109779357910156,27.72304916381836,9.88751220703125
0,0,0,0,47.16619873046875,27.721118927001953,9.8875732421875
0,0,0,0,47.221923828125,27.71926498413086,9.887596130371094
0,0,0,0,47.29518508911133,27.716838836669922,9.8875732421875
0,0,0,0,47.34904479980469,27.715099334716797,9.887527465820312
0,0,0,0,47.4019889831543,27.713335037231445,9.887504577636719
0,0,0,0,47.470794677734375,27.711111068725586,9.887496948242188
0,0,0,0,47.521095275878906,27.70940399169922,9.887504577636719
0,0,0,0,47.570045471191406,27.707794189453125,9.887496948242188
0,0,0,0,47.63338088989258,27.70562744140625,9.887420654296875
0,0,0,0,47.67921829223633,27.704105377197266,9.887313842773438
0,0,0,0,47.723670959472656,27.702556610107422,9.887153625488281
0,0,0,0,47.78055191040039,27.70062255859375,9.886802673339844
0,0,0,0,47.82143783569336,27.69918441772461,9.886466979980469
0,0,0,0,47.86076736450195,27.697837829589844,9.886070251464844
0,0,0,0,47.91075897216797,27.696043014526367,9.885467529296875
0,0,0,0,47.94647216796875,27.69473648071289,9.884971618652344
0,0,0,0,47.98054885864258,27.693443298339844,9.884437561035156
0,0,0,0,48.02352523803711,27.691734313964844,9.883682250976562
0,0,0,0,48.05375289916992,27.690488815307617,9.883140563964844
0,0,0,0,48.08245849609375,27.689218521118164,9.88250732421875
0,0,0,0,48.11845016479492,27.687559127807617,9.879997253417969
0,0,0,0,48.14344787597656,27.685773849487305,9.877273559570312
0,0,0,0,48.16595458984375,27.6829776763916,9.874153137207031
0,0,0,0,48.191925048828125,27.677104949951172,9.869392395019531
0,0,0,0,48.20832061767578,27.671581268310547,9.865592956542969
0,0,0,0,48.22243881225586,27.66509246826172,9.861312866210938
0,0,0,0,48.2369499206543,27.654273986816406,9.855453491210938
0,0,0,0,48.244476318359375,27.64415740966797,9.851089477539062
0,0,0,0,48.24922180175781,27.632770538330078,9.847023010253906
0,0,0,0,48.25185012817383,27.615924835205078,9.841949462890625
0,0,0,0,48.250972747802734,27.60190773010254,9.8387451171875
0,0,0,0,48.24778747558594,27.58676528930664,9.836212158203125
0,0,0,0,48.2405891418457,27.56554412841797,9.83392333984375
0,0,0,0,48.233211517333984,27.54906463623047,9.833099365234375
0,0,0,0,48.224571228027344,27.53225326538086,9.832962036132812
0,0,0,0,48.211368560791016,27.509611129760742,9.833030700683594
0,0,0,0,48.200347900390625,27.492265701293945,9.833984375
0,0,0,0,48.18844223022461,27.474910736083984,9.835762023925781
0,0,0,0,48.171875,27.4520320892334,9.839004516601562
0,0,0,0,48.158935546875,27.43520736694336,9.841964721679688
0,0,0,0,48.14578628540039,27.41851806640625,9.845283508300781
0,0,0,0,48.1277961730957,27.396718978881836,9.850128173828125
0,0,0,0,48.114105224609375,27.380599975585938,9.853973388671875
0,0,0,0,48.10011672973633,27.364727020263672,9.857894897460938
0,0,0,0,48.08116149902344,27.343708038330078,9.863197326660156
0,0,0,0,48.066650390625,27.328100204467773,9.867095947265625
0,0,0,0,48.05190658569336,27.312488555908203,9.870841979980469
0,0,0,0,48.03175354003906,27.291542053222656,9.875511169433594
0,0,0,0,48.015987396240234,27.275407791137695,9.878898620605469
0,0,0,0,47.99964904785156,27.258901596069336,9.882133483886719
0,0,0,0,47.97695541381836,27.236412048339844,9.886001586914062
0,0,0,0,47.9590950012207,27.21879768371582,9.888679504394531
0,0,0,0,47.94025421142578,27.20044708251953,9.891242980957031
0,0,0,0,47.914100646972656,27.17517852783203,9.894256591796875
0,0,0,0,47.89356994628906,27.15569496154785,9.896270751953125
0,0,0,0,47.872520446777344,27.13572120666504,9.898086547851562
0,0,0,0,47.843570709228516,27.10878562927246,9.900077819824219
0,0,0,0,47.821292877197266,27.088088989257812,9.901237487792969
0,0,0,0,47.798213958740234,27.066768646240234,9.902137756347656
0,0,0,0,47.76625061035156,27.037076950073242,9.903121948242188
0,0,0,0,47.741336822509766,27.014101028442383,9.903671264648438
0,0,0,0,47.715763092041016,26.990467071533203,9.904006958007812
0,0,0,0,47.68048858642578,26.957923889160156,9.904067993164062
0,0,0,0,47.65298080444336,26.93248748779297,9.903961181640625
0,0,0,0,47.62459182739258,26.906265258789062,9.903785705566406
0,0,0,0,47.58546447753906,26.870203018188477,9.903282165527344
0,0,0,0,47.55519485473633,26.84225082397461,9.902755737304688
0,0,0,0,47.52394485473633,26.813432693481445,9.902168273925781
0,0,0,0,47.48093795776367,26.773679733276367,9.901420593261719
0,0,0,0,47.447662353515625,26.74303436279297,9.900833129882812
0,0,0,0,47.41372299194336,26.711606979370117,9.900230407714844
0,0,0,0,47.36723327636719,26.668621063232422,9.899467468261719
0,0,0,0,47.33163833618164,26.635459899902344,9.898910522460938
0,0,0,0,47.295291900634766,26.60169792175293,9.89837646484375
0,0,0,0,47.2459716796875,26.555570602416992,9.897804260253906
0,0,0,0,47.20834732055664,26.52039337158203,9.897491455078125
0,0,0,0,47.1704216003418,26.484745025634766,9.897224426269531
0,0,0,0,47.11936569213867,26.436737060546875,9.89697265625
0,0,0,0,47.080909729003906,26.40032386779785,9.896865844726562
0,0,0,0,47.042320251464844,26.363685607910156,9.896797180175781
0,0,0,0,46.99071502685547,26.314376831054688,9.896766662597656
0,0,0,0,46.95193862915039,26.277095794677734,9.896781921386719
0,0,0,0,46.91300582885742,26.239559173583984,9.896766662597656
0,0,0,0,46.860958099365234,26.18913459777832,9.896736145019531
0,0,0,0,46.82171630859375,26.151037216186523,9.896713256835938
0,0,0,0,46.78240966796875,26.112674713134766,9.896713256835938
0,0,0,0,46.72968292236328,26.06121253967285,9.896644592285156
0,0,0,0,46.690067291259766,26.022306442260742,9.896568298339844
0,0,0,0,46.65021514892578,25.98326873779297,9.896514892578125
0,0,0,0,46.597103118896484,25.931076049804688,9.896476745605469
0,0,0,0,46.55734634399414,25.89214515686035,9.896377563476562
0,0,0,0,46.517860412597656,25.853225708007812,9.896171569824219
0,0,0,0,46.465293884277344,25.801403045654297,9.895851135253906
0,0,0,0,46.42605972290039,25.762571334838867,9.89556884765625
0,0,0,0,46.38692855834961,25.72393798828125,9.89520263671875
0,0,0,0,46.334991455078125,25.67239761352539,9.89459228515625
0,0,0,0,46.2961311340332,25.633670806884766,9.894027709960938
0,0,0,0,46.257286071777344,25.594884872436523,9.893386840820312
0,0,0,0,46.205543518066406,25.543231964111328,9.892349243164062
0,0,0,0,46.16669845581055,25.504453659057617,9.891410827636719
0,0,0,0,46.127872467041016,25.4655704498291,9.890357971191406
0,0,0,0,46.075927734375,25.413673400878906,9.888839721679688
0,0,0,0,46.03697967529297,25.374664306640625,9.887657165527344
0,0,0,0,45.997859954833984,25.33563804626465,9.886428833007812
0,0,0,0,45.945735931396484,25.28337287902832,9.884765625
0,0,0,0,45.90645217895508,25.244131088256836,9.883499145507812
0,0,0,0,45.86711883544922,25.204750061035156,9.882217407226562
0,0,0,0,45.81439971923828,25.152185440063477,9.880523681640625
0,0,0,0,45.774818420410156,25.112607955932617,9.87933349609375
0,0,0,0,45.735145568847656,25.073101043701172,9.878166198730469
0,0,0,0,45.68230056762695,25.020416259765625,9.876678466796875
0,0,0,0,45.642662048339844,24.980974197387695,9.875625610351562
0,0,0,0,45.60307693481445,24.941518783569336,9.874626159667969
0,0,0,0,45.55035400390625,24.889087677001953,9.873359680175781
0,0,0,0,45.51079559326172,24.849733352661133,9.872451782226562
0,0,0,0,45.471290588378906,24.81037139892578,9.871612548828125
0,0,0,0,45.418701171875,24.758020401000977,9.870529174804688
0,0,0,0,45.37945556640625,24.71887969970703,9.869712829589844
0,0,0,0,45.3402214050293,24.679832458496094,9.868888854980469
0,0,0,0,45.28814697265625,24.62778091430664,9.867744445800781
0,0,0,0,45.24906921386719,24.588802337646484,9.866874694824219
0,0,0,0,45.210113525390625,24.54975128173828,9.866020202636719
0,0,0,0,45.15808868408203,24.497766494750977,9.864982604980469
0,0,0,0,45.11922836303711,24.45882225036621,9.864234924316406
0,0,0,0,45.08041000366211,24.420085906982422,9.863449096679688
0,0,0,0,45.02881622314453,24.368385314941406,9.862388610839844
0,0,0,0,44.990081787109375,24.329605102539062,9.861595153808594
0,0,0,0,44.95140075683594,24.290712356567383,9.860816955566406
0,0,0,0,44.899818420410156,24.238855361938477,9.859817504882812
0,0,0,0,44.86115646362305,24.19989013671875,9.859100341796875
0,0,0,0,44.82249450683594,24.160921096801758,9.858444213867188
0,0,0,0,44.77082824707031,24.108781814575195,9.857635498046875
0,0,0,0,44.73202896118164,24.069520950317383,9.8570556640625
0,0,0,0,44.6931037902832,24.030155181884766,9.856498718261719
0,0,0,0,44.64122772216797,23.977563858032227,9.855781555175781
0,0,0,0,44.602210998535156,23.938127517700195,9.855224609375
0,0,0,0,44.56321716308594,23.898603439331055,9.854637145996094
0,0,0,0,44.51099395751953,23.84592056274414,9.853851318359375
0,0,0,0,44.47180938720703,23.806303024291992,9.853233337402344
0,0,0,0,44.43246078491211,23.766691207885742,9.852554321289062
0,0,0,0,44.38003921508789,23.713708877563477,9.851577758789062
0,0,0,0,44.340576171875,23.673931121826172,9.85076904296875
0,0,0,0,44.301124572753906,23.633989334106445,9.84991455078125
0,0,0,0,44.248451232910156,23.58072280883789,9.848724365234375
0,0,0,0,44.2089958190918,23.54070281982422,9.847763061523438
0,0,0,0,44.1695556640625,23.500713348388672,9.846748352050781
0,0,0,0,44.11704635620117,23.44731330871582,9.8453369140625
0,0,0,0,44.077728271484375,23.407257080078125,9.844253540039062
0,0,0,0,44.03836441040039,23.367168426513672,9.843177795410156
0,0,0,0,43.98590850830078,23.313688278198242,9.841766357421875
0,0,0,0,43.94646453857422,23.273536682128906,9.840744018554688
0,0,0,0,43.90703582763672,23.23330307006836,9.839836120605469
0,0,0,0,43.85433578491211,23.179655075073242,9.838790893554688
0,0,0,0,43.8149528503418,23.139455795288086,9.838066101074219
0,0,0,0,43.77552032470703,23.099409103393555,9.837379455566406
0,0,0,0,43.72309875488281,23.04595947265625,9.836540222167969
0,0,0,0,43.683738708496094,23.005929946899414,9.835968017578125
0,0,0,0,43.644474029541016,22.96582794189453,9.835418701171875
0,0,0,0,43.59200668334961,22.912416458129883,9.834640502929688
0,0,0,0,43.55270767211914,22.872257232666016,9.834083557128906
0,0,0,0,43.5133171081543,22.83209800720215,9.833534240722656
0,0,0,0,43.46074295043945,22.778371810913086,9.832855224609375
0,0,0,0,43.42122268676758,22.738004684448242,9.832359313964844
0,0,0,0,43.381587982177734,22.69753646850586,9.831871032714844
0,0,0,0,43.32859802246094,22.64349365234375,9.831268310546875
0,0,0,0,43.288719177246094,22.60286521911621,9.830795288085938
0,0,0,0,43.248844146728516,22.56216049194336,9.830291748046875
0,0,0,0,43.19548797607422,22.507814407348633,9.829544067382812
0,0,0,0,43.155487060546875,22.466934204101562,9.8289794921875
0,0,0,0,43.11534881591797,22.426061630249023,9.828399658203125
0,0,0,0,43.06187057495117,22.37147331237793,9.827590942382812
0,0,0,0,43.02161407470703,22.3305606842041,9.826934814453125
0,0,0,0,42.98137283325195,22.289527893066406,9.8262939453125
0,0,0,0,42.92760467529297,22.234941482543945,9.825485229492188
0,0,0,0,42.88750076293945,22.194154739379883,9.824821472167969
0,0,0,0,42.84748077392578,22.15361976623535,9.824089050292969
0,0,0,0,42.7943000793457,22.0996036529541,9.822990417480469
0,0,0,0,42.75446319580078,22.05919075012207,9.822052001953125
0,0,0,0,42.71470642089844,22.018781661987305,9.821029663085938
0,0,0,0,42.66176223754883,21.96501350402832,9.819572448730469
0,0,0,0,42.622032165527344,21.92470932006836,9.818473815917969
0,0,0,0,42.58232879638672,21.88441276550293,9.817390441894531
0,0,0,0,42.52936553955078,21.8306827545166,9.815910339355469
0,0,0,0,42.489715576171875,21.79035186767578,9.814750671386719
0,0,0,0,42.449947357177734,21.750032424926758,9.8135986328125
0,0,0,0,42.39693069458008,21.696155548095703,9.811996459960938
0,0,0,0,42.35696792602539,21.65570640563965,9.810752868652344
0,0,0,0,42.31700897216797,21.615129470825195,9.809501647949219
0,0,0,0,42.263519287109375,21.5610294342041,9.807868957519531
0,0,0,0,42.223411560058594,21.52033042907715,9.80670166015625
0,0,0,0,42.18315124511719,21.47966957092285,9.805595397949219
0,0,0,0,42.12943649291992,21.425357818603516,9.804176330566406
0,0,0,0,42.089019775390625,21.384634017944336,9.80316162109375
0,0,0,0,42.048614501953125,21.34383201599121,9.802207946777344
0,0,0,0,41.994598388671875,21.289480209350586,9.801017761230469
0,0,0,0,41.95399475097656,21.248641967773438,9.800201416015625
0,0,0,0,41.91332244873047,21.20784568786621,9.799430847167969
0,0,0,0,41.859012603759766,21.153488159179688,9.798439025878906
0,0,0,0,41.818241119384766,21.112733840942383,9.797760009765625
0,0,0,0,41.77737045288086,21.07198715209961,9.797134399414062
0,0,0,0,41.722896575927734,21.017667770385742,9.796363830566406
0,0,0,0,41.68189239501953,20.97698211669922,9.795783996582031
0,0,0,0,41.64092254638672,20.936222076416016,9.795181274414062
0,0,0,0,41.58610153198242,20.881916046142578,9.794395446777344
0,0,0,0,41.545013427734375,20.841094970703125,9.793861389160156
0,0,0,0,41.50377655029297,20.80034637451172,9.793342590332031
0,0,0,0,41.4488525390625,20.74600601196289,9.792587280273438
0,0,0,0,41.407562255859375,20.70533561706543,9.791969299316406
0,0,0,0,41.36628723144531,20.66459083557129,9.791343688964844
0,0,0,0,41.311134338378906,20.61040496826172,9.79052734375
0,0,0,0,41.26980972290039,20.569793701171875,9.789909362792969
0,0,0,0,41.228477478027344,20.529314041137695,9.789314270019531
0,0,0,0,41.17338943481445,20.47532081604004,9.788597106933594
0,0,0,0,41.132137298583984,20.434907913208008,9.788078308105469
0,0,0,0,41.09090042114258,20.394548416137695,9.787567138671875
0,0,0,0,41.036006927490234,20.3408145904541,9.78692626953125
0,0,0,0,40.994781494140625,20.3005313873291,9.786483764648438
0,0,0,0,40.9536247253418,20.260204315185547,9.786048889160156
0,0,0,0,40.898677825927734,20.20644760131836,9.785469055175781
0,0,0,0,40.85759353637695,20.166109085083008,9.785018920898438
0,0,0,0,40.816429138183594,20.125844955444336,9.784553527832031
0,0,0,0,40.761688232421875,20.07204246520996,9.783950805664062
0,0,0,0,40.72062683105469,20.03176498413086,9.783538818359375
0,0,0,0,40.666046142578125,19.97799301147461,9.783004760742188
0,0,0,0,40.6251106262207,19.937713623046875,9.782569885253906
0,0,0,0,40.58425521850586,19.897367477416992,9.782127380371094
0,0,0,0,40.52983474731445,19.843608856201172,9.781517028808594
0,0,0,0,40.489044189453125,19.803226470947266,9.781028747558594
0,0,0,0,40.448246002197266,19.76283836364746,9.780532836914062
0,0,0,0,40.39381408691406,19.708877563476562,9.779830932617188
0,0,0,0,40.353057861328125,19.668344497680664,9.779312133789062
0,0,0,0,40.31223678588867,19.627796173095703,9.778823852539062
0,0,0,0,40.257930755615234,19.573678970336914,9.77813720703125
0,0,0,0,40.217159271240234,19.533063888549805,9.777610778808594
0,0,0,0,40.17646789550781,19.492326736450195,9.777046203613281
0,0,0,0,40.12208557128906,19.43796730041504,9.776275634765625
0,0,0,0,40.08140563964844,19.397066116333008,9.775711059570312
0,0,0,0,40.04059600830078,19.35617446899414,9.775154113769531
0,0,0,0,39.9862174987793,19.301443099975586,9.774452209472656
0,0,0,0,39.945343017578125,19.260393142700195,9.773941040039062
0,0,0,0,39.904502868652344,19.219228744506836,9.773475646972656
0,0,0,0,39.84990310668945,19.164308547973633,9.77288818359375
0,0,0,0,39.80891799926758,19.12300682067871,9.772476196289062
0,0,0,0,39.767921447753906,19.081684112548828,9.772117614746094
0,0,0,0,39.71324920654297,19.026491165161133,9.771720886230469
0,0,0,0,39.672264099121094,18.985017776489258,9.771469116210938
0,0,0,0,39.631229400634766,18.94344711303711,9.771263122558594
0,0,0,0,39.576637268066406,18.888004302978516,9.771011352539062
0,0,0,0,39.535648345947266,18.846445083618164,9.77081298828125
0,0,0,0,39.4947624206543,18.804874420166016,9.770614624023438
0,0,0,0,39.44015121459961,18.7495174407959,9.770378112792969
0,0,0,0,39.3993034362793,18.70794105529785,9.770233154296875
0,0,0,0,39.35835266113281,18.666410446166992,9.770088195800781
0,0,0,0,39.3038444519043,18.610916137695312,9.769905090332031
0,0,0,0,39.262901306152344,18.5693416595459,9.769790649414062
0,0,0,0,39.22205352783203,18.527700424194336,9.769706726074219
0,0,0,0,39.16758346557617,18.472332000732422,9.769630432128906
0,0,0,0,39.12678909301758,18.430763244628906,9.7696533203125
0,0,0,0,39.08594512939453,18.38924217224121,9.769767761230469
0,0,0,0,39.03151321411133,18.333820343017578,9.770011901855469
0,0,0,0,38.990665435791016,18.292293548583984,9.770248413085938
0,0,0,0,38.949790954589844,18.250751495361328,9.770500183105469
0,0,0,0,38.89529037475586,18.19542121887207,9.770904541015625
0,0,0,0,38.85428237915039,18.153926849365234,9.771209716796875
0,0,0,0,38.813331604003906,18.112409591674805,9.771522521972656
0,0,0,0,38.758689880371094,18.05704689025879,9.771926879882812
0,0,0,0,38.717803955078125,18.015443801879883,9.772262573242188
0,0,0,0,38.67683410644531,17.973899841308594,9.772605895996094
0,0,0,0,38.622314453125,17.918455123901367,9.773056030273438
0,0,0,0,38.58135986328125,17.876937866210938,9.773399353027344
0,0,0,0,38.540557861328125,17.835365295410156,9.773773193359375
0,0,0,0,38.4860954284668,17.780000686645508,9.774253845214844
0,0,0,0,38.44535827636719,17.73842430114746,9.774620056152344
0,0,0,0,38.40458679199219,17.696910858154297,9.774948120117188
0,0,0,0,38.35029983520508,17.641510009765625,9.775344848632812
0,0,0,0,38.30955505371094,17.60001564025879,9.775657653808594
0,0,0,0,38.26887130737305,17.558570861816406,9.775924682617188
0,0,0,0,38.21470260620117,17.503498077392578,9.776222229003906
0,0,0,0,38.174076080322266,17.462284088134766,9.776473999023438
0,0,0,0,38.13359451293945,17.42120933532715,9.776710510253906
0,0,0,0,38.07975769042969,17.366657257080078,9.777046203613281
0,0,0,0,38.03953170776367,17.325820922851562,9.777305603027344
0,0,0,0,37.99928665161133,17.285078048706055,9.777572631835938
0,0,0,0,37.94581604003906,17.230886459350586,9.777923583984375
0,0,0,0,37.90568161010742,17.190372467041016,9.778205871582031
0,0,0,0,37.865665435791016,17.149824142456055,9.77850341796875
0,0,0,0,37.81222152709961,17.0958251953125,9.778877258300781
0,0,0,0,37.77217483520508,17.055261611938477,9.779182434082031
0,0,0,0,37.73198318481445,17.01474952697754,9.779510498046875
0,0,0,0,37.67836380004883,16.960556030273438,9.779914855957031
0,0,0,0,37.638031005859375,16.919918060302734,9.780189514160156
0,0,0,0,37.59765625,16.879180908203125,9.780426025390625
0,0,0,0,37.54363250732422,16.82492446899414,9.780708312988281
0,0,0,0,37.503021240234375,16.7841854095459,9.780876159667969
0,0,0,0,37.46232604980469,16.743444442749023,9.780998229980469
0,0,0,0,37.40792465209961,16.68903350830078,9.781135559082031
0,0,0,0,37.36714172363281,16.648208618164062,9.781234741210938
0,0,0,0,37.32624053955078,16.607372283935547,9.781341552734375
0,0,0,0,37.271705627441406,16.552913665771484,9.781509399414062
0,0,0,0,37.23069381713867,16.512102127075195,9.781654357910156
0,0,0,0,37.189788818359375,16.471195220947266,9.781806945800781
0,0,0,0,37.13512420654297,16.416675567626953,9.782005310058594
0,0,0,0,37.094146728515625,16.37574005126953,9.78216552734375
0,0,0,0,37.05303192138672,16.334877014160156,9.782341003417969
0,0,0,0,36.998291015625,16.280336380004883,9.782546997070312
0,0,0,0,36.9571647644043,16.239538192749023,9.782707214355469
0,0,0,0,36.91607666015625,16.198745727539062,9.782859802246094
0,0,0,0,36.86119079589844,16.14452362060547,9.7830810546875
0,0,0,0,36.82005310058594,16.103864669799805,9.783309936523438
0,0,0,0,36.77889633178711,16.063276290893555,9.783584594726562
0,0,0,0,36.724029541015625,16.00916862487793,9.783988952636719
0,0,0,0,36.68290328979492,15.968661308288574,9.7843017578125
0,0,0,0,36.64174270629883,15.928181648254395,9.784675598144531
0,0,0,0,36.58690643310547,15.874263763427734,9.785224914550781
0,0,0,0,36.54570007324219,15.833863258361816,9.785659790039062
0,0,0,0,36.50457763671875,15.793396949768066,9.786125183105469
0,0,0,0,36.45018768310547,15.740123748779297,9.786483764648438
0,0,0,0,36.41033935546875,15.701112747192383,9.784561157226562
0,0,0,0,36.371185302734375,15.663006782531738,9.7813720703125
0,0,0,0,36.32014083862305,15.613080024719238,9.776832580566406
0,0,0,0,36.28245544433594,15.576274871826172,9.773277282714844
0,0,0,0,36.245365142822266,15.53983211517334,9.769874572753906
0,0,0,0,36.19640350341797,15.491687774658203,9.765914916992188
0,0,0,0,36.16000747680664,15.455648422241211,9.76348876953125
0,0,0,0,36.123661041259766,15.41966724395752,9.761642456054688
0,0,0,0,36.07514953613281,15.371420860290527,9.760177612304688
0,0,0,0,36.03857421875,15.33498764038086,9.75982666015625
0,0,0,0,36.001747131347656,15.29827880859375,9.760108947753906
0,0,0,0,35.952171325683594,15.24889850616455,9.761459350585938
0,0,0,0,35.914573669433594,15.21154499053955,9.7630615234375
0,0,0,0,35.87678146362305,15.174002647399902,9.7650146484375
0,0,0,0,35.82600402832031,15.123821258544922,9.76800537109375
0,0,0,0,35.78779220581055,15.086098670959473,9.770538330078125
0,0,0,0,35.749359130859375,15.048357963562012,9.773277282714844
0,0,0,0,35.697994232177734,14.997734069824219,9.777107238769531
0,0,0,0,35.659183502197266,14.959600448608398,9.779891967773438
0,0,0,0,35.62032699584961,14.921174049377441,9.782539367675781
0,0,0,0,35.568199157714844,14.869656562805176,9.785789489746094
0,0,0,0,35.52899932861328,14.83067512512207,9.787979125976562
0,0,0,0,35.48958206176758,14.791532516479492,9.789939880371094
0,0,0,0,35.43693923950195,14.738968849182129,9.792198181152344
0,0,0,0,35.397403717041016,14.699471473693848,9.793563842773438
0,0,0,0,35.357845306396484,14.65985107421875,9.794677734375
0,0,0,0,35.30500411987305,14.606888771057129,9.795791625976562
0,0,0,0,35.26526641845703,14.567061424255371,9.796379089355469
0,0,0,0,35.225494384765625,14.52719783782959,9.796768188476562
0,0,0,0,35.172332763671875,14.473999977111816,9.7969970703125
0,0,0,0,35.1324462890625,14.434022903442383,9.797027587890625
0,0,0,0,35.092472076416016,14.394061088562012,9.796966552734375
0,0,0,0,35.03933334350586,14.340709686279297,9.796722412109375
0,0,0,0,34.99940490722656,14.300668716430664,9.796394348144531
0,0,0,0,34.959529876708984,14.260505676269531,9.795989990234375
0,0,0,0,34.906192779541016,14.206899642944336,9.795341491699219
0,0,0,0,34.866214752197266,14.166505813598633,9.794792175292969
0,0,0,0,34.82612991333008,14.12608528137207,9.79425048828125
0,0,0,0,34.772674560546875,14.07192611694336,9.79351806640625
0,0,0,0,34.732421875,14.031230926513672,9.79296875
0,0,0,0,34.69210433959961,13.9903564453125,9.792457580566406
0,0,0,0,34.63820266723633,13.935802459716797,9.791824340820312
0,0,0,0,34.59779739379883,13.894862174987793,9.791351318359375
0,0,0,0,34.55738830566406,13.853931427001953,9.790870666503906
0,0,0,0,34.50346374511719,13.799278259277344,9.790245056152344
0,0,0,0,34.46302032470703,13.75821590423584,9.789810180664062
0,0,0,0,34.42246627807617,13.717156410217285,9.789421081542969
0,0,0,0,34.36838150024414,13.662383079528809,9.788970947265625
0,0,0,0,34.327659606933594,13.621271133422852,9.7886962890625
0,0,0,0,34.28693771362305,13.58008098602295,9.788467407226562
0,0,0,0,34.23238754272461,13.525177955627441,9.788200378417969
0,0,0,0,34.19148254394531,13.483946800231934,9.787994384765625
0,0,0,0,34.150413513183594,13.442777633666992,9.787757873535156
0,0,0,0,34.095611572265625,13.38774585723877,9.787368774414062
0,0,0,0,34.05437088012695,13.346576690673828,9.787033081054688
0,0,0,0,34.013084411621094,13.305363655090332,9.786659240722656
0,0,0,0,33.95773696899414,13.250624656677246,9.786102294921875
0,0,0,0,33.916133880615234,13.209603309631348,9.785667419433594
0,0,0,0,33.87441635131836,13.168717384338379,9.785232543945312
0,0,0,0,33.818729400634766,13.114326477050781,9.784675598144531
0,0,0,0,33.77694320678711,13.073675155639648,9.784210205078125
0,0,0,0,33.73504638671875,13.033096313476562,9.783714294433594
0,0,0,0,33.67906188964844,12.979146957397461,9.782966613769531
0,0,0,0,33.63687515258789,12.938811302185059,9.782356262207031
0,0,0,0,33.59463119506836,12.898540496826172,9.781745910644531
0,0,0,0,33.538028717041016,12.845074653625488,9.780952453613281
0,0,0,0,33.495521545410156,12.805081367492676,9.780303955078125
0,0,0,0,33.45280075073242,12.765289306640625,9.77960205078125
0,0,0,0,33.39580154418945,12.712395668029785,9.77862548828125
0,0,0,0,33.35285949707031,12.672924041748047,9.777824401855469
0,0,0,0,33.309871673583984,12.633476257324219,9.777000427246094
0,0,0,0,33.25221633911133,12.581144332885742,9.77593994140625
0,0,0,0,33.208866119384766,12.542015075683594,9.775161743164062
0,0,0,0,33.16532516479492,12.50307846069336,9.774444580078125
0,0,0,0,33.10710525512695,12.451313018798828,9.773551940917969
0,0,0,0,33.063255310058594,12.412735939025879,9.77288818359375
0,0,0,0,33.01923370361328,12.374334335327148,9.772239685058594
0,0,0,0,32.960296630859375,12.323554992675781,9.7713623046875
0,0,0,0,32.91584777832031,12.28575611114502,9.770668029785156
0,0,0,0,32.871280670166016,12.248202323913574,9.769927978515625
0,0,0,0,32.81145477294922,12.198562622070312,9.76885986328125
0,0,0,0,32.76639175415039,12.161575317382812,9.768058776855469
0,0,0,0,32.72101974487305,12.124895095825195,9.767234802246094
0,0,0,0,32.6602668762207,12.076340675354004,9.76611328125
0,0,0,0,32.614402770996094,12.040258407592773,9.765266418457031
0,0,0,0,32.56843948364258,12.00436782836914,9.764442443847656
0,0,0,0,32.49137878417969,11.945335388183594,9.763023376464844
0,0,0,0,32.44496154785156,11.910355567932129,9.762184143066406
0,0,0,0,32.413936614990234,11.887271881103516,9.761619567871094
0,0,0,0,32.35176086425781,11.84151554107666,9.760482788085938
0,0,0,0,32.30490493774414,11.807668685913086,9.7596435546875
0,0,0,0,32.25794219970703,11.774168968200684,9.7587890625
0,0,0,0,32.195030212402344,11.730180740356445,9.757637023925781
0,0,0,0,32.1475944519043,11.697611808776855,9.756797790527344
0,0,0,0,32.10000228881836,11.665400505065918,9.755989074707031
0,0,0,0,32.036190032958984,11.622994422912598,9.754920959472656
0,0,0,0,31.98813819885254,11.591568946838379,9.754127502441406
0,0,0,0,31.93976402282715,11.560469627380371,9.753349304199219
0,0,0,0,31.875,11.51938533782959,9.752349853515625
0,0,0,0,31.826068878173828,11.488973617553711,9.751632690429688
0,0,0,0,31.77699851989746,11.458757400512695,9.750938415527344
0,0,0,0,31.71120262145996,11.418898582458496,9.750045776367188
0,0,0,0,31.661739349365234,11.389205932617188,9.749374389648438
0,0,0,0,31.612024307250977,11.359811782836914,9.748710632324219
0,0,0,0,31.54557991027832,11.320932388305664,9.747817993164062
0,0,0,0,31.495527267456055,11.292081832885742,9.747108459472656
0,0,0,0,31.445384979248047,11.263345718383789,9.746337890625
0,0,0,0,31.378280639648438,11.225379943847656,9.745216369628906
0,0,0,0,31.32784080505371,11.197118759155273,9.744369506835938
0,0,0,0,31.277259826660156,11.16908073425293,9.743484497070312
0,0,0,0,31.20965003967285,11.131892204284668,9.742218017578125
0,0,0,0,31.158897399902344,11.104193687438965,9.741249084472656
0,0,0,0,31.1080379486084,11.076631546020508,9.740242004394531
0,0,0,0,31.040185928344727,11.04007625579834,9.738792419433594
0,0,0,0,30.9891357421875,11.012802124023438,9.737579345703125
0,0,0,0,30.93810272216797,10.985569953918457,9.736320495605469
0,0,0,0,30.869850158691406,10.949464797973633,9.734626770019531
0,0,0,0,30.818695068359375,10.922446250915527,9.733367919921875
0,0,0,0,30.76740074157715,10.895550727844238,9.732154846191406
0,0,0,0,30.699054718017578,10.859702110290527,9.730583190917969
0,0,0,0,30.64766502380371,10.832942008972168,9.729415893554688
0,0,0,0,30.59633445739746,10.80615520477295,9.728309631347656
0,0,0,0,30.527854919433594,10.770580291748047,9.726890563964844
0,0,0,0,30.476533889770508,10.743885040283203,9.725822448730469
0,0,0,0,30.4251651763916,10.71726131439209,9.724754333496094
0,0,0,0,30.35666275024414,10.681681632995605,9.723350524902344
0,0,0,0,30.305320739746094,10.654986381530762,9.722312927246094
0,0,0,0,30.253999710083008,10.628264427185059,9.72125244140625
0,0,0,0,30.185636520385742,10.592611312866211,9.719810485839844
0,0,0,0,30.13427734375,10.565826416015625,9.718727111816406
0,0,0,0,30.08300018310547,10.538997650146484,9.717689514160156
0,0,0,0,30.014516830444336,10.50318717956543,9.716346740722656
0,0,0,0,29.96324920654297,10.476243019104004,9.715362548828125
0,0,0,0,29.9118709564209,10.44930648803711,9.714393615722656
0,0,0,0,29.843395233154297,10.413240432739258,9.713203430175781
0,0,0,0,29.791912078857422,10.386215209960938,9.712440490722656
0,0,0,0,29.74057388305664,10.359131813049316,9.711753845214844
0,0,0,0,29.672090530395508,10.323073387145996,9.710968017578125
0,0,0,0,29.620817184448242,10.295919418334961,9.710472106933594
0,0,0,0,29.569528579711914,10.268768310546875,9.710029602050781
0,0,0,0,29.501323699951172,10.232396125793457,9.709518432617188
0,0,0,0,29.450252532958984,10.205081939697266,9.709152221679688
0,0,0,0,29.39922523498535,10.17763900756836,9.708763122558594
0,0,0,0,29.331268310546875,10.14090347290039,9.708274841308594
0,0,0,0,29.28034210205078,10.1132230758667,9.707939147949219
0,0,0,0,29.229541778564453,10.085397720336914,9.7076416015625
0,0,0,0,29.161823272705078,10.048090934753418,9.707283020019531
0,0,0,0,29.1112060546875,10.019916534423828,9.707023620605469
0,0,0,0,29.060617446899414,9.99166488647461,9.706756591796875
0,0,0,0,28.993417739868164,9.953679084777832,9.706352233886719
0,0,0,0,28.943050384521484,9.925018310546875,9.706031799316406
0,0,0,0,28.892881393432617,9.896027565002441,9.705680847167969
0,0,0,0,28.82599449157715,9.857048034667969,9.705207824707031
0,0,0,0,28.776020050048828,9.827460289001465,9.704864501953125
0,0,0,0,28.72610855102539,9.797690391540527,9.704505920410156
0,0,0,0,28.659908294677734,9.757499694824219,9.704025268554688
0,0,0,0,28.610424041748047,9.727076530456543,9.703666687011719
0,0,0,0,28.56117057800293,9.696314811706543,9.703262329101562
0,0,0,0,28.495786666870117,9.654900550842285,9.70269775390625
0,0,0,0,28.447002410888672,9.623449325561523,9.7022705078125
0,0,0,0,28.398487091064453,9.591686248779297,9.701866149902344
0,0,0,0,28.334135055541992,9.548784255981445,9.701347351074219
0,0,0,0,28.286230087280273,9.5161771774292,9.700950622558594
0,0,0,0,28.238475799560547,9.483221054077148,9.7005615234375
0,0,0,0,28.175270080566406,9.438655853271484,9.700088500976562
0,0,0,0,28.12809944152832,9.404788970947266,9.699821472167969
0,0,0,0,28.081317901611328,9.370460510253906,9.699592590332031
0,0,0,0,28.01927947998047,9.324148178100586,9.699333190917969
0,0,0,0,27.973129272460938,9.288893699645996,9.69921875
0,0,0,0,27.92717170715332,9.25333309173584,9.699180603027344
0,0,0,0,27.86637306213379,9.20522689819336,9.699165344238281
0,0,0,0,27.821033477783203,9.168766021728516,9.699234008789062
0,0,0,0,27.77602195739746,9.131889343261719,9.69940185546875
0,0,0,0,27.7164363861084,9.082231521606445,9.699745178222656
0,0,0,0,27.672094345092773,9.044541358947754,9.700080871582031
0,0,0,0,27.628032684326172,9.00654411315918,9.700477600097656
0,0,0,0,27.569711685180664,8.955368041992188,9.701080322265625
0,0,0,0,27.526329040527344,8.916618347167969,9.701614379882812
0,0,0,0,27.48318862915039,8.877565383911133,9.70220947265625
0,0,0,0,27.426124572753906,8.825020790100098,9.703102111816406
0,0,0,0,27.383533477783203,8.78532886505127,9.703834533691406
0,0,0,0,27.34130859375,8.745295524597168,9.704612731933594
0,0,0,0,27.28534698486328,8.691575050354004,9.705741882324219
0,0,0,0,27.243741989135742,8.650932312011719,9.706619262695312
0,0,0,0,27.20229148864746,8.610101699829102,9.707466125488281
0,0,0,0,27.14754295349121,8.555232048034668,9.708587646484375
0,0,0,0,27.106687545776367,8.51392936706543,9.709442138671875
0,0,0,0,27.06610679626465,8.472367286682129,9.710273742675781
0,0,0,0,27.012224197387695,8.416787147521973,9.711357116699219
0,0,0,0,26.97210693359375,8.374924659729004,9.712104797363281
0,0,0,0,26.93218231201172,8.333008766174316,9.712783813476562
0,0,0,0,26.879230499267578,8.276838302612305,9.713615417480469
0,0,0,0,26.839750289916992,8.234622955322266,9.714225769042969
0,0,0,0,26.800491333007812,8.192419052124023,9.714836120605469
0,0,0,0,26.748584747314453,8.13618278503418,9.715606689453125
0,0,0,0,26.709796905517578,8.093998908996582,9.716209411621094
0,0,0,0,26.671184539794922,8.051763534545898,9.716865539550781
0,0,0,0,26.619792938232422,7.9954833984375,9.717781066894531
0,0,0,0,26.581403732299805,7.953253746032715,9.718498229980469
0,0,0,0,26.542964935302734,7.9110822677612305,9.719261169433594
0,0,0,0,26.49180793762207,7.8548150062561035,9.720329284667969
0,0,0,0,26.453367233276367,7.812662124633789,9.72119140625
0,0,0,0,26.415002822875977,7.7704243659973145,9.722084045410156
0,0,0,0,26.363698959350586,7.714206695556641,9.72332763671875
0,0,0,0,26.32522201538086,7.672045707702637,9.724281311035156
0,0,0,0,26.286649703979492,7.629992485046387,9.725273132324219
0,0,0,0,26.22223472595215,7.559841632843018,9.72705078125
0,0,0,0,26.196435928344727,7.531784534454346,9.727806091308594
0,0,0,0,26.15768051147461,7.489748477935791,9.728935241699219
0,0,0,0,26.1059627532959,7.433864593505859,9.730484008789062
0,0,0,0,26.067075729370117,7.392005443572998,9.731666564941406
0,0,0,0,26.0281982421875,7.350181579589844,9.732826232910156
0,0,0,0,25.97620964050293,7.294567584991455,9.734283447265625
0,0,0,0,25.937231063842773,7.2528791427612305,9.735275268554688
0,0,0,0,25.89807891845703,7.2112507820129395,9.736198425292969
0,0,0,0,25.845876693725586,7.155761241912842,9.737297058105469
0,0,0,0,25.806547164916992,7.114233016967773,9.738044738769531
0,0,0,0,25.767183303833008,7.072668552398682,9.738739013671875
0,0,0,0,25.71442985534668,7.0174174308776855,9.73956298828125
0,0,0,0,25.67479133605957,6.975932598114014,9.740127563476562
0,0,0,0,25.634965896606445,6.9345598220825195,9.740615844726562
0,0,0,0,25.581785202026367,6.879426002502441,9.741218566894531
0,0,0,0,25.541765213012695,6.83818244934082,9.74163818359375
0,0,0,0,25.501609802246094,6.796912670135498,9.742042541503906
0,0,0,0,25.44777488708496,6.741975784301758,9.742607116699219
0,0,0,0,25.407201766967773,6.700778961181641,9.7430419921875
0,0,0,0,25.366531372070312,6.65963077545166,9.743492126464844
0,0,0,0,25.312088012695312,6.604757308959961,9.744110107421875
0,0,0,0,25.27118492126465,6.563597202301025,9.744621276855469
0,0,0,0,25.23011016845703,6.522485733032227,9.745162963867188
0,0,0,0,25.175296783447266,6.467696666717529,9.7459716796875
0,0,0,0,25.133995056152344,6.426692008972168,9.74664306640625
0,0,0,0,25.092737197875977,6.385652542114258,9.747413635253906
0,0,0,0,25.03756332397461,6.330974102020264,9.74859619140625
0,0,0,0,24.99622344970703,6.2899394035339355,9.749580383300781
0,0,0,0,24.954740524291992,6.248991012573242,9.750625610351562
0,0,0,0,24.89948081970215,6.1943440437316895,9.752090454101562
0,0,0,0,24.857980728149414,6.153408527374268,9.753242492675781
0,0,0,0,24.816556930541992,6.112381458282471,9.75445556640625
0,0,0,0,24.761280059814453,6.057750701904297,9.756050109863281
0,0,0,0,24.7198543548584,6.016700744628906,9.757247924804688
0,0,0,0,24.678436279296875,5.975622653961182,9.758468627929688
0,0,0,0,24.623302459716797,5.920897483825684,9.760147094726562
0,0,0,0,24.582191467285156,5.880077838897705,9.761390686035156
0,0,0,0,24.541181564331055,5.8393988609313965,9.762626647949219
0,0,0,0,24.486801147460938,5.785186767578125,9.764320373535156
0,0,0,0,24.44605827331543,5.744601249694824,9.765602111816406
0,0,0,0,24.4055118560791,5.704008102416992,9.766868591308594
0,0,0,0,24.3514404296875,5.649901390075684,9.768569946289062
0,0,0,0,24.311033248901367,5.60916805267334,9.769859313964844
0,0,0,0,24.270565032958984,5.56838321685791,9.771163940429688
0,0,0,0,24.21677589416504,5.513778209686279,9.772926330566406
0,0,0,0,24.176416397094727,5.472794532775879,9.77423095703125
0,0,0,0,24.13619613647461,5.431621551513672,9.775482177734375
0,0,0,0,24.082538604736328,5.376658916473389,9.777069091796875
0,0,0,0,24.042381286621094,5.335296154022217,9.7781982421875
0,0,0,0,24.00222396850586,5.293888092041016,9.779273986816406
0,0,0,0,23.948745727539062,5.23845911026001,9.780616760253906
0,0,0,0,23.908767700195312,5.196860313415527,9.781539916992188
0,0,0,0,23.86888313293457,5.155210971832275,9.782440185546875
0,0,0,0,23.815961837768555,5.099792957305908,9.783607482910156
0,0,0,0,23.776517868041992,5.058435916900635,9.784393310546875
0,0,0,0,23.737422943115234,5.017219066619873,9.785125732421875
0,0,0,0,23.685556411743164,4.962373733520508,9.786048889160156
0,0,0,0,23.64695167541504,4.921199321746826,9.786712646484375
0,0,0,0,23.608400344848633,4.880054950714111,9.787353515625
0,0,0,0,23.557342529296875,4.825023174285889,9.788192749023438
0,0,0,0,23.519155502319336,4.783751964569092,9.788803100585938
0,0,0,0,23.481185913085938,4.742318153381348,9.789421081542969
0,0,0,0,23.430580139160156,4.686897277832031,9.790229797363281
0,0,0,0,23.39272117614746,4.645079135894775,9.790870666503906
0,0,0,0,23.354862213134766,4.603212356567383,9.791526794433594
0,0,0,0,23.30453872680664,4.547112464904785,9.792396545410156
0,0,0,0,23.266817092895508,4.504847526550293,9.793083190917969
0,0,0,0,23.229206085205078,4.462432861328125,9.793792724609375
0,0,0,0,23.179231643676758,4.405896186828613,9.794708251953125
0,0,0,0,23.141834259033203,4.363465785980225,9.795318603515625
0,0,0,0,23.10457420349121,4.320965766906738,9.795906066894531
0,0,0,0,23.054977416992188,4.264144420623779,9.796646118164062
0,0,0,0,23.017990112304688,4.221484184265137,9.797126770019531
0,0,0,0,22.98105812072754,4.178818225860596,9.797569274902344
0,0,0,0,22.93210792541504,4.121703624725342,9.79815673828125
0,0,0,0,22.895395278930664,4.07874059677124,9.798576354980469
0,0,0,0,22.858882904052734,4.035667419433594,9.798942565917969
0,0,0,0,22.810279846191406,3.978210926055908,9.799407958984375
0,0,0,0,22.774015426635742,3.934891939163208,9.799781799316406
0,0,0,0,22.73777961730957,3.891547203063965,9.800155639648438
0,0,0,0,22.689653396606445,3.8334834575653076,9.800651550292969
0,0,0,0,22.65358543395996,3.7898242473602295,9.801109313964844
0,0,0,0,22.61772918701172,3.7461354732513428,9.801582336425781
0,0,0,0,22.570201873779297,3.688047170639038,9.802139282226562
0,0,0,0,22.53473472595215,3.644395589828491,9.80255126953125
0,0,0,0,22.4995059967041,3.6007328033447266,9.802909851074219
0,0,0,0,22.452821731567383,3.5425236225128174,9.803352355957031
0,0,0,0,22.418031692504883,3.498812437057495,9.803703308105469
0,0,0,0,22.38332748413086,3.455071210861206,9.804092407226562
0,0,0,0,22.337438583374023,3.3968400955200195,9.804557800292969
0,0,0,0,22.303205490112305,3.3533356189727783,9.804840087890625
0,0,0,0,22.26931381225586,3.309919834136963,9.805107116699219
0,0,0,0,22.22437858581543,3.2522714138031006,9.80535888671875
0,0,0,0,22.191041946411133,3.209124803543091,9.805519104003906
0,0,0,0,22.157846450805664,3.1661345958709717,9.805633544921875
0,0,0,0,22.114028930664062,3.1088809967041016,9.80572509765625
0,0,0,0,22.08133888244629,3.0661401748657227,9.805763244628906
0,0,0,0,22.04886245727539,3.023466110229492,9.805770874023438
0,0,0,0,22.005672454833984,2.9668188095092773,9.805778503417969
0,0,0,0,21.973417282104492,2.924333333969116,9.805793762207031
0,0,0,0,21.94126319885254,2.8819429874420166,9.805862426757812
0,0,0,0,21.898536682128906,2.825451135635376,9.805976867675781
0,0,0,0,21.866600036621094,2.783109426498413,9.806076049804688
0,0,0,0,21.83464813232422,2.7407095432281494,9.806167602539062
0,0,0,0,21.79208755493164,2.684091329574585,9.806343078613281
0,0,0,0,21.760133743286133,2.6417670249938965,9.806503295898438
0,0,0,0,21.72831153869629,2.599419355392456,9.806671142578125
0,0,0,0,21.68573570251465,2.5427749156951904,9.806999206542969
0,0,0,0,21.653764724731445,2.500044107437134,9.80731201171875
0,0,0,0,21.621553421020508,2.457227945327759,9.807670593261719
0,0,0,0,21.578414916992188,2.3997435569763184,9.808174133300781
0,0,0,0,21.545799255371094,2.3564207553863525,9.808624267578125
0,0,0,0,21.513118743896484,2.312889337539673,9.809120178222656
0,0,0,0,21.469247817993164,2.254795551300049,9.809776306152344
0,0,0,0,21.43625259399414,2.2110776901245117,9.810295104980469
0,0,0,0,21.403112411499023,2.1673946380615234,9.810829162597656
0,0,0,0,21.35883331298828,2.1090636253356934,9.811607360839844
0,0,0,0,21.32558250427246,2.0653278827667236,9.812202453613281
0,0,0,0,21.292343139648438,2.0215930938720703,9.81280517578125
0,0,0,0,21.24803924560547,1.9631922245025635,9.813682556152344
0,0,0,0,21.214704513549805,1.919313669204712,9.81439208984375
0,0,0,0,21.181474685668945,1.8754884004592896,9.815048217773438
0,0,0,0,21.137229919433594,1.8172613382339478,9.815773010253906
0,0,0,0,21.10417938232422,1.7735868692398071,9.816276550292969
0,0,0,0,21.071083068847656,1.7299916744232178,9.816726684570312
0,0,0,0,21.027099609375,1.6719690561294556,9.817298889160156
0,0,0,0,20.994060516357422,1.628591537475586,9.817741394042969
0,0,0,0,20.96122169494629,1.585292935371399,9.818161010742188
0,0,0,0,20.91750717163086,1.5278499126434326,9.818702697753906
0,0,0,0,20.884868621826172,1.4847776889801025,9.819114685058594
0,0,0,0,20.852201461791992,1.4417871236801147,9.819534301757812
0,0,0,0,20.808855056762695,1.3845027685165405,9.820182800292969
0,0,0,0,20.776521682739258,1.3417645692825317,9.820671081542969
0,0,0,0,20.744325637817383,1.2990885972976685,9.821182250976562
0,0,0,0,20.70161247253418,1.2424086332321167,9.821952819824219
0,0,0,0,20.669815063476562,1.2001773118972778,9.822517395019531
0,0,0,0,20.63823890686035,1.1582237482070923,9.823043823242188
0,0,0,0,20.59626007080078,1.102423906326294,9.823715209960938
0,0,0,0,20.564960479736328,1.0605968236923218,9.824241638183594
0,0,0,0,20.533666610717773,1.0189059972763062,9.82476806640625
0,0,0,0,20.49213218688965,0.9633713960647583,9.825454711914062
0,0,0,0,20.460899353027344,0.9217351078987122,9.825973510742188
0,0,0,0,20.429698944091797,0.879921019077301,9.826492309570312
0,0,0,0,20.387792587280273,0.8239476680755615,9.827186584472656
0,0,0,0,20.356199264526367,0.7816250920295715,9.827690124511719
0,0,0,0,20.32429313659668,0.7391167283058167,9.828163146972656
0,0,0,0,20.28139877319336,0.6818850040435791,9.828834533691406
0,0,0,0,20.24882698059082,0.6386454105377197,9.829421997070312
0,0,0,0,20.215999603271484,0.5950782299041748,9.830062866210938
0,0,0,0,20.171688079833984,0.5365612506866455,9.831016540527344
0,0,0,0,20.138097763061523,0.492332398891449,9.831748962402344
0,0,0,0,20.104248046875,0.4478623569011688,9.832504272460938
0,0,0,0,20.058666229248047,0.3881562054157257,9.833580017089844
0,0,0,0,20.02423667907715,0.34312087297439575,9.834403991699219
0,0,0,0,19.989521026611328,0.297902375459671,9.835273742675781
0,0,0,0,19.94304656982422,0.23736804723739624,9.836555480957031
0,0,0,0,19.907936096191406,0.19185367226600647,9.837532043457031
0,0,0,0,19.872785568237305,0.14618922770023346,9.838554382324219
0,0,0,0,19.82558250427246,0.08528201282024384,9.839927673339844
0,0,0,0,19.79013442993164,0.03942897170782089,9.840988159179688
0,0,0,0,19.754499435424805,-0.006449396256357431,9.842063903808594
0,0,0,0,19.706968307495117,-0.06784913688898087,9.843513488769531
0,0,0,0,19.67119598388672,-0.11391957104206085,9.844619750976562
0,0,0,0,19.635440826416016,-0.16009822487831116,9.845703125
0,0,0,0,19.587650299072266,-0.2216462939977646,9.847137451171875
0,0,0,0,19.55177879333496,-0.26790446043014526,9.848251342773438
0,0,0,0,19.515892028808594,-0.3141673803329468,9.849449157714844
0,0,0,0,19.468063354492188,-0.375918984413147,9.851173400878906
0,0,0,0,19.432226181030273,-0.42222681641578674,9.852500915527344
0,0,0,0,19.396366119384766,-0.4685490131378174,9.853874206542969
0,0,0,0,19.348623275756836,-0.5303406715393066,9.8558349609375
0,0,0,0,19.312759399414062,-0.5766677260398865,9.857368469238281
0,0,0,0,19.276981353759766,-0.6230311989784241,9.85894775390625
0,0,0,0,19.22919464111328,-0.6847822070121765,9.861091613769531
0,0,0,0,19.19346809387207,-0.7311322689056396,9.862678527832031
0,0,0,0,19.15766716003418,-0.7773982882499695,9.864212036132812
0,0,0,0,19.110107421875,-0.8391067385673523,9.866203308105469
0,0,0,0,19.074398040771484,-0.8852982521057129,9.867683410644531
0,0,0,0,19.03876304626465,-0.9315592646598816,9.869194030761719
0,0,0,0,18.991138458251953,-0.9931988716125488,9.871192932128906
0,0,0,0,18.955432891845703,-1.0395193099975586,9.8726806640625
0,0,0,0,18.91968536376953,-1.085783839225769,9.874137878417969
0,0,0,0,18.872079849243164,-1.1475657224655151,9.876052856445312
0,0,0,0,18.836381912231445,-1.1939144134521484,9.877464294433594
0,0,0,0,18.80067253112793,-1.2402855157852173,9.878799438476562
0,0,0,0,18.753074645996094,-1.3020799160003662,9.8804931640625
0,0,0,0,18.71733283996582,-1.348467469215393,9.881729125976562
0,0,0,0,18.681684494018555,-1.3948867321014404,9.8829345703125
0,0,0,0,18.634077072143555,-1.4567787647247314,9.884475708007812
0,0,0,0,18.598413467407227,-1.503205418586731,9.885589599609375
0,0,0,0,18.562685012817383,-1.5495460033416748,9.886680603027344
0,0,0,0,18.515220642089844,-1.6112796068191528,9.888076782226562
0,0,0,0,18.479602813720703,-1.6573944091796875,9.88909912109375
0,0,0,0,18.444231033325195,-1.7033714056015015,9.890090942382812
0,0,0,0,18.397340774536133,-1.7640339136123657,9.891342163085938
0,0,0,0,18.362611770629883,-1.8090571165084839,9.892257690429688
0,0,0,0,18.32822608947754,-1.8534855842590332,9.893135070800781
0,0,0,0,18.283172607421875,-1.9119130373001099,9.894233703613281
0,0,0,0,18.249942779541016,-1.9549394845962524,9.894966125488281
0,0,0,0,18.217304229736328,-1.9972517490386963,9.895599365234375
0,0,0,0,18.174766540527344,-2.05226993560791,9.896247863769531
0,0,0,0,18.143604278564453,-2.0924558639526367,9.896560668945312
0,0,0,0,18.113195419311523,-2.131643533706665,9.896720886230469
0,0,0,0,18.073801040649414,-2.1822047233581543,9.896728515625
0,0,0,0,18.045270919799805,-2.2188446521759033,9.896537780761719
                                                                                                                                                                                                                                                                                                                                                                                                                                                                                                                                                                                                                                                                                                                                                                                                                                                                                                                                                                                                                                                                                                                                                                                                                                                                                                                                                                                                                                                                                                                                                                                                                                                                                                                                                                                                                                                                                                                                                                                                                                                                                                                                                                                                                                                                                                                                                                                                                                                                                                                                                                                                                                                                                                                                                                                                                                                                                                                                                                                                                                                                                                                                                                                                                                                                                                                                                                                                                                                                                                                                                                                                                                                                                                                                                                                                                                                                                                                                                                                                                                                                                                                                                                                                                                                                                                                                                                                                                                                                                                                                                                                                                                                                                                                                                                                                                                                                                                                                                                                                                                                                                                                                                                                                                                                                                                                                                                                                                                                                                                                                                                                                                                                                                                                                                                                                                                                                                                                                                                                                                                                                                                                                                                                                                                                                                                                                                                                                                                                                                                                                                                                                                                                                                                                                                                                                                                                                                                                                                                                                                                                                                                                                                                                                                                                                                                                                                                                                                                                                                                                                                                                                                                                                                                                                                                                                                                                                                                                                                                                                                                                                                                                                                                                                                                                                                                                                                                                                                                                                                                                                                                                                                                                                                                                                                                                                                                                                                                                                                                                                                                                                                                                                                                                                                                                                                                                                                                                                                                                                                                                                                                                                                                                                                                                                                                                                                                                                                                                                                                                                                                                                                                                                                                                                                                                                                                                                                                                                                                                                                                                                                                                                                                                                                                                                                                                                                                                                                                                                                                                                                                                                                                                                                                                                                                                                                                                                                                                                                                                                                                                                                                                                                                                                                                                                                                                                                                                                                                                                                                                                                                                                                                                                                                                                                                                                                                                                                                                                                                                                                                                                                                                                                                                                                                                                                                                                                                                                                                                                                                                                                                                                                                                                                                                                                                                                                                                                                                                                                                                                                                                                                                                                                                                                                                                                                                                                                                                                                                                                                                                                                                                                                                                                                                                                                                                                                                                                                                                                                                                                                                                                                                                                                                                                                                                                                                                                                                                                                                                                                                                                                                                                                                                                                                                                                                                                                                                                                                                                                                                                                                                                                                                                                                                                                                                                                                                                                                                                                                                                                                                                                                                                                                                                                                                                                                                                                                                                                                                                                                                                                                                                                                                                                                                                                                                                                                                                                                                                                                                                                                                                                                                                                                                                                                                                                                                                                                                                                                                                                                                                                                                                                                                                                                                                                                                                                                                                                                                                                                                                                                                                                                                                                                                                                                                                                                                                                                                                                                                                                                                                                                                                                                                                                                                                                                                                                                                                                                                                                                                                                                                                                                                                                                                                                                                                                                                                                                                                                                                                                                                                                                                                                                                                                                                                                                                                                                                                                                                                                                                                                                                                                                                                                                                                                                                                                                                                                                                                                                                                                                                                                                                                                                                                                                                                                                                                                                                                                                                                                                                                                                                                                                                                                                                                                                                                                                                                                                                                                                                                                                                                                                                                                                                                                                                                                                                                                                                                                                                                                                                                                                                                                                                                                                                                                                                                                                                                                                                                                                                                                                                                                                                                                                                                                                                                                                                                                                                                                                                                                                                                                                                                                                                                                                                                                                                                                                                                                                                                                                                                                                                                                                                                                                                                                                                                                                                                                                                                                                                                                                                                                                                                                                                                                                                                                                                                                                                                                                                                                                                                                                                                                                                                                                                                                                                                                                                                                                                                                                                                                                                                                                                                                                                                                                                                                                                                                                                                                                                                                                                                                                                                                                                                                                                                                                                                                                                                                                                            0,0,0,0,14.62851333618164,21.05664825439453,9.876983642578125
0,0,0,0,14.62860107421875,21.05657958984375,9.876998901367188
0,0,0,0,14.628671646118164,21.056415557861328,9.876991271972656
0,0,0,0,14.628721237182617,21.056259155273438,9.876945495605469
0,0,0,0,14.62867259979248,21.056089401245117,9.8768310546875
0,0,0,0,14.628664016723633,21.055814743041992,9.87664794921875
0,0,0,0,14.628586769104004,21.05561065673828,9.876518249511719
0,0,0,0,14.628622055053711,21.05537223815918,9.876373291015625
0,0,0,0,14.628610610961914,21.0551700592041,9.876228332519531
0,0,0,0,14.6287260055542,21.05497932434082,9.876182556152344
0,0,0,0,14.6287841796875,21.054853439331055,9.876152038574219
0,0,0,0,14.629009246826172,21.054595947265625,9.876136779785156
0,0,0,0,14.629104614257812,21.054475784301758,9.876129150390625
0,0,0,0,14.629271507263184,21.0543155670166,9.876113891601562
0,0,0,0,14.629439353942871,21.05425262451172,9.876121520996094
0,0,0,0,14.629613876342773,21.054174423217773,9.876144409179688
0,0,0,0,14.629773139953613,21.05417251586914,9.876205444335938
0,0,0,0,14.6300048828125,21.054126739501953,9.876319885253906
0,0,0,0,14.630208969116211,21.054115295410156,9.876434326171875
0,0,0,0,14.630399703979492,21.05408477783203,9.876541137695312
0,0,0,0,14.630698204040527,21.054058074951172,9.876693725585938
0,0,0,0,14.63089370727539,21.05406951904297,9.876800537109375
0,0,0,0,14.631171226501465,21.054079055786133,9.87689208984375
0,0,0,0,14.631412506103516,21.054180145263672,9.877021789550781
0,0,0,0,14.631660461425781,21.054229736328125,9.877151489257812
0,0,0,0,14.631807327270508,21.054397583007812,9.877311706542969
0,0,0,0,14.63207721710205,21.054636001586914,9.877555847167969
0,0,0,0,14.632147789001465,21.054889678955078,9.877784729003906
0,0,0,0,14.632262229919434,21.05507469177246,9.878082275390625
0,0,0,0,14.632257461547852,21.055418014526367,9.87860107421875
0,0,0,0,14.632270812988281,21.055635452270508,9.879058837890625
0,0,0,0,14.632179260253906,21.055940628051758,9.879608154296875
0,0,0,0,14.632054328918457,21.056303024291992,9.880363464355469
0,0,0,0,14.63192081451416,21.056636810302734,9.88092041015625
0,0,0,0,14.631813049316406,21.056928634643555,9.8814697265625
0,0,0,0,14.6317138671875,21.057395935058594,9.882164001464844
0,0,0,0,14.631599426269531,21.05772590637207,9.882644653320312
0,0,0,0,14.631519317626953,21.058053970336914,9.883079528808594
0,0,0,0,14.63139820098877,21.0584716796875,9.883628845214844
0,0,0,0,14.63137149810791,21.058725357055664,9.884010314941406
0,0,0,0,14.631251335144043,21.05901336669922,9.884376525878906
0,0,0,0,14.631219863891602,21.059322357177734,9.88482666015625
0,0,0,0,14.63113784790039,21.059572219848633,9.885147094726562
0,0,0,0,14.63117504119873,21.059722900390625,9.885520935058594
0,0,0,0,14.631131172180176,21.059953689575195,9.886016845703125
0,0,0,0,14.631169319152832,21.06000518798828,9.886367797851562
0,0,0,0,14.631120681762695,21.06009292602539,9.88665771484375
0,0,0,0,14.631109237670898,21.060060501098633,9.886985778808594
0,0,0,0,14.631070137023926,21.060068130493164,9.887130737304688
0,0,0,0,14.631067276000977,21.059999465942383,9.887237548828125
0,0,0,0,14.63104248046875,21.05995750427246,9.887336730957031
0,0,0,0,14.630988121032715,21.059871673583984,9.88739013671875
0,0,0,0,14.630948066711426,21.059772491455078,9.887435913085938
0,0,0,0,14.630850791931152,21.05960464477539,9.887489318847656
0,0,0,0,14.630809783935547,21.059404373168945,9.887496948242188
0,0,0,0,14.630714416503906,21.059326171875,9.887474060058594
0,0,0,0,14.630691528320312,21.05913734436035,9.887428283691406
0,0,0,0,14.630603790283203,21.058988571166992,9.887359619140625
0,0,0,0,14.630622863769531,21.05872344970703,9.887260437011719
0,0,0,0,14.63058853149414,21.05841064453125,9.88714599609375
0,0,0,0,14.630668640136719,21.058134078979492,9.887069702148438
0,0,0,0,14.630640029907227,21.057937622070312,9.88702392578125
0,0,0,0,14.63071346282959,21.057601928710938,9.886978149414062
0,0,0,0,14.630744934082031,21.057390213012695,9.886955261230469
0,0,0,0,14.63082504272461,21.057119369506836,9.886932373046875
0,0,0,0,14.630843162536621,21.056873321533203,9.886878967285156
0,0,0,0,14.630816459655762,21.056671142578125,9.886802673339844
0,0,0,0,14.630762100219727,21.056533813476562,9.886703491210938
0,0,0,0,14.630690574645996,21.05630111694336,9.886566162109375
0,0,0,0,14.6306791305542,21.056116104125977,9.886405944824219
0,0,0,0,14.630619049072266,21.055917739868164,9.886199951171875
0,0,0,0,14.630578994750977,21.055662155151367,9.885826110839844
0,0,0,0,14.630461692810059,21.055530548095703,9.885467529296875
0,0,0,0,14.630461692810059,21.055391311645508,9.885055541992188
0,0,0,0,14.630358695983887,21.055246353149414,9.884437561035156
0,0,0,0,14.63034439086914,21.055078506469727,9.883979797363281
0,0,0,0,14.630248069763184,21.054969787597656,9.883499145507812
0,0,0,0,14.63027572631836,21.05475616455078,9.882904052734375
0,0,0,0,14.630239486694336,21.0546875,9.882514953613281
0,0,0,0,14.630267143249512,21.0545597076416,9.882102966308594
0,0,0,0,14.630192756652832,21.05447006225586,9.881500244140625
0,0,0,0,14.630166053771973,21.05434799194336,9.880973815917969
0,0,0,0,14.630083084106445,21.054283142089844,9.88043212890625
0,0,0,0,14.629976272583008,21.054174423217773,9.879730224609375
0,0,0,0,14.62984848022461,21.05417823791504,9.879203796386719
0,0,0,0,14.629654884338379,21.054224014282227,9.878707885742188
0,0,0,0,14.62939739227295,21.05437660217285,9.878150939941406
0,0,0,0,14.62913990020752,21.054590225219727,9.877792358398438
0,0,0,0,14.62896728515625,21.054851531982422,9.877494812011719
0,0,0,0,14.628671646118164,21.055294036865234,9.877143859863281
0,0,0,0,14.62853717803955,21.055622100830078,9.87689208984375
0,0,0,0,14.628302574157715,21.056081771850586,9.876640319824219
0,0,0,0,14.628166198730469,21.056713104248047,9.876312255859375
0,0,0,0,14.628047943115234,21.057260513305664,9.876068115234375
0,0,0,0,14.628060340881348,21.057722091674805,9.8758544921875
0,0,0,0,14.627963066101074,21.05845832824707,9.8756103515625
0,0,0,0,14.62792682647705,21.0589542388916,9.87548828125
0,0,0,0,14.627824783325195,21.059539794921875,9.875396728515625
0,0,0,0,14.627766609191895,21.060300827026367,9.875335693359375
0,0,0,0,14.627691268920898,21.060945510864258,9.875350952148438
0,0,0,0,14.627596855163574,21.06157684326172,9.875434875488281
0,0,0,0,14.627458572387695,21.062467575073242,9.875617980957031
0,0,0,0,14.627310752868652,21.063106536865234,9.875778198242188
0,0,0,0,14.627209663391113,21.063711166381836,9.875930786132812
0,0,0,0,14.627006530761719,21.06452751159668,9.876182556152344
0,0,0,0,14.62690258026123,21.06511688232422,9.876396179199219
0,0,0,0,14.626704216003418,21.06572914123535,9.876625061035156
0,0,0,0,14.626519203186035,21.066463470458984,9.876998901367188
0,0,0,0,14.626306533813477,21.06706428527832,9.877349853515625
0,0,0,0,14.62619400024414,21.067594528198242,9.877731323242188
0,0,0,0,14.625913619995117,21.068347930908203,9.878288269042969
0,0,0,0,14.625778198242188,21.068805694580078,9.878715515136719
0,0,0,0,14.62557315826416,21.069316864013672,9.879158020019531
0,0,0,0,14.62535285949707,21.069860458374023,9.879707336425781
0,0,0,0,14.62515640258789,21.07029914855957,9.880119323730469
0,0,0,0,14.624979019165039,21.070661544799805,9.880531311035156
0,0,0,0,14.624724388122559,21.07115364074707,9.881057739257812
0,0,0,0,14.624520301818848,21.07148551940918,9.881439208984375
0,0,0,0,14.624321937561035,21.071792602539062,9.881813049316406
0,0,0,0,14.624015808105469,21.072118759155273,9.882339477539062
0,0,0,0,14.623835563659668,21.072317123413086,9.882774353027344
0,0,0,0,14.623565673828125,21.072479248046875,9.883224487304688
0,0,0,0,14.623303413391113,21.072635650634766,9.88385009765625
0,0,0,0,14.623044967651367,21.072765350341797,9.884323120117188
0,0,0,0,14.622899055480957,21.072818756103516,9.884765625
0,0,0,0,14.622574806213379,21.072898864746094,9.885330200195312
0,0,0,0,14.62243938446045,21.0728702545166,9.8857421875
0,0,0,0,14.622221946716309,21.072908401489258,9.886138916015625
0,0,0,0,14.62206745147705,21.072805404663086,9.8865966796875
0,0,0,0,14.621905326843262,21.072751998901367,9.886886596679688
0,0,0,0,14.621831893920898,21.072620391845703,9.887130737304688
0,0,0,0,14.621688842773438,21.072511672973633,9.887428283691406
0,0,0,0,14.621604919433594,21.072399139404297,9.887626647949219
0,0,0,0,14.621541976928711,21.07233428955078,9.887786865234375
0,0,0,0,14.621459007263184,21.072216033935547,9.887908935546875
0,0,0,0,14.621421813964844,21.072179794311523,9.887916564941406
0,0,0,0,14.621356010437012,21.072179794311523,9.887870788574219
0,0,0,0,14.621313095092773,21.072189331054688,9.887710571289062
0,0,0,0,14.621200561523438,21.072221755981445,9.887489318847656
0,0,0,0,14.621155738830566,21.07220458984375,9.88720703125
0,0,0,0,14.620963096618652,21.072216033935547,9.886749267578125
0,0,0,0,14.620893478393555,21.072181701660156,9.886360168457031
0,0,0,0,14.620747566223145,21.072237014770508,9.885940551757812
0,0,0,0,14.620696067810059,21.072269439697266,9.885360717773438
0,0,0,0,14.62060832977295,21.072383880615234,9.884933471679688
0,0,0,0,14.620625495910645,21.072425842285156,9.884506225585938
0,0,0,0,14.620593070983887,21.072566986083984,9.883949279785156
0,0,0,0,14.620614051818848,21.0726318359375,9.883560180664062
0,0,0,0,14.620600700378418,21.072784423828125,9.883216857910156
0,0,0,0,14.62060832977295,21.072973251342773,9.882820129394531
0,0,0,0,14.620634078979492,21.07317352294922,9.882553100585938
0,0,0,0,14.620641708374023,21.0733585357666,9.882308959960938
0,0,0,0,14.620708465576172,21.07362174987793,9.882087707519531
0,0,0,0,14.620758056640625,21.0738468170166,9.881988525390625
0,0,0,0,14.620966911315918,21.074085235595703,9.8819580078125
0,0,0,0,14.621249198913574,21.074447631835938,9.882095336914062
0,0,0,0,14.621649742126465,21.074695587158203,9.882469177246094
0,0,0,0,14.622320175170898,21.075164794921875,9.882957458496094
0,0,0,0,14.62486743927002,21.076509475708008,9.883636474609375
0,0,0,0,14.627066612243652,21.077573776245117,9.884017944335938
0,0,0,0,14.629740715026855,21.078704833984375,9.884391784667969
0,0,0,0,14.632854461669922,21.080059051513672,9.884696960449219
0,0,0,0,14.636513710021973,21.081520080566406,9.884933471679688
0,0,0,0,14.640625953674316,21.083192825317383,9.885086059570312
0,0,0,0,14.646866798400879,21.085556030273438,9.885154724121094
0,0,0,0,14.652046203613281,21.087562561035156,9.885162353515625
0,0,0,0,14.657681465148926,21.089675903320312,9.8851318359375
0,0,0,0,14.665925979614258,21.092849731445312,9.885093688964844
0,0,0,0,14.672709465026855,21.09548568725586,9.885047912597656
0,0,0,0,14.68010139465332,21.09836196899414,9.885017395019531
0,0,0,0,14.690892219543457,21.10255241394043,9.885108947753906
0,0,0,0,14.699880599975586,21.105985641479492,9.88519287109375
0,0,0,0,14.709500312805176,21.109722137451172,9.885299682617188
0,0,0,0,14.7235689163208,21.115081787109375,9.885406494140625
0,0,0,0,14.734870910644531,21.119478225708008,9.885490417480469
0,0,0,0,14.746953964233398,21.124073028564453,9.885581970214844
0,0,0,0,14.763965606689453,21.130695343017578,9.885688781738281
0,0,0,0,14.777531623840332,21.13591194152832,9.885749816894531
0,0,0,0,14.791632652282715,21.14142417907715,9.885833740234375
0,0,0,0,14.811387062072754,21.149072647094727,9.885940551757812
0,0,0,0,14.826815605163574,21.155153274536133,9.886024475097656
0,0,0,0,14.842827796936035,21.161422729492188,9.886085510253906
0,0,0,0,14.865015983581543,21.170236587524414,9.886138916015625
0,0,0,0,14.88229751586914,21.177162170410156,9.886146545410156
0,0,0,0,14.900182723999023,21.184419631958008,9.886138916015625
0,0,0,0,14.925000190734863,21.194555282592773,9.886123657226562
0,0,0,0,14.944466590881348,21.202571868896484,9.886054992675781
0,0,0,0,14.964594841003418,21.21101951599121,9.885948181152344
0,0,0,0,14.992746353149414,21.222915649414062,9.88568115234375
0,0,0,0,15.014808654785156,21.23237419128418,9.885383605957031
0,0,0,0,15.037863731384277,21.242229461669922,9.885002136230469
0,0,0,0,15.069892883300781,21.256160736083984,9.884422302246094
0,0,0,0,15.095100402832031,21.267126083374023,9.883934020996094
0,0,0,0,15.121169090270996,21.278648376464844,9.883392333984375
0,0,0,0,15.157548904418945,21.29467010498047,9.88262939453125
0,0,0,0,15.185942649841309,21.307329177856445,9.882095336914062
0,0,0,0,15.215388298034668,21.320383071899414,9.881553649902344
0,0,0,0,15.25610065460205,21.33858871459961,9.880821228027344
0,0,0,0,15.287765502929688,21.352750778198242,9.880294799804688
0,0,0,0,15.320379257202148,21.367443084716797,9.87982177734375
0,0,0,0,15.365330696105957,21.387771606445312,9.879249572753906
0,0,0,0,15.4002046585083,21.403602600097656,9.878868103027344
0,0,0,0,15.435996055603027,21.41989517211914,9.878585815429688
0,0,0,0,15.485213279724121,21.442350387573242,9.878326416015625
0,0,0,0,15.52308464050293,21.459745407104492,9.878196716308594
0,0,0,0,15.561881065368652,21.477523803710938,9.878105163574219
0,0,0,0,15.614839553833008,21.501901626586914,9.878067016601562
0,0,0,0,15.65560245513916,21.52059555053711,9.878120422363281
0,0,0,0,15.69711685180664,21.53974723815918,9.878265380859375
0,0,0,0,15.753807067871094,21.56572151184082,9.878639221191406
0,0,0,0,15.797120094299316,21.58563804626465,9.878997802734375
0,0,0,0,15.841239929199219,21.60580825805664,9.879409790039062
0,0,0,0,15.901056289672852,21.633289337158203,9.880088806152344
0,0,0,0,15.946660995483398,21.65418815612793,9.880661010742188
0,0,0,0,15.992770195007324,21.675416946411133,9.881263732910156
0,0,0,0,16.055099487304688,21.704071044921875,9.882164001464844
0,0,0,0,16.102418899536133,21.725881576538086,9.882850646972656
0,0,0,0,16.150188446044922,21.74790382385254,9.883506774902344
0,0,0,0,16.21458625793457,21.777650833129883,9.884346008300781
0,0,0,0,16.263286590576172,21.800180435180664,9.884956359863281
0,0,0,0,16.312419891357422,21.822845458984375,9.885581970214844
0,0,0,0,16.378353118896484,21.853302001953125,9.886436462402344
0,0,0,0,16.4282283782959,21.87624168395996,9.887100219726562
0,0,0,0,16.47827911376953,21.899328231811523,9.887771606445312
0,0,0,0,16.54551124572754,21.930164337158203,9.888671875
0,0,0,0,16.596126556396484,21.95344352722168,9.889335632324219
0,0,0,0,16.64706039428711,21.976726531982422,9.889968872070312
0,0,0,0,16.715181350708008,22.007911682128906,9.890769958496094
0,0,0,0,16.766538619995117,22.03127670288086,9.891304016113281
0,0,0,0,16.81797218322754,22.054729461669922,9.891822814941406
0,0,0,0,16.886837005615234,22.08591651916504,9.892494201660156
0,0,0,0,16.938631057739258,22.109357833862305,9.892967224121094
0,0,0,0,16.99053382873535,22.132755279541016,9.893417358398438
0,0,0,0,17.077213287353516,22.1717586517334,9.894073486328125
0,0,0,0,17.111892700195312,22.187335968017578,9.894302368164062
0,0,0,0,17.16404151916504,22.210662841796875,9.894599914550781
0,0,0,0,17.233579635620117,22.2416934967041,9.894889831542969
0,0,0,0,17.285818099975586,22.264867782592773,9.894989013671875
0,0,0,0,17.337970733642578,22.287992477416992,9.89501953125
0,0,0,0,17.4075927734375,22.318647384643555,9.89495849609375
0,0,0,0,17.459749221801758,22.341630935668945,9.894844055175781
0,0,0,0,17.511993408203125,22.36448860168457,9.894683837890625
0,0,0,0,17.58157730102539,22.394895553588867,9.894454956054688
0,0,0,0,17.63387107849121,22.41756820678711,9.894218444824219
0,0,0,0,17.686092376708984,22.44024658203125,9.893951416015625
0,0,0,0,17.755756378173828,22.47022247314453,9.893577575683594
0,0,0,0,17.807939529418945,22.492658615112305,9.893341064453125
0,0,0,0,17.860151290893555,22.514986038208008,9.893150329589844
0,0,0,0,17.929683685302734,22.544740676879883,9.892959594726562
0,0,0,0,17.981788635253906,22.56694984436035,9.892845153808594
0,0,0,0,18.033893585205078,22.58913230895996,9.892768859863281
0,0,0,0,18.103286743164062,22.61858367919922,9.892753601074219
0,0,0,0,18.155372619628906,22.64058494567871,9.892814636230469
0,0,0,0,18.207380294799805,22.662578582763672,9.892913818359375
0,0,0,0,18.27680015563965,22.69182777404785,9.893081665039062
0,0,0,0,18.328807830810547,22.713748931884766,9.893241882324219
0,0,0,0,18.38096046447754,22.735565185546875,9.893424987792969
0,0,0,0,18.450422286987305,22.76464080810547,9.893730163574219
0,0,0,0,18.502599716186523,22.786346435546875,9.894020080566406
0,0,0,0,18.554704666137695,22.80813980102539,9.894325256347656
0,0,0,0,18.62433624267578,22.837177276611328,9.894767761230469
0,0,0,0,18.676570892333984,22.85904312133789,9.895118713378906
0,0,0,0,18.728952407836914,22.88088607788086,9.895484924316406
0,0,0,0,18.798786163330078,22.91013526916504,9.89605712890625
0,0,0,0,18.851228713989258,22.932064056396484,9.896530151367188
0,0,0,0,18.903705596923828,22.954063415527344,9.897003173828125
0,0,0,0,18.973758697509766,22.983421325683594,9.897659301757812
0,0,0,0,19.02640151977539,23.005544662475586,9.898155212402344
0,0,0,0,19.079076766967773,23.027738571166992,9.898666381835938
0,0,0,0,19.14948844909668,23.057453155517578,9.899345397949219
0,0,0,0,19.20233154296875,23.0798282623291,9.899864196777344
0,0,0,0,19.25528907775879,23.102191925048828,9.900421142578125
0,0,0,0,19.32588768005371,23.132068634033203,9.90118408203125
0,0,0,0,19.378971099853516,23.1544246673584,9.901771545410156
0,0,0,0,19.43193244934082,23.176849365234375,9.90240478515625
0,0,0,0,19.520244598388672,23.214187622070312,9.903564453125
0,0,0,0,19.55555534362793,23.229169845581055,9.904060363769531
0,0,0,0,19.60858154296875,23.2515869140625,9.904823303222656
0,0,0,0,19.679218292236328,23.281583786010742,9.905838012695312
0,0,0,0,19.73224639892578,23.304012298583984,9.9066162109375
0,0,0,0,19.78521156311035,23.326480865478516,9.907386779785156
0,0,0,0,19.85584259033203,23.356369018554688,9.908432006835938
0,0,0,0,19.908781051635742,23.37879753112793,9.909217834472656
0,0,0,0,19.9616756439209,23.401153564453125,9.910003662109375
0,0,0,0,20.032207489013672,23.430906295776367,9.911087036132812
0,0,0,0,20.08504867553711,23.453197479248047,9.911918640136719
0,0,0,0,20.137941360473633,23.4754695892334,9.912765502929688
0,0,0,0,20.2083797454834,23.505149841308594,9.913909912109375
0,0,0,0,20.26129722595215,23.527362823486328,9.914764404296875
0,0,0,0,20.314098358154297,23.549602508544922,9.915596008300781
0,0,0,0,20.384601593017578,23.579145431518555,9.916717529296875
0,0,0,0,20.437381744384766,23.601354598999023,9.917610168457031
0,0,0,0,20.490236282348633,23.62344741821289,9.91851806640625
0,0,0,0,20.560546875,23.65290641784668,9.919792175292969
0,0,0,0,20.613306045532227,23.67490577697754,9.920822143554688
0,0,0,0,20.66596794128418,23.696935653686523,9.921920776367188
0,0,0,0,20.73617935180664,23.726173400878906,9.923446655273438
0,0,0,0,20.788772583007812,23.748123168945312,9.924659729003906
0,0,0,0,20.84133529663086,23.7700138092041,9.925949096679688
0,0,0,0,20.91135025024414,23.799198150634766,9.927772521972656
0,0,0,0,20.963764190673828,23.82103729248047,9.929214477539062
0,0,0,0,21.016159057617188,23.842838287353516,9.930686950683594
0,0,0,0,21.0859375,23.87181854248047,9.932785034179688
0,0,0,0,21.138347625732422,23.893510818481445,9.934440612792969
0,0,0,0,21.190671920776367,23.915191650390625,9.936172485351562
0,0,0,0,21.260576248168945,23.94398307800293,9.938529968261719
0,0,0,0,21.312973022460938,23.965560913085938,9.9403076171875
0,0,0,0,21.365488052368164,23.98704719543457,9.942100524902344
0,0,0,0,21.43537712097168,24.015729904174805,9.944465637207031
0,0,0,0,21.48784065246582,24.037158966064453,9.946212768554688
0,0,0,0,21.540203094482422,24.058639526367188,9.947921752929688
0,0,0,0,21.610044479370117,24.08718490600586,9.95013427734375
0,0,0,0,21.66236686706543,24.10865020751953,9.951713562011719
0,0,0,0,21.71471405029297,24.130043029785156,9.953208923339844
0,0,0,0,21.784475326538086,24.158681869506836,9.955093383789062
0,0,0,0,21.83683967590332,24.180164337158203,9.9564208984375
0,0,0,0,21.8892822265625,24.20171356201172,9.957649230957031
0,0,0,0,21.95924949645996,24.23048210144043,9.959175109863281
0,0,0,0,22.011798858642578,24.252090454101562,9.960212707519531
0,0,0,0,22.064254760742188,24.27375030517578,9.961174011230469
0,0,0,0,22.134254455566406,24.302698135375977,9.962310791015625
0,0,0,0,22.18669891357422,24.324487686157227,9.963104248046875
0,0,0,0,22.239267349243164,24.346240997314453,9.963821411132812
0,0,0,0,22.309247970581055,24.37529182434082,9.9647216796875
0,0,0,0,22.36176109313965,24.396989822387695,9.965278625488281
0,0,0,0,22.414142608642578,24.41873550415039,9.965690612792969
0,0,0,0,22.483854293823242,24.447551727294922,9.966026306152344
0,0,0,0,22.53578758239746,24.469057083129883,9.96612548828125
0,0,0,0,22.58742332458496,24.490306854248047,9.966117858886719
0,0,0,0,22.65548324584961,24.518430709838867,9.965972900390625
0,0,0,0,22.70588493347168,24.539230346679688,9.965766906738281
0,0,0,0,22.75560188293457,24.55979347229004,9.965461730957031
0,0,0,0,22.820676803588867,24.586631774902344,9.964912414550781
0,0,0,0,22.86844825744629,24.606298446655273,9.96441650390625
0,0,0,0,22.9151554107666,24.62556266784668,9.963859558105469
0,0,0,0,22.975833892822266,24.650550842285156,9.96307373046875
0,0,0,0,23.01997184753418,24.668746948242188,9.962448120117188
0,0,0,0,23.063016891479492,24.68641471862793,9.961837768554688
0,0,0,0,23.118364334106445,24.709291458129883,9.961036682128906
0,0,0,0,23.158458709716797,24.72579002380371,9.960456848144531
0,0,0,0,23.1971492767334,24.741836547851562,9.959884643554688
0,0,0,0,23.246816635131836,24.762340545654297,9.95916748046875
0,0,0,0,23.282445907592773,24.777143478393555,9.958648681640625
0,0,0,0,23.316823959350586,24.79131507873535,9.958168029785156
0,0,0,0,23.360502243041992,24.809484481811523,9.9576416015625
0,0,0,0,23.39180564880371,24.822423934936523,9.957443237304688
0,0,0,0,23.422100067138672,24.83478546142578,9.95733642578125
0,0,0,0,23.46136474609375,24.850107192993164,9.957290649414062
0,0,0,0,23.489891052246094,24.860918045043945,9.957344055175781
0,0,0,0,23.517555236816406,24.871129989624023,9.957511901855469
0,0,0,0,23.553180694580078,24.883827209472656,9.957862854003906
0,0,0,0,23.578941345214844,24.89267349243164,9.95819091796875
0,0,0,0,23.60396385192871,24.90096092224121,9.958564758300781
0,0,0,0,23.63603401184082,24.911191940307617,9.959129333496094
0,0,0,0,23.659305572509766,24.918190002441406,9.959609985351562
0,0,0,0,23.681791305541992,24.92472267150879,9.960090637207031
0,0,0,0,23.710880279541016,24.932600021362305,9.960731506347656
0,0,0,0,23.731914520263672,24.93796157836914,9.961196899414062
0,0,0,0,23.752487182617188,24.942750930786133,9.961639404296875
0,0,0,0,23.779048919677734,24.948484420776367,9.962211608886719
0,0,0,0,23.798566818237305,24.952180862426758,9.962623596191406
0,0,0,0,23.817697525024414,24.955463409423828,9.962989807128906
0,0,0,0,23.842863082885742,24.9589900970459,9.96343994140625
0,0,0,0,23.861459732055664,24.961158752441406,9.963729858398438
0,0,0,0,23.879928588867188,24.962785720825195,9.963966369628906
0,0,0,0,23.904298782348633,24.964277267456055,9.964218139648438
0,0,0,0,23.922426223754883,24.96487045288086,9.96435546875
0,0,0,0,23.940570831298828,24.96506118774414,9.9644775390625
0,0,0,0,23.96472930908203,24.96466636657715,9.964530944824219
0,0,0,0,23.982908248901367,24.963855743408203,9.96453857421875
0,0,0,0,24.001005172729492,24.96268081665039,9.964561462402344
0,0,0,0,24.0252628326416,24.960542678833008,9.964630126953125
0,0,0,0,24.043516159057617,24.958541870117188,9.964698791503906
0,0,0,0,24.062076568603516,24.95611000061035,9.964790344238281
0,0,0,0,24.08719253540039,24.952350616455078,9.964973449707031
0,0,0,0,24.106590270996094,24.949005126953125,9.965118408203125
0,0,0,0,24.126422882080078,24.945322036743164,9.965248107910156
0,0,0,0,24.153902053833008,24.93963050842285,9.965278625488281
0,0,0,0,24.17531967163086,24.934886932373047,9.965179443359375
0,0,0,0,24.197641372680664,24.929616928100586,9.964950561523438
0,0,0,0,24.228723526000977,24.92190933227539,9.964462280273438
0,0,0,0,24.25310516357422,24.915496826171875,9.963912963867188
0,0,0,0,24.27849769592285,24.908601760864258,9.963211059570312
0,0,0,0,24.313899993896484,24.898584365844727,9.96209716796875
0,0,0,0,24.3416748046875,24.890453338623047,9.961135864257812
0,0,0,0,24.370410919189453,24.88182258605957,9.960121154785156
0,0,0,0,24.410415649414062,24.869468688964844,9.95867919921875
0,0,0,0,24.441558837890625,24.85962677001953,9.957557678222656
0,0,0,0,24.47383689880371,24.849245071411133,9.956367492675781
0,0,0,0,24.518333435058594,24.834718704223633,9.954727172851562
0,0,0,0,24.552902221679688,24.823196411132812,9.95343017578125
0,0,0,0,24.588308334350586,24.811254501342773,9.952125549316406
0,0,0,0,24.637001037597656,24.794464111328125,9.9503173828125
0,0,0,0,24.674480438232422,24.781322479248047,9.948951721191406
0,0,0,0,24.712890625,24.767597198486328,9.947547912597656
0,0,0,0,24.765302658081055,24.74855613708496,9.945579528808594
0,0,0,0,24.805522918701172,24.733604431152344,9.944061279296875
0,0,0,0,24.846437454223633,24.718202590942383,9.942520141601562
0,0,0,0,24.90212059020996,24.696834564208984,9.940399169921875
0,0,0,0,24.944721221923828,24.680192947387695,9.93878173828125
0,0,0,0,24.987953186035156,24.663040161132812,9.937171936035156
0,0,0,0,25.04663848876953,24.639446258544922,9.935066223144531
0,0,0,0,25.091318130493164,24.62120819091797,9.933509826660156
0,0,0,0,25.136661529541016,24.602466583251953,9.931976318359375
0,0,0,0,25.197904586791992,24.576736450195312,9.929985046386719
0,0,0,0,25.244548797607422,24.556793212890625,9.92852783203125
0,0,0,0,25.291641235351562,24.536436080932617,9.927131652832031
0,0,0,0,25.355302810668945,24.508493423461914,9.925300598144531
0,0,0,0,25.403488159179688,24.487117767333984,9.923957824707031
0,0,0,0,25.452163696289062,24.465251922607422,9.922660827636719
0,0,0,0,25.517597198486328,24.435588836669922,9.920982360839844
0,0,0,0,25.567167282104492,24.412887573242188,9.919754028320312
0,0,0,0,25.617036819458008,24.389957427978516,9.918571472167969
0,0,0,0,25.68402099609375,24.35889434814453,9.917068481445312
0,0,0,0,25.734586715698242,24.33536148071289,9.915969848632812
0,0,0,0,25.785398483276367,24.311603546142578,9.914871215820312
0,0,0,0,25.853591918945312,24.279741287231445,9.913330078125
0,0,0,0,25.904937744140625,24.255727767944336,9.912124633789062
0,0,0,0,25.956525802612305,24.231632232666016,9.910911560058594
0,0,0,0,26.02544593811035,24.19941520690918,9.909339904785156
0,0,0,0,26.07740592956543,24.175230026245117,9.908172607421875
0,0,0,0,26.129411697387695,24.151103973388672,9.906974792480469
0,0,0,0,26.199077606201172,24.118961334228516,9.905311584472656
0,0,0,0,26.251432418823242,24.095102310180664,9.904014587402344
0,0,0,0,26.304033279418945,24.071380615234375,9.902717590332031
0,0,0,0,26.374284744262695,24.0401611328125,9.900962829589844
0,0,0,0,26.42719841003418,24.016950607299805,9.899650573730469
0,0,0,0,26.480209350585938,23.994077682495117,9.898361206054688
0,0,0,0,26.551197052001953,23.964027404785156,9.896682739257812
0,0,0,0,26.60456657409668,23.94196891784668,9.895469665527344
0,0,0,0,26.658111572265625,23.920238494873047,9.894287109375
0,0,0,0,26.729705810546875,23.8919734954834,9.892723083496094
0,0,0,0,26.78352928161621,23.871341705322266,9.891571044921875
0,0,0,0,26.837539672851562,23.851282119750977,9.890426635742188
0,0,0,0,26.909780502319336,23.82541847229004,9.888885498046875
0,0,0,0,26.964200973510742,23.806682586669922,9.887687683105469
0,0,0,0,27.018714904785156,23.788654327392578,9.886459350585938
0,0,0,0,27.09174346923828,23.76565933227539,9.884773254394531
0,0,0,0,27.146636962890625,23.74932289123535,9.88348388671875
0,0,0,0,27.201826095581055,23.73371124267578,9.8822021484375
0,0,0,0,27.275571823120117,23.714221954345703,9.88043212890625
0,0,0,0,27.33118438720703,23.700511932373047,9.879081726074219
0,0,0,0,27.38688850402832,23.687742233276367,9.877723693847656
0,0,0,0,27.461488723754883,23.67197036743164,9.87591552734375
0,0,0,0,27.517576217651367,23.661239624023438,9.874549865722656
0,0,0,0,27.57387351989746,23.651317596435547,9.873199462890625
0,0,0,0,27.649080276489258,23.639503479003906,9.871429443359375
0,0,0,0,27.705577850341797,23.631637573242188,9.870140075683594
0,0,0,0,27.76215934753418,23.624691009521484,9.868843078613281
0,0,0,0,27.837646484375,23.616817474365234,9.867156982421875
0,0,0,0,27.894363403320312,23.61199378967285,9.865890502929688
0,0,0,0,27.951026916503906,23.60813331604004,9.864601135253906
0,0,0,0,28.02663230895996,23.604393005371094,9.862892150878906
0,0,0,0,28.08320426940918,23.602725982666016,9.861686706542969
0,0,0,0,28.139833450317383,23.60196304321289,9.860542297363281
0,0,0,0,28.21518325805664,23.602445602416992,9.859176635742188
0,0,0,0,28.271747589111328,23.60380744934082,9.858245849609375
0,0,0,0,28.328195571899414,23.606115341186523,9.857398986816406
0,0,0,0,28.40347671508789,23.610431671142578,9.856430053710938
0,0,0,0,28.459806442260742,23.61476707458496,9.855781555175781
0,0,0,0,28.51616096496582,23.619882583618164,9.855224609375
0,0,0,0,28.591205596923828,23.62799644470215,9.854606628417969
0,0,0,0,28.647436141967773,23.6348934173584,9.854263305664062
0,0,0,0,28.703550338745117,23.64255714416504,9.85400390625
0,0,0,0,28.778282165527344,23.65380096435547,9.853805541992188
0,0,0,0,28.834251403808594,23.66301155090332,9.853736877441406
0,0,0,0,28.890077590942383,23.67283058166504,9.85369873046875
0,0,0,0,28.964405059814453,23.686914443969727,9.853683471679688
0,0,0,0,29.019977569580078,23.698225021362305,9.853706359863281
0,0,0,0,29.07552719116211,23.710052490234375,9.853797912597656
0,0,0,0,29.14932632446289,23.726665496826172,9.854034423828125
0,0,0,0,29.20464515686035,23.73965835571289,9.854316711425781
0,0,0,0,29.259780883789062,23.753145217895508,9.854606628417969
0,0,0,0,29.33329200744629,23.7717342376709,9.855003356933594
0,0,0,0,29.388229370117188,23.786182403564453,9.855323791503906
0,0,0,0,29.4431209564209,23.800922393798828,9.855659484863281
0,0,0,0,29.515993118286133,23.82125473022461,9.856086730957031
0,0,0,0,29.57050895690918,23.83685302734375,9.856391906738281
0,0,0,0,29.624839782714844,23.85282325744629,9.856689453125
0,0,0,0,29.697172164916992,23.87451171875,9.857048034667969
0,0,0,0,29.75133514404297,23.89110565185547,9.857261657714844
0,0,0,0,29.805418014526367,23.907909393310547,9.857414245605469
0,0,0,0,29.877513885498047,23.930715560913086,9.857536315917969
0,0,0,0,29.93154525756836,23.948123931884766,9.857559204101562
0,0,0,0,29.985641479492188,23.96576499938965,9.85748291015625
0,0,0,0,30.05771255493164,23.98965072631836,9.85723876953125
0,0,0,0,30.11188316345215,24.00775718688965,9.856948852539062
0,0,0,0,30.16600227355957,24.02611541748047,9.8565673828125
0,0,0,0,30.23828887939453,24.050832748413086,9.855987548828125
0,0,0,0,30.292438507080078,24.069622039794922,9.855560302734375
0,0,0,0,30.346704483032227,24.08846664428711,9.855125427246094
0,0,0,0,30.41896629333496,24.113876342773438,9.854560852050781
0,0,0,0,30.473236083984375,24.133020401000977,9.854141235351562
0,0,0,0,30.527442932128906,24.152359008789062,9.853767395019531
0,0,0,0,30.59979248046875,24.178190231323242,9.853385925292969
0,0,0,0,30.654029846191406,24.197656631469727,9.8531494140625
0,0,0,0,30.708232879638672,24.21710968017578,9.852912902832031
0,0,0,0,30.780475616455078,24.243112564086914,9.852622985839844
0,0,0,0,30.834644317626953,24.262619018554688,9.852455139160156
0,0,0,0,30.888856887817383,24.28215980529785,9.852310180664062
0,0,0,0,30.96109962463379,24.308246612548828,9.852149963378906
0,0,0,0,31.015329360961914,24.32777214050293,9.852073669433594
0,0,0,0,31.069494247436523,24.347305297851562,9.852043151855469
0,0,0,0,31.14186668395996,24.3732967376709,9.852066040039062
0,0,0,0,31.196081161499023,24.392854690551758,9.852127075195312
0,0,0,0,31.25041961669922,24.412378311157227,9.852218627929688
0,0,0,0,31.322765350341797,24.43851089477539,9.852363586425781
0,0,0,0,31.377134323120117,24.458053588867188,9.852493286132812
0,0,0,0,31.43140983581543,24.47765350341797,9.852645874023438
0,0,0,0,31.503862380981445,24.5036563873291,9.852912902832031
0,0,0,0,31.558143615722656,24.523193359375,9.853172302246094
0,0,0,0,31.612468719482422,24.542646408081055,9.853462219238281
0,0,0,0,31.684886932373047,24.568614959716797,9.853897094726562
0,0,0,0,31.739227294921875,24.588058471679688,9.854217529296875
0,0,0,0,31.79358673095703,24.6075382232666,9.854507446289062
0,0,0,0,31.866085052490234,24.633392333984375,9.854835510253906
0,0,0,0,31.9205322265625,24.6527042388916,9.855049133300781
0,0,0,0,31.974925994873047,24.67195701599121,9.855232238769531
0,0,0,0,32.04756164550781,24.697546005249023,9.855377197265625
0,0,0,0,32.10197830200195,24.716718673706055,9.85540771484375
0,0,0,0,32.1564826965332,24.735782623291016,9.855377197265625
0,0,0,0,32.22910690307617,24.761219024658203,9.855216979980469
0,0,0,0,32.28368377685547,24.780208587646484,9.854988098144531
0,0,0,0,32.33820343017578,24.79921531677246,9.854705810546875
0,0,0,0,32.41102600097656,24.824447631835938,9.854301452636719
0,0,0,0,32.46558380126953,24.8433780670166,9.85394287109375
0,0,0,0,32.520198822021484,24.86220359802246,9.853538513183594
0,0,0,0,32.592918395996094,24.887357711791992,9.853004455566406
0,0,0,0,32.64748764038086,24.906160354614258,9.852622985839844
0,0,0,0,32.70204162597656,24.925025939941406,9.852226257324219
0,0,0,0,32.77479553222656,24.95010757446289,9.851654052734375
0,0,0,0,32.829383850097656,24.968914031982422,9.8511962890625
0,0,0,0,32.88393783569336,24.987701416015625,9.850692749023438
0,0,0,0,32.956729888916016,25.01277732849121,9.849945068359375
0,0,0,0,33.011287689208984,25.031614303588867,9.849349975585938
0,0,0,0,33.065914154052734,25.05044174194336,9.848709106445312
0,0,0,0,33.1385612487793,25.07564353942871,9.847801208496094
0,0,0,0,33.19295120239258,25.09446907043457,9.847084045410156
0,0,0,0,33.24705505371094,25.11334800720215,9.84637451171875
0,0,0,0,33.31904220581055,25.138469696044922,9.845352172851562
0,0,0,0,33.37267303466797,25.157373428344727,9.844573974609375
0,0,0,0,33.4261360168457,25.17621612548828,9.843803405761719
0,0,0,0,33.497032165527344,25.2015323638916,9.84271240234375
0,0,0,0,33.55010223388672,25.22057342529297,9.841812133789062
0,0,0,0,33.603031158447266,25.239770889282227,9.840866088867188
0,0,0,0,33.67353439331055,25.265480041503906,9.839523315429688
0,0,0,0,33.72636032104492,25.284929275512695,9.838455200195312
0,0,0,0,33.77918243408203,25.30449867248535,9.837364196777344
0,0,0,0,33.849632263183594,25.330854415893555,9.835861206054688
0,0,0,0,33.902488708496094,25.3508243560791,9.834640502929688
0,0,0,0,33.95543670654297,25.370941162109375,9.833366394042969
0,0,0,0,34.02605056762695,25.39805030822754,9.83160400390625
0,0,0,0,34.079185485839844,25.418548583984375,9.830245971679688
0,0,0,0,34.13227844238281,25.43927001953125,9.828849792480469
0,0,0,0,34.20321273803711,25.467113494873047,9.826972961425781
0,0,0,0,34.25639724731445,25.48826789855957,9.825569152832031
0,0,0,0,34.30973815917969,25.509553909301758,9.82415771484375
0,0,0,0,34.38084030151367,25.53827667236328,9.822288513183594
0,0,0,0,34.434295654296875,25.559953689575195,9.820938110351562
0,0,0,0,34.48768997192383,25.58188819885254,9.819618225097656
0,0,0,0,34.55895233154297,25.611297607421875,9.817878723144531
0,0,0,0,34.612396240234375,25.633604049682617,9.816543579101562
0,0,0,0,34.66586685180664,25.65601348876953,9.815200805664062
0,0,0,0,34.73713302612305,25.68621253967285,9.813385009765625
0,0,0,0,34.7905387878418,25.709049224853516,9.812019348144531
0,0,0,0,34.843963623046875,25.732065200805664,9.810638427734375
0,0,0,0,34.915138244628906,25.76300621032715,9.808769226074219
0,0,0,0,34.96855926513672,25.78639793395996,9.807380676269531
0,0,0,0,35.0218620300293,25.809982299804688,9.806022644042969
0,0,0,0,35.09300231933594,25.84160614013672,9.804290771484375
0,0,0,0,35.146244049072266,25.86549949645996,9.803062438964844
0,0,0,0,35.19951629638672,25.889440536499023,9.801910400390625
0,0,0,0,35.270320892333984,25.921621322631836,9.800483703613281
0,0,0,0,35.32344436645508,25.94584083557129,9.799530029296875
0,0,0,0,35.37644958496094,25.97026252746582,9.798637390136719
0,0,0,0,35.4471321105957,26.002897262573242,9.797576904296875
0,0,0,0,35.5000114440918,26.027536392211914,9.796867370605469
0,0,0,0,35.55288314819336,26.052207946777344,9.796257019042969
0,0,0,0,35.623260498046875,26.08531951904297,9.79559326171875
0,0,0,0,35.67599868774414,26.110233306884766,9.795188903808594
0,0,0,0,35.728641510009766,26.135217666625977,9.794845581054688
0,0,0,0,35.798553466796875,26.1684513092041,9.794540405273438
0,0,0,0,35.85082244873047,26.19338607788086,9.79437255859375
0,0,0,0,35.902889251708984,26.21832847595215,9.794189453125
0,0,0,0,35.97214126586914,26.251523971557617,9.79388427734375
0,0,0,0,36.02379608154297,26.276355743408203,9.793632507324219
0,0,0,0,36.07534408569336,26.301029205322266,9.79339599609375
0,0,0,0,36.14359664916992,26.333812713623047,9.793128967285156
0,0,0,0,36.194705963134766,26.358238220214844,9.792922973632812
0,0,0,0,36.24564743041992,26.382640838623047,9.792694091796875
0,0,0,0,36.31361770629883,26.414968490600586,9.792343139648438
0,0,0,0,36.36458206176758,26.43924331665039,9.792022705078125
0,0,0,0,36.415706634521484,26.463407516479492,9.791641235351562
0,0,0,0,36.48391342163086,26.495588302612305,9.791023254394531
0,0,0,0,36.53523254394531,26.519611358642578,9.790496826171875
0,0,0,0,36.58667755126953,26.54364013671875,9.789939880371094
0,0,0,0,36.65558624267578,26.57554054260254,9.789161682128906
0,0,0,0,36.70750045776367,26.599401473999023,9.788543701171875
0,0,0,0,36.75958251953125,26.623178482055664,9.787887573242188
0,0,0,0,36.82935333251953,26.654775619506836,9.78692626953125
0,0,0,0,36.88180923461914,26.67841911315918,9.786148071289062
0,0,0,0,36.93447494506836,26.70197105407715,9.78533935546875
0,0,0,0,37.00481033325195,26.733257293701172,9.784172058105469
0,0,0,0,37.05779266357422,26.75657081604004,9.78326416015625
0,0,0,0,37.11079025268555,26.779870986938477,9.7823486328125
0,0,0,0,37.18163299560547,26.81071662902832,9.781112670898438
0,0,0,0,37.23470687866211,26.833784103393555,9.780189514160156
0,0,0,0,37.287899017333984,26.85667610168457,9.779266357421875
0,0,0,0,37.3587646484375,26.887149810791016,9.778022766113281
0,0,0,0,37.411922454833984,26.909854888916016,9.777114868164062
0,0,0,0,37.46495819091797,26.932519912719727,9.776229858398438
0,0,0,0,37.53568649291992,26.962566375732422,9.775070190429688
0,0,0,0,37.58870315551758,26.985048294067383,9.774192810058594
0,0,0,0,37.64168930053711,27.007421493530273,9.773284912109375
0,0,0,0,37.7122917175293,27.037229537963867,9.771995544433594
0,0,0,0,37.76517105102539,27.059585571289062,9.770980834960938
0,0,0,0,37.81808090209961,27.08194351196289,9.769905090332031
0,0,0,0,37.88856506347656,27.11176109313965,9.76837158203125
0,0,0,0,37.94150924682617,27.13404083251953,9.767143249511719
0,0,0,0,37.994415283203125,27.156330108642578,9.765869140625
0,0,0,0,38.06515884399414,27.185941696166992,9.764091491699219
0,0,0,0,38.118160247802734,27.208181381225586,9.762680053710938
0,0,0,0,38.17130661010742,27.230358123779297,9.761207580566406
0,0,0,0,38.24211883544922,27.25995445251465,9.759185791015625
0,0,0,0,38.29531478881836,27.282033920288086,9.757637023925781
0,0,0,0,38.34843063354492,27.304119110107422,9.756057739257812
0,0,0,0,38.419376373291016,27.333322525024414,9.753921508789062
0,0,0,0,38.47261047363281,27.35515022277832,9.752326965332031
0,0,0,0,38.5258903503418,27.37679672241211,9.750732421875
0,0,0,0,38.596946716308594,27.40549659729004,9.748619079589844
0,0,0,0,38.650291442871094,27.42683219909668,9.746986389160156
0,0,0,0,38.70372772216797,27.448009490966797,9.745323181152344
0,0,0,0,38.77497863769531,27.475881576538086,9.743118286132812
0,0,0,0,38.82854080200195,27.496484756469727,9.741531372070312
0,0,0,0,38.8820915222168,27.516830444335938,9.739982604980469
0,0,0,0,38.953670501708984,27.543468475341797,9.737968444824219
0,0,0,0,39.00741958618164,27.5631103515625,9.736557006835938
0,0,0,0,39.061439514160156,27.582351684570312,9.735176086425781
0,0,0,0,39.133548736572266,27.607484817504883,9.733367919921875
0,0,0,0,39.18767547607422,27.62576675415039,9.732154846191406
0,0,0,0,39.24164962768555,27.643692016601562,9.731155395507812
0,0,0,0,39.31371307373047,27.6667537689209,9.730026245117188
0,0,0,0,39.367801666259766,27.683509826660156,9.729339599609375
0,0,0,0,39.422035217285156,27.69964599609375,9.728805541992188
0,0,0,0,39.49452209472656,27.720359802246094,9.728340148925781
0,0,0,0,39.549095153808594,27.73523712158203,9.728118896484375
0,0,0,0,39.6038703918457,27.749605178833008,9.728004455566406
0,0,0,0,39.67726135253906,27.767921447753906,9.727951049804688
0,0,0,0,39.73263931274414,27.781038284301758,9.727996826171875
0,0,0,0,39.788204193115234,27.793622970581055,9.728096008300781
0,0,0,0,39.86272430419922,27.809528350830078,9.728355407714844
0,0,0,0,39.918792724609375,27.82085609436035,9.728645324707031
0,0,0,0,39.97510528564453,27.83161163330078,9.729011535644531
0,0,0,0,40.050323486328125,27.845121383666992,9.729537963867188
0,0,0,0,40.10698699951172,27.854536056518555,9.729927062988281
0,0,0,0,40.1636962890625,27.863462448120117,9.730339050292969
0,0,0,0,40.23964309692383,27.874452590942383,9.73095703125
0,0,0,0,40.29667282104492,27.88213348388672,9.731475830078125
0,0,0,0,40.353885650634766,27.889183044433594,9.732032775878906
0,0,0,0,40.43027114868164,27.89783477783203,9.732864379882812
0,0,0,0,40.48774337768555,27.90366554260254,9.733512878417969
0,0,0,0,40.545249938964844,27.90904426574707,9.734230041503906
0,0,0,0,40.62193298339844,27.915363311767578,9.735366821289062
0,0,0,0,40.679447174072266,27.919557571411133,9.736320495605469
0,0,0,0,40.7369270324707,27.92325210571289,9.737373352050781
0,0,0,0,40.81356430053711,27.92751121520996,9.738929748535156
0,0,0,0,40.87096405029297,27.930219650268555,9.740211486816406
0,0,0,0,40.928443908691406,27.932504653930664,9.741569519042969
0,0,0,0,41.004966735839844,27.93498420715332,9.743377685546875
0,0,0,0,41.062347412109375,27.936382293701172,9.744735717773438
0,0,0,0,41.119544982910156,27.937524795532227,9.746131896972656
0,0,0,0,41.195831298828125,27.938457489013672,9.748001098632812
0,0,0,0,41.252933502197266,27.938844680786133,9.749435424804688
0,0,0,0,41.31010818481445,27.938861846923828,9.750892639160156
0,0,0,0,41.386226654052734,27.93856430053711,9.752876281738281
0,0,0,0,41.443382263183594,27.93800926208496,9.754386901855469
0,0,0,0,41.50050354003906,27.937301635742188,9.755912780761719
0,0,0,0,41.57672119140625,27.935962677001953,9.757972717285156
0,0,0,0,41.63386917114258,27.934755325317383,9.759605407714844
0,0,0,0,41.69101333618164,27.933334350585938,9.761260986328125
0,0,0,0,41.76719665527344,27.93124771118164,9.76348876953125
0,0,0,0,41.824275970458984,27.929533004760742,9.765213012695312
0,0,0,0,41.88145446777344,27.92769432067871,9.766944885253906
0,0,0,0,41.95766067504883,27.925094604492188,9.769248962402344
0,0,0,0,42.014915466308594,27.923011779785156,9.770927429199219
0,0,0,0,42.07201385498047,27.920852661132812,9.772590637207031
0,0,0,0,42.14801788330078,27.91775131225586,9.774948120117188
0,0,0,0,42.204837799072266,27.915372848510742,9.776710510253906
0,0,0,0,42.26169204711914,27.912857055664062,9.778450012207031
0,0,0,0,42.337284088134766,27.9095458984375,9.780769348144531
0,0,0,0,42.39402389526367,27.906949996948242,9.782516479492188
0,0,0,0,42.45068359375,27.90441131591797,9.784233093261719
0,0,0,0,42.526397705078125,27.900888442993164,9.786521911621094
0,0,0,0,42.583221435546875,27.89828109741211,9.7882080078125
0,0,0,0,42.64012908935547,27.895599365234375,9.789894104003906
0,0,0,0,42.7160758972168,27.892053604125977,9.792083740234375
0,0,0,0,42.77303695678711,27.88933753967285,9.793693542480469
0,0,0,0,42.83005142211914,27.886627197265625,9.795280456542969
0,0,0,0,42.906028747558594,27.882984161376953,9.797386169433594
0,0,0,0,42.963043212890625,27.880285263061523,9.798980712890625
0,0,0,0,43.01998519897461,27.877639770507812,9.80059814453125
0,0,0,0,43.09600830078125,27.874147415161133,9.80279541015625
0,0,0,0,43.15294647216797,27.871639251708984,9.804435729980469
0,0,0,0,43.20998764038086,27.86912727355957,9.806098937988281
0,0,0,0,43.285888671875,27.86591148376465,9.808380126953125
0,0,0,0,43.3429069519043,27.863506317138672,9.810066223144531
0,0,0,0,43.39985656738281,27.86117935180664,9.811714172363281
0,0,0,0,43.47585678100586,27.858068466186523,9.813827514648438
0,0,0,0,43.53264617919922,27.855833053588867,9.815437316894531
0,0,0,0,43.58924102783203,27.85356903076172,9.817146301269531
0,0,0,0,43.66436004638672,27.850643157958984,9.819511413574219
0,0,0,0,43.7205810546875,27.84842872619629,9.821266174316406
0,0,0,0,43.776729583740234,27.846237182617188,9.823005676269531
0,0,0,0,43.851444244384766,27.843278884887695,9.825332641601562
0,0,0,0,43.907447814941406,27.84105110168457,9.827041625976562
0,0,0,0,43.96338653564453,27.838823318481445,9.828666687011719
0,0,0,0,44.03805160522461,27.835880279541016,9.83074951171875
0,0,0,0,44.09406661987305,27.833709716796875,9.832260131835938
0,0,0,0,44.150238037109375,27.83148193359375,9.833763122558594
0,0,0,0,44.22514343261719,27.82855224609375,9.835746765136719
0,0,0,0,44.28150939941406,27.826309204101562,9.837226867675781
0,0,0,0,44.33788299560547,27.824138641357422,9.838722229003906
0,0,0,0,44.413326263427734,27.821168899536133,9.840713500976562
0,0,0,0,44.46997833251953,27.819005966186523,9.842231750488281
0,0,0,0,44.52684783935547,27.816787719726562,9.843757629394531
0,0,0,0,44.602752685546875,27.81389045715332,9.845802307128906
0,0,0,0,44.65985107421875,27.811670303344727,9.84735107421875
0,0,0,0,44.71699142456055,27.80950927734375,9.848899841308594
0,0,0,0,44.79330062866211,27.806562423706055,9.851028442382812
0,0,0,0,44.850650787353516,27.804401397705078,9.852668762207031
0,0,0,0,44.908058166503906,27.8022518157959,9.854354858398438
0,0,0,0,44.98477554321289,27.799365997314453,9.856636047363281
0,0,0,0,45.042354583740234,27.79718780517578,9.858360290527344
0,0,0,0,45.10009765625,27.794981002807617,9.860061645507812
0,0,0,0,45.17714309692383,27.792068481445312,9.862289428710938
0,0,0,0,45.23503875732422,27.78986930847168,9.863899230957031
0,0,0,0,45.29286193847656,27.78776741027832,9.865470886230469
0,0,0,0,45.37013244628906,27.7849178314209,9.867454528808594
0,0,0,0,45.42808151245117,27.78287696838379,9.868850708007812
0,0,0,0,45.48615264892578,27.780778884887695,9.870193481445312
0,0,0,0,45.56351852416992,27.77809715270996,9.87188720703125
0,0,0,0,45.621620178222656,27.776044845581055,9.873062133789062
0,0,0,0,45.67967224121094,27.774059295654297,9.874160766601562
0,0,0,0,45.75714874267578,27.771310806274414,9.875495910644531
0,0,0,0,45.81528091430664,27.76927947998047,9.87640380859375
0,0,0,0,45.873435974121094,27.76723289489746,9.87725830078125
0,0,0,0,45.950958251953125,27.76451873779297,9.878303527832031
0,0,0,0,46.009029388427734,27.762451171875,9.879058837890625
0,0,0,0,46.067138671875,27.7603759765625,9.879768371582031
0,0,0,0,46.144588470458984,27.757644653320312,9.880699157714844
0,0,0,0,46.2027587890625,27.75559425354004,9.881378173828125
0,0,0,0,46.26081085205078,27.753576278686523,9.881996154785156
0,0,0,0,46.338260650634766,27.75080108642578,9.882804870605469
0,0,0,0,46.39628219604492,27.748756408691406,9.883384704589844
0,0,0,0,46.45442199707031,27.746633529663086,9.883934020996094
0,0,0,0,46.53182601928711,27.743877410888672,9.884605407714844
0,0,0,0,46.58992004394531,27.74172592163086,9.885086059570312
0,0,0,0,46.6479377746582,27.7396183013916,9.885536193847656
0,0,0,0,46.72538375854492,27.73670196533203,9.8861083984375
0,0,0,0,46.7834358215332,27.734590530395508,9.886482238769531
0,0,0,0,46.84148025512695,27.732439041137695,9.886802673339844
0,0,0,0,46.91868209838867,27.72966194152832,9.887115478515625
0,0,0,0,46.97636795043945,27.727619171142578,9.887306213378906
0,0,0,0,47.0338134765625,27.72564697265625,9.887413024902344
0,0,0,0,47.109779357910156,27.72304916381836,9.88751220703125
0,0,0,0,47.16619873046875,27.721118927001953,9.8875732421875
0,0,0,0,47.221923828125,27.71926498413086,9.887596130371094
0,0,0,0,47.29518508911133,27.716838836669922,9.8875732421875
0,0,0,0,47.34904479980469,27.715099334716797,9.887527465820312
0,0,0,0,47.4019889831543,27.713335037231445,9.887504577636719
0,0,0,0,47.470794677734375,27.711111068725586,9.887496948242188
0,0,0,0,47.521095275878906,27.70940399169922,9.887504577636719
0,0,0,0,47.570045471191406,27.707794189453125,9.887496948242188
0,0,0,0,47.63338088989258,27.70562744140625,9.887420654296875
0,0,0,0,47.67921829223633,27.704105377197266,9.887313842773438
0,0,0,0,47.723670959472656,27.702556610107422,9.887153625488281
0,0,0,0,47.78055191040039,27.70062255859375,9.886802673339844
0,0,0,0,47.82143783569336,27.69918441772461,9.886466979980469
0,0,0,0,47.86076736450195,27.697837829589844,9.886070251464844
0,0,0,0,47.91075897216797,27.696043014526367,9.885467529296875
0,0,0,0,47.94647216796875,27.69473648071289,9.884971618652344
0,0,0,0,47.98054885864258,27.693443298339844,9.884437561035156
0,0,0,0,48.02352523803711,27.691734313964844,9.883682250976562
0,0,0,0,48.05375289916992,27.690488815307617,9.883140563964844
0,0,0,0,48.08245849609375,27.689218521118164,9.88250732421875
0,0,0,0,48.11845016479492,27.687559127807617,9.879997253417969
0,0,0,0,48.14344787597656,27.685773849487305,9.877273559570312
0,0,0,0,48.16595458984375,27.6829776763916,9.874153137207031
0,0,0,0,48.191925048828125,27.677104949951172,9.869392395019531
0,0,0,0,48.20832061767578,27.671581268310547,9.865592956542969
0,0,0,0,48.22243881225586,27.66509246826172,9.861312866210938
0,0,0,0,48.2369499206543,27.654273986816406,9.855453491210938
0,0,0,0,48.244476318359375,27.64415740966797,9.851089477539062
0,0,0,0,48.24922180175781,27.632770538330078,9.847023010253906
0,0,0,0,48.25185012817383,27.615924835205078,9.841949462890625
0,0,0,0,48.250972747802734,27.60190773010254,9.8387451171875
0,0,0,0,48.24778747558594,27.58676528930664,9.836212158203125
0,0,0,0,48.2405891418457,27.56554412841797,9.83392333984375
0,0,0,0,48.233211517333984,27.54906463623047,9.833099365234375
0,0,0,0,48.224571228027344,27.53225326538086,9.832962036132812
0,0,0,0,48.211368560791016,27.509611129760742,9.833030700683594
0,0,0,0,48.200347900390625,27.492265701293945,9.833984375
0,0,0,0,48.18844223022461,27.474910736083984,9.835762023925781
0,0,0,0,48.171875,27.4520320892334,9.839004516601562
0,0,0,0,48.158935546875,27.43520736694336,9.841964721679688
0,0,0,0,48.14578628540039,27.41851806640625,9.845283508300781
0,0,0,0,48.1277961730957,27.396718978881836,9.850128173828125
0,0,0,0,48.114105224609375,27.380599975585938,9.853973388671875
0,0,0,0,48.10011672973633,27.364727020263672,9.857894897460938
0,0,0,0,48.08116149902344,27.343708038330078,9.863197326660156
0,0,0,0,48.066650390625,27.328100204467773,9.867095947265625
0,0,0,0,48.05190658569336,27.312488555908203,9.870841979980469
0,0,0,0,48.03175354003906,27.291542053222656,9.875511169433594
0,0,0,0,48.015987396240234,27.275407791137695,9.878898620605469
0,0,0,0,47.99964904785156,27.258901596069336,9.882133483886719
0,0,0,0,47.97695541381836,27.236412048339844,9.886001586914062
0,0,0,0,47.9590950012207,27.21879768371582,9.888679504394531
0,0,0,0,47.94025421142578,27.20044708251953,9.891242980957031
0,0,0,0,47.914100646972656,27.17517852783203,9.894256591796875
0,0,0,0,47.89356994628906,27.15569496154785,9.896270751953125
0,0,0,0,47.872520446777344,27.13572120666504,9.898086547851562
0,0,0,0,47.843570709228516,27.10878562927246,9.900077819824219
0,0,0,0,47.821292877197266,27.088088989257812,9.901237487792969
0,0,0,0,47.798213958740234,27.066768646240234,9.902137756347656
0,0,0,0,47.76625061035156,27.037076950073242,9.903121948242188
0,0,0,0,47.741336822509766,27.014101028442383,9.903671264648438
0,0,0,0,47.715763092041016,26.990467071533203,9.904006958007812
0,0,0,0,47.68048858642578,26.957923889160156,9.904067993164062
0,0,0,0,47.65298080444336,26.93248748779297,9.903961181640625
0,0,0,0,47.62459182739258,26.906265258789062,9.903785705566406
0,0,0,0,47.58546447753906,26.870203018188477,9.903282165527344
0,0,0,0,47.55519485473633,26.84225082397461,9.902755737304688
0,0,0,0,47.52394485473633,26.813432693481445,9.902168273925781
0,0,0,0,47.48093795776367,26.773679733276367,9.901420593261719
0,0,0,0,47.447662353515625,26.74303436279297,9.900833129882812
0,0,0,0,47.41372299194336,26.711606979370117,9.900230407714844
0,0,0,0,47.36723327636719,26.668621063232422,9.899467468261719
0,0,0,0,47.33163833618164,26.635459899902344,9.898910522460938
0,0,0,0,47.295291900634766,26.60169792175293,9.89837646484375
0,0,0,0,47.2459716796875,26.555570602416992,9.897804260253906
0,0,0,0,47.20834732055664,26.52039337158203,9.897491455078125
0,0,0,0,47.1704216003418,26.484745025634766,9.897224426269531
0,0,0,0,47.11936569213867,26.436737060546875,9.89697265625
0,0,0,0,47.080909729003906,26.40032386779785,9.896865844726562
0,0,0,0,47.042320251464844,26.363685607910156,9.896797180175781
0,0,0,0,46.99071502685547,26.314376831054688,9.896766662597656
0,0,0,0,46.95193862915039,26.277095794677734,9.896781921386719
0,0,0,0,46.91300582885742,26.239559173583984,9.896766662597656
0,0,0,0,46.860958099365234,26.18913459777832,9.896736145019531
0,0,0,0,46.82171630859375,26.151037216186523,9.896713256835938
0,0,0,0,46.78240966796875,26.112674713134766,9.896713256835938
0,0,0,0,46.72968292236328,26.06121253967285,9.896644592285156
0,0,0,0,46.690067291259766,26.022306442260742,9.896568298339844
0,0,0,0,46.65021514892578,25.98326873779297,9.896514892578125
0,0,0,0,46.597103118896484,25.931076049804688,9.896476745605469
0,0,0,0,46.55734634399414,25.89214515686035,9.896377563476562
0,0,0,0,46.517860412597656,25.853225708007812,9.896171569824219
0,0,0,0,46.465293884277344,25.801403045654297,9.895851135253906
0,0,0,0,46.42605972290039,25.762571334838867,9.89556884765625
0,0,0,0,46.38692855834961,25.72393798828125,9.89520263671875
0,0,0,0,46.334991455078125,25.67239761352539,9.89459228515625
0,0,0,0,46.2961311340332,25.633670806884766,9.894027709960938
0,0,0,0,46.257286071777344,25.594884872436523,9.893386840820312
0,0,0,0,46.205543518066406,25.543231964111328,9.892349243164062
0,0,0,0,46.16669845581055,25.504453659057617,9.891410827636719
0,0,0,0,46.127872467041016,25.4655704498291,9.890357971191406
0,0,0,0,46.075927734375,25.413673400878906,9.888839721679688
0,0,0,0,46.03697967529297,25.374664306640625,9.887657165527344
0,0,0,0,45.997859954833984,25.33563804626465,9.886428833007812
0,0,0,0,45.945735931396484,25.28337287902832,9.884765625
0,0,0,0,45.90645217895508,25.244131088256836,9.883499145507812
0,0,0,0,45.86711883544922,25.204750061035156,9.882217407226562
0,0,0,0,45.81439971923828,25.152185440063477,9.880523681640625
0,0,0,0,45.774818420410156,25.112607955932617,9.87933349609375
0,0,0,0,45.735145568847656,25.073101043701172,9.878166198730469
0,0,0,0,45.68230056762695,25.020416259765625,9.876678466796875
0,0,0,0,45.642662048339844,24.980974197387695,9.875625610351562
0,0,0,0,45.60307693481445,24.941518783569336,9.874626159667969
0,0,0,0,45.55035400390625,24.889087677001953,9.873359680175781
0,0,0,0,45.51079559326172,24.849733352661133,9.872451782226562
0,0,0,0,45.471290588378906,24.81037139892578,9.871612548828125
0,0,0,0,45.418701171875,24.758020401000977,9.870529174804688
0,0,0,0,45.37945556640625,24.71887969970703,9.869712829589844
0,0,0,0,45.3402214050293,24.679832458496094,9.868888854980469
0,0,0,0,45.28814697265625,24.62778091430664,9.867744445800781
0,0,0,0,45.24906921386719,24.588802337646484,9.866874694824219
0,0,0,0,45.210113525390625,24.54975128173828,9.866020202636719
0,0,0,0,45.15808868408203,24.497766494750977,9.864982604980469
0,0,0,0,45.11922836303711,24.45882225036621,9.864234924316406
0,0,0,0,45.08041000366211,24.420085906982422,9.863449096679688
0,0,0,0,45.02881622314453,24.368385314941406,9.862388610839844
0,0,0,0,44.990081787109375,24.329605102539062,9.861595153808594
0,0,0,0,44.95140075683594,24.290712356567383,9.860816955566406
0,0,0,0,44.899818420410156,24.238855361938477,9.859817504882812
0,0,0,0,44.86115646362305,24.19989013671875,9.859100341796875
0,0,0,0,44.82249450683594,24.160921096801758,9.858444213867188
0,0,0,0,44.77082824707031,24.108781814575195,9.857635498046875
0,0,0,0,44.73202896118164,24.069520950317383,9.8570556640625
0,0,0,0,44.6931037902832,24.030155181884766,9.856498718261719
0,0,0,0,44.64122772216797,23.977563858032227,9.855781555175781
0,0,0,0,44.602210998535156,23.938127517700195,9.855224609375
0,0,0,0,44.56321716308594,23.898603439331055,9.854637145996094
0,0,0,0,44.51099395751953,23.84592056274414,9.853851318359375
0,0,0,0,44.47180938720703,23.806303024291992,9.853233337402344
0,0,0,0,44.43246078491211,23.766691207885742,9.852554321289062
0,0,0,0,44.38003921508789,23.713708877563477,9.851577758789062
0,0,0,0,44.340576171875,23.673931121826172,9.85076904296875
0,0,0,0,44.301124572753906,23.633989334106445,9.84991455078125
0,0,0,0,44.248451232910156,23.58072280883789,9.848724365234375
0,0,0,0,44.2089958190918,23.54070281982422,9.847763061523438
0,0,0,0,44.1695556640625,23.500713348388672,9.846748352050781
0,0,0,0,44.11704635620117,23.44731330871582,9.8453369140625
0,0,0,0,44.077728271484375,23.407257080078125,9.844253540039062
0,0,0,0,44.03836441040039,23.367168426513672,9.843177795410156
0,0,0,0,43.98590850830078,23.313688278198242,9.841766357421875
0,0,0,0,43.94646453857422,23.273536682128906,9.840744018554688
0,0,0,0,43.90703582763672,23.23330307006836,9.839836120605469
0,0,0,0,43.85433578491211,23.179655075073242,9.838790893554688
0,0,0,0,43.8149528503418,23.139455795288086,9.838066101074219
0,0,0,0,43.77552032470703,23.099409103393555,9.837379455566406
0,0,0,0,43.72309875488281,23.04595947265625,9.836540222167969
0,0,0,0,43.683738708496094,23.005929946899414,9.835968017578125
0,0,0,0,43.644474029541016,22.96582794189453,9.835418701171875
0,0,0,0,43.59200668334961,22.912416458129883,9.834640502929688
0,0,0,0,43.55270767211914,22.872257232666016,9.834083557128906
0,0,0,0,43.5133171081543,22.83209800720215,9.833534240722656
0,0,0,0,43.46074295043945,22.778371810913086,9.832855224609375
0,0,0,0,43.42122268676758,22.738004684448242,9.832359313964844
0,0,0,0,43.381587982177734,22.69753646850586,9.831871032714844
0,0,0,0,43.32859802246094,22.64349365234375,9.831268310546875
0,0,0,0,43.288719177246094,22.60286521911621,9.830795288085938
0,0,0,0,43.248844146728516,22.56216049194336,9.830291748046875
0,0,0,0,43.19548797607422,22.507814407348633,9.829544067382812
0,0,0,0,43.155487060546875,22.466934204101562,9.8289794921875
0,0,0,0,43.11534881591797,22.426061630249023,9.828399658203125
0,0,0,0,43.06187057495117,22.37147331237793,9.827590942382812
0,0,0,0,43.02161407470703,22.3305606842041,9.826934814453125
0,0,0,0,42.98137283325195,22.289527893066406,9.8262939453125
0,0,0,0,42.92760467529297,22.234941482543945,9.825485229492188
0,0,0,0,42.88750076293945,22.194154739379883,9.824821472167969
0,0,0,0,42.84748077392578,22.15361976623535,9.824089050292969
0,0,0,0,42.7943000793457,22.0996036529541,9.822990417480469
0,0,0,0,42.75446319580078,22.05919075012207,9.822052001953125
0,0,0,0,42.71470642089844,22.018781661987305,9.821029663085938
0,0,0,0,42.66176223754883,21.96501350402832,9.819572448730469
0,0,0,0,42.622032165527344,21.92470932006836,9.818473815917969
0,0,0,0,42.58232879638672,21.88441276550293,9.817390441894531
0,0,0,0,42.52936553955078,21.8306827545166,9.815910339355469
0,0,0,0,42.489715576171875,21.79035186767578,9.814750671386719
0,0,0,0,42.449947357177734,21.750032424926758,9.8135986328125
0,0,0,0,42.39693069458008,21.696155548095703,9.811996459960938
0,0,0,0,42.35696792602539,21.65570640563965,9.810752868652344
0,0,0,0,42.31700897216797,21.615129470825195,9.809501647949219
0,0,0,0,42.263519287109375,21.5610294342041,9.807868957519531
0,0,0,0,42.223411560058594,21.52033042907715,9.80670166015625
0,0,0,0,42.18315124511719,21.47966957092285,9.805595397949219
0,0,0,0,42.12943649291992,21.425357818603516,9.804176330566406
0,0,0,0,42.089019775390625,21.384634017944336,9.80316162109375
0,0,0,0,42.048614501953125,21.34383201599121,9.802207946777344
0,0,0,0,41.994598388671875,21.289480209350586,9.801017761230469
0,0,0,0,41.95399475097656,21.248641967773438,9.800201416015625
0,0,0,0,41.91332244873047,21.20784568786621,9.799430847167969
0,0,0,0,41.859012603759766,21.153488159179688,9.798439025878906
0,0,0,0,41.818241119384766,21.112733840942383,9.797760009765625
0,0,0,0,41.77737045288086,21.07198715209961,9.797134399414062
0,0,0,0,41.722896575927734,21.017667770385742,9.796363830566406
0,0,0,0,41.68189239501953,20.97698211669922,9.795783996582031
0,0,0,0,41.64092254638672,20.936222076416016,9.795181274414062
0,0,0,0,41.58610153198242,20.881916046142578,9.794395446777344
0,0,0,0,41.545013427734375,20.841094970703125,9.793861389160156
0,0,0,0,41.50377655029297,20.80034637451172,9.793342590332031
0,0,0,0,41.4488525390625,20.74600601196289,9.792587280273438
0,0,0,0,41.407562255859375,20.70533561706543,9.791969299316406
0,0,0,0,41.36628723144531,20.66459083557129,9.791343688964844
0,0,0,0,41.311134338378906,20.61040496826172,9.79052734375
0,0,0,0,41.26980972290039,20.569793701171875,9.789909362792969
0,0,0,0,41.228477478027344,20.529314041137695,9.789314270019531
0,0,0,0,41.17338943481445,20.47532081604004,9.788597106933594
0,0,0,0,41.132137298583984,20.434907913208008,9.788078308105469
0,0,0,0,41.09090042114258,20.394548416137695,9.787567138671875
0,0,0,0,41.036006927490234,20.3408145904541,9.78692626953125
0,0,0,0,40.994781494140625,20.3005313873291,9.786483764648438
0,0,0,0,40.9536247253418,20.260204315185547,9.786048889160156
0,0,0,0,40.898677825927734,20.20644760131836,9.785469055175781
0,0,0,0,40.85759353637695,20.166109085083008,9.785018920898438
0,0,0,0,40.816429138183594,20.125844955444336,9.784553527832031
0,0,0,0,40.761688232421875,20.07204246520996,9.783950805664062
0,0,0,0,40.72062683105469,20.03176498413086,9.783538818359375
0,0,0,0,40.666046142578125,19.97799301147461,9.783004760742188
0,0,0,0,40.6251106262207,19.937713623046875,9.782569885253906
0,0,0,0,40.58425521850586,19.897367477416992,9.782127380371094
0,0,0,0,40.52983474731445,19.843608856201172,9.781517028808594
0,0,0,0,40.489044189453125,19.803226470947266,9.781028747558594
0,0,0,0,40.448246002197266,19.76283836364746,9.780532836914062
0,0,0,0,40.39381408691406,19.708877563476562,9.779830932617188
0,0,0,0,40.353057861328125,19.668344497680664,9.779312133789062
0,0,0,0,40.31223678588867,19.627796173095703,9.778823852539062
0,0,0,0,40.257930755615234,19.573678970336914,9.77813720703125
0,0,0,0,40.217159271240234,19.533063888549805,9.777610778808594
0,0,0,0,40.17646789550781,19.492326736450195,9.777046203613281
0,0,0,0,40.12208557128906,19.43796730041504,9.776275634765625
0,0,0,0,40.08140563964844,19.397066116333008,9.775711059570312
0,0,0,0,40.04059600830078,19.35617446899414,9.775154113769531
0,0,0,0,39.9862174987793,19.301443099975586,9.774452209472656
0,0,0,0,39.945343017578125,19.260393142700195,9.773941040039062
0,0,0,0,39.904502868652344,19.219228744506836,9.773475646972656
0,0,0,0,39.84990310668945,19.164308547973633,9.77288818359375
0,0,0,0,39.80891799926758,19.12300682067871,9.772476196289062
0,0,0,0,39.767921447753906,19.081684112548828,9.772117614746094
0,0,0,0,39.71324920654297,19.026491165161133,9.771720886230469
0,0,0,0,39.672264099121094,18.985017776489258,9.771469116210938
0,0,0,0,39.631229400634766,18.94344711303711,9.771263122558594
0,0,0,0,39.576637268066406,18.888004302978516,9.771011352539062
0,0,0,0,39.535648345947266,18.846445083618164,9.77081298828125
0,0,0,0,39.4947624206543,18.804874420166016,9.770614624023438
0,0,0,0,39.44015121459961,18.7495174407959,9.770378112792969
0,0,0,0,39.3993034362793,18.70794105529785,9.770233154296875
0,0,0,0,39.35835266113281,18.666410446166992,9.770088195800781
0,0,0,0,39.3038444519043,18.610916137695312,9.769905090332031
0,0,0,0,39.262901306152344,18.5693416595459,9.769790649414062
0,0,0,0,39.22205352783203,18.527700424194336,9.769706726074219
0,0,0,0,39.16758346557617,18.472332000732422,9.769630432128906
0,0,0,0,39.12678909301758,18.430763244628906,9.7696533203125
0,0,0,0,39.08594512939453,18.38924217224121,9.769767761230469
0,0,0,0,39.03151321411133,18.333820343017578,9.770011901855469
0,0,0,0,38.990665435791016,18.292293548583984,9.770248413085938
0,0,0,0,38.949790954589844,18.250751495361328,9.770500183105469
0,0,0,0,38.89529037475586,18.19542121887207,9.770904541015625
0,0,0,0,38.85428237915039,18.153926849365234,9.771209716796875
0,0,0,0,38.813331604003906,18.112409591674805,9.771522521972656
0,0,0,0,38.758689880371094,18.05704689025879,9.771926879882812
0,0,0,0,38.717803955078125,18.015443801879883,9.772262573242188
0,0,0,0,38.67683410644531,17.973899841308594,9.772605895996094
0,0,0,0,38.622314453125,17.918455123901367,9.773056030273438
0,0,0,0,38.58135986328125,17.876937866210938,9.773399353027344
0,0,0,0,38.540557861328125,17.835365295410156,9.773773193359375
0,0,0,0,38.4860954284668,17.780000686645508,9.774253845214844
0,0,0,0,38.44535827636719,17.73842430114746,9.774620056152344
0,0,0,0,38.40458679199219,17.696910858154297,9.774948120117188
0,0,0,0,38.35029983520508,17.641510009765625,9.775344848632812
0,0,0,0,38.30955505371094,17.60001564025879,9.775657653808594
0,0,0,0,38.26887130737305,17.558570861816406,9.775924682617188
0,0,0,0,38.21470260620117,17.503498077392578,9.776222229003906
0,0,0,0,38.174076080322266,17.462284088134766,9.776473999023438
0,0,0,0,38.13359451293945,17.42120933532715,9.776710510253906
0,0,0,0,38.07975769042969,17.366657257080078,9.777046203613281
0,0,0,0,38.03953170776367,17.325820922851562,9.777305603027344
0,0,0,0,37.99928665161133,17.285078048706055,9.777572631835938
0,0,0,0,37.94581604003906,17.230886459350586,9.777923583984375
0,0,0,0,37.90568161010742,17.190372467041016,9.778205871582031
0,0,0,0,37.865665435791016,17.149824142456055,9.77850341796875
0,0,0,0,37.81222152709961,17.0958251953125,9.778877258300781
0,0,0,0,37.77217483520508,17.055261611938477,9.779182434082031
0,0,0,0,37.73198318481445,17.01474952697754,9.779510498046875
0,0,0,0,37.67836380004883,16.960556030273438,9.779914855957031
0,0,0,0,37.638031005859375,16.919918060302734,9.780189514160156
0,0,0,0,37.59765625,16.879180908203125,9.780426025390625
0,0,0,0,37.54363250732422,16.82492446899414,9.780708312988281
0,0,0,0,37.503021240234375,16.7841854095459,9.780876159667969
0,0,0,0,37.46232604980469,16.743444442749023,9.780998229980469
0,0,0,0,37.40792465209961,16.68903350830078,9.781135559082031
0,0,0,0,37.36714172363281,16.648208618164062,9.781234741210938
0,0,0,0,37.32624053955078,16.607372283935547,9.781341552734375
0,0,0,0,37.271705627441406,16.552913665771484,9.781509399414062
0,0,0,0,37.23069381713867,16.512102127075195,9.781654357910156
0,0,0,0,37.189788818359375,16.471195220947266,9.781806945800781
0,0,0,0,37.13512420654297,16.416675567626953,9.782005310058594
0,0,0,0,37.094146728515625,16.37574005126953,9.78216552734375
0,0,0,0,37.05303192138672,16.334877014160156,9.782341003417969
0,0,0,0,36.998291015625,16.280336380004883,9.782546997070312
0,0,0,0,36.9571647644043,16.239538192749023,9.782707214355469
0,0,0,0,36.91607666015625,16.198745727539062,9.782859802246094
0,0,0,0,36.86119079589844,16.14452362060547,9.7830810546875
0,0,0,0,36.82005310058594,16.103864669799805,9.783309936523438
0,0,0,0,36.77889633178711,16.063276290893555,9.783584594726562
0,0,0,0,36.724029541015625,16.00916862487793,9.783988952636719
0,0,0,0,36.68290328979492,15.968661308288574,9.7843017578125
0,0,0,0,36.64174270629883,15.928181648254395,9.784675598144531
0,0,0,0,36.58690643310547,15.874263763427734,9.785224914550781
0,0,0,0,36.54570007324219,15.833863258361816,9.785659790039062
0,0,0,0,36.50457763671875,15.793396949768066,9.786125183105469
0,0,0,0,36.45018768310547,15.740123748779297,9.786483764648438
0,0,0,0,36.41033935546875,15.701112747192383,9.784561157226562
0,0,0,0,36.371185302734375,15.663006782531738,9.7813720703125
0,0,0,0,36.32014083862305,15.613080024719238,9.776832580566406
0,0,0,0,36.28245544433594,15.576274871826172,9.773277282714844
0,0,0,0,36.245365142822266,15.53983211517334,9.769874572753906
0,0,0,0,36.19640350341797,15.491687774658203,9.765914916992188
0,0,0,0,36.16000747680664,15.455648422241211,9.76348876953125
0,0,0,0,36.123661041259766,15.41966724395752,9.761642456054688
0,0,0,0,36.07514953613281,15.371420860290527,9.760177612304688
0,0,0,0,36.03857421875,15.33498764038086,9.75982666015625
0,0,0,0,36.001747131347656,15.29827880859375,9.760108947753906
0,0,0,0,35.952171325683594,15.24889850616455,9.761459350585938
0,0,0,0,35.914573669433594,15.21154499053955,9.7630615234375
0,0,0,0,35.87678146362305,15.174002647399902,9.7650146484375
0,0,0,0,35.82600402832031,15.123821258544922,9.76800537109375
0,0,0,0,35.78779220581055,15.086098670959473,9.770538330078125
0,0,0,0,35.749359130859375,15.048357963562012,9.773277282714844
0,0,0,0,35.697994232177734,14.997734069824219,9.777107238769531
0,0,0,0,35.659183502197266,14.959600448608398,9.779891967773438
0,0,0,0,35.62032699584961,14.921174049377441,9.782539367675781
0,0,0,0,35.568199157714844,14.869656562805176,9.785789489746094
0,0,0,0,35.52899932861328,14.83067512512207,9.787979125976562
0,0,0,0,35.48958206176758,14.791532516479492,9.789939880371094
0,0,0,0,35.43693923950195,14.738968849182129,9.792198181152344
0,0,0,0,35.397403717041016,14.699471473693848,9.793563842773438
0,0,0,0,35.357845306396484,14.65985107421875,9.794677734375
0,0,0,0,35.30500411987305,14.606888771057129,9.795791625976562
0,0,0,0,35.26526641845703,14.567061424255371,9.796379089355469
0,0,0,0,35.225494384765625,14.52719783782959,9.796768188476562
0,0,0,0,35.172332763671875,14.473999977111816,9.7969970703125
0,0,0,0,35.1324462890625,14.434022903442383,9.797027587890625
0,0,0,0,35.092472076416016,14.394061088562012,9.796966552734375
0,0,0,0,35.03933334350586,14.340709686279297,9.796722412109375
0,0,0,0,34.99940490722656,14.300668716430664,9.796394348144531
0,0,0,0,34.959529876708984,14.260505676269531,9.795989990234375
0,0,0,0,34.906192779541016,14.206899642944336,9.795341491699219
0,0,0,0,34.866214752197266,14.166505813598633,9.794792175292969
0,0,0,0,34.82612991333008,14.12608528137207,9.79425048828125
0,0,0,0,34.772674560546875,14.07192611694336,9.79351806640625
0,0,0,0,34.732421875,14.031230926513672,9.79296875
0,0,0,0,34.69210433959961,13.9903564453125,9.792457580566406
0,0,0,0,34.63820266723633,13.935802459716797,9.791824340820312
0,0,0,0,34.59779739379883,13.894862174987793,9.791351318359375
0,0,0,0,34.55738830566406,13.853931427001953,9.790870666503906
0,0,0,0,34.50346374511719,13.799278259277344,9.790245056152344
0,0,0,0,34.46302032470703,13.75821590423584,9.789810180664062
0,0,0,0,34.42246627807617,13.717156410217285,9.789421081542969
0,0,0,0,34.36838150024414,13.662383079528809,9.788970947265625
0,0,0,0,34.327659606933594,13.621271133422852,9.7886962890625
0,0,0,0,34.28693771362305,13.58008098602295,9.788467407226562
0,0,0,0,34.23238754272461,13.525177955627441,9.788200378417969
0,0,0,0,34.19148254394531,13.483946800231934,9.787994384765625
0,0,0,0,34.150413513183594,13.442777633666992,9.787757873535156
0,0,0,0,34.095611572265625,13.38774585723877,9.787368774414062
0,0,0,0,34.05437088012695,13.346576690673828,9.787033081054688
0,0,0,0,34.013084411621094,13.305363655090332,9.786659240722656
0,0,0,0,33.95773696899414,13.250624656677246,9.786102294921875
0,0,0,0,33.916133880615234,13.209603309631348,9.785667419433594
0,0,0,0,33.87441635131836,13.168717384338379,9.785232543945312
0,0,0,0,33.818729400634766,13.114326477050781,9.784675598144531
0,0,0,0,33.77694320678711,13.073675155639648,9.784210205078125
0,0,0,0,33.73504638671875,13.033096313476562,9.783714294433594
0,0,0,0,33.67906188964844,12.979146957397461,9.782966613769531
0,0,0,0,33.63687515258789,12.938811302185059,9.782356262207031
0,0,0,0,33.59463119506836,12.898540496826172,9.781745910644531
0,0,0,0,33.538028717041016,12.845074653625488,9.780952453613281
0,0,0,0,33.495521545410156,12.805081367492676,9.780303955078125
0,0,0,0,33.45280075073242,12.765289306640625,9.77960205078125
0,0,0,0,33.39580154418945,12.712395668029785,9.77862548828125
0,0,0,0,33.35285949707031,12.672924041748047,9.777824401855469
0,0,0,0,33.309871673583984,12.633476257324219,9.777000427246094
0,0,0,0,33.25221633911133,12.581144332885742,9.77593994140625
0,0,0,0,33.208866119384766,12.542015075683594,9.775161743164062
0,0,0,0,33.16532516479492,12.50307846069336,9.774444580078125
0,0,0,0,33.10710525512695,12.451313018798828,9.773551940917969
0,0,0,0,33.063255310058594,12.412735939025879,9.77288818359375
0,0,0,0,33.01923370361328,12.374334335327148,9.772239685058594
0,0,0,0,32.960296630859375,12.323554992675781,9.7713623046875
0,0,0,0,32.91584777832031,12.28575611114502,9.770668029785156
0,0,0,0,32.871280670166016,12.248202323913574,9.769927978515625
0,0,0,0,32.81145477294922,12.198562622070312,9.76885986328125
0,0,0,0,32.76639175415039,12.161575317382812,9.768058776855469
0,0,0,0,32.72101974487305,12.124895095825195,9.767234802246094
0,0,0,0,32.6602668762207,12.076340675354004,9.76611328125
0,0,0,0,32.614402770996094,12.040258407592773,9.765266418457031
0,0,0,0,32.56843948364258,12.00436782836914,9.764442443847656
0,0,0,0,32.49137878417969,11.945335388183594,9.763023376464844
0,0,0,0,32.44496154785156,11.910355567932129,9.762184143066406
0,0,0,0,32.413936614990234,11.887271881103516,9.761619567871094
0,0,0,0,32.35176086425781,11.84151554107666,9.760482788085938
0,0,0,0,32.30490493774414,11.807668685913086,9.7596435546875
0,0,0,0,32.25794219970703,11.774168968200684,9.7587890625
0,0,0,0,32.195030212402344,11.730180740356445,9.757637023925781
0,0,0,0,32.1475944519043,11.697611808776855,9.756797790527344
0,0,0,0,32.10000228881836,11.665400505065918,9.755989074707031
0,0,0,0,32.036190032958984,11.622994422912598,9.754920959472656
0,0,0,0,31.98813819885254,11.591568946838379,9.754127502441406
0,0,0,0,31.93976402282715,11.560469627380371,9.753349304199219
0,0,0,0,31.875,11.51938533782959,9.752349853515625
0,0,0,0,31.826068878173828,11.488973617553711,9.751632690429688
0,0,0,0,31.77699851989746,11.458757400512695,9.750938415527344
0,0,0,0,31.71120262145996,11.418898582458496,9.750045776367188
0,0,0,0,31.661739349365234,11.389205932617188,9.749374389648438
0,0,0,0,31.612024307250977,11.359811782836914,9.748710632324219
0,0,0,0,31.54557991027832,11.320932388305664,9.747817993164062
0,0,0,0,31.495527267456055,11.292081832885742,9.747108459472656
0,0,0,0,31.445384979248047,11.263345718383789,9.746337890625
0,0,0,0,31.378280639648438,11.225379943847656,9.745216369628906
0,0,0,0,31.32784080505371,11.197118759155273,9.744369506835938
0,0,0,0,31.277259826660156,11.16908073425293,9.743484497070312
0,0,0,0,31.20965003967285,11.131892204284668,9.742218017578125
0,0,0,0,31.158897399902344,11.104193687438965,9.741249084472656
0,0,0,0,31.1080379486084,11.076631546020508,9.740242004394531
0,0,0,0,31.040185928344727,11.04007625579834,9.738792419433594
0,0,0,0,30.9891357421875,11.012802124023438,9.737579345703125
0,0,0,0,30.93810272216797,10.985569953918457,9.736320495605469
0,0,0,0,30.869850158691406,10.949464797973633,9.734626770019531
0,0,0,0,30.818695068359375,10.922446250915527,9.733367919921875
0,0,0,0,30.76740074157715,10.895550727844238,9.732154846191406
0,0,0,0,30.699054718017578,10.859702110290527,9.730583190917969
0,0,0,0,30.64766502380371,10.832942008972168,9.729415893554688
0,0,0,0,30.59633445739746,10.80615520477295,9.728309631347656
0,0,0,0,30.527854919433594,10.770580291748047,9.726890563964844
0,0,0,0,30.476533889770508,10.743885040283203,9.725822448730469
0,0,0,0,30.4251651763916,10.71726131439209,9.724754333496094
0,0,0,0,30.35666275024414,10.681681632995605,9.723350524902344
0,0,0,0,30.305320739746094,10.654986381530762,9.722312927246094
0,0,0,0,30.253999710083008,10.628264427185059,9.72125244140625
0,0,0,0,30.185636520385742,10.592611312866211,9.719810485839844
0,0,0,0,30.13427734375,10.565826416015625,9.718727111816406
0,0,0,0,30.08300018310547,10.538997650146484,9.717689514160156
0,0,0,0,30.014516830444336,10.50318717956543,9.716346740722656
0,0,0,0,29.96324920654297,10.476243019104004,9.715362548828125
0,0,0,0,29.9118709564209,10.44930648803711,9.714393615722656
0,0,0,0,29.843395233154297,10.413240432739258,9.713203430175781
0,0,0,0,29.791912078857422,10.386215209960938,9.712440490722656
0,0,0,0,29.74057388305664,10.359131813049316,9.711753845214844
0,0,0,0,29.672090530395508,10.323073387145996,9.710968017578125
0,0,0,0,29.620817184448242,10.295919418334961,9.710472106933594
0,0,0,0,29.569528579711914,10.268768310546875,9.710029602050781
0,0,0,0,29.501323699951172,10.232396125793457,9.709518432617188
0,0,0,0,29.450252532958984,10.205081939697266,9.709152221679688
0,0,0,0,29.39922523498535,10.17763900756836,9.708763122558594
0,0,0,0,29.331268310546875,10.14090347290039,9.708274841308594
0,0,0,0,29.28034210205078,10.1132230758667,9.707939147949219
0,0,0,0,29.229541778564453,10.085397720336914,9.7076416015625
0,0,0,0,29.161823272705078,10.048090934753418,9.707283020019531
0,0,0,0,29.1112060546875,10.019916534423828,9.707023620605469
0,0,0,0,29.060617446899414,9.99166488647461,9.706756591796875
0,0,0,0,28.993417739868164,9.953679084777832,9.706352233886719
0,0,0,0,28.943050384521484,9.925018310546875,9.706031799316406
0,0,0,0,28.892881393432617,9.896027565002441,9.705680847167969
0,0,0,0,28.82599449157715,9.857048034667969,9.705207824707031
0,0,0,0,28.776020050048828,9.827460289001465,9.704864501953125
0,0,0,0,28.72610855102539,9.797690391540527,9.704505920410156
0,0,0,0,28.659908294677734,9.757499694824219,9.704025268554688
0,0,0,0,28.610424041748047,9.727076530456543,9.703666687011719
0,0,0,0,28.56117057800293,9.696314811706543,9.703262329101562
0,0,0,0,28.495786666870117,9.654900550842285,9.70269775390625
0,0,0,0,28.447002410888672,9.623449325561523,9.7022705078125
0,0,0,0,28.398487091064453,9.591686248779297,9.701866149902344
0,0,0,0,28.334135055541992,9.548784255981445,9.701347351074219
0,0,0,0,28.286230087280273,9.5161771774292,9.700950622558594
0,0,0,0,28.238475799560547,9.483221054077148,9.7005615234375
0,0,0,0,28.175270080566406,9.438655853271484,9.700088500976562
0,0,0,0,28.12809944152832,9.404788970947266,9.699821472167969
0,0,0,0,28.081317901611328,9.370460510253906,9.699592590332031
0,0,0,0,28.01927947998047,9.324148178100586,9.699333190917969
0,0,0,0,27.973129272460938,9.288893699645996,9.69921875
0,0,0,0,27.92717170715332,9.25333309173584,9.699180603027344
0,0,0,0,27.86637306213379,9.20522689819336,9.699165344238281
0,0,0,0,27.821033477783203,9.168766021728516,9.699234008789062
0,0,0,0,27.77602195739746,9.131889343261719,9.69940185546875
0,0,0,0,27.7164363861084,9.082231521606445,9.699745178222656
0,0,0,0,27.672094345092773,9.044541358947754,9.700080871582031
0,0,0,0,27.628032684326172,9.00654411315918,9.700477600097656
0,0,0,0,27.569711685180664,8.955368041992188,9.701080322265625
0,0,0,0,27.526329040527344,8.916618347167969,9.701614379882812
0,0,0,0,27.48318862915039,8.877565383911133,9.70220947265625
0,0,0,0,27.426124572753906,8.825020790100098,9.703102111816406
0,0,0,0,27.383533477783203,8.78532886505127,9.703834533691406
0,0,0,0,27.34130859375,8.745295524597168,9.704612731933594
0,0,0,0,27.28534698486328,8.691575050354004,9.705741882324219
0,0,0,0,27.243741989135742,8.650932312011719,9.706619262695312
0,0,0,0,27.20229148864746,8.610101699829102,9.707466125488281
0,0,0,0,27.14754295349121,8.555232048034668,9.708587646484375
0,0,0,0,27.106687545776367,8.51392936706543,9.709442138671875
0,0,0,0,27.06610679626465,8.472367286682129,9.710273742675781
0,0,0,0,27.012224197387695,8.416787147521973,9.711357116699219
0,0,0,0,26.97210693359375,8.374924659729004,9.712104797363281
0,0,0,0,26.93218231201172,8.333008766174316,9.712783813476562
0,0,0,0,26.879230499267578,8.276838302612305,9.713615417480469
0,0,0,0,26.839750289916992,8.234622955322266,9.714225769042969
0,0,0,0,26.800491333007812,8.192419052124023,9.714836120605469
0,0,0,0,26.748584747314453,8.13618278503418,9.715606689453125
0,0,0,0,26.709796905517578,8.093998908996582,9.716209411621094
0,0,0,0,26.671184539794922,8.051763534545898,9.716865539550781
0,0,0,0,26.619792938232422,7.9954833984375,9.717781066894531
0,0,0,0,26.581403732299805,7.953253746032715,9.718498229980469
0,0,0,0,26.542964935302734,7.9110822677612305,9.719261169433594
0,0,0,0,26.49180793762207,7.8548150062561035,9.720329284667969
0,0,0,0,26.453367233276367,7.812662124633789,9.72119140625
0,0,0,0,26.415002822875977,7.7704243659973145,9.722084045410156
0,0,0,0,26.363698959350586,7.714206695556641,9.72332763671875
0,0,0,0,26.32522201538086,7.672045707702637,9.724281311035156
0,0,0,0,26.286649703979492,7.629992485046387,9.725273132324219
0,0,0,0,26.22223472595215,7.559841632843018,9.72705078125
0,0,0,0,26.196435928344727,7.531784534454346,9.727806091308594
0,0,0,0,26.15768051147461,7.489748477935791,9.728935241699219
0,0,0,0,26.1059627532959,7.433864593505859,9.730484008789062
0,0,0,0,26.067075729370117,7.392005443572998,9.731666564941406
0,0,0,0,26.0281982421875,7.350181579589844,9.732826232910156
0,0,0,0,25.97620964050293,7.294567584991455,9.734283447265625
0,0,0,0,25.937231063842773,7.2528791427612305,9.735275268554688
0,0,0,0,25.89807891845703,7.2112507820129395,9.736198425292969
0,0,0,0,25.845876693725586,7.155761241912842,9.737297058105469
0,0,0,0,25.806547164916992,7.114233016967773,9.738044738769531
0,0,0,0,25.767183303833008,7.072668552398682,9.738739013671875
0,0,0,0,25.71442985534668,7.0174174308776855,9.73956298828125
0,0,0,0,25.67479133605957,6.975932598114014,9.740127563476562
0,0,0,0,25.634965896606445,6.9345598220825195,9.740615844726562
0,0,0,0,25.581785202026367,6.879426002502441,9.741218566894531
0,0,0,0,25.541765213012695,6.83818244934082,9.74163818359375
0,0,0,0,25.501609802246094,6.796912670135498,9.742042541503906
0,0,0,0,25.44777488708496,6.741975784301758,9.742607116699219
0,0,0,0,25.407201766967773,6.700778961181641,9.7430419921875
0,0,0,0,25.366531372070312,6.65963077545166,9.743492126464844
0,0,0,0,25.312088012695312,6.604757308959961,9.744110107421875
0,0,0,0,25.27118492126465,6.563597202301025,9.744621276855469
0,0,0,0,25.23011016845703,6.522485733032227,9.745162963867188
0,0,0,0,25.175296783447266,6.467696666717529,9.7459716796875
0,0,0,0,25.133995056152344,6.426692008972168,9.74664306640625
0,0,0,0,25.092737197875977,6.385652542114258,9.747413635253906
0,0,0,0,25.03756332397461,6.330974102020264,9.74859619140625
0,0,0,0,24.99622344970703,6.2899394035339355,9.749580383300781
0,0,0,0,24.954740524291992,6.248991012573242,9.750625610351562
0,0,0,0,24.89948081970215,6.1943440437316895,9.752090454101562
0,0,0,0,24.857980728149414,6.153408527374268,9.753242492675781
0,0,0,0,24.816556930541992,6.112381458282471,9.75445556640625
0,0,0,0,24.761280059814453,6.057750701904297,9.756050109863281
0,0,0,0,24.7198543548584,6.016700744628906,9.757247924804688
0,0,0,0,24.678436279296875,5.975622653961182,9.758468627929688
0,0,0,0,24.623302459716797,5.920897483825684,9.760147094726562
0,0,0,0,24.582191467285156,5.880077838897705,9.761390686035156
0,0,0,0,24.541181564331055,5.8393988609313965,9.762626647949219
0,0,0,0,24.486801147460938,5.785186767578125,9.764320373535156
0,0,0,0,24.44605827331543,5.744601249694824,9.765602111816406
0,0,0,0,24.4055118560791,5.704008102416992,9.766868591308594
0,0,0,0,24.3514404296875,5.649901390075684,9.768569946289062
0,0,0,0,24.311033248901367,5.60916805267334,9.769859313964844
0,0,0,0,24.270565032958984,5.56838321685791,9.771163940429688
0,0,0,0,24.21677589416504,5.513778209686279,9.772926330566406
0,0,0,0,24.176416397094727,5.472794532775879,9.77423095703125
0,0,0,0,24.13619613647461,5.431621551513672,9.775482177734375
0,0,0,0,24.082538604736328,5.376658916473389,9.777069091796875
0,0,0,0,24.042381286621094,5.335296154022217,9.7781982421875
0,0,0,0,24.00222396850586,5.293888092041016,9.779273986816406
0,0,0,0,23.948745727539062,5.23845911026001,9.780616760253906
0,0,0,0,23.908767700195312,5.196860313415527,9.781539916992188
0,0,0,0,23.86888313293457,5.155210971832275,9.782440185546875
0,0,0,0,23.815961837768555,5.099792957305908,9.783607482910156
0,0,0,0,23.776517868041992,5.058435916900635,9.784393310546875
0,0,0,0,23.737422943115234,5.017219066619873,9.785125732421875
0,0,0,0,23.685556411743164,4.962373733520508,9.786048889160156
0,0,0,0,23.64695167541504,4.921199321746826,9.786712646484375
0,0,0,0,23.608400344848633,4.880054950714111,9.787353515625
0,0,0,0,23.557342529296875,4.825023174285889,9.788192749023438
0,0,0,0,23.519155502319336,4.783751964569092,9.788803100585938
0,0,0,0,23.481185913085938,4.742318153381348,9.789421081542969
0,0,0,0,23.430580139160156,4.686897277832031,9.790229797363281
0,0,0,0,23.39272117614746,4.645079135894775,9.790870666503906
0,0,0,0,23.354862213134766,4.603212356567383,9.791526794433594
0,0,0,0,23.30453872680664,4.547112464904785,9.792396545410156
0,0,0,0,23.266817092895508,4.504847526550293,9.793083190917969
0,0,0,0,23.229206085205078,4.462432861328125,9.793792724609375
0,0,0,0,23.179231643676758,4.405896186828613,9.794708251953125
0,0,0,0,23.141834259033203,4.363465785980225,9.795318603515625
0,0,0,0,23.10457420349121,4.320965766906738,9.795906066894531
0,0,0,0,23.054977416992188,4.264144420623779,9.796646118164062
0,0,0,0,23.017990112304688,4.221484184265137,9.797126770019531
0,0,0,0,22.98105812072754,4.178818225860596,9.797569274902344
0,0,0,0,22.93210792541504,4.121703624725342,9.79815673828125
0,0,0,0,22.895395278930664,4.07874059677124,9.798576354980469
0,0,0,0,22.858882904052734,4.035667419433594,9.798942565917969
0,0,0,0,22.810279846191406,3.978210926055908,9.799407958984375
0,0,0,0,22.774015426635742,3.934891939163208,9.799781799316406
0,0,0,0,22.73777961730957,3.891547203063965,9.800155639648438
0,0,0,0,22.689653396606445,3.8334834575653076,9.800651550292969
0,0,0,0,22.65358543395996,3.7898242473602295,9.801109313964844
0,0,0,0,22.61772918701172,3.7461354732513428,9.801582336425781
0,0,0,0,22.570201873779297,3.688047170639038,9.802139282226562
0,0,0,0,22.53473472595215,3.644395589828491,9.80255126953125
0,0,0,0,22.4995059967041,3.6007328033447266,9.802909851074219
0,0,0,0,22.452821731567383,3.5425236225128174,9.803352355957031
0,0,0,0,22.418031692504883,3.498812437057495,9.803703308105469
0,0,0,0,22.38332748413086,3.455071210861206,9.804092407226562
0,0,0,0,22.337438583374023,3.3968400955200195,9.804557800292969
0,0,0,0,22.303205490112305,3.3533356189727783,9.804840087890625
0,0,0,0,22.26931381225586,3.309919834136963,9.805107116699219
0,0,0,0,22.22437858581543,3.2522714138031006,9.80535888671875
0,0,0,0,22.191041946411133,3.209124803543091,9.805519104003906
0,0,0,0,22.157846450805664,3.1661345958709717,9.805633544921875
0,0,0,0,22.114028930664062,3.1088809967041016,9.80572509765625
0,0,0,0,22.08133888244629,3.0661401748657227,9.805763244628906
0,0,0,0,22.04886245727539,3.023466110229492,9.805770874023438
0,0,0,0,22.005672454833984,2.9668188095092773,9.805778503417969
0,0,0,0,21.973417282104492,2.924333333969116,9.805793762207031
0,0,0,0,21.94126319885254,2.8819429874420166,9.805862426757812
0,0,0,0,21.898536682128906,2.825451135635376,9.805976867675781
0,0,0,0,21.866600036621094,2.783109426498413,9.806076049804688
0,0,0,0,21.83464813232422,2.7407095432281494,9.806167602539062
0,0,0,0,21.79208755493164,2.684091329574585,9.806343078613281
0,0,0,0,21.760133743286133,2.6417670249938965,9.806503295898438
0,0,0,0,21.72831153869629,2.599419355392456,9.806671142578125
0,0,0,0,21.68573570251465,2.5427749156951904,9.806999206542969
0,0,0,0,21.653764724731445,2.500044107437134,9.80731201171875
0,0,0,0,21.621553421020508,2.457227945327759,9.807670593261719
0,0,0,0,21.578414916992188,2.3997435569763184,9.808174133300781
0,0,0,0,21.545799255371094,2.3564207553863525,9.808624267578125
0,0,0,0,21.513118743896484,2.312889337539673,9.809120178222656
0,0,0,0,21.469247817993164,2.254795551300049,9.809776306152344
0,0,0,0,21.43625259399414,2.2110776901245117,9.810295104980469
0,0,0,0,21.403112411499023,2.1673946380615234,9.810829162597656
0,0,0,0,21.35883331298828,2.1090636253356934,9.811607360839844
0,0,0,0,21.32558250427246,2.0653278827667236,9.812202453613281
0,0,0,0,21.292343139648438,2.0215930938720703,9.81280517578125
0,0,0,0,21.24803924560547,1.9631922245025635,9.813682556152344
0,0,0,0,21.214704513549805,1.919313669204712,9.81439208984375
0,0,0,0,21.181474685668945,1.8754884004592896,9.815048217773438
0,0,0,0,21.137229919433594,1.8172613382339478,9.815773010253906
0,0,0,0,21.10417938232422,1.7735868692398071,9.816276550292969
0,0,0,0,21.071083068847656,1.7299916744232178,9.816726684570312
0,0,0,0,21.027099609375,1.6719690561294556,9.817298889160156
0,0,0,0,20.994060516357422,1.628591537475586,9.817741394042969
0,0,0,0,20.96122169494629,1.585292935371399,9.818161010742188
0,0,0,0,20.91750717163086,1.5278499126434326,9.818702697753906
0,0,0,0,20.884868621826172,1.4847776889801025,9.819114685058594
0,0,0,0,20.852201461791992,1.4417871236801147,9.819534301757812
0,0,0,0,20.808855056762695,1.3845027685165405,9.820182800292969
0,0,0,0,20.776521682739258,1.3417645692825317,9.820671081542969
0,0,0,0,20.744325637817383,1.2990885972976685,9.821182250976562
0,0,0,0,20.70161247253418,1.2424086332321167,9.821952819824219
0,0,0,0,20.669815063476562,1.2001773118972778,9.822517395019531
0,0,0,0,20.63823890686035,1.1582237482070923,9.823043823242188
0,0,0,0,20.59626007080078,1.102423906326294,9.823715209960938
0,0,0,0,20.564960479736328,1.0605968236923218,9.824241638183594
0,0,0,0,20.533666610717773,1.0189059972763062,9.82476806640625
0,0,0,0,20.49213218688965,0.9633713960647583,9.825454711914062
0,0,0,0,20.460899353027344,0.9217351078987122,9.825973510742188
0,0,0,0,20.429698944091797,0.879921019077301,9.826492309570312
0,0,0,0,20.387792587280273,0.8239476680755615,9.827186584472656
0,0,0,0,20.356199264526367,0.7816250920295715,9.827690124511719
0,0,0,0,20.32429313659668,0.7391167283058167,9.828163146972656
0,0,0,0,20.28139877319336,0.6818850040435791,9.828834533691406
0,0,0,0,20.24882698059082,0.6386454105377197,9.829421997070312
0,0,0,0,20.215999603271484,0.5950782299041748,9.830062866210938
0,0,0,0,20.171688079833984,0.5365612506866455,9.831016540527344
0,0,0,0,20.138097763061523,0.492332398891449,9.831748962402344
0,0,0,0,20.104248046875,0.4478623569011688,9.832504272460938
0,0,0,0,20.058666229248047,0.3881562054157257,9.833580017089844
0,0,0,0,20.02423667907715,0.34312087297439575,9.834403991699219
0,0,0,0,19.989521026611328,0.297902375459671,9.835273742675781
0,0,0,0,19.94304656982422,0.23736804723739624,9.836555480957031
0,0,0,0,19.907936096191406,0.19185367226600647,9.837532043457031
0,0,0,0,19.872785568237305,0.14618922770023346,9.838554382324219
0,0,0,0,19.82558250427246,0.08528201282024384,9.839927673339844
0,0,0,0,19.79013442993164,0.03942897170782089,9.840988159179688
0,0,0,0,19.754499435424805,-0.006449396256357431,9.842063903808594
0,0,0,0,19.706968307495117,-0.06784913688898087,9.843513488769531
0,0,0,0,19.67119598388672,-0.11391957104206085,9.844619750976562
0,0,0,0,19.635440826416016,-0.16009822487831116,9.845703125
0,0,0,0,19.587650299072266,-0.2216462939977646,9.847137451171875
0,0,0,0,19.55177879333496,-0.26790446043014526,9.848251342773438
0,0,0,0,19.515892028808594,-0.3141673803329468,9.849449157714844
0,0,0,0,19.468063354492188,-0.375918984413147,9.851173400878906
0,0,0,0,19.432226181030273,-0.42222681641578674,9.852500915527344
0,0,0,0,19.396366119384766,-0.4685490131378174,9.853874206542969
0,0,0,0,19.348623275756836,-0.5303406715393066,9.8558349609375
0,0,0,0,19.312759399414062,-0.5766677260398865,9.857368469238281
0,0,0,0,19.276981353759766,-0.6230311989784241,9.85894775390625
0,0,0,0,19.22919464111328,-0.6847822070121765,9.861091613769531
0,0,0,0,19.19346809387207,-0.7311322689056396,9.862678527832031
0,0,0,0,19.15766716003418,-0.7773982882499695,9.864212036132812
0,0,0,0,19.110107421875,-0.8391067385673523,9.866203308105469
0,0,0,0,19.074398040771484,-0.8852982521057129,9.867683410644531
0,0,0,0,19.03876304626465,-0.9315592646598816,9.869194030761719
0,0,0,0,18.991138458251953,-0.9931988716125488,9.871192932128906
0,0,0,0,18.955432891845703,-1.0395193099975586,9.8726806640625
0,0,0,0,18.91968536376953,-1.085783839225769,9.874137878417969
0,0,0,0,18.872079849243164,-1.1475657224655151,9.876052856445312
0,0,0,0,18.836381912231445,-1.1939144134521484,9.877464294433594
0,0,0,0,18.80067253112793,-1.2402855157852173,9.878799438476562
0,0,0,0,18.753074645996094,-1.3020799160003662,9.8804931640625
0,0,0,0,18.71733283996582,-1.348467469215393,9.881729125976562
0,0,0,0,18.681684494018555,-1.3948867321014404,9.8829345703125
0,0,0,0,18.634077072143555,-1.4567787647247314,9.884475708007812
0,0,0,0,18.598413467407227,-1.503205418586731,9.885589599609375
0,0,0,0,18.562685012817383,-1.5495460033416748,9.886680603027344
0,0,0,0,18.515220642089844,-1.6112796068191528,9.888076782226562
0,0,0,0,18.479602813720703,-1.6573944091796875,9.88909912109375
0,0,0,0,18.444231033325195,-1.7033714056015015,9.890090942382812
0,0,0,0,18.397340774536133,-1.7640339136123657,9.891342163085938
0,0,0,0,18.362611770629883,-1.8090571165084839,9.892257690429688
0,0,0,0,18.32822608947754,-1.8534855842590332,9.893135070800781
0,0,0,0,18.283172607421875,-1.9119130373001099,9.894233703613281
0,0,0,0,18.249942779541016,-1.9549394845962524,9.894966125488281
0,0,0,0,18.217304229736328,-1.9972517490386963,9.895599365234375
0,0,0,0,18.174766540527344,-2.05226993560791,9.896247863769531
0,0,0,0,18.143604278564453,-2.0924558639526367,9.896560668945312
0,0,0,0,18.113195419311523,-2.131643533706665,9.896720886230469
0,0,0,0,18.073801040649414,-2.1822047233581543,9.896728515625
0,0,0,0,18.045270919799805,-2.2188446521759033,9.896537780761719
                                                                                                                                                                                                                                                                                                                                                                                                                                                                                                                                                                                                                                                                                                                                                                                                                                                                                                                                                                                                                                                                                                                                                                                                                                                                                                                                                                                                                                                                                                                                                                                                                                                                                                                                                                                                                                                                                                                                                                                                                                                                                                                                                                                                                                                                                                                                                                                                                                                                                                                                                                                                                                                                                                                                                                                                                                                                                                                                                                                                                                                                                                                                                                                                                                                                                                                                                                                                                                                                                                                                                                                                                                                                                                                                                                                                                                                                                                                                                                                                                                                                                                                                                                                                                                                                                                                                                                                                                                                                                                                                                                                                                                                                                                                                                                                                                                                                                                                                                                                                                                                                                                                                                                                                                                                                                                                                                                                                                                                                                                                                                                                                                                                                                                                                                                                                                                                                                                                                                                                                                                                                                                                                                                                                                                                                                                                         0,0,0,0,14.62851333618164,21.05664825439453,9.876983642578125
0,0,0,0,14.62860107421875,21.05657958984375,9.876998901367188
0,0,0,0,14.628671646118164,21.056415557861328,9.876991271972656
0,0,0,0,14.628721237182617,21.056259155273438,9.876945495605469
0,0,0,0,14.62867259979248,21.056089401245117,9.8768310546875
0,0,0,0,14.628664016723633,21.055814743041992,9.87664794921875
0,0,0,0,14.628586769104004,21.05561065673828,9.876518249511719
0,0,0,0,14.628622055053711,21.05537223815918,9.876373291015625
0,0,0,0,14.628610610961914,21.0551700592041,9.876228332519531
0,0,0,0,14.6287260055542,21.05497932434082,9.876182556152344
0,0,0,0,14.6287841796875,21.054853439331055,9.876152038574219
0,0,0,0,14.629009246826172,21.054595947265625,9.876136779785156
0,0,0,0,14.629104614257812,21.054475784301758,9.876129150390625
0,0,0,0,14.629271507263184,21.0543155670166,9.876113891601562
0,0,0,0,14.629439353942871,21.05425262451172,9.876121520996094
0,0,0,0,14.629613876342773,21.054174423217773,9.876144409179688
0,0,0,0,14.629773139953613,21.05417251586914,9.876205444335938
0,0,0,0,14.6300048828125,21.054126739501953,9.876319885253906
0,0,0,0,14.630208969116211,21.054115295410156,9.876434326171875
0,0,0,0,14.630399703979492,21.05408477783203,9.876541137695312
0,0,0,0,14.630698204040527,21.054058074951172,9.876693725585938
0,0,0,0,14.63089370727539,21.05406951904297,9.876800537109375
0,0,0,0,14.631171226501465,21.054079055786133,9.87689208984375
0,0,0,0,14.631412506103516,21.054180145263672,9.877021789550781
0,0,0,0,14.631660461425781,21.054229736328125,9.877151489257812
0,0,0,0,14.631807327270508,21.054397583007812,9.877311706542969
0,0,0,0,14.63207721710205,21.054636001586914,9.877555847167969
0,0,0,0,14.632147789001465,21.054889678955078,9.877784729003906
0,0,0,0,14.632262229919434,21.05507469177246,9.878082275390625
0,0,0,0,14.632257461547852,21.055418014526367,9.87860107421875
0,0,0,0,14.632270812988281,21.055635452270508,9.879058837890625
0,0,0,0,14.632179260253906,21.055940628051758,9.879608154296875
0,0,0,0,14.632054328918457,21.056303024291992,9.880363464355469
0,0,0,0,14.63192081451416,21.056636810302734,9.88092041015625
0,0,0,0,14.631813049316406,21.056928634643555,9.8814697265625
0,0,0,0,14.6317138671875,21.057395935058594,9.882164001464844
0,0,0,0,14.631599426269531,21.05772590637207,9.882644653320312
0,0,0,0,14.631519317626953,21.058053970336914,9.883079528808594
0,0,0,0,14.63139820098877,21.0584716796875,9.883628845214844
0,0,0,0,14.63137149810791,21.058725357055664,9.884010314941406
0,0,0,0,14.631251335144043,21.05901336669922,9.884376525878906
0,0,0,0,14.631219863891602,21.059322357177734,9.88482666015625
0,0,0,0,14.63113784790039,21.059572219848633,9.885147094726562
0,0,0,0,14.63117504119873,21.059722900390625,9.885520935058594
0,0,0,0,14.631131172180176,21.059953689575195,9.886016845703125
0,0,0,0,14.631169319152832,21.06000518798828,9.886367797851562
0,0,0,0,14.631120681762695,21.06009292602539,9.88665771484375
0,0,0,0,14.631109237670898,21.060060501098633,9.886985778808594
0,0,0,0,14.631070137023926,21.060068130493164,9.887130737304688
0,0,0,0,14.631067276000977,21.059999465942383,9.887237548828125
0,0,0,0,14.63104248046875,21.05995750427246,9.887336730957031
0,0,0,0,14.630988121032715,21.059871673583984,9.88739013671875
0,0,0,0,14.630948066711426,21.059772491455078,9.887435913085938
0,0,0,0,14.630850791931152,21.05960464477539,9.887489318847656
0,0,0,0,14.630809783935547,21.059404373168945,9.887496948242188
0,0,0,0,14.630714416503906,21.059326171875,9.887474060058594
0,0,0,0,14.630691528320312,21.05913734436035,9.887428283691406
0,0,0,0,14.630603790283203,21.058988571166992,9.887359619140625
0,0,0,0,14.630622863769531,21.05872344970703,9.887260437011719
0,0,0,0,14.63058853149414,21.05841064453125,9.88714599609375
0,0,0,0,14.630668640136719,21.058134078979492,9.887069702148438
0,0,0,0,14.630640029907227,21.057937622070312,9.88702392578125
0,0,0,0,14.63071346282959,21.057601928710938,9.886978149414062
0,0,0,0,14.630744934082031,21.057390213012695,9.886955261230469
0,0,0,0,14.63082504272461,21.057119369506836,9.886932373046875
0,0,0,0,14.630843162536621,21.056873321533203,9.886878967285156
0,0,0,0,14.630816459655762,21.056671142578125,9.886802673339844
0,0,0,0,14.630762100219727,21.056533813476562,9.886703491210938
0,0,0,0,14.630690574645996,21.05630111694336,9.886566162109375
0,0,0,0,14.6306791305542,21.056116104125977,9.886405944824219
0,0,0,0,14.630619049072266,21.055917739868164,9.886199951171875
0,0,0,0,14.630578994750977,21.055662155151367,9.885826110839844
0,0,0,0,14.630461692810059,21.055530548095703,9.885467529296875
0,0,0,0,14.630461692810059,21.055391311645508,9.885055541992188
0,0,0,0,14.630358695983887,21.055246353149414,9.884437561035156
0,0,0,0,14.63034439086914,21.055078506469727,9.883979797363281
0,0,0,0,14.630248069763184,21.054969787597656,9.883499145507812
0,0,0,0,14.63027572631836,21.05475616455078,9.882904052734375
0,0,0,0,14.630239486694336,21.0546875,9.882514953613281
0,0,0,0,14.630267143249512,21.0545597076416,9.882102966308594
0,0,0,0,14.630192756652832,21.05447006225586,9.881500244140625
0,0,0,0,14.630166053771973,21.05434799194336,9.880973815917969
0,0,0,0,14.630083084106445,21.054283142089844,9.88043212890625
0,0,0,0,14.629976272583008,21.054174423217773,9.879730224609375
0,0,0,0,14.62984848022461,21.05417823791504,9.879203796386719
0,0,0,0,14.629654884338379,21.054224014282227,9.878707885742188
0,0,0,0,14.62939739227295,21.05437660217285,9.878150939941406
0,0,0,0,14.62913990020752,21.054590225219727,9.877792358398438
0,0,0,0,14.62896728515625,21.054851531982422,9.877494812011719
0,0,0,0,14.628671646118164,21.055294036865234,9.877143859863281
0,0,0,0,14.62853717803955,21.055622100830078,9.87689208984375
0,0,0,0,14.628302574157715,21.056081771850586,9.876640319824219
0,0,0,0,14.628166198730469,21.056713104248047,9.876312255859375
0,0,0,0,14.628047943115234,21.057260513305664,9.876068115234375
0,0,0,0,14.628060340881348,21.057722091674805,9.8758544921875
0,0,0,0,14.627963066101074,21.05845832824707,9.8756103515625
0,0,0,0,14.62792682647705,21.0589542388916,9.87548828125
0,0,0,0,14.627824783325195,21.059539794921875,9.875396728515625
0,0,0,0,14.627766609191895,21.060300827026367,9.875335693359375
0,0,0,0,14.627691268920898,21.060945510864258,9.875350952148438
0,0,0,0,14.627596855163574,21.06157684326172,9.875434875488281
0,0,0,0,14.627458572387695,21.062467575073242,9.875617980957031
0,0,0,0,14.627310752868652,21.063106536865234,9.875778198242188
0,0,0,0,14.627209663391113,21.063711166381836,9.875930786132812
0,0,0,0,14.627006530761719,21.06452751159668,9.876182556152344
0,0,0,0,14.62690258026123,21.06511688232422,9.876396179199219
0,0,0,0,14.626704216003418,21.06572914123535,9.876625061035156
0,0,0,0,14.626519203186035,21.066463470458984,9.876998901367188
0,0,0,0,14.626306533813477,21.06706428527832,9.877349853515625
0,0,0,0,14.62619400024414,21.067594528198242,9.877731323242188
0,0,0,0,14.625913619995117,21.068347930908203,9.878288269042969
0,0,0,0,14.625778198242188,21.068805694580078,9.878715515136719
0,0,0,0,14.62557315826416,21.069316864013672,9.879158020019531
0,0,0,0,14.62535285949707,21.069860458374023,9.879707336425781
0,0,0,0,14.62515640258789,21.07029914855957,9.880119323730469
0,0,0,0,14.624979019165039,21.070661544799805,9.880531311035156
0,0,0,0,14.624724388122559,21.07115364074707,9.881057739257812
0,0,0,0,14.624520301818848,21.07148551940918,9.881439208984375
0,0,0,0,14.624321937561035,21.071792602539062,9.881813049316406
0,0,0,0,14.624015808105469,21.072118759155273,9.882339477539062
0,0,0,0,14.623835563659668,21.072317123413086,9.882774353027344
0,0,0,0,14.623565673828125,21.072479248046875,9.883224487304688
0,0,0,0,14.623303413391113,21.072635650634766,9.88385009765625
0,0,0,0,14.623044967651367,21.072765350341797,9.884323120117188
0,0,0,0,14.622899055480957,21.072818756103516,9.884765625
0,0,0,0,14.622574806213379,21.072898864746094,9.885330200195312
0,0,0,0,14.62243938446045,21.0728702545166,9.8857421875
0,0,0,0,14.622221946716309,21.072908401489258,9.886138916015625
0,0,0,0,14.62206745147705,21.072805404663086,9.8865966796875
0,0,0,0,14.621905326843262,21.072751998901367,9.886886596679688
0,0,0,0,14.621831893920898,21.072620391845703,9.887130737304688
0,0,0,0,14.621688842773438,21.072511672973633,9.887428283691406
0,0,0,0,14.621604919433594,21.072399139404297,9.887626647949219
0,0,0,0,14.621541976928711,21.07233428955078,9.887786865234375
0,0,0,0,14.621459007263184,21.072216033935547,9.887908935546875
0,0,0,0,14.621421813964844,21.072179794311523,9.887916564941406
0,0,0,0,14.621356010437012,21.072179794311523,9.887870788574219
0,0,0,0,14.621313095092773,21.072189331054688,9.887710571289062
0,0,0,0,14.621200561523438,21.072221755981445,9.887489318847656
0,0,0,0,14.621155738830566,21.07220458984375,9.88720703125
0,0,0,0,14.620963096618652,21.072216033935547,9.886749267578125
0,0,0,0,14.620893478393555,21.072181701660156,9.886360168457031
0,0,0,0,14.620747566223145,21.072237014770508,9.885940551757812
0,0,0,0,14.620696067810059,21.072269439697266,9.885360717773438
0,0,0,0,14.62060832977295,21.072383880615234,9.884933471679688
0,0,0,0,14.620625495910645,21.072425842285156,9.884506225585938
0,0,0,0,14.620593070983887,21.072566986083984,9.883949279785156
0,0,0,0,14.620614051818848,21.0726318359375,9.883560180664062
0,0,0,0,14.620600700378418,21.072784423828125,9.883216857910156
0,0,0,0,14.62060832977295,21.072973251342773,9.882820129394531
0,0,0,0,14.620634078979492,21.07317352294922,9.882553100585938
0,0,0,0,14.620641708374023,21.0733585357666,9.882308959960938
0,0,0,0,14.620708465576172,21.07362174987793,9.882087707519531
0,0,0,0,14.620758056640625,21.0738468170166,9.881988525390625
0,0,0,0,14.620966911315918,21.074085235595703,9.8819580078125
0,0,0,0,14.621249198913574,21.074447631835938,9.882095336914062
0,0,0,0,14.621649742126465,21.074695587158203,9.882469177246094
0,0,0,0,14.622320175170898,21.075164794921875,9.882957458496094
0,0,0,0,14.62486743927002,21.076509475708008,9.883636474609375
0,0,0,0,14.627066612243652,21.077573776245117,9.884017944335938
0,0,0,0,14.629740715026855,21.078704833984375,9.884391784667969
0,0,0,0,14.632854461669922,21.080059051513672,9.884696960449219
0,0,0,0,14.636513710021973,21.081520080566406,9.884933471679688
0,0,0,0,14.640625953674316,21.083192825317383,9.885086059570312
0,0,0,0,14.646866798400879,21.085556030273438,9.885154724121094
0,0,0,0,14.652046203613281,21.087562561035156,9.885162353515625
0,0,0,0,14.657681465148926,21.089675903320312,9.8851318359375
0,0,0,0,14.665925979614258,21.092849731445312,9.885093688964844
0,0,0,0,14.672709465026855,21.09548568725586,9.885047912597656
0,0,0,0,14.68010139465332,21.09836196899414,9.885017395019531
0,0,0,0,14.690892219543457,21.10255241394043,9.885108947753906
0,0,0,0,14.699880599975586,21.105985641479492,9.88519287109375
0,0,0,0,14.709500312805176,21.109722137451172,9.885299682617188
0,0,0,0,14.7235689163208,21.115081787109375,9.885406494140625
0,0,0,0,14.734870910644531,21.119478225708008,9.885490417480469
0,0,0,0,14.746953964233398,21.124073028564453,9.885581970214844
0,0,0,0,14.763965606689453,21.130695343017578,9.885688781738281
0,0,0,0,14.777531623840332,21.13591194152832,9.885749816894531
0,0,0,0,14.791632652282715,21.14142417907715,9.885833740234375
0,0,0,0,14.811387062072754,21.149072647094727,9.885940551757812
0,0,0,0,14.826815605163574,21.155153274536133,9.886024475097656
0,0,0,0,14.842827796936035,21.161422729492188,9.886085510253906
0,0,0,0,14.865015983581543,21.170236587524414,9.886138916015625
0,0,0,0,14.88229751586914,21.177162170410156,9.886146545410156
0,0,0,0,14.900182723999023,21.184419631958008,9.886138916015625
0,0,0,0,14.925000190734863,21.194555282592773,9.886123657226562
0,0,0,0,14.944466590881348,21.202571868896484,9.886054992675781
0,0,0,0,14.964594841003418,21.21101951599121,9.885948181152344
0,0,0,0,14.992746353149414,21.222915649414062,9.88568115234375
0,0,0,0,15.014808654785156,21.23237419128418,9.885383605957031
0,0,0,0,15.037863731384277,21.242229461669922,9.885002136230469
0,0,0,0,15.069892883300781,21.256160736083984,9.884422302246094
0,0,0,0,15.095100402832031,21.267126083374023,9.883934020996094
0,0,0,0,15.121169090270996,21.278648376464844,9.883392333984375
0,0,0,0,15.157548904418945,21.29467010498047,9.88262939453125
0,0,0,0,15.185942649841309,21.307329177856445,9.882095336914062
0,0,0,0,15.215388298034668,21.320383071899414,9.881553649902344
0,0,0,0,15.25610065460205,21.33858871459961,9.880821228027344
0,0,0,0,15.287765502929688,21.352750778198242,9.880294799804688
0,0,0,0,15.320379257202148,21.367443084716797,9.87982177734375
0,0,0,0,15.365330696105957,21.387771606445312,9.879249572753906
0,0,0,0,15.4002046585083,21.403602600097656,9.878868103027344
0,0,0,0,15.435996055603027,21.41989517211914,9.878585815429688
0,0,0,0,15.485213279724121,21.442350387573242,9.878326416015625
0,0,0,0,15.52308464050293,21.459745407104492,9.878196716308594
0,0,0,0,15.561881065368652,21.477523803710938,9.878105163574219
0,0,0,0,15.614839553833008,21.501901626586914,9.878067016601562
0,0,0,0,15.65560245513916,21.52059555053711,9.878120422363281
0,0,0,0,15.69711685180664,21.53974723815918,9.878265380859375
0,0,0,0,15.753807067871094,21.56572151184082,9.878639221191406
0,0,0,0,15.797120094299316,21.58563804626465,9.878997802734375
0,0,0,0,15.841239929199219,21.60580825805664,9.879409790039062
0,0,0,0,15.901056289672852,21.633289337158203,9.880088806152344
0,0,0,0,15.946660995483398,21.65418815612793,9.880661010742188
0,0,0,0,15.992770195007324,21.675416946411133,9.881263732910156
0,0,0,0,16.055099487304688,21.704071044921875,9.882164001464844
0,0,0,0,16.102418899536133,21.725881576538086,9.882850646972656
0,0,0,0,16.150188446044922,21.74790382385254,9.883506774902344
0,0,0,0,16.21458625793457,21.777650833129883,9.884346008300781
0,0,0,0,16.263286590576172,21.800180435180664,9.884956359863281
0,0,0,0,16.312419891357422,21.822845458984375,9.885581970214844
0,0,0,0,16.378353118896484,21.853302001953125,9.886436462402344
0,0,0,0,16.4282283782959,21.87624168395996,9.887100219726562
0,0,0,0,16.47827911376953,21.899328231811523,9.887771606445312
0,0,0,0,16.54551124572754,21.930164337158203,9.888671875
0,0,0,0,16.596126556396484,21.95344352722168,9.889335632324219
0,0,0,0,16.64706039428711,21.976726531982422,9.889968872070312
0,0,0,0,16.715181350708008,22.007911682128906,9.890769958496094
0,0,0,0,16.766538619995117,22.03127670288086,9.891304016113281
0,0,0,0,16.81797218322754,22.054729461669922,9.891822814941406
0,0,0,0,16.886837005615234,22.08591651916504,9.892494201660156
0,0,0,0,16.938631057739258,22.109357833862305,9.892967224121094
0,0,0,0,16.99053382873535,22.132755279541016,9.893417358398438
0,0,0,0,17.077213287353516,22.1717586517334,9.894073486328125
0,0,0,0,17.111892700195312,22.187335968017578,9.894302368164062
0,0,0,0,17.16404151916504,22.210662841796875,9.894599914550781
0,0,0,0,17.233579635620117,22.2416934967041,9.894889831542969
0,0,0,0,17.285818099975586,22.264867782592773,9.894989013671875
0,0,0,0,17.337970733642578,22.287992477416992,9.89501953125
0,0,0,0,17.4075927734375,22.318647384643555,9.89495849609375
0,0,0,0,17.459749221801758,22.341630935668945,9.894844055175781
0,0,0,0,17.511993408203125,22.36448860168457,9.894683837890625
0,0,0,0,17.58157730102539,22.394895553588867,9.894454956054688
0,0,0,0,17.63387107849121,22.41756820678711,9.894218444824219
0,0,0,0,17.686092376708984,22.44024658203125,9.893951416015625
0,0,0,0,17.755756378173828,22.47022247314453,9.893577575683594
0,0,0,0,17.807939529418945,22.492658615112305,9.893341064453125
0,0,0,0,17.860151290893555,22.514986038208008,9.893150329589844
0,0,0,0,17.929683685302734,22.544740676879883,9.892959594726562
0,0,0,0,17.981788635253906,22.56694984436035,9.892845153808594
0,0,0,0,18.033893585205078,22.58913230895996,9.892768859863281
0,0,0,0,18.103286743164062,22.61858367919922,9.892753601074219
0,0,0,0,18.155372619628906,22.64058494567871,9.892814636230469
0,0,0,0,18.207380294799805,22.662578582763672,9.892913818359375
0,0,0,0,18.27680015563965,22.69182777404785,9.893081665039062
0,0,0,0,18.328807830810547,22.713748931884766,9.893241882324219
0,0,0,0,18.38096046447754,22.735565185546875,9.893424987792969
0,0,0,0,18.450422286987305,22.76464080810547,9.893730163574219
0,0,0,0,18.502599716186523,22.786346435546875,9.894020080566406
0,0,0,0,18.554704666137695,22.80813980102539,9.894325256347656
0,0,0,0,18.62433624267578,22.837177276611328,9.894767761230469
0,0,0,0,18.676570892333984,22.85904312133789,9.895118713378906
0,0,0,0,18.728952407836914,22.88088607788086,9.895484924316406
0,0,0,0,18.798786163330078,22.91013526916504,9.89605712890625
0,0,0,0,18.851228713989258,22.932064056396484,9.896530151367188
0,0,0,0,18.903705596923828,22.954063415527344,9.897003173828125
0,0,0,0,18.973758697509766,22.983421325683594,9.897659301757812
0,0,0,0,19.02640151977539,23.005544662475586,9.898155212402344
0,0,0,0,19.079076766967773,23.027738571166992,9.898666381835938
0,0,0,0,19.14948844909668,23.057453155517578,9.899345397949219
0,0,0,0,19.20233154296875,23.0798282623291,9.899864196777344
0,0,0,0,19.25528907775879,23.102191925048828,9.900421142578125
0,0,0,0,19.32588768005371,23.132068634033203,9.90118408203125
0,0,0,0,19.378971099853516,23.1544246673584,9.901771545410156
0,0,0,0,19.43193244934082,23.176849365234375,9.90240478515625
0,0,0,0,19.520244598388672,23.214187622070312,9.903564453125
0,0,0,0,19.55555534362793,23.229169845581055,9.904060363769531
0,0,0,0,19.60858154296875,23.2515869140625,9.904823303222656
0,0,0,0,19.679218292236328,23.281583786010742,9.905838012695312
0,0,0,0,19.73224639892578,23.304012298583984,9.9066162109375
0,0,0,0,19.78521156311035,23.326480865478516,9.907386779785156
0,0,0,0,19.85584259033203,23.356369018554688,9.908432006835938
0,0,0,0,19.908781051635742,23.37879753112793,9.909217834472656
0,0,0,0,19.9616756439209,23.401153564453125,9.910003662109375
0,0,0,0,20.032207489013672,23.430906295776367,9.911087036132812
0,0,0,0,20.08504867553711,23.453197479248047,9.911918640136719
0,0,0,0,20.137941360473633,23.4754695892334,9.912765502929688
0,0,0,0,20.2083797454834,23.505149841308594,9.913909912109375
0,0,0,0,20.26129722595215,23.527362823486328,9.914764404296875
0,0,0,0,20.314098358154297,23.549602508544922,9.915596008300781
0,0,0,0,20.384601593017578,23.579145431518555,9.916717529296875
0,0,0,0,20.437381744384766,23.601354598999023,9.917610168457031
0,0,0,0,20.490236282348633,23.62344741821289,9.91851806640625
0,0,0,0,20.560546875,23.65290641784668,9.919792175292969
0,0,0,0,20.613306045532227,23.67490577697754,9.920822143554688
0,0,0,0,20.66596794128418,23.696935653686523,9.921920776367188
0,0,0,0,20.73617935180664,23.726173400878906,9.923446655273438
0,0,0,0,20.788772583007812,23.748123168945312,9.924659729003906
0,0,0,0,20.84133529663086,23.7700138092041,9.925949096679688
0,0,0,0,20.91135025024414,23.799198150634766,9.927772521972656
0,0,0,0,20.963764190673828,23.82103729248047,9.929214477539062
0,0,0,0,21.016159057617188,23.842838287353516,9.930686950683594
0,0,0,0,21.0859375,23.87181854248047,9.932785034179688
0,0,0,0,21.138347625732422,23.893510818481445,9.934440612792969
0,0,0,0,21.190671920776367,23.915191650390625,9.936172485351562
0,0,0,0,21.260576248168945,23.94398307800293,9.938529968261719
0,0,0,0,21.312973022460938,23.965560913085938,9.9403076171875
0,0,0,0,21.365488052368164,23.98704719543457,9.942100524902344
0,0,0,0,21.43537712097168,24.015729904174805,9.944465637207031
0,0,0,0,21.48784065246582,24.037158966064453,9.946212768554688
0,0,0,0,21.540203094482422,24.058639526367188,9.947921752929688
0,0,0,0,21.610044479370117,24.08718490600586,9.95013427734375
0,0,0,0,21.66236686706543,24.10865020751953,9.951713562011719
0,0,0,0,21.71471405029297,24.130043029785156,9.953208923339844
0,0,0,0,21.784475326538086,24.158681869506836,9.955093383789062
0,0,0,0,21.83683967590332,24.180164337158203,9.9564208984375
0,0,0,0,21.8892822265625,24.20171356201172,9.957649230957031
0,0,0,0,21.95924949645996,24.23048210144043,9.959175109863281
0,0,0,0,22.011798858642578,24.252090454101562,9.960212707519531
0,0,0,0,22.064254760742188,24.27375030517578,9.961174011230469
0,0,0,0,22.134254455566406,24.302698135375977,9.962310791015625
0,0,0,0,22.18669891357422,24.324487686157227,9.963104248046875
0,0,0,0,22.239267349243164,24.346240997314453,9.963821411132812
0,0,0,0,22.309247970581055,24.37529182434082,9.9647216796875
0,0,0,0,22.36176109313965,24.396989822387695,9.965278625488281
0,0,0,0,22.414142608642578,24.41873550415039,9.965690612792969
0,0,0,0,22.483854293823242,24.447551727294922,9.966026306152344
0,0,0,0,22.53578758239746,24.469057083129883,9.96612548828125
0,0,0,0,22.58742332458496,24.490306854248047,9.966117858886719
0,0,0,0,22.65548324584961,24.518430709838867,9.965972900390625
0,0,0,0,22.70588493347168,24.539230346679688,9.965766906738281
0,0,0,0,22.75560188293457,24.55979347229004,9.965461730957031
0,0,0,0,22.820676803588867,24.586631774902344,9.964912414550781
0,0,0,0,22.86844825744629,24.606298446655273,9.96441650390625
0,0,0,0,22.9151554107666,24.62556266784668,9.963859558105469
0,0,0,0,22.975833892822266,24.650550842285156,9.96307373046875
0,0,0,0,23.01997184753418,24.668746948242188,9.962448120117188
0,0,0,0,23.063016891479492,24.68641471862793,9.961837768554688
0,0,0,0,23.118364334106445,24.709291458129883,9.961036682128906
0,0,0,0,23.158458709716797,24.72579002380371,9.960456848144531
0,0,0,0,23.1971492767334,24.741836547851562,9.959884643554688
0,0,0,0,23.246816635131836,24.762340545654297,9.95916748046875
0,0,0,0,23.282445907592773,24.777143478393555,9.958648681640625
0,0,0,0,23.316823959350586,24.79131507873535,9.958168029785156
0,0,0,0,23.360502243041992,24.809484481811523,9.9576416015625
0,0,0,0,23.39180564880371,24.822423934936523,9.957443237304688
0,0,0,0,23.422100067138672,24.83478546142578,9.95733642578125
0,0,0,0,23.46136474609375,24.850107192993164,9.957290649414062
0,0,0,0,23.489891052246094,24.860918045043945,9.957344055175781
0,0,0,0,23.517555236816406,24.871129989624023,9.957511901855469
0,0,0,0,23.553180694580078,24.883827209472656,9.957862854003906
0,0,0,0,23.578941345214844,24.89267349243164,9.95819091796875
0,0,0,0,23.60396385192871,24.90096092224121,9.958564758300781
0,0,0,0,23.63603401184082,24.911191940307617,9.959129333496094
0,0,0,0,23.659305572509766,24.918190002441406,9.959609985351562
0,0,0,0,23.681791305541992,24.92472267150879,9.960090637207031
0,0,0,0,23.710880279541016,24.932600021362305,9.960731506347656
0,0,0,0,23.731914520263672,24.93796157836914,9.961196899414062
0,0,0,0,23.752487182617188,24.942750930786133,9.961639404296875
0,0,0,0,23.779048919677734,24.948484420776367,9.962211608886719
0,0,0,0,23.798566818237305,24.952180862426758,9.962623596191406
0,0,0,0,23.817697525024414,24.955463409423828,9.962989807128906
0,0,0,0,23.842863082885742,24.9589900970459,9.96343994140625
0,0,0,0,23.861459732055664,24.961158752441406,9.963729858398438
0,0,0,0,23.879928588867188,24.962785720825195,9.963966369628906
0,0,0,0,23.904298782348633,24.964277267456055,9.964218139648438
0,0,0,0,23.922426223754883,24.96487045288086,9.96435546875
0,0,0,0,23.940570831298828,24.96506118774414,9.9644775390625
0,0,0,0,23.96472930908203,24.96466636657715,9.964530944824219
0,0,0,0,23.982908248901367,24.963855743408203,9.96453857421875
0,0,0,0,24.001005172729492,24.96268081665039,9.964561462402344
0,0,0,0,24.0252628326416,24.960542678833008,9.964630126953125
0,0,0,0,24.043516159057617,24.958541870117188,9.964698791503906
0,0,0,0,24.062076568603516,24.95611000061035,9.964790344238281
0,0,0,0,24.08719253540039,24.952350616455078,9.964973449707031
0,0,0,0,24.106590270996094,24.949005126953125,9.965118408203125
0,0,0,0,24.126422882080078,24.945322036743164,9.965248107910156
0,0,0,0,24.153902053833008,24.93963050842285,9.965278625488281
0,0,0,0,24.17531967163086,24.934886932373047,9.965179443359375
0,0,0,0,24.197641372680664,24.929616928100586,9.964950561523438
0,0,0,0,24.228723526000977,24.92190933227539,9.964462280273438
0,0,0,0,24.25310516357422,24.915496826171875,9.963912963867188
0,0,0,0,24.27849769592285,24.908601760864258,9.963211059570312
0,0,0,0,24.313899993896484,24.898584365844727,9.96209716796875
0,0,0,0,24.3416748046875,24.890453338623047,9.961135864257812
0,0,0,0,24.370410919189453,24.88182258605957,9.960121154785156
0,0,0,0,24.410415649414062,24.869468688964844,9.95867919921875
0,0,0,0,24.441558837890625,24.85962677001953,9.957557678222656
0,0,0,0,24.47383689880371,24.849245071411133,9.956367492675781
0,0,0,0,24.518333435058594,24.834718704223633,9.954727172851562
0,0,0,0,24.552902221679688,24.823196411132812,9.95343017578125
0,0,0,0,24.588308334350586,24.811254501342773,9.952125549316406
0,0,0,0,24.637001037597656,24.794464111328125,9.9503173828125
0,0,0,0,24.674480438232422,24.781322479248047,9.948951721191406
0,0,0,0,24.712890625,24.767597198486328,9.947547912597656
0,0,0,0,24.765302658081055,24.74855613708496,9.945579528808594
0,0,0,0,24.805522918701172,24.733604431152344,9.944061279296875
0,0,0,0,24.846437454223633,24.718202590942383,9.942520141601562
0,0,0,0,24.90212059020996,24.696834564208984,9.940399169921875
0,0,0,0,24.944721221923828,24.680192947387695,9.93878173828125
0,0,0,0,24.987953186035156,24.663040161132812,9.937171936035156
0,0,0,0,25.04663848876953,24.639446258544922,9.935066223144531
0,0,0,0,25.091318130493164,24.62120819091797,9.933509826660156
0,0,0,0,25.136661529541016,24.602466583251953,9.931976318359375
0,0,0,0,25.197904586791992,24.576736450195312,9.929985046386719
0,0,0,0,25.244548797607422,24.556793212890625,9.92852783203125
0,0,0,0,25.291641235351562,24.536436080932617,9.927131652832031
0,0,0,0,25.355302810668945,24.508493423461914,9.925300598144531
0,0,0,0,25.403488159179688,24.487117767333984,9.923957824707031
0,0,0,0,25.452163696289062,24.465251922607422,9.922660827636719
0,0,0,0,25.517597198486328,24.435588836669922,9.920982360839844
0,0,0,0,25.567167282104492,24.412887573242188,9.919754028320312
0,0,0,0,25.617036819458008,24.389957427978516,9.918571472167969
0,0,0,0,25.68402099609375,24.35889434814453,9.917068481445312
0,0,0,0,25.734586715698242,24.33536148071289,9.915969848632812
0,0,0,0,25.785398483276367,24.311603546142578,9.914871215820312
0,0,0,0,25.853591918945312,24.279741287231445,9.913330078125
0,0,0,0,25.904937744140625,24.255727767944336,9.912124633789062
0,0,0,0,25.956525802612305,24.231632232666016,9.910911560058594
0,0,0,0,26.02544593811035,24.19941520690918,9.909339904785156
0,0,0,0,26.07740592956543,24.175230026245117,9.908172607421875
0,0,0,0,26.129411697387695,24.151103973388672,9.906974792480469
0,0,0,0,26.199077606201172,24.118961334228516,9.905311584472656
0,0,0,0,26.251432418823242,24.095102310180664,9.904014587402344
0,0,0,0,26.304033279418945,24.071380615234375,9.902717590332031
0,0,0,0,26.374284744262695,24.0401611328125,9.900962829589844
0,0,0,0,26.42719841003418,24.016950607299805,9.899650573730469
0,0,0,0,26.480209350585938,23.994077682495117,9.898361206054688
0,0,0,0,26.551197052001953,23.964027404785156,9.896682739257812
0,0,0,0,26.60456657409668,23.94196891784668,9.895469665527344
0,0,0,0,26.658111572265625,23.920238494873047,9.894287109375
0,0,0,0,26.729705810546875,23.8919734954834,9.892723083496094
0,0,0,0,26.78352928161621,23.871341705322266,9.891571044921875
0,0,0,0,26.837539672851562,23.851282119750977,9.890426635742188
0,0,0,0,26.909780502319336,23.82541847229004,9.888885498046875
0,0,0,0,26.964200973510742,23.806682586669922,9.887687683105469
0,0,0,0,27.018714904785156,23.788654327392578,9.886459350585938
0,0,0,0,27.09174346923828,23.76565933227539,9.884773254394531
0,0,0,0,27.146636962890625,23.74932289123535,9.88348388671875
0,0,0,0,27.201826095581055,23.73371124267578,9.8822021484375
0,0,0,0,27.275571823120117,23.714221954345703,9.88043212890625
0,0,0,0,27.33118438720703,23.700511932373047,9.879081726074219
0,0,0,0,27.38688850402832,23.687742233276367,9.877723693847656
0,0,0,0,27.461488723754883,23.67197036743164,9.87591552734375
0,0,0,0,27.517576217651367,23.661239624023438,9.874549865722656
0,0,0,0,27.57387351989746,23.651317596435547,9.873199462890625
0,0,0,0,27.649080276489258,23.639503479003906,9.871429443359375
0,0,0,0,27.705577850341797,23.631637573242188,9.870140075683594
0,0,0,0,27.76215934753418,23.624691009521484,9.868843078613281
0,0,0,0,27.837646484375,23.616817474365234,9.867156982421875
0,0,0,0,27.894363403320312,23.61199378967285,9.865890502929688
0,0,0,0,27.951026916503906,23.60813331604004,9.864601135253906
0,0,0,0,28.02663230895996,23.604393005371094,9.862892150878906
0,0,0,0,28.08320426940918,23.602725982666016,9.861686706542969
0,0,0,0,28.139833450317383,23.60196304321289,9.860542297363281
0,0,0,0,28.21518325805664,23.602445602416992,9.859176635742188
0,0,0,0,28.271747589111328,23.60380744934082,9.858245849609375
0,0,0,0,28.328195571899414,23.606115341186523,9.857398986816406
0,0,0,0,28.40347671508789,23.610431671142578,9.856430053710938
0,0,0,0,28.459806442260742,23.61476707458496,9.855781555175781
0,0,0,0,28.51616096496582,23.619882583618164,9.855224609375
0,0,0,0,28.591205596923828,23.62799644470215,9.854606628417969
0,0,0,0,28.647436141967773,23.6348934173584,9.854263305664062
0,0,0,0,28.703550338745117,23.64255714416504,9.85400390625
0,0,0,0,28.778282165527344,23.65380096435547,9.853805541992188
0,0,0,0,28.834251403808594,23.66301155090332,9.853736877441406
0,0,0,0,28.890077590942383,23.67283058166504,9.85369873046875
0,0,0,0,28.964405059814453,23.686914443969727,9.853683471679688
0,0,0,0,29.019977569580078,23.698225021362305,9.853706359863281
0,0,0,0,29.07552719116211,23.710052490234375,9.853797912597656
0,0,0,0,29.14932632446289,23.726665496826172,9.854034423828125
0,0,0,0,29.20464515686035,23.73965835571289,9.854316711425781
0,0,0,0,29.259780883789062,23.753145217895508,9.854606628417969
0,0,0,0,29.33329200744629,23.7717342376709,9.855003356933594
0,0,0,0,29.388229370117188,23.786182403564453,9.855323791503906
0,0,0,0,29.4431209564209,23.800922393798828,9.855659484863281
0,0,0,0,29.515993118286133,23.82125473022461,9.856086730957031
0,0,0,0,29.57050895690918,23.83685302734375,9.856391906738281
0,0,0,0,29.624839782714844,23.85282325744629,9.856689453125
0,0,0,0,29.697172164916992,23.87451171875,9.857048034667969
0,0,0,0,29.75133514404297,23.89110565185547,9.857261657714844
0,0,0,0,29.805418014526367,23.907909393310547,9.857414245605469
0,0,0,0,29.877513885498047,23.930715560913086,9.857536315917969
0,0,0,0,29.93154525756836,23.948123931884766,9.857559204101562
0,0,0,0,29.985641479492188,23.96576499938965,9.85748291015625
0,0,0,0,30.05771255493164,23.98965072631836,9.85723876953125
0,0,0,0,30.11188316345215,24.00775718688965,9.856948852539062
0,0,0,0,30.16600227355957,24.02611541748047,9.8565673828125
0,0,0,0,30.23828887939453,24.050832748413086,9.855987548828125
0,0,0,0,30.292438507080078,24.069622039794922,9.855560302734375
0,0,0,0,30.346704483032227,24.08846664428711,9.855125427246094
0,0,0,0,30.41896629333496,24.113876342773438,9.854560852050781
0,0,0,0,30.473236083984375,24.133020401000977,9.854141235351562
0,0,0,0,30.527442932128906,24.152359008789062,9.853767395019531
0,0,0,0,30.59979248046875,24.178190231323242,9.853385925292969
0,0,0,0,30.654029846191406,24.197656631469727,9.8531494140625
0,0,0,0,30.708232879638672,24.21710968017578,9.852912902832031
0,0,0,0,30.780475616455078,24.243112564086914,9.852622985839844
0,0,0,0,30.834644317626953,24.262619018554688,9.852455139160156
0,0,0,0,30.888856887817383,24.28215980529785,9.852310180664062
0,0,0,0,30.96109962463379,24.308246612548828,9.852149963378906
0,0,0,0,31.015329360961914,24.32777214050293,9.852073669433594
0,0,0,0,31.069494247436523,24.347305297851562,9.852043151855469
0,0,0,0,31.14186668395996,24.3732967376709,9.852066040039062
0,0,0,0,31.196081161499023,24.392854690551758,9.852127075195312
0,0,0,0,31.25041961669922,24.412378311157227,9.852218627929688
0,0,0,0,31.322765350341797,24.43851089477539,9.852363586425781
0,0,0,0,31.377134323120117,24.458053588867188,9.852493286132812
0,0,0,0,31.43140983581543,24.47765350341797,9.852645874023438
0,0,0,0,31.503862380981445,24.5036563873291,9.852912902832031
0,0,0,0,31.558143615722656,24.523193359375,9.853172302246094
0,0,0,0,31.612468719482422,24.542646408081055,9.853462219238281
0,0,0,0,31.684886932373047,24.568614959716797,9.853897094726562
0,0,0,0,31.739227294921875,24.588058471679688,9.854217529296875
0,0,0,0,31.79358673095703,24.6075382232666,9.854507446289062
0,0,0,0,31.866085052490234,24.633392333984375,9.854835510253906
0,0,0,0,31.9205322265625,24.6527042388916,9.855049133300781
0,0,0,0,31.974925994873047,24.67195701599121,9.855232238769531
0,0,0,0,32.04756164550781,24.697546005249023,9.855377197265625
0,0,0,0,32.10197830200195,24.716718673706055,9.85540771484375
0,0,0,0,32.1564826965332,24.735782623291016,9.855377197265625
0,0,0,0,32.22910690307617,24.761219024658203,9.855216979980469
0,0,0,0,32.28368377685547,24.780208587646484,9.854988098144531
0,0,0,0,32.33820343017578,24.79921531677246,9.854705810546875
0,0,0,0,32.41102600097656,24.824447631835938,9.854301452636719
0,0,0,0,32.46558380126953,24.8433780670166,9.85394287109375
0,0,0,0,32.520198822021484,24.86220359802246,9.853538513183594
0,0,0,0,32.592918395996094,24.887357711791992,9.853004455566406
0,0,0,0,32.64748764038086,24.906160354614258,9.852622985839844
0,0,0,0,32.70204162597656,24.925025939941406,9.852226257324219
0,0,0,0,32.77479553222656,24.95010757446289,9.851654052734375
0,0,0,0,32.829383850097656,24.968914031982422,9.8511962890625
0,0,0,0,32.88393783569336,24.987701416015625,9.850692749023438
0,0,0,0,32.956729888916016,25.01277732849121,9.849945068359375
0,0,0,0,33.011287689208984,25.031614303588867,9.849349975585938
0,0,0,0,33.065914154052734,25.05044174194336,9.848709106445312
0,0,0,0,33.1385612487793,25.07564353942871,9.847801208496094
0,0,0,0,33.19295120239258,25.09446907043457,9.847084045410156
0,0,0,0,33.24705505371094,25.11334800720215,9.84637451171875
0,0,0,0,33.31904220581055,25.138469696044922,9.845352172851562
0,0,0,0,33.37267303466797,25.157373428344727,9.844573974609375
0,0,0,0,33.4261360168457,25.17621612548828,9.843803405761719
0,0,0,0,33.497032165527344,25.2015323638916,9.84271240234375
0,0,0,0,33.55010223388672,25.22057342529297,9.841812133789062
0,0,0,0,33.603031158447266,25.239770889282227,9.840866088867188
0,0,0,0,33.67353439331055,25.265480041503906,9.839523315429688
0,0,0,0,33.72636032104492,25.284929275512695,9.838455200195312
0,0,0,0,33.77918243408203,25.30449867248535,9.837364196777344
0,0,0,0,33.849632263183594,25.330854415893555,9.835861206054688
0,0,0,0,33.902488708496094,25.3508243560791,9.834640502929688
0,0,0,0,33.95543670654297,25.370941162109375,9.833366394042969
0,0,0,0,34.02605056762695,25.39805030822754,9.83160400390625
0,0,0,0,34.079185485839844,25.418548583984375,9.830245971679688
0,0,0,0,34.13227844238281,25.43927001953125,9.828849792480469
0,0,0,0,34.20321273803711,25.467113494873047,9.826972961425781
0,0,0,0,34.25639724731445,25.48826789855957,9.825569152832031
0,0,0,0,34.30973815917969,25.509553909301758,9.82415771484375
0,0,0,0,34.38084030151367,25.53827667236328,9.822288513183594
0,0,0,0,34.434295654296875,25.559953689575195,9.820938110351562
0,0,0,0,34.48768997192383,25.58188819885254,9.819618225097656
0,0,0,0,34.55895233154297,25.611297607421875,9.817878723144531
0,0,0,0,34.612396240234375,25.633604049682617,9.816543579101562
0,0,0,0,34.66586685180664,25.65601348876953,9.815200805664062
0,0,0,0,34.73713302612305,25.68621253967285,9.813385009765625
0,0,0,0,34.7905387878418,25.709049224853516,9.812019348144531
0,0,0,0,34.843963623046875,25.732065200805664,9.810638427734375
0,0,0,0,34.915138244628906,25.76300621032715,9.808769226074219
0,0,0,0,34.96855926513672,25.78639793395996,9.807380676269531
0,0,0,0,35.0218620300293,25.809982299804688,9.806022644042969
0,0,0,0,35.09300231933594,25.84160614013672,9.804290771484375
0,0,0,0,35.146244049072266,25.86549949645996,9.803062438964844
0,0,0,0,35.19951629638672,25.889440536499023,9.801910400390625
0,0,0,0,35.270320892333984,25.921621322631836,9.800483703613281
0,0,0,0,35.32344436645508,25.94584083557129,9.799530029296875
0,0,0,0,35.37644958496094,25.97026252746582,9.798637390136719
0,0,0,0,35.4471321105957,26.002897262573242,9.797576904296875
0,0,0,0,35.5000114440918,26.027536392211914,9.796867370605469
0,0,0,0,35.55288314819336,26.052207946777344,9.796257019042969
0,0,0,0,35.623260498046875,26.08531951904297,9.79559326171875
0,0,0,0,35.67599868774414,26.110233306884766,9.795188903808594
0,0,0,0,35.728641510009766,26.135217666625977,9.794845581054688
0,0,0,0,35.798553466796875,26.1684513092041,9.794540405273438
0,0,0,0,35.85082244873047,26.19338607788086,9.79437255859375
0,0,0,0,35.902889251708984,26.21832847595215,9.794189453125
0,0,0,0,35.97214126586914,26.251523971557617,9.79388427734375
0,0,0,0,36.02379608154297,26.276355743408203,9.793632507324219
0,0,0,0,36.07534408569336,26.301029205322266,9.79339599609375
0,0,0,0,36.14359664916992,26.333812713623047,9.793128967285156
0,0,0,0,36.194705963134766,26.358238220214844,9.792922973632812
0,0,0,0,36.24564743041992,26.382640838623047,9.792694091796875
0,0,0,0,36.31361770629883,26.414968490600586,9.792343139648438
0,0,0,0,36.36458206176758,26.43924331665039,9.792022705078125
0,0,0,0,36.415706634521484,26.463407516479492,9.791641235351562
0,0,0,0,36.48391342163086,26.495588302612305,9.791023254394531
0,0,0,0,36.53523254394531,26.519611358642578,9.790496826171875
0,0,0,0,36.58667755126953,26.54364013671875,9.789939880371094
0,0,0,0,36.65558624267578,26.57554054260254,9.789161682128906
0,0,0,0,36.70750045776367,26.599401473999023,9.788543701171875
0,0,0,0,36.75958251953125,26.623178482055664,9.787887573242188
0,0,0,0,36.82935333251953,26.654775619506836,9.78692626953125
0,0,0,0,36.88180923461914,26.67841911315918,9.786148071289062
0,0,0,0,36.93447494506836,26.70197105407715,9.78533935546875
0,0,0,0,37.00481033325195,26.733257293701172,9.784172058105469
0,0,0,0,37.05779266357422,26.75657081604004,9.78326416015625
0,0,0,0,37.11079025268555,26.779870986938477,9.7823486328125
0,0,0,0,37.18163299560547,26.81071662902832,9.781112670898438
0,0,0,0,37.23470687866211,26.833784103393555,9.780189514160156
0,0,0,0,37.287899017333984,26.85667610168457,9.779266357421875
0,0,0,0,37.3587646484375,26.887149810791016,9.778022766113281
0,0,0,0,37.411922454833984,26.909854888916016,9.777114868164062
0,0,0,0,37.46495819091797,26.932519912719727,9.776229858398438
0,0,0,0,37.53568649291992,26.962566375732422,9.775070190429688
0,0,0,0,37.58870315551758,26.985048294067383,9.774192810058594
0,0,0,0,37.64168930053711,27.007421493530273,9.773284912109375
0,0,0,0,37.7122917175293,27.037229537963867,9.771995544433594
0,0,0,0,37.76517105102539,27.059585571289062,9.770980834960938
0,0,0,0,37.81808090209961,27.08194351196289,9.769905090332031
0,0,0,0,37.88856506347656,27.11176109313965,9.76837158203125
0,0,0,0,37.94150924682617,27.13404083251953,9.767143249511719
0,0,0,0,37.994415283203125,27.156330108642578,9.765869140625
0,0,0,0,38.06515884399414,27.185941696166992,9.764091491699219
0,0,0,0,38.118160247802734,27.208181381225586,9.762680053710938
0,0,0,0,38.17130661010742,27.230358123779297,9.761207580566406
0,0,0,0,38.24211883544922,27.25995445251465,9.759185791015625
0,0,0,0,38.29531478881836,27.282033920288086,9.757637023925781
0,0,0,0,38.34843063354492,27.304119110107422,9.756057739257812
0,0,0,0,38.419376373291016,27.333322525024414,9.753921508789062
0,0,0,0,38.47261047363281,27.35515022277832,9.752326965332031
0,0,0,0,38.5258903503418,27.37679672241211,9.750732421875
0,0,0,0,38.596946716308594,27.40549659729004,9.748619079589844
0,0,0,0,38.650291442871094,27.42683219909668,9.746986389160156
0,0,0,0,38.70372772216797,27.448009490966797,9.745323181152344
0,0,0,0,38.77497863769531,27.475881576538086,9.743118286132812
0,0,0,0,38.82854080200195,27.496484756469727,9.741531372070312
0,0,0,0,38.8820915222168,27.516830444335938,9.739982604980469
0,0,0,0,38.953670501708984,27.543468475341797,9.737968444824219
0,0,0,0,39.00741958618164,27.5631103515625,9.736557006835938
0,0,0,0,39.061439514160156,27.582351684570312,9.735176086425781
0,0,0,0,39.133548736572266,27.607484817504883,9.733367919921875
0,0,0,0,39.18767547607422,27.62576675415039,9.732154846191406
0,0,0,0,39.24164962768555,27.643692016601562,9.731155395507812
0,0,0,0,39.31371307373047,27.6667537689209,9.730026245117188
0,0,0,0,39.367801666259766,27.683509826660156,9.729339599609375
0,0,0,0,39.422035217285156,27.69964599609375,9.728805541992188
0,0,0,0,39.49452209472656,27.720359802246094,9.728340148925781
0,0,0,0,39.549095153808594,27.73523712158203,9.728118896484375
0,0,0,0,39.6038703918457,27.749605178833008,9.728004455566406
0,0,0,0,39.67726135253906,27.767921447753906,9.727951049804688
0,0,0,0,39.73263931274414,27.781038284301758,9.727996826171875
0,0,0,0,39.788204193115234,27.793622970581055,9.728096008300781
0,0,0,0,39.86272430419922,27.809528350830078,9.728355407714844
0,0,0,0,39.918792724609375,27.82085609436035,9.728645324707031
0,0,0,0,39.97510528564453,27.83161163330078,9.729011535644531
0,0,0,0,40.050323486328125,27.845121383666992,9.729537963867188
0,0,0,0,40.10698699951172,27.854536056518555,9.729927062988281
0,0,0,0,40.1636962890625,27.863462448120117,9.730339050292969
0,0,0,0,40.23964309692383,27.874452590942383,9.73095703125
0,0,0,0,40.29667282104492,27.88213348388672,9.731475830078125
0,0,0,0,40.353885650634766,27.889183044433594,9.732032775878906
0,0,0,0,40.43027114868164,27.89783477783203,9.732864379882812
0,0,0,0,40.48774337768555,27.90366554260254,9.733512878417969
0,0,0,0,40.545249938964844,27.90904426574707,9.734230041503906
0,0,0,0,40.62193298339844,27.915363311767578,9.735366821289062
0,0,0,0,40.679447174072266,27.919557571411133,9.736320495605469
0,0,0,0,40.7369270324707,27.92325210571289,9.737373352050781
0,0,0,0,40.81356430053711,27.92751121520996,9.738929748535156
0,0,0,0,40.87096405029297,27.930219650268555,9.740211486816406
0,0,0,0,40.928443908691406,27.932504653930664,9.741569519042969
0,0,0,0,41.004966735839844,27.93498420715332,9.743377685546875
0,0,0,0,41.062347412109375,27.936382293701172,9.744735717773438
0,0,0,0,41.119544982910156,27.937524795532227,9.746131896972656
0,0,0,0,41.195831298828125,27.938457489013672,9.748001098632812
0,0,0,0,41.252933502197266,27.938844680786133,9.749435424804688
0,0,0,0,41.31010818481445,27.938861846923828,9.750892639160156
0,0,0,0,41.386226654052734,27.93856430053711,9.752876281738281
0,0,0,0,41.443382263183594,27.93800926208496,9.754386901855469
0,0,0,0,41.50050354003906,27.937301635742188,9.755912780761719
0,0,0,0,41.57672119140625,27.935962677001953,9.757972717285156
0,0,0,0,41.63386917114258,27.934755325317383,9.759605407714844
0,0,0,0,41.69101333618164,27.933334350585938,9.761260986328125
0,0,0,0,41.76719665527344,27.93124771118164,9.76348876953125
0,0,0,0,41.824275970458984,27.929533004760742,9.765213012695312
0,0,0,0,41.88145446777344,27.92769432067871,9.766944885253906
0,0,0,0,41.95766067504883,27.925094604492188,9.769248962402344
0,0,0,0,42.014915466308594,27.923011779785156,9.770927429199219
0,0,0,0,42.07201385498047,27.920852661132812,9.772590637207031
0,0,0,0,42.14801788330078,27.91775131225586,9.774948120117188
0,0,0,0,42.204837799072266,27.915372848510742,9.776710510253906
0,0,0,0,42.26169204711914,27.912857055664062,9.778450012207031
0,0,0,0,42.337284088134766,27.9095458984375,9.780769348144531
0,0,0,0,42.39402389526367,27.906949996948242,9.782516479492188
0,0,0,0,42.45068359375,27.90441131591797,9.784233093261719
0,0,0,0,42.526397705078125,27.900888442993164,9.786521911621094
0,0,0,0,42.583221435546875,27.89828109741211,9.7882080078125
0,0,0,0,42.64012908935547,27.895599365234375,9.789894104003906
0,0,0,0,42.7160758972168,27.892053604125977,9.792083740234375
0,0,0,0,42.77303695678711,27.88933753967285,9.793693542480469
0,0,0,0,42.83005142211914,27.886627197265625,9.795280456542969
0,0,0,0,42.906028747558594,27.882984161376953,9.797386169433594
0,0,0,0,42.963043212890625,27.880285263061523,9.798980712890625
0,0,0,0,43.01998519897461,27.877639770507812,9.80059814453125
0,0,0,0,43.09600830078125,27.874147415161133,9.80279541015625
0,0,0,0,43.15294647216797,27.871639251708984,9.804435729980469
0,0,0,0,43.20998764038086,27.86912727355957,9.806098937988281
0,0,0,0,43.285888671875,27.86591148376465,9.808380126953125
0,0,0,0,43.3429069519043,27.863506317138672,9.810066223144531
0,0,0,0,43.39985656738281,27.86117935180664,9.811714172363281
0,0,0,0,43.47585678100586,27.858068466186523,9.813827514648438
0,0,0,0,43.53264617919922,27.855833053588867,9.815437316894531
0,0,0,0,43.58924102783203,27.85356903076172,9.817146301269531
0,0,0,0,43.66436004638672,27.850643157958984,9.819511413574219
0,0,0,0,43.7205810546875,27.84842872619629,9.821266174316406
0,0,0,0,43.776729583740234,27.846237182617188,9.823005676269531
0,0,0,0,43.851444244384766,27.843278884887695,9.825332641601562
0,0,0,0,43.907447814941406,27.84105110168457,9.827041625976562
0,0,0,0,43.96338653564453,27.838823318481445,9.828666687011719
0,0,0,0,44.03805160522461,27.835880279541016,9.83074951171875
0,0,0,0,44.09406661987305,27.833709716796875,9.832260131835938
0,0,0,0,44.150238037109375,27.83148193359375,9.833763122558594
0,0,0,0,44.22514343261719,27.82855224609375,9.835746765136719
0,0,0,0,44.28150939941406,27.826309204101562,9.837226867675781
0,0,0,0,44.33788299560547,27.824138641357422,9.838722229003906
0,0,0,0,44.413326263427734,27.821168899536133,9.840713500976562
0,0,0,0,44.46997833251953,27.819005966186523,9.842231750488281
0,0,0,0,44.52684783935547,27.816787719726562,9.843757629394531
0,0,0,0,44.602752685546875,27.81389045715332,9.845802307128906
0,0,0,0,44.65985107421875,27.811670303344727,9.84735107421875
0,0,0,0,44.71699142456055,27.80950927734375,9.848899841308594
0,0,0,0,44.79330062866211,27.806562423706055,9.851028442382812
0,0,0,0,44.850650787353516,27.804401397705078,9.852668762207031
0,0,0,0,44.908058166503906,27.8022518157959,9.854354858398438
0,0,0,0,44.98477554321289,27.799365997314453,9.856636047363281
0,0,0,0,45.042354583740234,27.79718780517578,9.858360290527344
0,0,0,0,45.10009765625,27.794981002807617,9.860061645507812
0,0,0,0,45.17714309692383,27.792068481445312,9.862289428710938
0,0,0,0,45.23503875732422,27.78986930847168,9.863899230957031
0,0,0,0,45.29286193847656,27.78776741027832,9.865470886230469
0,0,0,0,45.37013244628906,27.7849178314209,9.867454528808594
0,0,0,0,45.42808151245117,27.78287696838379,9.868850708007812
0,0,0,0,45.48615264892578,27.780778884887695,9.870193481445312
0,0,0,0,45.56351852416992,27.77809715270996,9.87188720703125
0,0,0,0,45.621620178222656,27.776044845581055,9.873062133789062
0,0,0,0,45.67967224121094,27.774059295654297,9.874160766601562
0,0,0,0,45.75714874267578,27.771310806274414,9.875495910644531
0,0,0,0,45.81528091430664,27.76927947998047,9.87640380859375
0,0,0,0,45.873435974121094,27.76723289489746,9.87725830078125
0,0,0,0,45.950958251953125,27.76451873779297,9.878303527832031
0,0,0,0,46.009029388427734,27.762451171875,9.879058837890625
0,0,0,0,46.067138671875,27.7603759765625,9.879768371582031
0,0,0,0,46.144588470458984,27.757644653320312,9.880699157714844
0,0,0,0,46.2027587890625,27.75559425354004,9.881378173828125
0,0,0,0,46.26081085205078,27.753576278686523,9.881996154785156
0,0,0,0,46.338260650634766,27.75080108642578,9.882804870605469
0,0,0,0,46.39628219604492,27.748756408691406,9.883384704589844
0,0,0,0,46.45442199707031,27.746633529663086,9.883934020996094
0,0,0,0,46.53182601928711,27.743877410888672,9.884605407714844
0,0,0,0,46.58992004394531,27.74172592163086,9.885086059570312
0,0,0,0,46.6479377746582,27.7396183013916,9.885536193847656
0,0,0,0,46.72538375854492,27.73670196533203,9.8861083984375
0,0,0,0,46.7834358215332,27.734590530395508,9.886482238769531
0,0,0,0,46.84148025512695,27.732439041137695,9.886802673339844
0,0,0,0,46.91868209838867,27.72966194152832,9.887115478515625
0,0,0,0,46.97636795043945,27.727619171142578,9.887306213378906
0,0,0,0,47.0338134765625,27.72564697265625,9.887413024902344
0,0,0,0,47.109779357910156,27.72304916381836,9.88751220703125
0,0,0,0,47.16619873046875,27.721118927001953,9.8875732421875
0,0,0,0,47.221923828125,27.71926498413086,9.887596130371094
0,0,0,0,47.29518508911133,27.716838836669922,9.8875732421875
0,0,0,0,47.34904479980469,27.715099334716797,9.887527465820312
0,0,0,0,47.4019889831543,27.713335037231445,9.887504577636719
0,0,0,0,47.470794677734375,27.711111068725586,9.887496948242188
0,0,0,0,47.521095275878906,27.70940399169922,9.887504577636719
0,0,0,0,47.570045471191406,27.707794189453125,9.887496948242188
0,0,0,0,47.63338088989258,27.70562744140625,9.887420654296875
0,0,0,0,47.67921829223633,27.704105377197266,9.887313842773438
0,0,0,0,47.723670959472656,27.702556610107422,9.887153625488281
0,0,0,0,47.78055191040039,27.70062255859375,9.886802673339844
0,0,0,0,47.82143783569336,27.69918441772461,9.886466979980469
0,0,0,0,47.86076736450195,27.697837829589844,9.886070251464844
0,0,0,0,47.91075897216797,27.696043014526367,9.885467529296875
0,0,0,0,47.94647216796875,27.69473648071289,9.884971618652344
0,0,0,0,47.98054885864258,27.693443298339844,9.884437561035156
0,0,0,0,48.02352523803711,27.691734313964844,9.883682250976562
0,0,0,0,48.05375289916992,27.690488815307617,9.883140563964844
0,0,0,0,48.08245849609375,27.689218521118164,9.88250732421875
0,0,0,0,48.11845016479492,27.687559127807617,9.879997253417969
0,0,0,0,48.14344787597656,27.685773849487305,9.877273559570312
0,0,0,0,48.16595458984375,27.6829776763916,9.874153137207031
0,0,0,0,48.191925048828125,27.677104949951172,9.869392395019531
0,0,0,0,48.20832061767578,27.671581268310547,9.865592956542969
0,0,0,0,48.22243881225586,27.66509246826172,9.861312866210938
0,0,0,0,48.2369499206543,27.654273986816406,9.855453491210938
0,0,0,0,48.244476318359375,27.64415740966797,9.851089477539062
0,0,0,0,48.24922180175781,27.632770538330078,9.847023010253906
0,0,0,0,48.25185012817383,27.615924835205078,9.841949462890625
0,0,0,0,48.250972747802734,27.60190773010254,9.8387451171875
0,0,0,0,48.24778747558594,27.58676528930664,9.836212158203125
0,0,0,0,48.2405891418457,27.56554412841797,9.83392333984375
0,0,0,0,48.233211517333984,27.54906463623047,9.833099365234375
0,0,0,0,48.224571228027344,27.53225326538086,9.832962036132812
0,0,0,0,48.211368560791016,27.509611129760742,9.833030700683594
0,0,0,0,48.200347900390625,27.492265701293945,9.833984375
0,0,0,0,48.18844223022461,27.474910736083984,9.835762023925781
0,0,0,0,48.171875,27.4520320892334,9.839004516601562
0,0,0,0,48.158935546875,27.43520736694336,9.841964721679688
0,0,0,0,48.14578628540039,27.41851806640625,9.845283508300781
0,0,0,0,48.1277961730957,27.396718978881836,9.850128173828125
0,0,0,0,48.114105224609375,27.380599975585938,9.853973388671875
0,0,0,0,48.10011672973633,27.364727020263672,9.857894897460938
0,0,0,0,48.08116149902344,27.343708038330078,9.863197326660156
0,0,0,0,48.066650390625,27.328100204467773,9.867095947265625
0,0,0,0,48.05190658569336,27.312488555908203,9.870841979980469
0,0,0,0,48.03175354003906,27.291542053222656,9.875511169433594
0,0,0,0,48.015987396240234,27.275407791137695,9.878898620605469
0,0,0,0,47.99964904785156,27.258901596069336,9.882133483886719
0,0,0,0,47.97695541381836,27.236412048339844,9.886001586914062
0,0,0,0,47.9590950012207,27.21879768371582,9.888679504394531
0,0,0,0,47.94025421142578,27.20044708251953,9.891242980957031
0,0,0,0,47.914100646972656,27.17517852783203,9.894256591796875
0,0,0,0,47.89356994628906,27.15569496154785,9.896270751953125
0,0,0,0,47.872520446777344,27.13572120666504,9.898086547851562
0,0,0,0,47.843570709228516,27.10878562927246,9.900077819824219
0,0,0,0,47.821292877197266,27.088088989257812,9.901237487792969
0,0,0,0,47.798213958740234,27.066768646240234,9.902137756347656
0,0,0,0,47.76625061035156,27.037076950073242,9.903121948242188
0,0,0,0,47.741336822509766,27.014101028442383,9.903671264648438
0,0,0,0,47.715763092041016,26.990467071533203,9.904006958007812
0,0,0,0,47.68048858642578,26.957923889160156,9.904067993164062
0,0,0,0,47.65298080444336,26.93248748779297,9.903961181640625
0,0,0,0,47.62459182739258,26.906265258789062,9.903785705566406
0,0,0,0,47.58546447753906,26.870203018188477,9.903282165527344
0,0,0,0,47.55519485473633,26.84225082397461,9.902755737304688
0,0,0,0,47.52394485473633,26.813432693481445,9.902168273925781
0,0,0,0,47.48093795776367,26.773679733276367,9.901420593261719
0,0,0,0,47.447662353515625,26.74303436279297,9.900833129882812
0,0,0,0,47.41372299194336,26.711606979370117,9.900230407714844
0,0,0,0,47.36723327636719,26.668621063232422,9.899467468261719
0,0,0,0,47.33163833618164,26.635459899902344,9.898910522460938
0,0,0,0,47.295291900634766,26.60169792175293,9.89837646484375
0,0,0,0,47.2459716796875,26.555570602416992,9.897804260253906
0,0,0,0,47.20834732055664,26.52039337158203,9.897491455078125
0,0,0,0,47.1704216003418,26.484745025634766,9.897224426269531
0,0,0,0,47.11936569213867,26.436737060546875,9.89697265625
0,0,0,0,47.080909729003906,26.40032386779785,9.896865844726562
0,0,0,0,47.042320251464844,26.363685607910156,9.896797180175781
0,0,0,0,46.99071502685547,26.314376831054688,9.896766662597656
0,0,0,0,46.95193862915039,26.277095794677734,9.896781921386719
0,0,0,0,46.91300582885742,26.239559173583984,9.896766662597656
0,0,0,0,46.860958099365234,26.18913459777832,9.896736145019531
0,0,0,0,46.82171630859375,26.151037216186523,9.896713256835938
0,0,0,0,46.78240966796875,26.112674713134766,9.896713256835938
0,0,0,0,46.72968292236328,26.06121253967285,9.896644592285156
0,0,0,0,46.690067291259766,26.022306442260742,9.896568298339844
0,0,0,0,46.65021514892578,25.98326873779297,9.896514892578125
0,0,0,0,46.597103118896484,25.931076049804688,9.896476745605469
0,0,0,0,46.55734634399414,25.89214515686035,9.896377563476562
0,0,0,0,46.517860412597656,25.853225708007812,9.896171569824219
0,0,0,0,46.465293884277344,25.801403045654297,9.895851135253906
0,0,0,0,46.42605972290039,25.762571334838867,9.89556884765625
0,0,0,0,46.38692855834961,25.72393798828125,9.89520263671875
0,0,0,0,46.334991455078125,25.67239761352539,9.89459228515625
0,0,0,0,46.2961311340332,25.633670806884766,9.894027709960938
0,0,0,0,46.257286071777344,25.594884872436523,9.893386840820312
0,0,0,0,46.205543518066406,25.543231964111328,9.892349243164062
0,0,0,0,46.16669845581055,25.504453659057617,9.891410827636719
0,0,0,0,46.127872467041016,25.4655704498291,9.890357971191406
0,0,0,0,46.075927734375,25.413673400878906,9.888839721679688
0,0,0,0,46.03697967529297,25.374664306640625,9.887657165527344
0,0,0,0,45.997859954833984,25.33563804626465,9.886428833007812
0,0,0,0,45.945735931396484,25.28337287902832,9.884765625
0,0,0,0,45.90645217895508,25.244131088256836,9.883499145507812
0,0,0,0,45.86711883544922,25.204750061035156,9.882217407226562
0,0,0,0,45.81439971923828,25.152185440063477,9.880523681640625
0,0,0,0,45.774818420410156,25.112607955932617,9.87933349609375
0,0,0,0,45.735145568847656,25.073101043701172,9.878166198730469
0,0,0,0,45.68230056762695,25.020416259765625,9.876678466796875
0,0,0,0,45.642662048339844,24.980974197387695,9.875625610351562
0,0,0,0,45.60307693481445,24.941518783569336,9.874626159667969
0,0,0,0,45.55035400390625,24.889087677001953,9.873359680175781
0,0,0,0,45.51079559326172,24.849733352661133,9.872451782226562
0,0,0,0,45.471290588378906,24.81037139892578,9.871612548828125
0,0,0,0,45.418701171875,24.758020401000977,9.870529174804688
0,0,0,0,45.37945556640625,24.71887969970703,9.869712829589844
0,0,0,0,45.3402214050293,24.679832458496094,9.868888854980469
0,0,0,0,45.28814697265625,24.62778091430664,9.867744445800781
0,0,0,0,45.24906921386719,24.588802337646484,9.866874694824219
0,0,0,0,45.210113525390625,24.54975128173828,9.866020202636719
0,0,0,0,45.15808868408203,24.497766494750977,9.864982604980469
0,0,0,0,45.11922836303711,24.45882225036621,9.864234924316406
0,0,0,0,45.08041000366211,24.420085906982422,9.863449096679688
0,0,0,0,45.02881622314453,24.368385314941406,9.862388610839844
0,0,0,0,44.990081787109375,24.329605102539062,9.861595153808594
0,0,0,0,44.95140075683594,24.290712356567383,9.860816955566406
0,0,0,0,44.899818420410156,24.238855361938477,9.859817504882812
0,0,0,0,44.86115646362305,24.19989013671875,9.859100341796875
0,0,0,0,44.82249450683594,24.160921096801758,9.858444213867188
0,0,0,0,44.77082824707031,24.108781814575195,9.857635498046875
0,0,0,0,44.73202896118164,24.069520950317383,9.8570556640625
0,0,0,0,44.6931037902832,24.030155181884766,9.856498718261719
0,0,0,0,44.64122772216797,23.977563858032227,9.855781555175781
0,0,0,0,44.602210998535156,23.938127517700195,9.855224609375
0,0,0,0,44.56321716308594,23.898603439331055,9.854637145996094
0,0,0,0,44.51099395751953,23.84592056274414,9.853851318359375
0,0,0,0,44.47180938720703,23.806303024291992,9.853233337402344
0,0,0,0,44.43246078491211,23.766691207885742,9.852554321289062
0,0,0,0,44.38003921508789,23.713708877563477,9.851577758789062
0,0,0,0,44.340576171875,23.673931121826172,9.85076904296875
0,0,0,0,44.301124572753906,23.633989334106445,9.84991455078125
0,0,0,0,44.248451232910156,23.58072280883789,9.848724365234375
0,0,0,0,44.2089958190918,23.54070281982422,9.847763061523438
0,0,0,0,44.1695556640625,23.500713348388672,9.846748352050781
0,0,0,0,44.11704635620117,23.44731330871582,9.8453369140625
0,0,0,0,44.077728271484375,23.407257080078125,9.844253540039062
0,0,0,0,44.03836441040039,23.367168426513672,9.843177795410156
0,0,0,0,43.98590850830078,23.313688278198242,9.841766357421875
0,0,0,0,43.94646453857422,23.273536682128906,9.840744018554688
0,0,0,0,43.90703582763672,23.23330307006836,9.839836120605469
0,0,0,0,43.85433578491211,23.179655075073242,9.838790893554688
0,0,0,0,43.8149528503418,23.139455795288086,9.838066101074219
0,0,0,0,43.77552032470703,23.099409103393555,9.837379455566406
0,0,0,0,43.72309875488281,23.04595947265625,9.836540222167969
0,0,0,0,43.683738708496094,23.005929946899414,9.835968017578125
0,0,0,0,43.644474029541016,22.96582794189453,9.835418701171875
0,0,0,0,43.59200668334961,22.912416458129883,9.834640502929688
0,0,0,0,43.55270767211914,22.872257232666016,9.834083557128906
0,0,0,0,43.5133171081543,22.83209800720215,9.833534240722656
0,0,0,0,43.46074295043945,22.778371810913086,9.832855224609375
0,0,0,0,43.42122268676758,22.738004684448242,9.832359313964844
0,0,0,0,43.381587982177734,22.69753646850586,9.831871032714844
0,0,0,0,43.32859802246094,22.64349365234375,9.831268310546875
0,0,0,0,43.288719177246094,22.60286521911621,9.830795288085938
0,0,0,0,43.248844146728516,22.56216049194336,9.830291748046875
0,0,0,0,43.19548797607422,22.507814407348633,9.829544067382812
0,0,0,0,43.155487060546875,22.466934204101562,9.8289794921875
0,0,0,0,43.11534881591797,22.426061630249023,9.828399658203125
0,0,0,0,43.06187057495117,22.37147331237793,9.827590942382812
0,0,0,0,43.02161407470703,22.3305606842041,9.826934814453125
0,0,0,0,42.98137283325195,22.289527893066406,9.8262939453125
0,0,0,0,42.92760467529297,22.234941482543945,9.825485229492188
0,0,0,0,42.88750076293945,22.194154739379883,9.824821472167969
0,0,0,0,42.84748077392578,22.15361976623535,9.824089050292969
0,0,0,0,42.7943000793457,22.0996036529541,9.822990417480469
0,0,0,0,42.75446319580078,22.05919075012207,9.822052001953125
0,0,0,0,42.71470642089844,22.018781661987305,9.821029663085938
0,0,0,0,42.66176223754883,21.96501350402832,9.819572448730469
0,0,0,0,42.622032165527344,21.92470932006836,9.818473815917969
0,0,0,0,42.58232879638672,21.88441276550293,9.817390441894531
0,0,0,0,42.52936553955078,21.8306827545166,9.815910339355469
0,0,0,0,42.489715576171875,21.79035186767578,9.814750671386719
0,0,0,0,42.449947357177734,21.750032424926758,9.8135986328125
0,0,0,0,42.39693069458008,21.696155548095703,9.811996459960938
0,0,0,0,42.35696792602539,21.65570640563965,9.810752868652344
0,0,0,0,42.31700897216797,21.615129470825195,9.809501647949219
0,0,0,0,42.263519287109375,21.5610294342041,9.807868957519531
0,0,0,0,42.223411560058594,21.52033042907715,9.80670166015625
0,0,0,0,42.18315124511719,21.47966957092285,9.805595397949219
0,0,0,0,42.12943649291992,21.425357818603516,9.804176330566406
0,0,0,0,42.089019775390625,21.384634017944336,9.80316162109375
0,0,0,0,42.048614501953125,21.34383201599121,9.802207946777344
0,0,0,0,41.994598388671875,21.289480209350586,9.801017761230469
0,0,0,0,41.95399475097656,21.248641967773438,9.800201416015625
0,0,0,0,41.91332244873047,21.20784568786621,9.799430847167969
0,0,0,0,41.859012603759766,21.153488159179688,9.798439025878906
0,0,0,0,41.818241119384766,21.112733840942383,9.797760009765625
0,0,0,0,41.77737045288086,21.07198715209961,9.797134399414062
0,0,0,0,41.722896575927734,21.017667770385742,9.796363830566406
0,0,0,0,41.68189239501953,20.97698211669922,9.795783996582031
0,0,0,0,41.64092254638672,20.936222076416016,9.795181274414062
0,0,0,0,41.58610153198242,20.881916046142578,9.794395446777344
0,0,0,0,41.545013427734375,20.841094970703125,9.793861389160156
0,0,0,0,41.50377655029297,20.80034637451172,9.793342590332031
0,0,0,0,41.4488525390625,20.74600601196289,9.792587280273438
0,0,0,0,41.407562255859375,20.70533561706543,9.791969299316406
0,0,0,0,41.36628723144531,20.66459083557129,9.791343688964844
0,0,0,0,41.311134338378906,20.61040496826172,9.79052734375
0,0,0,0,41.26980972290039,20.569793701171875,9.789909362792969
0,0,0,0,41.228477478027344,20.529314041137695,9.789314270019531
0,0,0,0,41.17338943481445,20.47532081604004,9.788597106933594
0,0,0,0,41.132137298583984,20.434907913208008,9.788078308105469
0,0,0,0,41.09090042114258,20.394548416137695,9.787567138671875
0,0,0,0,41.036006927490234,20.3408145904541,9.78692626953125
0,0,0,0,40.994781494140625,20.3005313873291,9.786483764648438
0,0,0,0,40.9536247253418,20.260204315185547,9.786048889160156
0,0,0,0,40.898677825927734,20.20644760131836,9.785469055175781
0,0,0,0,40.85759353637695,20.166109085083008,9.785018920898438
0,0,0,0,40.816429138183594,20.125844955444336,9.784553527832031
0,0,0,0,40.761688232421875,20.07204246520996,9.783950805664062
0,0,0,0,40.72062683105469,20.03176498413086,9.783538818359375
0,0,0,0,40.666046142578125,19.97799301147461,9.783004760742188
0,0,0,0,40.6251106262207,19.937713623046875,9.782569885253906
0,0,0,0,40.58425521850586,19.897367477416992,9.782127380371094
0,0,0,0,40.52983474731445,19.843608856201172,9.781517028808594
0,0,0,0,40.489044189453125,19.803226470947266,9.781028747558594
0,0,0,0,40.448246002197266,19.76283836364746,9.780532836914062
0,0,0,0,40.39381408691406,19.708877563476562,9.779830932617188
0,0,0,0,40.353057861328125,19.668344497680664,9.779312133789062
0,0,0,0,40.31223678588867,19.627796173095703,9.778823852539062
0,0,0,0,40.257930755615234,19.573678970336914,9.77813720703125
0,0,0,0,40.217159271240234,19.533063888549805,9.777610778808594
0,0,0,0,40.17646789550781,19.492326736450195,9.777046203613281
0,0,0,0,40.12208557128906,19.43796730041504,9.776275634765625
0,0,0,0,40.08140563964844,19.397066116333008,9.775711059570312
0,0,0,0,40.04059600830078,19.35617446899414,9.775154113769531
0,0,0,0,39.9862174987793,19.301443099975586,9.774452209472656
0,0,0,0,39.945343017578125,19.260393142700195,9.773941040039062
0,0,0,0,39.904502868652344,19.219228744506836,9.773475646972656
0,0,0,0,39.84990310668945,19.164308547973633,9.77288818359375
0,0,0,0,39.80891799926758,19.12300682067871,9.772476196289062
0,0,0,0,39.767921447753906,19.081684112548828,9.772117614746094
0,0,0,0,39.71324920654297,19.026491165161133,9.771720886230469
0,0,0,0,39.672264099121094,18.985017776489258,9.771469116210938
0,0,0,0,39.631229400634766,18.94344711303711,9.771263122558594
0,0,0,0,39.576637268066406,18.888004302978516,9.771011352539062
0,0,0,0,39.535648345947266,18.846445083618164,9.77081298828125
0,0,0,0,39.4947624206543,18.804874420166016,9.770614624023438
0,0,0,0,39.44015121459961,18.7495174407959,9.770378112792969
0,0,0,0,39.3993034362793,18.70794105529785,9.770233154296875
0,0,0,0,39.35835266113281,18.666410446166992,9.770088195800781
0,0,0,0,39.3038444519043,18.610916137695312,9.769905090332031
0,0,0,0,39.262901306152344,18.5693416595459,9.769790649414062
0,0,0,0,39.22205352783203,18.527700424194336,9.769706726074219
0,0,0,0,39.16758346557617,18.472332000732422,9.769630432128906
0,0,0,0,39.12678909301758,18.430763244628906,9.7696533203125
0,0,0,0,39.08594512939453,18.38924217224121,9.769767761230469
0,0,0,0,39.03151321411133,18.333820343017578,9.770011901855469
0,0,0,0,38.990665435791016,18.292293548583984,9.770248413085938
0,0,0,0,38.949790954589844,18.250751495361328,9.770500183105469
0,0,0,0,38.89529037475586,18.19542121887207,9.770904541015625
0,0,0,0,38.85428237915039,18.153926849365234,9.771209716796875
0,0,0,0,38.813331604003906,18.112409591674805,9.771522521972656
0,0,0,0,38.758689880371094,18.05704689025879,9.771926879882812
0,0,0,0,38.717803955078125,18.015443801879883,9.772262573242188
0,0,0,0,38.67683410644531,17.973899841308594,9.772605895996094
0,0,0,0,38.622314453125,17.918455123901367,9.773056030273438
0,0,0,0,38.58135986328125,17.876937866210938,9.773399353027344
0,0,0,0,38.540557861328125,17.835365295410156,9.773773193359375
0,0,0,0,38.4860954284668,17.780000686645508,9.774253845214844
0,0,0,0,38.44535827636719,17.73842430114746,9.774620056152344
0,0,0,0,38.40458679199219,17.696910858154297,9.774948120117188
0,0,0,0,38.35029983520508,17.641510009765625,9.775344848632812
0,0,0,0,38.30955505371094,17.60001564025879,9.775657653808594
0,0,0,0,38.26887130737305,17.558570861816406,9.775924682617188
0,0,0,0,38.21470260620117,17.503498077392578,9.776222229003906
0,0,0,0,38.174076080322266,17.462284088134766,9.776473999023438
0,0,0,0,38.13359451293945,17.42120933532715,9.776710510253906
0,0,0,0,38.07975769042969,17.366657257080078,9.777046203613281
0,0,0,0,38.03953170776367,17.325820922851562,9.777305603027344
0,0,0,0,37.99928665161133,17.285078048706055,9.777572631835938
0,0,0,0,37.94581604003906,17.230886459350586,9.777923583984375
0,0,0,0,37.90568161010742,17.190372467041016,9.778205871582031
0,0,0,0,37.865665435791016,17.149824142456055,9.77850341796875
0,0,0,0,37.81222152709961,17.0958251953125,9.778877258300781
0,0,0,0,37.77217483520508,17.055261611938477,9.779182434082031
0,0,0,0,37.73198318481445,17.01474952697754,9.779510498046875
0,0,0,0,37.67836380004883,16.960556030273438,9.779914855957031
0,0,0,0,37.638031005859375,16.919918060302734,9.780189514160156
0,0,0,0,37.59765625,16.879180908203125,9.780426025390625
0,0,0,0,37.54363250732422,16.82492446899414,9.780708312988281
0,0,0,0,37.503021240234375,16.7841854095459,9.780876159667969
0,0,0,0,37.46232604980469,16.743444442749023,9.780998229980469
0,0,0,0,37.40792465209961,16.68903350830078,9.781135559082031
0,0,0,0,37.36714172363281,16.648208618164062,9.781234741210938
0,0,0,0,37.32624053955078,16.607372283935547,9.781341552734375
0,0,0,0,37.271705627441406,16.552913665771484,9.781509399414062
0,0,0,0,37.23069381713867,16.512102127075195,9.781654357910156
0,0,0,0,37.189788818359375,16.471195220947266,9.781806945800781
0,0,0,0,37.13512420654297,16.416675567626953,9.782005310058594
0,0,0,0,37.094146728515625,16.37574005126953,9.78216552734375
0,0,0,0,37.05303192138672,16.334877014160156,9.782341003417969
0,0,0,0,36.998291015625,16.280336380004883,9.782546997070312
0,0,0,0,36.9571647644043,16.239538192749023,9.782707214355469
0,0,0,0,36.91607666015625,16.198745727539062,9.782859802246094
0,0,0,0,36.86119079589844,16.14452362060547,9.7830810546875
0,0,0,0,36.82005310058594,16.103864669799805,9.783309936523438
0,0,0,0,36.77889633178711,16.063276290893555,9.783584594726562
0,0,0,0,36.724029541015625,16.00916862487793,9.783988952636719
0,0,0,0,36.68290328979492,15.968661308288574,9.7843017578125
0,0,0,0,36.64174270629883,15.928181648254395,9.784675598144531
0,0,0,0,36.58690643310547,15.874263763427734,9.785224914550781
0,0,0,0,36.54570007324219,15.833863258361816,9.785659790039062
0,0,0,0,36.50457763671875,15.793396949768066,9.786125183105469
0,0,0,0,36.45018768310547,15.740123748779297,9.786483764648438
0,0,0,0,36.41033935546875,15.701112747192383,9.784561157226562
0,0,0,0,36.371185302734375,15.663006782531738,9.7813720703125
0,0,0,0,36.32014083862305,15.613080024719238,9.776832580566406
0,0,0,0,36.28245544433594,15.576274871826172,9.773277282714844
0,0,0,0,36.245365142822266,15.53983211517334,9.769874572753906
0,0,0,0,36.19640350341797,15.491687774658203,9.765914916992188
0,0,0,0,36.16000747680664,15.455648422241211,9.76348876953125
0,0,0,0,36.123661041259766,15.41966724395752,9.761642456054688
0,0,0,0,36.07514953613281,15.371420860290527,9.760177612304688
0,0,0,0,36.03857421875,15.33498764038086,9.75982666015625
0,0,0,0,36.001747131347656,15.29827880859375,9.760108947753906
0,0,0,0,35.952171325683594,15.24889850616455,9.761459350585938
0,0,0,0,35.914573669433594,15.21154499053955,9.7630615234375
0,0,0,0,35.87678146362305,15.174002647399902,9.7650146484375
0,0,0,0,35.82600402832031,15.123821258544922,9.76800537109375
0,0,0,0,35.78779220581055,15.086098670959473,9.770538330078125
0,0,0,0,35.749359130859375,15.048357963562012,9.773277282714844
0,0,0,0,35.697994232177734,14.997734069824219,9.777107238769531
0,0,0,0,35.659183502197266,14.959600448608398,9.779891967773438
0,0,0,0,35.62032699584961,14.921174049377441,9.782539367675781
0,0,0,0,35.568199157714844,14.869656562805176,9.785789489746094
0,0,0,0,35.52899932861328,14.83067512512207,9.787979125976562
0,0,0,0,35.48958206176758,14.791532516479492,9.789939880371094
0,0,0,0,35.43693923950195,14.738968849182129,9.792198181152344
0,0,0,0,35.397403717041016,14.699471473693848,9.793563842773438
0,0,0,0,35.357845306396484,14.65985107421875,9.794677734375
0,0,0,0,35.30500411987305,14.606888771057129,9.795791625976562
0,0,0,0,35.26526641845703,14.567061424255371,9.796379089355469
0,0,0,0,35.225494384765625,14.52719783782959,9.796768188476562
0,0,0,0,35.172332763671875,14.473999977111816,9.7969970703125
0,0,0,0,35.1324462890625,14.434022903442383,9.797027587890625
0,0,0,0,35.092472076416016,14.394061088562012,9.796966552734375
0,0,0,0,35.03933334350586,14.340709686279297,9.796722412109375
0,0,0,0,34.99940490722656,14.300668716430664,9.796394348144531
0,0,0,0,34.959529876708984,14.260505676269531,9.795989990234375
0,0,0,0,34.906192779541016,14.206899642944336,9.795341491699219
0,0,0,0,34.866214752197266,14.166505813598633,9.794792175292969
0,0,0,0,34.82612991333008,14.12608528137207,9.79425048828125
0,0,0,0,34.772674560546875,14.07192611694336,9.79351806640625
0,0,0,0,34.732421875,14.031230926513672,9.79296875
0,0,0,0,34.69210433959961,13.9903564453125,9.792457580566406
0,0,0,0,34.63820266723633,13.935802459716797,9.791824340820312
0,0,0,0,34.59779739379883,13.894862174987793,9.791351318359375
0,0,0,0,34.55738830566406,13.853931427001953,9.790870666503906
0,0,0,0,34.50346374511719,13.799278259277344,9.790245056152344
0,0,0,0,34.46302032470703,13.75821590423584,9.789810180664062
0,0,0,0,34.42246627807617,13.717156410217285,9.789421081542969
0,0,0,0,34.36838150024414,13.662383079528809,9.788970947265625
0,0,0,0,34.327659606933594,13.621271133422852,9.7886962890625
0,0,0,0,34.28693771362305,13.58008098602295,9.788467407226562
0,0,0,0,34.23238754272461,13.525177955627441,9.788200378417969
0,0,0,0,34.19148254394531,13.483946800231934,9.787994384765625
0,0,0,0,34.150413513183594,13.442777633666992,9.787757873535156
0,0,0,0,34.095611572265625,13.38774585723877,9.787368774414062
0,0,0,0,34.05437088012695,13.346576690673828,9.787033081054688
0,0,0,0,34.013084411621094,13.305363655090332,9.786659240722656
0,0,0,0,33.95773696899414,13.250624656677246,9.786102294921875
0,0,0,0,33.916133880615234,13.209603309631348,9.785667419433594
0,0,0,0,33.87441635131836,13.168717384338379,9.785232543945312
0,0,0,0,33.818729400634766,13.114326477050781,9.784675598144531
0,0,0,0,33.77694320678711,13.073675155639648,9.784210205078125
0,0,0,0,33.73504638671875,13.033096313476562,9.783714294433594
0,0,0,0,33.67906188964844,12.979146957397461,9.782966613769531
0,0,0,0,33.63687515258789,12.938811302185059,9.782356262207031
0,0,0,0,33.59463119506836,12.898540496826172,9.781745910644531
0,0,0,0,33.538028717041016,12.845074653625488,9.780952453613281
0,0,0,0,33.495521545410156,12.805081367492676,9.780303955078125
0,0,0,0,33.45280075073242,12.765289306640625,9.77960205078125
0,0,0,0,33.39580154418945,12.712395668029785,9.77862548828125
0,0,0,0,33.35285949707031,12.672924041748047,9.777824401855469
0,0,0,0,33.309871673583984,12.633476257324219,9.777000427246094
0,0,0,0,33.25221633911133,12.581144332885742,9.77593994140625
0,0,0,0,33.208866119384766,12.542015075683594,9.775161743164062
0,0,0,0,33.16532516479492,12.50307846069336,9.774444580078125
0,0,0,0,33.10710525512695,12.451313018798828,9.773551940917969
0,0,0,0,33.063255310058594,12.412735939025879,9.77288818359375
0,0,0,0,33.01923370361328,12.374334335327148,9.772239685058594
0,0,0,0,32.960296630859375,12.323554992675781,9.7713623046875
0,0,0,0,32.91584777832031,12.28575611114502,9.770668029785156
0,0,0,0,32.871280670166016,12.248202323913574,9.769927978515625
0,0,0,0,32.81145477294922,12.198562622070312,9.76885986328125
0,0,0,0,32.76639175415039,12.161575317382812,9.768058776855469
0,0,0,0,32.72101974487305,12.124895095825195,9.767234802246094
0,0,0,0,32.6602668762207,12.076340675354004,9.76611328125
0,0,0,0,32.614402770996094,12.040258407592773,9.765266418457031
0,0,0,0,32.56843948364258,12.00436782836914,9.764442443847656
0,0,0,0,32.49137878417969,11.945335388183594,9.763023376464844
0,0,0,0,32.44496154785156,11.910355567932129,9.762184143066406
0,0,0,0,32.413936614990234,11.887271881103516,9.761619567871094
0,0,0,0,32.35176086425781,11.84151554107666,9.760482788085938
0,0,0,0,32.30490493774414,11.807668685913086,9.7596435546875
0,0,0,0,32.25794219970703,11.774168968200684,9.7587890625
0,0,0,0,32.195030212402344,11.730180740356445,9.757637023925781
0,0,0,0,32.1475944519043,11.697611808776855,9.756797790527344
0,0,0,0,32.10000228881836,11.665400505065918,9.755989074707031
0,0,0,0,32.036190032958984,11.622994422912598,9.754920959472656
0,0,0,0,31.98813819885254,11.591568946838379,9.754127502441406
0,0,0,0,31.93976402282715,11.560469627380371,9.753349304199219
0,0,0,0,31.875,11.51938533782959,9.752349853515625
0,0,0,0,31.826068878173828,11.488973617553711,9.751632690429688
0,0,0,0,31.77699851989746,11.458757400512695,9.750938415527344
0,0,0,0,31.71120262145996,11.418898582458496,9.750045776367188
0,0,0,0,31.661739349365234,11.389205932617188,9.749374389648438
0,0,0,0,31.612024307250977,11.359811782836914,9.748710632324219
0,0,0,0,31.54557991027832,11.320932388305664,9.747817993164062
0,0,0,0,31.495527267456055,11.292081832885742,9.747108459472656
0,0,0,0,31.445384979248047,11.263345718383789,9.746337890625
0,0,0,0,31.378280639648438,11.225379943847656,9.745216369628906
0,0,0,0,31.32784080505371,11.197118759155273,9.744369506835938
0,0,0,0,31.277259826660156,11.16908073425293,9.743484497070312
0,0,0,0,31.20965003967285,11.131892204284668,9.742218017578125
0,0,0,0,31.158897399902344,11.104193687438965,9.741249084472656
0,0,0,0,31.1080379486084,11.076631546020508,9.740242004394531
0,0,0,0,31.040185928344727,11.04007625579834,9.738792419433594
0,0,0,0,30.9891357421875,11.012802124023438,9.737579345703125
0,0,0,0,30.93810272216797,10.985569953918457,9.736320495605469
0,0,0,0,30.869850158691406,10.949464797973633,9.734626770019531
0,0,0,0,30.818695068359375,10.922446250915527,9.733367919921875
0,0,0,0,30.76740074157715,10.895550727844238,9.732154846191406
0,0,0,0,30.699054718017578,10.859702110290527,9.730583190917969
0,0,0,0,30.64766502380371,10.832942008972168,9.729415893554688
0,0,0,0,30.59633445739746,10.80615520477295,9.728309631347656
0,0,0,0,30.527854919433594,10.770580291748047,9.726890563964844
0,0,0,0,30.476533889770508,10.743885040283203,9.725822448730469
0,0,0,0,30.4251651763916,10.71726131439209,9.724754333496094
0,0,0,0,30.35666275024414,10.681681632995605,9.723350524902344
0,0,0,0,30.305320739746094,10.654986381530762,9.722312927246094
0,0,0,0,30.253999710083008,10.628264427185059,9.72125244140625
0,0,0,0,30.185636520385742,10.592611312866211,9.719810485839844
0,0,0,0,30.13427734375,10.565826416015625,9.718727111816406
0,0,0,0,30.08300018310547,10.538997650146484,9.717689514160156
0,0,0,0,30.014516830444336,10.50318717956543,9.716346740722656
0,0,0,0,29.96324920654297,10.476243019104004,9.715362548828125
0,0,0,0,29.9118709564209,10.44930648803711,9.714393615722656
0,0,0,0,29.843395233154297,10.413240432739258,9.713203430175781
0,0,0,0,29.791912078857422,10.386215209960938,9.712440490722656
0,0,0,0,29.74057388305664,10.359131813049316,9.711753845214844
0,0,0,0,29.672090530395508,10.323073387145996,9.710968017578125
0,0,0,0,29.620817184448242,10.295919418334961,9.710472106933594
0,0,0,0,29.569528579711914,10.268768310546875,9.710029602050781
0,0,0,0,29.501323699951172,10.232396125793457,9.709518432617188
0,0,0,0,29.450252532958984,10.205081939697266,9.709152221679688
0,0,0,0,29.39922523498535,10.17763900756836,9.708763122558594
0,0,0,0,29.331268310546875,10.14090347290039,9.708274841308594
0,0,0,0,29.28034210205078,10.1132230758667,9.707939147949219
0,0,0,0,29.229541778564453,10.085397720336914,9.7076416015625
0,0,0,0,29.161823272705078,10.048090934753418,9.707283020019531
0,0,0,0,29.1112060546875,10.019916534423828,9.707023620605469
0,0,0,0,29.060617446899414,9.99166488647461,9.706756591796875
0,0,0,0,28.993417739868164,9.953679084777832,9.706352233886719
0,0,0,0,28.943050384521484,9.925018310546875,9.706031799316406
0,0,0,0,28.892881393432617,9.896027565002441,9.705680847167969
0,0,0,0,28.82599449157715,9.857048034667969,9.705207824707031
0,0,0,0,28.776020050048828,9.827460289001465,9.704864501953125
0,0,0,0,28.72610855102539,9.797690391540527,9.704505920410156
0,0,0,0,28.659908294677734,9.757499694824219,9.704025268554688
0,0,0,0,28.610424041748047,9.727076530456543,9.703666687011719
0,0,0,0,28.56117057800293,9.696314811706543,9.703262329101562
0,0,0,0,28.495786666870117,9.654900550842285,9.70269775390625
0,0,0,0,28.447002410888672,9.623449325561523,9.7022705078125
0,0,0,0,28.398487091064453,9.591686248779297,9.701866149902344
0,0,0,0,28.334135055541992,9.548784255981445,9.701347351074219
0,0,0,0,28.286230087280273,9.5161771774292,9.700950622558594
0,0,0,0,28.238475799560547,9.483221054077148,9.7005615234375
0,0,0,0,28.175270080566406,9.438655853271484,9.700088500976562
0,0,0,0,28.12809944152832,9.404788970947266,9.699821472167969
0,0,0,0,28.081317901611328,9.370460510253906,9.699592590332031
0,0,0,0,28.01927947998047,9.324148178100586,9.699333190917969
0,0,0,0,27.973129272460938,9.288893699645996,9.69921875
0,0,0,0,27.92717170715332,9.25333309173584,9.699180603027344
0,0,0,0,27.86637306213379,9.20522689819336,9.699165344238281
0,0,0,0,27.821033477783203,9.168766021728516,9.699234008789062
0,0,0,0,27.77602195739746,9.131889343261719,9.69940185546875
0,0,0,0,27.7164363861084,9.082231521606445,9.699745178222656
0,0,0,0,27.672094345092773,9.044541358947754,9.700080871582031
0,0,0,0,27.628032684326172,9.00654411315918,9.700477600097656
0,0,0,0,27.569711685180664,8.955368041992188,9.701080322265625
0,0,0,0,27.526329040527344,8.916618347167969,9.701614379882812
0,0,0,0,27.48318862915039,8.877565383911133,9.70220947265625
0,0,0,0,27.426124572753906,8.825020790100098,9.703102111816406
0,0,0,0,27.383533477783203,8.78532886505127,9.703834533691406
0,0,0,0,27.34130859375,8.745295524597168,9.704612731933594
0,0,0,0,27.28534698486328,8.691575050354004,9.705741882324219
0,0,0,0,27.243741989135742,8.650932312011719,9.706619262695312
0,0,0,0,27.20229148864746,8.610101699829102,9.707466125488281
0,0,0,0,27.14754295349121,8.555232048034668,9.708587646484375
0,0,0,0,27.106687545776367,8.51392936706543,9.709442138671875
0,0,0,0,27.06610679626465,8.472367286682129,9.710273742675781
0,0,0,0,27.012224197387695,8.416787147521973,9.711357116699219
0,0,0,0,26.97210693359375,8.374924659729004,9.712104797363281
0,0,0,0,26.93218231201172,8.333008766174316,9.712783813476562
0,0,0,0,26.879230499267578,8.276838302612305,9.713615417480469
0,0,0,0,26.839750289916992,8.234622955322266,9.714225769042969
0,0,0,0,26.800491333007812,8.192419052124023,9.714836120605469
0,0,0,0,26.748584747314453,8.13618278503418,9.715606689453125
0,0,0,0,26.709796905517578,8.093998908996582,9.716209411621094
0,0,0,0,26.671184539794922,8.051763534545898,9.716865539550781
0,0,0,0,26.619792938232422,7.9954833984375,9.717781066894531
0,0,0,0,26.581403732299805,7.953253746032715,9.718498229980469
0,0,0,0,26.542964935302734,7.9110822677612305,9.719261169433594
0,0,0,0,26.49180793762207,7.8548150062561035,9.720329284667969
0,0,0,0,26.453367233276367,7.812662124633789,9.72119140625
0,0,0,0,26.415002822875977,7.7704243659973145,9.722084045410156
0,0,0,0,26.363698959350586,7.714206695556641,9.72332763671875
0,0,0,0,26.32522201538086,7.672045707702637,9.724281311035156
0,0,0,0,26.286649703979492,7.629992485046387,9.725273132324219
0,0,0,0,26.22223472595215,7.559841632843018,9.72705078125
0,0,0,0,26.196435928344727,7.531784534454346,9.727806091308594
0,0,0,0,26.15768051147461,7.489748477935791,9.728935241699219
0,0,0,0,26.1059627532959,7.433864593505859,9.730484008789062
0,0,0,0,26.067075729370117,7.392005443572998,9.731666564941406
0,0,0,0,26.0281982421875,7.350181579589844,9.732826232910156
0,0,0,0,25.97620964050293,7.294567584991455,9.734283447265625
0,0,0,0,25.937231063842773,7.2528791427612305,9.735275268554688
0,0,0,0,25.89807891845703,7.2112507820129395,9.736198425292969
0,0,0,0,25.845876693725586,7.155761241912842,9.737297058105469
0,0,0,0,25.806547164916992,7.114233016967773,9.738044738769531
0,0,0,0,25.767183303833008,7.072668552398682,9.738739013671875
0,0,0,0,25.71442985534668,7.0174174308776855,9.73956298828125
0,0,0,0,25.67479133605957,6.975932598114014,9.740127563476562
0,0,0,0,25.634965896606445,6.9345598220825195,9.740615844726562
0,0,0,0,25.581785202026367,6.879426002502441,9.741218566894531
0,0,0,0,25.541765213012695,6.83818244934082,9.74163818359375
0,0,0,0,25.501609802246094,6.796912670135498,9.742042541503906
0,0,0,0,25.44777488708496,6.741975784301758,9.742607116699219
0,0,0,0,25.407201766967773,6.700778961181641,9.7430419921875
0,0,0,0,25.366531372070312,6.65963077545166,9.743492126464844
0,0,0,0,25.312088012695312,6.604757308959961,9.744110107421875
0,0,0,0,25.27118492126465,6.563597202301025,9.744621276855469
0,0,0,0,25.23011016845703,6.522485733032227,9.745162963867188
0,0,0,0,25.175296783447266,6.467696666717529,9.7459716796875
0,0,0,0,25.133995056152344,6.426692008972168,9.74664306640625
0,0,0,0,25.092737197875977,6.385652542114258,9.747413635253906
0,0,0,0,25.03756332397461,6.330974102020264,9.74859619140625
0,0,0,0,24.99622344970703,6.2899394035339355,9.749580383300781
0,0,0,0,24.954740524291992,6.248991012573242,9.750625610351562
0,0,0,0,24.89948081970215,6.1943440437316895,9.752090454101562
0,0,0,0,24.857980728149414,6.153408527374268,9.753242492675781
0,0,0,0,24.816556930541992,6.112381458282471,9.75445556640625
0,0,0,0,24.761280059814453,6.057750701904297,9.756050109863281
0,0,0,0,24.7198543548584,6.016700744628906,9.757247924804688
0,0,0,0,24.678436279296875,5.975622653961182,9.758468627929688
0,0,0,0,24.623302459716797,5.920897483825684,9.760147094726562
0,0,0,0,24.582191467285156,5.880077838897705,9.761390686035156
0,0,0,0,24.541181564331055,5.8393988609313965,9.762626647949219
0,0,0,0,24.486801147460938,5.785186767578125,9.764320373535156
0,0,0,0,24.44605827331543,5.744601249694824,9.765602111816406
0,0,0,0,24.4055118560791,5.704008102416992,9.766868591308594
0,0,0,0,24.3514404296875,5.649901390075684,9.768569946289062
0,0,0,0,24.311033248901367,5.60916805267334,9.769859313964844
0,0,0,0,24.270565032958984,5.56838321685791,9.771163940429688
0,0,0,0,24.21677589416504,5.513778209686279,9.772926330566406
0,0,0,0,24.176416397094727,5.472794532775879,9.77423095703125
0,0,0,0,24.13619613647461,5.431621551513672,9.775482177734375
0,0,0,0,24.082538604736328,5.376658916473389,9.777069091796875
0,0,0,0,24.042381286621094,5.335296154022217,9.7781982421875
0,0,0,0,24.00222396850586,5.293888092041016,9.779273986816406
0,0,0,0,23.948745727539062,5.23845911026001,9.780616760253906
0,0,0,0,23.908767700195312,5.196860313415527,9.781539916992188
0,0,0,0,23.86888313293457,5.155210971832275,9.782440185546875
0,0,0,0,23.815961837768555,5.099792957305908,9.783607482910156
0,0,0,0,23.776517868041992,5.058435916900635,9.784393310546875
0,0,0,0,23.737422943115234,5.017219066619873,9.785125732421875
0,0,0,0,23.685556411743164,4.962373733520508,9.786048889160156
0,0,0,0,23.64695167541504,4.921199321746826,9.786712646484375
0,0,0,0,23.608400344848633,4.880054950714111,9.787353515625
0,0,0,0,23.557342529296875,4.825023174285889,9.788192749023438
0,0,0,0,23.519155502319336,4.783751964569092,9.788803100585938
0,0,0,0,23.481185913085938,4.742318153381348,9.789421081542969
0,0,0,0,23.430580139160156,4.686897277832031,9.790229797363281
0,0,0,0,23.39272117614746,4.645079135894775,9.790870666503906
0,0,0,0,23.354862213134766,4.603212356567383,9.791526794433594
0,0,0,0,23.30453872680664,4.547112464904785,9.792396545410156
0,0,0,0,23.266817092895508,4.504847526550293,9.793083190917969
0,0,0,0,23.229206085205078,4.462432861328125,9.793792724609375
0,0,0,0,23.179231643676758,4.405896186828613,9.794708251953125
0,0,0,0,23.141834259033203,4.363465785980225,9.795318603515625
0,0,0,0,23.10457420349121,4.320965766906738,9.795906066894531
0,0,0,0,23.054977416992188,4.264144420623779,9.796646118164062
0,0,0,0,23.017990112304688,4.221484184265137,9.797126770019531
0,0,0,0,22.98105812072754,4.178818225860596,9.797569274902344
0,0,0,0,22.93210792541504,4.121703624725342,9.79815673828125
0,0,0,0,22.895395278930664,4.07874059677124,9.798576354980469
0,0,0,0,22.858882904052734,4.035667419433594,9.798942565917969
0,0,0,0,22.810279846191406,3.978210926055908,9.799407958984375
0,0,0,0,22.774015426635742,3.934891939163208,9.799781799316406
0,0,0,0,22.73777961730957,3.891547203063965,9.800155639648438
0,0,0,0,22.689653396606445,3.8334834575653076,9.800651550292969
0,0,0,0,22.65358543395996,3.7898242473602295,9.801109313964844
0,0,0,0,22.61772918701172,3.7461354732513428,9.801582336425781
0,0,0,0,22.570201873779297,3.688047170639038,9.802139282226562
0,0,0,0,22.53473472595215,3.644395589828491,9.80255126953125
0,0,0,0,22.4995059967041,3.6007328033447266,9.802909851074219
0,0,0,0,22.452821731567383,3.5425236225128174,9.803352355957031
0,0,0,0,22.418031692504883,3.498812437057495,9.803703308105469
0,0,0,0,22.38332748413086,3.455071210861206,9.804092407226562
0,0,0,0,22.337438583374023,3.3968400955200195,9.804557800292969
0,0,0,0,22.303205490112305,3.3533356189727783,9.804840087890625
0,0,0,0,22.26931381225586,3.309919834136963,9.805107116699219
0,0,0,0,22.22437858581543,3.2522714138031006,9.80535888671875
0,0,0,0,22.191041946411133,3.209124803543091,9.805519104003906
0,0,0,0,22.157846450805664,3.1661345958709717,9.805633544921875
0,0,0,0,22.114028930664062,3.1088809967041016,9.80572509765625
0,0,0,0,22.08133888244629,3.0661401748657227,9.805763244628906
0,0,0,0,22.04886245727539,3.023466110229492,9.805770874023438
0,0,0,0,22.005672454833984,2.9668188095092773,9.805778503417969
0,0,0,0,21.973417282104492,2.924333333969116,9.805793762207031
0,0,0,0,21.94126319885254,2.8819429874420166,9.805862426757812
0,0,0,0,21.898536682128906,2.825451135635376,9.805976867675781
0,0,0,0,21.866600036621094,2.783109426498413,9.806076049804688
0,0,0,0,21.83464813232422,2.7407095432281494,9.806167602539062
0,0,0,0,21.79208755493164,2.684091329574585,9.806343078613281
0,0,0,0,21.760133743286133,2.6417670249938965,9.806503295898438
0,0,0,0,21.72831153869629,2.599419355392456,9.806671142578125
0,0,0,0,21.68573570251465,2.5427749156951904,9.806999206542969
0,0,0,0,21.653764724731445,2.500044107437134,9.80731201171875
0,0,0,0,21.621553421020508,2.457227945327759,9.807670593261719
0,0,0,0,21.578414916992188,2.3997435569763184,9.808174133300781
0,0,0,0,21.545799255371094,2.3564207553863525,9.808624267578125
0,0,0,0,21.513118743896484,2.312889337539673,9.809120178222656
0,0,0,0,21.469247817993164,2.254795551300049,9.809776306152344
0,0,0,0,21.43625259399414,2.2110776901245117,9.810295104980469
0,0,0,0,21.403112411499023,2.1673946380615234,9.810829162597656
0,0,0,0,21.35883331298828,2.1090636253356934,9.811607360839844
0,0,0,0,21.32558250427246,2.0653278827667236,9.812202453613281
0,0,0,0,21.292343139648438,2.0215930938720703,9.81280517578125
0,0,0,0,21.24803924560547,1.9631922245025635,9.813682556152344
0,0,0,0,21.214704513549805,1.919313669204712,9.81439208984375
0,0,0,0,21.181474685668945,1.8754884004592896,9.815048217773438
0,0,0,0,21.137229919433594,1.8172613382339478,9.815773010253906
0,0,0,0,21.10417938232422,1.7735868692398071,9.816276550292969
0,0,0,0,21.071083068847656,1.7299916744232178,9.816726684570312
0,0,0,0,21.027099609375,1.6719690561294556,9.817298889160156
0,0,0,0,20.994060516357422,1.628591537475586,9.817741394042969
0,0,0,0,20.96122169494629,1.585292935371399,9.818161010742188
0,0,0,0,20.91750717163086,1.5278499126434326,9.818702697753906
0,0,0,0,20.884868621826172,1.4847776889801025,9.819114685058594
0,0,0,0,20.852201461791992,1.4417871236801147,9.819534301757812
0,0,0,0,20.808855056762695,1.3845027685165405,9.820182800292969
0,0,0,0,20.776521682739258,1.3417645692825317,9.820671081542969
0,0,0,0,20.744325637817383,1.2990885972976685,9.821182250976562
0,0,0,0,20.70161247253418,1.2424086332321167,9.821952819824219
0,0,0,0,20.669815063476562,1.2001773118972778,9.822517395019531
0,0,0,0,20.63823890686035,1.1582237482070923,9.823043823242188
0,0,0,0,20.59626007080078,1.102423906326294,9.823715209960938
0,0,0,0,20.564960479736328,1.0605968236923218,9.824241638183594
0,0,0,0,20.533666610717773,1.0189059972763062,9.82476806640625
0,0,0,0,20.49213218688965,0.9633713960647583,9.825454711914062
0,0,0,0,20.460899353027344,0.9217351078987122,9.825973510742188
0,0,0,0,20.429698944091797,0.879921019077301,9.826492309570312
0,0,0,0,20.387792587280273,0.8239476680755615,9.827186584472656
0,0,0,0,20.356199264526367,0.7816250920295715,9.827690124511719
0,0,0,0,20.32429313659668,0.7391167283058167,9.828163146972656
0,0,0,0,20.28139877319336,0.6818850040435791,9.828834533691406
0,0,0,0,20.24882698059082,0.6386454105377197,9.829421997070312
0,0,0,0,20.215999603271484,0.5950782299041748,9.830062866210938
0,0,0,0,20.171688079833984,0.5365612506866455,9.831016540527344
0,0,0,0,20.138097763061523,0.492332398891449,9.831748962402344
0,0,0,0,20.104248046875,0.4478623569011688,9.832504272460938
0,0,0,0,20.058666229248047,0.3881562054157257,9.833580017089844
0,0,0,0,20.02423667907715,0.34312087297439575,9.834403991699219
0,0,0,0,19.989521026611328,0.297902375459671,9.835273742675781
0,0,0,0,19.94304656982422,0.23736804723739624,9.836555480957031
0,0,0,0,19.907936096191406,0.19185367226600647,9.837532043457031
0,0,0,0,19.872785568237305,0.14618922770023346,9.838554382324219
0,0,0,0,19.82558250427246,0.08528201282024384,9.839927673339844
0,0,0,0,19.79013442993164,0.03942897170782089,9.840988159179688
0,0,0,0,19.754499435424805,-0.006449396256357431,9.842063903808594
0,0,0,0,19.706968307495117,-0.06784913688898087,9.843513488769531
0,0,0,0,19.67119598388672,-0.11391957104206085,9.844619750976562
0,0,0,0,19.635440826416016,-0.16009822487831116,9.845703125
0,0,0,0,19.587650299072266,-0.2216462939977646,9.847137451171875
0,0,0,0,19.55177879333496,-0.26790446043014526,9.848251342773438
0,0,0,0,19.515892028808594,-0.3141673803329468,9.849449157714844
0,0,0,0,19.468063354492188,-0.375918984413147,9.851173400878906
0,0,0,0,19.432226181030273,-0.42222681641578674,9.852500915527344
0,0,0,0,19.396366119384766,-0.4685490131378174,9.853874206542969
0,0,0,0,19.348623275756836,-0.5303406715393066,9.8558349609375
0,0,0,0,19.312759399414062,-0.5766677260398865,9.857368469238281
0,0,0,0,19.276981353759766,-0.6230311989784241,9.85894775390625
0,0,0,0,19.22919464111328,-0.6847822070121765,9.861091613769531
0,0,0,0,19.19346809387207,-0.7311322689056396,9.862678527832031
0,0,0,0,19.15766716003418,-0.7773982882499695,9.864212036132812
0,0,0,0,19.110107421875,-0.8391067385673523,9.866203308105469
0,0,0,0,19.074398040771484,-0.8852982521057129,9.867683410644531
0,0,0,0,19.03876304626465,-0.9315592646598816,9.869194030761719
0,0,0,0,18.991138458251953,-0.9931988716125488,9.871192932128906
0,0,0,0,18.955432891845703,-1.0395193099975586,9.8726806640625
0,0,0,0,18.91968536376953,-1.085783839225769,9.874137878417969
0,0,0,0,18.872079849243164,-1.1475657224655151,9.876052856445312
0,0,0,0,18.836381912231445,-1.1939144134521484,9.877464294433594
0,0,0,0,18.80067253112793,-1.2402855157852173,9.878799438476562
0,0,0,0,18.753074645996094,-1.3020799160003662,9.8804931640625
0,0,0,0,18.71733283996582,-1.348467469215393,9.881729125976562
0,0,0,0,18.681684494018555,-1.3948867321014404,9.8829345703125
0,0,0,0,18.634077072143555,-1.4567787647247314,9.884475708007812
0,0,0,0,18.598413467407227,-1.503205418586731,9.885589599609375
0,0,0,0,18.562685012817383,-1.5495460033416748,9.886680603027344
0,0,0,0,18.515220642089844,-1.6112796068191528,9.888076782226562
0,0,0,0,18.479602813720703,-1.6573944091796875,9.88909912109375
0,0,0,0,18.444231033325195,-1.7033714056015015,9.890090942382812
0,0,0,0,18.397340774536133,-1.7640339136123657,9.891342163085938
0,0,0,0,18.362611770629883,-1.8090571165084839,9.892257690429688
0,0,0,0,18.32822608947754,-1.8534855842590332,9.893135070800781
0,0,0,0,18.283172607421875,-1.9119130373001099,9.894233703613281
0,0,0,0,18.249942779541016,-1.9549394845962524,9.894966125488281
0,0,0,0,18.217304229736328,-1.9972517490386963,9.895599365234375
0,0,0,0,18.174766540527344,-2.05226993560791,9.896247863769531
0,0,0,0,18.143604278564453,-2.0924558639526367,9.896560668945312
0,0,0,0,18.113195419311523,-2.131643533706665,9.896720886230469
0,0,0,0,18.073801040649414,-2.1822047233581543,9.896728515625
0,0,0,0,18.045270919799805,-2.2188446521759033,9.896537780761719
                                                                                                                                                                                                                                                                                                                                                                                                                                                                                                                                                                                                                                                                                                                                                                                                                                                                                                                                                                                                                                                                                                                                                                                                                                                                                                                                                                                                                                                                                                                                                                                                                                                                                                                                                                                                                                                                                                                                                                                                                                                                                                                                                                                                                                                                                                                                                                                                                                                                                                                                                                                                                                                                                                                                                                                                                                                                                                                                                                                                                                                                                                                                                                                                                                                                                                                                                                                                                                                                                                                                                                                                                                                                                                                                                                                                                                                                                                                                                                                                                                                                                                                                                                                                                                                                                                                                                                                                                                                                                                                                                                                                                                                                                                                                                                                                                                                                                                                                                                                                                                                                                                                                                                                                                                                                                                                                                                                                                                                                                                                                                                                                                                                                                                                                                                                                                                                                                                                                                                                                                                                                                                                                                                                                                                                                                                                                                                                                                                                                                                                                                                                                                                                                                                                                                                                                                                                                                                                                                                                                                                                                                                                                                                                                                                                                                                                                                                                                                                                                                                                                                                                                                                                                                                                                                                                                                                                                                                                                                                                                                                                                                                                                                                                                                                                                                                                                                                                                                                                                                                                                                                                                                                                                                                                                                                                                                                                                                                                                                                                                                                                                                                                                                                                                                                                                                                                                                                                                                                                                                                                                                                                                                                                                                                                                                                                                                                                                                                                                                                                                                                                                                                                                                                                                                                                                                                                                                                                                                                                                                                                                                                                                                                                                                                                                                                                                                                                                                                                                                                                                                                                                                                                                                                                                                                                                                                                                                                                                                                                                                                                                                                                                                                                                                                                                                                                                                                                                                                                                                                                                                                                                                                                                                                                                                                                                                                                                                                                                                                                                                                                                                                                                                                                                                                                                                                                                                                                                                                                                                                                                                                                                                                                                                                                                                                                                                                                                                                                                                                                                                                                                                                                                                                                                                                                                                                                                                                                                                                                                                                                                                                                                                                                                                                                                                                                                                                                                                                                                                                                                                                                                                                                                                                                                                                                                                                                                                                                                                                                                                                                                                                                                                                                                                                                                                                                                                                                                                                                                                                                                                                                                                                                                                                                                                                                                                                                                                                                                                                                                                                                                                                                                                                                                                                                                                                                                                                                                                                                                                                                                                                                                                                                                                                                                                                                                                                                                                                                                                                                                                                                                                                                                                                                                                                                                                                                                                                                                                                                                                                                                                                                                                                                                                                                                                                                                                                                                                                                                                                                                                                                                                                                                                                                                                                                                                                                                                                                                                                                                                                                                                                                                                                                                                                                                                                                                                                                                                                                                                                                                                                                                                                                                                                                                                                                                                                                                                                                                                                                                                                                                                                                                                                                                                                                                                                                                                                                                                                                                                                                                                                                                                                                                                                                                                                                                                                                                                                                                                                                                                                                                                                                                                                                                                                                                                                                                                                                                                                                                                                                                                                                                                                                                                                                                                                                                                                                                                                                                                                                                                                                                                                                                                                                                                                                                                                                                                                                                                                                                                                                                                                                                                                                                                                                                                                                                                                                                                                                                                                                                                                                                                                                                                                                                                                                                                                                                                                                                                                                                                                                                                                                                                                                                                                                                                                                                                                                                                                                                                                                                                                                                                                                                                                                                                                                                                                                                                                                                                                                                                                                                                                                                                                                                                                                                                                                                                                                                                                                                                                                                                                                                                                                                                                                                                                                                                                                                                                                                                                                                                                                                                                                                                                                                                                                                                                                                                                                                                                                                                                                                                                                                                                                                                                                                                                                                                                                                                                                                                                                                                                                                                                                                                                                                                                                                                                                                                                                                                                                                                                                                                                                                                                                                                                                                                                                                                                                                                                                                                                                                                                                                                                                                                                                                                                                                                                                                                                                                                                                                                                                                                                                                                                                                                                                                                                                                                                                                                                                                                                                                                                                                                                                                                                                                                                                                                                                                                                                                                                                                                                                                                                                                                                                                                                                                                                                                                                                                                                                                                                                                                                                                                                                                                                                                                                                                                                                                                                                                                                                                                                                                                                                                                                                                                                                                                                                                                                                                                                                                                                                                                                                                                                                                                                                                                                                                                                                                                                                                                                                                                                                                                                                                                                                                                                                                                                                                                                                                                                                                                                                                                                                                                                                                                                                                                                                                                                                                                                                                                                                                                                                                                                                                                                                                                                                                                                                                                                                                                                                                                                                                                                                                                                                                                                                                                                                                                                                                                                                                                                                                                                                                                                                                                                                                                                                                                                                                                                                                                                                                                                                                                                                                                                                                                                                                                                                                                                                                                                                                                                                                                                                                                                                                                                                                                                                                                                                                                                                                                                                                                                                                                                                                                                                                                                                                                                                                                                                                                                                                                                                                                                                                                                                                                                                                                                                                                                                                                                                                                                                                                                                                                                                                                                                                                                                                                                                                                                                                                                                                                                                                                                                                                                                                                                                                                                                                                                                                                                                                                                                                                                                                                                                                                                                                                                                                                                                                                                                                                                                                                                                                                                                                                                                                                                                                                                                                                                                                                                                                                                                                                                                                                                                                                                                                                                                                                                                                                                                                                                                                                                                                                                                                                                                                                                                                                                                                                                                                                                                                                                                                                                                                                                                                                                                                                                                                                                                                                                                                                                                                                                                                                                                                                                                                                                                                                                                                                                                                                                                                                                                                                                                                                                                                                                                                                                                                                                                                                                                                                                                                                                                                                                                                                                                                                                                                                                                                                                                                                                                                                                                                                                                                                                                                                                                                                                                                                                                                                                                                                                                                                                                                                                                                                                                                                                                                                                                                                                                                                                                                                                                                                                                                                                                                                                                                                                                                                                                                                                                                                                                                                                                                                                                                                                                                                                                                                                                                                                                                                                                                                                                                                                                                                                                                                                                                                                                                                                                                                                                                                                                                                                                                                                                                                                                                                                                                                                                                                                                                                                                                                                                                                                                                                                                                                                                                                                                                                                                                                                                                                                                                                                                                                                                                                                                                                                                                                                                                                                                                                                                                                                                                                                                                                                                                                                                                                                                                                                                                                                                                                                                                                                                                                                                                                                                                                                                                                                                                                                                                                                                                                                                                                                                                                                                                                                                                                                                                                                                                                                                                                                                                                                                                                                                                                                                                                                                                                                                                                                                                                                                                                                                                                                                                                                                                                                                                                                                                                                                                                                                                                                                                                                                                                                                                                                                                                                                                                                                                                                                                                                                                                                                                                                                                                                                                                                                                                                                                                                                                                                                                                                                                                                                                                                                                                                                                                                                                                                                                                                                                                                                                                                                                                                                                                                                                                                                                                                                                                                                                                                                                                                                                                                                                                                                                                                                                                                                                                                                                                                                                                                                                                                                                                                                                                                                                                                                                                                                                                                                                                                                                                                                                                                                                                                                                                                                                                                                                                                                                                                                                                                                                                                                                                                                                                                                                                                                                                                                                                                                                                                                                                                                                                                                                                                                                                                                                                                                                                                                                                                                                                                                                                                                                                                                                                                                                                                                                                                                                                                                                                                                                                                                                                                                                                                                                                                                                                                                                                                                                                                                                                                                                                                                                                                                                                                                                                                                                                                                                                                                                                                                                                                                                                                                                                                                                                                                                                                                                                                                                                                                                                                                                                                                                                                                                                                                                                                                                                                                                                                                                                                                                                                                                                                                                                                                                                                                                                                                                                                                                                                                                                                                                                                                                                                                                                                                                                                                                                                                                                                                                                                                                                                                                                                                                                                                                                                                                                                                                                                                                                                                                                                                                                                                                                                                                                                                                                                                                                                                                                                                                                                                                                                                                                                                                                                                                                                                                                                                                                                                                                                                                                                                                                                                                                                                                                                                                                                                                                                                                                                                                                                                                                                                                                                                                                                                                                                                                                                                                                                                                                                                                                                                                                                                                                                                                                                                                                                                                                                                                                                                                                                                                                                                                                                                                                                                                                                                                                                                                                                                                                                                                                                                                                                                                                                                                                                                                                                                                                                                                                                                                                                                                                                                                                                                                                                                                                                                                                                                                                                                                                                                                                                                                                                                                                                                                                                                                                                                                                                                                                                                                                                                                                                                                                                                                                                                                                                                                                                                                                                                                                                                                                                                                                                                                                                                                                                                                                                                                                                                                                                                                                                                                                                                                                                                                                                                                                                                                                                                                                                                                                                                                                                                                                                                                                                                                                                                                                                                                                                                                                                                                                                                                                                                                                                                                                                                                                                                                                                                                                                                                                                                                                                                                                                                                                                                                                                                                                                                                                                                                                                                                                                                                                                                                                                                                                                                                                                                                                                                                                                                                                                                                                                                                                                                                                                                                                                                                                                                                                                                                                                                                                                                                                                                                                                                                                                                                                                                                                                                                                                                                                                                                                                                                                                                                                                                                                                                                                                                                                                                                                                                                                                                                                                                                                                                                                                                                                                                                                                                                                                                                                                                                                                                                                                                                                                                                                                                                                                                                                                                                                                                                                                                                                                                                                                                                                                                                                                                                                                                                                                                                                                                                                                                                                                                                                                                                                                                                                                                                                                                                                                                                                                                                                                                                                                                                                                                                                                                                                                                                                                                                                                                                                                                                                                                                                                                                                                                                                                                                                                                                                                                                                                                                                                                                                                                                                                                                                                                                                                                                                                                                                                                                                                                                                                                                                                                                                                                                                                                                                                                                                                                                                                                                                                                                                                                                                                                                                                                                                                                                                                                                                                                                                                                                                                                                                                                                                                                                                                                                                                                                                                                                                                                                                                                                                                                                                                                                                                                                                                                                                                                                                                                                                                                                                                                                                                                                                                                                                                                                                                                                                                                                                                                                                                                                                                                                                                                                                                                                                                                                                                                                                                                                                                                                                                                                                                                                                                                                                                                                                                                                                                                                                                                                                                                                                                                                                                                                                                                                                                                                                                                                                                                                                                                                                                                                                                                                                                                                                                                                                                                                                                                                                                                                                                                                                                                                                                                                                                                                                                                                                                                                                                                                                                                                                                                                                                                                                                                                                                                                                                                                                                                                                                                                                                                                                                                                                                                                                                                                                                                                                                                                                                                                                                                                                                                                                                                                                                                                                                                                                                                                                                                                                                                                                                                                                                                                                                                                                                                                                                                                                                                                                                                                                                                                                                                                                                                                                                                                                                                                                                                                                                                                                                                                                                                                                                                                                                                                                                                                                                                                                                                                                                                                                                                                                                                                                                                                                                                                                                                                                                                                                                                                                                                                                                                                                                                                                                                                                                                                                                                                                                                                                                                                                                                                                                                                                                                                                                                                                                                                                                                                                                                                                                                                                                                                                                                                                                                                                                                                                                                                                                                                                                                                                                                                                                                                                                                                                                                                                                                                                                                                                                                                                                                                                                                                                                                                                                                                                                                                                                                                                                                                                                                                                                                                                                                                                                                                                                                                                                                                                                                                                                                                                                                                                                                                                                                                                                                                                                                                                                                                                                                                                                                                                                                                                                                                                                                                                                                                                                                                                                                                                                                                                                                                                                                                                                                                                                                                                                                                                                                                                                                                                                                                                                                                                                                                                                                                                                                                                                                                                                                                                                                                                                                                                                                                                                                                                                                                                                                                                                                                                                                                                                                                                                                                                                                                                                                                                                                                                                                                                                                                                                                                                                                                                                                                                                                                                                                                                                                                                                                                                                                                                                                                                                                                                                                                                                                                                                                                                                                                                                                                                                                                                                                                                                                                                                                                                                                                                                                                                                                                                                                                                                                                                                                                                                                                                                                                                                                                                                                                                                                                                                                                                                                                                                                                                                                                                                                                                                                                                                                                                                                                                                                                                                                                                                                                                                                                                                                                                                                                                                                                                                                                                                                                                                                                                                                                                                                                                                                                                                                                                                                                                                                                                                                                                                                                                                                                                                                                                                                                                                                                                                                                                                                                                                                                                                                                                                                                                                                                                                                                                                                                                                                                                                                                                                                                                                                                                                                                                                                                                                                                                                                                                                                                                                                                                                                                                                                                                                                                                                                                                                                                                                                                                                                                                                                                                                                                                                                                                                                                                                                                                                                                                                                                                                                                                                                                                                                                                                                                                                                                                                                                                                                                                                                                                                                                                                                                                                                                                                                                                                                                                                                                                                                                                                                                                                                                                                                                                                                                                                                                                                                                                                                                                                                                                                                                                                                                                                                                                                                                                                                                                                                                                                                                                                                                                                                                                                                                                                                                                                                                                                                                                                                                                                                                                                                                                                                                                                                                                                                                                                                                                                                                                                                                                                                                                                                                                                                                                                                                                                                                                                                                                                                                                                                                                                                                                                                                                                                                                                                                                                                                                                                                                                                                                                                                                                                                                                                                                                                                                                                                                                                                                                                                                                                                                                                                                                                                                                                                                                                                                                                                                                                                                                                                                                                                                                                                                                                                                                                                                                                                                                                                                                                                                                                                                                                                                                                                                                                                                                                                                                                                                                                                                                                                                                                                                                                                                                                                                                                                                                                                                                                                                                                                                                                                                                                                                                                                                                                                                                                                                                                                                                                                                                                                                                                                                                                                                                                                                                                                                                                                                                                                                                                                                                                                                                                                                                                                                                                                                                                                                                                                                                                                                                                                                                                                                                                                                                                                                                                                                                                                                                                                                                                                                                                                                                                                                                                                                                                                                                                                                                                                                                                                                                                                                                                                                                                                                                                                                                                                                                                                                                                                                                                                                                                                                                                                                                                                                                                                                                                                                                                                                                                                                                                                                                                                                                                                                                                                                                                                                                                                                                                                                                                                                                                                                                                                                                                                                                                                                                                                                                                                                                                                                                                                                                                                                                                                                                                                                                                                                                                                                                                                                                                                                                                                                                                                                                                                                                                                                                                                                                                                                                                                                                                                                                                                                                                                                                                                                                                                                                                                                                                                                                                                                                                                                                                                                                                                                                                                                                                                                                                                                                                                                                                                                                                                                                                                                                                                                                                                                                                                                                                                                                                                                                                                                                                                                                                                                                                                                                                                                                                                                                                                                                                                                                                                                                                                                                                                                                                                                                                                                                                                                                                                                                                                                                                                                                                                                                                                                                                                                                                                                                                                                                                                                                                                                                                                                                                                                                                                                                                                                                                                                                                                                                                                                                                                                                                                                                                                                                                                                                                                                                                                                                                                                                                                                                                                                                                                                                                                                                                                                                                                                                                                                                                                                                                                                                                                                                                                                                                                                                                                                                                                                                                                                                                                                                                                                                                                                                                                                                                                                                                                                                                                                                                                                                                                                                                                                                                                                                                                                                                                                                                                                                                                                                                                                                                                                                                                                                                                                                                                                                                                                                                                                                                                                                                                                                                                                                                                                                                                                                                                                                                                                                                                                                                                                                                                                                                                                                                                                                                                                                                                                                                                                                                                                                                                                                                                                                                                                                                                                                                                                                                                                                                                                                                                                                                                                                                                                                                                                                                                                                                                                                                                                                                                                                                                                                                                                                                                                                                                                                                                                                                                                                                                                                                                                                                                                                                                                                                                                                                                                                                                                                                                                                                                                                                                                                                                                                                                                                                                                                                                                                                                                                                                                                                                                                                                                                                                                                                                                                                                                                                                                                                                                                                                                                                                                                                                                                                                                                                                                                                                                                                                                                                                                                                                                                                                                                                                                                                                                                                                                                                                                                                                                                                                                                                                                                                                                                                                                                                                                                                                                                                                                                                                                                                                                                                                                                                                                                                                                                                                                                                                                                                                                                                                                                                                                                                                                                                                                                                                                                                                                                                                                                                                                                                                                                                                                                                                                                                                                                                                                                                                                                                                                                                                                                                                                                                                                                                                                                                                                                                                                                                                                                                                                                                                                                                                                                                                                                                                                                                                                                                                                                                                                                                                                                                                                                                                                                                                                                                                                                                                                                                                                                                                                                                                                                                                                                                                                                                                                                                                                                                                                                                                                                                                                                                                                                                                                                                                                                                                                                                                                                                                                                                                                                                                                                                                                                                                                                                                                                                                                                                                                                                                                                                                                                                                                                                                                                                                                                                                                                                                                                                                                                                                                                                                                                                                                                                                                                                                                                                                                                                                                                                                                                                                                                                                                                                                                                                                                                                                                                                                                                                                                                                                                                                                                                                                                                                                                                                                                                                                                                                                                                                                                                                                                                                                                                                                                                                                                                                                                                                                                                                                                                                                                                                                                                                                                                                                                                                                                                                                                                                                                                                                                                                                                                                                                                                                                                                                                                                                                                                                                                                                                                                                                                                                                                                                                                                                                                                                                                                                                                                                                                                                                                                                                                                                                                                                                                                                                                                                                                                                                                                                                                                                                                                                                                                                                                                                                                                                                                                                                                                                                                                                                                                                                                                                                                                                                                                                                                                                                                                                                                                                                                                                                                                                                                                                                                                                                                                                                                                                                                                                                                                                                                                                                                                                                                                                                                                                                                                                                                                                                                                                                                                                                                                                                                                                                                                                                                                                                                                                                                                                                                                                                                                                                                                                                                                                                                                                                                                                                                                                                                                                                                                                                                                                                                                                                                                                                                                                                                                                                                                                                                                                                                                                                                                                                                                                                                                                                                                                                                                                                                                                                                                                                                                                                                                                                                                                                                                                                                                                                                                                                                                                                                                                                                                                                                                                                                                                                                                                                                                                                                                                                                                                                                                                                                                                                                                                                                                                                                                                                                                                                                                                                                                                                                                                                                                                                                                                                                                                                                                                                                                                                                                                                                                                                                                                                                                                                                                                                                                                                                                                                                                                                                                                                                                                                                                                                                                                                                                                                                                                                                                                                                                                                                                                                                                                                                                                                                                                                                                                                                                                                                                                                                                                                                                                                                                                                                                                                                                                                                                                                                                                                                                                                                                                                                                                                                                                                                                                                                                                                                                                                                                                                                                                                                                                                                                                                                                                                                                                                                                                                                                                                                                                                                                                                                                                                                                                                                                                                                                                                                                                                                                                                                                                                                                                                                                                                                                                                                                                                                                                                                                                                                                                                                                                                                                                                                                                                                                                                                                                                                                                                                                                                                                                                                                                                                                                                                                                                                                                                                                                                                                                                                                                                                                                                                                                                                                                                                                                                                                                                                                                                                                                                                                                                                                                                                                                                                                                                                                                                                                                                                                                                                                                                                                                                                                                                                                                                                                                                                                                                                                                                                                                                                                                                                                                                                                                                                                                                                                                                                                                                                                                                                                                                                                                                                                                                                                                                                                                                                                                                                                                                                                                                                                                                                                                                                                                                                                                                                                                                                                                                                                                                                                                                                                                                                                                                                                                                                                                                                                                                                                                                                                                                                                                                                                                                                                                                                                                                                                                                                                                                                                                                                                                                                                                                                                                                                                                                                                                                                                                                                                                                                                                                                                                                                                                                                                                                                                                                                                                                                                                                                                                                                                                                                                                                                                                                                                                                                                                                                                                                                                                                                                                                                                                                                                                                                                                                                                                                                                                                                                                                                                                                                                                                                                                                                                                                                                                                                                                                                                                                                                                                                                                                                                                                                                                                                                                                                                                                                                                                                                                                                                                                                                                                                                                                                                                                                                                                                                                                                                                                                                                                                                                                                                                                                                                                                                                                                                                                                                                                                                                                                                                                                                                                                                                                                                                                                                                                                                                                                                                                                                                                                                                                                                                                                                                                                                                                                                                                                                                                                                                                                                                                                                                                                                                                                                                                                                                                                                                                                                                                                                                                                                                                                                                                                                                                                                                                                                                                                                                                                                                                                                                                                                                                                                                                                                                                                                                                                                                                                                                                                                                                                                                                                                                                                                                                                                                                                                                                                                                                                                                                                                                                                                                                                                                                                                                                                                                                                                                                                                                                                                                                                                                                                                                                                                                                                                                                                                                                                                                                                                                                                                                                                                                                                                                                                                                                                                                                                                                                                                                                                                                                                                                                                                                                                                                                                                                                                                                                                                                                                                                                                                                                                                                                                                                                                                                                                                                                                                                                                                                                                                                                                                                                                                                                                                                                                                                                                                                                                                                                                                                                                                                                                                                                                                                                                                                                                                                                                                                                                                                                                                                                                                                                                                                                                                                                                                                                                                                                                                                                                                                                                                                                                                                                                                                                                                                                                                                                                                                                                                                                                                                                                                                                                                                                                                                                                                                                                                                                                                                                                                                                                                                                                                                                                                                                                                                                                                                                                                                                                                                                                                                                                                                                                                                                                                                                                                                                                                                                                                                                                                                                                                                                                                                                                                                                                                                                                                                                                                                                                                                                                                                                                                                                                                                                                                                                                                                                                                                                                                                                                                                                                                                                                                                                                                                                                                                                                                                                                                                                                                                                                                                                                                                                                                                                                                                                                                                                                                                                                                                                                                                                                                                                                                                                                                                                                                                                                                                                                                                                                                                                                                                                                                                                                                                                                                                                                                                                                                                                                                                                                                                                                                                                                                                                                                                                                                                                                                                                                                                                                                                                                                                                                                                                                                                                                                                                                                                                                                                                                                                                                                                                                                                                                                                                                                                                                                                                                                                                                                                                                                                                                                                                                                                                                                                                                                                                                                                                                                                                                                                                                                                                                                                                                                                                                                                                                                                                                                                                                                                                                                                                                                                                                                                                                                                                                                                                                                                                                                                                                                                                                                                                                                                                                                                                                                                                                                                                                                                                                                                                                                                                                                                                                                                                                                                                                                                                                                                                                                                                                                                                                                                                                                                                                                                                                                                                                                                                                                                                                                                                                                                                                                                                                                                                                                                                                                                                                                                                                                                                                                                                                                                                                                                                                                                                                                                                                                                                                                                                                                                                                                                                                                                                                                                                                                                                                                                                                                                                                                                                                                                                                                                                                                                                                                                                                                                                                                                                                                                                                                                                                                                                                                                                                                                                                                                                                                                                                                                                                                                                                                                                                                                                                                                                                                                                                                                                                                                                                                                                                                                                                                                                                                                                                                                                                                                                                                                                                                                                                                                                                                                                                                                                                                                                                                                                                                                                                                                                                                                                                                                                                                                                                                                                                                                                                                                                                                                                                                                                                                                                                                                                                                                                                                                                                                                                                                                                                                                                                                                                                                                                                                                                                                                                                                                                                                                                                                                                                                                                                                                                                                       0,0,0,0,14.62851333618164,21.05664825439453,9.876983642578125
0,0,0,0,14.62860107421875,21.05657958984375,9.876998901367188
0,0,0,0,14.628671646118164,21.056415557861328,9.876991271972656
0,0,0,0,14.628721237182617,21.056259155273438,9.876945495605469
0,0,0,0,14.62867259979248,21.056089401245117,9.8768310546875
0,0,0,0,14.628664016723633,21.055814743041992,9.87664794921875
0,0,0,0,14.628586769104004,21.05561065673828,9.876518249511719
0,0,0,0,14.628622055053711,21.05537223815918,9.876373291015625
0,0,0,0,14.628610610961914,21.0551700592041,9.876228332519531
0,0,0,0,14.6287260055542,21.05497932434082,9.876182556152344
0,0,0,0,14.6287841796875,21.054853439331055,9.876152038574219
0,0,0,0,14.629009246826172,21.054595947265625,9.876136779785156
0,0,0,0,14.629104614257812,21.054475784301758,9.876129150390625
0,0,0,0,14.629271507263184,21.0543155670166,9.876113891601562
0,0,0,0,14.629439353942871,21.05425262451172,9.876121520996094
0,0,0,0,14.629613876342773,21.054174423217773,9.876144409179688
0,0,0,0,14.629773139953613,21.05417251586914,9.876205444335938
0,0,0,0,14.6300048828125,21.054126739501953,9.876319885253906
0,0,0,0,14.630208969116211,21.054115295410156,9.876434326171875
0,0,0,0,14.630399703979492,21.05408477783203,9.876541137695312
0,0,0,0,14.630698204040527,21.054058074951172,9.876693725585938
0,0,0,0,14.63089370727539,21.05406951904297,9.876800537109375
0,0,0,0,14.631171226501465,21.054079055786133,9.87689208984375
0,0,0,0,14.631412506103516,21.054180145263672,9.877021789550781
0,0,0,0,14.631660461425781,21.054229736328125,9.877151489257812
0,0,0,0,14.631807327270508,21.054397583007812,9.877311706542969
0,0,0,0,14.63207721710205,21.054636001586914,9.877555847167969
0,0,0,0,14.632147789001465,21.054889678955078,9.877784729003906
0,0,0,0,14.632262229919434,21.05507469177246,9.878082275390625
0,0,0,0,14.632257461547852,21.055418014526367,9.87860107421875
0,0,0,0,14.632270812988281,21.055635452270508,9.879058837890625
0,0,0,0,14.632179260253906,21.055940628051758,9.879608154296875
0,0,0,0,14.632054328918457,21.056303024291992,9.880363464355469
0,0,0,0,14.63192081451416,21.056636810302734,9.88092041015625
0,0,0,0,14.631813049316406,21.056928634643555,9.8814697265625
0,0,0,0,14.6317138671875,21.057395935058594,9.882164001464844
0,0,0,0,14.631599426269531,21.05772590637207,9.882644653320312
0,0,0,0,14.631519317626953,21.058053970336914,9.883079528808594
0,0,0,0,14.63139820098877,21.0584716796875,9.883628845214844
0,0,0,0,14.63137149810791,21.058725357055664,9.884010314941406
0,0,0,0,14.631251335144043,21.05901336669922,9.884376525878906
0,0,0,0,14.631219863891602,21.059322357177734,9.88482666015625
0,0,0,0,14.63113784790039,21.059572219848633,9.885147094726562
0,0,0,0,14.63117504119873,21.059722900390625,9.885520935058594
0,0,0,0,14.631131172180176,21.059953689575195,9.886016845703125
0,0,0,0,14.631169319152832,21.06000518798828,9.886367797851562
0,0,0,0,14.631120681762695,21.06009292602539,9.88665771484375
0,0,0,0,14.631109237670898,21.060060501098633,9.886985778808594
0,0,0,0,14.631070137023926,21.060068130493164,9.887130737304688
0,0,0,0,14.631067276000977,21.059999465942383,9.887237548828125
0,0,0,0,14.63104248046875,21.05995750427246,9.887336730957031
0,0,0,0,14.630988121032715,21.059871673583984,9.88739013671875
0,0,0,0,14.630948066711426,21.059772491455078,9.887435913085938
0,0,0,0,14.630850791931152,21.05960464477539,9.887489318847656
0,0,0,0,14.630809783935547,21.059404373168945,9.887496948242188
0,0,0,0,14.630714416503906,21.059326171875,9.887474060058594
0,0,0,0,14.630691528320312,21.05913734436035,9.887428283691406
0,0,0,0,14.630603790283203,21.058988571166992,9.887359619140625
0,0,0,0,14.630622863769531,21.05872344970703,9.887260437011719
0,0,0,0,14.63058853149414,21.05841064453125,9.88714599609375
0,0,0,0,14.630668640136719,21.058134078979492,9.887069702148438
0,0,0,0,14.630640029907227,21.057937622070312,9.88702392578125
0,0,0,0,14.63071346282959,21.057601928710938,9.886978149414062
0,0,0,0,14.630744934082031,21.057390213012695,9.886955261230469
0,0,0,0,14.63082504272461,21.057119369506836,9.886932373046875
0,0,0,0,14.630843162536621,21.056873321533203,9.886878967285156
0,0,0,0,14.630816459655762,21.056671142578125,9.886802673339844
0,0,0,0,14.630762100219727,21.056533813476562,9.886703491210938
0,0,0,0,14.630690574645996,21.05630111694336,9.886566162109375
0,0,0,0,14.6306791305542,21.056116104125977,9.886405944824219
0,0,0,0,14.630619049072266,21.055917739868164,9.886199951171875
0,0,0,0,14.630578994750977,21.055662155151367,9.885826110839844
0,0,0,0,14.630461692810059,21.055530548095703,9.885467529296875
0,0,0,0,14.630461692810059,21.055391311645508,9.885055541992188
0,0,0,0,14.630358695983887,21.055246353149414,9.884437561035156
0,0,0,0,14.63034439086914,21.055078506469727,9.883979797363281
0,0,0,0,14.630248069763184,21.054969787597656,9.883499145507812
0,0,0,0,14.63027572631836,21.05475616455078,9.882904052734375
0,0,0,0,14.630239486694336,21.0546875,9.882514953613281
0,0,0,0,14.630267143249512,21.0545597076416,9.882102966308594
0,0,0,0,14.630192756652832,21.05447006225586,9.881500244140625
0,0,0,0,14.630166053771973,21.05434799194336,9.880973815917969
0,0,0,0,14.630083084106445,21.054283142089844,9.88043212890625
0,0,0,0,14.629976272583008,21.054174423217773,9.879730224609375
0,0,0,0,14.62984848022461,21.05417823791504,9.879203796386719
0,0,0,0,14.629654884338379,21.054224014282227,9.878707885742188
0,0,0,0,14.62939739227295,21.05437660217285,9.878150939941406
0,0,0,0,14.62913990020752,21.054590225219727,9.877792358398438
0,0,0,0,14.62896728515625,21.054851531982422,9.877494812011719
0,0,0,0,14.628671646118164,21.055294036865234,9.877143859863281
0,0,0,0,14.62853717803955,21.055622100830078,9.87689208984375
0,0,0,0,14.628302574157715,21.056081771850586,9.876640319824219
0,0,0,0,14.628166198730469,21.056713104248047,9.876312255859375
0,0,0,0,14.628047943115234,21.057260513305664,9.876068115234375
0,0,0,0,14.628060340881348,21.057722091674805,9.8758544921875
0,0,0,0,14.627963066101074,21.05845832824707,9.8756103515625
0,0,0,0,14.62792682647705,21.0589542388916,9.87548828125
0,0,0,0,14.627824783325195,21.059539794921875,9.875396728515625
0,0,0,0,14.627766609191895,21.060300827026367,9.875335693359375
0,0,0,0,14.627691268920898,21.060945510864258,9.875350952148438
0,0,0,0,14.627596855163574,21.06157684326172,9.875434875488281
0,0,0,0,14.627458572387695,21.062467575073242,9.875617980957031
0,0,0,0,14.627310752868652,21.063106536865234,9.875778198242188
0,0,0,0,14.627209663391113,21.063711166381836,9.875930786132812
0,0,0,0,14.627006530761719,21.06452751159668,9.876182556152344
0,0,0,0,14.62690258026123,21.06511688232422,9.876396179199219
0,0,0,0,14.626704216003418,21.06572914123535,9.876625061035156
0,0,0,0,14.626519203186035,21.066463470458984,9.876998901367188
0,0,0,0,14.626306533813477,21.06706428527832,9.877349853515625
0,0,0,0,14.62619400024414,21.067594528198242,9.877731323242188
0,0,0,0,14.625913619995117,21.068347930908203,9.878288269042969
0,0,0,0,14.625778198242188,21.068805694580078,9.878715515136719
0,0,0,0,14.62557315826416,21.069316864013672,9.879158020019531
0,0,0,0,14.62535285949707,21.069860458374023,9.879707336425781
0,0,0,0,14.62515640258789,21.07029914855957,9.880119323730469
0,0,0,0,14.624979019165039,21.070661544799805,9.880531311035156
0,0,0,0,14.624724388122559,21.07115364074707,9.881057739257812
0,0,0,0,14.624520301818848,21.07148551940918,9.881439208984375
0,0,0,0,14.624321937561035,21.071792602539062,9.881813049316406
0,0,0,0,14.624015808105469,21.072118759155273,9.882339477539062
0,0,0,0,14.623835563659668,21.072317123413086,9.882774353027344
0,0,0,0,14.623565673828125,21.072479248046875,9.883224487304688
0,0,0,0,14.623303413391113,21.072635650634766,9.88385009765625
0,0,0,0,14.623044967651367,21.072765350341797,9.884323120117188
0,0,0,0,14.622899055480957,21.072818756103516,9.884765625
0,0,0,0,14.622574806213379,21.072898864746094,9.885330200195312
0,0,0,0,14.62243938446045,21.0728702545166,9.8857421875
0,0,0,0,14.622221946716309,21.072908401489258,9.886138916015625
0,0,0,0,14.62206745147705,21.072805404663086,9.8865966796875
0,0,0,0,14.621905326843262,21.072751998901367,9.886886596679688
0,0,0,0,14.621831893920898,21.072620391845703,9.887130737304688
0,0,0,0,14.621688842773438,21.072511672973633,9.887428283691406
0,0,0,0,14.621604919433594,21.072399139404297,9.887626647949219
0,0,0,0,14.621541976928711,21.07233428955078,9.887786865234375
0,0,0,0,14.621459007263184,21.072216033935547,9.887908935546875
0,0,0,0,14.621421813964844,21.072179794311523,9.887916564941406
0,0,0,0,14.621356010437012,21.072179794311523,9.887870788574219
0,0,0,0,14.621313095092773,21.072189331054688,9.887710571289062
0,0,0,0,14.621200561523438,21.072221755981445,9.887489318847656
0,0,0,0,14.621155738830566,21.07220458984375,9.88720703125
0,0,0,0,14.620963096618652,21.072216033935547,9.886749267578125
0,0,0,0,14.620893478393555,21.072181701660156,9.886360168457031
0,0,0,0,14.620747566223145,21.072237014770508,9.885940551757812
0,0,0,0,14.620696067810059,21.072269439697266,9.885360717773438
0,0,0,0,14.62060832977295,21.072383880615234,9.884933471679688
0,0,0,0,14.620625495910645,21.072425842285156,9.884506225585938
0,0,0,0,14.620593070983887,21.072566986083984,9.883949279785156
0,0,0,0,14.620614051818848,21.0726318359375,9.883560180664062
0,0,0,0,14.620600700378418,21.072784423828125,9.883216857910156
0,0,0,0,14.62060832977295,21.072973251342773,9.882820129394531
0,0,0,0,14.620634078979492,21.07317352294922,9.882553100585938
0,0,0,0,14.620641708374023,21.0733585357666,9.882308959960938
0,0,0,0,14.620708465576172,21.07362174987793,9.882087707519531
0,0,0,0,14.620758056640625,21.0738468170166,9.881988525390625
0,0,0,0,14.620966911315918,21.074085235595703,9.8819580078125
0,0,0,0,14.621249198913574,21.074447631835938,9.882095336914062
0,0,0,0,14.621649742126465,21.074695587158203,9.882469177246094
0,0,0,0,14.622320175170898,21.075164794921875,9.882957458496094
0,0,0,0,14.62486743927002,21.076509475708008,9.883636474609375
0,0,0,0,14.627066612243652,21.077573776245117,9.884017944335938
0,0,0,0,14.629740715026855,21.078704833984375,9.884391784667969
0,0,0,0,14.632854461669922,21.080059051513672,9.884696960449219
0,0,0,0,14.636513710021973,21.081520080566406,9.884933471679688
0,0,0,0,14.640625953674316,21.083192825317383,9.885086059570312
0,0,0,0,14.646866798400879,21.085556030273438,9.885154724121094
0,0,0,0,14.652046203613281,21.087562561035156,9.885162353515625
0,0,0,0,14.657681465148926,21.089675903320312,9.8851318359375
0,0,0,0,14.665925979614258,21.092849731445312,9.885093688964844
0,0,0,0,14.672709465026855,21.09548568725586,9.885047912597656
0,0,0,0,14.68010139465332,21.09836196899414,9.885017395019531
0,0,0,0,14.690892219543457,21.10255241394043,9.885108947753906
0,0,0,0,14.699880599975586,21.105985641479492,9.88519287109375
0,0,0,0,14.709500312805176,21.109722137451172,9.885299682617188
0,0,0,0,14.7235689163208,21.115081787109375,9.885406494140625
0,0,0,0,14.734870910644531,21.119478225708008,9.885490417480469
0,0,0,0,14.746953964233398,21.124073028564453,9.885581970214844
0,0,0,0,14.763965606689453,21.130695343017578,9.885688781738281
0,0,0,0,14.777531623840332,21.13591194152832,9.885749816894531
0,0,0,0,14.791632652282715,21.14142417907715,9.885833740234375
0,0,0,0,14.811387062072754,21.149072647094727,9.885940551757812
0,0,0,0,14.826815605163574,21.155153274536133,9.886024475097656
0,0,0,0,14.842827796936035,21.161422729492188,9.886085510253906
0,0,0,0,14.865015983581543,21.170236587524414,9.886138916015625
0,0,0,0,14.88229751586914,21.177162170410156,9.886146545410156
0,0,0,0,14.900182723999023,21.184419631958008,9.886138916015625
0,0,0,0,14.925000190734863,21.194555282592773,9.886123657226562
0,0,0,0,14.944466590881348,21.202571868896484,9.886054992675781
0,0,0,0,14.964594841003418,21.21101951599121,9.885948181152344
0,0,0,0,14.992746353149414,21.222915649414062,9.88568115234375
0,0,0,0,15.014808654785156,21.23237419128418,9.885383605957031
0,0,0,0,15.037863731384277,21.242229461669922,9.885002136230469
0,0,0,0,15.069892883300781,21.256160736083984,9.884422302246094
0,0,0,0,15.095100402832031,21.267126083374023,9.883934020996094
0,0,0,0,15.121169090270996,21.278648376464844,9.883392333984375
0,0,0,0,15.157548904418945,21.29467010498047,9.88262939453125
0,0,0,0,15.185942649841309,21.307329177856445,9.882095336914062
0,0,0,0,15.215388298034668,21.320383071899414,9.881553649902344
0,0,0,0,15.25610065460205,21.33858871459961,9.880821228027344
0,0,0,0,15.287765502929688,21.352750778198242,9.880294799804688
0,0,0,0,15.320379257202148,21.367443084716797,9.87982177734375
0,0,0,0,15.365330696105957,21.387771606445312,9.879249572753906
0,0,0,0,15.4002046585083,21.403602600097656,9.878868103027344
0,0,0,0,15.435996055603027,21.41989517211914,9.878585815429688
0,0,0,0,15.485213279724121,21.442350387573242,9.878326416015625
0,0,0,0,15.52308464050293,21.459745407104492,9.878196716308594
0,0,0,0,15.561881065368652,21.477523803710938,9.878105163574219
0,0,0,0,15.614839553833008,21.501901626586914,9.878067016601562
0,0,0,0,15.65560245513916,21.52059555053711,9.878120422363281
0,0,0,0,15.69711685180664,21.53974723815918,9.878265380859375
0,0,0,0,15.753807067871094,21.56572151184082,9.878639221191406
0,0,0,0,15.797120094299316,21.58563804626465,9.878997802734375
0,0,0,0,15.841239929199219,21.60580825805664,9.879409790039062
0,0,0,0,15.901056289672852,21.633289337158203,9.880088806152344
0,0,0,0,15.946660995483398,21.65418815612793,9.880661010742188
0,0,0,0,15.992770195007324,21.675416946411133,9.881263732910156
0,0,0,0,16.055099487304688,21.704071044921875,9.882164001464844
0,0,0,0,16.102418899536133,21.725881576538086,9.882850646972656
0,0,0,0,16.150188446044922,21.74790382385254,9.883506774902344
0,0,0,0,16.21458625793457,21.777650833129883,9.884346008300781
0,0,0,0,16.263286590576172,21.800180435180664,9.884956359863281
0,0,0,0,16.312419891357422,21.822845458984375,9.885581970214844
0,0,0,0,16.378353118896484,21.853302001953125,9.886436462402344
0,0,0,0,16.4282283782959,21.87624168395996,9.887100219726562
0,0,0,0,16.47827911376953,21.899328231811523,9.887771606445312
0,0,0,0,16.54551124572754,21.930164337158203,9.888671875
0,0,0,0,16.596126556396484,21.95344352722168,9.889335632324219
0,0,0,0,16.64706039428711,21.976726531982422,9.889968872070312
0,0,0,0,16.715181350708008,22.007911682128906,9.890769958496094
0,0,0,0,16.766538619995117,22.03127670288086,9.891304016113281
0,0,0,0,16.81797218322754,22.054729461669922,9.891822814941406
0,0,0,0,16.886837005615234,22.08591651916504,9.892494201660156
0,0,0,0,16.938631057739258,22.109357833862305,9.892967224121094
0,0,0,0,16.99053382873535,22.132755279541016,9.893417358398438
0,0,0,0,17.077213287353516,22.1717586517334,9.894073486328125
0,0,0,0,17.111892700195312,22.187335968017578,9.894302368164062
0,0,0,0,17.16404151916504,22.210662841796875,9.894599914550781
0,0,0,0,17.233579635620117,22.2416934967041,9.894889831542969
0,0,0,0,17.285818099975586,22.264867782592773,9.894989013671875
0,0,0,0,17.337970733642578,22.287992477416992,9.89501953125
0,0,0,0,17.4075927734375,22.318647384643555,9.89495849609375
0,0,0,0,17.459749221801758,22.341630935668945,9.894844055175781
0,0,0,0,17.511993408203125,22.36448860168457,9.894683837890625
0,0,0,0,17.58157730102539,22.394895553588867,9.894454956054688
0,0,0,0,17.63387107849121,22.41756820678711,9.894218444824219
0,0,0,0,17.686092376708984,22.44024658203125,9.893951416015625
0,0,0,0,17.755756378173828,22.47022247314453,9.893577575683594
0,0,0,0,17.807939529418945,22.492658615112305,9.893341064453125
0,0,0,0,17.860151290893555,22.514986038208008,9.893150329589844
0,0,0,0,17.929683685302734,22.544740676879883,9.892959594726562
0,0,0,0,17.981788635253906,22.56694984436035,9.892845153808594
0,0,0,0,18.033893585205078,22.58913230895996,9.892768859863281
0,0,0,0,18.103286743164062,22.61858367919922,9.892753601074219
0,0,0,0,18.155372619628906,22.64058494567871,9.892814636230469
0,0,0,0,18.207380294799805,22.662578582763672,9.892913818359375
0,0,0,0,18.27680015563965,22.69182777404785,9.893081665039062
0,0,0,0,18.328807830810547,22.713748931884766,9.893241882324219
0,0,0,0,18.38096046447754,22.735565185546875,9.893424987792969
0,0,0,0,18.450422286987305,22.76464080810547,9.893730163574219
0,0,0,0,18.502599716186523,22.786346435546875,9.894020080566406
0,0,0,0,18.554704666137695,22.80813980102539,9.894325256347656
0,0,0,0,18.62433624267578,22.837177276611328,9.894767761230469
0,0,0,0,18.676570892333984,22.85904312133789,9.895118713378906
0,0,0,0,18.728952407836914,22.88088607788086,9.895484924316406
0,0,0,0,18.798786163330078,22.91013526916504,9.89605712890625
0,0,0,0,18.851228713989258,22.932064056396484,9.896530151367188
0,0,0,0,18.903705596923828,22.954063415527344,9.897003173828125
0,0,0,0,18.973758697509766,22.983421325683594,9.897659301757812
0,0,0,0,19.02640151977539,23.005544662475586,9.898155212402344
0,0,0,0,19.079076766967773,23.027738571166992,9.898666381835938
0,0,0,0,19.14948844909668,23.057453155517578,9.899345397949219
0,0,0,0,19.20233154296875,23.0798282623291,9.899864196777344
0,0,0,0,19.25528907775879,23.102191925048828,9.900421142578125
0,0,0,0,19.32588768005371,23.132068634033203,9.90118408203125
0,0,0,0,19.378971099853516,23.1544246673584,9.901771545410156
0,0,0,0,19.43193244934082,23.176849365234375,9.90240478515625
0,0,0,0,19.520244598388672,23.214187622070312,9.903564453125
0,0,0,0,19.55555534362793,23.229169845581055,9.904060363769531
0,0,0,0,19.60858154296875,23.2515869140625,9.904823303222656
0,0,0,0,19.679218292236328,23.281583786010742,9.905838012695312
0,0,0,0,19.73224639892578,23.304012298583984,9.9066162109375
0,0,0,0,19.78521156311035,23.326480865478516,9.907386779785156
0,0,0,0,19.85584259033203,23.356369018554688,9.908432006835938
0,0,0,0,19.908781051635742,23.37879753112793,9.909217834472656
0,0,0,0,19.9616756439209,23.401153564453125,9.910003662109375
0,0,0,0,20.032207489013672,23.430906295776367,9.911087036132812
0,0,0,0,20.08504867553711,23.453197479248047,9.911918640136719
0,0,0,0,20.137941360473633,23.4754695892334,9.912765502929688
0,0,0,0,20.2083797454834,23.505149841308594,9.913909912109375
0,0,0,0,20.26129722595215,23.527362823486328,9.914764404296875
0,0,0,0,20.314098358154297,23.549602508544922,9.915596008300781
0,0,0,0,20.384601593017578,23.579145431518555,9.916717529296875
0,0,0,0,20.437381744384766,23.601354598999023,9.917610168457031
0,0,0,0,20.490236282348633,23.62344741821289,9.91851806640625
0,0,0,0,20.560546875,23.65290641784668,9.919792175292969
0,0,0,0,20.613306045532227,23.67490577697754,9.920822143554688
0,0,0,0,20.66596794128418,23.696935653686523,9.921920776367188
0,0,0,0,20.73617935180664,23.726173400878906,9.923446655273438
0,0,0,0,20.788772583007812,23.748123168945312,9.924659729003906
0,0,0,0,20.84133529663086,23.7700138092041,9.925949096679688
0,0,0,0,20.91135025024414,23.799198150634766,9.927772521972656
0,0,0,0,20.963764190673828,23.82103729248047,9.929214477539062
0,0,0,0,21.016159057617188,23.842838287353516,9.930686950683594
0,0,0,0,21.0859375,23.87181854248047,9.932785034179688
0,0,0,0,21.138347625732422,23.893510818481445,9.934440612792969
0,0,0,0,21.190671920776367,23.915191650390625,9.936172485351562
0,0,0,0,21.260576248168945,23.94398307800293,9.938529968261719
0,0,0,0,21.312973022460938,23.965560913085938,9.9403076171875
0,0,0,0,21.365488052368164,23.98704719543457,9.942100524902344
0,0,0,0,21.43537712097168,24.015729904174805,9.944465637207031
0,0,0,0,21.48784065246582,24.037158966064453,9.946212768554688
0,0,0,0,21.540203094482422,24.058639526367188,9.947921752929688
0,0,0,0,21.610044479370117,24.08718490600586,9.95013427734375
0,0,0,0,21.66236686706543,24.10865020751953,9.951713562011719
0,0,0,0,21.71471405029297,24.130043029785156,9.953208923339844
0,0,0,0,21.784475326538086,24.158681869506836,9.955093383789062
0,0,0,0,21.83683967590332,24.180164337158203,9.9564208984375
0,0,0,0,21.8892822265625,24.20171356201172,9.957649230957031
0,0,0,0,21.95924949645996,24.23048210144043,9.959175109863281
0,0,0,0,22.011798858642578,24.252090454101562,9.960212707519531
0,0,0,0,22.064254760742188,24.27375030517578,9.961174011230469
0,0,0,0,22.134254455566406,24.302698135375977,9.962310791015625
0,0,0,0,22.18669891357422,24.324487686157227,9.963104248046875
0,0,0,0,22.239267349243164,24.346240997314453,9.963821411132812
0,0,0,0,22.309247970581055,24.37529182434082,9.9647216796875
0,0,0,0,22.36176109313965,24.396989822387695,9.965278625488281
0,0,0,0,22.414142608642578,24.41873550415039,9.965690612792969
0,0,0,0,22.483854293823242,24.447551727294922,9.966026306152344
0,0,0,0,22.53578758239746,24.469057083129883,9.96612548828125
0,0,0,0,22.58742332458496,24.490306854248047,9.966117858886719
0,0,0,0,22.65548324584961,24.518430709838867,9.965972900390625
0,0,0,0,22.70588493347168,24.539230346679688,9.965766906738281
0,0,0,0,22.75560188293457,24.55979347229004,9.965461730957031
0,0,0,0,22.820676803588867,24.586631774902344,9.964912414550781
0,0,0,0,22.86844825744629,24.606298446655273,9.96441650390625
0,0,0,0,22.9151554107666,24.62556266784668,9.963859558105469
0,0,0,0,22.975833892822266,24.650550842285156,9.96307373046875
0,0,0,0,23.01997184753418,24.668746948242188,9.962448120117188
0,0,0,0,23.063016891479492,24.68641471862793,9.961837768554688
0,0,0,0,23.118364334106445,24.709291458129883,9.961036682128906
0,0,0,0,23.158458709716797,24.72579002380371,9.960456848144531
0,0,0,0,23.1971492767334,24.741836547851562,9.959884643554688
0,0,0,0,23.246816635131836,24.762340545654297,9.95916748046875
0,0,0,0,23.282445907592773,24.777143478393555,9.958648681640625
0,0,0,0,23.316823959350586,24.79131507873535,9.958168029785156
0,0,0,0,23.360502243041992,24.809484481811523,9.9576416015625
0,0,0,0,23.39180564880371,24.822423934936523,9.957443237304688
0,0,0,0,23.422100067138672,24.83478546142578,9.95733642578125
0,0,0,0,23.46136474609375,24.850107192993164,9.957290649414062
0,0,0,0,23.489891052246094,24.860918045043945,9.957344055175781
0,0,0,0,23.517555236816406,24.871129989624023,9.957511901855469
0,0,0,0,23.553180694580078,24.883827209472656,9.957862854003906
0,0,0,0,23.578941345214844,24.89267349243164,9.95819091796875
0,0,0,0,23.60396385192871,24.90096092224121,9.958564758300781
0,0,0,0,23.63603401184082,24.911191940307617,9.959129333496094
0,0,0,0,23.659305572509766,24.918190002441406,9.959609985351562
0,0,0,0,23.681791305541992,24.92472267150879,9.960090637207031
0,0,0,0,23.710880279541016,24.932600021362305,9.960731506347656
0,0,0,0,23.731914520263672,24.93796157836914,9.961196899414062
0,0,0,0,23.752487182617188,24.942750930786133,9.961639404296875
0,0,0,0,23.779048919677734,24.948484420776367,9.962211608886719
0,0,0,0,23.798566818237305,24.952180862426758,9.962623596191406
0,0,0,0,23.817697525024414,24.955463409423828,9.962989807128906
0,0,0,0,23.842863082885742,24.9589900970459,9.96343994140625
0,0,0,0,23.861459732055664,24.961158752441406,9.963729858398438
0,0,0,0,23.879928588867188,24.962785720825195,9.963966369628906
0,0,0,0,23.904298782348633,24.964277267456055,9.964218139648438
0,0,0,0,23.922426223754883,24.96487045288086,9.96435546875
0,0,0,0,23.940570831298828,24.96506118774414,9.9644775390625
0,0,0,0,23.96472930908203,24.96466636657715,9.964530944824219
0,0,0,0,23.982908248901367,24.963855743408203,9.96453857421875
0,0,0,0,24.001005172729492,24.96268081665039,9.964561462402344
0,0,0,0,24.0252628326416,24.960542678833008,9.964630126953125
0,0,0,0,24.043516159057617,24.958541870117188,9.964698791503906
0,0,0,0,24.062076568603516,24.95611000061035,9.964790344238281
0,0,0,0,24.08719253540039,24.952350616455078,9.964973449707031
0,0,0,0,24.106590270996094,24.949005126953125,9.965118408203125
0,0,0,0,24.126422882080078,24.945322036743164,9.965248107910156
0,0,0,0,24.153902053833008,24.93963050842285,9.965278625488281
0,0,0,0,24.17531967163086,24.934886932373047,9.965179443359375
0,0,0,0,24.197641372680664,24.929616928100586,9.964950561523438
0,0,0,0,24.228723526000977,24.92190933227539,9.964462280273438
0,0,0,0,24.25310516357422,24.915496826171875,9.963912963867188
0,0,0,0,24.27849769592285,24.908601760864258,9.963211059570312
0,0,0,0,24.313899993896484,24.898584365844727,9.96209716796875
0,0,0,0,24.3416748046875,24.890453338623047,9.961135864257812
0,0,0,0,24.370410919189453,24.88182258605957,9.960121154785156
0,0,0,0,24.410415649414062,24.869468688964844,9.95867919921875
0,0,0,0,24.441558837890625,24.85962677001953,9.957557678222656
0,0,0,0,24.47383689880371,24.849245071411133,9.956367492675781
0,0,0,0,24.518333435058594,24.834718704223633,9.954727172851562
0,0,0,0,24.552902221679688,24.823196411132812,9.95343017578125
0,0,0,0,24.588308334350586,24.811254501342773,9.952125549316406
0,0,0,0,24.637001037597656,24.794464111328125,9.9503173828125
0,0,0,0,24.674480438232422,24.781322479248047,9.948951721191406
0,0,0,0,24.712890625,24.767597198486328,9.947547912597656
0,0,0,0,24.765302658081055,24.74855613708496,9.945579528808594
0,0,0,0,24.805522918701172,24.733604431152344,9.944061279296875
0,0,0,0,24.846437454223633,24.718202590942383,9.942520141601562
0,0,0,0,24.90212059020996,24.696834564208984,9.940399169921875
0,0,0,0,24.944721221923828,24.680192947387695,9.93878173828125
0,0,0,0,24.987953186035156,24.663040161132812,9.937171936035156
0,0,0,0,25.04663848876953,24.639446258544922,9.935066223144531
0,0,0,0,25.091318130493164,24.62120819091797,9.933509826660156
0,0,0,0,25.136661529541016,24.602466583251953,9.931976318359375
0,0,0,0,25.197904586791992,24.576736450195312,9.929985046386719
0,0,0,0,25.244548797607422,24.556793212890625,9.92852783203125
0,0,0,0,25.291641235351562,24.536436080932617,9.927131652832031
0,0,0,0,25.355302810668945,24.508493423461914,9.925300598144531
0,0,0,0,25.403488159179688,24.487117767333984,9.923957824707031
0,0,0,0,25.452163696289062,24.465251922607422,9.922660827636719
0,0,0,0,25.517597198486328,24.435588836669922,9.920982360839844
0,0,0,0,25.567167282104492,24.412887573242188,9.919754028320312
0,0,0,0,25.617036819458008,24.389957427978516,9.918571472167969
0,0,0,0,25.68402099609375,24.35889434814453,9.917068481445312
0,0,0,0,25.734586715698242,24.33536148071289,9.915969848632812
0,0,0,0,25.785398483276367,24.311603546142578,9.914871215820312
0,0,0,0,25.853591918945312,24.279741287231445,9.913330078125
0,0,0,0,25.904937744140625,24.255727767944336,9.912124633789062
0,0,0,0,25.956525802612305,24.231632232666016,9.910911560058594
0,0,0,0,26.02544593811035,24.19941520690918,9.909339904785156
0,0,0,0,26.07740592956543,24.175230026245117,9.908172607421875
0,0,0,0,26.129411697387695,24.151103973388672,9.906974792480469
0,0,0,0,26.199077606201172,24.118961334228516,9.905311584472656
0,0,0,0,26.251432418823242,24.095102310180664,9.904014587402344
0,0,0,0,26.304033279418945,24.071380615234375,9.902717590332031
0,0,0,0,26.374284744262695,24.0401611328125,9.900962829589844
0,0,0,0,26.42719841003418,24.016950607299805,9.899650573730469
0,0,0,0,26.480209350585938,23.994077682495117,9.898361206054688
0,0,0,0,26.551197052001953,23.964027404785156,9.896682739257812
0,0,0,0,26.60456657409668,23.94196891784668,9.895469665527344
0,0,0,0,26.658111572265625,23.920238494873047,9.894287109375
0,0,0,0,26.729705810546875,23.8919734954834,9.892723083496094
0,0,0,0,26.78352928161621,23.871341705322266,9.891571044921875
0,0,0,0,26.837539672851562,23.851282119750977,9.890426635742188
0,0,0,0,26.909780502319336,23.82541847229004,9.888885498046875
0,0,0,0,26.964200973510742,23.806682586669922,9.887687683105469
0,0,0,0,27.018714904785156,23.788654327392578,9.886459350585938
0,0,0,0,27.09174346923828,23.76565933227539,9.884773254394531
0,0,0,0,27.146636962890625,23.74932289123535,9.88348388671875
0,0,0,0,27.201826095581055,23.73371124267578,9.8822021484375
0,0,0,0,27.275571823120117,23.714221954345703,9.88043212890625
0,0,0,0,27.33118438720703,23.700511932373047,9.879081726074219
0,0,0,0,27.38688850402832,23.687742233276367,9.877723693847656
0,0,0,0,27.461488723754883,23.67197036743164,9.87591552734375
0,0,0,0,27.517576217651367,23.661239624023438,9.874549865722656
0,0,0,0,27.57387351989746,23.651317596435547,9.873199462890625
0,0,0,0,27.649080276489258,23.639503479003906,9.871429443359375
0,0,0,0,27.705577850341797,23.631637573242188,9.870140075683594
0,0,0,0,27.76215934753418,23.624691009521484,9.868843078613281
0,0,0,0,27.837646484375,23.616817474365234,9.867156982421875
0,0,0,0,27.894363403320312,23.61199378967285,9.865890502929688
0,0,0,0,27.951026916503906,23.60813331604004,9.864601135253906
0,0,0,0,28.02663230895996,23.604393005371094,9.862892150878906
0,0,0,0,28.08320426940918,23.602725982666016,9.861686706542969
0,0,0,0,28.139833450317383,23.60196304321289,9.860542297363281
0,0,0,0,28.21518325805664,23.602445602416992,9.859176635742188
0,0,0,0,28.271747589111328,23.60380744934082,9.858245849609375
0,0,0,0,28.328195571899414,23.606115341186523,9.857398986816406
0,0,0,0,28.40347671508789,23.610431671142578,9.856430053710938
0,0,0,0,28.459806442260742,23.61476707458496,9.855781555175781
0,0,0,0,28.51616096496582,23.619882583618164,9.855224609375
0,0,0,0,28.591205596923828,23.62799644470215,9.854606628417969
0,0,0,0,28.647436141967773,23.6348934173584,9.854263305664062
0,0,0,0,28.703550338745117,23.64255714416504,9.85400390625
0,0,0,0,28.778282165527344,23.65380096435547,9.853805541992188
0,0,0,0,28.834251403808594,23.66301155090332,9.853736877441406
0,0,0,0,28.890077590942383,23.67283058166504,9.85369873046875
0,0,0,0,28.964405059814453,23.686914443969727,9.853683471679688
0,0,0,0,29.019977569580078,23.698225021362305,9.853706359863281
0,0,0,0,29.07552719116211,23.710052490234375,9.853797912597656
0,0,0,0,29.14932632446289,23.726665496826172,9.854034423828125
0,0,0,0,29.20464515686035,23.73965835571289,9.854316711425781
0,0,0,0,29.259780883789062,23.753145217895508,9.854606628417969
0,0,0,0,29.33329200744629,23.7717342376709,9.855003356933594
0,0,0,0,29.388229370117188,23.786182403564453,9.855323791503906
0,0,0,0,29.4431209564209,23.800922393798828,9.855659484863281
0,0,0,0,29.515993118286133,23.82125473022461,9.856086730957031
0,0,0,0,29.57050895690918,23.83685302734375,9.856391906738281
0,0,0,0,29.624839782714844,23.85282325744629,9.856689453125
0,0,0,0,29.697172164916992,23.87451171875,9.857048034667969
0,0,0,0,29.75133514404297,23.89110565185547,9.857261657714844
0,0,0,0,29.805418014526367,23.907909393310547,9.857414245605469
0,0,0,0,29.877513885498047,23.930715560913086,9.857536315917969
0,0,0,0,29.93154525756836,23.948123931884766,9.857559204101562
0,0,0,0,29.985641479492188,23.96576499938965,9.85748291015625
0,0,0,0,30.05771255493164,23.98965072631836,9.85723876953125
0,0,0,0,30.11188316345215,24.00775718688965,9.856948852539062
0,0,0,0,30.16600227355957,24.02611541748047,9.8565673828125
0,0,0,0,30.23828887939453,24.050832748413086,9.855987548828125
0,0,0,0,30.292438507080078,24.069622039794922,9.855560302734375
0,0,0,0,30.346704483032227,24.08846664428711,9.855125427246094
0,0,0,0,30.41896629333496,24.113876342773438,9.854560852050781
0,0,0,0,30.473236083984375,24.133020401000977,9.854141235351562
0,0,0,0,30.527442932128906,24.152359008789062,9.853767395019531
0,0,0,0,30.59979248046875,24.178190231323242,9.853385925292969
0,0,0,0,30.654029846191406,24.197656631469727,9.8531494140625
0,0,0,0,30.708232879638672,24.21710968017578,9.852912902832031
0,0,0,0,30.780475616455078,24.243112564086914,9.852622985839844
0,0,0,0,30.834644317626953,24.262619018554688,9.852455139160156
0,0,0,0,30.888856887817383,24.28215980529785,9.852310180664062
0,0,0,0,30.96109962463379,24.308246612548828,9.852149963378906
0,0,0,0,31.015329360961914,24.32777214050293,9.852073669433594
0,0,0,0,31.069494247436523,24.347305297851562,9.852043151855469
0,0,0,0,31.14186668395996,24.3732967376709,9.852066040039062
0,0,0,0,31.196081161499023,24.392854690551758,9.852127075195312
0,0,0,0,31.25041961669922,24.412378311157227,9.852218627929688
0,0,0,0,31.322765350341797,24.43851089477539,9.852363586425781
0,0,0,0,31.377134323120117,24.458053588867188,9.852493286132812
0,0,0,0,31.43140983581543,24.47765350341797,9.852645874023438
0,0,0,0,31.503862380981445,24.5036563873291,9.852912902832031
0,0,0,0,31.558143615722656,24.523193359375,9.853172302246094
0,0,0,0,31.612468719482422,24.542646408081055,9.853462219238281
0,0,0,0,31.684886932373047,24.568614959716797,9.853897094726562
0,0,0,0,31.739227294921875,24.588058471679688,9.854217529296875
0,0,0,0,31.79358673095703,24.6075382232666,9.854507446289062
0,0,0,0,31.866085052490234,24.633392333984375,9.854835510253906
0,0,0,0,31.9205322265625,24.6527042388916,9.855049133300781
0,0,0,0,31.974925994873047,24.67195701599121,9.855232238769531
0,0,0,0,32.04756164550781,24.697546005249023,9.855377197265625
0,0,0,0,32.10197830200195,24.716718673706055,9.85540771484375
0,0,0,0,32.1564826965332,24.735782623291016,9.855377197265625
0,0,0,0,32.22910690307617,24.761219024658203,9.855216979980469
0,0,0,0,32.28368377685547,24.780208587646484,9.854988098144531
0,0,0,0,32.33820343017578,24.79921531677246,9.854705810546875
0,0,0,0,32.41102600097656,24.824447631835938,9.854301452636719
0,0,0,0,32.46558380126953,24.8433780670166,9.85394287109375
0,0,0,0,32.520198822021484,24.86220359802246,9.853538513183594
0,0,0,0,32.592918395996094,24.887357711791992,9.853004455566406
0,0,0,0,32.64748764038086,24.906160354614258,9.852622985839844
0,0,0,0,32.70204162597656,24.925025939941406,9.852226257324219
0,0,0,0,32.77479553222656,24.95010757446289,9.851654052734375
0,0,0,0,32.829383850097656,24.968914031982422,9.8511962890625
0,0,0,0,32.88393783569336,24.987701416015625,9.850692749023438
0,0,0,0,32.956729888916016,25.01277732849121,9.849945068359375
0,0,0,0,33.011287689208984,25.031614303588867,9.849349975585938
0,0,0,0,33.065914154052734,25.05044174194336,9.848709106445312
0,0,0,0,33.1385612487793,25.07564353942871,9.847801208496094
0,0,0,0,33.19295120239258,25.09446907043457,9.847084045410156
0,0,0,0,33.24705505371094,25.11334800720215,9.84637451171875
0,0,0,0,33.31904220581055,25.138469696044922,9.845352172851562
0,0,0,0,33.37267303466797,25.157373428344727,9.844573974609375
0,0,0,0,33.4261360168457,25.17621612548828,9.843803405761719
0,0,0,0,33.497032165527344,25.2015323638916,9.84271240234375
0,0,0,0,33.55010223388672,25.22057342529297,9.841812133789062
0,0,0,0,33.603031158447266,25.239770889282227,9.840866088867188
0,0,0,0,33.67353439331055,25.265480041503906,9.839523315429688
0,0,0,0,33.72636032104492,25.284929275512695,9.838455200195312
0,0,0,0,33.77918243408203,25.30449867248535,9.837364196777344
0,0,0,0,33.849632263183594,25.330854415893555,9.835861206054688
0,0,0,0,33.902488708496094,25.3508243560791,9.834640502929688
0,0,0,0,33.95543670654297,25.370941162109375,9.833366394042969
0,0,0,0,34.02605056762695,25.39805030822754,9.83160400390625
0,0,0,0,34.079185485839844,25.418548583984375,9.830245971679688
0,0,0,0,34.13227844238281,25.43927001953125,9.828849792480469
0,0,0,0,34.20321273803711,25.467113494873047,9.826972961425781
0,0,0,0,34.25639724731445,25.48826789855957,9.825569152832031
0,0,0,0,34.30973815917969,25.509553909301758,9.82415771484375
0,0,0,0,34.38084030151367,25.53827667236328,9.822288513183594
0,0,0,0,34.434295654296875,25.559953689575195,9.820938110351562
0,0,0,0,34.48768997192383,25.58188819885254,9.819618225097656
0,0,0,0,34.55895233154297,25.611297607421875,9.817878723144531
0,0,0,0,34.612396240234375,25.633604049682617,9.816543579101562
0,0,0,0,34.66586685180664,25.65601348876953,9.815200805664062
0,0,0,0,34.73713302612305,25.68621253967285,9.813385009765625
0,0,0,0,34.7905387878418,25.709049224853516,9.812019348144531
0,0,0,0,34.843963623046875,25.732065200805664,9.810638427734375
0,0,0,0,34.915138244628906,25.76300621032715,9.808769226074219
0,0,0,0,34.96855926513672,25.78639793395996,9.807380676269531
0,0,0,0,35.0218620300293,25.809982299804688,9.806022644042969
0,0,0,0,35.09300231933594,25.84160614013672,9.804290771484375
0,0,0,0,35.146244049072266,25.86549949645996,9.803062438964844
0,0,0,0,35.19951629638672,25.889440536499023,9.801910400390625
0,0,0,0,35.270320892333984,25.921621322631836,9.800483703613281
0,0,0,0,35.32344436645508,25.94584083557129,9.799530029296875
0,0,0,0,35.37644958496094,25.97026252746582,9.798637390136719
0,0,0,0,35.4471321105957,26.002897262573242,9.797576904296875
0,0,0,0,35.5000114440918,26.027536392211914,9.796867370605469
0,0,0,0,35.55288314819336,26.052207946777344,9.796257019042969
0,0,0,0,35.623260498046875,26.08531951904297,9.79559326171875
0,0,0,0,35.67599868774414,26.110233306884766,9.795188903808594
0,0,0,0,35.728641510009766,26.135217666625977,9.794845581054688
0,0,0,0,35.798553466796875,26.1684513092041,9.794540405273438
0,0,0,0,35.85082244873047,26.19338607788086,9.79437255859375
0,0,0,0,35.902889251708984,26.21832847595215,9.794189453125
0,0,0,0,35.97214126586914,26.251523971557617,9.79388427734375
0,0,0,0,36.02379608154297,26.276355743408203,9.793632507324219
0,0,0,0,36.07534408569336,26.301029205322266,9.79339599609375
0,0,0,0,36.14359664916992,26.333812713623047,9.793128967285156
0,0,0,0,36.194705963134766,26.358238220214844,9.792922973632812
0,0,0,0,36.24564743041992,26.382640838623047,9.792694091796875
0,0,0,0,36.31361770629883,26.414968490600586,9.792343139648438
0,0,0,0,36.36458206176758,26.43924331665039,9.792022705078125
0,0,0,0,36.415706634521484,26.463407516479492,9.791641235351562
0,0,0,0,36.48391342163086,26.495588302612305,9.791023254394531
0,0,0,0,36.53523254394531,26.519611358642578,9.790496826171875
0,0,0,0,36.58667755126953,26.54364013671875,9.789939880371094
0,0,0,0,36.65558624267578,26.57554054260254,9.789161682128906
0,0,0,0,36.70750045776367,26.599401473999023,9.788543701171875
0,0,0,0,36.75958251953125,26.623178482055664,9.787887573242188
0,0,0,0,36.82935333251953,26.654775619506836,9.78692626953125
0,0,0,0,36.88180923461914,26.67841911315918,9.786148071289062
0,0,0,0,36.93447494506836,26.70197105407715,9.78533935546875
0,0,0,0,37.00481033325195,26.733257293701172,9.784172058105469
0,0,0,0,37.05779266357422,26.75657081604004,9.78326416015625
0,0,0,0,37.11079025268555,26.779870986938477,9.7823486328125
0,0,0,0,37.18163299560547,26.81071662902832,9.781112670898438
0,0,0,0,37.23470687866211,26.833784103393555,9.780189514160156
0,0,0,0,37.287899017333984,26.85667610168457,9.779266357421875
0,0,0,0,37.3587646484375,26.887149810791016,9.778022766113281
0,0,0,0,37.411922454833984,26.909854888916016,9.777114868164062
0,0,0,0,37.46495819091797,26.932519912719727,9.776229858398438
0,0,0,0,37.53568649291992,26.962566375732422,9.775070190429688
0,0,0,0,37.58870315551758,26.985048294067383,9.774192810058594
0,0,0,0,37.64168930053711,27.007421493530273,9.773284912109375
0,0,0,0,37.7122917175293,27.037229537963867,9.771995544433594
0,0,0,0,37.76517105102539,27.059585571289062,9.770980834960938
0,0,0,0,37.81808090209961,27.08194351196289,9.769905090332031
0,0,0,0,37.88856506347656,27.11176109313965,9.76837158203125
0,0,0,0,37.94150924682617,27.13404083251953,9.767143249511719
0,0,0,0,37.994415283203125,27.156330108642578,9.765869140625
0,0,0,0,38.06515884399414,27.185941696166992,9.764091491699219
0,0,0,0,38.118160247802734,27.208181381225586,9.762680053710938
0,0,0,0,38.17130661010742,27.230358123779297,9.761207580566406
0,0,0,0,38.24211883544922,27.25995445251465,9.759185791015625
0,0,0,0,38.29531478881836,27.282033920288086,9.757637023925781
0,0,0,0,38.34843063354492,27.304119110107422,9.756057739257812
0,0,0,0,38.419376373291016,27.333322525024414,9.753921508789062
0,0,0,0,38.47261047363281,27.35515022277832,9.752326965332031
0,0,0,0,38.5258903503418,27.37679672241211,9.750732421875
0,0,0,0,38.596946716308594,27.40549659729004,9.748619079589844
0,0,0,0,38.650291442871094,27.42683219909668,9.746986389160156
0,0,0,0,38.70372772216797,27.448009490966797,9.745323181152344
0,0,0,0,38.77497863769531,27.475881576538086,9.743118286132812
0,0,0,0,38.82854080200195,27.496484756469727,9.741531372070312
0,0,0,0,38.8820915222168,27.516830444335938,9.739982604980469
0,0,0,0,38.953670501708984,27.543468475341797,9.737968444824219
0,0,0,0,39.00741958618164,27.5631103515625,9.736557006835938
0,0,0,0,39.061439514160156,27.582351684570312,9.735176086425781
0,0,0,0,39.133548736572266,27.607484817504883,9.733367919921875
0,0,0,0,39.18767547607422,27.62576675415039,9.732154846191406
0,0,0,0,39.24164962768555,27.643692016601562,9.731155395507812
0,0,0,0,39.31371307373047,27.6667537689209,9.730026245117188
0,0,0,0,39.367801666259766,27.683509826660156,9.729339599609375
0,0,0,0,39.422035217285156,27.69964599609375,9.728805541992188
0,0,0,0,39.49452209472656,27.720359802246094,9.728340148925781
0,0,0,0,39.549095153808594,27.73523712158203,9.728118896484375
0,0,0,0,39.6038703918457,27.749605178833008,9.728004455566406
0,0,0,0,39.67726135253906,27.767921447753906,9.727951049804688
0,0,0,0,39.73263931274414,27.781038284301758,9.727996826171875
0,0,0,0,39.788204193115234,27.793622970581055,9.728096008300781
0,0,0,0,39.86272430419922,27.809528350830078,9.728355407714844
0,0,0,0,39.918792724609375,27.82085609436035,9.728645324707031
0,0,0,0,39.97510528564453,27.83161163330078,9.729011535644531
0,0,0,0,40.050323486328125,27.845121383666992,9.729537963867188
0,0,0,0,40.10698699951172,27.854536056518555,9.729927062988281
0,0,0,0,40.1636962890625,27.863462448120117,9.730339050292969
0,0,0,0,40.23964309692383,27.874452590942383,9.73095703125
0,0,0,0,40.29667282104492,27.88213348388672,9.731475830078125
0,0,0,0,40.353885650634766,27.889183044433594,9.732032775878906
0,0,0,0,40.43027114868164,27.89783477783203,9.732864379882812
0,0,0,0,40.48774337768555,27.90366554260254,9.733512878417969
0,0,0,0,40.545249938964844,27.90904426574707,9.734230041503906
0,0,0,0,40.62193298339844,27.915363311767578,9.735366821289062
0,0,0,0,40.679447174072266,27.919557571411133,9.736320495605469
0,0,0,0,40.7369270324707,27.92325210571289,9.737373352050781
0,0,0,0,40.81356430053711,27.92751121520996,9.738929748535156
0,0,0,0,40.87096405029297,27.930219650268555,9.740211486816406
0,0,0,0,40.928443908691406,27.932504653930664,9.741569519042969
0,0,0,0,41.004966735839844,27.93498420715332,9.743377685546875
0,0,0,0,41.062347412109375,27.936382293701172,9.744735717773438
0,0,0,0,41.119544982910156,27.937524795532227,9.746131896972656
0,0,0,0,41.195831298828125,27.938457489013672,9.748001098632812
0,0,0,0,41.252933502197266,27.938844680786133,9.749435424804688
0,0,0,0,41.31010818481445,27.938861846923828,9.750892639160156
0,0,0,0,41.386226654052734,27.93856430053711,9.752876281738281
0,0,0,0,41.443382263183594,27.93800926208496,9.754386901855469
0,0,0,0,41.50050354003906,27.937301635742188,9.755912780761719
0,0,0,0,41.57672119140625,27.935962677001953,9.757972717285156
0,0,0,0,41.63386917114258,27.934755325317383,9.759605407714844
0,0,0,0,41.69101333618164,27.933334350585938,9.761260986328125
0,0,0,0,41.76719665527344,27.93124771118164,9.76348876953125
0,0,0,0,41.824275970458984,27.929533004760742,9.765213012695312
0,0,0,0,41.88145446777344,27.92769432067871,9.766944885253906
0,0,0,0,41.95766067504883,27.925094604492188,9.769248962402344
0,0,0,0,42.014915466308594,27.923011779785156,9.770927429199219
0,0,0,0,42.07201385498047,27.920852661132812,9.772590637207031
0,0,0,0,42.14801788330078,27.91775131225586,9.774948120117188
0,0,0,0,42.204837799072266,27.915372848510742,9.776710510253906
0,0,0,0,42.26169204711914,27.912857055664062,9.778450012207031
0,0,0,0,42.337284088134766,27.9095458984375,9.780769348144531
0,0,0,0,42.39402389526367,27.906949996948242,9.782516479492188
0,0,0,0,42.45068359375,27.90441131591797,9.784233093261719
0,0,0,0,42.526397705078125,27.900888442993164,9.786521911621094
0,0,0,0,42.583221435546875,27.89828109741211,9.7882080078125
0,0,0,0,42.64012908935547,27.895599365234375,9.789894104003906
0,0,0,0,42.7160758972168,27.892053604125977,9.792083740234375
0,0,0,0,42.77303695678711,27.88933753967285,9.793693542480469
0,0,0,0,42.83005142211914,27.886627197265625,9.795280456542969
0,0,0,0,42.906028747558594,27.882984161376953,9.797386169433594
0,0,0,0,42.963043212890625,27.880285263061523,9.798980712890625
0,0,0,0,43.01998519897461,27.877639770507812,9.80059814453125
0,0,0,0,43.09600830078125,27.874147415161133,9.80279541015625
0,0,0,0,43.15294647216797,27.871639251708984,9.804435729980469
0,0,0,0,43.20998764038086,27.86912727355957,9.806098937988281
0,0,0,0,43.285888671875,27.86591148376465,9.808380126953125
0,0,0,0,43.3429069519043,27.863506317138672,9.810066223144531
0,0,0,0,43.39985656738281,27.86117935180664,9.811714172363281
0,0,0,0,43.47585678100586,27.858068466186523,9.813827514648438
0,0,0,0,43.53264617919922,27.855833053588867,9.815437316894531
0,0,0,0,43.58924102783203,27.85356903076172,9.817146301269531
0,0,0,0,43.66436004638672,27.850643157958984,9.819511413574219
0,0,0,0,43.7205810546875,27.84842872619629,9.821266174316406
0,0,0,0,43.776729583740234,27.846237182617188,9.823005676269531
0,0,0,0,43.851444244384766,27.843278884887695,9.825332641601562
0,0,0,0,43.907447814941406,27.84105110168457,9.827041625976562
0,0,0,0,43.96338653564453,27.838823318481445,9.828666687011719
0,0,0,0,44.03805160522461,27.835880279541016,9.83074951171875
0,0,0,0,44.09406661987305,27.833709716796875,9.832260131835938
0,0,0,0,44.150238037109375,27.83148193359375,9.833763122558594
0,0,0,0,44.22514343261719,27.82855224609375,9.835746765136719
0,0,0,0,44.28150939941406,27.826309204101562,9.837226867675781
0,0,0,0,44.33788299560547,27.824138641357422,9.838722229003906
0,0,0,0,44.413326263427734,27.821168899536133,9.840713500976562
0,0,0,0,44.46997833251953,27.819005966186523,9.842231750488281
0,0,0,0,44.52684783935547,27.816787719726562,9.843757629394531
0,0,0,0,44.602752685546875,27.81389045715332,9.845802307128906
0,0,0,0,44.65985107421875,27.811670303344727,9.84735107421875
0,0,0,0,44.71699142456055,27.80950927734375,9.848899841308594
0,0,0,0,44.79330062866211,27.806562423706055,9.851028442382812
0,0,0,0,44.850650787353516,27.804401397705078,9.852668762207031
0,0,0,0,44.908058166503906,27.8022518157959,9.854354858398438
0,0,0,0,44.98477554321289,27.799365997314453,9.856636047363281
0,0,0,0,45.042354583740234,27.79718780517578,9.858360290527344
0,0,0,0,45.10009765625,27.794981002807617,9.860061645507812
0,0,0,0,45.17714309692383,27.792068481445312,9.862289428710938
0,0,0,0,45.23503875732422,27.78986930847168,9.863899230957031
0,0,0,0,45.29286193847656,27.78776741027832,9.865470886230469
0,0,0,0,45.37013244628906,27.7849178314209,9.867454528808594
0,0,0,0,45.42808151245117,27.78287696838379,9.868850708007812
0,0,0,0,45.48615264892578,27.780778884887695,9.870193481445312
0,0,0,0,45.56351852416992,27.77809715270996,9.87188720703125
0,0,0,0,45.621620178222656,27.776044845581055,9.873062133789062
0,0,0,0,45.67967224121094,27.774059295654297,9.874160766601562
0,0,0,0,45.75714874267578,27.771310806274414,9.875495910644531
0,0,0,0,45.81528091430664,27.76927947998047,9.87640380859375
0,0,0,0,45.873435974121094,27.76723289489746,9.87725830078125
0,0,0,0,45.950958251953125,27.76451873779297,9.878303527832031
0,0,0,0,46.009029388427734,27.762451171875,9.879058837890625
0,0,0,0,46.067138671875,27.7603759765625,9.879768371582031
0,0,0,0,46.144588470458984,27.757644653320312,9.880699157714844
0,0,0,0,46.2027587890625,27.75559425354004,9.881378173828125
0,0,0,0,46.26081085205078,27.753576278686523,9.881996154785156
0,0,0,0,46.338260650634766,27.75080108642578,9.882804870605469
0,0,0,0,46.39628219604492,27.748756408691406,9.883384704589844
0,0,0,0,46.45442199707031,27.746633529663086,9.883934020996094
0,0,0,0,46.53182601928711,27.743877410888672,9.884605407714844
0,0,0,0,46.58992004394531,27.74172592163086,9.885086059570312
0,0,0,0,46.6479377746582,27.7396183013916,9.885536193847656
0,0,0,0,46.72538375854492,27.73670196533203,9.8861083984375
0,0,0,0,46.7834358215332,27.734590530395508,9.886482238769531
0,0,0,0,46.84148025512695,27.732439041137695,9.886802673339844
0,0,0,0,46.91868209838867,27.72966194152832,9.887115478515625
0,0,0,0,46.97636795043945,27.727619171142578,9.887306213378906
0,0,0,0,47.0338134765625,27.72564697265625,9.887413024902344
0,0,0,0,47.109779357910156,27.72304916381836,9.88751220703125
0,0,0,0,47.16619873046875,27.721118927001953,9.8875732421875
0,0,0,0,47.221923828125,27.71926498413086,9.887596130371094
0,0,0,0,47.29518508911133,27.716838836669922,9.8875732421875
0,0,0,0,47.34904479980469,27.715099334716797,9.887527465820312
0,0,0,0,47.4019889831543,27.713335037231445,9.887504577636719
0,0,0,0,47.470794677734375,27.711111068725586,9.887496948242188
0,0,0,0,47.521095275878906,27.70940399169922,9.887504577636719
0,0,0,0,47.570045471191406,27.707794189453125,9.887496948242188
0,0,0,0,47.63338088989258,27.70562744140625,9.887420654296875
0,0,0,0,47.67921829223633,27.704105377197266,9.887313842773438
0,0,0,0,47.723670959472656,27.702556610107422,9.887153625488281
0,0,0,0,47.78055191040039,27.70062255859375,9.886802673339844
0,0,0,0,47.82143783569336,27.69918441772461,9.886466979980469
0,0,0,0,47.86076736450195,27.697837829589844,9.886070251464844
0,0,0,0,47.91075897216797,27.696043014526367,9.885467529296875
0,0,0,0,47.94647216796875,27.69473648071289,9.884971618652344
0,0,0,0,47.98054885864258,27.693443298339844,9.884437561035156
0,0,0,0,48.02352523803711,27.691734313964844,9.883682250976562
0,0,0,0,48.05375289916992,27.690488815307617,9.883140563964844
0,0,0,0,48.08245849609375,27.689218521118164,9.88250732421875
0,0,0,0,48.11845016479492,27.687559127807617,9.879997253417969
0,0,0,0,48.14344787597656,27.685773849487305,9.877273559570312
0,0,0,0,48.16595458984375,27.6829776763916,9.874153137207031
0,0,0,0,48.191925048828125,27.677104949951172,9.869392395019531
0,0,0,0,48.20832061767578,27.671581268310547,9.865592956542969
0,0,0,0,48.22243881225586,27.66509246826172,9.861312866210938
0,0,0,0,48.2369499206543,27.654273986816406,9.855453491210938
0,0,0,0,48.244476318359375,27.64415740966797,9.851089477539062
0,0,0,0,48.24922180175781,27.632770538330078,9.847023010253906
0,0,0,0,48.25185012817383,27.615924835205078,9.841949462890625
0,0,0,0,48.250972747802734,27.60190773010254,9.8387451171875
0,0,0,0,48.24778747558594,27.58676528930664,9.836212158203125
0,0,0,0,48.2405891418457,27.56554412841797,9.83392333984375
0,0,0,0,48.233211517333984,27.54906463623047,9.833099365234375
0,0,0,0,48.224571228027344,27.53225326538086,9.832962036132812
0,0,0,0,48.211368560791016,27.509611129760742,9.833030700683594
0,0,0,0,48.200347900390625,27.492265701293945,9.833984375
0,0,0,0,48.18844223022461,27.474910736083984,9.835762023925781
0,0,0,0,48.171875,27.4520320892334,9.839004516601562
0,0,0,0,48.158935546875,27.43520736694336,9.841964721679688
0,0,0,0,48.14578628540039,27.41851806640625,9.845283508300781
0,0,0,0,48.1277961730957,27.396718978881836,9.850128173828125
0,0,0,0,48.114105224609375,27.380599975585938,9.853973388671875
0,0,0,0,48.10011672973633,27.364727020263672,9.857894897460938
0,0,0,0,48.08116149902344,27.343708038330078,9.863197326660156
0,0,0,0,48.066650390625,27.328100204467773,9.867095947265625
0,0,0,0,48.05190658569336,27.312488555908203,9.870841979980469
0,0,0,0,48.03175354003906,27.291542053222656,9.875511169433594
0,0,0,0,48.015987396240234,27.275407791137695,9.878898620605469
0,0,0,0,47.99964904785156,27.258901596069336,9.882133483886719
0,0,0,0,47.97695541381836,27.236412048339844,9.886001586914062
0,0,0,0,47.9590950012207,27.21879768371582,9.888679504394531
0,0,0,0,47.94025421142578,27.20044708251953,9.891242980957031
0,0,0,0,47.914100646972656,27.17517852783203,9.894256591796875
0,0,0,0,47.89356994628906,27.15569496154785,9.896270751953125
0,0,0,0,47.872520446777344,27.13572120666504,9.898086547851562
0,0,0,0,47.843570709228516,27.10878562927246,9.900077819824219
0,0,0,0,47.821292877197266,27.088088989257812,9.901237487792969
0,0,0,0,47.798213958740234,27.066768646240234,9.902137756347656
0,0,0,0,47.76625061035156,27.037076950073242,9.903121948242188
0,0,0,0,47.741336822509766,27.014101028442383,9.903671264648438
0,0,0,0,47.715763092041016,26.990467071533203,9.904006958007812
0,0,0,0,47.68048858642578,26.957923889160156,9.904067993164062
0,0,0,0,47.65298080444336,26.93248748779297,9.903961181640625
0,0,0,0,47.62459182739258,26.906265258789062,9.903785705566406
0,0,0,0,47.58546447753906,26.870203018188477,9.903282165527344
0,0,0,0,47.55519485473633,26.84225082397461,9.902755737304688
0,0,0,0,47.52394485473633,26.813432693481445,9.902168273925781
0,0,0,0,47.48093795776367,26.773679733276367,9.901420593261719
0,0,0,0,47.447662353515625,26.74303436279297,9.900833129882812
0,0,0,0,47.41372299194336,26.711606979370117,9.900230407714844
0,0,0,0,47.36723327636719,26.668621063232422,9.899467468261719
0,0,0,0,47.33163833618164,26.635459899902344,9.898910522460938
0,0,0,0,47.295291900634766,26.60169792175293,9.89837646484375
0,0,0,0,47.2459716796875,26.555570602416992,9.897804260253906
0,0,0,0,47.20834732055664,26.52039337158203,9.897491455078125
0,0,0,0,47.1704216003418,26.484745025634766,9.897224426269531
0,0,0,0,47.11936569213867,26.436737060546875,9.89697265625
0,0,0,0,47.080909729003906,26.40032386779785,9.896865844726562
0,0,0,0,47.042320251464844,26.363685607910156,9.896797180175781
0,0,0,0,46.99071502685547,26.314376831054688,9.896766662597656
0,0,0,0,46.95193862915039,26.277095794677734,9.896781921386719
0,0,0,0,46.91300582885742,26.239559173583984,9.896766662597656
0,0,0,0,46.860958099365234,26.18913459777832,9.896736145019531
0,0,0,0,46.82171630859375,26.151037216186523,9.896713256835938
0,0,0,0,46.78240966796875,26.112674713134766,9.896713256835938
0,0,0,0,46.72968292236328,26.06121253967285,9.896644592285156
0,0,0,0,46.690067291259766,26.022306442260742,9.896568298339844
0,0,0,0,46.65021514892578,25.98326873779297,9.896514892578125
0,0,0,0,46.597103118896484,25.931076049804688,9.896476745605469
0,0,0,0,46.55734634399414,25.89214515686035,9.896377563476562
0,0,0,0,46.517860412597656,25.853225708007812,9.896171569824219
0,0,0,0,46.465293884277344,25.801403045654297,9.895851135253906
0,0,0,0,46.42605972290039,25.762571334838867,9.89556884765625
0,0,0,0,46.38692855834961,25.72393798828125,9.89520263671875
0,0,0,0,46.334991455078125,25.67239761352539,9.89459228515625
0,0,0,0,46.2961311340332,25.633670806884766,9.894027709960938
0,0,0,0,46.257286071777344,25.594884872436523,9.893386840820312
0,0,0,0,46.205543518066406,25.543231964111328,9.892349243164062
0,0,0,0,46.16669845581055,25.504453659057617,9.891410827636719
0,0,0,0,46.127872467041016,25.4655704498291,9.890357971191406
0,0,0,0,46.075927734375,25.413673400878906,9.888839721679688
0,0,0,0,46.03697967529297,25.374664306640625,9.887657165527344
0,0,0,0,45.997859954833984,25.33563804626465,9.886428833007812
0,0,0,0,45.945735931396484,25.28337287902832,9.884765625
0,0,0,0,45.90645217895508,25.244131088256836,9.883499145507812
0,0,0,0,45.86711883544922,25.204750061035156,9.882217407226562
0,0,0,0,45.81439971923828,25.152185440063477,9.880523681640625
0,0,0,0,45.774818420410156,25.112607955932617,9.87933349609375
0,0,0,0,45.735145568847656,25.073101043701172,9.878166198730469
0,0,0,0,45.68230056762695,25.020416259765625,9.876678466796875
0,0,0,0,45.642662048339844,24.980974197387695,9.875625610351562
0,0,0,0,45.60307693481445,24.941518783569336,9.874626159667969
0,0,0,0,45.55035400390625,24.889087677001953,9.873359680175781
0,0,0,0,45.51079559326172,24.849733352661133,9.872451782226562
0,0,0,0,45.471290588378906,24.81037139892578,9.871612548828125
0,0,0,0,45.418701171875,24.758020401000977,9.870529174804688
0,0,0,0,45.37945556640625,24.71887969970703,9.869712829589844
0,0,0,0,45.3402214050293,24.679832458496094,9.868888854980469
0,0,0,0,45.28814697265625,24.62778091430664,9.867744445800781
0,0,0,0,45.24906921386719,24.588802337646484,9.866874694824219
0,0,0,0,45.210113525390625,24.54975128173828,9.866020202636719
0,0,0,0,45.15808868408203,24.497766494750977,9.864982604980469
0,0,0,0,45.11922836303711,24.45882225036621,9.864234924316406
0,0,0,0,45.08041000366211,24.420085906982422,9.863449096679688
0,0,0,0,45.02881622314453,24.368385314941406,9.862388610839844
0,0,0,0,44.990081787109375,24.329605102539062,9.861595153808594
0,0,0,0,44.95140075683594,24.290712356567383,9.860816955566406
0,0,0,0,44.899818420410156,24.238855361938477,9.859817504882812
0,0,0,0,44.86115646362305,24.19989013671875,9.859100341796875
0,0,0,0,44.82249450683594,24.160921096801758,9.858444213867188
0,0,0,0,44.77082824707031,24.108781814575195,9.857635498046875
0,0,0,0,44.73202896118164,24.069520950317383,9.8570556640625
0,0,0,0,44.6931037902832,24.030155181884766,9.856498718261719
0,0,0,0,44.64122772216797,23.977563858032227,9.855781555175781
0,0,0,0,44.602210998535156,23.938127517700195,9.855224609375
0,0,0,0,44.56321716308594,23.898603439331055,9.854637145996094
0,0,0,0,44.51099395751953,23.84592056274414,9.853851318359375
0,0,0,0,44.47180938720703,23.806303024291992,9.853233337402344
0,0,0,0,44.43246078491211,23.766691207885742,9.852554321289062
0,0,0,0,44.38003921508789,23.713708877563477,9.851577758789062
0,0,0,0,44.340576171875,23.673931121826172,9.85076904296875
0,0,0,0,44.301124572753906,23.633989334106445,9.84991455078125
0,0,0,0,44.248451232910156,23.58072280883789,9.848724365234375
0,0,0,0,44.2089958190918,23.54070281982422,9.847763061523438
0,0,0,0,44.1695556640625,23.500713348388672,9.846748352050781
0,0,0,0,44.11704635620117,23.44731330871582,9.8453369140625
0,0,0,0,44.077728271484375,23.407257080078125,9.844253540039062
0,0,0,0,44.03836441040039,23.367168426513672,9.843177795410156
0,0,0,0,43.98590850830078,23.313688278198242,9.841766357421875
0,0,0,0,43.94646453857422,23.273536682128906,9.840744018554688
0,0,0,0,43.90703582763672,23.23330307006836,9.839836120605469
0,0,0,0,43.85433578491211,23.179655075073242,9.838790893554688
0,0,0,0,43.8149528503418,23.139455795288086,9.838066101074219
0,0,0,0,43.77552032470703,23.099409103393555,9.837379455566406
0,0,0,0,43.72309875488281,23.04595947265625,9.836540222167969
0,0,0,0,43.683738708496094,23.005929946899414,9.835968017578125
0,0,0,0,43.644474029541016,22.96582794189453,9.835418701171875
0,0,0,0,43.59200668334961,22.912416458129883,9.834640502929688
0,0,0,0,43.55270767211914,22.872257232666016,9.834083557128906
0,0,0,0,43.5133171081543,22.83209800720215,9.833534240722656
0,0,0,0,43.46074295043945,22.778371810913086,9.832855224609375
0,0,0,0,43.42122268676758,22.738004684448242,9.832359313964844
0,0,0,0,43.381587982177734,22.69753646850586,9.831871032714844
0,0,0,0,43.32859802246094,22.64349365234375,9.831268310546875
0,0,0,0,43.288719177246094,22.60286521911621,9.830795288085938
0,0,0,0,43.248844146728516,22.56216049194336,9.830291748046875
0,0,0,0,43.19548797607422,22.507814407348633,9.829544067382812
0,0,0,0,43.155487060546875,22.466934204101562,9.8289794921875
0,0,0,0,43.11534881591797,22.426061630249023,9.828399658203125
0,0,0,0,43.06187057495117,22.37147331237793,9.827590942382812
0,0,0,0,43.02161407470703,22.3305606842041,9.826934814453125
0,0,0,0,42.98137283325195,22.289527893066406,9.8262939453125
0,0,0,0,42.92760467529297,22.234941482543945,9.825485229492188
0,0,0,0,42.88750076293945,22.194154739379883,9.824821472167969
0,0,0,0,42.84748077392578,22.15361976623535,9.824089050292969
0,0,0,0,42.7943000793457,22.0996036529541,9.822990417480469
0,0,0,0,42.75446319580078,22.05919075012207,9.822052001953125
0,0,0,0,42.71470642089844,22.018781661987305,9.821029663085938
0,0,0,0,42.66176223754883,21.96501350402832,9.819572448730469
0,0,0,0,42.622032165527344,21.92470932006836,9.818473815917969
0,0,0,0,42.58232879638672,21.88441276550293,9.817390441894531
0,0,0,0,42.52936553955078,21.8306827545166,9.815910339355469
0,0,0,0,42.489715576171875,21.79035186767578,9.814750671386719
0,0,0,0,42.449947357177734,21.750032424926758,9.8135986328125
0,0,0,0,42.39693069458008,21.696155548095703,9.811996459960938
0,0,0,0,42.35696792602539,21.65570640563965,9.810752868652344
0,0,0,0,42.31700897216797,21.615129470825195,9.809501647949219
0,0,0,0,42.263519287109375,21.5610294342041,9.807868957519531
0,0,0,0,42.223411560058594,21.52033042907715,9.80670166015625
0,0,0,0,42.18315124511719,21.47966957092285,9.805595397949219
0,0,0,0,42.12943649291992,21.425357818603516,9.804176330566406
0,0,0,0,42.089019775390625,21.384634017944336,9.80316162109375
0,0,0,0,42.048614501953125,21.34383201599121,9.802207946777344
0,0,0,0,41.994598388671875,21.289480209350586,9.801017761230469
0,0,0,0,41.95399475097656,21.248641967773438,9.800201416015625
0,0,0,0,41.91332244873047,21.20784568786621,9.799430847167969
0,0,0,0,41.859012603759766,21.153488159179688,9.798439025878906
0,0,0,0,41.818241119384766,21.112733840942383,9.797760009765625
0,0,0,0,41.77737045288086,21.07198715209961,9.797134399414062
0,0,0,0,41.722896575927734,21.017667770385742,9.796363830566406
0,0,0,0,41.68189239501953,20.97698211669922,9.795783996582031
0,0,0,0,41.64092254638672,20.936222076416016,9.795181274414062
0,0,0,0,41.58610153198242,20.881916046142578,9.794395446777344
0,0,0,0,41.545013427734375,20.841094970703125,9.793861389160156
0,0,0,0,41.50377655029297,20.80034637451172,9.793342590332031
0,0,0,0,41.4488525390625,20.74600601196289,9.792587280273438
0,0,0,0,41.407562255859375,20.70533561706543,9.791969299316406
0,0,0,0,41.36628723144531,20.66459083557129,9.791343688964844
0,0,0,0,41.311134338378906,20.61040496826172,9.79052734375
0,0,0,0,41.26980972290039,20.569793701171875,9.789909362792969
0,0,0,0,41.228477478027344,20.529314041137695,9.789314270019531
0,0,0,0,41.17338943481445,20.47532081604004,9.788597106933594
0,0,0,0,41.132137298583984,20.434907913208008,9.788078308105469
0,0,0,0,41.09090042114258,20.394548416137695,9.787567138671875
0,0,0,0,41.036006927490234,20.3408145904541,9.78692626953125
0,0,0,0,40.994781494140625,20.3005313873291,9.786483764648438
0,0,0,0,40.9536247253418,20.260204315185547,9.786048889160156
0,0,0,0,40.898677825927734,20.20644760131836,9.785469055175781
0,0,0,0,40.85759353637695,20.166109085083008,9.785018920898438
0,0,0,0,40.816429138183594,20.125844955444336,9.784553527832031
0,0,0,0,40.761688232421875,20.07204246520996,9.783950805664062
0,0,0,0,40.72062683105469,20.03176498413086,9.783538818359375
0,0,0,0,40.666046142578125,19.97799301147461,9.783004760742188
0,0,0,0,40.6251106262207,19.937713623046875,9.782569885253906
0,0,0,0,40.58425521850586,19.897367477416992,9.782127380371094
0,0,0,0,40.52983474731445,19.843608856201172,9.781517028808594
0,0,0,0,40.489044189453125,19.803226470947266,9.781028747558594
0,0,0,0,40.448246002197266,19.76283836364746,9.780532836914062
0,0,0,0,40.39381408691406,19.708877563476562,9.779830932617188
0,0,0,0,40.353057861328125,19.668344497680664,9.779312133789062
0,0,0,0,40.31223678588867,19.627796173095703,9.778823852539062
0,0,0,0,40.257930755615234,19.573678970336914,9.77813720703125
0,0,0,0,40.217159271240234,19.533063888549805,9.777610778808594
0,0,0,0,40.17646789550781,19.492326736450195,9.777046203613281
0,0,0,0,40.12208557128906,19.43796730041504,9.776275634765625
0,0,0,0,40.08140563964844,19.397066116333008,9.775711059570312
0,0,0,0,40.04059600830078,19.35617446899414,9.775154113769531
0,0,0,0,39.9862174987793,19.301443099975586,9.774452209472656
0,0,0,0,39.945343017578125,19.260393142700195,9.773941040039062
0,0,0,0,39.904502868652344,19.219228744506836,9.773475646972656
0,0,0,0,39.84990310668945,19.164308547973633,9.77288818359375
0,0,0,0,39.80891799926758,19.12300682067871,9.772476196289062
0,0,0,0,39.767921447753906,19.081684112548828,9.772117614746094
0,0,0,0,39.71324920654297,19.026491165161133,9.771720886230469
0,0,0,0,39.672264099121094,18.985017776489258,9.771469116210938
0,0,0,0,39.631229400634766,18.94344711303711,9.771263122558594
0,0,0,0,39.576637268066406,18.888004302978516,9.771011352539062
0,0,0,0,39.535648345947266,18.846445083618164,9.77081298828125
0,0,0,0,39.4947624206543,18.804874420166016,9.770614624023438
0,0,0,0,39.44015121459961,18.7495174407959,9.770378112792969
0,0,0,0,39.3993034362793,18.70794105529785,9.770233154296875
0,0,0,0,39.35835266113281,18.666410446166992,9.770088195800781
0,0,0,0,39.3038444519043,18.610916137695312,9.769905090332031
0,0,0,0,39.262901306152344,18.5693416595459,9.769790649414062
0,0,0,0,39.22205352783203,18.527700424194336,9.769706726074219
0,0,0,0,39.16758346557617,18.472332000732422,9.769630432128906
0,0,0,0,39.12678909301758,18.430763244628906,9.7696533203125
0,0,0,0,39.08594512939453,18.38924217224121,9.769767761230469
0,0,0,0,39.03151321411133,18.333820343017578,9.770011901855469
0,0,0,0,38.990665435791016,18.292293548583984,9.770248413085938
0,0,0,0,38.949790954589844,18.250751495361328,9.770500183105469
0,0,0,0,38.89529037475586,18.19542121887207,9.770904541015625
0,0,0,0,38.85428237915039,18.153926849365234,9.771209716796875
0,0,0,0,38.813331604003906,18.112409591674805,9.771522521972656
0,0,0,0,38.758689880371094,18.05704689025879,9.771926879882812
0,0,0,0,38.717803955078125,18.015443801879883,9.772262573242188
0,0,0,0,38.67683410644531,17.973899841308594,9.772605895996094
0,0,0,0,38.622314453125,17.918455123901367,9.773056030273438
0,0,0,0,38.58135986328125,17.876937866210938,9.773399353027344
0,0,0,0,38.540557861328125,17.835365295410156,9.773773193359375
0,0,0,0,38.4860954284668,17.780000686645508,9.774253845214844
0,0,0,0,38.44535827636719,17.73842430114746,9.774620056152344
0,0,0,0,38.40458679199219,17.696910858154297,9.774948120117188
0,0,0,0,38.35029983520508,17.641510009765625,9.775344848632812
0,0,0,0,38.30955505371094,17.60001564025879,9.775657653808594
0,0,0,0,38.26887130737305,17.558570861816406,9.775924682617188
0,0,0,0,38.21470260620117,17.503498077392578,9.776222229003906
0,0,0,0,38.174076080322266,17.462284088134766,9.776473999023438
0,0,0,0,38.13359451293945,17.42120933532715,9.776710510253906
0,0,0,0,38.07975769042969,17.366657257080078,9.777046203613281
0,0,0,0,38.03953170776367,17.325820922851562,9.777305603027344
0,0,0,0,37.99928665161133,17.285078048706055,9.777572631835938
0,0,0,0,37.94581604003906,17.230886459350586,9.777923583984375
0,0,0,0,37.90568161010742,17.190372467041016,9.778205871582031
0,0,0,0,37.865665435791016,17.149824142456055,9.77850341796875
0,0,0,0,37.81222152709961,17.0958251953125,9.778877258300781
0,0,0,0,37.77217483520508,17.055261611938477,9.779182434082031
0,0,0,0,37.73198318481445,17.01474952697754,9.779510498046875
0,0,0,0,37.67836380004883,16.960556030273438,9.779914855957031
0,0,0,0,37.638031005859375,16.919918060302734,9.780189514160156
0,0,0,0,37.59765625,16.879180908203125,9.780426025390625
0,0,0,0,37.54363250732422,16.82492446899414,9.780708312988281
0,0,0,0,37.503021240234375,16.7841854095459,9.780876159667969
0,0,0,0,37.46232604980469,16.743444442749023,9.780998229980469
0,0,0,0,37.40792465209961,16.68903350830078,9.781135559082031
0,0,0,0,37.36714172363281,16.648208618164062,9.781234741210938
0,0,0,0,37.32624053955078,16.607372283935547,9.781341552734375
0,0,0,0,37.271705627441406,16.552913665771484,9.781509399414062
0,0,0,0,37.23069381713867,16.512102127075195,9.781654357910156
0,0,0,0,37.189788818359375,16.471195220947266,9.781806945800781
0,0,0,0,37.13512420654297,16.416675567626953,9.782005310058594
0,0,0,0,37.094146728515625,16.37574005126953,9.78216552734375
0,0,0,0,37.05303192138672,16.334877014160156,9.782341003417969
0,0,0,0,36.998291015625,16.280336380004883,9.782546997070312
0,0,0,0,36.9571647644043,16.239538192749023,9.782707214355469
0,0,0,0,36.91607666015625,16.198745727539062,9.782859802246094
0,0,0,0,36.86119079589844,16.14452362060547,9.7830810546875
0,0,0,0,36.82005310058594,16.103864669799805,9.783309936523438
0,0,0,0,36.77889633178711,16.063276290893555,9.783584594726562
0,0,0,0,36.724029541015625,16.00916862487793,9.783988952636719
0,0,0,0,36.68290328979492,15.968661308288574,9.7843017578125
0,0,0,0,36.64174270629883,15.928181648254395,9.784675598144531
0,0,0,0,36.58690643310547,15.874263763427734,9.785224914550781
0,0,0,0,36.54570007324219,15.833863258361816,9.785659790039062
0,0,0,0,36.50457763671875,15.793396949768066,9.786125183105469
0,0,0,0,36.45018768310547,15.740123748779297,9.786483764648438
0,0,0,0,36.41033935546875,15.701112747192383,9.784561157226562
0,0,0,0,36.371185302734375,15.663006782531738,9.7813720703125
0,0,0,0,36.32014083862305,15.613080024719238,9.776832580566406
0,0,0,0,36.28245544433594,15.576274871826172,9.773277282714844
0,0,0,0,36.245365142822266,15.53983211517334,9.769874572753906
0,0,0,0,36.19640350341797,15.491687774658203,9.765914916992188
0,0,0,0,36.16000747680664,15.455648422241211,9.76348876953125
0,0,0,0,36.123661041259766,15.41966724395752,9.761642456054688
0,0,0,0,36.07514953613281,15.371420860290527,9.760177612304688
0,0,0,0,36.03857421875,15.33498764038086,9.75982666015625
0,0,0,0,36.001747131347656,15.29827880859375,9.760108947753906
0,0,0,0,35.952171325683594,15.24889850616455,9.761459350585938
0,0,0,0,35.914573669433594,15.21154499053955,9.7630615234375
0,0,0,0,35.87678146362305,15.174002647399902,9.7650146484375
0,0,0,0,35.82600402832031,15.123821258544922,9.76800537109375
0,0,0,0,35.78779220581055,15.086098670959473,9.770538330078125
0,0,0,0,35.749359130859375,15.048357963562012,9.773277282714844
0,0,0,0,35.697994232177734,14.997734069824219,9.777107238769531
0,0,0,0,35.659183502197266,14.959600448608398,9.779891967773438
0,0,0,0,35.62032699584961,14.921174049377441,9.782539367675781
0,0,0,0,35.568199157714844,14.869656562805176,9.785789489746094
0,0,0,0,35.52899932861328,14.83067512512207,9.787979125976562
0,0,0,0,35.48958206176758,14.791532516479492,9.789939880371094
0,0,0,0,35.43693923950195,14.738968849182129,9.792198181152344
0,0,0,0,35.397403717041016,14.699471473693848,9.793563842773438
0,0,0,0,35.357845306396484,14.65985107421875,9.794677734375
0,0,0,0,35.30500411987305,14.606888771057129,9.795791625976562
0,0,0,0,35.26526641845703,14.567061424255371,9.796379089355469
0,0,0,0,35.225494384765625,14.52719783782959,9.796768188476562
0,0,0,0,35.172332763671875,14.473999977111816,9.7969970703125
0,0,0,0,35.1324462890625,14.434022903442383,9.797027587890625
0,0,0,0,35.092472076416016,14.394061088562012,9.796966552734375
0,0,0,0,35.03933334350586,14.340709686279297,9.796722412109375
0,0,0,0,34.99940490722656,14.300668716430664,9.796394348144531
0,0,0,0,34.959529876708984,14.260505676269531,9.795989990234375
0,0,0,0,34.906192779541016,14.206899642944336,9.795341491699219
0,0,0,0,34.866214752197266,14.166505813598633,9.794792175292969
0,0,0,0,34.82612991333008,14.12608528137207,9.79425048828125
0,0,0,0,34.772674560546875,14.07192611694336,9.79351806640625
0,0,0,0,34.732421875,14.031230926513672,9.79296875
0,0,0,0,34.69210433959961,13.9903564453125,9.792457580566406
0,0,0,0,34.63820266723633,13.935802459716797,9.791824340820312
0,0,0,0,34.59779739379883,13.894862174987793,9.791351318359375
0,0,0,0,34.55738830566406,13.853931427001953,9.790870666503906
0,0,0,0,34.50346374511719,13.799278259277344,9.790245056152344
0,0,0,0,34.46302032470703,13.75821590423584,9.789810180664062
0,0,0,0,34.42246627807617,13.717156410217285,9.789421081542969
0,0,0,0,34.36838150024414,13.662383079528809,9.788970947265625
0,0,0,0,34.327659606933594,13.621271133422852,9.7886962890625
0,0,0,0,34.28693771362305,13.58008098602295,9.788467407226562
0,0,0,0,34.23238754272461,13.525177955627441,9.788200378417969
0,0,0,0,34.19148254394531,13.483946800231934,9.787994384765625
0,0,0,0,34.150413513183594,13.442777633666992,9.787757873535156
0,0,0,0,34.095611572265625,13.38774585723877,9.787368774414062
0,0,0,0,34.05437088012695,13.346576690673828,9.787033081054688
0,0,0,0,34.013084411621094,13.305363655090332,9.786659240722656
0,0,0,0,33.95773696899414,13.250624656677246,9.786102294921875
0,0,0,0,33.916133880615234,13.209603309631348,9.785667419433594
0,0,0,0,33.87441635131836,13.168717384338379,9.785232543945312
0,0,0,0,33.818729400634766,13.114326477050781,9.784675598144531
0,0,0,0,33.77694320678711,13.073675155639648,9.784210205078125
0,0,0,0,33.73504638671875,13.033096313476562,9.783714294433594
0,0,0,0,33.67906188964844,12.979146957397461,9.782966613769531
0,0,0,0,33.63687515258789,12.938811302185059,9.782356262207031
0,0,0,0,33.59463119506836,12.898540496826172,9.781745910644531
0,0,0,0,33.538028717041016,12.845074653625488,9.780952453613281
0,0,0,0,33.495521545410156,12.805081367492676,9.780303955078125
0,0,0,0,33.45280075073242,12.765289306640625,9.77960205078125
0,0,0,0,33.39580154418945,12.712395668029785,9.77862548828125
0,0,0,0,33.35285949707031,12.672924041748047,9.777824401855469
0,0,0,0,33.309871673583984,12.633476257324219,9.777000427246094
0,0,0,0,33.25221633911133,12.581144332885742,9.77593994140625
0,0,0,0,33.208866119384766,12.542015075683594,9.775161743164062
0,0,0,0,33.16532516479492,12.50307846069336,9.774444580078125
0,0,0,0,33.10710525512695,12.451313018798828,9.773551940917969
0,0,0,0,33.063255310058594,12.412735939025879,9.77288818359375
0,0,0,0,33.01923370361328,12.374334335327148,9.772239685058594
0,0,0,0,32.960296630859375,12.323554992675781,9.7713623046875
0,0,0,0,32.91584777832031,12.28575611114502,9.770668029785156
0,0,0,0,32.871280670166016,12.248202323913574,9.769927978515625
0,0,0,0,32.81145477294922,12.198562622070312,9.76885986328125
0,0,0,0,32.76639175415039,12.161575317382812,9.768058776855469
0,0,0,0,32.72101974487305,12.124895095825195,9.767234802246094
0,0,0,0,32.6602668762207,12.076340675354004,9.76611328125
0,0,0,0,32.614402770996094,12.040258407592773,9.765266418457031
0,0,0,0,32.56843948364258,12.00436782836914,9.764442443847656
0,0,0,0,32.49137878417969,11.945335388183594,9.763023376464844
0,0,0,0,32.44496154785156,11.910355567932129,9.762184143066406
0,0,0,0,32.413936614990234,11.887271881103516,9.761619567871094
0,0,0,0,32.35176086425781,11.84151554107666,9.760482788085938
0,0,0,0,32.30490493774414,11.807668685913086,9.7596435546875
0,0,0,0,32.25794219970703,11.774168968200684,9.7587890625
0,0,0,0,32.195030212402344,11.730180740356445,9.757637023925781
0,0,0,0,32.1475944519043,11.697611808776855,9.756797790527344
0,0,0,0,32.10000228881836,11.665400505065918,9.755989074707031
0,0,0,0,32.036190032958984,11.622994422912598,9.754920959472656
0,0,0,0,31.98813819885254,11.591568946838379,9.754127502441406
0,0,0,0,31.93976402282715,11.560469627380371,9.753349304199219
0,0,0,0,31.875,11.51938533782959,9.752349853515625
0,0,0,0,31.826068878173828,11.488973617553711,9.751632690429688
0,0,0,0,31.77699851989746,11.458757400512695,9.750938415527344
0,0,0,0,31.71120262145996,11.418898582458496,9.750045776367188
0,0,0,0,31.661739349365234,11.389205932617188,9.749374389648438
0,0,0,0,31.612024307250977,11.359811782836914,9.748710632324219
0,0,0,0,31.54557991027832,11.320932388305664,9.747817993164062
0,0,0,0,31.495527267456055,11.292081832885742,9.747108459472656
0,0,0,0,31.445384979248047,11.263345718383789,9.746337890625
0,0,0,0,31.378280639648438,11.225379943847656,9.745216369628906
0,0,0,0,31.32784080505371,11.197118759155273,9.744369506835938
0,0,0,0,31.277259826660156,11.16908073425293,9.743484497070312
0,0,0,0,31.20965003967285,11.131892204284668,9.742218017578125
0,0,0,0,31.158897399902344,11.104193687438965,9.741249084472656
0,0,0,0,31.1080379486084,11.076631546020508,9.740242004394531
0,0,0,0,31.040185928344727,11.04007625579834,9.738792419433594
0,0,0,0,30.9891357421875,11.012802124023438,9.737579345703125
0,0,0,0,30.93810272216797,10.985569953918457,9.736320495605469
0,0,0,0,30.869850158691406,10.949464797973633,9.734626770019531
0,0,0,0,30.818695068359375,10.922446250915527,9.733367919921875
0,0,0,0,30.76740074157715,10.895550727844238,9.732154846191406
0,0,0,0,30.699054718017578,10.859702110290527,9.730583190917969
0,0,0,0,30.64766502380371,10.832942008972168,9.729415893554688
0,0,0,0,30.59633445739746,10.80615520477295,9.728309631347656
0,0,0,0,30.527854919433594,10.770580291748047,9.726890563964844
0,0,0,0,30.476533889770508,10.743885040283203,9.725822448730469
0,0,0,0,30.4251651763916,10.71726131439209,9.724754333496094
0,0,0,0,30.35666275024414,10.681681632995605,9.723350524902344
0,0,0,0,30.305320739746094,10.654986381530762,9.722312927246094
0,0,0,0,30.253999710083008,10.628264427185059,9.72125244140625
0,0,0,0,30.185636520385742,10.592611312866211,9.719810485839844
0,0,0,0,30.13427734375,10.565826416015625,9.718727111816406
0,0,0,0,30.08300018310547,10.538997650146484,9.717689514160156
0,0,0,0,30.014516830444336,10.50318717956543,9.716346740722656
0,0,0,0,29.96324920654297,10.476243019104004,9.715362548828125
0,0,0,0,29.9118709564209,10.44930648803711,9.714393615722656
0,0,0,0,29.843395233154297,10.413240432739258,9.713203430175781
0,0,0,0,29.791912078857422,10.386215209960938,9.712440490722656
0,0,0,0,29.74057388305664,10.359131813049316,9.711753845214844
0,0,0,0,29.672090530395508,10.323073387145996,9.710968017578125
0,0,0,0,29.620817184448242,10.295919418334961,9.710472106933594
0,0,0,0,29.569528579711914,10.268768310546875,9.710029602050781
0,0,0,0,29.501323699951172,10.232396125793457,9.709518432617188
0,0,0,0,29.450252532958984,10.205081939697266,9.709152221679688
0,0,0,0,29.39922523498535,10.17763900756836,9.708763122558594
0,0,0,0,29.331268310546875,10.14090347290039,9.708274841308594
0,0,0,0,29.28034210205078,10.1132230758667,9.707939147949219
0,0,0,0,29.229541778564453,10.085397720336914,9.7076416015625
0,0,0,0,29.161823272705078,10.048090934753418,9.707283020019531
0,0,0,0,29.1112060546875,10.019916534423828,9.707023620605469
0,0,0,0,29.060617446899414,9.99166488647461,9.706756591796875
0,0,0,0,28.993417739868164,9.953679084777832,9.706352233886719
0,0,0,0,28.943050384521484,9.925018310546875,9.706031799316406
0,0,0,0,28.892881393432617,9.896027565002441,9.705680847167969
0,0,0,0,28.82599449157715,9.857048034667969,9.705207824707031
0,0,0,0,28.776020050048828,9.827460289001465,9.704864501953125
0,0,0,0,28.72610855102539,9.797690391540527,9.704505920410156
0,0,0,0,28.659908294677734,9.757499694824219,9.704025268554688
0,0,0,0,28.610424041748047,9.727076530456543,9.703666687011719
0,0,0,0,28.56117057800293,9.696314811706543,9.703262329101562
0,0,0,0,28.495786666870117,9.654900550842285,9.70269775390625
0,0,0,0,28.447002410888672,9.623449325561523,9.7022705078125
0,0,0,0,28.398487091064453,9.591686248779297,9.701866149902344
0,0,0,0,28.334135055541992,9.548784255981445,9.701347351074219
0,0,0,0,28.286230087280273,9.5161771774292,9.700950622558594
0,0,0,0,28.238475799560547,9.483221054077148,9.7005615234375
0,0,0,0,28.175270080566406,9.438655853271484,9.700088500976562
0,0,0,0,28.12809944152832,9.404788970947266,9.699821472167969
0,0,0,0,28.081317901611328,9.370460510253906,9.699592590332031
0,0,0,0,28.01927947998047,9.324148178100586,9.699333190917969
0,0,0,0,27.973129272460938,9.288893699645996,9.69921875
0,0,0,0,27.92717170715332,9.25333309173584,9.699180603027344
0,0,0,0,27.86637306213379,9.20522689819336,9.699165344238281
0,0,0,0,27.821033477783203,9.168766021728516,9.699234008789062
0,0,0,0,27.77602195739746,9.131889343261719,9.69940185546875
0,0,0,0,27.7164363861084,9.082231521606445,9.699745178222656
0,0,0,0,27.672094345092773,9.044541358947754,9.700080871582031
0,0,0,0,27.628032684326172,9.00654411315918,9.700477600097656
0,0,0,0,27.569711685180664,8.955368041992188,9.701080322265625
0,0,0,0,27.526329040527344,8.916618347167969,9.701614379882812
0,0,0,0,27.48318862915039,8.877565383911133,9.70220947265625
0,0,0,0,27.426124572753906,8.825020790100098,9.703102111816406
0,0,0,0,27.383533477783203,8.78532886505127,9.703834533691406
0,0,0,0,27.34130859375,8.745295524597168,9.704612731933594
0,0,0,0,27.28534698486328,8.691575050354004,9.705741882324219
0,0,0,0,27.243741989135742,8.650932312011719,9.706619262695312
0,0,0,0,27.20229148864746,8.610101699829102,9.707466125488281
0,0,0,0,27.14754295349121,8.555232048034668,9.708587646484375
0,0,0,0,27.106687545776367,8.51392936706543,9.709442138671875
0,0,0,0,27.06610679626465,8.472367286682129,9.710273742675781
0,0,0,0,27.012224197387695,8.416787147521973,9.711357116699219
0,0,0,0,26.97210693359375,8.374924659729004,9.712104797363281
0,0,0,0,26.93218231201172,8.333008766174316,9.712783813476562
0,0,0,0,26.879230499267578,8.276838302612305,9.713615417480469
0,0,0,0,26.839750289916992,8.234622955322266,9.714225769042969
0,0,0,0,26.800491333007812,8.192419052124023,9.714836120605469
0,0,0,0,26.748584747314453,8.13618278503418,9.715606689453125
0,0,0,0,26.709796905517578,8.093998908996582,9.716209411621094
0,0,0,0,26.671184539794922,8.051763534545898,9.716865539550781
0,0,0,0,26.619792938232422,7.9954833984375,9.717781066894531
0,0,0,0,26.581403732299805,7.953253746032715,9.718498229980469
0,0,0,0,26.542964935302734,7.9110822677612305,9.719261169433594
0,0,0,0,26.49180793762207,7.8548150062561035,9.720329284667969
0,0,0,0,26.453367233276367,7.812662124633789,9.72119140625
0,0,0,0,26.415002822875977,7.7704243659973145,9.722084045410156
0,0,0,0,26.363698959350586,7.714206695556641,9.72332763671875
0,0,0,0,26.32522201538086,7.672045707702637,9.724281311035156
0,0,0,0,26.286649703979492,7.629992485046387,9.725273132324219
0,0,0,0,26.22223472595215,7.559841632843018,9.72705078125
0,0,0,0,26.196435928344727,7.531784534454346,9.727806091308594
0,0,0,0,26.15768051147461,7.489748477935791,9.728935241699219
0,0,0,0,26.1059627532959,7.433864593505859,9.730484008789062
0,0,0,0,26.067075729370117,7.392005443572998,9.731666564941406
0,0,0,0,26.0281982421875,7.350181579589844,9.732826232910156
0,0,0,0,25.97620964050293,7.294567584991455,9.734283447265625
0,0,0,0,25.937231063842773,7.2528791427612305,9.735275268554688
0,0,0,0,25.89807891845703,7.2112507820129395,9.736198425292969
0,0,0,0,25.845876693725586,7.155761241912842,9.737297058105469
0,0,0,0,25.806547164916992,7.114233016967773,9.738044738769531
0,0,0,0,25.767183303833008,7.072668552398682,9.738739013671875
0,0,0,0,25.71442985534668,7.0174174308776855,9.73956298828125
0,0,0,0,25.67479133605957,6.975932598114014,9.740127563476562
0,0,0,0,25.634965896606445,6.9345598220825195,9.740615844726562
0,0,0,0,25.581785202026367,6.879426002502441,9.741218566894531
0,0,0,0,25.541765213012695,6.83818244934082,9.74163818359375
0,0,0,0,25.501609802246094,6.796912670135498,9.742042541503906
0,0,0,0,25.44777488708496,6.741975784301758,9.742607116699219
0,0,0,0,25.407201766967773,6.700778961181641,9.7430419921875
0,0,0,0,25.366531372070312,6.65963077545166,9.743492126464844
0,0,0,0,25.312088012695312,6.604757308959961,9.744110107421875
0,0,0,0,25.27118492126465,6.563597202301025,9.744621276855469
0,0,0,0,25.23011016845703,6.522485733032227,9.745162963867188
0,0,0,0,25.175296783447266,6.467696666717529,9.7459716796875
0,0,0,0,25.133995056152344,6.426692008972168,9.74664306640625
0,0,0,0,25.092737197875977,6.385652542114258,9.747413635253906
0,0,0,0,25.03756332397461,6.330974102020264,9.74859619140625
0,0,0,0,24.99622344970703,6.2899394035339355,9.749580383300781
0,0,0,0,24.954740524291992,6.248991012573242,9.750625610351562
0,0,0,0,24.89948081970215,6.1943440437316895,9.752090454101562
0,0,0,0,24.857980728149414,6.153408527374268,9.753242492675781
0,0,0,0,24.816556930541992,6.112381458282471,9.75445556640625
0,0,0,0,24.761280059814453,6.057750701904297,9.756050109863281
0,0,0,0,24.7198543548584,6.016700744628906,9.757247924804688
0,0,0,0,24.678436279296875,5.975622653961182,9.758468627929688
0,0,0,0,24.623302459716797,5.920897483825684,9.760147094726562
0,0,0,0,24.582191467285156,5.880077838897705,9.761390686035156
0,0,0,0,24.541181564331055,5.8393988609313965,9.762626647949219
0,0,0,0,24.486801147460938,5.785186767578125,9.764320373535156
0,0,0,0,24.44605827331543,5.744601249694824,9.765602111816406
0,0,0,0,24.4055118560791,5.704008102416992,9.766868591308594
0,0,0,0,24.3514404296875,5.649901390075684,9.768569946289062
0,0,0,0,24.311033248901367,5.60916805267334,9.769859313964844
0,0,0,0,24.270565032958984,5.56838321685791,9.771163940429688
0,0,0,0,24.21677589416504,5.513778209686279,9.772926330566406
0,0,0,0,24.176416397094727,5.472794532775879,9.77423095703125
0,0,0,0,24.13619613647461,5.431621551513672,9.775482177734375
0,0,0,0,24.082538604736328,5.376658916473389,9.777069091796875
0,0,0,0,24.042381286621094,5.335296154022217,9.7781982421875
0,0,0,0,24.00222396850586,5.293888092041016,9.779273986816406
0,0,0,0,23.948745727539062,5.23845911026001,9.780616760253906
0,0,0,0,23.908767700195312,5.196860313415527,9.781539916992188
0,0,0,0,23.86888313293457,5.155210971832275,9.782440185546875
0,0,0,0,23.815961837768555,5.099792957305908,9.783607482910156
0,0,0,0,23.776517868041992,5.058435916900635,9.784393310546875
0,0,0,0,23.737422943115234,5.017219066619873,9.785125732421875
0,0,0,0,23.685556411743164,4.962373733520508,9.786048889160156
0,0,0,0,23.64695167541504,4.921199321746826,9.786712646484375
0,0,0,0,23.608400344848633,4.880054950714111,9.787353515625
0,0,0,0,23.557342529296875,4.825023174285889,9.788192749023438
0,0,0,0,23.519155502319336,4.783751964569092,9.788803100585938
0,0,0,0,23.481185913085938,4.742318153381348,9.789421081542969
0,0,0,0,23.430580139160156,4.686897277832031,9.790229797363281
0,0,0,0,23.39272117614746,4.645079135894775,9.790870666503906
0,0,0,0,23.354862213134766,4.603212356567383,9.791526794433594
0,0,0,0,23.30453872680664,4.547112464904785,9.792396545410156
0,0,0,0,23.266817092895508,4.504847526550293,9.793083190917969
0,0,0,0,23.229206085205078,4.462432861328125,9.793792724609375
0,0,0,0,23.179231643676758,4.405896186828613,9.794708251953125
0,0,0,0,23.141834259033203,4.363465785980225,9.795318603515625
0,0,0,0,23.10457420349121,4.320965766906738,9.795906066894531
0,0,0,0,23.054977416992188,4.264144420623779,9.796646118164062
0,0,0,0,23.017990112304688,4.221484184265137,9.797126770019531
0,0,0,0,22.98105812072754,4.178818225860596,9.797569274902344
0,0,0,0,22.93210792541504,4.121703624725342,9.79815673828125
0,0,0,0,22.895395278930664,4.07874059677124,9.798576354980469
0,0,0,0,22.858882904052734,4.035667419433594,9.798942565917969
0,0,0,0,22.810279846191406,3.978210926055908,9.799407958984375
0,0,0,0,22.774015426635742,3.934891939163208,9.799781799316406
0,0,0,0,22.73777961730957,3.891547203063965,9.800155639648438
0,0,0,0,22.689653396606445,3.8334834575653076,9.800651550292969
0,0,0,0,22.65358543395996,3.7898242473602295,9.801109313964844
0,0,0,0,22.61772918701172,3.7461354732513428,9.801582336425781
0,0,0,0,22.570201873779297,3.688047170639038,9.802139282226562
0,0,0,0,22.53473472595215,3.644395589828491,9.80255126953125
0,0,0,0,22.4995059967041,3.6007328033447266,9.802909851074219
0,0,0,0,22.452821731567383,3.5425236225128174,9.803352355957031
0,0,0,0,22.418031692504883,3.498812437057495,9.803703308105469
0,0,0,0,22.38332748413086,3.455071210861206,9.804092407226562
0,0,0,0,22.337438583374023,3.3968400955200195,9.804557800292969
0,0,0,0,22.303205490112305,3.3533356189727783,9.804840087890625
0,0,0,0,22.26931381225586,3.309919834136963,9.805107116699219
0,0,0,0,22.22437858581543,3.2522714138031006,9.80535888671875
0,0,0,0,22.191041946411133,3.209124803543091,9.805519104003906
0,0,0,0,22.157846450805664,3.1661345958709717,9.805633544921875
0,0,0,0,22.114028930664062,3.1088809967041016,9.80572509765625
0,0,0,0,22.08133888244629,3.0661401748657227,9.805763244628906
0,0,0,0,22.04886245727539,3.023466110229492,9.805770874023438
0,0,0,0,22.005672454833984,2.9668188095092773,9.805778503417969
0,0,0,0,21.973417282104492,2.924333333969116,9.805793762207031
0,0,0,0,21.94126319885254,2.8819429874420166,9.805862426757812
0,0,0,0,21.898536682128906,2.825451135635376,9.805976867675781
0,0,0,0,21.866600036621094,2.783109426498413,9.806076049804688
0,0,0,0,21.83464813232422,2.7407095432281494,9.806167602539062
0,0,0,0,21.79208755493164,2.684091329574585,9.806343078613281
0,0,0,0,21.760133743286133,2.6417670249938965,9.806503295898438
0,0,0,0,21.72831153869629,2.599419355392456,9.806671142578125
0,0,0,0,21.68573570251465,2.5427749156951904,9.806999206542969
0,0,0,0,21.653764724731445,2.500044107437134,9.80731201171875
0,0,0,0,21.621553421020508,2.457227945327759,9.807670593261719
0,0,0,0,21.578414916992188,2.3997435569763184,9.808174133300781
0,0,0,0,21.545799255371094,2.3564207553863525,9.808624267578125
0,0,0,0,21.513118743896484,2.312889337539673,9.809120178222656
0,0,0,0,21.469247817993164,2.254795551300049,9.809776306152344
0,0,0,0,21.43625259399414,2.2110776901245117,9.810295104980469
0,0,0,0,21.403112411499023,2.1673946380615234,9.810829162597656
0,0,0,0,21.35883331298828,2.1090636253356934,9.811607360839844
0,0,0,0,21.32558250427246,2.0653278827667236,9.812202453613281
0,0,0,0,21.292343139648438,2.0215930938720703,9.81280517578125
0,0,0,0,21.24803924560547,1.9631922245025635,9.813682556152344
0,0,0,0,21.214704513549805,1.919313669204712,9.81439208984375
0,0,0,0,21.181474685668945,1.8754884004592896,9.815048217773438
0,0,0,0,21.137229919433594,1.8172613382339478,9.815773010253906
0,0,0,0,21.10417938232422,1.7735868692398071,9.816276550292969
0,0,0,0,21.071083068847656,1.7299916744232178,9.816726684570312
0,0,0,0,21.027099609375,1.6719690561294556,9.817298889160156
0,0,0,0,20.994060516357422,1.628591537475586,9.817741394042969
0,0,0,0,20.96122169494629,1.585292935371399,9.818161010742188
0,0,0,0,20.91750717163086,1.5278499126434326,9.818702697753906
0,0,0,0,20.884868621826172,1.4847776889801025,9.819114685058594
0,0,0,0,20.852201461791992,1.4417871236801147,9.819534301757812
0,0,0,0,20.808855056762695,1.3845027685165405,9.820182800292969
0,0,0,0,20.776521682739258,1.3417645692825317,9.820671081542969
0,0,0,0,20.744325637817383,1.2990885972976685,9.821182250976562
0,0,0,0,20.70161247253418,1.2424086332321167,9.821952819824219
0,0,0,0,20.669815063476562,1.2001773118972778,9.822517395019531
0,0,0,0,20.63823890686035,1.1582237482070923,9.823043823242188
0,0,0,0,20.59626007080078,1.102423906326294,9.823715209960938
0,0,0,0,20.564960479736328,1.0605968236923218,9.824241638183594
0,0,0,0,20.533666610717773,1.0189059972763062,9.82476806640625
0,0,0,0,20.49213218688965,0.9633713960647583,9.825454711914062
0,0,0,0,20.460899353027344,0.9217351078987122,9.825973510742188
0,0,0,0,20.429698944091797,0.879921019077301,9.826492309570312
0,0,0,0,20.387792587280273,0.8239476680755615,9.827186584472656
0,0,0,0,20.356199264526367,0.7816250920295715,9.827690124511719
0,0,0,0,20.32429313659668,0.7391167283058167,9.828163146972656
0,0,0,0,20.28139877319336,0.6818850040435791,9.828834533691406
0,0,0,0,20.24882698059082,0.6386454105377197,9.829421997070312
0,0,0,0,20.215999603271484,0.5950782299041748,9.830062866210938
0,0,0,0,20.171688079833984,0.5365612506866455,9.831016540527344
0,0,0,0,20.138097763061523,0.492332398891449,9.831748962402344
0,0,0,0,20.104248046875,0.4478623569011688,9.832504272460938
0,0,0,0,20.058666229248047,0.3881562054157257,9.833580017089844
0,0,0,0,20.02423667907715,0.34312087297439575,9.834403991699219
0,0,0,0,19.989521026611328,0.297902375459671,9.835273742675781
0,0,0,0,19.94304656982422,0.23736804723739624,9.836555480957031
0,0,0,0,19.907936096191406,0.19185367226600647,9.837532043457031
0,0,0,0,19.872785568237305,0.14618922770023346,9.838554382324219
0,0,0,0,19.82558250427246,0.08528201282024384,9.839927673339844
0,0,0,0,19.79013442993164,0.03942897170782089,9.840988159179688
0,0,0,0,19.754499435424805,-0.006449396256357431,9.842063903808594
0,0,0,0,19.706968307495117,-0.06784913688898087,9.843513488769531
0,0,0,0,19.67119598388672,-0.11391957104206085,9.844619750976562
0,0,0,0,19.635440826416016,-0.16009822487831116,9.845703125
0,0,0,0,19.587650299072266,-0.2216462939977646,9.847137451171875
0,0,0,0,19.55177879333496,-0.26790446043014526,9.848251342773438
0,0,0,0,19.515892028808594,-0.3141673803329468,9.849449157714844
0,0,0,0,19.468063354492188,-0.375918984413147,9.851173400878906
0,0,0,0,19.432226181030273,-0.42222681641578674,9.852500915527344
0,0,0,0,19.396366119384766,-0.4685490131378174,9.853874206542969
0,0,0,0,19.348623275756836,-0.5303406715393066,9.8558349609375
0,0,0,0,19.312759399414062,-0.5766677260398865,9.857368469238281
0,0,0,0,19.276981353759766,-0.6230311989784241,9.85894775390625
0,0,0,0,19.22919464111328,-0.6847822070121765,9.861091613769531
0,0,0,0,19.19346809387207,-0.7311322689056396,9.862678527832031
0,0,0,0,19.15766716003418,-0.7773982882499695,9.864212036132812
0,0,0,0,19.110107421875,-0.8391067385673523,9.866203308105469
0,0,0,0,19.074398040771484,-0.8852982521057129,9.867683410644531
0,0,0,0,19.03876304626465,-0.9315592646598816,9.869194030761719
0,0,0,0,18.991138458251953,-0.9931988716125488,9.871192932128906
0,0,0,0,18.955432891845703,-1.0395193099975586,9.8726806640625
0,0,0,0,18.91968536376953,-1.085783839225769,9.874137878417969
0,0,0,0,18.872079849243164,-1.1475657224655151,9.876052856445312
0,0,0,0,18.836381912231445,-1.1939144134521484,9.877464294433594
0,0,0,0,18.80067253112793,-1.2402855157852173,9.878799438476562
0,0,0,0,18.753074645996094,-1.3020799160003662,9.8804931640625
0,0,0,0,18.71733283996582,-1.348467469215393,9.881729125976562
0,0,0,0,18.681684494018555,-1.3948867321014404,9.8829345703125
0,0,0,0,18.634077072143555,-1.4567787647247314,9.884475708007812
0,0,0,0,18.598413467407227,-1.503205418586731,9.885589599609375
0,0,0,0,18.562685012817383,-1.5495460033416748,9.886680603027344
0,0,0,0,18.515220642089844,-1.6112796068191528,9.888076782226562
0,0,0,0,18.479602813720703,-1.6573944091796875,9.88909912109375
0,0,0,0,18.444231033325195,-1.7033714056015015,9.890090942382812
0,0,0,0,18.397340774536133,-1.7640339136123657,9.891342163085938
0,0,0,0,18.362611770629883,-1.8090571165084839,9.892257690429688
0,0,0,0,18.32822608947754,-1.8534855842590332,9.893135070800781
0,0,0,0,18.283172607421875,-1.9119130373001099,9.894233703613281
0,0,0,0,18.249942779541016,-1.9549394845962524,9.894966125488281
0,0,0,0,18.217304229736328,-1.9972517490386963,9.895599365234375
0,0,0,0,18.174766540527344,-2.05226993560791,9.896247863769531
0,0,0,0,18.143604278564453,-2.0924558639526367,9.896560668945312
0,0,0,0,18.113195419311523,-2.131643533706665,9.896720886230469
0,0,0,0,18.073801040649414,-2.1822047233581543,9.896728515625
0,0,0,0,18.045270919799805,-2.2188446521759033,9.896537780761719
                                                                                                                                                                                                                                                                                                                                                                                                                                                                                                                                                                                                                                                                                                                                                                                                                                                                                                                                                                                                                                                                                                                                                                                                                                                                                                                                                                                                                                                                                                                                                                                                                                                                                                                                                                                                                                                                                                                                                                                                                                                                                                                                                                                                                                                                                                                                                                                                                                                                                                                                                                                                                                                                                                                                                                                                                                                                                                                                                                                                                                                                                                                                                                                                                                                                                                                                                                                                                                                                                                                                                                                                                                                                                                                                                                                                                                                                                                                                                                                                                                                                                                                                                                                                                                                                                                                                                                                                                                                                                                                                                                                                                                                                                                                                                                                                                                                                                                                                                                                                                                                                                                                                                                                                                                                                                                                                                                                                                                                                                                                                                                                                                                                                                                                                                                                                                                                                                                                                                                                                                                                                                                                                                                                                                                                                                                                                                                                                                                                                                                                                                                                                                                                                                                                                                                                                                                                                                                                                                                                                                                                                                                                                                                                                                                                                                                                                                                                                                                                                                                                                                                                                                                                                                                                                                                                                                                                                                                                                                                                                                                                                                                                                                                                                                                                                                                                                                                                                                                                                                                                                                                                                                                                                                                                                                                                                                                                                                                                                                                                                                                                                                                                                                                                                                                                                                                                                                                                                                                                                                                                                                                                                                                                                                                                                                                                                                                                                                                                                                                                                                                                                                                                                                                                                                                                                                                                                                                                                                                                                                                                                                                                                                                                                                                                                                                                                                                                                                                                                                                                                                                                                                                                                                                                                                                                                                                                                                                                                                                                                                                                                                                                                                                                                                                                                                                                                                                                                                                                                                                                                                                                                                                                                                                                                                                                                                                                                                                                                                                                                                                                                                                                                                                                                                                                                                                                                                                                                                                                                                                                                                                                                                                                                                                                                                                                                                                                                                                                                                                                                                                                                                                                                                                                                                                                                                                                                                                                                                                                                                                                                                                                                                                                                                                                                                                                                                                                                                                                                                                                                                                                                                                                                                                                                                                                                                                                                                                                                                                                                                                                                                                                                                                                                                                                                                                                                                                                                                                                                                                                                                                                                                                                                                                                                                                                                                                                                                                                                                                                                                                                                                                                                                                                                                                                                                                                                                                                                                                                                                                                                                                                                                                                                                                                                                                                                                                                                                                                                                                                                                                                                                                                                                                                                                                                                                                                                                                                                                                                                                                                                                                                                                                                                                                                                                                                                                                                                                                                                                                                                                                                                                                                                                                                                                                                                                                                                                                                                                                                                                                                                                                                                                                                                                                                                                                                                                                                                                                                                                                                                                                                                                                                                                                                                                                                                                                                                                                                                                                                                                                                                                                                                                                                                                                                                                                                                                                                                                                                                                                                                                                                                                                                                                                                                                                                                                                                                                                                                                                                                                                                                                                                                                                                                                                                                                                                                                                                                                                                                                                                                                                                                                                                                                                                                                                                                                                                                                                                                                                                                                                                                                                                                                                                                                                                                                                                                                                                                                                                                                                                                                                                                                                                                                                                                                                                                                                                                                                                                                                                                                                                                                                                                                                                                                                                                                                                                                                                                                                                                                                                                                                                                                                                                                                                                                                                                                                                                                                                                                                                                                                                                                                                                                                                                                                                                                                                                                                                                                                                                                                                                                                                                                                                                                                                                                                                                                                                                                                                                                                                                                                                                                                                                                                                                                                                                                                                                                                                                                                                                                                                                                                                                                                                                                                                                                                                                                                                                                                                                                                                                                                                                                                                                                                                                                                                                                                                                                                                                                                                                                                                                                                                                                                                                                                                                                                                                                                                                                                                                                                                                                                                                                                                                                                                                                                                                                                                                                                                                                                                                                                                                                                                                                                                                                                                                                                                                                                                                                                                                                                                                                                                                                                                                                                                                                                                                                                                                                                                                                                                                                                                                                                                                                                                                                                                                                                                                                                                                                                                                                                                                                                                                                                                                                                                                                                                                                                                                                                                                                                                                                                                                                                                                                                                                                                                                                                                                                                                                                                                                                                                                                                                                                                                                                                                                                                                                                                                                                                                                                                                                                                                                                                                                                                                                                                                                                                                                                                                                                                                                                                                                                                                                                                                                                                                                                                                                                                                                                                                                                                                                                                                                                                                                                                                                                                                                                                                                                                                                                                                                                                                                                                                                                                                                                                                                                                                                                                                                                                                                                                                                                                                                                                                                                                                                                                                                                                                                                                                                                                                                                                                                                                                                                                                                                                                                                                                                                                                                                                                                                                                                                                                                                                                                                                                                                                                                                                                                                                                                                                                                                                                                                                                                                                                                                                                                                                                                                                                                                                                                                                                                                                                                                                                                                                                                                                                                                                                                                                                                                                                                                                                                                                                                                                                                                                                                                                                                                                                                                                                                                                                                                                                                                                                                                                                                                                                                                                                                                                                                                                                                                                                                                                                                                                                                                                                                                                                                                                                                                                                                                                                                                                                                                                                                                                                                                                                                                                                                                                                                                                                                                                                                                                                                                                                                                                                                                                                                                                                                                                                                                                                                                                                                                                                                                                                                                                                                                                                                                                                                                                                                                                                                                                                                                                                                                                                                                                                                                                                                                                                                                                                                                                                                                                                                                                                                                                                                                                                                                                                                                                                                                                                                                                                                                                                                                                                                                                                                                                                                                                                                                                                                                                                                                                                                                                                                                                                                                                                                                                                                                                                                                                                                                                                                                                                                                                                                                                                                                                                                                                                                                                                                                                                                                                                                                                                                                                                                                                                                                                                                                                                                                                                                                                                                                                                                                                                                                                                                                                                                                                                                                                                                                                                                                                                                                                                                                                                                                                                                                                                                                                                                                                                                                                                                                                                                                                                                                                                                                                                                                                                                                                                                                                                                                                                                                                                                                                                                                                                                                                                                                                                                                                                                                                                                                                                                                                                                                                                                                                                                                                                                                                                                                                                                                                                                                                                                                                                                                                                                                                                                                                                                                                                                                                                                                                                                                                                                                                                                                                                                                                                                                                                                                                                                                                                                                                                                                                                                                                                                                                                                                                                                                                                                                                                                                                                                                                                                                                                                                                                                                                                                                                                                                                                                                                                                                                                                                                                                                                                                                                                                                                                                                                                                                                                                                                                                                                                                                                                                                                                                                                                                                                                                                                                                                                                                                                                                                                                                                                                                                                                                                                                                                                                                                                                                                                                                                                                                                                                                                                                                                                                                                                                                                                                                                                                                                                                                                                                                                                                                                                                                                                                                                                                                                                                                                                                                                                                                                                                                                                                                                                                                                                                                                                                                                                                                                                                                                                                                                                                                                                                                                                                                                                                                                                                                                                                                                                                                                                                                                                                                                                                                                                                                                                                                                                                                                                                                                                                                                                                                                                                                                                                                                                                                                                                                                                                                                                                                                                                                                                                                                                                                                                                                                                                                                                                                                                                                                                                                                                                                                                                                                                                                                                                                                                                                                                                                                                                                                                                                                                                                                                                                                                                                                                                                                                                                                                                                                                                                                                                                                                                                                                                                                                                                                                                                                                                                                                                                                                                                                                                                                                                                                                                                                                                                                                                                                                                                                                                                                                                                                                                                                                                                                                                                                                                                                                                                                                                                                                                                                                                                                                                                                                                                                                                                                                                                                                                                                                                                                                                                                                                                                                                                                                                                                                                                                                                                                                                                                                                                                                                                                                                                                                                                                                                                                                                                                                                                                                                                                                                                                                                                                                                                                                                                                                                                                                                                                                                                                                                                                                                                                                                                                                                                                                                                                                                                                                                                                                                                                                                                                                                                                                                                                                                                                                                                                                                                                                                                                                                                                                                                                                                                                                                                                                                                                                                                                                                                                                                                                                                                                                                                                                                                                                                                                                                                                                                                                                                                                                                                                                                                                                                                                                                                                                                                                                                                                                                                                                                                                                                                                                                                                                                                                                                                                                                                                                                                                                                                                                                                                                                                                                                                                                                                                                                                                                                                                                                                                                                                                                                                                                                                                                                                                                                                                                                                                                                                                                                                                                                                                                                                                                                                                                                                                                                                                                                                                                                                                                                                                                                                                                                                                                                                                                                                                                                                                                                                                                                                                                                                                                                                                                                                                                                                                                                                                                                                                                                                                                                                                                                                                                                                                                                                                                                                                                                                                                                                                                                                                                                                                                                                                                                                                                                                                                                                                                                                                                                                                                                                                                                                                                                                                                                                                                                                                                                                                                                                                                                                                                                                                                                                                                                                                                                                                                                                                                                                                                                                                                                                                                                                                                                                                                                                                                                                                                                                                                                                                                                                                                                                                                                                                                                                                                                                                                                                                                                                                                                                                                                                                                                                                                                                                                                                                                                                                                                                                                                                                                                                                                                                                                                                                                                                                                                                                                                                                                                                                                                                                                                                                                                                                                                                                                                                                                                                                                                                                                                                                                                                                                                                                                                                                                                                                                                                                                                                                                                                                                                                                                                                                                                                                                                                                                                                                                                                                                                                                                                                                                                                                                                                                                                                                                                                                                                                                                                                                                                                                                                                                                                                                                                                                                                                                                                                                                                                                                                                                                                                                                                                                                                                                                                                                                                                                                                                                                                                                                                                                                                                                                                                                                                                                                                                                                                                                                                                                                                                                                                                                                                                                                                                                                                                                                                                                                                                                                                                                                                                                                                                                                                                                                                                                                                                                                                                                                                                                                                                                                                                                                                                                                                                                                                                                                                                                                                                                                                                                                                                                                                                                                                                                                                                                                                                                                                                                                                                                                                                                                                                                                                                                                                                                                                                                                                                                                                                                                                                                                                                                                                                                                                                                                                                                                                                                                                                                                                                                                                                                                                                                                                                                                                                                                                                                                                                                                                                                                                                                                                                                                                                                                                                                                                                                                                                                                                                                                                                                                                                                                                                                                                                                                                                                                                                                                                                                                                                                                                                                                                                                                                                                                                                                                                                                                                                                                                                                                                                                                                                                                                                                                                                                                                                                                                                                                                                                                                                                                                                                                                                                                                                                                                                                                                                                                                                                                                                                                                                                                                                                                                                                                                                                                                                                                                                                                                                                                                                                                                                                                                                                                                                                                                                                                                                                                                                                                                                                                                                                                                                                                                                                                                                                                                                                                                                                                                                                                                                                                                                                                                                                                                                                                                                                                                                                                                                                                                                                                                                                                                                                                                                                                                                                                                                                                                                                                                                                                                                                                                                                                                                                                                                                                                                                                                                                                                                                                                                                                                                                                                                                                                                                                                                                                                                                                                                                                                                                                                                                                                                                                                                                                                                                                                                                                                                                                                                                                                                                                                                                                                                                                                                                                                                                                                                                                                                                                                                                                                                                                                                                                                                                                                                                                                                                                                                                                                                                                                                                                                                                                                                                                                                                                                                                                                                                                                                                                                                                                                                                                                                                                                                                                                                                                                                                                                                                                                                                                                                                                                                                                                                                                                                                                                                                                                                                                                                                                                                                                                                                                                                                                                                                                                                                                                                                                                                                                                                                                                                                                                                                                                                                                                                                                                                                                                                                                                                                                                                                                                                                                                                                                                                                                                                                                                                                                                                                                                                                                                                                                                                                                                                                                                                                                                                                                                                                                                                                                                                                                                                                                                                                                                                                                                                                                                                                                                                                                                                                                                                                                                                                                                                                                                                                                                                                                                                                                                                                                                                                                                                                                                                                                                                                                                                                                                                                                                                                                                                                                                                                                                                                                                                                                                                                                                                                                                                                                                                                                                                                                                                                                                                                                                                                                                                                                                                                                                                                                                                                                                                                                                                                                                                                                                                                                                                                                                                                                                                                                                                                                                                                                                                                                                                                                                                                                                                                                                                                                                                                                                                                                                                                                                                                                                                                                                                                                                                                                                                                                                                                                                                                                                                                                                                                                                                                                                                                                                                                                                                                                                                                                                                                                                                                                                                                                                                                                                                                                                                                                                                                                                                                                                                                                                                                                                                                                                                                                                                                                                                                                                                                                                                                                                                                                                                                                                                                                                                                                                                                                                                                                                                                                                                                                                                                                                                                                                                                                                                                                                                                                                                                                                                                                                                                                                                                                                                                                                                                                                                                                                                                                                                                                                                                                                                                                                                                                                                                                                                                                                                                                                                                                                                                                                                                                                                                                                                                                                                                                                                                                                                                                                                                                                                                                                                                                                                                                                                                                                                                                                                                                                                                                                                                                                                                                                                                                                                                                                                                                                                                                                                                                                                                                                                                                                                                                                                                                                                                                                                                                                                                                                                                                                                                                                                                                                                                                                                                                                                                                                                                                                                                                                                                                                                                                                                                                                                                                                                                                                                                                                                                                                                                                                                                                                                                                                                                                                                                                                                                                                                                                                                                                                                                                                                                                                                                                                                                                                                                                                                                                                                                                                                                                                                                                                                                                                                                                                                                                                                                                                                                                                                                                                                                                                                                                                                                                                                                                                                                                                                                                                                                                                                                                                                                                                                                                                                                                                                                                                                                                                                                                                                                                                                                                                                                                                                                                                                                                                                                                                                                                                                                                                                                                                                                                                                                                                                                                                                                                                                                                                                                                                                                                                                                                                                                                                                                                                                                                                                                                                                                                                                                                                                                                                                                                                                                                                                                                                                                                                                                                                                                                                                                                                                                                                                                                                                                                                                                                                                                                                                                                                                                                                                                                                                                                                                                                                                                                                                                                                                                                                                                                                                                                                                                                                                                                                                                                                                                                                                                                                                                                                                                                                                                                                                                                                                                                                                                                                                                                                                                                                                                                                                                                                                                                                                                                                                                                                                                                                                                                                                                                                                                                                                                                                                                                                                                                                                                                                                                                                                                                                                                                                                                                                                                                                                                                                                                                                                                                                                                                                                                                                                                                                                                                                                                                                                                                                                                                                                                                                                                                                                                                                                                                                                                                                                                                                                                                                                                                                                                                                                                                                                                                                                                                                                                                                                                                                                                                                                                                                                                                                                                                                                                                                                                                                                                                                                                                                                                                                                                                                                                                                                                                                                                                                                                                                                                                                                                                                                                                                                                                                                                                                                                                                                                                                                                                                                                                                                                                                                                                                                                                                                                                                                                                                                                                                                                                                                                                                                                                                                                                                                                                                                                                                                                                                                                                                                                                                                                                                                                                                                                                                                                                                                                                                                                                                                                                                                                                                                                                                                                                                                                                                                                                                                                                                                                                                                                                                                                                                                                                                                                                                                                                                                                                                                                                                                                                                                                                                                                                                                                                                                                                                                                                                                                                                                                                                                                                                                                                                                                                                                                                                                                                                                                                                                                                                                                                                                                                                                                                                                                                                                                                                                                                                                                                                                                                                                                                                                                                                                                                                                                                                                                                                                                                                                                                                                                                                                                                                                                                                                                                                                                                                                                                                                                                                                                                                                                                                                                                                                                                                                                                                                                                                                                                                                                                                                                                                                                                                                                                                                                                                                                                                                                                                                                                                                                                                                                                                                                                                                                                                                                                                                                                                                                                                                                                                                                                                                                                                                                                                                                                                                                                                                                                                                                                                                                                                                                                                                                                                                                                                                                                                                                                                                                                                                                                                                                                                                                                                                                                                                                                                                                                                                                                                                                                                                                                                                                                                                                                                                                                                                                                                                                                                                                                                                                                                                                                                                                                                                                                                                                                                                                                                                                                                                                                                                                                                                                                                                                                                                                                                                                                                                                                                                                                                                                                                                                                                                                                                                                                                                                                                                                                                                                                                                                                                                                                                                                                                                                                                                                                                                                                                                                                                                                                                                                                                                                                                                                                                                                                                                                                                                                                                                                                                                                                                                                                                                                                                                                                                                                                                                                                                                                                                                                                                                                                                                                                                                                                                                                                                                                                                                                                                                                                                                                                                                                                                                                                                                                                                                                                                                                                                                                                                                                                                                                                                                                                                                                                                                                                                                                                                                                                                                                                                                                                                                                                                                                                                                                                                                                                                                                                                                                                                                                                                                                                                                                                                                                                                                                                                                                                                                                                                                                                                                                                                                                                                                                                                                                                                                                                                                                                                                                                                                                                                                                                                                                                                                                                                                                                                                                                                                                                                                                                                                                                                                                                                                                                                                                                                                                                                                                                                                                                                                                                                                                                                                                                                                                                                                                                                                                                                                                                                                                                                                                                                                                                                                                                                                                                                                                                                                                                                                                                                                                                                                                                                                                                                                                                                                                                                                                                                                                                                                                                                                                                                                                                                                                                                                                                                                                                                                                                                                                                                                                                                                                                                                                                                                                                                                                                                                                                                                                                                                                                                                                                                                                                                                                                                                                                                                                                                                                                                                                                                                                                                                                                                                                                                                                                                                                                                                                                                                                                                                                                                                                                                                                                                                                                                                                                                                                                                                                                                                                                                                                                                                                                                                                                                                                                                                                                                                                                                                                                                                                                                                                                                                                                                                                                                                                                                                                                                                                                                                                                                                                                                                                                                                                                                                                                                                                                                                                                                                                                                                                                                                                                                                                                                                                                                                                                                                                                                                                                                                                                                                                                                                                                                                                                                                                                                                                                                                                                                                                                                                                                                                                                                                                                                                                                                                                                                                                                                                                                                                                                                                                                                                                                                                                                                                                                                                                                                                                                                                                                                                                                                                                                                                                                                                                                                                                                                                                                                                                                                                                                                                                                                                                                                                                                                                                                                                                                                                                                                                                                                                                                                                                                                                                                                                                                                                                                                                                                                                                                                                                                                                                                                                                                                                                                                                                                                                                                                                                                                                                                                                                                                                                                                                                                                                                                                                                                                                                                                                                                                                                                                                                                                                                                                                                                                                                                                                                                                                                                                                                                                                                                                                                                                                                                                                                                                                                                                                                                                                                                                                                                                                                                                                                                                                                                                                                                                                                                                                                                                                                                                                                                                                                                                                                                                                                                                                                                                                                                                                                                                                                                                                                                                                                                                                                                                                                                                                                                                                                                                                                                                                                                                                                                                                                                                                                                                                                                                                                                                                                                                                                                                                                                                                                                                                                                                                                                                                                                                                                                                                                                                                                                                                                                                                                                                                                                                                                                                                                                                                                                                                                                                                                                                                                                                                                                                                                                                                                                                                                                                                                                                                                                                                                                                                                                                                                                                                                                                                                                                                                                                                                                                                                                                                                                                                                                                                                                                                                                                                                                                                                                                                                                                                                                                                                                                                                                                                                                                                                                                                                                                                                                                                                                                                                                                                                                                                                                                                                                                                                                                                                                                                                                                                                                                                                                                                                                                                                                                                                                                                                                                                                                                                                                                                                                                                                                                                                                                                                                                                                                                                                                                                                                                                                                                                                                                                                                                                                                                                                                                                                                                                                                                                                                                                                                                                                                                                                                                                                                                                                                                                                                                                                                                                                                                                                                                                                                                                                                                                                                                                                                                                                                                                                                                                                                                                                                                                                                                                                                                                                                                                                                                                                                                                                                                                                                                                                                                                                                                                                                                                                                                                                                                                                                                                                                                                                                                                                                                                                                                                                                                                                                                                                                                                                                                                                                                                                                                                                                                                                                                                                                                                                                                                                                                                                                                                                                                                                                                                                                                                                                                                                                                                                                                                                                                                                                                                                                                                                                                                                                                                                                                                                                                                                                                                                                                                                                                                                                                                                                                                                                                                                                                                                                                                                                                                                                                                                                                                                                                                                                                                                                                                                                                                                                                                                                                                                                                                                                                                                                                                                                                                                                                                                                                                                                                                                                                                                                                                                                                                                                                                                                                                                                                                                                                                                                                                                                                                                                                                                                                                                                                                                                                                                                                                                                                                                                                                                                                                                                                                                                                                                                                                                                                                                                                                                                                                                                                                                                                                                                                                                                                                                                                                                                                                                                                                                                                                                                                                                                                                                                                                                                                                                                                                                                                                                                                                                                                                                                                                                                                                                                                                                                                                                                                                                                                                                                                                                                                                                                                                                                                                                                                                                                                                                                                                                                                                                                                                                                                                                                                                                                                                                                                                                                                                                                                                                                                                                                                                                                                                                                                                                                                                                                                                                                                                                                                                                                                                                                                                                                                                                                                                                                                                                                                                                                                                                                                                                                                                                                                                                                                                                                                                                                                                                                                                                                                                                                                                                                                                                                                                                                                                                                                                                                                                                                                                                                                                                                                                                                                                                                                                                                                                                                                                                                                                                                                                                                                                                                                                                                                                                                                                                                                                                                                                                                                                                                                                                                                                                                                                                                                                                                                                                                                                                                                                                                                                                                                                                                                                                                                                                                                                                                                                                                                                                                                                                                                                                                                                                                                                                                                                                                                                                                                                                                                                                                                                                                                                                                                                                                                                                                                                                                                                                                                                                                                                                                                                                                                                                                                                                                                                                                                                                                                                                                                                                                                                                                                                                                                                                                                                                                                                                                                                                                                                                                                                                                                                                                                                                                                                                                                                                                                                                                                                                                                                                                                                                                                                                                                                                                                                                                                                                                                                                                                                                                                                                                                                                                                                                                                                                                                                                                                                                                                                                                                                                                                                                                                                                                                                                                                                                                                                                                                                                                                                                                                                                                                                                                                                                                                                                                                                                                                                                                                                                                                                                                                                                                                                                                                                                                                                                                                                                                                                                                                                                                                                                                                                                                                                                                                                                                                                                                                                                                                                                                                                                                                                                                                                                                                                                                                                                                                                                                                                                                                                                                                                                                                                                                                                                                                                                                                                                                                                                                                                                                                                                                                                                                                                                                                                                                                                                                                                                                                                                                                                                                                                                                                                                                                                                                                                                                                                                                                                                                                                                                                                                                                                                                                                                                                                                                                                                                                                                                                                                                                                                                                                                                                                                                                                                                                                                                                                                                                                                                                                                                                                                                                                                                                                                                                                                                                                                                                                                                                                                                                                                                                                                                                                                                                                                                                                                                                                                                                                                                                                                                                                                                                                                                                                                                                                                                                                                                                                                                                                                                                                                                                                                                                                                                                                                                                                                                                                                                                                                                                                                                                                                                                                                                                                                                                                                                                                                                                                                                                                                                                                                                                                                                                                                                                                                                                                                                                                                                                                                                                                                                                                                                                                                                                                                                                                                                                                                                                                                                                                                                                                                                                                                                                                                                                                                                                                                                                                                                                                                                                                                                                                                                                                                                                                                                                                                                                                                                                                                                                                                                                                                                                                                                                                                                                                                                                                                                                                                                                                                                                                                                                                                                                                                                                                                                                                                                                                                                                                                                                                                                                                                                                                                                                                                                                                                                                                                                                                                                                                                                                                                                                                                                                                                                                                                                                                                                                                                                                                                                                                                                                                                                                                                                                                                                                                                                                                                                                                                                                                                                                                                                                                                                                                                                                                                                                                                                                                                                                                                                                                                                                                                                                                                                                                                                                                                                                                                                                                                                                                                                                                                                                                                                                                                                                                                                                                                                                                                                                                                                                                                                                                                                                                                                                                                                                                                                                                                                                                                                                                                                                                                                                                                                                                                                                                                                                                                                                                                                                                                                                                                                                                                                                                                                                                                                                                                                                                                                                                                                                                                                                                                                                                                                                                                                                                                                                                                                                                                                                                                                                                                                                                                                                                                                                                                                                                                                                                                                                                                                                                                                                                                                                                                                                                                                                                                                                                                                                                                                                                                                                                                                                                                                                                                                                                                                                                                                                                                                                                                                                                                                                                                                                                                                                                                                                                                                                                                                                                                                                                                                                                                                                                                                                                                                                                                                                                                                                                                                                                                                                                                                                                                                                                                                                                                                                                                                                                                                                                                                                                                                                                                                                                                                                                                                                                                                                                                                                                                                                                                                                                                                                                                                                                                                                                                                                                                                                                                                                                                                                                                                                                                                                                                                                                                                                                                                                                                                                                                                                                                                                                                                                                                                                                                                                                                                                                                                                                                                                                                                                                                                                                                                                                                                                                                                                                                                                                                                                                                                                                                                                                                                                                                                                                                                                                                                                                                                                                                                                                                                                                                                                                                                                                                                                                                                                                                                                                                                                                                                                                                                                                                                                                                                                                                                                                                                                                                                                                                                                                                                                                                                                                                                                                                                                                                                                                                                                                                                                                                                                                                                                                                                                                                                                                                                                                                                                                                                                                                                                                                                                                                                                                                                                                                                                                                                                                                                                                                                                                                                                                                                                                                                                                                                                                                                                                                                                                                                                                                                                                                                                                                                                                                                                                                                                                                                                                                                                                                                                                                                                                                                                                                                                                                                                                                                                                                                                                                                                                                                                                                                                                                                                                                                                                                                                                                                                                                                                                                                                                                                                                                                                                                                                                                                                                                                                                                                                                                                                                                                                                                                                                                                                                                                                                                                                                                                                                                                                                                                                                                                                                                                                                                                                                                                                                                                                                                                                                                                                                                                                                                                                                                                                                                                                                                                                                                                                                                                                                                                                                                                                                                                                                                                                                                                                                                                                                                                                                                                                                                                                                                                                                                                                                                                                                                                                                                                                                                                                                                                                                                                                                                                                                                                                                                                                                                                                                                                                                                                                                                                                                                                                                                                                                                                                                                                                                                                                                                                                                                                                                                                                                                                                                                                                                                                                                                                                                                                                                                                                                                                                                                                                                                                                                                                                                                                                                                                                                                                                                                                                                                                                                                                                                                                                                                                                                                                                                                                                                                                                                                                                                                                                                                                                                                                                                                                                                                                                                                                                                                                                                                                                                                                                                                                                                                                                                                                                                                                                                                                                                                                                                                                                                                                                                                                                                                                                                                                                                                                                                                                                                                                                                                                                                                                                                                                                                                                                                                                                                                                                                                                                                                                                                                                                                                                                                                                                                                                                                                                                                                                                                                                                                                                                                                                                                                                                                                                                                                                                                                                                                                                                                                                                                                                                                                                                                                                                                                                                                                                                                                                                                                                                                                                                                                                                                                                                                                                                                                                                                                                                                                                                                                                                                                                                                                                                                                                                                                                                                                                                                                                                                                                                                                                                                                                                                                                                                                                                                                                                                                                                                                                                                                                                                                                                                                                                                                                                                                                                                                                                                                                                                                                                                                                                                                                                                                                                                                                                                                                                                                                                                                                                                                                                                                                                                                                                                                                                                                                                                                                                                                                                                                                                                                                                                                                                                                                                                                                                                                                                                                                                                                                                                                                                                                                                                                                                                                                                                                                                                                                                                                                                                                                                                                                                                                                                                                                                                                                                                                                                                                                                                                                                                                                                                                                                                                                                                                                                                                                                                                                                                                                                                                                                                                                                                                                                                                                                                                                                                                                                                                                                                                                                                                                                                                                                                                                                                                                                                                                                                                                                                                                                                                                                                                                                                                                                                                                                                                                                                                                                                                                                                                                                                                                                                                                                                                                                                                                                                                                                                                                                                                                                                                                                                                                                                                                                                                                                                                                                                                                                                                                                                                                                                                                                                                                                                                                                                                                                                                                                                                                                                                                                                                                                                                                                                                                                                                                                                                                                                                                                                                                                                                                                                                                                                                                                                                                                                                                                                                                                                                                                                                                                                                                                                                                                                                                                                                                                                                                                                                                                                                                                                                                                                                                                                                                                                                                                                                                                                                                                                                                                                                                                                                                                                                                                                                                                                                                                                                                                                                                                                                                                                                                                                                                                                                                                                                                                                                                                                                                                                                                                                                                                                                                                                                                                                                                                                                                                                                                                                                                                                                                                                                                                                                                                                                                                                                                                                                                                                                                                                                                                                                                                                                                                                                                                                                                                                                                                                                                                                                                                                                                                                                                                                                                                                                                                                                                                                                                                                                                                                                                                                                                                                                                                                                                                                                                                                                                                                                                                                                                                                                                                                                                                                                                                                                                                                                                                                                                                                                                                                                                                                                                                                                                                                                                                                                                                                                                                                                                                                                                                                                                                                                                                                                                                                                                                                                                                                                                                                                                                                                                                                                                                                                                                                                                                                                                                                                                                                                                                                                                                                                                                                                                                                                                                                                                                                                                                                                                                                                                                                                                                                                                                                                                                                                                                                                                                                                                                                                                                                                                                                                                                                                                                                                                                                                                                                                                                                                                                                                                                                                                                                                                                                                                                                                                                                                                                                                                                                                                                                                                                                                                                                                                                                                                                                                                                                                                                                                                                                                                                                                                                                                                                                                                                                                                                                                                                                                                                                                                                                                                                                                                                                                                                                                                                                                                                                                                                                                                                                                                                                                                                                                                                                                                                                                                                                                                                                                                                                                                                                                                                                                                                                                                                                                                                                                                                                                                                                                                                                                                                                                                                                                                                                                                                                                                                                                                                                                                                                                                                                                                                                                                                                                                                                                                                                                                                                                                                                                                                                                                                                                                                                                                                                                                                                                                                                                                                                                                                                                                                                                                                                                                                                                                                                                                                                                                                                                                                                                                                                                                                                                                                                                                                                                                                                                                                                                                                                                                                                                                                                                                                                                                                                                                                                                                                                                                                                                                                                                                                                                                                                                                                                                                                                                                                                                                                                                                                                                                                                                                                                                                                                                                                                                                                                                                                                                                                                                                                                                                                                                                                                                                                                                                                                                                                                                                                                                                                                                                                                                                                                                                                                                                                                                                                                                                                                                                                                                                                                                                                                                                                                                                                                                                                                                                                                                                                                                                                                                                                                                                                                                                                                                                                                                                                                                                                                                                                                                                                                                                                                                                                                                                                                                                                                                                                                                                                                                                                                                                                                                                                                                                                                                                                                                                                                                                                                                                                                                                                                                                                                                                                                                                                                                                                                                                                                                                                                                                                                                                                                                                                                                                                                                                                                                                                                                                                                                                                                                                                                                                                                                                                                                                                                                                                                                                                                                                                                                                                                                                                                                                                                                                                                                                                                                                                                                                                                                                                                                                                                                                                                                                                                                                                                                                                                                                                                                                                                                                                                                                                                                                                                                                                                                                                                                                                                                                                                                                                                                                                                                                                                                                                                                                                                                                                                                                                                                                                                                                                                                                                                                                                                                                                                                                                                                                                                                                                                                                                                                                                                                                                                                                                                                                                                                                                                                                                                                                                                                                                                                                                                                                                                                                                                                                                                                                                                                                                                                                                                                                                                                                                                                                                                                                                                                                                                                                                                                                                                                                                                                                                                                                                                                                                                                                                                                                                                                                                                                                                                                                                                                                                                                                                                                                                                                                                                                                                                                                                                                                                                                                                                                                                                                                                                                                                                                                                                                                                                                                                                                                                                                                                                                                                                                                                                                                                                                                                                                                                                                                                                                                                                                                                                                                                                                                                                                                                                                                                                                                                                                                                                                                                                                                                                                                                                                                                                                                                                                                                                                                                                                                                                                                                                                                                                                                                                                                                                                                                                                                                                                                                                                                                                                                                                                                                                                                                                                                                                                                                                                                                                                                                                                                                                                                                                                                                                                                                                                                                                                                                                                                                                                                                                                                                                                                                                                                                                                                                                                                                                                                                                                                                                                                                                                                                                                                                                                                                                                                                                                                                                                                                                                                                                                                                                                                                                                                                                                                                                                                                                                                                                                                                                                                                                                                                                                                                                                                                                                                                                                                                                                                                                                                                                                                                                                                                                                                                                                                                                                                                                                                                                                                                                                                                                                                                                                                                                                                                                                                                                                                                                                                                                                                                                                                                                                                                                                                                                                                                                                                                                                                                                                                                                                                                                                                                                                                                                                                                                                                                                                                                                                                                                                                                                                                                                                                                                                                                                                                                                                                                                                                                                                                                                                                                                                                                                                                                                                                                                                                                                                                                                                                                                                                                                                                                                                                                                                                                                                                                                                                                                                                                                                                                                                                                                                                                                                                                                                                                                                                                                                                                                                                                                                                                                                                                                                                                                                                                                                                                                                                                                                                                                                                                                                                                                                                                                                                                                                                                                                                                                                                                                                                                                                                                                                                                                                                                                                                                                                                                                                                                                                                                                                                                                                                                                                                                                                                                                                                                                                                                                                                                                                                                                                                                                                                                                                                                                                                                                                                                                                                                                                                                                                                                                                                                                                                                                                                                                                                                                                                                                                                                                                                                                                                                                                                                                                                                                                                                                                                                                                                                                                                                                                                                                                                                                                                                                                                                                                                                                                                                                                                                                                                                                                                                                                                                                                                                                                                                                                                                                                                                                                                                                                                                                                                                                                                                                                                                                                                                                                                                                                                                                                                                                                                                                                                                                                                                                                                                                                                                                                                                                                                                                                                                                                                                                                                                                                                                                                                                                                                                                                                                                                                                                                                                                                                                                                                                                                                                                                                                                                                                                                                                                                                                                                                                                                                                                                                                                                                                                                                                                                                                                                                                                                                                                                                                                                                                                                                                                                                                                                                                                                                                                                                                                                                                                                                                                                                                                                                                                                                                                                                                                                                                                                                                                                                                                                                                                                                                                                                                                                                                                                                                                                                                                                                                                                                                                                                                                                                                                                                                                                                                                                                                                                                                                                                                                                                                                                                                                                                                                                                                                                                                                                                                                                                                                                                                                                                                                                                                                                                                                                                                                                                                                                                                                                                                                                                                                                                                                                                                                                                                                                                                                                                                                                                                                                                                                                                                                                                                                                                                                                                                                                                                                                                                                                                                                                                                                                                                                                                                                                                                                                                                                                                                                                                                                                                                                                                                                                                                                                                                                                                                                                                                                                                                                                                                                                                                                                                                                                                                                                                                                                                                                                                                                                                                                                                                                                                                                                                                                                                                                                                                                                                                                                                                                                                                                                                                                                                                                                                                                                                                                                                                                                                                                                                                                                                                                                                                                                                                                                                                                                                                                                                                                                                                                                                                                                                                                                                                                                                                                                                                                                                                                                                                                                                                                                                                                                                                                                                                                                                                                                                                                                                                                                                                                                                                                                                                                                                                                                                                                                                                                                                                                                                                                                                                                                                                                                                                                                                                                                                                                                                                                                                                                                                                                                                                                                                                                                                                                                                                                                                                                                                                                                                                                                                                                                                                                                                                                                                                                                                                                                                                                                                                                                                                                                                                                                                                                                                                                                                                                                                                                                                                                                                                                                                                                                                                                                                                                                                                                                                                                                                                                                                                                                                                                                                                                                                                                                                                                                                                                                                                                                                                                                                                                                                                                                                                                                                                                                                                                                                                                                                                                                                                                                                                                                                                                                                                                                                                                                                                                                                                                                                                                                                                                                                                                                                                                                                                                                                                                                                                                                                                                                                                                                                                                                                                                                                                                                                                                                                                                                                                                                                                                                                                                                                                                                                                                                                                                                                                                                                                                                                                                                                                                                                                                                                                                                                                                                                                                                                                                                                                                                                                                                                                                                                                                                                                                                                                                                                                                                                                                                                                                                                                                                                                                                                                                                                                                                                                                                                                                                                                                                                                                                                                                                                                                                                                                                                                                                                                                                                                                                                                                                                                                                                                                                                                                                                                                                                                                                                                                                                                                                                                                                                                                                                                                                                                                                                                                                                                                                                                                                                                                                                                                                                                                                                                                                                                                                                                                                                                                                                                                                                                                                                                                                                                                                                                                                                                                                                                                                                                                                                                                                                                                                                                                                                                                                                                                                                                                                                                                                                                                                                                                                                                                                                                                                                                                                                                                                                                                                                                                                                                                                                                                                                                                                                                                                                                                                                                                                                                                                                                                                                                                                                                                                                                                                                                                                                                                                                                                                                                                                                                                                                                                                                                                                                                                                                                                                                                                                                                                                                                                                                                                                                                                                                                                                                                                                                                                                                                                                                                                                                                                                                                                                                                                                                                                                                                                                                                                                                                                                                                                                                                                                                                                                                                                                                                                                                                                                                                                                                                                                                                                                                                                                                                                                                                                                                                                                                                                                                                                                                                                                                                                                                                                                                                                                                                                                                                                                                                                                                                                                                                                                                                                                                                                                                                                                                                                                                                                                                                                                                                                                                                                                                                                                                                                                                                                                                                                                                                                                                                                                                                                                                                                                                                                                                                                                                                                                                                                                                                                                                                                                                                                                                                                                                                                                                                                                                                                                                                                                                                                                                                                                                                                                                                                                                                                                                                                                                                                                                                                                                                                                                                                                                                                                                                                                                                                                                                                                                                                                                                                                                                                                                                                                                                                                                                                                                                                                                                                                                                                                                                                                                                                                                                                                                                                                                                                                                                                                                                                                                                                                                                                                                                                                                                                                                                                                                                                                                                                                                                                                                                                                                                                                                                                                                                                                                                                                                                                                                                                                                                                                                                                                                                                                                                                                                                                                                                                                                                                                                                                                                                                                                                                                                                                                                                                                                                                                                                                                                                                                                                                                                                                                                                                                                                                                                                                                                                                                                                                                                                                                                                                                                                                                                                                                                                                                                                                                                                                                                                                                                                                                                                                                                                                                                                                                                                                                                                                                                                                                                                                                                                                                                                                                                                                                                                                                                                                                                                                                                                                                                                                                                                                                                                                                                                                                                                                                                                                                                                                                                                                                                                                                                                                                                                                                                                                                                                                                                                                                                                                                                                                                                                                                                                                                                                                                                                                                                                                                                                                                                                                                                                                                                                                                                                                                                                                                                                                                                                                                                                                                                                                                                                                     0,0,0,0,14.62851333618164,21.05664825439453,9.876983642578125
0,0,0,0,14.62860107421875,21.05657958984375,9.876998901367188
0,0,0,0,14.628671646118164,21.056415557861328,9.876991271972656
0,0,0,0,14.628721237182617,21.056259155273438,9.876945495605469
0,0,0,0,14.62867259979248,21.056089401245117,9.8768310546875
0,0,0,0,14.628664016723633,21.055814743041992,9.87664794921875
0,0,0,0,14.628586769104004,21.05561065673828,9.876518249511719
0,0,0,0,14.628622055053711,21.05537223815918,9.876373291015625
0,0,0,0,14.628610610961914,21.0551700592041,9.876228332519531
0,0,0,0,14.6287260055542,21.05497932434082,9.876182556152344
0,0,0,0,14.6287841796875,21.054853439331055,9.876152038574219
0,0,0,0,14.629009246826172,21.054595947265625,9.876136779785156
0,0,0,0,14.629104614257812,21.054475784301758,9.876129150390625
0,0,0,0,14.629271507263184,21.0543155670166,9.876113891601562
0,0,0,0,14.629439353942871,21.05425262451172,9.876121520996094
0,0,0,0,14.629613876342773,21.054174423217773,9.876144409179688
0,0,0,0,14.629773139953613,21.05417251586914,9.876205444335938
0,0,0,0,14.6300048828125,21.054126739501953,9.876319885253906
0,0,0,0,14.630208969116211,21.054115295410156,9.876434326171875
0,0,0,0,14.630399703979492,21.05408477783203,9.876541137695312
0,0,0,0,14.630698204040527,21.054058074951172,9.876693725585938
0,0,0,0,14.63089370727539,21.05406951904297,9.876800537109375
0,0,0,0,14.631171226501465,21.054079055786133,9.87689208984375
0,0,0,0,14.631412506103516,21.054180145263672,9.877021789550781
0,0,0,0,14.631660461425781,21.054229736328125,9.877151489257812
0,0,0,0,14.631807327270508,21.054397583007812,9.877311706542969
0,0,0,0,14.63207721710205,21.054636001586914,9.877555847167969
0,0,0,0,14.632147789001465,21.054889678955078,9.877784729003906
0,0,0,0,14.632262229919434,21.05507469177246,9.878082275390625
0,0,0,0,14.632257461547852,21.055418014526367,9.87860107421875
0,0,0,0,14.632270812988281,21.055635452270508,9.879058837890625
0,0,0,0,14.632179260253906,21.055940628051758,9.879608154296875
0,0,0,0,14.632054328918457,21.056303024291992,9.880363464355469
0,0,0,0,14.63192081451416,21.056636810302734,9.88092041015625
0,0,0,0,14.631813049316406,21.056928634643555,9.8814697265625
0,0,0,0,14.6317138671875,21.057395935058594,9.882164001464844
0,0,0,0,14.631599426269531,21.05772590637207,9.882644653320312
0,0,0,0,14.631519317626953,21.058053970336914,9.883079528808594
0,0,0,0,14.63139820098877,21.0584716796875,9.883628845214844
0,0,0,0,14.63137149810791,21.058725357055664,9.884010314941406
0,0,0,0,14.631251335144043,21.05901336669922,9.884376525878906
0,0,0,0,14.631219863891602,21.059322357177734,9.88482666015625
0,0,0,0,14.63113784790039,21.059572219848633,9.885147094726562
0,0,0,0,14.63117504119873,21.059722900390625,9.885520935058594
0,0,0,0,14.631131172180176,21.059953689575195,9.886016845703125
0,0,0,0,14.631169319152832,21.06000518798828,9.886367797851562
0,0,0,0,14.631120681762695,21.06009292602539,9.88665771484375
0,0,0,0,14.631109237670898,21.060060501098633,9.886985778808594
0,0,0,0,14.631070137023926,21.060068130493164,9.887130737304688
0,0,0,0,14.631067276000977,21.059999465942383,9.887237548828125
0,0,0,0,14.63104248046875,21.05995750427246,9.887336730957031
0,0,0,0,14.630988121032715,21.059871673583984,9.88739013671875
0,0,0,0,14.630948066711426,21.059772491455078,9.887435913085938
0,0,0,0,14.630850791931152,21.05960464477539,9.887489318847656
0,0,0,0,14.630809783935547,21.059404373168945,9.887496948242188
0,0,0,0,14.630714416503906,21.059326171875,9.887474060058594
0,0,0,0,14.630691528320312,21.05913734436035,9.887428283691406
0,0,0,0,14.630603790283203,21.058988571166992,9.887359619140625
0,0,0,0,14.630622863769531,21.05872344970703,9.887260437011719
0,0,0,0,14.63058853149414,21.05841064453125,9.88714599609375
0,0,0,0,14.630668640136719,21.058134078979492,9.887069702148438
0,0,0,0,14.630640029907227,21.057937622070312,9.88702392578125
0,0,0,0,14.63071346282959,21.057601928710938,9.886978149414062
0,0,0,0,14.630744934082031,21.057390213012695,9.886955261230469
0,0,0,0,14.63082504272461,21.057119369506836,9.886932373046875
0,0,0,0,14.630843162536621,21.056873321533203,9.886878967285156
0,0,0,0,14.630816459655762,21.056671142578125,9.886802673339844
0,0,0,0,14.630762100219727,21.056533813476562,9.886703491210938
0,0,0,0,14.630690574645996,21.05630111694336,9.886566162109375
0,0,0,0,14.6306791305542,21.056116104125977,9.886405944824219
0,0,0,0,14.630619049072266,21.055917739868164,9.886199951171875
0,0,0,0,14.630578994750977,21.055662155151367,9.885826110839844
0,0,0,0,14.630461692810059,21.055530548095703,9.885467529296875
0,0,0,0,14.630461692810059,21.055391311645508,9.885055541992188
0,0,0,0,14.630358695983887,21.055246353149414,9.884437561035156
0,0,0,0,14.63034439086914,21.055078506469727,9.883979797363281
0,0,0,0,14.630248069763184,21.054969787597656,9.883499145507812
0,0,0,0,14.63027572631836,21.05475616455078,9.882904052734375
0,0,0,0,14.630239486694336,21.0546875,9.882514953613281
0,0,0,0,14.630267143249512,21.0545597076416,9.882102966308594
0,0,0,0,14.630192756652832,21.05447006225586,9.881500244140625
0,0,0,0,14.630166053771973,21.05434799194336,9.880973815917969
0,0,0,0,14.630083084106445,21.054283142089844,9.88043212890625
0,0,0,0,14.629976272583008,21.054174423217773,9.879730224609375
0,0,0,0,14.62984848022461,21.05417823791504,9.879203796386719
0,0,0,0,14.629654884338379,21.054224014282227,9.878707885742188
0,0,0,0,14.62939739227295,21.05437660217285,9.878150939941406
0,0,0,0,14.62913990020752,21.054590225219727,9.877792358398438
0,0,0,0,14.62896728515625,21.054851531982422,9.877494812011719
0,0,0,0,14.628671646118164,21.055294036865234,9.877143859863281
0,0,0,0,14.62853717803955,21.055622100830078,9.87689208984375
0,0,0,0,14.628302574157715,21.056081771850586,9.876640319824219
0,0,0,0,14.628166198730469,21.056713104248047,9.876312255859375
0,0,0,0,14.628047943115234,21.057260513305664,9.876068115234375
0,0,0,0,14.628060340881348,21.057722091674805,9.8758544921875
0,0,0,0,14.627963066101074,21.05845832824707,9.8756103515625
0,0,0,0,14.62792682647705,21.0589542388916,9.87548828125
0,0,0,0,14.627824783325195,21.059539794921875,9.875396728515625
0,0,0,0,14.627766609191895,21.060300827026367,9.875335693359375
0,0,0,0,14.627691268920898,21.060945510864258,9.875350952148438
0,0,0,0,14.627596855163574,21.06157684326172,9.875434875488281
0,0,0,0,14.627458572387695,21.062467575073242,9.875617980957031
0,0,0,0,14.627310752868652,21.063106536865234,9.875778198242188
0,0,0,0,14.627209663391113,21.063711166381836,9.875930786132812
0,0,0,0,14.627006530761719,21.06452751159668,9.876182556152344
0,0,0,0,14.62690258026123,21.06511688232422,9.876396179199219
0,0,0,0,14.626704216003418,21.06572914123535,9.876625061035156
0,0,0,0,14.626519203186035,21.066463470458984,9.876998901367188
0,0,0,0,14.626306533813477,21.06706428527832,9.877349853515625
0,0,0,0,14.62619400024414,21.067594528198242,9.877731323242188
0,0,0,0,14.625913619995117,21.068347930908203,9.878288269042969
0,0,0,0,14.625778198242188,21.068805694580078,9.878715515136719
0,0,0,0,14.62557315826416,21.069316864013672,9.879158020019531
0,0,0,0,14.62535285949707,21.069860458374023,9.879707336425781
0,0,0,0,14.62515640258789,21.07029914855957,9.880119323730469
0,0,0,0,14.624979019165039,21.070661544799805,9.880531311035156
0,0,0,0,14.624724388122559,21.07115364074707,9.881057739257812
0,0,0,0,14.624520301818848,21.07148551940918,9.881439208984375
0,0,0,0,14.624321937561035,21.071792602539062,9.881813049316406
0,0,0,0,14.624015808105469,21.072118759155273,9.882339477539062
0,0,0,0,14.623835563659668,21.072317123413086,9.882774353027344
0,0,0,0,14.623565673828125,21.072479248046875,9.883224487304688
0,0,0,0,14.623303413391113,21.072635650634766,9.88385009765625
0,0,0,0,14.623044967651367,21.072765350341797,9.884323120117188
0,0,0,0,14.622899055480957,21.072818756103516,9.884765625
0,0,0,0,14.622574806213379,21.072898864746094,9.885330200195312
0,0,0,0,14.62243938446045,21.0728702545166,9.8857421875
0,0,0,0,14.622221946716309,21.072908401489258,9.886138916015625
0,0,0,0,14.62206745147705,21.072805404663086,9.8865966796875
0,0,0,0,14.621905326843262,21.072751998901367,9.886886596679688
0,0,0,0,14.621831893920898,21.072620391845703,9.887130737304688
0,0,0,0,14.621688842773438,21.072511672973633,9.887428283691406
0,0,0,0,14.621604919433594,21.072399139404297,9.887626647949219
0,0,0,0,14.621541976928711,21.07233428955078,9.887786865234375
0,0,0,0,14.621459007263184,21.072216033935547,9.887908935546875
0,0,0,0,14.621421813964844,21.072179794311523,9.887916564941406
0,0,0,0,14.621356010437012,21.072179794311523,9.887870788574219
0,0,0,0,14.621313095092773,21.072189331054688,9.887710571289062
0,0,0,0,14.621200561523438,21.072221755981445,9.887489318847656
0,0,0,0,14.621155738830566,21.07220458984375,9.88720703125
0,0,0,0,14.620963096618652,21.072216033935547,9.886749267578125
0,0,0,0,14.620893478393555,21.072181701660156,9.886360168457031
0,0,0,0,14.620747566223145,21.072237014770508,9.885940551757812
0,0,0,0,14.620696067810059,21.072269439697266,9.885360717773438
0,0,0,0,14.62060832977295,21.072383880615234,9.884933471679688
0,0,0,0,14.620625495910645,21.072425842285156,9.884506225585938
0,0,0,0,14.620593070983887,21.072566986083984,9.883949279785156
0,0,0,0,14.620614051818848,21.0726318359375,9.883560180664062
0,0,0,0,14.620600700378418,21.072784423828125,9.883216857910156
0,0,0,0,14.62060832977295,21.072973251342773,9.882820129394531
0,0,0,0,14.620634078979492,21.07317352294922,9.882553100585938
0,0,0,0,14.620641708374023,21.0733585357666,9.882308959960938
0,0,0,0,14.620708465576172,21.07362174987793,9.882087707519531
0,0,0,0,14.620758056640625,21.0738468170166,9.881988525390625
0,0,0,0,14.620966911315918,21.074085235595703,9.8819580078125
0,0,0,0,14.621249198913574,21.074447631835938,9.882095336914062
0,0,0,0,14.621649742126465,21.074695587158203,9.882469177246094
0,0,0,0,14.622320175170898,21.075164794921875,9.882957458496094
0,0,0,0,14.62486743927002,21.076509475708008,9.883636474609375
0,0,0,0,14.627066612243652,21.077573776245117,9.884017944335938
0,0,0,0,14.629740715026855,21.078704833984375,9.884391784667969
0,0,0,0,14.632854461669922,21.080059051513672,9.884696960449219
0,0,0,0,14.636513710021973,21.081520080566406,9.884933471679688
0,0,0,0,14.640625953674316,21.083192825317383,9.885086059570312
0,0,0,0,14.646866798400879,21.085556030273438,9.885154724121094
0,0,0,0,14.652046203613281,21.087562561035156,9.885162353515625
0,0,0,0,14.657681465148926,21.089675903320312,9.8851318359375
0,0,0,0,14.665925979614258,21.092849731445312,9.885093688964844
0,0,0,0,14.672709465026855,21.09548568725586,9.885047912597656
0,0,0,0,14.68010139465332,21.09836196899414,9.885017395019531
0,0,0,0,14.690892219543457,21.10255241394043,9.885108947753906
0,0,0,0,14.699880599975586,21.105985641479492,9.88519287109375
0,0,0,0,14.709500312805176,21.109722137451172,9.885299682617188
0,0,0,0,14.7235689163208,21.115081787109375,9.885406494140625
0,0,0,0,14.734870910644531,21.119478225708008,9.885490417480469
0,0,0,0,14.746953964233398,21.124073028564453,9.885581970214844
0,0,0,0,14.763965606689453,21.130695343017578,9.885688781738281
0,0,0,0,14.777531623840332,21.13591194152832,9.885749816894531
0,0,0,0,14.791632652282715,21.14142417907715,9.885833740234375
0,0,0,0,14.811387062072754,21.149072647094727,9.885940551757812
0,0,0,0,14.826815605163574,21.155153274536133,9.886024475097656
0,0,0,0,14.842827796936035,21.161422729492188,9.886085510253906
0,0,0,0,14.865015983581543,21.170236587524414,9.886138916015625
0,0,0,0,14.88229751586914,21.177162170410156,9.886146545410156
0,0,0,0,14.900182723999023,21.184419631958008,9.886138916015625
0,0,0,0,14.925000190734863,21.194555282592773,9.886123657226562
0,0,0,0,14.944466590881348,21.202571868896484,9.886054992675781
0,0,0,0,14.964594841003418,21.21101951599121,9.885948181152344
0,0,0,0,14.992746353149414,21.222915649414062,9.88568115234375
0,0,0,0,15.014808654785156,21.23237419128418,9.885383605957031
0,0,0,0,15.037863731384277,21.242229461669922,9.885002136230469
0,0,0,0,15.069892883300781,21.256160736083984,9.884422302246094
0,0,0,0,15.095100402832031,21.267126083374023,9.883934020996094
0,0,0,0,15.121169090270996,21.278648376464844,9.883392333984375
0,0,0,0,15.157548904418945,21.29467010498047,9.88262939453125
0,0,0,0,15.185942649841309,21.307329177856445,9.882095336914062
0,0,0,0,15.215388298034668,21.320383071899414,9.881553649902344
0,0,0,0,15.25610065460205,21.33858871459961,9.880821228027344
0,0,0,0,15.287765502929688,21.352750778198242,9.880294799804688
0,0,0,0,15.320379257202148,21.367443084716797,9.87982177734375
0,0,0,0,15.365330696105957,21.387771606445312,9.879249572753906
0,0,0,0,15.4002046585083,21.403602600097656,9.878868103027344
0,0,0,0,15.435996055603027,21.41989517211914,9.878585815429688
0,0,0,0,15.485213279724121,21.442350387573242,9.878326416015625
0,0,0,0,15.52308464050293,21.459745407104492,9.878196716308594
0,0,0,0,15.561881065368652,21.477523803710938,9.878105163574219
0,0,0,0,15.614839553833008,21.501901626586914,9.878067016601562
0,0,0,0,15.65560245513916,21.52059555053711,9.878120422363281
0,0,0,0,15.69711685180664,21.53974723815918,9.878265380859375
0,0,0,0,15.753807067871094,21.56572151184082,9.878639221191406
0,0,0,0,15.797120094299316,21.58563804626465,9.878997802734375
0,0,0,0,15.841239929199219,21.60580825805664,9.879409790039062
0,0,0,0,15.901056289672852,21.633289337158203,9.880088806152344
0,0,0,0,15.946660995483398,21.65418815612793,9.880661010742188
0,0,0,0,15.992770195007324,21.675416946411133,9.881263732910156
0,0,0,0,16.055099487304688,21.704071044921875,9.882164001464844
0,0,0,0,16.102418899536133,21.725881576538086,9.882850646972656
0,0,0,0,16.150188446044922,21.74790382385254,9.883506774902344
0,0,0,0,16.21458625793457,21.777650833129883,9.884346008300781
0,0,0,0,16.263286590576172,21.800180435180664,9.884956359863281
0,0,0,0,16.312419891357422,21.822845458984375,9.885581970214844
0,0,0,0,16.378353118896484,21.853302001953125,9.886436462402344
0,0,0,0,16.4282283782959,21.87624168395996,9.887100219726562
0,0,0,0,16.47827911376953,21.899328231811523,9.887771606445312
0,0,0,0,16.54551124572754,21.930164337158203,9.888671875
0,0,0,0,16.596126556396484,21.95344352722168,9.889335632324219
0,0,0,0,16.64706039428711,21.976726531982422,9.889968872070312
0,0,0,0,16.715181350708008,22.007911682128906,9.890769958496094
0,0,0,0,16.766538619995117,22.03127670288086,9.891304016113281
0,0,0,0,16.81797218322754,22.054729461669922,9.891822814941406
0,0,0,0,16.886837005615234,22.08591651916504,9.892494201660156
0,0,0,0,16.938631057739258,22.109357833862305,9.892967224121094
0,0,0,0,16.99053382873535,22.132755279541016,9.893417358398438
0,0,0,0,17.077213287353516,22.1717586517334,9.894073486328125
0,0,0,0,17.111892700195312,22.187335968017578,9.894302368164062
0,0,0,0,17.16404151916504,22.210662841796875,9.894599914550781
0,0,0,0,17.233579635620117,22.2416934967041,9.894889831542969
0,0,0,0,17.285818099975586,22.264867782592773,9.894989013671875
0,0,0,0,17.337970733642578,22.287992477416992,9.89501953125
0,0,0,0,17.4075927734375,22.318647384643555,9.89495849609375
0,0,0,0,17.459749221801758,22.341630935668945,9.894844055175781
0,0,0,0,17.511993408203125,22.36448860168457,9.894683837890625
0,0,0,0,17.58157730102539,22.394895553588867,9.894454956054688
0,0,0,0,17.63387107849121,22.41756820678711,9.894218444824219
0,0,0,0,17.686092376708984,22.44024658203125,9.893951416015625
0,0,0,0,17.755756378173828,22.47022247314453,9.893577575683594
0,0,0,0,17.807939529418945,22.492658615112305,9.893341064453125
0,0,0,0,17.860151290893555,22.514986038208008,9.893150329589844
0,0,0,0,17.929683685302734,22.544740676879883,9.892959594726562
0,0,0,0,17.981788635253906,22.56694984436035,9.892845153808594
0,0,0,0,18.033893585205078,22.58913230895996,9.892768859863281
0,0,0,0,18.103286743164062,22.61858367919922,9.892753601074219
0,0,0,0,18.155372619628906,22.64058494567871,9.892814636230469
0,0,0,0,18.207380294799805,22.662578582763672,9.892913818359375
0,0,0,0,18.27680015563965,22.69182777404785,9.893081665039062
0,0,0,0,18.328807830810547,22.713748931884766,9.893241882324219
0,0,0,0,18.38096046447754,22.735565185546875,9.893424987792969
0,0,0,0,18.450422286987305,22.76464080810547,9.893730163574219
0,0,0,0,18.502599716186523,22.786346435546875,9.894020080566406
0,0,0,0,18.554704666137695,22.80813980102539,9.894325256347656
0,0,0,0,18.62433624267578,22.837177276611328,9.894767761230469
0,0,0,0,18.676570892333984,22.85904312133789,9.895118713378906
0,0,0,0,18.728952407836914,22.88088607788086,9.895484924316406
0,0,0,0,18.798786163330078,22.91013526916504,9.89605712890625
0,0,0,0,18.851228713989258,22.932064056396484,9.896530151367188
0,0,0,0,18.903705596923828,22.954063415527344,9.897003173828125
0,0,0,0,18.973758697509766,22.983421325683594,9.897659301757812
0,0,0,0,19.02640151977539,23.005544662475586,9.898155212402344
0,0,0,0,19.079076766967773,23.027738571166992,9.898666381835938
0,0,0,0,19.14948844909668,23.057453155517578,9.899345397949219
0,0,0,0,19.20233154296875,23.0798282623291,9.899864196777344
0,0,0,0,19.25528907775879,23.102191925048828,9.900421142578125
0,0,0,0,19.32588768005371,23.132068634033203,9.90118408203125
0,0,0,0,19.378971099853516,23.1544246673584,9.901771545410156
0,0,0,0,19.43193244934082,23.176849365234375,9.90240478515625
0,0,0,0,19.520244598388672,23.214187622070312,9.903564453125
0,0,0,0,19.55555534362793,23.229169845581055,9.904060363769531
0,0,0,0,19.60858154296875,23.2515869140625,9.904823303222656
0,0,0,0,19.679218292236328,23.281583786010742,9.905838012695312
0,0,0,0,19.73224639892578,23.304012298583984,9.9066162109375
0,0,0,0,19.78521156311035,23.326480865478516,9.907386779785156
0,0,0,0,19.85584259033203,23.356369018554688,9.908432006835938
0,0,0,0,19.908781051635742,23.37879753112793,9.909217834472656
0,0,0,0,19.9616756439209,23.401153564453125,9.910003662109375
0,0,0,0,20.032207489013672,23.430906295776367,9.911087036132812
0,0,0,0,20.08504867553711,23.453197479248047,9.911918640136719
0,0,0,0,20.137941360473633,23.4754695892334,9.912765502929688
0,0,0,0,20.2083797454834,23.505149841308594,9.913909912109375
0,0,0,0,20.26129722595215,23.527362823486328,9.914764404296875
0,0,0,0,20.314098358154297,23.549602508544922,9.915596008300781
0,0,0,0,20.384601593017578,23.579145431518555,9.916717529296875
0,0,0,0,20.437381744384766,23.601354598999023,9.917610168457031
0,0,0,0,20.490236282348633,23.62344741821289,9.91851806640625
0,0,0,0,20.560546875,23.65290641784668,9.919792175292969
0,0,0,0,20.613306045532227,23.67490577697754,9.920822143554688
0,0,0,0,20.66596794128418,23.696935653686523,9.921920776367188
0,0,0,0,20.73617935180664,23.726173400878906,9.923446655273438
0,0,0,0,20.788772583007812,23.748123168945312,9.924659729003906
0,0,0,0,20.84133529663086,23.7700138092041,9.925949096679688
0,0,0,0,20.91135025024414,23.799198150634766,9.927772521972656
0,0,0,0,20.963764190673828,23.82103729248047,9.929214477539062
0,0,0,0,21.016159057617188,23.842838287353516,9.930686950683594
0,0,0,0,21.0859375,23.87181854248047,9.932785034179688
0,0,0,0,21.138347625732422,23.893510818481445,9.934440612792969
0,0,0,0,21.190671920776367,23.915191650390625,9.936172485351562
0,0,0,0,21.260576248168945,23.94398307800293,9.938529968261719
0,0,0,0,21.312973022460938,23.965560913085938,9.9403076171875
0,0,0,0,21.365488052368164,23.98704719543457,9.942100524902344
0,0,0,0,21.43537712097168,24.015729904174805,9.944465637207031
0,0,0,0,21.48784065246582,24.037158966064453,9.946212768554688
0,0,0,0,21.540203094482422,24.058639526367188,9.947921752929688
0,0,0,0,21.610044479370117,24.08718490600586,9.95013427734375
0,0,0,0,21.66236686706543,24.10865020751953,9.951713562011719
0,0,0,0,21.71471405029297,24.130043029785156,9.953208923339844
0,0,0,0,21.784475326538086,24.158681869506836,9.955093383789062
0,0,0,0,21.83683967590332,24.180164337158203,9.9564208984375
0,0,0,0,21.8892822265625,24.20171356201172,9.957649230957031
0,0,0,0,21.95924949645996,24.23048210144043,9.959175109863281
0,0,0,0,22.011798858642578,24.252090454101562,9.960212707519531
0,0,0,0,22.064254760742188,24.27375030517578,9.961174011230469
0,0,0,0,22.134254455566406,24.302698135375977,9.962310791015625
0,0,0,0,22.18669891357422,24.324487686157227,9.963104248046875
0,0,0,0,22.239267349243164,24.346240997314453,9.963821411132812
0,0,0,0,22.309247970581055,24.37529182434082,9.9647216796875
0,0,0,0,22.36176109313965,24.396989822387695,9.965278625488281
0,0,0,0,22.414142608642578,24.41873550415039,9.965690612792969
0,0,0,0,22.483854293823242,24.447551727294922,9.966026306152344
0,0,0,0,22.53578758239746,24.469057083129883,9.96612548828125
0,0,0,0,22.58742332458496,24.490306854248047,9.966117858886719
0,0,0,0,22.65548324584961,24.518430709838867,9.965972900390625
0,0,0,0,22.70588493347168,24.539230346679688,9.965766906738281
0,0,0,0,22.75560188293457,24.55979347229004,9.965461730957031
0,0,0,0,22.820676803588867,24.586631774902344,9.964912414550781
0,0,0,0,22.86844825744629,24.606298446655273,9.96441650390625
0,0,0,0,22.9151554107666,24.62556266784668,9.963859558105469
0,0,0,0,22.975833892822266,24.650550842285156,9.96307373046875
0,0,0,0,23.01997184753418,24.668746948242188,9.962448120117188
0,0,0,0,23.063016891479492,24.68641471862793,9.961837768554688
0,0,0,0,23.118364334106445,24.709291458129883,9.961036682128906
0,0,0,0,23.158458709716797,24.72579002380371,9.960456848144531
0,0,0,0,23.1971492767334,24.741836547851562,9.959884643554688
0,0,0,0,23.246816635131836,24.762340545654297,9.95916748046875
0,0,0,0,23.282445907592773,24.777143478393555,9.958648681640625
0,0,0,0,23.316823959350586,24.79131507873535,9.958168029785156
0,0,0,0,23.360502243041992,24.809484481811523,9.9576416015625
0,0,0,0,23.39180564880371,24.822423934936523,9.957443237304688
0,0,0,0,23.422100067138672,24.83478546142578,9.95733642578125
0,0,0,0,23.46136474609375,24.850107192993164,9.957290649414062
0,0,0,0,23.489891052246094,24.860918045043945,9.957344055175781
0,0,0,0,23.517555236816406,24.871129989624023,9.957511901855469
0,0,0,0,23.553180694580078,24.883827209472656,9.957862854003906
0,0,0,0,23.578941345214844,24.89267349243164,9.95819091796875
0,0,0,0,23.60396385192871,24.90096092224121,9.958564758300781
0,0,0,0,23.63603401184082,24.911191940307617,9.959129333496094
0,0,0,0,23.659305572509766,24.918190002441406,9.959609985351562
0,0,0,0,23.681791305541992,24.92472267150879,9.960090637207031
0,0,0,0,23.710880279541016,24.932600021362305,9.960731506347656
0,0,0,0,23.731914520263672,24.93796157836914,9.961196899414062
0,0,0,0,23.752487182617188,24.942750930786133,9.961639404296875
0,0,0,0,23.779048919677734,24.948484420776367,9.962211608886719
0,0,0,0,23.798566818237305,24.952180862426758,9.962623596191406
0,0,0,0,23.817697525024414,24.955463409423828,9.962989807128906
0,0,0,0,23.842863082885742,24.9589900970459,9.96343994140625
0,0,0,0,23.861459732055664,24.961158752441406,9.963729858398438
0,0,0,0,23.879928588867188,24.962785720825195,9.963966369628906
0,0,0,0,23.904298782348633,24.964277267456055,9.964218139648438
0,0,0,0,23.922426223754883,24.96487045288086,9.96435546875
0,0,0,0,23.940570831298828,24.96506118774414,9.9644775390625
0,0,0,0,23.96472930908203,24.96466636657715,9.964530944824219
0,0,0,0,23.982908248901367,24.963855743408203,9.96453857421875
0,0,0,0,24.001005172729492,24.96268081665039,9.964561462402344
0,0,0,0,24.0252628326416,24.960542678833008,9.964630126953125
0,0,0,0,24.043516159057617,24.958541870117188,9.964698791503906
0,0,0,0,24.062076568603516,24.95611000061035,9.964790344238281
0,0,0,0,24.08719253540039,24.952350616455078,9.964973449707031
0,0,0,0,24.106590270996094,24.949005126953125,9.965118408203125
0,0,0,0,24.126422882080078,24.945322036743164,9.965248107910156
0,0,0,0,24.153902053833008,24.93963050842285,9.965278625488281
0,0,0,0,24.17531967163086,24.934886932373047,9.965179443359375
0,0,0,0,24.197641372680664,24.929616928100586,9.964950561523438
0,0,0,0,24.228723526000977,24.92190933227539,9.964462280273438
0,0,0,0,24.25310516357422,24.915496826171875,9.963912963867188
0,0,0,0,24.27849769592285,24.908601760864258,9.963211059570312
0,0,0,0,24.313899993896484,24.898584365844727,9.96209716796875
0,0,0,0,24.3416748046875,24.890453338623047,9.961135864257812
0,0,0,0,24.370410919189453,24.88182258605957,9.960121154785156
0,0,0,0,24.410415649414062,24.869468688964844,9.95867919921875
0,0,0,0,24.441558837890625,24.85962677001953,9.957557678222656
0,0,0,0,24.47383689880371,24.849245071411133,9.956367492675781
0,0,0,0,24.518333435058594,24.834718704223633,9.954727172851562
0,0,0,0,24.552902221679688,24.823196411132812,9.95343017578125
0,0,0,0,24.588308334350586,24.811254501342773,9.952125549316406
0,0,0,0,24.637001037597656,24.794464111328125,9.9503173828125
0,0,0,0,24.674480438232422,24.781322479248047,9.948951721191406
0,0,0,0,24.712890625,24.767597198486328,9.947547912597656
0,0,0,0,24.765302658081055,24.74855613708496,9.945579528808594
0,0,0,0,24.805522918701172,24.733604431152344,9.944061279296875
0,0,0,0,24.846437454223633,24.718202590942383,9.942520141601562
0,0,0,0,24.90212059020996,24.696834564208984,9.940399169921875
0,0,0,0,24.944721221923828,24.680192947387695,9.93878173828125
0,0,0,0,24.987953186035156,24.663040161132812,9.937171936035156
0,0,0,0,25.04663848876953,24.639446258544922,9.935066223144531
0,0,0,0,25.091318130493164,24.62120819091797,9.933509826660156
0,0,0,0,25.136661529541016,24.602466583251953,9.931976318359375
0,0,0,0,25.197904586791992,24.576736450195312,9.929985046386719
0,0,0,0,25.244548797607422,24.556793212890625,9.92852783203125
0,0,0,0,25.291641235351562,24.536436080932617,9.927131652832031
0,0,0,0,25.355302810668945,24.508493423461914,9.925300598144531
0,0,0,0,25.403488159179688,24.487117767333984,9.923957824707031
0,0,0,0,25.452163696289062,24.465251922607422,9.922660827636719
0,0,0,0,25.517597198486328,24.435588836669922,9.920982360839844
0,0,0,0,25.567167282104492,24.412887573242188,9.919754028320312
0,0,0,0,25.617036819458008,24.389957427978516,9.918571472167969
0,0,0,0,25.68402099609375,24.35889434814453,9.917068481445312
0,0,0,0,25.734586715698242,24.33536148071289,9.915969848632812
0,0,0,0,25.785398483276367,24.311603546142578,9.914871215820312
0,0,0,0,25.853591918945312,24.279741287231445,9.913330078125
0,0,0,0,25.904937744140625,24.255727767944336,9.912124633789062
0,0,0,0,25.956525802612305,24.231632232666016,9.910911560058594
0,0,0,0,26.02544593811035,24.19941520690918,9.909339904785156
0,0,0,0,26.07740592956543,24.175230026245117,9.908172607421875
0,0,0,0,26.129411697387695,24.151103973388672,9.906974792480469
0,0,0,0,26.199077606201172,24.118961334228516,9.905311584472656
0,0,0,0,26.251432418823242,24.095102310180664,9.904014587402344
0,0,0,0,26.304033279418945,24.071380615234375,9.902717590332031
0,0,0,0,26.374284744262695,24.0401611328125,9.900962829589844
0,0,0,0,26.42719841003418,24.016950607299805,9.899650573730469
0,0,0,0,26.480209350585938,23.994077682495117,9.898361206054688
0,0,0,0,26.551197052001953,23.964027404785156,9.896682739257812
0,0,0,0,26.60456657409668,23.94196891784668,9.895469665527344
0,0,0,0,26.658111572265625,23.920238494873047,9.894287109375
0,0,0,0,26.729705810546875,23.8919734954834,9.892723083496094
0,0,0,0,26.78352928161621,23.871341705322266,9.891571044921875
0,0,0,0,26.837539672851562,23.851282119750977,9.890426635742188
0,0,0,0,26.909780502319336,23.82541847229004,9.888885498046875
0,0,0,0,26.964200973510742,23.806682586669922,9.887687683105469
0,0,0,0,27.018714904785156,23.788654327392578,9.886459350585938
0,0,0,0,27.09174346923828,23.76565933227539,9.884773254394531
0,0,0,0,27.146636962890625,23.74932289123535,9.88348388671875
0,0,0,0,27.201826095581055,23.73371124267578,9.8822021484375
0,0,0,0,27.275571823120117,23.714221954345703,9.88043212890625
0,0,0,0,27.33118438720703,23.700511932373047,9.879081726074219
0,0,0,0,27.38688850402832,23.687742233276367,9.877723693847656
0,0,0,0,27.461488723754883,23.67197036743164,9.87591552734375
0,0,0,0,27.517576217651367,23.661239624023438,9.874549865722656
0,0,0,0,27.57387351989746,23.651317596435547,9.873199462890625
0,0,0,0,27.649080276489258,23.639503479003906,9.871429443359375
0,0,0,0,27.705577850341797,23.631637573242188,9.870140075683594
0,0,0,0,27.76215934753418,23.624691009521484,9.868843078613281
0,0,0,0,27.837646484375,23.616817474365234,9.867156982421875
0,0,0,0,27.894363403320312,23.61199378967285,9.865890502929688
0,0,0,0,27.951026916503906,23.60813331604004,9.864601135253906
0,0,0,0,28.02663230895996,23.604393005371094,9.862892150878906
0,0,0,0,28.08320426940918,23.602725982666016,9.861686706542969
0,0,0,0,28.139833450317383,23.60196304321289,9.860542297363281
0,0,0,0,28.21518325805664,23.602445602416992,9.859176635742188
0,0,0,0,28.271747589111328,23.60380744934082,9.858245849609375
0,0,0,0,28.328195571899414,23.606115341186523,9.857398986816406
0,0,0,0,28.40347671508789,23.610431671142578,9.856430053710938
0,0,0,0,28.459806442260742,23.61476707458496,9.855781555175781
0,0,0,0,28.51616096496582,23.619882583618164,9.855224609375
0,0,0,0,28.591205596923828,23.62799644470215,9.854606628417969
0,0,0,0,28.647436141967773,23.6348934173584,9.854263305664062
0,0,0,0,28.703550338745117,23.64255714416504,9.85400390625
0,0,0,0,28.778282165527344,23.65380096435547,9.853805541992188
0,0,0,0,28.834251403808594,23.66301155090332,9.853736877441406
0,0,0,0,28.890077590942383,23.67283058166504,9.85369873046875
0,0,0,0,28.964405059814453,23.686914443969727,9.853683471679688
0,0,0,0,29.019977569580078,23.698225021362305,9.853706359863281
0,0,0,0,29.07552719116211,23.710052490234375,9.853797912597656
0,0,0,0,29.14932632446289,23.726665496826172,9.854034423828125
0,0,0,0,29.20464515686035,23.73965835571289,9.854316711425781
0,0,0,0,29.259780883789062,23.753145217895508,9.854606628417969
0,0,0,0,29.33329200744629,23.7717342376709,9.855003356933594
0,0,0,0,29.388229370117188,23.786182403564453,9.855323791503906
0,0,0,0,29.4431209564209,23.800922393798828,9.855659484863281
0,0,0,0,29.515993118286133,23.82125473022461,9.856086730957031
0,0,0,0,29.57050895690918,23.83685302734375,9.856391906738281
0,0,0,0,29.624839782714844,23.85282325744629,9.856689453125
0,0,0,0,29.697172164916992,23.87451171875,9.857048034667969
0,0,0,0,29.75133514404297,23.89110565185547,9.857261657714844
0,0,0,0,29.805418014526367,23.907909393310547,9.857414245605469
0,0,0,0,29.877513885498047,23.930715560913086,9.857536315917969
0,0,0,0,29.93154525756836,23.948123931884766,9.857559204101562
0,0,0,0,29.985641479492188,23.96576499938965,9.85748291015625
0,0,0,0,30.05771255493164,23.98965072631836,9.85723876953125
0,0,0,0,30.11188316345215,24.00775718688965,9.856948852539062
0,0,0,0,30.16600227355957,24.02611541748047,9.8565673828125
0,0,0,0,30.23828887939453,24.050832748413086,9.855987548828125
0,0,0,0,30.292438507080078,24.069622039794922,9.855560302734375
0,0,0,0,30.346704483032227,24.08846664428711,9.855125427246094
0,0,0,0,30.41896629333496,24.113876342773438,9.854560852050781
0,0,0,0,30.473236083984375,24.133020401000977,9.854141235351562
0,0,0,0,30.527442932128906,24.152359008789062,9.853767395019531
0,0,0,0,30.59979248046875,24.178190231323242,9.853385925292969
0,0,0,0,30.654029846191406,24.197656631469727,9.8531494140625
0,0,0,0,30.708232879638672,24.21710968017578,9.852912902832031
0,0,0,0,30.780475616455078,24.243112564086914,9.852622985839844
0,0,0,0,30.834644317626953,24.262619018554688,9.852455139160156
0,0,0,0,30.888856887817383,24.28215980529785,9.852310180664062
0,0,0,0,30.96109962463379,24.308246612548828,9.852149963378906
0,0,0,0,31.015329360961914,24.32777214050293,9.852073669433594
0,0,0,0,31.069494247436523,24.347305297851562,9.852043151855469
0,0,0,0,31.14186668395996,24.3732967376709,9.852066040039062
0,0,0,0,31.196081161499023,24.392854690551758,9.852127075195312
0,0,0,0,31.25041961669922,24.412378311157227,9.852218627929688
0,0,0,0,31.322765350341797,24.43851089477539,9.852363586425781
0,0,0,0,31.377134323120117,24.458053588867188,9.852493286132812
0,0,0,0,31.43140983581543,24.47765350341797,9.852645874023438
0,0,0,0,31.503862380981445,24.5036563873291,9.852912902832031
0,0,0,0,31.558143615722656,24.523193359375,9.853172302246094
0,0,0,0,31.612468719482422,24.542646408081055,9.853462219238281
0,0,0,0,31.684886932373047,24.568614959716797,9.853897094726562
0,0,0,0,31.739227294921875,24.588058471679688,9.854217529296875
0,0,0,0,31.79358673095703,24.6075382232666,9.854507446289062
0,0,0,0,31.866085052490234,24.633392333984375,9.854835510253906
0,0,0,0,31.9205322265625,24.6527042388916,9.855049133300781
0,0,0,0,31.974925994873047,24.67195701599121,9.855232238769531
0,0,0,0,32.04756164550781,24.697546005249023,9.855377197265625
0,0,0,0,32.10197830200195,24.716718673706055,9.85540771484375
0,0,0,0,32.1564826965332,24.735782623291016,9.855377197265625
0,0,0,0,32.22910690307617,24.761219024658203,9.855216979980469
0,0,0,0,32.28368377685547,24.780208587646484,9.854988098144531
0,0,0,0,32.33820343017578,24.79921531677246,9.854705810546875
0,0,0,0,32.41102600097656,24.824447631835938,9.854301452636719
0,0,0,0,32.46558380126953,24.8433780670166,9.85394287109375
0,0,0,0,32.520198822021484,24.86220359802246,9.853538513183594
0,0,0,0,32.592918395996094,24.887357711791992,9.853004455566406
0,0,0,0,32.64748764038086,24.906160354614258,9.852622985839844
0,0,0,0,32.70204162597656,24.925025939941406,9.852226257324219
0,0,0,0,32.77479553222656,24.95010757446289,9.851654052734375
0,0,0,0,32.829383850097656,24.968914031982422,9.8511962890625
0,0,0,0,32.88393783569336,24.987701416015625,9.850692749023438
0,0,0,0,32.956729888916016,25.01277732849121,9.849945068359375
0,0,0,0,33.011287689208984,25.031614303588867,9.849349975585938
0,0,0,0,33.065914154052734,25.05044174194336,9.848709106445312
0,0,0,0,33.1385612487793,25.07564353942871,9.847801208496094
0,0,0,0,33.19295120239258,25.09446907043457,9.847084045410156
0,0,0,0,33.24705505371094,25.11334800720215,9.84637451171875
0,0,0,0,33.31904220581055,25.138469696044922,9.845352172851562
0,0,0,0,33.37267303466797,25.157373428344727,9.844573974609375
0,0,0,0,33.4261360168457,25.17621612548828,9.843803405761719
0,0,0,0,33.497032165527344,25.2015323638916,9.84271240234375
0,0,0,0,33.55010223388672,25.22057342529297,9.841812133789062
0,0,0,0,33.603031158447266,25.239770889282227,9.840866088867188
0,0,0,0,33.67353439331055,25.265480041503906,9.839523315429688
0,0,0,0,33.72636032104492,25.284929275512695,9.838455200195312
0,0,0,0,33.77918243408203,25.30449867248535,9.837364196777344
0,0,0,0,33.849632263183594,25.330854415893555,9.835861206054688
0,0,0,0,33.902488708496094,25.3508243560791,9.834640502929688
0,0,0,0,33.95543670654297,25.370941162109375,9.833366394042969
0,0,0,0,34.02605056762695,25.39805030822754,9.83160400390625
0,0,0,0,34.079185485839844,25.418548583984375,9.830245971679688
0,0,0,0,34.13227844238281,25.43927001953125,9.828849792480469
0,0,0,0,34.20321273803711,25.467113494873047,9.826972961425781
0,0,0,0,34.25639724731445,25.48826789855957,9.825569152832031
0,0,0,0,34.30973815917969,25.509553909301758,9.82415771484375
0,0,0,0,34.38084030151367,25.53827667236328,9.822288513183594
0,0,0,0,34.434295654296875,25.559953689575195,9.820938110351562
0,0,0,0,34.48768997192383,25.58188819885254,9.819618225097656
0,0,0,0,34.55895233154297,25.611297607421875,9.817878723144531
0,0,0,0,34.612396240234375,25.633604049682617,9.816543579101562
0,0,0,0,34.66586685180664,25.65601348876953,9.815200805664062
0,0,0,0,34.73713302612305,25.68621253967285,9.813385009765625
0,0,0,0,34.7905387878418,25.709049224853516,9.812019348144531
0,0,0,0,34.843963623046875,25.732065200805664,9.810638427734375
0,0,0,0,34.915138244628906,25.76300621032715,9.808769226074219
0,0,0,0,34.96855926513672,25.78639793395996,9.807380676269531
0,0,0,0,35.0218620300293,25.809982299804688,9.806022644042969
0,0,0,0,35.09300231933594,25.84160614013672,9.804290771484375
0,0,0,0,35.146244049072266,25.86549949645996,9.803062438964844
0,0,0,0,35.19951629638672,25.889440536499023,9.801910400390625
0,0,0,0,35.270320892333984,25.921621322631836,9.800483703613281
0,0,0,0,35.32344436645508,25.94584083557129,9.799530029296875
0,0,0,0,35.37644958496094,25.97026252746582,9.798637390136719
0,0,0,0,35.4471321105957,26.002897262573242,9.797576904296875
0,0,0,0,35.5000114440918,26.027536392211914,9.796867370605469
0,0,0,0,35.55288314819336,26.052207946777344,9.796257019042969
0,0,0,0,35.623260498046875,26.08531951904297,9.79559326171875
0,0,0,0,35.67599868774414,26.110233306884766,9.795188903808594
0,0,0,0,35.728641510009766,26.135217666625977,9.794845581054688
0,0,0,0,35.798553466796875,26.1684513092041,9.794540405273438
0,0,0,0,35.85082244873047,26.19338607788086,9.79437255859375
0,0,0,0,35.902889251708984,26.21832847595215,9.794189453125
0,0,0,0,35.97214126586914,26.251523971557617,9.79388427734375
0,0,0,0,36.02379608154297,26.276355743408203,9.793632507324219
0,0,0,0,36.07534408569336,26.301029205322266,9.79339599609375
0,0,0,0,36.14359664916992,26.333812713623047,9.793128967285156
0,0,0,0,36.194705963134766,26.358238220214844,9.792922973632812
0,0,0,0,36.24564743041992,26.382640838623047,9.792694091796875
0,0,0,0,36.31361770629883,26.414968490600586,9.792343139648438
0,0,0,0,36.36458206176758,26.43924331665039,9.792022705078125
0,0,0,0,36.415706634521484,26.463407516479492,9.791641235351562
0,0,0,0,36.48391342163086,26.495588302612305,9.791023254394531
0,0,0,0,36.53523254394531,26.519611358642578,9.790496826171875
0,0,0,0,36.58667755126953,26.54364013671875,9.789939880371094
0,0,0,0,36.65558624267578,26.57554054260254,9.789161682128906
0,0,0,0,36.70750045776367,26.599401473999023,9.788543701171875
0,0,0,0,36.75958251953125,26.623178482055664,9.787887573242188
0,0,0,0,36.82935333251953,26.654775619506836,9.78692626953125
0,0,0,0,36.88180923461914,26.67841911315918,9.786148071289062
0,0,0,0,36.93447494506836,26.70197105407715,9.78533935546875
0,0,0,0,37.00481033325195,26.733257293701172,9.784172058105469
0,0,0,0,37.05779266357422,26.75657081604004,9.78326416015625
0,0,0,0,37.11079025268555,26.779870986938477,9.7823486328125
0,0,0,0,37.18163299560547,26.81071662902832,9.781112670898438
0,0,0,0,37.23470687866211,26.833784103393555,9.780189514160156
0,0,0,0,37.287899017333984,26.85667610168457,9.779266357421875
0,0,0,0,37.3587646484375,26.887149810791016,9.778022766113281
0,0,0,0,37.411922454833984,26.909854888916016,9.777114868164062
0,0,0,0,37.46495819091797,26.932519912719727,9.776229858398438
0,0,0,0,37.53568649291992,26.962566375732422,9.775070190429688
0,0,0,0,37.58870315551758,26.985048294067383,9.774192810058594
0,0,0,0,37.64168930053711,27.007421493530273,9.773284912109375
0,0,0,0,37.7122917175293,27.037229537963867,9.771995544433594
0,0,0,0,37.76517105102539,27.059585571289062,9.770980834960938
0,0,0,0,37.81808090209961,27.08194351196289,9.769905090332031
0,0,0,0,37.88856506347656,27.11176109313965,9.76837158203125
0,0,0,0,37.94150924682617,27.13404083251953,9.767143249511719
0,0,0,0,37.994415283203125,27.156330108642578,9.765869140625
0,0,0,0,38.06515884399414,27.185941696166992,9.764091491699219
0,0,0,0,38.118160247802734,27.208181381225586,9.762680053710938
0,0,0,0,38.17130661010742,27.230358123779297,9.761207580566406
0,0,0,0,38.24211883544922,27.25995445251465,9.759185791015625
0,0,0,0,38.29531478881836,27.282033920288086,9.757637023925781
0,0,0,0,38.34843063354492,27.304119110107422,9.756057739257812
0,0,0,0,38.419376373291016,27.333322525024414,9.753921508789062
0,0,0,0,38.47261047363281,27.35515022277832,9.752326965332031
0,0,0,0,38.5258903503418,27.37679672241211,9.750732421875
0,0,0,0,38.596946716308594,27.40549659729004,9.748619079589844
0,0,0,0,38.650291442871094,27.42683219909668,9.746986389160156
0,0,0,0,38.70372772216797,27.448009490966797,9.745323181152344
0,0,0,0,38.77497863769531,27.475881576538086,9.743118286132812
0,0,0,0,38.82854080200195,27.496484756469727,9.741531372070312
0,0,0,0,38.8820915222168,27.516830444335938,9.739982604980469
0,0,0,0,38.953670501708984,27.543468475341797,9.737968444824219
0,0,0,0,39.00741958618164,27.5631103515625,9.736557006835938
0,0,0,0,39.061439514160156,27.582351684570312,9.735176086425781
0,0,0,0,39.133548736572266,27.607484817504883,9.733367919921875
0,0,0,0,39.18767547607422,27.62576675415039,9.732154846191406
0,0,0,0,39.24164962768555,27.643692016601562,9.731155395507812
0,0,0,0,39.31371307373047,27.6667537689209,9.730026245117188
0,0,0,0,39.367801666259766,27.683509826660156,9.729339599609375
0,0,0,0,39.422035217285156,27.69964599609375,9.728805541992188
0,0,0,0,39.49452209472656,27.720359802246094,9.728340148925781
0,0,0,0,39.549095153808594,27.73523712158203,9.728118896484375
0,0,0,0,39.6038703918457,27.749605178833008,9.728004455566406
0,0,0,0,39.67726135253906,27.767921447753906,9.727951049804688
0,0,0,0,39.73263931274414,27.781038284301758,9.727996826171875
0,0,0,0,39.788204193115234,27.793622970581055,9.728096008300781
0,0,0,0,39.86272430419922,27.809528350830078,9.728355407714844
0,0,0,0,39.918792724609375,27.82085609436035,9.728645324707031
0,0,0,0,39.97510528564453,27.83161163330078,9.729011535644531
0,0,0,0,40.050323486328125,27.845121383666992,9.729537963867188
0,0,0,0,40.10698699951172,27.854536056518555,9.729927062988281
0,0,0,0,40.1636962890625,27.863462448120117,9.730339050292969
0,0,0,0,40.23964309692383,27.874452590942383,9.73095703125
0,0,0,0,40.29667282104492,27.88213348388672,9.731475830078125
0,0,0,0,40.353885650634766,27.889183044433594,9.732032775878906
0,0,0,0,40.43027114868164,27.89783477783203,9.732864379882812
0,0,0,0,40.48774337768555,27.90366554260254,9.733512878417969
0,0,0,0,40.545249938964844,27.90904426574707,9.734230041503906
0,0,0,0,40.62193298339844,27.915363311767578,9.735366821289062
0,0,0,0,40.679447174072266,27.919557571411133,9.736320495605469
0,0,0,0,40.7369270324707,27.92325210571289,9.737373352050781
0,0,0,0,40.81356430053711,27.92751121520996,9.738929748535156
0,0,0,0,40.87096405029297,27.930219650268555,9.740211486816406
0,0,0,0,40.928443908691406,27.932504653930664,9.741569519042969
0,0,0,0,41.004966735839844,27.93498420715332,9.743377685546875
0,0,0,0,41.062347412109375,27.936382293701172,9.744735717773438
0,0,0,0,41.119544982910156,27.937524795532227,9.746131896972656
0,0,0,0,41.195831298828125,27.938457489013672,9.748001098632812
0,0,0,0,41.252933502197266,27.938844680786133,9.749435424804688
0,0,0,0,41.31010818481445,27.938861846923828,9.750892639160156
0,0,0,0,41.386226654052734,27.93856430053711,9.752876281738281
0,0,0,0,41.443382263183594,27.93800926208496,9.754386901855469
0,0,0,0,41.50050354003906,27.937301635742188,9.755912780761719
0,0,0,0,41.57672119140625,27.935962677001953,9.757972717285156
0,0,0,0,41.63386917114258,27.934755325317383,9.759605407714844
0,0,0,0,41.69101333618164,27.933334350585938,9.761260986328125
0,0,0,0,41.76719665527344,27.93124771118164,9.76348876953125
0,0,0,0,41.824275970458984,27.929533004760742,9.765213012695312
0,0,0,0,41.88145446777344,27.92769432067871,9.766944885253906
0,0,0,0,41.95766067504883,27.925094604492188,9.769248962402344
0,0,0,0,42.014915466308594,27.923011779785156,9.770927429199219
0,0,0,0,42.07201385498047,27.920852661132812,9.772590637207031
0,0,0,0,42.14801788330078,27.91775131225586,9.774948120117188
0,0,0,0,42.204837799072266,27.915372848510742,9.776710510253906
0,0,0,0,42.26169204711914,27.912857055664062,9.778450012207031
0,0,0,0,42.337284088134766,27.9095458984375,9.780769348144531
0,0,0,0,42.39402389526367,27.906949996948242,9.782516479492188
0,0,0,0,42.45068359375,27.90441131591797,9.784233093261719
0,0,0,0,42.526397705078125,27.900888442993164,9.786521911621094
0,0,0,0,42.583221435546875,27.89828109741211,9.7882080078125
0,0,0,0,42.64012908935547,27.895599365234375,9.789894104003906
0,0,0,0,42.7160758972168,27.892053604125977,9.792083740234375
0,0,0,0,42.77303695678711,27.88933753967285,9.793693542480469
0,0,0,0,42.83005142211914,27.886627197265625,9.795280456542969
0,0,0,0,42.906028747558594,27.882984161376953,9.797386169433594
0,0,0,0,42.963043212890625,27.880285263061523,9.798980712890625
0,0,0,0,43.01998519897461,27.877639770507812,9.80059814453125
0,0,0,0,43.09600830078125,27.874147415161133,9.80279541015625
0,0,0,0,43.15294647216797,27.871639251708984,9.804435729980469
0,0,0,0,43.20998764038086,27.86912727355957,9.806098937988281
0,0,0,0,43.285888671875,27.86591148376465,9.808380126953125
0,0,0,0,43.3429069519043,27.863506317138672,9.810066223144531
0,0,0,0,43.39985656738281,27.86117935180664,9.811714172363281
0,0,0,0,43.47585678100586,27.858068466186523,9.813827514648438
0,0,0,0,43.53264617919922,27.855833053588867,9.815437316894531
0,0,0,0,43.58924102783203,27.85356903076172,9.817146301269531
0,0,0,0,43.66436004638672,27.850643157958984,9.819511413574219
0,0,0,0,43.7205810546875,27.84842872619629,9.821266174316406
0,0,0,0,43.776729583740234,27.846237182617188,9.823005676269531
0,0,0,0,43.851444244384766,27.843278884887695,9.825332641601562
0,0,0,0,43.907447814941406,27.84105110168457,9.827041625976562
0,0,0,0,43.96338653564453,27.838823318481445,9.828666687011719
0,0,0,0,44.03805160522461,27.835880279541016,9.83074951171875
0,0,0,0,44.09406661987305,27.833709716796875,9.832260131835938
0,0,0,0,44.150238037109375,27.83148193359375,9.833763122558594
0,0,0,0,44.22514343261719,27.82855224609375,9.835746765136719
0,0,0,0,44.28150939941406,27.826309204101562,9.837226867675781
0,0,0,0,44.33788299560547,27.824138641357422,9.838722229003906
0,0,0,0,44.413326263427734,27.821168899536133,9.840713500976562
0,0,0,0,44.46997833251953,27.819005966186523,9.842231750488281
0,0,0,0,44.52684783935547,27.816787719726562,9.843757629394531
0,0,0,0,44.602752685546875,27.81389045715332,9.845802307128906
0,0,0,0,44.65985107421875,27.811670303344727,9.84735107421875
0,0,0,0,44.71699142456055,27.80950927734375,9.848899841308594
0,0,0,0,44.79330062866211,27.806562423706055,9.851028442382812
0,0,0,0,44.850650787353516,27.804401397705078,9.852668762207031
0,0,0,0,44.908058166503906,27.8022518157959,9.854354858398438
0,0,0,0,44.98477554321289,27.799365997314453,9.856636047363281
0,0,0,0,45.042354583740234,27.79718780517578,9.858360290527344
0,0,0,0,45.10009765625,27.794981002807617,9.860061645507812
0,0,0,0,45.17714309692383,27.792068481445312,9.862289428710938
0,0,0,0,45.23503875732422,27.78986930847168,9.863899230957031
0,0,0,0,45.29286193847656,27.78776741027832,9.865470886230469
0,0,0,0,45.37013244628906,27.7849178314209,9.867454528808594
0,0,0,0,45.42808151245117,27.78287696838379,9.868850708007812
0,0,0,0,45.48615264892578,27.780778884887695,9.870193481445312
0,0,0,0,45.56351852416992,27.77809715270996,9.87188720703125
0,0,0,0,45.621620178222656,27.776044845581055,9.873062133789062
0,0,0,0,45.67967224121094,27.774059295654297,9.874160766601562
0,0,0,0,45.75714874267578,27.771310806274414,9.875495910644531
0,0,0,0,45.81528091430664,27.76927947998047,9.87640380859375
0,0,0,0,45.873435974121094,27.76723289489746,9.87725830078125
0,0,0,0,45.950958251953125,27.76451873779297,9.878303527832031
0,0,0,0,46.009029388427734,27.762451171875,9.879058837890625
0,0,0,0,46.067138671875,27.7603759765625,9.879768371582031
0,0,0,0,46.144588470458984,27.757644653320312,9.880699157714844
0,0,0,0,46.2027587890625,27.75559425354004,9.881378173828125
0,0,0,0,46.26081085205078,27.753576278686523,9.881996154785156
0,0,0,0,46.338260650634766,27.75080108642578,9.882804870605469
0,0,0,0,46.39628219604492,27.748756408691406,9.883384704589844
0,0,0,0,46.45442199707031,27.746633529663086,9.883934020996094
0,0,0,0,46.53182601928711,27.743877410888672,9.884605407714844
0,0,0,0,46.58992004394531,27.74172592163086,9.885086059570312
0,0,0,0,46.6479377746582,27.7396183013916,9.885536193847656
0,0,0,0,46.72538375854492,27.73670196533203,9.8861083984375
0,0,0,0,46.7834358215332,27.734590530395508,9.886482238769531
0,0,0,0,46.84148025512695,27.732439041137695,9.886802673339844
0,0,0,0,46.91868209838867,27.72966194152832,9.887115478515625
0,0,0,0,46.97636795043945,27.727619171142578,9.887306213378906
0,0,0,0,47.0338134765625,27.72564697265625,9.887413024902344
0,0,0,0,47.109779357910156,27.72304916381836,9.88751220703125
0,0,0,0,47.16619873046875,27.721118927001953,9.8875732421875
0,0,0,0,47.221923828125,27.71926498413086,9.887596130371094
0,0,0,0,47.29518508911133,27.716838836669922,9.8875732421875
0,0,0,0,47.34904479980469,27.715099334716797,9.887527465820312
0,0,0,0,47.4019889831543,27.713335037231445,9.887504577636719
0,0,0,0,47.470794677734375,27.711111068725586,9.887496948242188
0,0,0,0,47.521095275878906,27.70940399169922,9.887504577636719
0,0,0,0,47.570045471191406,27.707794189453125,9.887496948242188
0,0,0,0,47.63338088989258,27.70562744140625,9.887420654296875
0,0,0,0,47.67921829223633,27.704105377197266,9.887313842773438
0,0,0,0,47.723670959472656,27.702556610107422,9.887153625488281
0,0,0,0,47.78055191040039,27.70062255859375,9.886802673339844
0,0,0,0,47.82143783569336,27.69918441772461,9.886466979980469
0,0,0,0,47.86076736450195,27.697837829589844,9.886070251464844
0,0,0,0,47.91075897216797,27.696043014526367,9.885467529296875
0,0,0,0,47.94647216796875,27.69473648071289,9.884971618652344
0,0,0,0,47.98054885864258,27.693443298339844,9.884437561035156
0,0,0,0,48.02352523803711,27.691734313964844,9.883682250976562
0,0,0,0,48.05375289916992,27.690488815307617,9.883140563964844
0,0,0,0,48.08245849609375,27.689218521118164,9.88250732421875
0,0,0,0,48.11845016479492,27.687559127807617,9.879997253417969
0,0,0,0,48.14344787597656,27.685773849487305,9.877273559570312
0,0,0,0,48.16595458984375,27.6829776763916,9.874153137207031
0,0,0,0,48.191925048828125,27.677104949951172,9.869392395019531
0,0,0,0,48.20832061767578,27.671581268310547,9.865592956542969
0,0,0,0,48.22243881225586,27.66509246826172,9.861312866210938
0,0,0,0,48.2369499206543,27.654273986816406,9.855453491210938
0,0,0,0,48.244476318359375,27.64415740966797,9.851089477539062
0,0,0,0,48.24922180175781,27.632770538330078,9.847023010253906
0,0,0,0,48.25185012817383,27.615924835205078,9.841949462890625
0,0,0,0,48.250972747802734,27.60190773010254,9.8387451171875
0,0,0,0,48.24778747558594,27.58676528930664,9.836212158203125
0,0,0,0,48.2405891418457,27.56554412841797,9.83392333984375
0,0,0,0,48.233211517333984,27.54906463623047,9.833099365234375
0,0,0,0,48.224571228027344,27.53225326538086,9.832962036132812
0,0,0,0,48.211368560791016,27.509611129760742,9.833030700683594
0,0,0,0,48.200347900390625,27.492265701293945,9.833984375
0,0,0,0,48.18844223022461,27.474910736083984,9.835762023925781
0,0,0,0,48.171875,27.4520320892334,9.839004516601562
0,0,0,0,48.158935546875,27.43520736694336,9.841964721679688
0,0,0,0,48.14578628540039,27.41851806640625,9.845283508300781
0,0,0,0,48.1277961730957,27.396718978881836,9.850128173828125
0,0,0,0,48.114105224609375,27.380599975585938,9.853973388671875
0,0,0,0,48.10011672973633,27.364727020263672,9.857894897460938
0,0,0,0,48.08116149902344,27.343708038330078,9.863197326660156
0,0,0,0,48.066650390625,27.328100204467773,9.867095947265625
0,0,0,0,48.05190658569336,27.312488555908203,9.870841979980469
0,0,0,0,48.03175354003906,27.291542053222656,9.875511169433594
0,0,0,0,48.015987396240234,27.275407791137695,9.878898620605469
0,0,0,0,47.99964904785156,27.258901596069336,9.882133483886719
0,0,0,0,47.97695541381836,27.236412048339844,9.886001586914062
0,0,0,0,47.9590950012207,27.21879768371582,9.888679504394531
0,0,0,0,47.94025421142578,27.20044708251953,9.891242980957031
0,0,0,0,47.914100646972656,27.17517852783203,9.894256591796875
0,0,0,0,47.89356994628906,27.15569496154785,9.896270751953125
0,0,0,0,47.872520446777344,27.13572120666504,9.898086547851562
0,0,0,0,47.843570709228516,27.10878562927246,9.900077819824219
0,0,0,0,47.821292877197266,27.088088989257812,9.901237487792969
0,0,0,0,47.798213958740234,27.066768646240234,9.902137756347656
0,0,0,0,47.76625061035156,27.037076950073242,9.903121948242188
0,0,0,0,47.741336822509766,27.014101028442383,9.903671264648438
0,0,0,0,47.715763092041016,26.990467071533203,9.904006958007812
0,0,0,0,47.68048858642578,26.957923889160156,9.904067993164062
0,0,0,0,47.65298080444336,26.93248748779297,9.903961181640625
0,0,0,0,47.62459182739258,26.906265258789062,9.903785705566406
0,0,0,0,47.58546447753906,26.870203018188477,9.903282165527344
0,0,0,0,47.55519485473633,26.84225082397461,9.902755737304688
0,0,0,0,47.52394485473633,26.813432693481445,9.902168273925781
0,0,0,0,47.48093795776367,26.773679733276367,9.901420593261719
0,0,0,0,47.447662353515625,26.74303436279297,9.900833129882812
0,0,0,0,47.41372299194336,26.711606979370117,9.900230407714844
0,0,0,0,47.36723327636719,26.668621063232422,9.899467468261719
0,0,0,0,47.33163833618164,26.635459899902344,9.898910522460938
0,0,0,0,47.295291900634766,26.60169792175293,9.89837646484375
0,0,0,0,47.2459716796875,26.555570602416992,9.897804260253906
0,0,0,0,47.20834732055664,26.52039337158203,9.897491455078125
0,0,0,0,47.1704216003418,26.484745025634766,9.897224426269531
0,0,0,0,47.11936569213867,26.436737060546875,9.89697265625
0,0,0,0,47.080909729003906,26.40032386779785,9.896865844726562
0,0,0,0,47.042320251464844,26.363685607910156,9.896797180175781
0,0,0,0,46.99071502685547,26.314376831054688,9.896766662597656
0,0,0,0,46.95193862915039,26.277095794677734,9.896781921386719
0,0,0,0,46.91300582885742,26.239559173583984,9.896766662597656
0,0,0,0,46.860958099365234,26.18913459777832,9.896736145019531
0,0,0,0,46.82171630859375,26.151037216186523,9.896713256835938
0,0,0,0,46.78240966796875,26.112674713134766,9.896713256835938
0,0,0,0,46.72968292236328,26.06121253967285,9.896644592285156
0,0,0,0,46.690067291259766,26.022306442260742,9.896568298339844
0,0,0,0,46.65021514892578,25.98326873779297,9.896514892578125
0,0,0,0,46.597103118896484,25.931076049804688,9.896476745605469
0,0,0,0,46.55734634399414,25.89214515686035,9.896377563476562
0,0,0,0,46.517860412597656,25.853225708007812,9.896171569824219
0,0,0,0,46.465293884277344,25.801403045654297,9.895851135253906
0,0,0,0,46.42605972290039,25.762571334838867,9.89556884765625
0,0,0,0,46.38692855834961,25.72393798828125,9.89520263671875
0,0,0,0,46.334991455078125,25.67239761352539,9.89459228515625
0,0,0,0,46.2961311340332,25.633670806884766,9.894027709960938
0,0,0,0,46.257286071777344,25.594884872436523,9.893386840820312
0,0,0,0,46.205543518066406,25.543231964111328,9.892349243164062
0,0,0,0,46.16669845581055,25.504453659057617,9.891410827636719
0,0,0,0,46.127872467041016,25.4655704498291,9.890357971191406
0,0,0,0,46.075927734375,25.413673400878906,9.888839721679688
0,0,0,0,46.03697967529297,25.374664306640625,9.887657165527344
0,0,0,0,45.997859954833984,25.33563804626465,9.886428833007812
0,0,0,0,45.945735931396484,25.28337287902832,9.884765625
0,0,0,0,45.90645217895508,25.244131088256836,9.883499145507812
0,0,0,0,45.86711883544922,25.204750061035156,9.882217407226562
0,0,0,0,45.81439971923828,25.152185440063477,9.880523681640625
0,0,0,0,45.774818420410156,25.112607955932617,9.87933349609375
0,0,0,0,45.735145568847656,25.073101043701172,9.878166198730469
0,0,0,0,45.68230056762695,25.020416259765625,9.876678466796875
0,0,0,0,45.642662048339844,24.980974197387695,9.875625610351562
0,0,0,0,45.60307693481445,24.941518783569336,9.874626159667969
0,0,0,0,45.55035400390625,24.889087677001953,9.873359680175781
0,0,0,0,45.51079559326172,24.849733352661133,9.872451782226562
0,0,0,0,45.471290588378906,24.81037139892578,9.871612548828125
0,0,0,0,45.418701171875,24.758020401000977,9.870529174804688
0,0,0,0,45.37945556640625,24.71887969970703,9.869712829589844
0,0,0,0,45.3402214050293,24.679832458496094,9.868888854980469
0,0,0,0,45.28814697265625,24.62778091430664,9.867744445800781
0,0,0,0,45.24906921386719,24.588802337646484,9.866874694824219
0,0,0,0,45.210113525390625,24.54975128173828,9.866020202636719
0,0,0,0,45.15808868408203,24.497766494750977,9.864982604980469
0,0,0,0,45.11922836303711,24.45882225036621,9.864234924316406
0,0,0,0,45.08041000366211,24.420085906982422,9.863449096679688
0,0,0,0,45.02881622314453,24.368385314941406,9.862388610839844
0,0,0,0,44.990081787109375,24.329605102539062,9.861595153808594
0,0,0,0,44.95140075683594,24.290712356567383,9.860816955566406
0,0,0,0,44.899818420410156,24.238855361938477,9.859817504882812
0,0,0,0,44.86115646362305,24.19989013671875,9.859100341796875
0,0,0,0,44.82249450683594,24.160921096801758,9.858444213867188
0,0,0,0,44.77082824707031,24.108781814575195,9.857635498046875
0,0,0,0,44.73202896118164,24.069520950317383,9.8570556640625
0,0,0,0,44.6931037902832,24.030155181884766,9.856498718261719
0,0,0,0,44.64122772216797,23.977563858032227,9.855781555175781
0,0,0,0,44.602210998535156,23.938127517700195,9.855224609375
0,0,0,0,44.56321716308594,23.898603439331055,9.854637145996094
0,0,0,0,44.51099395751953,23.84592056274414,9.853851318359375
0,0,0,0,44.47180938720703,23.806303024291992,9.853233337402344
0,0,0,0,44.43246078491211,23.766691207885742,9.852554321289062
0,0,0,0,44.38003921508789,23.713708877563477,9.851577758789062
0,0,0,0,44.340576171875,23.673931121826172,9.85076904296875
0,0,0,0,44.301124572753906,23.633989334106445,9.84991455078125
0,0,0,0,44.248451232910156,23.58072280883789,9.848724365234375
0,0,0,0,44.2089958190918,23.54070281982422,9.847763061523438
0,0,0,0,44.1695556640625,23.500713348388672,9.846748352050781
0,0,0,0,44.11704635620117,23.44731330871582,9.8453369140625
0,0,0,0,44.077728271484375,23.407257080078125,9.844253540039062
0,0,0,0,44.03836441040039,23.367168426513672,9.843177795410156
0,0,0,0,43.98590850830078,23.313688278198242,9.841766357421875
0,0,0,0,43.94646453857422,23.273536682128906,9.840744018554688
0,0,0,0,43.90703582763672,23.23330307006836,9.839836120605469
0,0,0,0,43.85433578491211,23.179655075073242,9.838790893554688
0,0,0,0,43.8149528503418,23.139455795288086,9.838066101074219
0,0,0,0,43.77552032470703,23.099409103393555,9.837379455566406
0,0,0,0,43.72309875488281,23.04595947265625,9.836540222167969
0,0,0,0,43.683738708496094,23.005929946899414,9.835968017578125
0,0,0,0,43.644474029541016,22.96582794189453,9.835418701171875
0,0,0,0,43.59200668334961,22.912416458129883,9.834640502929688
0,0,0,0,43.55270767211914,22.872257232666016,9.834083557128906
0,0,0,0,43.5133171081543,22.83209800720215,9.833534240722656
0,0,0,0,43.46074295043945,22.778371810913086,9.832855224609375
0,0,0,0,43.42122268676758,22.738004684448242,9.832359313964844
0,0,0,0,43.381587982177734,22.69753646850586,9.831871032714844
0,0,0,0,43.32859802246094,22.64349365234375,9.831268310546875
0,0,0,0,43.288719177246094,22.60286521911621,9.830795288085938
0,0,0,0,43.248844146728516,22.56216049194336,9.830291748046875
0,0,0,0,43.19548797607422,22.507814407348633,9.829544067382812
0,0,0,0,43.155487060546875,22.466934204101562,9.8289794921875
0,0,0,0,43.11534881591797,22.426061630249023,9.828399658203125
0,0,0,0,43.06187057495117,22.37147331237793,9.827590942382812
0,0,0,0,43.02161407470703,22.3305606842041,9.826934814453125
0,0,0,0,42.98137283325195,22.289527893066406,9.8262939453125
0,0,0,0,42.92760467529297,22.234941482543945,9.825485229492188
0,0,0,0,42.88750076293945,22.194154739379883,9.824821472167969
0,0,0,0,42.84748077392578,22.15361976623535,9.824089050292969
0,0,0,0,42.7943000793457,22.0996036529541,9.822990417480469
0,0,0,0,42.75446319580078,22.05919075012207,9.822052001953125
0,0,0,0,42.71470642089844,22.018781661987305,9.821029663085938
0,0,0,0,42.66176223754883,21.96501350402832,9.819572448730469
0,0,0,0,42.622032165527344,21.92470932006836,9.818473815917969
0,0,0,0,42.58232879638672,21.88441276550293,9.817390441894531
0,0,0,0,42.52936553955078,21.8306827545166,9.815910339355469
0,0,0,0,42.489715576171875,21.79035186767578,9.814750671386719
0,0,0,0,42.449947357177734,21.750032424926758,9.8135986328125
0,0,0,0,42.39693069458008,21.696155548095703,9.811996459960938
0,0,0,0,42.35696792602539,21.65570640563965,9.810752868652344
0,0,0,0,42.31700897216797,21.615129470825195,9.809501647949219
0,0,0,0,42.263519287109375,21.5610294342041,9.807868957519531
0,0,0,0,42.223411560058594,21.52033042907715,9.80670166015625
0,0,0,0,42.18315124511719,21.47966957092285,9.805595397949219
0,0,0,0,42.12943649291992,21.425357818603516,9.804176330566406
0,0,0,0,42.089019775390625,21.384634017944336,9.80316162109375
0,0,0,0,42.048614501953125,21.34383201599121,9.802207946777344
0,0,0,0,41.994598388671875,21.289480209350586,9.801017761230469
0,0,0,0,41.95399475097656,21.248641967773438,9.800201416015625
0,0,0,0,41.91332244873047,21.20784568786621,9.799430847167969
0,0,0,0,41.859012603759766,21.153488159179688,9.798439025878906
0,0,0,0,41.818241119384766,21.112733840942383,9.797760009765625
0,0,0,0,41.77737045288086,21.07198715209961,9.797134399414062
0,0,0,0,41.722896575927734,21.017667770385742,9.796363830566406
0,0,0,0,41.68189239501953,20.97698211669922,9.795783996582031
0,0,0,0,41.64092254638672,20.936222076416016,9.795181274414062
0,0,0,0,41.58610153198242,20.881916046142578,9.794395446777344
0,0,0,0,41.545013427734375,20.841094970703125,9.793861389160156
0,0,0,0,41.50377655029297,20.80034637451172,9.793342590332031
0,0,0,0,41.4488525390625,20.74600601196289,9.792587280273438
0,0,0,0,41.407562255859375,20.70533561706543,9.791969299316406
0,0,0,0,41.36628723144531,20.66459083557129,9.791343688964844
0,0,0,0,41.311134338378906,20.61040496826172,9.79052734375
0,0,0,0,41.26980972290039,20.569793701171875,9.789909362792969
0,0,0,0,41.228477478027344,20.529314041137695,9.789314270019531
0,0,0,0,41.17338943481445,20.47532081604004,9.788597106933594
0,0,0,0,41.132137298583984,20.434907913208008,9.788078308105469
0,0,0,0,41.09090042114258,20.394548416137695,9.787567138671875
0,0,0,0,41.036006927490234,20.3408145904541,9.78692626953125
0,0,0,0,40.994781494140625,20.3005313873291,9.786483764648438
0,0,0,0,40.9536247253418,20.260204315185547,9.786048889160156
0,0,0,0,40.898677825927734,20.20644760131836,9.785469055175781
0,0,0,0,40.85759353637695,20.166109085083008,9.785018920898438
0,0,0,0,40.816429138183594,20.125844955444336,9.784553527832031
0,0,0,0,40.761688232421875,20.07204246520996,9.783950805664062
0,0,0,0,40.72062683105469,20.03176498413086,9.783538818359375
0,0,0,0,40.666046142578125,19.97799301147461,9.783004760742188
0,0,0,0,40.6251106262207,19.937713623046875,9.782569885253906
0,0,0,0,40.58425521850586,19.897367477416992,9.782127380371094
0,0,0,0,40.52983474731445,19.843608856201172,9.781517028808594
0,0,0,0,40.489044189453125,19.803226470947266,9.781028747558594
0,0,0,0,40.448246002197266,19.76283836364746,9.780532836914062
0,0,0,0,40.39381408691406,19.708877563476562,9.779830932617188
0,0,0,0,40.353057861328125,19.668344497680664,9.779312133789062
0,0,0,0,40.31223678588867,19.627796173095703,9.778823852539062
0,0,0,0,40.257930755615234,19.573678970336914,9.77813720703125
0,0,0,0,40.217159271240234,19.533063888549805,9.777610778808594
0,0,0,0,40.17646789550781,19.492326736450195,9.777046203613281
0,0,0,0,40.12208557128906,19.43796730041504,9.776275634765625
0,0,0,0,40.08140563964844,19.397066116333008,9.775711059570312
0,0,0,0,40.04059600830078,19.35617446899414,9.775154113769531
0,0,0,0,39.9862174987793,19.301443099975586,9.774452209472656
0,0,0,0,39.945343017578125,19.260393142700195,9.773941040039062
0,0,0,0,39.904502868652344,19.219228744506836,9.773475646972656
0,0,0,0,39.84990310668945,19.164308547973633,9.77288818359375
0,0,0,0,39.80891799926758,19.12300682067871,9.772476196289062
0,0,0,0,39.767921447753906,19.081684112548828,9.772117614746094
0,0,0,0,39.71324920654297,19.026491165161133,9.771720886230469
0,0,0,0,39.672264099121094,18.985017776489258,9.771469116210938
0,0,0,0,39.631229400634766,18.94344711303711,9.771263122558594
0,0,0,0,39.576637268066406,18.888004302978516,9.771011352539062
0,0,0,0,39.535648345947266,18.846445083618164,9.77081298828125
0,0,0,0,39.4947624206543,18.804874420166016,9.770614624023438
0,0,0,0,39.44015121459961,18.7495174407959,9.770378112792969
0,0,0,0,39.3993034362793,18.70794105529785,9.770233154296875
0,0,0,0,39.35835266113281,18.666410446166992,9.770088195800781
0,0,0,0,39.3038444519043,18.610916137695312,9.769905090332031
0,0,0,0,39.262901306152344,18.5693416595459,9.769790649414062
0,0,0,0,39.22205352783203,18.527700424194336,9.769706726074219
0,0,0,0,39.16758346557617,18.472332000732422,9.769630432128906
0,0,0,0,39.12678909301758,18.430763244628906,9.7696533203125
0,0,0,0,39.08594512939453,18.38924217224121,9.769767761230469
0,0,0,0,39.03151321411133,18.333820343017578,9.770011901855469
0,0,0,0,38.990665435791016,18.292293548583984,9.770248413085938
0,0,0,0,38.949790954589844,18.250751495361328,9.770500183105469
0,0,0,0,38.89529037475586,18.19542121887207,9.770904541015625
0,0,0,0,38.85428237915039,18.153926849365234,9.771209716796875
0,0,0,0,38.813331604003906,18.112409591674805,9.771522521972656
0,0,0,0,38.758689880371094,18.05704689025879,9.771926879882812
0,0,0,0,38.717803955078125,18.015443801879883,9.772262573242188
0,0,0,0,38.67683410644531,17.973899841308594,9.772605895996094
0,0,0,0,38.622314453125,17.918455123901367,9.773056030273438
0,0,0,0,38.58135986328125,17.876937866210938,9.773399353027344
0,0,0,0,38.540557861328125,17.835365295410156,9.773773193359375
0,0,0,0,38.4860954284668,17.780000686645508,9.774253845214844
0,0,0,0,38.44535827636719,17.73842430114746,9.774620056152344
0,0,0,0,38.40458679199219,17.696910858154297,9.774948120117188
0,0,0,0,38.35029983520508,17.641510009765625,9.775344848632812
0,0,0,0,38.30955505371094,17.60001564025879,9.775657653808594
0,0,0,0,38.26887130737305,17.558570861816406,9.775924682617188
0,0,0,0,38.21470260620117,17.503498077392578,9.776222229003906
0,0,0,0,38.174076080322266,17.462284088134766,9.776473999023438
0,0,0,0,38.13359451293945,17.42120933532715,9.776710510253906
0,0,0,0,38.07975769042969,17.366657257080078,9.777046203613281
0,0,0,0,38.03953170776367,17.325820922851562,9.777305603027344
0,0,0,0,37.99928665161133,17.285078048706055,9.777572631835938
0,0,0,0,37.94581604003906,17.230886459350586,9.777923583984375
0,0,0,0,37.90568161010742,17.190372467041016,9.778205871582031
0,0,0,0,37.865665435791016,17.149824142456055,9.77850341796875
0,0,0,0,37.81222152709961,17.0958251953125,9.778877258300781
0,0,0,0,37.77217483520508,17.055261611938477,9.779182434082031
0,0,0,0,37.73198318481445,17.01474952697754,9.779510498046875
0,0,0,0,37.67836380004883,16.960556030273438,9.779914855957031
0,0,0,0,37.638031005859375,16.919918060302734,9.780189514160156
0,0,0,0,37.59765625,16.879180908203125,9.780426025390625
0,0,0,0,37.54363250732422,16.82492446899414,9.780708312988281
0,0,0,0,37.503021240234375,16.7841854095459,9.780876159667969
0,0,0,0,37.46232604980469,16.743444442749023,9.780998229980469
0,0,0,0,37.40792465209961,16.68903350830078,9.781135559082031
0,0,0,0,37.36714172363281,16.648208618164062,9.781234741210938
0,0,0,0,37.32624053955078,16.607372283935547,9.781341552734375
0,0,0,0,37.271705627441406,16.552913665771484,9.781509399414062
0,0,0,0,37.23069381713867,16.512102127075195,9.781654357910156
0,0,0,0,37.189788818359375,16.471195220947266,9.781806945800781
0,0,0,0,37.13512420654297,16.416675567626953,9.782005310058594
0,0,0,0,37.094146728515625,16.37574005126953,9.78216552734375
0,0,0,0,37.05303192138672,16.334877014160156,9.782341003417969
0,0,0,0,36.998291015625,16.280336380004883,9.782546997070312
0,0,0,0,36.9571647644043,16.239538192749023,9.782707214355469
0,0,0,0,36.91607666015625,16.198745727539062,9.782859802246094
0,0,0,0,36.86119079589844,16.14452362060547,9.7830810546875
0,0,0,0,36.82005310058594,16.103864669799805,9.783309936523438
0,0,0,0,36.77889633178711,16.063276290893555,9.783584594726562
0,0,0,0,36.724029541015625,16.00916862487793,9.783988952636719
0,0,0,0,36.68290328979492,15.968661308288574,9.7843017578125
0,0,0,0,36.64174270629883,15.928181648254395,9.784675598144531
0,0,0,0,36.58690643310547,15.874263763427734,9.785224914550781
0,0,0,0,36.54570007324219,15.833863258361816,9.785659790039062
0,0,0,0,36.50457763671875,15.793396949768066,9.786125183105469
0,0,0,0,36.45018768310547,15.740123748779297,9.786483764648438
0,0,0,0,36.41033935546875,15.701112747192383,9.784561157226562
0,0,0,0,36.371185302734375,15.663006782531738,9.7813720703125
0,0,0,0,36.32014083862305,15.613080024719238,9.776832580566406
0,0,0,0,36.28245544433594,15.576274871826172,9.773277282714844
0,0,0,0,36.245365142822266,15.53983211517334,9.769874572753906
0,0,0,0,36.19640350341797,15.491687774658203,9.765914916992188
0,0,0,0,36.16000747680664,15.455648422241211,9.76348876953125
0,0,0,0,36.123661041259766,15.41966724395752,9.761642456054688
0,0,0,0,36.07514953613281,15.371420860290527,9.760177612304688
0,0,0,0,36.03857421875,15.33498764038086,9.75982666015625
0,0,0,0,36.001747131347656,15.29827880859375,9.760108947753906
0,0,0,0,35.952171325683594,15.24889850616455,9.761459350585938
0,0,0,0,35.914573669433594,15.21154499053955,9.7630615234375
0,0,0,0,35.87678146362305,15.174002647399902,9.7650146484375
0,0,0,0,35.82600402832031,15.123821258544922,9.76800537109375
0,0,0,0,35.78779220581055,15.086098670959473,9.770538330078125
0,0,0,0,35.749359130859375,15.048357963562012,9.773277282714844
0,0,0,0,35.697994232177734,14.997734069824219,9.777107238769531
0,0,0,0,35.659183502197266,14.959600448608398,9.779891967773438
0,0,0,0,35.62032699584961,14.921174049377441,9.782539367675781
0,0,0,0,35.568199157714844,14.869656562805176,9.785789489746094
0,0,0,0,35.52899932861328,14.83067512512207,9.787979125976562
0,0,0,0,35.48958206176758,14.791532516479492,9.789939880371094
0,0,0,0,35.43693923950195,14.738968849182129,9.792198181152344
0,0,0,0,35.397403717041016,14.699471473693848,9.793563842773438
0,0,0,0,35.357845306396484,14.65985107421875,9.794677734375
0,0,0,0,35.30500411987305,14.606888771057129,9.795791625976562
0,0,0,0,35.26526641845703,14.567061424255371,9.796379089355469
0,0,0,0,35.225494384765625,14.52719783782959,9.796768188476562
0,0,0,0,35.172332763671875,14.473999977111816,9.7969970703125
0,0,0,0,35.1324462890625,14.434022903442383,9.797027587890625
0,0,0,0,35.092472076416016,14.394061088562012,9.796966552734375
0,0,0,0,35.03933334350586,14.340709686279297,9.796722412109375
0,0,0,0,34.99940490722656,14.300668716430664,9.796394348144531
0,0,0,0,34.959529876708984,14.260505676269531,9.795989990234375
0,0,0,0,34.906192779541016,14.206899642944336,9.795341491699219
0,0,0,0,34.866214752197266,14.166505813598633,9.794792175292969
0,0,0,0,34.82612991333008,14.12608528137207,9.79425048828125
0,0,0,0,34.772674560546875,14.07192611694336,9.79351806640625
0,0,0,0,34.732421875,14.031230926513672,9.79296875
0,0,0,0,34.69210433959961,13.9903564453125,9.792457580566406
0,0,0,0,34.63820266723633,13.935802459716797,9.791824340820312
0,0,0,0,34.59779739379883,13.894862174987793,9.791351318359375
0,0,0,0,34.55738830566406,13.853931427001953,9.790870666503906
0,0,0,0,34.50346374511719,13.799278259277344,9.790245056152344
0,0,0,0,34.46302032470703,13.75821590423584,9.789810180664062
0,0,0,0,34.42246627807617,13.717156410217285,9.789421081542969
0,0,0,0,34.36838150024414,13.662383079528809,9.788970947265625
0,0,0,0,34.327659606933594,13.621271133422852,9.7886962890625
0,0,0,0,34.28693771362305,13.58008098602295,9.788467407226562
0,0,0,0,34.23238754272461,13.525177955627441,9.788200378417969
0,0,0,0,34.19148254394531,13.483946800231934,9.787994384765625
0,0,0,0,34.150413513183594,13.442777633666992,9.787757873535156
0,0,0,0,34.095611572265625,13.38774585723877,9.787368774414062
0,0,0,0,34.05437088012695,13.346576690673828,9.787033081054688
0,0,0,0,34.013084411621094,13.305363655090332,9.786659240722656
0,0,0,0,33.95773696899414,13.250624656677246,9.786102294921875
0,0,0,0,33.916133880615234,13.209603309631348,9.785667419433594
0,0,0,0,33.87441635131836,13.168717384338379,9.785232543945312
0,0,0,0,33.818729400634766,13.114326477050781,9.784675598144531
0,0,0,0,33.77694320678711,13.073675155639648,9.784210205078125
0,0,0,0,33.73504638671875,13.033096313476562,9.783714294433594
0,0,0,0,33.67906188964844,12.979146957397461,9.782966613769531
0,0,0,0,33.63687515258789,12.938811302185059,9.782356262207031
0,0,0,0,33.59463119506836,12.898540496826172,9.781745910644531
0,0,0,0,33.538028717041016,12.845074653625488,9.780952453613281
0,0,0,0,33.495521545410156,12.805081367492676,9.780303955078125
0,0,0,0,33.45280075073242,12.765289306640625,9.77960205078125
0,0,0,0,33.39580154418945,12.712395668029785,9.77862548828125
0,0,0,0,33.35285949707031,12.672924041748047,9.777824401855469
0,0,0,0,33.309871673583984,12.633476257324219,9.777000427246094
0,0,0,0,33.25221633911133,12.581144332885742,9.77593994140625
0,0,0,0,33.208866119384766,12.542015075683594,9.775161743164062
0,0,0,0,33.16532516479492,12.50307846069336,9.774444580078125
0,0,0,0,33.10710525512695,12.451313018798828,9.773551940917969
0,0,0,0,33.063255310058594,12.412735939025879,9.77288818359375
0,0,0,0,33.01923370361328,12.374334335327148,9.772239685058594
0,0,0,0,32.960296630859375,12.323554992675781,9.7713623046875
0,0,0,0,32.91584777832031,12.28575611114502,9.770668029785156
0,0,0,0,32.871280670166016,12.248202323913574,9.769927978515625
0,0,0,0,32.81145477294922,12.198562622070312,9.76885986328125
0,0,0,0,32.76639175415039,12.161575317382812,9.768058776855469
0,0,0,0,32.72101974487305,12.124895095825195,9.767234802246094
0,0,0,0,32.6602668762207,12.076340675354004,9.76611328125
0,0,0,0,32.614402770996094,12.040258407592773,9.765266418457031
0,0,0,0,32.56843948364258,12.00436782836914,9.764442443847656
0,0,0,0,32.49137878417969,11.945335388183594,9.763023376464844
0,0,0,0,32.44496154785156,11.910355567932129,9.762184143066406
0,0,0,0,32.413936614990234,11.887271881103516,9.761619567871094
0,0,0,0,32.35176086425781,11.84151554107666,9.760482788085938
0,0,0,0,32.30490493774414,11.807668685913086,9.7596435546875
0,0,0,0,32.25794219970703,11.774168968200684,9.7587890625
0,0,0,0,32.195030212402344,11.730180740356445,9.757637023925781
0,0,0,0,32.1475944519043,11.697611808776855,9.756797790527344
0,0,0,0,32.10000228881836,11.665400505065918,9.755989074707031
0,0,0,0,32.036190032958984,11.622994422912598,9.754920959472656
0,0,0,0,31.98813819885254,11.591568946838379,9.754127502441406
0,0,0,0,31.93976402282715,11.560469627380371,9.753349304199219
0,0,0,0,31.875,11.51938533782959,9.752349853515625
0,0,0,0,31.826068878173828,11.488973617553711,9.751632690429688
0,0,0,0,31.77699851989746,11.458757400512695,9.750938415527344
0,0,0,0,31.71120262145996,11.418898582458496,9.750045776367188
0,0,0,0,31.661739349365234,11.389205932617188,9.749374389648438
0,0,0,0,31.612024307250977,11.359811782836914,9.748710632324219
0,0,0,0,31.54557991027832,11.320932388305664,9.747817993164062
0,0,0,0,31.495527267456055,11.292081832885742,9.747108459472656
0,0,0,0,31.445384979248047,11.263345718383789,9.746337890625
0,0,0,0,31.378280639648438,11.225379943847656,9.745216369628906
0,0,0,0,31.32784080505371,11.197118759155273,9.744369506835938
0,0,0,0,31.277259826660156,11.16908073425293,9.743484497070312
0,0,0,0,31.20965003967285,11.131892204284668,9.742218017578125
0,0,0,0,31.158897399902344,11.104193687438965,9.741249084472656
0,0,0,0,31.1080379486084,11.076631546020508,9.740242004394531
0,0,0,0,31.040185928344727,11.04007625579834,9.738792419433594
0,0,0,0,30.9891357421875,11.012802124023438,9.737579345703125
0,0,0,0,30.93810272216797,10.985569953918457,9.736320495605469
0,0,0,0,30.869850158691406,10.949464797973633,9.734626770019531
0,0,0,0,30.818695068359375,10.922446250915527,9.733367919921875
0,0,0,0,30.76740074157715,10.895550727844238,9.732154846191406
0,0,0,0,30.699054718017578,10.859702110290527,9.730583190917969
0,0,0,0,30.64766502380371,10.832942008972168,9.729415893554688
0,0,0,0,30.59633445739746,10.80615520477295,9.728309631347656
0,0,0,0,30.527854919433594,10.770580291748047,9.726890563964844
0,0,0,0,30.476533889770508,10.743885040283203,9.725822448730469
0,0,0,0,30.4251651763916,10.71726131439209,9.724754333496094
0,0,0,0,30.35666275024414,10.681681632995605,9.723350524902344
0,0,0,0,30.305320739746094,10.654986381530762,9.722312927246094
0,0,0,0,30.253999710083008,10.628264427185059,9.72125244140625
0,0,0,0,30.185636520385742,10.592611312866211,9.719810485839844
0,0,0,0,30.13427734375,10.565826416015625,9.718727111816406
0,0,0,0,30.08300018310547,10.538997650146484,9.717689514160156
0,0,0,0,30.014516830444336,10.50318717956543,9.716346740722656
0,0,0,0,29.96324920654297,10.476243019104004,9.715362548828125
0,0,0,0,29.9118709564209,10.44930648803711,9.714393615722656
0,0,0,0,29.843395233154297,10.413240432739258,9.713203430175781
0,0,0,0,29.791912078857422,10.386215209960938,9.712440490722656
0,0,0,0,29.74057388305664,10.359131813049316,9.711753845214844
0,0,0,0,29.672090530395508,10.323073387145996,9.710968017578125
0,0,0,0,29.620817184448242,10.295919418334961,9.710472106933594
0,0,0,0,29.569528579711914,10.268768310546875,9.710029602050781
0,0,0,0,29.501323699951172,10.232396125793457,9.709518432617188
0,0,0,0,29.450252532958984,10.205081939697266,9.709152221679688
0,0,0,0,29.39922523498535,10.17763900756836,9.708763122558594
0,0,0,0,29.331268310546875,10.14090347290039,9.708274841308594
0,0,0,0,29.28034210205078,10.1132230758667,9.707939147949219
0,0,0,0,29.229541778564453,10.085397720336914,9.7076416015625
0,0,0,0,29.161823272705078,10.048090934753418,9.707283020019531
0,0,0,0,29.1112060546875,10.019916534423828,9.707023620605469
0,0,0,0,29.060617446899414,9.99166488647461,9.706756591796875
0,0,0,0,28.993417739868164,9.953679084777832,9.706352233886719
0,0,0,0,28.943050384521484,9.925018310546875,9.706031799316406
0,0,0,0,28.892881393432617,9.896027565002441,9.705680847167969
0,0,0,0,28.82599449157715,9.857048034667969,9.705207824707031
0,0,0,0,28.776020050048828,9.827460289001465,9.704864501953125
0,0,0,0,28.72610855102539,9.797690391540527,9.704505920410156
0,0,0,0,28.659908294677734,9.757499694824219,9.704025268554688
0,0,0,0,28.610424041748047,9.727076530456543,9.703666687011719
0,0,0,0,28.56117057800293,9.696314811706543,9.703262329101562
0,0,0,0,28.495786666870117,9.654900550842285,9.70269775390625
0,0,0,0,28.447002410888672,9.623449325561523,9.7022705078125
0,0,0,0,28.398487091064453,9.591686248779297,9.701866149902344
0,0,0,0,28.334135055541992,9.548784255981445,9.701347351074219
0,0,0,0,28.286230087280273,9.5161771774292,9.700950622558594
0,0,0,0,28.238475799560547,9.483221054077148,9.7005615234375
0,0,0,0,28.175270080566406,9.438655853271484,9.700088500976562
0,0,0,0,28.12809944152832,9.404788970947266,9.699821472167969
0,0,0,0,28.081317901611328,9.370460510253906,9.699592590332031
0,0,0,0,28.01927947998047,9.324148178100586,9.699333190917969
0,0,0,0,27.973129272460938,9.288893699645996,9.69921875
0,0,0,0,27.92717170715332,9.25333309173584,9.699180603027344
0,0,0,0,27.86637306213379,9.20522689819336,9.699165344238281
0,0,0,0,27.821033477783203,9.168766021728516,9.699234008789062
0,0,0,0,27.77602195739746,9.131889343261719,9.69940185546875
0,0,0,0,27.7164363861084,9.082231521606445,9.699745178222656
0,0,0,0,27.672094345092773,9.044541358947754,9.700080871582031
0,0,0,0,27.628032684326172,9.00654411315918,9.700477600097656
0,0,0,0,27.569711685180664,8.955368041992188,9.701080322265625
0,0,0,0,27.526329040527344,8.916618347167969,9.701614379882812
0,0,0,0,27.48318862915039,8.877565383911133,9.70220947265625
0,0,0,0,27.426124572753906,8.825020790100098,9.703102111816406
0,0,0,0,27.383533477783203,8.78532886505127,9.703834533691406
0,0,0,0,27.34130859375,8.745295524597168,9.704612731933594
0,0,0,0,27.28534698486328,8.691575050354004,9.705741882324219
0,0,0,0,27.243741989135742,8.650932312011719,9.706619262695312
0,0,0,0,27.20229148864746,8.610101699829102,9.707466125488281
0,0,0,0,27.14754295349121,8.555232048034668,9.708587646484375
0,0,0,0,27.106687545776367,8.51392936706543,9.709442138671875
0,0,0,0,27.06610679626465,8.472367286682129,9.710273742675781
0,0,0,0,27.012224197387695,8.416787147521973,9.711357116699219
0,0,0,0,26.97210693359375,8.374924659729004,9.712104797363281
0,0,0,0,26.93218231201172,8.333008766174316,9.712783813476562
0,0,0,0,26.879230499267578,8.276838302612305,9.713615417480469
0,0,0,0,26.839750289916992,8.234622955322266,9.714225769042969
0,0,0,0,26.800491333007812,8.192419052124023,9.714836120605469
0,0,0,0,26.748584747314453,8.13618278503418,9.715606689453125
0,0,0,0,26.709796905517578,8.093998908996582,9.716209411621094
0,0,0,0,26.671184539794922,8.051763534545898,9.716865539550781
0,0,0,0,26.619792938232422,7.9954833984375,9.717781066894531
0,0,0,0,26.581403732299805,7.953253746032715,9.718498229980469
0,0,0,0,26.542964935302734,7.9110822677612305,9.719261169433594
0,0,0,0,26.49180793762207,7.8548150062561035,9.720329284667969
0,0,0,0,26.453367233276367,7.812662124633789,9.72119140625
0,0,0,0,26.415002822875977,7.7704243659973145,9.722084045410156
0,0,0,0,26.363698959350586,7.714206695556641,9.72332763671875
0,0,0,0,26.32522201538086,7.672045707702637,9.724281311035156
0,0,0,0,26.286649703979492,7.629992485046387,9.725273132324219
0,0,0,0,26.22223472595215,7.559841632843018,9.72705078125
0,0,0,0,26.196435928344727,7.531784534454346,9.727806091308594
0,0,0,0,26.15768051147461,7.489748477935791,9.728935241699219
0,0,0,0,26.1059627532959,7.433864593505859,9.730484008789062
0,0,0,0,26.067075729370117,7.392005443572998,9.731666564941406
0,0,0,0,26.0281982421875,7.350181579589844,9.732826232910156
0,0,0,0,25.97620964050293,7.294567584991455,9.734283447265625
0,0,0,0,25.937231063842773,7.2528791427612305,9.735275268554688
0,0,0,0,25.89807891845703,7.2112507820129395,9.736198425292969
0,0,0,0,25.845876693725586,7.155761241912842,9.737297058105469
0,0,0,0,25.806547164916992,7.114233016967773,9.738044738769531
0,0,0,0,25.767183303833008,7.072668552398682,9.738739013671875
0,0,0,0,25.71442985534668,7.0174174308776855,9.73956298828125
0,0,0,0,25.67479133605957,6.975932598114014,9.740127563476562
0,0,0,0,25.634965896606445,6.9345598220825195,9.740615844726562
0,0,0,0,25.581785202026367,6.879426002502441,9.741218566894531
0,0,0,0,25.541765213012695,6.83818244934082,9.74163818359375
0,0,0,0,25.501609802246094,6.796912670135498,9.742042541503906
0,0,0,0,25.44777488708496,6.741975784301758,9.742607116699219
0,0,0,0,25.407201766967773,6.700778961181641,9.7430419921875
0,0,0,0,25.366531372070312,6.65963077545166,9.743492126464844
0,0,0,0,25.312088012695312,6.604757308959961,9.744110107421875
0,0,0,0,25.27118492126465,6.563597202301025,9.744621276855469
0,0,0,0,25.23011016845703,6.522485733032227,9.745162963867188
0,0,0,0,25.175296783447266,6.467696666717529,9.7459716796875
0,0,0,0,25.133995056152344,6.426692008972168,9.74664306640625
0,0,0,0,25.092737197875977,6.385652542114258,9.747413635253906
0,0,0,0,25.03756332397461,6.330974102020264,9.74859619140625
0,0,0,0,24.99622344970703,6.2899394035339355,9.749580383300781
0,0,0,0,24.954740524291992,6.248991012573242,9.750625610351562
0,0,0,0,24.89948081970215,6.1943440437316895,9.752090454101562
0,0,0,0,24.857980728149414,6.153408527374268,9.753242492675781
0,0,0,0,24.816556930541992,6.112381458282471,9.75445556640625
0,0,0,0,24.761280059814453,6.057750701904297,9.756050109863281
0,0,0,0,24.7198543548584,6.016700744628906,9.757247924804688
0,0,0,0,24.678436279296875,5.975622653961182,9.758468627929688
0,0,0,0,24.623302459716797,5.920897483825684,9.760147094726562
0,0,0,0,24.582191467285156,5.880077838897705,9.761390686035156
0,0,0,0,24.541181564331055,5.8393988609313965,9.762626647949219
0,0,0,0,24.486801147460938,5.785186767578125,9.764320373535156
0,0,0,0,24.44605827331543,5.744601249694824,9.765602111816406
0,0,0,0,24.4055118560791,5.704008102416992,9.766868591308594
0,0,0,0,24.3514404296875,5.649901390075684,9.768569946289062
0,0,0,0,24.311033248901367,5.60916805267334,9.769859313964844
0,0,0,0,24.270565032958984,5.56838321685791,9.771163940429688
0,0,0,0,24.21677589416504,5.513778209686279,9.772926330566406
0,0,0,0,24.176416397094727,5.472794532775879,9.77423095703125
0,0,0,0,24.13619613647461,5.431621551513672,9.775482177734375
0,0,0,0,24.082538604736328,5.376658916473389,9.777069091796875
0,0,0,0,24.042381286621094,5.335296154022217,9.7781982421875
0,0,0,0,24.00222396850586,5.293888092041016,9.779273986816406
0,0,0,0,23.948745727539062,5.23845911026001,9.780616760253906
0,0,0,0,23.908767700195312,5.196860313415527,9.781539916992188
0,0,0,0,23.86888313293457,5.155210971832275,9.782440185546875
0,0,0,0,23.815961837768555,5.099792957305908,9.783607482910156
0,0,0,0,23.776517868041992,5.058435916900635,9.784393310546875
0,0,0,0,23.737422943115234,5.017219066619873,9.785125732421875
0,0,0,0,23.685556411743164,4.962373733520508,9.786048889160156
0,0,0,0,23.64695167541504,4.921199321746826,9.786712646484375
0,0,0,0,23.608400344848633,4.880054950714111,9.787353515625
0,0,0,0,23.557342529296875,4.825023174285889,9.788192749023438
0,0,0,0,23.519155502319336,4.783751964569092,9.788803100585938
0,0,0,0,23.481185913085938,4.742318153381348,9.789421081542969
0,0,0,0,23.430580139160156,4.686897277832031,9.790229797363281
0,0,0,0,23.39272117614746,4.645079135894775,9.790870666503906
0,0,0,0,23.354862213134766,4.603212356567383,9.791526794433594
0,0,0,0,23.30453872680664,4.547112464904785,9.792396545410156
0,0,0,0,23.266817092895508,4.504847526550293,9.793083190917969
0,0,0,0,23.229206085205078,4.462432861328125,9.793792724609375
0,0,0,0,23.179231643676758,4.405896186828613,9.794708251953125
0,0,0,0,23.141834259033203,4.363465785980225,9.795318603515625
0,0,0,0,23.10457420349121,4.320965766906738,9.795906066894531
0,0,0,0,23.054977416992188,4.264144420623779,9.796646118164062
0,0,0,0,23.017990112304688,4.221484184265137,9.797126770019531
0,0,0,0,22.98105812072754,4.178818225860596,9.797569274902344
0,0,0,0,22.93210792541504,4.121703624725342,9.79815673828125
0,0,0,0,22.895395278930664,4.07874059677124,9.798576354980469
0,0,0,0,22.858882904052734,4.035667419433594,9.798942565917969
0,0,0,0,22.810279846191406,3.978210926055908,9.799407958984375
0,0,0,0,22.774015426635742,3.934891939163208,9.799781799316406
0,0,0,0,22.73777961730957,3.891547203063965,9.800155639648438
0,0,0,0,22.689653396606445,3.8334834575653076,9.800651550292969
0,0,0,0,22.65358543395996,3.7898242473602295,9.801109313964844
0,0,0,0,22.61772918701172,3.7461354732513428,9.801582336425781
0,0,0,0,22.570201873779297,3.688047170639038,9.802139282226562
0,0,0,0,22.53473472595215,3.644395589828491,9.80255126953125
0,0,0,0,22.4995059967041,3.6007328033447266,9.802909851074219
0,0,0,0,22.452821731567383,3.5425236225128174,9.803352355957031
0,0,0,0,22.418031692504883,3.498812437057495,9.803703308105469
0,0,0,0,22.38332748413086,3.455071210861206,9.804092407226562
0,0,0,0,22.337438583374023,3.3968400955200195,9.804557800292969
0,0,0,0,22.303205490112305,3.3533356189727783,9.804840087890625
0,0,0,0,22.26931381225586,3.309919834136963,9.805107116699219
0,0,0,0,22.22437858581543,3.2522714138031006,9.80535888671875
0,0,0,0,22.191041946411133,3.209124803543091,9.805519104003906
0,0,0,0,22.157846450805664,3.1661345958709717,9.805633544921875
0,0,0,0,22.114028930664062,3.1088809967041016,9.80572509765625
0,0,0,0,22.08133888244629,3.0661401748657227,9.805763244628906
0,0,0,0,22.04886245727539,3.023466110229492,9.805770874023438
0,0,0,0,22.005672454833984,2.9668188095092773,9.805778503417969
0,0,0,0,21.973417282104492,2.924333333969116,9.805793762207031
0,0,0,0,21.94126319885254,2.8819429874420166,9.805862426757812
0,0,0,0,21.898536682128906,2.825451135635376,9.805976867675781
0,0,0,0,21.866600036621094,2.783109426498413,9.806076049804688
0,0,0,0,21.83464813232422,2.7407095432281494,9.806167602539062
0,0,0,0,21.79208755493164,2.684091329574585,9.806343078613281
0,0,0,0,21.760133743286133,2.6417670249938965,9.806503295898438
0,0,0,0,21.72831153869629,2.599419355392456,9.806671142578125
0,0,0,0,21.68573570251465,2.5427749156951904,9.806999206542969
0,0,0,0,21.653764724731445,2.500044107437134,9.80731201171875
0,0,0,0,21.621553421020508,2.457227945327759,9.807670593261719
0,0,0,0,21.578414916992188,2.3997435569763184,9.808174133300781
0,0,0,0,21.545799255371094,2.3564207553863525,9.808624267578125
0,0,0,0,21.513118743896484,2.312889337539673,9.809120178222656
0,0,0,0,21.469247817993164,2.254795551300049,9.809776306152344
0,0,0,0,21.43625259399414,2.2110776901245117,9.810295104980469
0,0,0,0,21.403112411499023,2.1673946380615234,9.810829162597656
0,0,0,0,21.35883331298828,2.1090636253356934,9.811607360839844
0,0,0,0,21.32558250427246,2.0653278827667236,9.812202453613281
0,0,0,0,21.292343139648438,2.0215930938720703,9.81280517578125
0,0,0,0,21.24803924560547,1.9631922245025635,9.813682556152344
0,0,0,0,21.214704513549805,1.919313669204712,9.81439208984375
0,0,0,0,21.181474685668945,1.8754884004592896,9.815048217773438
0,0,0,0,21.137229919433594,1.8172613382339478,9.815773010253906
0,0,0,0,21.10417938232422,1.7735868692398071,9.816276550292969
0,0,0,0,21.071083068847656,1.7299916744232178,9.816726684570312
0,0,0,0,21.027099609375,1.6719690561294556,9.817298889160156
0,0,0,0,20.994060516357422,1.628591537475586,9.817741394042969
0,0,0,0,20.96122169494629,1.585292935371399,9.818161010742188
0,0,0,0,20.91750717163086,1.5278499126434326,9.818702697753906
0,0,0,0,20.884868621826172,1.4847776889801025,9.819114685058594
0,0,0,0,20.852201461791992,1.4417871236801147,9.819534301757812
0,0,0,0,20.808855056762695,1.3845027685165405,9.820182800292969
0,0,0,0,20.776521682739258,1.3417645692825317,9.820671081542969
0,0,0,0,20.744325637817383,1.2990885972976685,9.821182250976562
0,0,0,0,20.70161247253418,1.2424086332321167,9.821952819824219
0,0,0,0,20.669815063476562,1.2001773118972778,9.822517395019531
0,0,0,0,20.63823890686035,1.1582237482070923,9.823043823242188
0,0,0,0,20.59626007080078,1.102423906326294,9.823715209960938
0,0,0,0,20.564960479736328,1.0605968236923218,9.824241638183594
0,0,0,0,20.533666610717773,1.0189059972763062,9.82476806640625
0,0,0,0,20.49213218688965,0.9633713960647583,9.825454711914062
0,0,0,0,20.460899353027344,0.9217351078987122,9.825973510742188
0,0,0,0,20.429698944091797,0.879921019077301,9.826492309570312
0,0,0,0,20.387792587280273,0.8239476680755615,9.827186584472656
0,0,0,0,20.356199264526367,0.7816250920295715,9.827690124511719
0,0,0,0,20.32429313659668,0.7391167283058167,9.828163146972656
0,0,0,0,20.28139877319336,0.6818850040435791,9.828834533691406
0,0,0,0,20.24882698059082,0.6386454105377197,9.829421997070312
0,0,0,0,20.215999603271484,0.5950782299041748,9.830062866210938
0,0,0,0,20.171688079833984,0.5365612506866455,9.831016540527344
0,0,0,0,20.138097763061523,0.492332398891449,9.831748962402344
0,0,0,0,20.104248046875,0.4478623569011688,9.832504272460938
0,0,0,0,20.058666229248047,0.3881562054157257,9.833580017089844
0,0,0,0,20.02423667907715,0.34312087297439575,9.834403991699219
0,0,0,0,19.989521026611328,0.297902375459671,9.835273742675781
0,0,0,0,19.94304656982422,0.23736804723739624,9.836555480957031
0,0,0,0,19.907936096191406,0.19185367226600647,9.837532043457031
0,0,0,0,19.872785568237305,0.14618922770023346,9.838554382324219
0,0,0,0,19.82558250427246,0.08528201282024384,9.839927673339844
0,0,0,0,19.79013442993164,0.03942897170782089,9.840988159179688
0,0,0,0,19.754499435424805,-0.006449396256357431,9.842063903808594
0,0,0,0,19.706968307495117,-0.06784913688898087,9.843513488769531
0,0,0,0,19.67119598388672,-0.11391957104206085,9.844619750976562
0,0,0,0,19.635440826416016,-0.16009822487831116,9.845703125
0,0,0,0,19.587650299072266,-0.2216462939977646,9.847137451171875
0,0,0,0,19.55177879333496,-0.26790446043014526,9.848251342773438
0,0,0,0,19.515892028808594,-0.3141673803329468,9.849449157714844
0,0,0,0,19.468063354492188,-0.375918984413147,9.851173400878906
0,0,0,0,19.432226181030273,-0.42222681641578674,9.852500915527344
0,0,0,0,19.396366119384766,-0.4685490131378174,9.853874206542969
0,0,0,0,19.348623275756836,-0.5303406715393066,9.8558349609375
0,0,0,0,19.312759399414062,-0.5766677260398865,9.857368469238281
0,0,0,0,19.276981353759766,-0.6230311989784241,9.85894775390625
0,0,0,0,19.22919464111328,-0.6847822070121765,9.861091613769531
0,0,0,0,19.19346809387207,-0.7311322689056396,9.862678527832031
0,0,0,0,19.15766716003418,-0.7773982882499695,9.864212036132812
0,0,0,0,19.110107421875,-0.8391067385673523,9.866203308105469
0,0,0,0,19.074398040771484,-0.8852982521057129,9.867683410644531
0,0,0,0,19.03876304626465,-0.9315592646598816,9.869194030761719
0,0,0,0,18.991138458251953,-0.9931988716125488,9.871192932128906
0,0,0,0,18.955432891845703,-1.0395193099975586,9.8726806640625
0,0,0,0,18.91968536376953,-1.085783839225769,9.874137878417969
0,0,0,0,18.872079849243164,-1.1475657224655151,9.876052856445312
0,0,0,0,18.836381912231445,-1.1939144134521484,9.877464294433594
0,0,0,0,18.80067253112793,-1.2402855157852173,9.878799438476562
0,0,0,0,18.753074645996094,-1.3020799160003662,9.8804931640625
0,0,0,0,18.71733283996582,-1.348467469215393,9.881729125976562
0,0,0,0,18.681684494018555,-1.3948867321014404,9.8829345703125
0,0,0,0,18.634077072143555,-1.4567787647247314,9.884475708007812
0,0,0,0,18.598413467407227,-1.503205418586731,9.885589599609375
0,0,0,0,18.562685012817383,-1.5495460033416748,9.886680603027344
0,0,0,0,18.515220642089844,-1.6112796068191528,9.888076782226562
0,0,0,0,18.479602813720703,-1.6573944091796875,9.88909912109375
0,0,0,0,18.444231033325195,-1.7033714056015015,9.890090942382812
0,0,0,0,18.397340774536133,-1.7640339136123657,9.891342163085938
0,0,0,0,18.362611770629883,-1.8090571165084839,9.892257690429688
0,0,0,0,18.32822608947754,-1.8534855842590332,9.893135070800781
0,0,0,0,18.283172607421875,-1.9119130373001099,9.894233703613281
0,0,0,0,18.249942779541016,-1.9549394845962524,9.894966125488281
0,0,0,0,18.217304229736328,-1.9972517490386963,9.895599365234375
0,0,0,0,18.174766540527344,-2.05226993560791,9.896247863769531
0,0,0,0,18.143604278564453,-2.0924558639526367,9.896560668945312
0,0,0,0,18.113195419311523,-2.131643533706665,9.896720886230469
0,0,0,0,18.073801040649414,-2.1822047233581543,9.896728515625
0,0,0,0,18.045270919799805,-2.2188446521759033,9.896537780761719
