0,0,0,0,-0.012155702337622643,-0.008501688949763775,-0.01642608642578125
0,0,0,0,-0.012604004703462124,-0.00890742614865303,-0.0164947509765625
0,0,0,0,-0.012960739433765411,-0.009206436574459076,-0.01657867431640625
0,0,0,0,-0.013309196569025517,-0.009517122060060501,-0.01668548583984375
0,0,0,0,-0.013752356171607971,-0.009973677806556225,-0.0168609619140625
0,0,0,0,-0.014121262356638908,-0.010361941531300545,-0.01700592041015625
0,0,0,0,-0.014484867453575134,-0.010744106955826283,-0.01717376708984375
0,0,0,0,-0.01489599421620369,-0.011190755292773247,-0.01734161376953125
0,0,0,0,-0.015152312815189362,-0.011494210921227932,-0.01744842529296875
0,0,0,0,-0.015379127115011215,-0.01177834253758192,-0.0175018310546875
0,0,0,0,-0.01564624160528183,-0.012144987471401691,-0.017547607421875
0,0,0,0,-0.01581544615328312,-0.012425458990037441,-0.01761627197265625
0,0,0,0,-0.015960823744535446,-0.012693384662270546,-0.0177154541015625
0,0,0,0,-0.016212573274970055,-0.013082083314657211,-0.017822265625
0,0,0,0,-0.016388600692152977,-0.013398757204413414,-0.01790618896484375
0,0,0,0,-0.01655455492436886,-0.013700170442461967,-0.01798248291015625
0,0,0,0,-0.016786450520157814,-0.014142060652375221,-0.0180816650390625
0,0,0,0,-0.01694229617714882,-0.01450436282902956,-0.0181121826171875
0,0,0,0,-0.017080970108509064,-0.014889712445437908,-0.01812744140625
0,0,0,0,-0.017283570021390915,-0.015345016494393349,-0.0181121826171875
0,0,0,0,-0.017437204718589783,-0.015613561496138573,-0.01808929443359375
0,0,0,0,-0.017574084922671318,-0.01588531769812107,-0.0180206298828125
0,0,0,0,-0.01773270033299923,-0.01627058908343315,-0.01788330078125
0,0,0,0,-0.017852922901511192,-0.016540683805942535,-0.01776123046875
0,0,0,0,-0.01796727254986763,-0.016774140298366547,-0.0176239013671875
0,0,0,0,-0.018116239458322525,-0.017046956345438957,-0.01739501953125
0,0,0,0,-0.018219349905848503,-0.017217015847563744,-0.0172271728515625
0,0,0,0,-0.018294410780072212,-0.01733776181936264,-0.01703643798828125
0,0,0,0,-0.018409736454486847,-0.017457813024520874,-0.0167236328125
0,0,0,0,-0.018519466742873192,-0.017510047182440758,-0.01648712158203125
0,0,0,0,-0.018653644248843193,-0.01756242662668228,-0.01627349853515625
0,0,0,0,-0.018888313323259354,-0.017580674961209297,-0.01596832275390625
0,0,0,0,-0.019122598692774773,-0.017553865909576416,-0.015777587890625
0,0,0,0,-0.019412850961089134,-0.017518024891614914,-0.01560211181640625
0,0,0,0,-0.01985146664083004,-0.017424631863832474,-0.0153961181640625
0,0,0,0,-0.020176062360405922,-0.017315875738859177,-0.015228271484375
0,0,0,0,-0.020498240366578102,-0.017193732783198357,-0.0150146484375
0,0,0,0,-0.020954392850399017,-0.01699625514447689,-0.01467132568359375
0,0,0,0,-0.021306471899151802,-0.016811396926641464,-0.01439666748046875
0,0,0,0,-0.021646879613399506,-0.016625594347715378,-0.01409149169921875
0,0,0,0,-0.02206427976489067,-0.016352009028196335,-0.013671875
0,0,0,0,-0.02234179712831974,-0.016140559688210487,-0.0133819580078125
0,0,0,0,-0.022568633779883385,-0.015967227518558502,-0.01309967041015625
0,0,0,0,-0.022822007536888123,-0.015756705775856972,-0.01276397705078125
0,0,0,0,-0.022998187690973282,-0.015615410171449184,-0.012542724609375
0,0,0,0,-0.023168092593550682,-0.015503677539527416,-0.0123291015625
0,0,0,0,-0.023400509729981422,-0.015383538790047169,-0.01207733154296875
0,0,0,0,-0.023556439206004143,-0.015306086279451847,-0.011932373046875
0,0,0,0,-0.023690951988101006,-0.01526637189090252,-0.01186370849609375
0,0,0,0,-0.02386450208723545,-0.015250532887876034,-0.011871337890625
0,0,0,0,-0.023973220959305763,-0.01525344979017973,-0.011932373046875
0,0,0,0,-0.02408241294324398,-0.015252809971570969,-0.01204681396484375
0,0,0,0,-0.024221783503890038,-0.015233093872666359,-0.01229095458984375
0,0,0,0,-0.024338390678167343,-0.015228884294629097,-0.01250457763671875
0,0,0,0,-0.02442893199622631,-0.015246530063450336,-0.0127410888671875
0,0,0,0,-0.024497227743268013,-0.015293058007955551,-0.0130462646484375
0,0,0,0,-0.024524934589862823,-0.015340565703809261,-0.0132904052734375
0,0,0,0,-0.02452101744711399,-0.015351790934801102,-0.0135345458984375
0,0,0,0,-0.024493835866451263,-0.015353411436080933,-0.01384735107421875
0,0,0,0,-0.02446792647242546,-0.015351781621575356,-0.01409149169921875
0,0,0,0,-0.02443220466375351,-0.015337876044213772,-0.01435089111328125
0,0,0,0,-0.024398522451519966,-0.01526731438934803,-0.01467132568359375
0,0,0,0,-0.024347906932234764,-0.015201570466160774,-0.014892578125
0,0,0,0,-0.02428843267261982,-0.015138824470341206,-0.01508331298828125
0,0,0,0,-0.02419823780655861,-0.015095683746039867,-0.0153045654296875
0,0,0,0,-0.02412320114672184,-0.015090345405042171,-0.01546478271484375
0,0,0,0,-0.024020154029130936,-0.015088114887475967,-0.0156097412109375
0,0,0,0,-0.023811252787709236,-0.015086519531905651,-0.01580810546875
0,0,0,0,-0.02365652285516262,-0.015091515146195889,-0.01593780517578125
0,0,0,0,-0.023494599387049675,-0.01510542817413807,-0.01605987548828125
0,0,0,0,-0.02329857647418976,-0.015130935236811638,-0.01622772216796875
0,0,0,0,-0.023121073842048645,-0.015147686935961246,-0.01636505126953125
0,0,0,0,-0.022912701591849327,-0.015191663056612015,-0.0165252685546875
0,0,0,0,-0.022603966295719147,-0.015228026546537876,-0.0168304443359375
0,0,0,0,-0.02238098345696926,-0.01524355262517929,-0.0171356201171875
0,0,0,0,-0.02215387113392353,-0.015268675982952118,-0.01747894287109375
0,0,0,0,-0.0218263678252697,-0.015316551551222801,-0.01796722412109375
0,0,0,0,-0.021598976105451584,-0.015323081985116005,-0.01837921142578125
0,0,0,0,-0.02140616811811924,-0.015313143841922283,-0.018798828125
0,0,0,0,-0.021183224394917488,-0.015292013995349407,-0.01940155029296875
0,0,0,0,-0.021043162792921066,-0.0152905797585845,-0.01985931396484375
0,0,0,0,-0.02092089131474495,-0.015293259173631668,-0.0202789306640625
0,0,0,0,-0.020766209810972214,-0.015314383432269096,-0.020782470703125
0,0,0,0,-0.020672479644417763,-0.015360387973487377,-0.02114105224609375
0,0,0,0,-0.02057395502924919,-0.01540624350309372,-0.0214691162109375
0,0,0,0,-0.02041003853082657,-0.015485291369259357,-0.0218505859375
0,0,0,0,-0.0202494990080595,-0.015568931587040424,-0.0221405029296875
0,0,0,0,-0.020070785656571388,-0.015640072524547577,-0.02245330810546875
0,0,0,0,-0.019784940406680107,-0.015719857066869736,-0.0228729248046875
0,0,0,0,-0.019534138962626457,-0.01580391637980938,-0.02320098876953125
0,0,0,0,-0.01924346759915352,-0.01595311425626278,-0.02350616455078125
0,0,0,0,-0.018821239471435547,-0.01616261899471283,-0.02397918701171875
0,0,0,0,-0.01850171945989132,-0.016315989196300507,-0.02436065673828125
0,0,0,0,-0.01813458651304245,-0.0164763443171978,-0.02477264404296875
0,0,0,0,-0.017629487439990044,-0.01666468009352684,-0.02533721923828125
0,0,0,0,-0.01724333129823208,-0.016814934089779854,-0.02576446533203125
0,0,0,0,-0.016849953681230545,-0.016945963725447655,-0.0261993408203125
0,0,0,0,-0.016281690448522568,-0.017157597467303276,-0.0267791748046875
0,0,0,0,-0.015879875048995018,-0.017303580418229103,-0.02722930908203125
0,0,0,0,-0.015478016808629036,-0.01749914512038231,-0.0276947021484375
0,0,0,0,-0.014969080686569214,-0.01778896152973175,-0.0283355712890625
0,0,0,0,-0.014615125022828579,-0.018064651638269424,-0.02881622314453125
0,0,0,0,-0.014305164106190205,-0.018339505419135094,-0.02925872802734375
0,0,0,0,-0.013970481231808662,-0.01874970644712448,-0.02988433837890625
0,0,0,0,-0.013718911446630955,-0.019058428704738617,-0.03035736083984375
0,0,0,0,-0.013458273373544216,-0.019397124648094177,-0.0308074951171875
0,0,0,0,-0.013121512718498707,-0.019805829972028732,-0.0314483642578125
0,0,0,0,-0.012904238887131214,-0.02007613144814968,-0.0319061279296875
0,0,0,0,-0.01267419382929802,-0.020328868180513382,-0.0323486328125
0,0,0,0,-0.012397958897054195,-0.02065681293606758,-0.03292083740234375
0,0,0,0,-0.012190103530883789,-0.020888008177280426,-0.033355712890625
0,0,0,0,-0.011993682011961937,-0.021114995703101158,-0.03376007080078125
0,0,0,0,-0.011768011376261711,-0.021401913836598396,-0.03430938720703125
0,0,0,0,-0.011632813140749931,-0.021618293598294258,-0.0346832275390625
0,0,0,0,-0.011509234085679054,-0.021881984546780586,-0.035064697265625
0,0,0,0,-0.0113670090213418,-0.022227615118026733,-0.03556060791015625
0,0,0,0,-0.011259248480200768,-0.022515879943966866,-0.0359344482421875
0,0,0,0,-0.011188244447112083,-0.022802798077464104,-0.036285400390625
0,0,0,0,-0.011102104559540749,-0.02321816422045231,-0.03672027587890625
0,0,0,0,-0.011060899123549461,-0.02350320853292942,-0.03701019287109375
0,0,0,0,-0.011004805564880371,-0.023832693696022034,-0.037261962890625
0,0,0,0,-0.0109166344627738,-0.024250954389572144,-0.037567138671875
0,0,0,0,-0.010854862630367279,-0.024560417979955673,-0.03778076171875
0,0,0,0,-0.010752740316092968,-0.0248483344912529,-0.037994384765625
0,0,0,0,-0.010591387748718262,-0.025258736684918404,-0.0382232666015625
0,0,0,0,-0.010502573102712631,-0.025575894862413406,-0.03836822509765625
0,0,0,0,-0.01045139878988266,-0.025885939598083496,-0.03849029541015625
0,0,0,0,-0.010332528501749039,-0.026294289156794548,-0.03867340087890625
0,0,0,0,-0.010227149352431297,-0.026584163308143616,-0.03878021240234375
0,0,0,0,-0.01010965183377266,-0.026864981278777122,-0.03887176513671875
0,0,0,0,-0.00990928802639246,-0.027269655838608742,-0.0389404296875
0,0,0,0,-0.009792694821953773,-0.027560127899050713,-0.0389556884765625
0,0,0,0,-0.009688731282949448,-0.02779316157102585,-0.0389251708984375
0,0,0,0,-0.009581448510289192,-0.028084617108106613,-0.03884124755859375
0,0,0,0,-0.009523608721792698,-0.02825777791440487,-0.0387115478515625
0,0,0,0,-0.009465991519391537,-0.02842971310019493,-0.03856658935546875
0,0,0,0,-0.00937893521040678,-0.028622973710298538,-0.038330078125
0,0,0,0,-0.009287942200899124,-0.02880755625665188,-0.038116455078125
0,0,0,0,-0.00919048860669136,-0.028948569670319557,-0.03784942626953125
0,0,0,0,-0.009117735549807549,-0.029254864901304245,-0.03765869140625
0,0,0,0,-0.009141433984041214,-0.029518410563468933,-0.0377044677734375
0,0,0,0,-0.009120166301727295,-0.029766416177153587,-0.03759002685546875
0,0,0,0,-0.00896560400724411,-0.029823100194334984,-0.036895751953125
0,0,0,0,-0.008907821029424667,-0.02995683252811432,-0.03633880615234375
0,0,0,0,-0.008914090692996979,-0.030046842992305756,-0.03574371337890625
0,0,0,0,-0.00884314626455307,-0.03023335337638855,-0.03472137451171875
0,0,0,0,-0.0087405014783144,-0.030287496745586395,-0.03376007080078125
0,0,0,0,-0.00849780160933733,-0.030366405844688416,-0.0322723388671875
0,0,0,0,-0.008233713917434216,-0.03041454218327999,-0.03106689453125
0,0,0,0,-0.007921094074845314,-0.03053017146885395,-0.0298004150390625
0,0,0,0,-0.007540831342339516,-0.03062821924686432,-0.028472900390625
0,0,0,0,-0.006986086722463369,-0.030743351206183434,-0.02664947509765625
0,0,0,0,-0.006368095520883799,-0.03073701076209545,-0.0252838134765625
0,0,0,0,-0.005618932656943798,-0.030553240329027176,-0.02390289306640625
0,0,0,0,-0.0042328438721597195,-0.02997606433928013,-0.02178955078125
0,0,0,0,-0.0024763101246207952,-0.028863346204161644,-0.01904296875
0,0,0,0,-0.001369088189676404,-0.028168601915240288,-0.01731109619140625
0,0,0,0,0.001071144943125546,-0.026288779452443123,-0.013092041015625
0,0,0,0,0.003288234816864133,-0.024605073034763336,-0.0091705322265625
0,0,0,0,0.005657034460455179,-0.022566886618733406,-0.004608154296875
0,0,0,0,0.009286184795200825,-0.01960458792746067,0.00244140625
0,0,0,0,0.0121504170820117,-0.01710677333176136,0.00856781005859375
0,0,0,0,0.015181212686002254,-0.014532082714140415,0.01534271240234375
0,0,0,0,0.019265510141849518,-0.010801486670970917,0.02523040771484375
0,0,0,0,0.022388309240341187,-0.007920889183878899,0.03330230712890625
0,0,0,0,0.02545379474759102,-0.004843242932111025,0.0419158935546875
0,0,0,0,0.029405318200588226,-0.000604419969022274,0.0541839599609375
0,0,0,0,0.0322701632976532,0.0026920351665467024,0.06390380859375
0,0,0,0,0.03496255725622177,0.005968128796666861,0.07403564453125
0,0,0,0,0.03832179680466652,0.01041329838335514,0.08809661865234375
0,0,0,0,0.04054928943514824,0.01379802543669939,0.0989990234375
0,0,0,0,0.04264300689101219,0.017127860337495804,0.110198974609375
0,0,0,0,0.044998399913311005,0.02152467705309391,0.12551116943359375
0,0,0,0,0.04659594967961311,0.024759652093052864,0.1372833251953125
0,0,0,0,0.0478656068444252,0.02803667262196541,0.1492919921875
0,0,0,0,0.04929276183247566,0.03222303465008736,0.1656951904296875
0,0,0,0,0.05001312121748924,0.035396989434957504,0.1782684326171875
0,0,0,0,0.050621822476387024,0.038446590304374695,0.19110107421875
0,0,0,0,0.050985489040613174,0.04256194829940796,0.20864105224609375
0,0,0,0,0.05107273533940315,0.045417413115501404,0.22211456298828125
0,0,0,0,0.050944797694683075,0.048276208341121674,0.235870361328125
0,0,0,0,0.05059143528342247,0.0518774650990963,0.25461578369140625
0,0,0,0,0.050128646194934845,0.054472945630550385,0.26898956298828125
0,0,0,0,0.04952240362763405,0.056895721703767776,0.28362274169921875
0,0,0,0,0.048526581376791,0.059929851442575455,0.30352783203125
0,0,0,0,0.047602374106645584,0.06206260621547699,0.31878662109375
0,0,0,0,0.04662743955850601,0.06407606601715088,0.3343048095703125
0,0,0,0,0.045076727867126465,0.06657545268535614,0.35533905029296875
0,0,0,0,0.043858304619789124,0.06825065612792969,0.3713836669921875
0,0,0,0,0.042457062751054764,0.0698128417134285,0.3876953125
0,0,0,0,0.04062661901116371,0.07167807966470718,0.4097900390625
0,0,0,0,0.03910452127456665,0.07297760993242264,0.42661285400390625
0,0,0,0,0.037611741572618484,0.07413090020418167,0.44362640380859375
0,0,0,0,0.03544343635439873,0.07568685710430145,0.4665679931640625
0,0,0,0,0.03381138667464256,0.07667502015829086,0.484039306640625
0,0,0,0,0.032071202993392944,0.07764613628387451,0.5017166137695312
0,0,0,0,0.029758907854557037,0.07873295992612839,0.5256423950195312
0,0,0,0,0.027923958376049995,0.07947172969579697,0.5438308715820312
0,0,0,0,0.02606748603284359,0.08006107807159424,0.5621871948242188
0,0,0,0,0.02352171763777733,0.08079088479280472,0.5868911743164062
0,0,0,0,0.021564241498708725,0.08117365837097168,0.6056365966796875
0,0,0,0,0.01961122266948223,0.08149111270904541,0.6245651245117188
0,0,0,0,0.016954127699136734,0.08178795874118805,0.65008544921875
0,0,0,0,0.01500469259917736,0.081917405128479,0.6694259643554688
0,0,0,0,0.012958738021552563,0.08204565942287445,0.6889190673828125
0,0,0,0,0.010308559983968735,0.08206715434789658,0.7151336669921875
0,0,0,0,0.008258190006017685,0.08206668496131897,0.7349853515625
0,0,0,0,0.006317077204585075,0.0819765031337738,0.7550125122070312
0,0,0,0,0.0036906739696860313,0.08183892071247101,0.7819595336914062
0,0,0,0,0.0018366867443546653,0.08155421912670135,0.8023300170898438
0,0,0,0,-4.534285471891053e-05,0.08127695322036743,0.8228302001953125
0,0,0,0,-0.0024274394381791353,0.08069983124732971,0.8503494262695312
0,0,0,0,-0.004210685379803181,0.08026736974716187,0.8711624145507812
0,0,0,0,-0.005935999099165201,0.0796268880367279,0.892120361328125
0,0,0,0,-0.008229297585785389,0.07877544313669205,0.9201889038085938
0,0,0,0,-0.009921524673700333,0.07794778794050217,0.9413986206054688
0,0,0,0,-0.011615041643381119,0.07705668359994888,0.9627914428710938
0,0,0,0,-0.013859803788363934,0.07571204751729965,0.9915390014648438
0,0,0,0,-0.015474727377295494,0.07463988661766052,1.01324462890625
0,0,0,0,-0.017141472548246384,0.07354459166526794,1.03509521484375
0,0,0,0,-0.01929067075252533,0.07196313142776489,1.0644378662109375
0,0,0,0,-0.020985383540391922,0.0707615315914154,1.0866470336914062
0,0,0,0,-0.022594602778553963,0.06943037360906601,1.1089935302734375
0,0,0,0,-0.02482258901000023,0.06769176572561264,1.138885498046875
0,0,0,0,-0.026401963084936142,0.06627152860164642,1.161285400390625
0,0,0,0,-0.02806801162660122,0.06491173803806305,1.1836090087890625
0,0,0,0,-0.03014427423477173,0.06287945806980133,1.2130203247070312
0,0,0,0,-0.03172295540571213,0.0613802932202816,1.2346649169921875
0,0,0,0,-0.033194225281476974,0.05976785346865654,1.2559356689453125
0,0,0,0,-0.03518248721957207,0.05769126117229462,1.2836761474609375
0,0,0,0,-0.036644935607910156,0.056003499776124954,1.303863525390625
0,0,0,0,-0.03814208135008812,0.05428309366106987,1.32342529296875
0,0,0,0,-0.04005637764930725,0.051869072020053864,1.3485336303710938
0,0,0,0,-0.04141000658273697,0.05003118887543678,1.3665924072265625
0,0,0,0,-0.04277491196990013,0.04811377078294754,1.384033203125
0,0,0,0,-0.04452713206410408,0.04554479196667671,1.4063186645507812
0,0,0,0,-0.04587932676076889,0.04362017288804054,1.4222793579101562
0,0,0,0,-0.047135546803474426,0.04167208820581436,1.4376449584960938
0,0,0,0,-0.04887157678604126,0.03911273553967476,1.4571762084960938
0,0,0,0,-0.05007689818739891,0.03705650940537453,1.471099853515625
0,0,0,0,-0.05132216215133667,0.03504202142357826,1.4843978881835938
0,0,0,0,-0.05282183364033699,0.032228898257017136,1.5013427734375
0,0,0,0,-0.05396362021565437,0.03021216206252575,1.5134735107421875
0,0,0,0,-0.05498293787240982,0.02808428928256035,1.5251693725585938
0,0,0,0,-0.05637522414326668,0.025341233238577843,1.5401458740234375
0,0,0,0,-0.05736299976706505,0.023194804787635803,1.550872802734375
0,0,0,0,-0.05837703123688698,0.021131979301571846,1.56121826171875
0,0,0,0,-0.05965275689959526,0.018318526446819305,1.5744476318359375
0,0,0,0,-0.06057649105787277,0.01623738929629326,1.58392333984375
0,0,0,0,-0.06148790940642357,0.014107723720371723,1.5930633544921875
0,0,0,0,-0.0626944750547409,0.011383968405425549,1.6048202514648438
0,0,0,0,-0.06363191455602646,0.009389405138790607,1.6132965087890625
0,0,0,0,-0.06449498981237411,0.007423619739711285,1.621490478515625
0,0,0,0,-0.06565216928720474,0.004876905120909214,1.6320419311523438
0,0,0,0,-0.06639949977397919,0.002972662914544344,1.6396942138671875
0,0,0,0,-0.06719551235437393,0.0011536071542650461,1.6471633911132812
0,0,0,0,-0.06813009083271027,-0.0013021789491176605,1.6568527221679688
0,0,0,0,-0.06889121979475021,-0.003033351618796587,1.6639251708984375
0,0,0,0,-0.06953909248113632,-0.004846328869462013,1.6708526611328125
0,0,0,0,-0.07048823684453964,-0.0071267616003751755,1.6798629760742188
0,0,0,0,-0.07111300528049469,-0.00890562403947115,1.6864471435546875
0,0,0,0,-0.07175847887992859,-0.010615172795951366,1.692901611328125
0,0,0,0,-0.07250305265188217,-0.013043507002294064,1.7013092041015625
0,0,0,0,-0.07304303348064423,-0.014799841679632664,1.7074050903320312
0,0,0,0,-0.07356548309326172,-0.01662299409508705,1.7133331298828125
0,0,0,0,-0.07428494840860367,-0.0190343726426363,1.7209701538085938
0,0,0,0,-0.07482747733592987,-0.020908884704113007,1.7265167236328125
0,0,0,0,-0.07532203197479248,-0.02271461673080921,1.7318954467773438
0,0,0,0,-0.07596763968467712,-0.025109784677624702,1.7388229370117188
0,0,0,0,-0.076362743973732,-0.02691144123673439,1.7438735961914062
0,0,0,0,-0.07678820192813873,-0.028662601485848427,1.7487945556640625
0,0,0,0,-0.07720011472702026,-0.031001519411802292,1.7551803588867188
0,0,0,0,-0.07754798233509064,-0.0326312854886055,1.75982666015625
0,0,0,0,-0.07780241966247559,-0.034277696162462234,1.7643280029296875
0,0,0,0,-0.07821130007505417,-0.036351434886455536,1.7701339721679688
0,0,0,0,-0.07838965207338333,-0.03799877315759659,1.7742996215820312
0,0,0,0,-0.07861489057540894,-0.039550840854644775,1.7783355712890625
0,0,0,0,-0.07880008220672607,-0.04171723127365112,1.7834854125976562
0,0,0,0,-0.07892202585935593,-0.04322728142142296,1.7871856689453125
0,0,0,0,-0.07895263284444809,-0.0447796992957592,1.7907943725585938
0,0,0,0,-0.0790313333272934,-0.046745188534259796,1.7954330444335938
0,0,0,0,-0.07905570417642593,-0.04827001690864563,1.798797607421875
0,0,0,0,-0.07906003296375275,-0.04968944936990738,1.8020706176757812
0,0,0,0,-0.07902660220861435,-0.051611825823783875,1.8063201904296875
0,0,0,0,-0.07895898818969727,-0.05303920805454254,1.8094329833984375
0,0,0,0,-0.0789223313331604,-0.054457537829875946,1.8124771118164062
0,0,0,0,-0.07876413315534592,-0.05632248893380165,1.816436767578125
0,0,0,0,-0.07869365811347961,-0.057669587433338165,1.8193206787109375
0,0,0,0,-0.07854432612657547,-0.05905852094292641,1.8221893310546875
0,0,0,0,-0.07842327654361725,-0.0607939288020134,1.8259658813476562
0,0,0,0,-0.07823941856622696,-0.06211395561695099,1.8287429809570312
0,0,0,0,-0.07813633978366852,-0.06332778930664062,1.8314590454101562
0,0,0,0,-0.07787376642227173,-0.06498589366674423,1.8350067138671875
0,0,0,0,-0.07775471359491348,-0.06611146032810211,1.8375930786132812
0,0,0,0,-0.07758094370365143,-0.06734122335910797,1.8401107788085938
0,0,0,0,-0.07743853330612183,-0.06887637823820114,1.8433685302734375
0,0,0,0,-0.07730191200971603,-0.07008013874292374,1.84576416015625
0,0,0,0,-0.0772109180688858,-0.07115523517131805,1.8481369018554688
0,0,0,0,-0.07711347192525864,-0.07265635579824448,1.8512649536132812
0,0,0,0,-0.07704655826091766,-0.07374455779790878,1.8535842895507812
0,0,0,0,-0.07702089846134186,-0.07482164353132248,1.8558578491210938
0,0,0,0,-0.07697254419326782,-0.0760999396443367,1.858673095703125
0,0,0,0,-0.077011838555336,-0.07700806856155396,1.8600997924804688
0,0,0,0,-0.07703344523906708,-0.077940933406353,1.8607940673828125
0,0,0,0,-0.07724857330322266,-0.0792575404047966,1.8605880737304688
0,0,0,0,-0.07747029513120651,-0.08038285374641418,1.8596420288085938
0,0,0,0,-0.07793734222650528,-0.08151645213365555,1.8580703735351562
0,0,0,0,-0.07869202643632889,-0.08325818926095963,1.8550872802734375
0,0,0,0,-0.07949556410312653,-0.08457103371620178,1.852264404296875
0,0,0,0,-0.08040348440408707,-0.08605246245861053,1.8490829467773438
0,0,0,0,-0.08201731741428375,-0.08803995698690414,1.8443832397460938
0,0,0,0,-0.08337541669607162,-0.08971691876649857,1.8406448364257812
0,0,0,0,-0.08494492620229721,-0.09142104536294937,1.8367919921875
0,0,0,0,-0.08717156201601028,-0.0939406082034111,1.8317031860351562
0,0,0,0,-0.0889611467719078,-0.0958738699555397,1.827911376953125
0,0,0,0,-0.09081804752349854,-0.09795667231082916,1.8242111206054688
0,0,0,0,-0.09334560483694077,-0.10079984366893768,1.8194580078125
0,0,0,0,-0.09534371644258499,-0.10308888554573059,1.8160400390625
0,0,0,0,-0.09733326733112335,-0.1054498478770256,1.8127975463867188
0,0,0,0,-0.10013752430677414,-0.10870421677827835,1.8087539672851562
0,0,0,0,-0.10224802047014236,-0.11123215407133102,1.80596923828125
0,0,0,0,-0.10447975993156433,-0.11374010890722275,1.80340576171875
0,0,0,0,-0.10739368945360184,-0.11715807020664215,1.8002471923828125
0,0,0,0,-0.10968484729528427,-0.11964943259954453,1.7981033325195312
0,0,0,0,-0.11265894025564194,-0.12309344112873077,1.7955398559570312
0,0,0,0,-0.11495136469602585,-0.12560802698135376,1.7938156127929688
0,0,0,0,-0.11714965105056763,-0.12821431457996368,1.7922515869140625
0,0,0,0,-0.1193799078464508,-0.130669504404068,1.790740966796875
0,0,0,0,-0.12220004200935364,-0.13398870825767517,1.788818359375
0,0,0,0,-0.12433227896690369,-0.1364031583070755,1.787445068359375
0,0,0,0,-0.12642133235931396,-0.1389116793870926,1.7861480712890625
0,0,0,0,-0.12919451296329498,-0.14220492541790009,1.7844772338867188
0,0,0,0,-0.1312589794397354,-0.14476996660232544,1.7832260131835938
0,0,0,0,-0.1332809329032898,-0.1473425030708313,1.7819595336914062
0,0,0,0,-0.13601259887218475,-0.15083295106887817,1.7802352905273438
0,0,0,0,-0.13802692294120789,-0.15350885689258575,1.778900146484375
0,0,0,0,-0.14010103046894073,-0.15619464218616486,1.7775115966796875
0,0,0,0,-0.14274747669696808,-0.159803107380867,1.7755966186523438
0,0,0,0,-0.14480054378509521,-0.16244614124298096,1.7741012573242188
0,0,0,0,-0.14677859842777252,-0.1651361584663391,1.7725906372070312
0,0,0,0,-0.14957110583782196,-0.16861768066883087,1.7706069946289062
0,0,0,0,-0.1516149789094925,-0.1712726354598999,1.7691650390625
0,0,0,0,-0.15375009179115295,-0.17378687858581543,1.7677536010742188
0,0,0,0,-0.15653376281261444,-0.17716708779335022,1.7659759521484375
0,0,0,0,-0.15868273377418518,-0.17960771918296814,1.7646636962890625
0,0,0,0,-0.16079452633857727,-0.18217360973358154,1.763336181640625
0,0,0,0,-0.1636553704738617,-0.18548883497714996,1.7615203857421875
0,0,0,0,-0.16580964624881744,-0.188015878200531,1.7601547241210938
0,0,0,0,-0.16794642806053162,-0.19043385982513428,1.7588043212890625
0,0,0,0,-0.17078454792499542,-0.19372694194316864,1.7570419311523438
0,0,0,0,-0.17287759482860565,-0.19621287286281586,1.755767822265625
0,0,0,0,-0.17499816417694092,-0.19869990646839142,1.75457763671875
0,0,0,0,-0.1777103692293167,-0.20205754041671753,1.7531204223632812
0,0,0,0,-0.1797897219657898,-0.2046148031949997,1.7520980834960938
0,0,0,0,-0.18177251517772675,-0.20723079144954681,1.7511367797851562
0,0,0,0,-0.18445734679698944,-0.21068747341632843,1.7499237060546875
0,0,0,0,-0.1863408237695694,-0.21331682801246643,1.7490386962890625
0,0,0,0,-0.18829280138015747,-0.2158539891242981,1.748199462890625
0,0,0,0,-0.19076338410377502,-0.21935980021953583,1.7472000122070312
0,0,0,0,-0.19265447556972504,-0.22190427780151367,1.7465286254882812
0,0,0,0,-0.1944175660610199,-0.2245248705148697,1.745941162109375
0,0,0,0,-0.19682233035564423,-0.22790248692035675,1.745269775390625
0,0,0,0,-0.1985655128955841,-0.2304699718952179,1.7448806762695312
0,0,0,0,-0.20032285153865814,-0.23292392492294312,1.7445831298828125
0,0,0,0,-0.20261216163635254,-0.2362501472234726,1.7442626953125
0,0,0,0,-0.20429842174053192,-0.23872113227844238,1.7440643310546875
0,0,0,0,-0.20598198473453522,-0.24122130870819092,1.7438583374023438
0,0,0,0,-0.20817261934280396,-0.24449415504932404,1.7435989379882812
0,0,0,0,-0.20984803140163422,-0.24692529439926147,1.7434234619140625
0,0,0,0,-0.21146762371063232,-0.24933584034442902,1.7432174682617188
0,0,0,0,-0.21375329792499542,-0.2524552643299103,1.7429046630859375
0,0,0,0,-0.21538706123828888,-0.2547989785671234,1.7426834106445312
0,0,0,0,-0.21713858842849731,-0.25706350803375244,1.7424392700195312
0,0,0,0,-0.21937207877635956,-0.26012516021728516,1.742095947265625
0,0,0,0,-0.2211359441280365,-0.2623519003391266,1.7417831420898438
0,0,0,0,-0.2228178232908249,-0.2646563947200775,1.7414474487304688
0,0,0,0,-0.22515004873275757,-0.2675802707672119,1.7409591674804688
0,0,0,0,-0.22687804698944092,-0.2698074281215668,1.74053955078125
0,0,0,0,-0.22868132591247559,-0.271919310092926,1.740081787109375
0,0,0,0,-0.23102499544620514,-0.27477777004241943,1.7394638061523438
0,0,0,0,-0.23281490802764893,-0.27684012055397034,1.7390213012695312
0,0,0,0,-0.23460014164447784,-0.278938353061676,1.738555908203125
0,0,0,0,-0.23692414164543152,-0.2816782593727112,1.737884521484375
0,0,0,0,-0.2386694848537445,-0.2837275564670563,1.7373733520507812
0,0,0,0,-0.2403901070356369,-0.2857391834259033,1.7368621826171875
0,0,0,0,-0.24269594252109528,-0.2883932292461395,1.7360687255859375
0,0,0,0,-0.2442857027053833,-0.2903904914855957,1.7354049682617188
0,0,0,0,-0.2459230124950409,-0.2923271358013153,1.7347259521484375
0,0,0,0,-0.24796850979328156,-0.29498371481895447,1.7338027954101562
0,0,0,0,-0.2495344877243042,-0.29693129658699036,1.7330780029296875
0,0,0,0,-0.2509818375110626,-0.2989623546600342,1.7323379516601562
0,0,0,0,-0.25297683477401733,-0.3015754818916321,1.7313156127929688
0,0,0,0,-0.25440722703933716,-0.3036583364009857,1.730560302734375
0,0,0,0,-0.2559211254119873,-0.30568933486938477,1.7298355102539062
0,0,0,0,-0.2578278183937073,-0.30855393409729004,1.7288742065429688
0,0,0,0,-0.2592944800853729,-0.310690701007843,1.7281494140625
0,0,0,0,-0.2607157826423645,-0.31292369961738586,1.7274169921875
0,0,0,0,-0.26266124844551086,-0.315839946269989,1.7264022827148438
0,0,0,0,-0.26414331793785095,-0.31809139251708984,1.7255859375
0,0,0,0,-0.2656073570251465,-0.32030320167541504,1.7247238159179688
0,0,0,0,-0.2675597369670868,-0.32330894470214844,1.7234878540039062
0,0,0,0,-0.2689848840236664,-0.32559335231781006,1.7224884033203125
0,0,0,0,-0.270494669675827,-0.3278679847717285,1.7214813232421875
0,0,0,0,-0.27245891094207764,-0.33090925216674805,1.7200698852539062
0,0,0,0,-0.2740015387535095,-0.3331367075443268,1.7189865112304688
0,0,0,0,-0.2754514813423157,-0.3354142904281616,1.7178726196289062
0,0,0,0,-0.27747657895088196,-0.33833086490631104,1.7162857055664062
0,0,0,0,-0.27890828251838684,-0.34054699540138245,1.7150421142578125
0,0,0,0,-0.28040748834609985,-0.342653751373291,1.7137069702148438
0,0,0,0,-0.2822457253932953,-0.34554532170295715,1.7118759155273438
0,0,0,0,-0.2836324870586395,-0.3475906252861023,1.7104721069335938
0,0,0,0,-0.2849196493625641,-0.34970083832740784,1.70904541015625
0,0,0,0,-0.28665056824684143,-0.35240399837493896,1.7071456909179688
0,0,0,0,-0.28793734312057495,-0.35444459319114685,1.7057571411132812
0,0,0,0,-0.28920888900756836,-0.3563912808895111,1.70440673828125
0,0,0,0,-0.2908896207809448,-0.3590514063835144,1.702667236328125
0,0,0,0,-0.29210391640663147,-0.3610552251338959,1.7013778686523438
0,0,0,0,-0.2933747470378876,-0.36309000849723816,1.700103759765625
0,0,0,0,-0.29503175616264343,-0.3657982349395752,1.698486328125
0,0,0,0,-0.29634106159210205,-0.3677992522716522,1.697296142578125
0,0,0,0,-0.2975626587867737,-0.36985379457473755,1.6961441040039062
0,0,0,0,-0.29934969544410706,-0.3725818395614624,1.6947402954101562
0,0,0,0,-0.30064794421195984,-0.37475693225860596,1.6937637329101562
0,0,0,0,-0.30206602811813354,-0.3768762946128845,1.6928634643554688
0,0,0,0,-0.3038812279701233,-0.37983646988868713,1.691741943359375
0,0,0,0,-0.3053380250930786,-0.3820120394229889,1.6909561157226562
0,0,0,0,-0.3067309260368347,-0.3843228220939636,1.690216064453125
0,0,0,0,-0.3087027370929718,-0.3873107135295868,1.689300537109375
0,0,0,0,-0.3101758658885956,-0.38964173197746277,1.6886749267578125
0,0,0,0,-0.3117244243621826,-0.391896516084671,1.6881179809570312
0,0,0,0,-0.3137938976287842,-0.3949737250804901,1.6874237060546875
0,0,0,0,-0.31531620025634766,-0.39724087715148926,1.686859130859375
0,0,0,0,-0.31686732172966003,-0.39955317974090576,1.6862945556640625
0,0,0,0,-0.31888052821159363,-0.4025741517543793,1.6855621337890625
0,0,0,0,-0.320382297039032,-0.40479612350463867,1.6849746704101562
0,0,0,0,-0.32181137800216675,-0.4070306122303009,1.6843643188476562
0,0,0,0,-0.323803573846817,-0.41003701090812683,1.6835098266601562
0,0,0,0,-0.32519835233688354,-0.41230839490890503,1.6828536987304688
0,0,0,0,-0.3266654908657074,-0.41448184847831726,1.6821517944335938
0,0,0,0,-0.3285580575466156,-0.41741132736206055,1.6811676025390625
0,0,0,0,-0.33007365465164185,-0.4195162355899811,1.6803970336914062
0,0,0,0,-0.3314763903617859,-0.4216821789741516,1.6796188354492188
0,0,0,0,-0.33340173959732056,-0.42441993951797485,1.6785888671875
0,0,0,0,-0.33479616045951843,-0.426533579826355,1.6778182983398438
0,0,0,0,-0.3362528681755066,-0.42853879928588867,1.6770553588867188
0,0,0,0,-0.33815109729766846,-0.4313010573387146,1.6760787963867188
0,0,0,0,-0.33954963088035583,-0.43331101536750793,1.675384521484375
0,0,0,0,-0.3409453332424164,-0.43536636233329773,1.6747360229492188
0,0,0,0,-0.3428497910499573,-0.4380316734313965,1.673980712890625
0,0,0,0,-0.34432297945022583,-0.4400677978992462,1.6735076904296875
0,0,0,0,-0.3457570970058441,-0.44210147857666016,1.6731109619140625
0,0,0,0,-0.3476486802101135,-0.44486936926841736,1.6726455688476562
0,0,0,0,-0.3489316403865814,-0.4469670355319977,1.672332763671875
0,0,0,0,-0.35024207830429077,-0.44905519485473633,1.672027587890625
0,0,0,0,-0.35181960463523865,-0.45191076397895813,1.6716690063476562
0,0,0,0,-0.3530595004558563,-0.45399928092956543,1.67144775390625
0,0,0,0,-0.3541903793811798,-0.4561873972415924,1.6712722778320312
0,0,0,0,-0.3558022081851959,-0.45903491973876953,1.6710891723632812
0,0,0,0,-0.3569349944591522,-0.4612027704715729,1.67095947265625
0,0,0,0,-0.3581547737121582,-0.4632548391819,1.67083740234375
0,0,0,0,-0.3597266972064972,-0.46613261103630066,1.6706771850585938
0,0,0,0,-0.3609538674354553,-0.4682137072086334,1.6705398559570312
0,0,0,0,-0.3621671199798584,-0.47037583589553833,1.6703948974609375
0,0,0,0,-0.36381086707115173,-0.4731511175632477,1.6702194213867188
0,0,0,0,-0.365054726600647,-0.4752694070339203,1.6701126098632812
0,0,0,0,-0.366283655166626,-0.47738707065582275,1.6700515747070312
0,0,0,0,-0.3679068982601166,-0.48025330901145935,1.6699676513671875
0,0,0,0,-0.3690585792064667,-0.48243817687034607,1.6698989868164062
0,0,0,0,-0.37027618288993835,-0.48465877771377563,1.669830322265625
0,0,0,0,-0.3717855215072632,-0.4877290725708008,1.6697845458984375
0,0,0,0,-0.37298062443733215,-0.4900220036506653,1.66973876953125
0,0,0,0,-0.37407615780830383,-0.4923766851425171,1.6696929931640625
0,0,0,0,-0.37560710310935974,-0.4954800605773926,1.6696319580078125
0,0,0,0,-0.3766520619392395,-0.4978792071342468,1.6695556640625
0,0,0,0,-0.37777116894721985,-0.5001901984214783,1.6694412231445312
0,0,0,0,-0.37915894389152527,-0.5033732056617737,1.6692581176757812
0,0,0,0,-0.3802415132522583,-0.5056969523429871,1.6691131591796875
0,0,0,0,-0.38125747442245483,-0.5081155300140381,1.6689834594726562
0,0,0,0,-0.38265082240104675,-0.5112097263336182,1.6688003540039062
0,0,0,0,-0.38363251090049744,-0.5136297345161438,1.6687164306640625
0,0,0,0,-0.38459017872810364,-0.5160059332847595,1.6686477661132812
0,0,0,0,-0.3858241140842438,-0.5192353129386902,1.6685791015625
0,0,0,0,-0.38672685623168945,-0.5216119289398193,1.6685333251953125
0,0,0,0,-0.38769036531448364,-0.5239761471748352,1.6685028076171875
0,0,0,0,-0.38892078399658203,-0.5270611643791199,1.668487548828125
0,0,0,0,-0.38992828130722046,-0.5293148756027222,1.6685409545898438
0,0,0,0,-0.3908705413341522,-0.5315564870834351,1.6686477661132812
0,0,0,0,-0.3922713100910187,-0.5344430804252625,1.6689071655273438
0,0,0,0,-0.393303245306015,-0.5366349816322327,1.6691665649414062
0,0,0,0,-0.39445048570632935,-0.5387446880340576,1.66943359375
0,0,0,0,-0.395869642496109,-0.5416321158409119,1.6698455810546875
0,0,0,0,-0.3970368802547455,-0.543653666973114,1.6701889038085938
0,0,0,0,-0.39815041422843933,-0.5457530617713928,1.6705322265625
0,0,0,0,-0.3997315764427185,-0.5483893156051636,1.6709518432617188
0,0,0,0,-0.4008828401565552,-0.5504164695739746,1.6712265014648438
0,0,0,0,-0.40207716822624207,-0.5523452758789062,1.6714706420898438
0,0,0,0,-0.40363579988479614,-0.5549992322921753,1.671783447265625
0,0,0,0,-0.4047815799713135,-0.5569599866867065,1.6720123291015625
0,0,0,0,-0.4059080481529236,-0.5589743852615356,1.672210693359375
0,0,0,0,-0.407291054725647,-0.5615958571434021,1.6724090576171875
0,0,0,0,-0.40834754705429077,-0.5635260343551636,1.6725006103515625
0,0,0,0,-0.40931054949760437,-0.5654876232147217,1.6725387573242188
0,0,0,0,-0.4106041193008423,-0.5680341124534607,1.6724777221679688
0,0,0,0,-0.4114389419555664,-0.569951593875885,1.6723403930664062
0,0,0,0,-0.4123086929321289,-0.5717949867248535,1.6721115112304688
0,0,0,0,-0.4132779836654663,-0.5742794871330261,1.6716384887695312
0,0,0,0,-0.4139823615550995,-0.5760281085968018,1.6711578369140625
0,0,0,0,-0.41453200578689575,-0.5778509378433228,1.6706390380859375
0,0,0,0,-0.4153202772140503,-0.5802044868469238,1.6699066162109375
0,0,0,0,-0.4158564507961273,-0.5820539593696594,1.6693115234375
0,0,0,0,-0.4164431691169739,-0.5838159322738647,1.6686782836914062
0,0,0,0,-0.4171195924282074,-0.5862568020820618,1.6678924560546875
0,0,0,0,-0.41761934757232666,-0.5880215764045715,1.6673736572265625
0,0,0,0,-0.41811832785606384,-0.5898571014404297,1.66693115234375
0,0,0,0,-0.4187846779823303,-0.592253565788269,1.6664047241210938
0,0,0,0,-0.41932377219200134,-0.5940994620323181,1.6660919189453125
0,0,0,0,-0.4198560416698456,-0.5959182381629944,1.6658172607421875
0,0,0,0,-0.42066827416419983,-0.5983216166496277,1.6655731201171875
0,0,0,0,-0.42121392488479614,-0.6000807285308838,1.665435791015625
0,0,0,0,-0.42186689376831055,-0.6018053293228149,1.6653289794921875
0,0,0,0,-0.4226533770561218,-0.6041467785835266,1.665191650390625
0,0,0,0,-0.42331674695014954,-0.6057931780815125,1.665069580078125
0,0,0,0,-0.4238872826099396,-0.6075204610824585,1.6649703979492188
0,0,0,0,-0.4247594177722931,-0.6097896099090576,1.6647872924804688
0,0,0,0,-0.4253702461719513,-0.6116073131561279,1.6646270751953125
0,0,0,0,-0.4260837137699127,-0.6133072972297668,1.6644668579101562
0,0,0,0,-0.4269491732120514,-0.6157434582710266,1.6642608642578125
0,0,0,0,-0.4276597499847412,-0.6175889372825623,1.664093017578125
0,0,0,0,-0.42836225032806396,-0.619589626789093,1.6639175415039062
0,0,0,0,-0.42941218614578247,-0.6222326755523682,1.6636962890625
0,0,0,0,-0.4302796721458435,-0.6242770552635193,1.6635360717773438
0,0,0,0,-0.4311905801296234,-0.6262891888618469,1.6633987426757812
0,0,0,0,-0.43247124552726746,-0.6290002465248108,1.6632766723632812
0,0,0,0,-0.43347612023353577,-0.63105708360672,1.6632080078125
0,0,0,0,-0.4346098303794861,-0.6331036686897278,1.6631393432617188
0,0,0,0,-0.4360826909542084,-0.6358553767204285,1.66302490234375
0,0,0,0,-0.43726134300231934,-0.6378686428070068,1.6629180908203125
0,0,0,0,-0.4383571147918701,-0.6399683952331543,1.6627960205078125
0,0,0,0,-0.439878910779953,-0.6426817178726196,1.66259765625
0,0,0,0,-0.44089627265930176,-0.6447992324829102,1.6624526977539062
0,0,0,0,-0.4419630169868469,-0.6468246579170227,1.6623382568359375
0,0,0,0,-0.44323188066482544,-0.649577796459198,1.6622772216796875
0,0,0,0,-0.4442202150821686,-0.6515514850616455,1.66229248046875
0,0,0,0,-0.4451136589050293,-0.6536537408828735,1.6624069213867188
0,0,0,0,-0.44631722569465637,-0.6563419103622437,1.6626434326171875
0,0,0,0,-0.4471557140350342,-0.6584005355834961,1.6629104614257812
0,0,0,0,-0.4479588568210602,-0.6603395342826843,1.663177490234375
0,0,0,0,-0.4489760994911194,-0.662926435470581,1.6635284423828125
0,0,0,0,-0.4496917426586151,-0.664821982383728,1.6638031005859375
0,0,0,0,-0.4504082202911377,-0.6667231321334839,1.6640625
0,0,0,0,-0.4512983560562134,-0.6692007184028625,1.6644058227539062
0,0,0,0,-0.45201238989830017,-0.6710246801376343,1.6646575927734375
0,0,0,0,-0.45262494683265686,-0.672866702079773,1.6648941040039062
0,0,0,0,-0.4535018503665924,-0.6752102971076965,1.6651763916015625
0,0,0,0,-0.45405036211013794,-0.6769832372665405,1.6653823852539062
0,0,0,0,-0.4546707272529602,-0.6786669492721558,1.6656112670898438
0,0,0,0,-0.4553687274456024,-0.6809731721878052,1.6659469604492188
0,0,0,0,-0.4559409022331238,-0.6825925707817078,1.6662139892578125
0,0,0,0,-0.45640382170677185,-0.6842667460441589,1.6664886474609375
0,0,0,0,-0.45702728629112244,-0.6862946152687073,1.6668243408203125
0,0,0,0,-0.4574262201786041,-0.6878647804260254,1.667022705078125
0,0,0,0,-0.4579947292804718,-0.6898624300956726,1.6671981811523438
0,0,0,0,-0.4584237039089203,-0.6914190649986267,1.6672897338867188
0,0,0,0,-0.4588264226913452,-0.6929454803466797,1.6673736572265625
0,0,0,0,-0.45939236879348755,-0.6950016021728516,1.6674957275390625
0,0,0,0,-0.45980724692344666,-0.6965376734733582,1.6675796508789062
0,0,0,0,-0.4602985382080078,-0.6980200409889221,1.66766357421875
0,0,0,0,-0.460873544216156,-0.6999852061271667,1.6677322387695312
0,0,0,0,-0.4613507390022278,-0.7013522982597351,1.6677474975585938
0,0,0,0,-0.4617311954498291,-0.7027442455291748,1.6677322387695312
0,0,0,0,-0.4623085856437683,-0.7044740915298462,1.6677093505859375
0,0,0,0,-0.46266278624534607,-0.7058123350143433,1.667694091796875
0,0,0,0,-0.4631112813949585,-0.7070214152336121,1.6676177978515625
0,0,0,0,-0.4635840952396393,-0.7087216973304749,1.6674957275390625
0,0,0,0,-0.46396690607070923,-0.7099083662033081,1.6673660278320312
0,0,0,0,-0.46431946754455566,-0.7112012505531311,1.6672210693359375
0,0,0,0,-0.46489012241363525,-0.7128966450691223,1.6669692993164062
0,0,0,0,-0.46534213423728943,-0.7142225503921509,1.6667098999023438
0,0,0,0,-0.4658414125442505,-0.7154243588447571,1.6664581298828125
0,0,0,0,-0.46656331419944763,-0.7171194553375244,1.666107177734375
0,0,0,0,-0.4670814871788025,-0.7183704972267151,1.66583251953125
0,0,0,0,-0.46764954924583435,-0.7196081280708313,1.6655426025390625
0,0,0,0,-0.46835842728614807,-0.7212428450584412,1.6650772094726562
0,0,0,0,-0.46899741888046265,-0.7223650813102722,1.6646575927734375
0,0,0,0,-0.4695475101470947,-0.7234880328178406,1.6641998291015625
0,0,0,0,-0.47040653228759766,-0.7248675227165222,1.6635284423828125
0,0,0,0,-0.4709860682487488,-0.7259333729743958,1.6629638671875
0,0,0,0,-0.4716452658176422,-0.7268933057785034,1.6623916625976562
0,0,0,0,-0.47236743569374084,-0.7282624840736389,1.6615982055664062
0,0,0,0,-0.47296345233917236,-0.7291895747184753,1.6609878540039062
0,0,0,0,-0.4735081195831299,-0.7302218079566956,1.6603469848632812
0,0,0,0,-0.4743075370788574,-0.7314823269844055,1.659454345703125
0,0,0,0,-0.4748880863189697,-0.7325405478477478,1.6587448120117188
0,0,0,0,-0.4754711091518402,-0.7335387468338013,1.657958984375
0,0,0,0,-0.47620001435279846,-0.7349501848220825,1.6568679809570312
0,0,0,0,-0.4767020344734192,-0.7359861731529236,1.65606689453125
0,0,0,0,-0.4771953821182251,-0.737078845500946,1.6552505493164062
0,0,0,0,-0.47780048847198486,-0.7385421395301819,1.6541061401367188
0,0,0,0,-0.47827768325805664,-0.7396647930145264,1.6531982421875
0,0,0,0,-0.4786730408668518,-0.7408084869384766,1.652313232421875
0,0,0,0,-0.4792802929878235,-0.7422922253608704,1.651153564453125
0,0,0,0,-0.4796608090400696,-0.743462860584259,1.650299072265625
0,0,0,0,-0.48015278577804565,-0.7446271181106567,1.6494979858398438
0,0,0,0,-0.4807386100292206,-0.746249794960022,1.6485061645507812
0,0,0,0,-0.48126375675201416,-0.7474330067634583,1.6477737426757812
0,0,0,0,-0.4817292392253876,-0.7487658858299255,1.6470260620117188
0,0,0,0,-0.4824976325035095,-0.7505362033843994,1.6460494995117188
0,0,0,0,-0.4830606281757355,-0.7519649863243103,1.6453857421875
0,0,0,0,-0.4837031960487366,-0.7533457279205322,1.64471435546875
0,0,0,0,-0.4845556914806366,-0.755366861820221,1.6438217163085938
0,0,0,0,-0.4851910173892975,-0.7568842768669128,1.6431503295898438
0,0,0,0,-0.48579928278923035,-0.7584739923477173,1.6425094604492188
0,0,0,0,-0.4865546226501465,-0.7605512142181396,1.6417465209960938
0,0,0,0,-0.4871683716773987,-0.7620858550071716,1.641204833984375
0,0,0,0,-0.4877426326274872,-0.7636162042617798,1.64068603515625
0,0,0,0,-0.48854389786720276,-0.7656946182250977,1.6400070190429688
0,0,0,0,-0.4890427887439728,-0.7672563791275024,1.6395339965820312
0,0,0,0,-0.4896065294742584,-0.7687724232673645,1.6390838623046875
0,0,0,0,-0.49024173617362976,-0.7708902955055237,1.6385498046875
0,0,0,0,-0.49080348014831543,-0.7724228501319885,1.63818359375
0,0,0,0,-0.49124759435653687,-0.7740464210510254,1.6378097534179688
0,0,0,0,-0.4919067621231079,-0.7761088013648987,1.6373519897460938
0,0,0,0,-0.49232059717178345,-0.7777035236358643,1.6370697021484375
0,0,0,0,-0.49276405572891235,-0.7791869044303894,1.6368026733398438
0,0,0,0,-0.49324697256088257,-0.781244695186615,1.6364974975585938
0,0,0,0,-0.49356919527053833,-0.7827304601669312,1.636322021484375
0,0,0,0,-0.49380239844322205,-0.7842780947685242,1.636138916015625
0,0,0,0,-0.49407288432121277,-0.7862886786460876,1.6358871459960938
0,0,0,0,-0.4942636489868164,-0.7878092527389526,1.6357040405273438
0,0,0,0,-0.4944210946559906,-0.7892801761627197,1.6354904174804688
0,0,0,0,-0.4946795701980591,-0.7912806868553162,1.6352157592773438
0,0,0,0,-0.49481645226478577,-0.7928062081336975,1.6350479125976562
0,0,0,0,-0.49505436420440674,-0.7943406701087952,1.6348876953125
0,0,0,0,-0.4953235387802124,-0.79644775390625,1.6347503662109375
0,0,0,0,-0.49561822414398193,-0.7979917526245117,1.6347274780273438
0,0,0,0,-0.4958251416683197,-0.7995877861976624,1.6347427368164062
0,0,0,0,-0.49619385600090027,-0.801666796207428,1.6347732543945312
0,0,0,0,-0.4963851571083069,-0.8032920956611633,1.6348190307617188
0,0,0,0,-0.496632844209671,-0.8047961592674255,1.6348724365234375
0,0,0,0,-0.49684593081474304,-0.8069294095039368,1.63494873046875
0,0,0,0,-0.4970615804195404,-0.8084150552749634,1.635009765625
0,0,0,0,-0.4972229301929474,-0.8099852204322815,1.6350555419921875
0,0,0,0,-0.49749061465263367,-0.8119497299194336,1.6350784301757812
0,0,0,0,-0.4976669251918793,-0.8134711980819702,1.6350936889648438
0,0,0,0,-0.4978397786617279,-0.8149332404136658,1.6350631713867188
0,0,0,0,-0.4980350434780121,-0.8169229030609131,1.6349945068359375
0,0,0,0,-0.49810466170310974,-0.8183771967887878,1.6349411010742188
0,0,0,0,-0.4981710612773895,-0.8198400139808655,1.6348648071289062
0,0,0,0,-0.4981596767902374,-0.821723222732544,1.634735107421875
0,0,0,0,-0.49820676445961,-0.8231202363967896,1.634674072265625
0,0,0,0,-0.49814510345458984,-0.8245489597320557,1.6346359252929688
0,0,0,0,-0.49812743067741394,-0.8262919783592224,1.6346435546875
0,0,0,0,-0.4980500340461731,-0.8276259303092957,1.6346817016601562
0,0,0,0,-0.49808043241500854,-0.828860342502594,1.634765625
0,0,0,0,-0.4980313181877136,-0.8305662870407104,1.634918212890625
0,0,0,0,-0.4980701506137848,-0.8317661881446838,1.6350326538085938
0,0,0,0,-0.49806761741638184,-0.8330667614936829,1.6351470947265625
0,0,0,0,-0.49820226430892944,-0.8346589803695679,1.6352767944335938
0,0,0,0,-0.4983089566230774,-0.8359262943267822,1.6353378295898438
0,0,0,0,-0.49851366877555847,-0.8370989561080933,1.6353607177734375
0,0,0,0,-0.4988246262073517,-0.8387120962142944,1.635345458984375
0,0,0,0,-0.4990864098072052,-0.8398749828338623,1.6352615356445312
0,0,0,0,-0.4994199872016907,-0.8410690426826477,1.6351318359375
0,0,0,0,-0.4999525249004364,-0.8426311612129211,1.6348876953125
0,0,0,0,-0.500485360622406,-0.843773365020752,1.634674072265625
0,0,0,0,-0.5009888410568237,-0.8449017405509949,1.63446044921875
0,0,0,0,-0.5017470121383667,-0.8463951349258423,1.6341400146484375
0,0,0,0,-0.5022284984588623,-0.8475805521011353,1.6339111328125
0,0,0,0,-0.5027800798416138,-0.8487098813056946,1.6337203979492188
0,0,0,0,-0.5034233927726746,-0.850303053855896,1.6335296630859375
0,0,0,0,-0.5039703845977783,-0.8513912558555603,1.633392333984375
0,0,0,0,-0.504417896270752,-0.8525681495666504,1.6332855224609375
0,0,0,0,-0.5051029324531555,-0.8540124893188477,1.6331634521484375
0,0,0,0,-0.5055499076843262,-0.855187714099884,1.63311767578125
0,0,0,0,-0.5060222148895264,-0.8562478423118591,1.6330642700195312
0,0,0,0,-0.5065591335296631,-0.8577166199684143,1.6330184936523438
0,0,0,0,-0.506961464881897,-0.8587918877601624,1.6330490112304688
0,0,0,0,-0.5072994232177734,-0.85989910364151,1.63311767578125
0,0,0,0,-0.50765061378479,-0.8612380623817444,1.6332931518554688
0,0,0,0,-0.5078694224357605,-0.8622052669525146,1.63348388671875
0,0,0,0,-0.5080204010009766,-0.8630821704864502,1.6337432861328125
0,0,0,0,-0.5081505179405212,-0.8641529679298401,1.6341629028320312
0,0,0,0,-0.5081005692481995,-0.8649214506149292,1.634674072265625
0,0,0,0,-0.5079886317253113,-0.8655173778533936,1.6354751586914062
0,0,0,0,-0.5073093771934509,-0.8659945726394653,1.63690185546875
0,0,0,0,-0.5064821243286133,-0.8658826947212219,1.6382369995117188
0,0,0,0,-0.5051088333129883,-0.8654637932777405,1.6398162841796875
0,0,0,0,-0.5025655031204224,-0.8641124367713928,1.641937255859375
0,0,0,0,-0.5000026822090149,-0.8626787066459656,1.6434555053710938
0,0,0,0,-0.4971461296081543,-0.8608105778694153,1.6449050903320312
0,0,0,0,-0.49283310770988464,-0.8579801917076111,1.646728515625
0,0,0,0,-0.4893244802951813,-0.8554859161376953,1.6481552124023438
0,0,0,0,-0.4854731857776642,-0.8528140783309937,1.6497955322265625
0,0,0,0,-0.4798377454280853,-0.848598301410675,1.6521835327148438
0,0,0,0,-0.4751604199409485,-0.8449313640594482,1.6539688110351562
0,0,0,0,-0.4700870215892792,-0.8408175706863403,1.6557769775390625
0,0,0,0,-0.462856650352478,-0.8347811698913574,1.6581344604492188
0,0,0,0,-0.4570448696613312,-0.8298923373222351,1.6599273681640625
0,0,0,0,-0.4510446786880493,-0.8246902823448181,1.661865234375
0,0,0,0,-0.4424734115600586,-0.8172991275787354,1.6646194458007812
0,0,0,0,-0.4356966018676758,-0.8112949132919312,1.6667404174804688
0,0,0,0,-0.4284312129020691,-0.8050233721733093,1.6688919067382812
0,0,0,0,-0.4182366132736206,-0.7959967851638794,1.6718673706054688
0,0,0,0,-0.4100317358970642,-0.7888702154159546,1.6741561889648438
0,0,0,0,-0.4014945924282074,-0.7812376022338867,1.676483154296875
0,0,0,0,-0.3894098699092865,-0.7706047892570496,1.6795730590820312
0,0,0,0,-0.380018025636673,-0.7621463537216187,1.681884765625
0,0,0,0,-0.37025585770606995,-0.7534098625183105,1.6842422485351562
0,0,0,0,-0.35686588287353516,-0.7411647439002991,1.6874847412109375
0,0,0,0,-0.34645360708236694,-0.731703519821167,1.6899948120117188
0,0,0,0,-0.3357406258583069,-0.7218673229217529,1.6925888061523438
0,0,0,0,-0.32096999883651733,-0.7082695960998535,1.6961822509765625
0,0,0,0,-0.3094686269760132,-0.6976452469825745,1.6990509033203125
0,0,0,0,-0.29763153195381165,-0.6866970658302307,1.70208740234375
0,0,0,0,-0.28107979893684387,-0.6714961528778076,1.7064285278320312
0,0,0,0,-0.26817211508750916,-0.6595515012741089,1.709930419921875
0,0,0,0,-0.25460243225097656,-0.6471512317657471,1.7136764526367188
0,0,0,0,-0.23569469153881073,-0.6296697854995728,1.7190093994140625
0,0,0,0,-0.22069889307022095,-0.6159045100212097,1.7232894897460938
0,0,0,0,-0.20512104034423828,-0.6013862490653992,1.727813720703125
0,0,0,0,-0.18313604593276978,-0.5810694098472595,1.734222412109375
0,0,0,0,-0.16585390269756317,-0.5649119019508362,1.7392654418945312
0,0,0,0,-0.14777159690856934,-0.5480993390083313,1.7445144653320312
0,0,0,0,-0.12256758660078049,-0.5243556499481201,1.7517929077148438
0,0,0,0,-0.10272205621004105,-0.5057178735733032,1.7575149536132812
0,0,0,0,-0.08215725421905518,-0.48617586493492126,1.7633895874023438
0,0,0,0,-0.05344654247164726,-0.4589165151119232,1.7714767456054688
0,0,0,0,-0.030957888811826706,-0.437445729970932,1.7777023315429688
0,0,0,0,-0.007689534220844507,-0.41515812277793884,1.7840957641601562
0,0,0,0,0.024557502940297127,-0.38409796357154846,1.792877197265625
0,0,0,0,0.049569711089134216,-0.3597988784313202,1.7996673583984375
0,0,0,0,0.07540438324213028,-0.33466288447380066,1.8066329956054688
0,0,0,0,0.11097690463066101,-0.29981565475463867,1.8161773681640625
0,0,0,0,0.13861116766929626,-0.27277278900146484,1.8235015869140625
0,0,0,0,0.16689372062683105,-0.24485766887664795,1.8309097290039062
0,0,0,0,0.20584359765052795,-0.20644766092300415,1.84100341796875
0,0,0,0,0.2358231097459793,-0.17660990357398987,1.848663330078125
0,0,0,0,0.26657018065452576,-0.14608731865882874,1.85638427734375
0,0,0,0,0.3084954023361206,-0.10410874336957932,1.8667678833007812
0,0,0,0,0.34072238206863403,-0.07184363156557083,1.8746490478515625
0,0,0,0,0.37350574135780334,-0.03874838352203369,1.8826370239257812
0,0,0,0,0.4181974530220032,0.006325176451355219,1.8935317993164062
0,0,0,0,0.4523557126522064,0.040956538170576096,1.9018630981445312
0,0,0,0,0.4870665371417999,0.07618342339992523,1.9102554321289062
0,0,0,0,0.53400719165802,0.12409714609384537,1.9214248657226562
0,0,0,0,0.5696080923080444,0.16054806113243103,1.9298477172851562
0,0,0,0,0.6055790781974792,0.19742386043071747,1.9383926391601562
0,0,0,0,0.6539790630340576,0.24718260765075684,1.949981689453125
0,0,0,0,0.6907159686088562,0.2849590480327606,1.9587783813476562
0,0,0,0,0.7276601791381836,0.32311519980430603,1.9676361083984375
0,0,0,0,0.777360737323761,0.3743515908718109,1.9796066284179688
0,0,0,0,0.81480872631073,0.41313403844833374,1.9887313842773438
0,0,0,0,0.8525846600532532,0.4521096348762512,1.997955322265625
0,0,0,0,0.903140127658844,0.5045657157897949,2.0102996826171875
0,0,0,0,0.9413334131240845,0.5440577864646912,2.0195541381835938
0,0,0,0,0.9796136617660522,0.5838087201118469,2.0288543701171875
0,0,0,0,1.0310096740722656,0.6368733644485474,2.0412445068359375
0,0,0,0,1.0697097778320312,0.6768275499343872,2.0504837036132812
0,0,0,0,1.1085861921310425,0.71672123670578,2.0596237182617188
0,0,0,0,1.1605278253555298,0.7700236439704895,2.0715713500976562
0,0,0,0,1.1995083093643188,0.8098778128623962,2.08038330078125
0,0,0,0,1.2384777069091797,0.8496578335762024,2.089141845703125
0,0,0,0,1.290390133857727,0.9025077819824219,2.1005935668945312
0,0,0,0,1.3292975425720215,0.9419872164726257,2.1089706420898438
0,0,0,0,1.3679893016815186,0.9811909794807434,2.11737060546875
0,0,0,0,1.4195319414138794,1.0331029891967773,2.12860107421875
0,0,0,0,1.4580886363983154,1.0719501972198486,2.1368026733398438
0,0,0,0,1.4966676235198975,1.110526204109192,2.1448516845703125
0,0,0,0,1.5477349758148193,1.1615387201309204,2.1555252075195312
0,0,0,0,1.5859525203704834,1.1994572877883911,2.1635665893554688
0,0,0,0,1.6239923238754272,1.2372715473175049,2.171661376953125
0,0,0,0,1.674719214439392,1.2873328924179077,2.1825103759765625
0,0,0,0,1.7127113342285156,1.3248164653778076,2.1907501220703125
0,0,0,0,1.7508020401000977,1.3620686531066895,2.199127197265625
0,0,0,0,1.801572561264038,1.4117462635040283,2.2104263305664062
0,0,0,0,1.8397142887115479,1.4489229917526245,2.2190017700195312
0,0,0,0,1.877922534942627,1.4861674308776855,2.2276382446289062
0,0,0,0,1.9290040731430054,1.5357589721679688,2.2392578125
0,0,0,0,1.9674606323242188,1.5729998350143433,2.248077392578125
0,0,0,0,2.0060272216796875,1.6102405786514282,2.256988525390625
0,0,0,0,2.0576975345611572,1.6599445343017578,2.2689361572265625
0,0,0,0,2.0965516567230225,1.6973040103912354,2.2779464721679688
0,0,0,0,2.1356422901153564,1.7346601486206055,2.28704833984375
0,0,0,0,2.187908172607422,1.784636378288269,2.2993087768554688
0,0,0,0,2.2274224758148193,1.822143793106079,2.3086013793945312
0,0,0,0,2.2670607566833496,1.8598264455795288,2.3177490234375
0,0,0,0,2.320213794708252,1.91002357006073,2.3299179077148438
0,0,0,0,2.36006498336792,1.947738766670227,2.339080810546875
0,0,0,0,2.4000842571258545,1.9853564500808716,2.3482513427734375
0,0,0,0,2.4535725116729736,2.035672426223755,2.3604583740234375
0,0,0,0,2.493849515914917,2.0733401775360107,2.3696060180664062
0,0,0,0,2.534172773361206,2.111058235168457,2.3787307739257812
0,0,0,0,2.588125705718994,2.161280393600464,2.3909149169921875
0,0,0,0,2.62872052192688,2.1990275382995605,2.4000930786132812
0,0,0,0,2.6694204807281494,2.2367501258850098,2.4093246459960938
0,0,0,0,2.7238714694976807,2.2871439456939697,2.4217529296875
0,0,0,0,2.7647886276245117,2.3249878883361816,2.4311065673828125
0,0,0,0,2.8058388233184814,2.362851142883301,2.4404144287109375
0,0,0,0,2.8606088161468506,2.4133999347686768,2.4527511596679688
0,0,0,0,2.901782512664795,2.451228380203247,2.4619903564453125
0,0,0,0,2.9429073333740234,2.489076614379883,2.4711990356445312
0,0,0,0,2.997915267944336,2.539445161819458,2.4833908081054688
0,0,0,0,3.039108991622925,2.57724928855896,2.4925384521484375
0,0,0,0,3.0803914070129395,2.6149487495422363,2.5017013549804688
0,0,0,0,3.1353518962860107,2.6652817726135254,2.5139007568359375
0,0,0,0,3.176666021347046,2.7029266357421875,2.522979736328125
0,0,0,0,3.2179136276245117,2.7406234741210938,2.5318450927734375
0,0,0,0,3.2727789878845215,2.790583372116089,2.54351806640625
0,0,0,0,3.3137073516845703,2.8279433250427246,2.5521697998046875
0,0,0,0,3.3544750213623047,2.8650760650634766,2.5605621337890625
0,0,0,0,3.4083430767059326,2.9142634868621826,2.5713424682617188
0,0,0,0,3.4482452869415283,2.9506916999816895,2.5793685913085938
0,0,0,0,3.487837076187134,2.986826181411743,2.5872344970703125
0,0,0,0,3.540029525756836,3.034533977508545,2.5973587036132812
0,0,0,0,3.5787229537963867,3.069819927215576,2.6049118041992188
0,0,0,0,3.61690616607666,3.1047518253326416,2.6127243041992188
0,0,0,0,3.667506694793701,3.151014566421509,2.6234893798828125
0,0,0,0,3.705237627029419,3.185694932937622,2.6317977905273438
0,0,0,0,3.7429370880126953,3.2202658653259277,2.6403884887695312
0,0,0,0,3.7931246757507324,3.266554355621338,2.65228271484375
0,0,0,0,3.8309667110443115,3.3013734817504883,2.6613540649414062
0,0,0,0,3.8688158988952637,3.3364241123199463,2.670623779296875
0,0,0,0,3.9195473194122314,3.3832216262817383,2.6833953857421875
0,0,0,0,3.9577693939208984,3.4186227321624756,2.69317626953125
0,0,0,0,3.9962689876556396,3.454148769378662,2.7030258178710938
0,0,0,0,4.047868251800537,3.5018393993377686,2.71630859375
0,0,0,0,4.086763381958008,3.5377309322357178,2.7264175415039062
0,0,0,0,4.125820159912109,3.5738766193389893,2.7366180419921875
0,0,0,0,4.178140640258789,3.6223840713500977,2.7503433227539062
0,0,0,0,4.2176289558410645,3.6590309143066406,2.7606353759765625
0,0,0,0,4.2572407722473145,3.695876359939575,2.7708892822265625
0,0,0,0,4.310329914093018,3.7452189922332764,2.784576416015625
0,0,0,0,4.350224018096924,3.7824246883392334,2.79486083984375
0,0,0,0,4.390319347381592,3.819732666015625,2.8051605224609375
0,0,0,0,4.443838119506836,3.869753122329712,2.8187713623046875
0,0,0,0,4.484146595001221,3.907344102859497,2.8288116455078125
0,0,0,0,4.52437686920166,3.9450652599334717,2.8387527465820312
0,0,0,0,4.578083515167236,3.9952564239501953,2.851806640625
0,0,0,0,4.618240833282471,4.032999038696289,2.8614501953125
0,0,0,0,4.65841007232666,4.070644855499268,2.87103271484375
0,0,0,0,4.711772918701172,4.120924949645996,2.8837814331054688
0,0,0,0,4.7517499923706055,4.1585845947265625,2.8933944702148438
0,0,0,0,4.791661262512207,4.196383476257324,2.9030532836914062
0,0,0,0,4.844910621643066,4.246826648712158,2.9159927368164062
0,0,0,0,4.884884357452393,4.2847418785095215,2.9257278442382812
0,0,0,0,4.924810409545898,4.322686195373535,2.9355392456054688
0,0,0,0,4.978113174438477,4.3734049797058105,2.948699951171875
0,0,0,0,5.0180864334106445,4.411545753479004,2.95849609375
0,0,0,0,5.058154582977295,4.449711799621582,2.9683074951171875
0,0,0,0,5.111499309539795,4.500707626342773,2.9815216064453125
0,0,0,0,5.15164041519165,4.538980484008789,2.9914703369140625
0,0,0,0,5.191733360290527,4.577415466308594,3.00140380859375
0,0,0,0,5.245341777801514,4.628655910491943,3.01458740234375
0,0,0,0,5.285424709320068,4.667176723480225,3.0244064331054688
0,0,0,0,5.325494766235352,4.705567836761475,3.0342254638671875
0,0,0,0,5.378669261932373,4.756866455078125,3.0473175048828125
0,0,0,0,5.418467998504639,4.795260906219482,3.0571060180664062
0,0,0,0,5.458100318908691,4.833703994750977,3.0667953491210938
0,0,0,0,5.510775089263916,4.884706974029541,3.0797576904296875
0,0,0,0,5.550136089324951,4.9229230880737305,3.0895233154296875
0,0,0,0,5.589402675628662,4.961080074310303,3.0991744995117188
0,0,0,0,5.641617774963379,5.011894226074219,3.1119308471679688
0,0,0,0,5.680609703063965,5.049866199493408,3.1215133666992188
0,0,0,0,5.719570636749268,5.087777137756348,3.1310806274414062
0,0,0,0,5.771358489990234,5.138271808624268,3.1438522338867188
0,0,0,0,5.810215950012207,5.176056861877441,3.1531982421875
0,0,0,0,5.848881721496582,5.213794231414795,3.1622695922851562
0,0,0,0,5.900269031524658,5.263660907745361,3.1742782592773438
0,0,0,0,5.938521862030029,5.3008809089660645,3.1832733154296875
0,0,0,0,5.97674036026001,5.337887287139893,3.192169189453125
0,0,0,0,6.0273847579956055,5.3871169090271,3.2039566040039062
0,0,0,0,6.0652875900268555,5.42374849319458,3.2128372192382812
0,0,0,0,6.102989673614502,5.460309982299805,3.2217941284179688
0,0,0,0,6.1531877517700195,5.508798122406006,3.233795166015625
0,0,0,0,6.190781593322754,5.545100688934326,3.2428054809570312
0,0,0,0,6.228370189666748,5.581189155578613,3.2518844604492188
0,0,0,0,6.278438091278076,5.629195213317871,3.2640533447265625
0,0,0,0,6.315962791442871,5.6650919914245605,3.2732162475585938
0,0,0,0,6.353509426116943,5.700954437255859,3.2823944091796875
0,0,0,0,6.403486251831055,5.748646259307861,3.2946929931640625
0,0,0,0,6.441033840179443,5.784339904785156,3.3040237426757812
0,0,0,0,6.478511333465576,5.820058822631836,3.3134078979492188
0,0,0,0,6.528564929962158,5.867583751678467,3.3259658813476562
0,0,0,0,6.56603479385376,5.903238296508789,3.3353652954101562
0,0,0,0,6.60360050201416,5.938775062561035,3.3447952270507812
0,0,0,0,6.653596878051758,5.986196517944336,3.3574447631835938
0,0,0,0,6.691195964813232,6.0216522216796875,3.3669967651367188
0,0,0,0,6.728791236877441,6.057194232940674,3.3766632080078125
0,0,0,0,6.779232025146484,6.1046271324157715,3.389556884765625
0,0,0,0,6.81723690032959,6.140417098999023,3.3992233276367188
0,0,0,0,6.85546875,6.176151752471924,3.4090423583984375
0,0,0,0,6.906722068786621,6.224070072174072,3.4223556518554688
0,0,0,0,6.945452690124512,6.260188102722168,3.4322967529296875
0,0,0,0,6.984377861022949,6.296498775482178,3.442138671875
0,0,0,0,7.036432266235352,6.344888687133789,3.4552536010742188
0,0,0,0,7.075560569763184,6.381167411804199,3.4650802612304688
0,0,0,0,7.114673137664795,6.417466163635254,3.474853515625
0,0,0,0,7.166923999786377,6.465838432312012,3.4875411987304688
0,0,0,0,7.205964088439941,6.502060890197754,3.4968109130859375
0,0,0,0,7.244937896728516,6.538049697875977,3.5061798095703125
0,0,0,0,7.296675682067871,6.5860161781311035,3.5187149047851562
0,0,0,0,7.335539817810059,6.622023105621338,3.5279617309570312
0,0,0,0,7.374298095703125,6.658117294311523,3.5370635986328125
0,0,0,0,7.425952434539795,6.705987930297852,3.5490798950195312
0,0,0,0,7.464561462402344,6.741931438446045,3.5580520629882812
0,0,0,0,7.503183841705322,6.777780532836914,3.566986083984375
0,0,0,0,7.554549217224121,6.825663089752197,3.5787734985351562
0,0,0,0,7.593016624450684,6.861486434936523,3.5874710083007812
0,0,0,0,7.631381034851074,6.897326946258545,3.5960769653320312
0,0,0,0,7.682376384735107,6.944872856140137,3.6074295043945312
0,0,0,0,7.720486164093018,6.980413436889648,3.6159439086914062
0,0,0,0,7.758469581604004,7.015842914581299,3.6245269775390625
0,0,0,0,7.809081554412842,7.062998294830322,3.63616943359375
0,0,0,0,7.847019195556641,7.09844446182251,3.6449966430664062
0,0,0,0,7.885132789611816,7.133961200714111,3.6537704467773438
0,0,0,0,7.935978889465332,7.181416034698486,3.6653976440429688
0,0,0,0,7.974240303039551,7.216929912567139,3.6740570068359375
0,0,0,0,8.012451171875,7.252541542053223,3.682647705078125
0,0,0,0,8.063523292541504,7.299931049346924,3.69403076171875
0,0,0,0,8.101725578308105,7.335493087768555,3.7025222778320312
0,0,0,0,8.139975547790527,7.370885848999023,3.71099853515625
0,0,0,0,8.190814018249512,7.418130874633789,3.7223968505859375
0,0,0,0,8.22901439666748,7.453521728515625,3.7310028076171875
0,0,0,0,8.267228126525879,7.48906135559082,3.7396163940429688
0,0,0,0,8.318333625793457,7.536399841308594,3.7511138916015625
0,0,0,0,8.356687545776367,7.571950435638428,3.7598037719726562
0,0,0,0,8.395055770874023,7.607463359832764,3.7686920166015625
0,0,0,0,8.446406364440918,7.654994010925293,3.7807464599609375
0,0,0,0,8.485057830810547,7.690797805786133,3.789764404296875
0,0,0,0,8.523880004882812,7.726690292358398,3.7987289428710938
0,0,0,0,8.575675964355469,7.774603366851807,3.8108062744140625
0,0,0,0,8.614716529846191,7.810564994812012,3.8199691772460938
0,0,0,0,8.653802871704102,7.846688270568848,3.8291549682617188
0,0,0,0,8.706153869628906,7.8948845863342285,3.8413619995117188
0,0,0,0,8.745424270629883,7.931095123291016,3.8505020141601562
0,0,0,0,8.78487777709961,7.967239856719971,3.8597412109375
0,0,0,0,8.837526321411133,8.015690803527832,3.8721542358398438
0,0,0,0,8.877211570739746,8.052083015441895,3.8814620971679688
0,0,0,0,8.916932106018066,8.088642120361328,3.890655517578125
0,0,0,0,8.970037460327148,8.137267112731934,3.902984619140625
0,0,0,0,9.009885787963867,8.173823356628418,3.9123077392578125
0,0,0,0,9.049838066101074,8.210406303405762,3.9216384887695312
0,0,0,0,9.103193283081055,8.25938892364502,3.9339370727539062
0,0,0,0,9.143205642700195,8.296143531799316,3.9429931640625
0,0,0,0,9.183184623718262,8.332938194274902,3.9518890380859375
0,0,0,0,9.236315727233887,8.381950378417969,3.9636459350585938
0,0,0,0,9.276103973388672,8.418647766113281,3.972442626953125
0,0,0,0,9.315719604492188,8.45533275604248,3.9810867309570312
0,0,0,0,9.368399620056152,8.504115104675293,3.9924850463867188
0,0,0,0,9.407635688781738,8.540658950805664,4.0009918212890625
0,0,0,0,9.44683837890625,8.577070236206055,4.009452819824219
0,0,0,0,9.498760223388672,8.625587463378906,4.0206756591796875
0,0,0,0,9.537617683410645,8.661824226379395,4.0290679931640625
0,0,0,0,9.576274871826172,8.698101043701172,4.0374908447265625
0,0,0,0,9.627802848815918,8.746394157409668,4.048805236816406
0,0,0,0,9.666446685791016,8.78278923034668,4.05731201171875
0,0,0,0,9.705207824707031,8.819175720214844,4.065826416015625
0,0,0,0,9.75696849822998,8.867958068847656,4.0771636962890625
0,0,0,0,9.795912742614746,8.904650688171387,4.085578918457031
0,0,0,0,9.83493709564209,8.94153881072998,4.09375
0,0,0,0,9.886955261230469,8.990728378295898,4.104362487792969
0,0,0,0,9.925908088684082,9.027521133422852,4.112220764160156
0,0,0,0,9.964692115783691,9.064188957214355,4.12005615234375
0,0,0,0,10.016353607177734,9.112995147705078,4.130363464355469
0,0,0,0,10.054924011230469,9.149515151977539,4.138023376464844
0,0,0,0,10.093489646911621,9.185869216918945,4.145660400390625
0,0,0,0,10.144682884216309,9.234283447265625,4.1558837890625
0,0,0,0,10.183104515075684,9.270472526550293,4.163604736328125
0,0,0,0,10.221439361572266,9.306723594665527,4.17144775390625
0,0,0,0,10.272772789001465,9.355002403259277,4.182029724121094
0,0,0,0,10.31131649017334,9.391349792480469,4.190101623535156
0,0,0,0,10.350024223327637,9.427618980407715,4.198371887207031
0,0,0,0,10.401738166809082,9.476225852966309,4.2096710205078125
0,0,0,0,10.440719604492188,9.512799263000488,4.2181854248046875
0,0,0,0,10.479798316955566,9.549527168273926,4.226768493652344
0,0,0,0,10.532073020935059,9.598448753356934,4.238456726074219
0,0,0,0,10.571390151977539,9.635273933410645,4.2473297119140625
0,0,0,0,10.610794067382812,9.672170639038086,4.256233215332031
0,0,0,0,10.663536071777344,9.72146224975586,4.268150329589844
0,0,0,0,10.703125953674316,9.758482933044434,4.277168273925781
0,0,0,0,10.7428560256958,9.795520782470703,4.2862701416015625
0,0,0,0,10.795852661132812,9.8450288772583,4.298484802246094
0,0,0,0,10.835755348205566,9.882206916809082,4.307609558105469
0,0,0,0,10.875630378723145,9.919504165649414,4.316612243652344
0,0,0,0,10.928943634033203,9.96911334991455,4.328392028808594
0,0,0,0,10.968793869018555,10.006305694580078,4.337188720703125
0,0,0,0,11.008635520935059,10.043338775634766,4.3460540771484375
0,0,0,0,11.061602592468262,10.092803001403809,4.357917785644531
0,0,0,0,11.10140323638916,10.129837989807129,4.366859436035156
0,0,0,0,11.141157150268555,10.166969299316406,4.375877380371094
0,0,0,0,11.19429874420166,10.216450691223145,4.387962341308594
0,0,0,0,11.234246253967285,10.253705024719238,4.396949768066406
0,0,0,0,11.274262428283691,10.290990829467773,4.405830383300781
0,0,0,0,11.327735900878906,10.340822219848633,4.4174652099609375
0,0,0,0,11.367773056030273,10.378177642822266,4.426078796386719
0,0,0,0,11.407794952392578,10.415449142456055,4.434654235839844
0,0,0,0,11.461041450500488,10.464987754821777,4.445915222167969
0,0,0,0,11.500964164733887,10.50200080871582,4.4542083740234375
0,0,0,0,11.540616989135742,10.538891792297363,4.4625701904296875
0,0,0,0,11.593393325805664,10.587764739990234,4.473747253417969
0,0,0,0,11.632802963256836,10.624401092529297,4.481986999511719
0,0,0,0,11.672126770019531,10.660802841186523,4.490333557128906
0,0,0,0,11.724202156066895,10.709236145019531,4.501747131347656
0,0,0,0,11.763236999511719,10.745463371276855,4.5104217529296875
0,0,0,0,11.802215576171875,10.781827926635742,4.5191802978515625
0,0,0,0,11.854337692260742,10.830218315124512,4.53082275390625
0,0,0,0,11.893453598022461,10.866559982299805,4.539527893066406
0,0,0,0,11.93259334564209,10.9027738571167,4.548423767089844
0,0,0,0,11.984809875488281,10.951152801513672,4.560462951660156
0,0,0,0,12.024073600769043,10.987512588500977,4.5696258544921875
0,0,0,0,12.063506126403809,11.023994445800781,4.578887939453125
0,0,0,0,12.116301536560059,11.072749137878418,4.59136962890625
0,0,0,0,12.156147956848145,11.109455108642578,4.600791931152344
0,0,0,0,12.196094512939453,11.146318435668945,4.6102142333984375
0,0,0,0,12.24973201751709,11.19563102722168,4.622856140136719
0,0,0,0,12.290064811706543,11.232795715332031,4.632347106933594
0,0,0,0,12.330618858337402,11.26998233795166,4.6418609619140625
0,0,0,0,12.38479995727539,11.319832801818848,4.654548645019531
0,0,0,0,12.425633430480957,11.3572359085083,4.663970947265625
0,0,0,0,12.46644401550293,11.394761085510254,4.67333984375
0,0,0,0,12.521015167236328,11.444718360900879,4.685905456542969
0,0,0,0,12.561946868896484,11.48228645324707,4.695335388183594
0,0,0,0,12.602972984313965,11.51979923248291,4.704689025878906
0,0,0,0,12.657661437988281,11.569934844970703,4.7170867919921875
0,0,0,0,12.698678970336914,11.6074800491333,4.72637939453125
0,0,0,0,12.739694595336914,11.645125389099121,4.7356719970703125
0,0,0,0,12.794387817382812,11.69531536102295,4.748069763183594
0,0,0,0,12.835479736328125,11.732990264892578,4.757347106933594
0,0,0,0,12.876527786254883,11.770637512207031,4.766593933105469
0,0,0,0,12.931320190429688,11.820831298828125,4.778984069824219
0,0,0,0,12.972329139709473,11.85848617553711,4.788299560546875
0,0,0,0,13.01342487335205,11.896114349365234,4.7975616455078125
0,0,0,0,13.068166732788086,11.946356773376465,4.809654235839844
0,0,0,0,13.109237670898438,11.9839448928833,4.818359375
0,0,0,0,13.150022506713867,12.021450996398926,4.826805114746094
0,0,0,0,13.204081535339355,12.071005821228027,4.83770751953125
0,0,0,0,13.244181632995605,12.10794734954834,4.8458251953125
0,0,0,0,13.284040451049805,12.144575119018555,4.853965759277344
0,0,0,0,13.336761474609375,12.193315505981445,4.864768981933594
0,0,0,0,13.37614631652832,12.229717254638672,4.872840881347656
0,0,0,0,13.41539478302002,12.266151428222656,4.880950927734375
0,0,0,0,13.467729568481445,12.314667701721191,4.891822814941406
0,0,0,0,13.50706672668457,12.351158142089844,4.900047302246094
0,0,0,0,13.55954360961914,12.399877548217773,4.91119384765625
0,0,0,0,13.599139213562012,12.436528205871582,4.9195709228515625
0,0,0,0,13.638847351074219,12.473361015319824,4.927803039550781
0,0,0,0,13.678730964660645,12.510236740112305,4.935997009277344
0,0,0,0,13.731868743896484,12.5595064163208,4.947021484375
0,0,0,0,13.771894454956055,12.596543312072754,4.955322265625
0,0,0,0,13.811907768249512,12.633737564086914,4.963523864746094
0,0,0,0,13.865428924560547,12.683267593383789,4.974334716796875
0,0,0,0,13.905434608459473,12.720447540283203,4.982475280761719
0,0,0,0,13.945466995239258,12.757528305053711,4.990753173828125
0,0,0,0,13.998719215393066,12.807174682617188,5.0019683837890625
0,0,0,0,14.03873062133789,12.844414710998535,5.0104522705078125
0,0,0,0,14.078722953796387,12.881779670715332,5.0189666748046875
0,0,0,0,14.13211441040039,12.931549072265625,5.0304412841796875
0,0,0,0,14.172201156616211,12.96901798248291,5.039093017578125
0,0,0,0,14.21234130859375,13.0065279006958,5.047706604003906
0,0,0,0,14.26591968536377,13.056600570678711,5.0592041015625
0,0,0,0,14.30607795715332,13.094079971313477,5.067710876464844
0,0,0,0,14.346247673034668,13.131467819213867,5.076019287109375
0,0,0,0,14.399486541748047,13.181053161621094,5.0868072509765625
0,0,0,0,14.439207077026367,13.21792221069336,5.0948638916015625
0,0,0,0,14.478582382202148,13.254581451416016,5.102943420410156
0,0,0,0,14.530830383300781,13.303125381469727,5.1138153076171875
0,0,0,0,14.5697660446167,13.33946704864502,5.1219940185546875
0,0,0,0,14.608715057373047,13.375679016113281,5.130157470703125
0,0,0,0,14.660442352294922,13.423943519592285,5.1409149169921875
0,0,0,0,14.699162483215332,13.45992660522461,5.148857116699219
0,0,0,0,14.737643241882324,13.495809555053711,5.156837463378906
0,0,0,0,14.78884220123291,13.543325424194336,5.16748046875
0,0,0,0,14.827061653137207,13.578911781311035,5.175407409667969
0,0,0,0,14.865189552307129,13.614285469055176,5.183372497558594
0,0,0,0,14.91580581665039,13.661276817321777,5.1941070556640625
0,0,0,0,14.953662872314453,13.696368217468262,5.2022247314453125
0,0,0,0,14.991500854492188,13.731413841247559,5.21038818359375
0,0,0,0,15.04190444946289,13.778047561645508,5.2213592529296875
0,0,0,0,15.079835891723633,13.81298542022705,5.2295989990234375
0,0,0,0,15.117764472961426,13.847916603088379,5.237846374511719
0,0,0,0,15.168564796447754,13.894410133361816,5.248931884765625
0,0,0,0,15.206717491149902,13.929300308227539,5.2573394775390625
0,0,0,0,15.245055198669434,13.964105606079102,5.265739440917969
0,0,0,0,15.296184539794922,14.010529518127441,5.277015686035156
0,0,0,0,15.334686279296875,14.045254707336426,5.285560607910156
0,0,0,0,15.373193740844727,14.080119132995605,5.2942047119140625
0,0,0,0,15.42486572265625,14.12661075592041,5.305839538574219
0,0,0,0,15.463752746582031,14.161657333374023,5.314628601074219
0,0,0,0,15.502851486206055,14.19672679901123,5.3235321044921875
0,0,0,0,15.555179595947266,14.243775367736816,5.3355560302734375
0,0,0,0,15.594619750976562,14.279183387756348,5.344581604003906
0,0,0,0,15.634161949157715,14.314743041992188,5.353752136230469
0,0,0,0,15.68702220916748,14.362190246582031,5.366180419921875
0,0,0,0,15.726862907409668,14.397917747497559,5.375556945800781
0,0,0,0,15.76681900024414,14.43378734588623,5.384864807128906
0,0,0,0,15.820372581481934,14.481744766235352,5.39715576171875
0,0,0,0,15.860584259033203,14.517814636230469,5.406341552734375
0,0,0,0,15.900964736938477,14.553892135620117,5.415496826171875
0,0,0,0,15.954833030700684,14.602140426635742,5.4276885986328125
0,0,0,0,15.995414733886719,14.638289451599121,5.436798095703125
0,0,0,0,16.03597068786621,14.674543380737305,5.4458465576171875
0,0,0,0,16.09022331237793,14.722818374633789,5.457878112792969
0,0,0,0,16.130903244018555,14.75914478302002,5.466911315917969
0,0,0,0,16.171756744384766,14.795416831970215,5.475929260253906
0,0,0,0,16.226282119750977,14.843976020812988,5.487907409667969
0,0,0,0,16.267292022705078,14.880363464355469,5.4968719482421875
0,0,0,0,16.308361053466797,14.916839599609375,5.505821228027344
0,0,0,0,16.363222122192383,14.96533489227295,5.517730712890625
0,0,0,0,16.40441131591797,15.001734733581543,5.5266876220703125
0,0,0,0,16.44559097290039,15.038076400756836,5.535675048828125
0,0,0,0,16.500587463378906,15.086577415466309,5.547660827636719
0,0,0,0,16.54176139831543,15.1229887008667,5.556610107421875
0,0,0,0,16.582969665527344,15.15941047668457,5.565574645996094
0,0,0,0,16.637788772583008,15.208091735839844,5.5775146484375
0,0,0,0,16.67892074584961,15.244540214538574,5.58642578125
0,0,0,0,16.71986961364746,15.2809419631958,5.595481872558594
0,0,0,0,16.774465560913086,15.329318046569824,5.607696533203125
0,0,0,0,16.815279006958008,15.365716934204102,5.616889953613281
0,0,0,0,16.856199264526367,15.402042388916016,5.626121520996094
0,0,0,0,16.910724639892578,15.450621604919434,5.638519287109375
0,0,0,0,16.951772689819336,15.487051010131836,5.6477203369140625
0,0,0,0,16.992830276489258,15.523632049560547,5.6566314697265625
0,0,0,0,17.047454833984375,15.57208251953125,5.668235778808594
0,0,0,0,17.088153839111328,15.608211517333984,5.6770477294921875
0,0,0,0,17.12868309020996,15.64419937133789,5.685890197753906
0,0,0,0,17.18262481689453,15.692207336425781,5.697685241699219
0,0,0,0,17.223007202148438,15.728168487548828,5.7065582275390625
0,0,0,0,17.263425827026367,15.764166831970215,5.715476989746094
0,0,0,0,17.317333221435547,15.812264442443848,5.727500915527344
0,0,0,0,17.3579044342041,15.848409652709961,5.736549377441406
0,0,0,0,17.39849281311035,15.884705543518066,5.7455596923828125
0,0,0,0,17.4528865814209,15.933183670043945,5.757484436035156
0,0,0,0,17.493715286254883,15.96968936920166,5.766395568847656
0,0,0,0,17.53472328186035,16.006189346313477,5.7752685546875
0,0,0,0,17.58938217163086,16.05501365661621,5.787055969238281
0,0,0,0,17.630517959594727,16.0915470123291,5.7959136962890625
0,0,0,0,17.685396194458008,16.140411376953125,5.807563781738281
0,0,0,0,17.72661781311035,16.176986694335938,5.816230773925781
0,0,0,0,17.767799377441406,16.21358299255371,5.824882507324219
0,0,0,0,17.808996200561523,16.25004005432129,5.83349609375
0,0,0,0,17.863882064819336,16.298625946044922,5.844825744628906
0,0,0,0,17.90497398376465,16.334918975830078,5.853263854980469
0,0,0,0,17.946025848388672,16.37113380432129,5.861747741699219
0,0,0,0,18.0007381439209,16.419273376464844,5.873100280761719
0,0,0,0,18.041921615600586,16.45531463623047,5.8815765380859375
0,0,0,0,18.083127975463867,16.49131202697754,5.890045166015625
0,0,0,0,18.138317108154297,16.53917121887207,5.9012451171875
0,0,0,0,18.179737091064453,16.575002670288086,5.909645080566406
0,0,0,0,18.221336364746094,16.61066246032715,5.9180450439453125
0,0,0,0,18.276775360107422,16.658111572265625,5.929176330566406
0,0,0,0,18.318519592285156,16.6934814453125,5.937530517578125
0,0,0,0,18.36026382446289,16.72876739501953,5.9459686279296875
0,0,0,0,18.416173934936523,16.775495529174805,5.957298278808594
0,0,0,0,18.458194732666016,16.810529708862305,5.965843200683594
0,0,0,0,18.500411987304688,16.845426559448242,5.9744415283203125
0,0,0,0,18.556943893432617,16.89201545715332,5.985984802246094
0,0,0,0,18.59958267211914,16.926916122436523,5.994720458984375
0,0,0,0,18.642417907714844,16.961896896362305,6.0034942626953125
0,0,0,0,18.69984245300293,17.00848960876465,6.015228271484375
0,0,0,0,18.74317741394043,17.043479919433594,6.0240020751953125
0,0,0,0,18.786649703979492,17.078495025634766,6.032768249511719
0,0,0,0,18.84494400024414,17.125219345092773,6.044464111328125
0,0,0,0,18.8887939453125,17.16026496887207,6.053276062011719
0,0,0,0,18.93288230895996,17.195283889770508,6.062110900878906
0,0,0,0,18.991790771484375,17.24203872680664,6.0738677978515625
0,0,0,0,19.036174774169922,17.277013778686523,6.08270263671875
0,0,0,0,19.08057975769043,17.312044143676758,6.091529846191406
0,0,0,0,19.140052795410156,17.358606338500977,6.103271484375
0,0,0,0,19.18468475341797,17.393526077270508,6.1120452880859375
0,0,0,0,19.22945785522461,17.428302764892578,6.120796203613281
0,0,0,0,19.289201736450195,17.474733352661133,6.132415771484375
0,0,0,0,19.33414649963379,17.509422302246094,6.1410980224609375
0,0,0,0,19.379133224487305,17.54409408569336,6.1497802734375
0,0,0,0,19.439231872558594,17.5900936126709,6.161354064941406
0,0,0,0,19.484432220458984,17.624547958374023,6.170051574707031
0,0,0,0,19.529699325561523,17.65888023376465,6.1787872314453125
0,0,0,0,19.59024429321289,17.704544067382812,6.1905517578125
0,0,0,0,19.635711669921875,17.738677978515625,6.1994171142578125
0,0,0,0,19.681316375732422,17.772693634033203,6.208335876464844
0,0,0,0,19.74216651916504,17.817920684814453,6.2203216552734375
0,0,0,0,19.787973403930664,17.851736068725586,6.228790283203125
0,0,0,0,19.83371353149414,17.885515213012695,6.235748291015625
0,0,0,0,19.894176483154297,17.92970848083496,6.2451171875
0,0,0,0,19.938888549804688,17.962444305419922,6.2524566650390625
0,0,0,0,19.9833927154541,17.9949951171875,6.259834289550781
0,0,0,0,20.042186737060547,18.038320541381836,6.269767761230469
0,0,0,0,20.086017608642578,18.07059669494629,6.277427673339844
0,0,0,0,20.12959861755371,18.102951049804688,6.285346984863281
0,0,0,0,20.187618255615234,18.146141052246094,6.29632568359375
0,0,0,0,20.231054306030273,18.17873191833496,6.3048858642578125
0,0,0,0,20.27448272705078,18.211406707763672,6.3137054443359375
0,0,0,0,20.33238410949707,18.255306243896484,6.3259124755859375
0,0,0,0,20.390296936035156,18.299570083618164,6.338584899902344
0,0,0,0,20.419334411621094,18.321794509887695,6.34503173828125
0,0,0,0,20.47737693786621,18.366548538208008,6.358131408691406
0,0,0,0,20.5210018157959,18.400318145751953,6.368080139160156
0,0,0,0,20.564565658569336,18.434335708618164,6.378120422363281
0,0,0,0,20.62279510498047,18.479948043823242,6.391632080078125
0,0,0,0,20.666385650634766,18.514432907104492,6.401786804199219
0,0,0,0,20.710067749023438,18.549036026000977,6.411949157714844
0,0,0,0,20.768211364746094,18.595600128173828,6.4254913330078125
0,0,0,0,20.811893463134766,18.630674362182617,6.4356536865234375
0,0,0,0,20.855484008789062,18.666013717651367,6.4457855224609375
0,0,0,0,20.913644790649414,18.713302612304688,6.459236145019531
0,0,0,0,20.95722770690918,18.74901580810547,6.469245910644531
0,0,0,0,21.000783920288086,18.784765243530273,6.4792022705078125
0,0,0,0,21.058774948120117,18.832727432250977,6.492362976074219
0,0,0,0,21.10219383239746,18.868812561035156,6.502197265625
0,0,0,0,21.14558982849121,18.905071258544922,6.511993408203125
0,0,0,0,21.20339012145996,18.953540802001953,6.52496337890625
0,0,0,0,21.246736526489258,18.99003791809082,6.5346221923828125
0,0,0,0,21.289953231811523,19.02669906616211,6.5442962646484375
0,0,0,0,21.34754753112793,19.07581329345703,6.55718994140625
0,0,0,0,21.390565872192383,19.11285972595215,6.566871643066406
0,0,0,0,21.43359375,19.150020599365234,6.576568603515625
0,0,0,0,21.490745544433594,19.199886322021484,6.589546203613281
0,0,0,0,21.533599853515625,19.23733901977539,6.599334716796875
0,0,0,0,21.576311111450195,19.275012969970703,6.6092071533203125
0,0,0,0,21.633277893066406,19.325319290161133,6.6224822998046875
0,0,0,0,21.675853729248047,19.363269805908203,6.6324615478515625
0,0,0,0,21.718406677246094,19.401212692260742,6.6425018310546875
0,0,0,0,21.774993896484375,19.452016830444336,6.6558990478515625
0,0,0,0,21.817398071289062,19.490156173706055,6.6659088134765625
0,0,0,0,21.85972785949707,19.528444290161133,6.6758880615234375
0,0,0,0,21.916101455688477,19.579566955566406,6.689208984375
0,0,0,0,21.95836067199707,19.61806297302246,6.698966979980469
0,0,0,0,22.000455856323242,19.65655517578125,6.708427429199219
0,0,0,0,22.056190490722656,19.707643508911133,6.720603942871094
0,0,0,0,22.09752082824707,19.745643615722656,6.7293853759765625
0,0,0,0,22.138521194458008,19.783227920532227,6.737823486328125
0,0,0,0,22.19234848022461,19.832626342773438,6.748481750488281
0,0,0,0,22.232154846191406,19.868894577026367,6.756126403808594
0,0,0,0,22.271272659301758,19.904613494873047,6.763633728027344
0,0,0,0,22.322696685791016,19.951282501220703,6.773353576660156
0,0,0,0,22.360595703125,19.985754013061523,6.780342102050781
0,0,0,0,22.398038864135742,20.019594192504883,6.787086486816406
0,0,0,0,22.44691276550293,20.063934326171875,6.795799255371094
0,0,0,0,22.482879638671875,20.096506118774414,6.8021697998046875
0,0,0,0,22.518186569213867,20.128694534301758,6.80841064453125
0,0,0,0,22.564393997192383,20.1707820892334,6.816612243652344
0,0,0,0,22.598360061645508,20.201818466186523,6.82305908203125
0,0,0,0,22.63182258605957,20.232492446899414,6.8300018310546875
0,0,0,0,22.676136016845703,20.273420333862305,6.839637756347656
0,0,0,0,22.709228515625,20.3041934967041,6.84698486328125
0,0,0,0,22.742259979248047,20.33492660522461,6.854408264160156
0,0,0,0,22.785980224609375,20.375831604003906,6.864540100097656
0,0,0,0,22.818683624267578,20.406469345092773,6.872283935546875
0,0,0,0,22.851198196411133,20.43718719482422,6.879920959472656
0,0,0,0,22.894357681274414,20.477933883666992,6.889915466308594
0,0,0,0,22.926284790039062,20.508296966552734,6.8975830078125
0,0,0,0,22.958049774169922,20.538389205932617,6.90576171875
0,0,0,0,23.000349044799805,20.578683853149414,6.9171600341796875
0,0,0,0,23.032445907592773,20.609041213989258,6.925666809082031
0,0,0,0,23.064697265625,20.639577865600586,6.934104919433594
0,0,0,0,23.107881546020508,20.68011474609375,6.9451141357421875
0,0,0,0,23.140295028686523,20.71049690246582,6.953163146972656
0,0,0,0,23.172664642333984,20.74066162109375,6.961151123046875
0,0,0,0,23.21575355529785,20.780658721923828,6.971626281738281
0,0,0,0,23.24799919128418,20.810434341430664,6.979240417480469
0,0,0,0,23.280235290527344,20.84002685546875,6.986656188964844
0,0,0,0,23.323028564453125,20.879098892211914,6.9962005615234375
0,0,0,0,23.355077743530273,20.908124923706055,7.003135681152344
0,0,0,0,23.386962890625,20.936946868896484,7.009956359863281
0,0,0,0,23.4294490814209,20.97493553161621,7.0191192626953125
0,0,0,0,23.461299896240234,21.00330352783203,7.025993347167969
0,0,0,0,23.49340057373047,21.031442642211914,7.032752990722656
0,0,0,0,23.53626251220703,21.06866455078125,7.0416259765625
0,0,0,0,23.568546295166016,21.096208572387695,7.048332214355469
0,0,0,0,23.600887298583984,21.12363624572754,7.0551605224609375
0,0,0,0,23.64453125,21.159868240356445,7.064384460449219
0,0,0,0,23.677698135375977,21.186967849731445,7.0713348388671875
0,0,0,0,23.711387634277344,21.2138671875,7.078224182128906
0,0,0,0,23.7569637298584,21.249553680419922,7.087608337402344
0,0,0,0,23.791780471801758,21.2761173248291,7.094642639160156
0,0,0,0,23.827192306518555,21.302637100219727,7.101463317871094
0,0,0,0,23.875102996826172,21.337665557861328,7.110443115234375
0,0,0,0,23.91153907775879,21.36367416381836,7.117401123046875
0,0,0,0,23.94841766357422,21.3895263671875,7.1244049072265625
0,0,0,0,23.998640060424805,21.423723220825195,7.1336517333984375
0,0,0,0,24.037023544311523,21.44918441772461,7.140556335449219
0,0,0,0,24.076210021972656,21.474443435668945,7.147392272949219
0,0,0,0,24.12954330444336,21.50800323486328,7.1562652587890625
0,0,0,0,24.170429229736328,21.532930374145508,7.162696838378906
0,0,0,0,24.211820602416992,21.5577392578125,7.1689605712890625
0,0,0,0,24.26793670654297,21.590356826782227,7.177001953125
0,0,0,0,24.31043243408203,21.614620208740234,7.182891845703125
0,0,0,0,24.35328483581543,21.638498306274414,7.18878173828125
0,0,0,0,24.410808563232422,21.67001724243164,7.1966552734375
0,0,0,0,24.45438575744629,21.693286895751953,7.202552795410156
0,0,0,0,24.498289108276367,21.716367721557617,7.208412170410156
0,0,0,0,24.55734634399414,21.746612548828125,7.216400146484375
0,0,0,0,24.602115631103516,21.7690486907959,7.222389221191406
0,0,0,0,24.64728355407715,21.791250228881836,7.228179931640625
0,0,0,0,24.708005905151367,21.820432662963867,7.235679626464844
0,0,0,0,24.7536563873291,21.841968536376953,7.241302490234375
0,0,0,0,24.799503326416016,21.863161087036133,7.247047424316406
0,0,0,0,24.86078453063965,21.8909969329834,7.254722595214844
0,0,0,0,24.907100677490234,21.9114933013916,7.260414123535156
0,0,0,0,24.953550338745117,21.931777954101562,7.266151428222656
0,0,0,0,25.015972137451172,21.958330154418945,7.273689270019531
0,0,0,0,25.06298828125,21.978002548217773,7.279243469238281
0,0,0,0,25.110246658325195,21.997276306152344,7.284751892089844
0,0,0,0,25.173320770263672,22.02262306213379,7.291938781738281
0,0,0,0,25.220701217651367,22.04121208190918,7.297271728515625
0,0,0,0,25.268009185791016,22.059539794921875,7.302825927734375
0,0,0,0,25.33126449584961,22.083436965942383,7.310340881347656
0,0,0,0,25.378925323486328,22.101167678833008,7.31585693359375
0,0,0,0,25.426721572875977,22.118633270263672,7.321311950683594
0,0,0,0,25.490585327148438,22.14166259765625,7.328407287597656
0,0,0,0,25.538448333740234,22.158681869506836,7.333686828613281
0,0,0,0,25.586366653442383,22.175451278686523,7.339019775390625
0,0,0,0,25.650306701660156,22.197574615478516,7.346138000488281
0,0,0,0,25.698488235473633,22.213985443115234,7.3513946533203125
0,0,0,0,25.7466983795166,22.230327606201172,7.356597900390625
0,0,0,0,25.81121253967285,22.25193214416504,7.363494873046875
0,0,0,0,25.859619140625,22.268104553222656,7.3686981201171875
0,0,0,0,25.908239364624023,22.284101486206055,7.373908996582031
0,0,0,0,25.973112106323242,22.305461883544922,7.3807220458984375
0,0,0,0,26.021821975708008,22.321306228637695,7.385765075683594
0,0,0,0,26.070350646972656,22.33713150024414,7.39093017578125
0,0,0,0,26.134925842285156,22.35799789428711,7.3979644775390625
0,0,0,0,26.1832275390625,22.373703002929688,7.403266906738281
0,0,0,0,26.2314453125,22.389347076416016,7.4085540771484375
0,0,0,0,26.295576095581055,22.41029167175293,7.4156341552734375
0,0,0,0,26.343591690063477,22.426015853881836,7.4210662841796875
0,0,0,0,26.391637802124023,22.441852569580078,7.426567077636719
0,0,0,0,26.4556941986084,22.463088989257812,7.434211730957031
0,0,0,0,26.5039119720459,22.47916030883789,7.440155029296875
0,0,0,0,26.5522518157959,22.495450973510742,7.4461822509765625
0,0,0,0,26.617185592651367,22.517555236816406,7.4542999267578125
0,0,0,0,26.666112899780273,22.53450584411621,7.4604034423828125
0,0,0,0,26.715341567993164,22.551652908325195,7.4665069580078125
0,0,0,0,26.7811279296875,22.574968338012695,7.4747161865234375
0,0,0,0,26.830690383911133,22.59259605407715,7.48089599609375
0,0,0,0,26.880285263061523,22.61050796508789,7.4871063232421875
0,0,0,0,26.94660758972168,22.634611129760742,7.49554443359375
0,0,0,0,26.996408462524414,22.65303611755371,7.501922607421875
0,0,0,0,27.04638671875,22.67163848876953,7.50823974609375
0,0,0,0,27.113052368164062,22.696918487548828,7.5165863037109375
0,0,0,0,27.16298484802246,22.716066360473633,7.522926330566406
0,0,0,0,27.212848663330078,22.735458374023438,7.529335021972656
0,0,0,0,27.279212951660156,22.761585235595703,7.5379791259765625
0,0,0,0,27.328968048095703,22.781387329101562,7.544525146484375
0,0,0,0,27.378568649291992,22.801362991333008,7.551116943359375
0,0,0,0,27.444671630859375,22.828266143798828,7.559913635253906
0,0,0,0,27.49410057067871,22.848703384399414,7.5665740966796875
0,0,0,0,27.54355812072754,22.869260787963867,7.5732879638671875
0,0,0,0,27.609376907348633,22.89699363708496,7.582244873046875
0,0,0,0,27.658851623535156,22.91790771484375,7.588996887207031
0,0,0,0,27.708269119262695,22.93911361694336,7.595817565917969
0,0,0,0,27.77434539794922,22.967580795288086,7.604972839355469
0,0,0,0,27.8239688873291,22.989280700683594,7.611793518066406
0,0,0,0,27.87376594543457,23.011075973510742,7.61859130859375
0,0,0,0,27.94016456604004,23.04046630859375,7.627662658691406
0,0,0,0,27.9901123046875,23.06267738342285,7.634468078613281
0,0,0,0,28.0401611328125,23.08518409729004,7.641258239746094
0,0,0,0,28.107065200805664,23.115482330322266,7.650299072265625
0,0,0,0,28.157411575317383,23.13848876953125,7.6570587158203125
0,0,0,0,28.207822799682617,23.161691665649414,7.663810729980469
0,0,0,0,28.27524757385254,23.19303321838379,7.6728515625
0,0,0,0,28.342714309692383,23.224817276000977,7.682014465332031
0,0,0,0,28.376554489135742,23.2408390045166,7.68658447265625
0,0,0,0,28.44420623779297,23.273242950439453,7.695648193359375
0,0,0,0,28.495054244995117,23.297714233398438,7.702400207519531
0,0,0,0,28.54580307006836,23.32240867614746,7.709129333496094
0,0,0,0,28.61351776123047,23.355539321899414,7.7180328369140625
0,0,0,0,28.664194107055664,23.380693435668945,7.724647521972656
0,0,0,0,28.71491813659668,23.405920028686523,7.731239318847656
0,0,0,0,28.782350540161133,23.43996238708496,7.740020751953125
0,0,0,0,28.832876205444336,23.46565055847168,7.7466278076171875
0,0,0,0,28.883281707763672,23.491636276245117,7.75323486328125
0,0,0,0,28.950481414794922,23.52651023864746,7.76202392578125
0,0,0,0,29.000823974609375,23.552955627441406,7.7685699462890625
0,0,0,0,29.051109313964844,23.579509735107422,7.7750396728515625
0,0,0,0,29.117938995361328,23.615182876586914,7.783599853515625
0,0,0,0,29.16777229309082,23.64207649230957,7.7900543212890625
0,0,0,0,29.217439651489258,23.669113159179688,7.796607971191406
0,0,0,0,29.283296585083008,23.705432891845703,7.805419921875
0,0,0,0,29.332561492919922,23.732831954956055,7.812171936035156
0,0,0,0,29.38161277770996,23.760459899902344,7.819038391113281
0,0,0,0,29.446943283081055,23.797555923461914,7.828338623046875
0,0,0,0,29.495758056640625,23.825719833374023,7.835395812988281
0,0,0,0,29.54460334777832,23.854007720947266,7.842475891113281
0,0,0,0,29.60943031311035,23.89205551147461,7.851905822753906
0,0,0,0,29.657899856567383,23.9206600189209,7.859031677246094
0,0,0,0,29.70612144470215,23.949481964111328,7.866279602050781
0,0,0,0,29.770286560058594,23.98806381225586,7.876167297363281
0,0,0,0,29.818222045898438,24.01729393005371,7.8836822509765625
0,0,0,0,29.866064071655273,24.046649932861328,7.8911895751953125
0,0,0,0,29.92964744567871,24.086097717285156,7.901313781738281
0,0,0,0,29.977188110351562,24.11580467224121,7.909034729003906
0,0,0,0,30.024702072143555,24.14571762084961,7.9168548583984375
0,0,0,0,30.087932586669922,24.18588638305664,7.927314758300781
0,0,0,0,30.135303497314453,24.216175079345703,7.935157775878906
0,0,0,0,30.182462692260742,24.24658203125,7.943138122558594
0,0,0,0,30.245258331298828,24.287240982055664,7.953948974609375
0,0,0,0,30.292173385620117,24.31794548034668,7.962150573730469
0,0,0,0,30.339130401611328,24.348718643188477,7.970458984375
0,0,0,0,30.401575088500977,24.390029907226562,7.981666564941406
0,0,0,0,30.44842529296875,24.421077728271484,7.990119934082031
0,0,0,0,30.495155334472656,24.452346801757812,7.9984588623046875
0,0,0,0,30.557401657104492,24.49397087097168,8.009552001953125
0,0,0,0,30.603897094726562,24.525283813476562,8.017730712890625
0,0,0,0,30.65028190612793,24.556509017944336,8.025596618652344
0,0,0,0,30.711483001708984,24.597929000854492,8.035614013671875
0,0,0,0,30.756681442260742,24.628469467163086,8.043235778808594
0,0,0,0,30.80132484436035,24.65873146057129,8.051055908203125
0,0,0,0,30.860258102416992,24.69881248474121,8.061576843261719
0,0,0,0,30.90418243408203,24.728761672973633,8.069488525390625
0,0,0,0,30.947860717773438,24.758604049682617,8.0775146484375
0,0,0,0,31.006092071533203,24.79843521118164,8.08819580078125
0,0,0,0,31.049671173095703,24.828411102294922,8.096115112304688
0,0,0,0,31.09328269958496,24.858299255371094,8.104141235351562
0,0,0,0,31.151369094848633,24.89821434020996,8.11492919921875
0,0,0,0,31.19515609741211,24.92819595336914,8.122917175292969
0,0,0,0,31.238977432250977,24.95830726623535,8.130859375
0,0,0,0,31.29776382446289,24.998397827148438,8.141143798828125
0,0,0,0,31.341869354248047,25.02855682373047,8.148658752441406
0,0,0,0,31.385997772216797,25.05854034423828,8.156005859375
0,0,0,0,31.44451904296875,25.098392486572266,8.16558837890625
0,0,0,0,31.488222122192383,25.128005981445312,8.172630310058594
0,0,0,0,31.53169059753418,25.15752410888672,8.179550170898438
0,0,0,0,31.589309692382812,25.1965389251709,8.188629150390625
0,0,0,0,31.63228416442871,25.22564125061035,8.195404052734375
0,0,0,0,31.675065994262695,25.25457000732422,8.20220947265625
0,0,0,0,31.732006072998047,25.292932510375977,8.211341857910156
0,0,0,0,31.77455711364746,25.321605682373047,8.218276977539062
0,0,0,0,31.817171096801758,25.350187301635742,8.225425720214844
0,0,0,0,31.87404441833496,25.388391494750977,8.235260009765625
0,0,0,0,31.917015075683594,25.417024612426758,8.242782592773438
0,0,0,0,31.960163116455078,25.445762634277344,8.250419616699219
0,0,0,0,32.01832580566406,25.484121322631836,8.260726928710938
0,0,0,0,32.062320709228516,25.513093948364258,8.268325805664062
0,0,0,0,32.106666564941406,25.542009353637695,8.275718688964844
0,0,0,0,32.165828704833984,25.580514907836914,8.285720825195312
0,0,0,0,32.21036911010742,25.609254837036133,8.293296813964844
0,0,0,0,32.255027770996094,25.638132095336914,8.300582885742188
0,0,0,0,32.314579010009766,25.67633628845215,8.309951782226562
0,0,0,0,32.359004974365234,25.70472526550293,8.317031860351562
0,0,0,0,32.40325164794922,25.732877731323242,8.324256896972656
0,0,0,0,32.46218490600586,25.7703914642334,8.333961486816406
0,0,0,0,32.506385803222656,25.79845428466797,8.341262817382812
0,0,0,0,32.55071258544922,25.826467514038086,8.348625183105469
0,0,0,0,32.60993957519531,25.863821029663086,8.358428955078125
0,0,0,0,32.65462875366211,25.891813278198242,8.365791320800781
0,0,0,0,32.699405670166016,25.91981315612793,8.373275756835938
0,0,0,0,32.759552001953125,25.957067489624023,8.383377075195312
0,0,0,0,32.804874420166016,25.985132217407227,8.391021728515625
0,0,0,0,32.85057067871094,26.013185501098633,8.398757934570312
0,0,0,0,32.91183090209961,26.050819396972656,8.40911865234375
0,0,0,0,32.958152770996094,26.079063415527344,8.416725158691406
0,0,0,0,33.004554748535156,26.107437133789062,8.424278259277344
0,0,0,0,33.06660079956055,26.1451416015625,8.434463500976562
0,0,0,0,33.11323928833008,26.17353057861328,8.442115783691406
0,0,0,0,33.16006088256836,26.201904296875,8.449722290039062
0,0,0,0,33.222755432128906,26.239912033081055,8.459640502929688
0,0,0,0,33.2698974609375,26.268421173095703,8.466903686523438
0,0,0,0,33.31707763671875,26.296907424926758,8.474205017089844
0,0,0,0,33.3800163269043,26.33485221862793,8.483963012695312
0,0,0,0,33.427398681640625,26.363346099853516,8.491203308105469
0,0,0,0,33.474857330322266,26.391895294189453,8.498435974121094
0,0,0,0,33.53843688964844,26.429950714111328,8.508064270019531
0,0,0,0,33.58620834350586,26.458599090576172,8.515151977539062
0,0,0,0,33.63422393798828,26.48723030090332,8.521934509277344
0,0,0,0,33.69816970825195,26.525381088256836,8.530502319335938
0,0,0,0,33.74597930908203,26.553712844848633,8.536750793457031
0,0,0,0,33.79341125488281,26.581979751586914,8.543052673339844
0,0,0,0,33.85647201538086,26.619443893432617,8.551345825195312
0,0,0,0,33.9035530090332,26.647525787353516,8.557319641113281
0,0,0,0,33.95039749145508,26.67530632019043,8.563316345214844
0,0,0,0,34.01226806640625,26.712173461914062,8.571624755859375
0,0,0,0,34.058467864990234,26.73968505859375,8.577949523925781
0,0,0,0,34.10452651977539,26.76723289489746,8.584175109863281
0,0,0,0,34.165618896484375,26.80370330810547,8.59234619140625
0,0,0,0,34.21110153198242,26.830833435058594,8.598434448242188
0,0,0,0,34.25625228881836,26.857789993286133,8.60455322265625
0,0,0,0,34.3162956237793,26.89363670349121,8.612586975097656
0,0,0,0,34.3612174987793,26.920541763305664,8.618431091308594
0,0,0,0,34.406105041503906,26.947284698486328,8.624290466308594
0,0,0,0,34.46554183959961,26.982769012451172,8.632545471191406
0,0,0,0,34.510169982910156,27.00929832458496,8.638885498046875
0,0,0,0,34.554786682128906,27.036012649536133,8.645065307617188
0,0,0,0,34.61424255371094,27.071359634399414,8.653358459472656
0,0,0,0,34.65849685668945,27.09767723083496,8.659904479980469
0,0,0,0,34.7026481628418,27.12377166748047,8.666412353515625
0,0,0,0,34.76111602783203,27.158449172973633,8.675079345703125
0,0,0,0,34.804569244384766,27.18405532836914,8.681922912597656
0,0,0,0,34.84770202636719,27.209558486938477,8.689018249511719
0,0,0,0,34.90502166748047,27.24338722229004,8.698799133300781
0,0,0,0,34.94801712036133,27.268770217895508,8.706306457519531
0,0,0,0,34.9910888671875,27.294153213500977,8.713752746582031
0,0,0,0,35.0486946105957,27.328044891357422,8.723739624023438
0,0,0,0,35.09191131591797,27.35346031188965,8.731430053710938
0,0,0,0,35.13540267944336,27.37898063659668,8.739250183105469
0,0,0,0,35.19377517700195,27.413328170776367,8.749786376953125
0,0,0,0,35.2380485534668,27.43924903869629,8.757575988769531
0,0,0,0,35.28252410888672,27.465356826782227,8.765235900878906
0,0,0,0,35.342193603515625,27.500165939331055,8.775253295898438
0,0,0,0,35.38704299926758,27.526437759399414,8.782600402832031
0,0,0,0,35.43205642700195,27.552644729614258,8.789772033691406
0,0,0,0,35.49198913574219,27.587650299072266,8.799049377441406
0,0,0,0,35.53693389892578,27.613767623901367,8.8057861328125
0,0,0,0,35.58169174194336,27.63984489440918,8.812339782714844
0,0,0,0,35.641170501708984,27.674240112304688,8.820877075195312
0,0,0,0,35.685516357421875,27.699846267700195,8.827323913574219
0,0,0,0,35.729705810546875,27.725229263305664,8.833839416503906
0,0,0,0,35.788516998291016,27.759016036987305,8.842559814453125
0,0,0,0,35.832542419433594,27.784259796142578,8.849090576171875
0,0,0,0,35.87662124633789,27.80945587158203,8.855766296386719
0,0,0,0,35.93556594848633,27.843097686767578,8.864791870117188
0,0,0,0,35.98008728027344,27.868377685546875,8.871528625488281
0,0,0,0,36.024654388427734,27.89369773864746,8.878425598144531
0,0,0,0,36.084556579589844,27.927471160888672,8.887779235839844
0,0,0,0,36.12973403930664,27.95302963256836,8.894844055175781
0,0,0,0,36.17530822753906,27.978666305541992,8.901802062988281
0,0,0,0,36.23634338378906,28.013046264648438,8.911125183105469
0,0,0,0,36.28241729736328,28.038837432861328,8.918258666992188
0,0,0,0,36.32866287231445,28.06489372253418,8.925384521484375
0,0,0,0,36.390804290771484,28.099782943725586,8.93475341796875
0,0,0,0,36.43763732910156,28.12615966796875,8.941696166992188
0,0,0,0,36.48469543457031,28.15251350402832,8.94854736328125
0,0,0,0,36.54758834838867,28.18779945373535,8.957534790039062
0,0,0,0,36.594852447509766,28.21426773071289,8.964164733886719
0,0,0,0,36.6422004699707,28.24078369140625,8.970680236816406
0,0,0,0,36.705291748046875,28.27602767944336,8.979354858398438
0,0,0,0,36.75271987915039,28.302400588989258,8.985862731933594
0,0,0,0,36.80018615722656,28.328811645507812,8.992340087890625
0,0,0,0,36.86381149291992,28.36408233642578,9.000785827636719
0,0,0,0,36.91157150268555,28.39063262939453,9.006980895996094
0,0,0,0,36.95942687988281,28.41710090637207,9.013275146484375
0,0,0,0,37.02316665649414,28.452543258666992,9.021820068359375
0,0,0,0,37.0711669921875,28.479145050048828,9.028251647949219
0,0,0,0,37.119197845458984,28.505924224853516,9.034675598144531
0,0,0,0,37.18358612060547,28.541656494140625,9.043205261230469
0,0,0,0,37.23201370239258,28.56864356994629,9.049568176269531
0,0,0,0,37.28064727783203,28.59562873840332,9.055717468261719
0,0,0,0,37.345523834228516,28.631744384765625,9.063690185546875
0,0,0,0,37.39413070678711,28.658708572387695,9.069648742675781
0,0,0,0,37.44266128540039,28.68572425842285,9.075592041015625
0,0,0,0,37.507362365722656,28.721721649169922,9.083358764648438
0,0,0,0,37.55595779418945,28.748762130737305,9.088981628417969
0,0,0,0,37.620548248291016,28.78476905822754,9.096435546875
0,0,0,0,37.6689567565918,28.811723709106445,9.102043151855469
0,0,0,0,37.71724319458008,28.838781356811523,9.107574462890625
0,0,0,0,37.76560592651367,28.8658504486084,9.112884521484375
0,0,0,0,37.829830169677734,28.90186309814453,9.119789123535156
0,0,0,0,37.87781524658203,28.928613662719727,9.125038146972656
0,0,0,0,37.925559997558594,28.95539093017578,9.130317687988281
0,0,0,0,37.989227294921875,28.991029739379883,9.137321472167969
0,0,0,0,38.03687286376953,29.017841339111328,9.142494201660156
0,0,0,0,38.084529876708984,29.044544219970703,9.147575378417969
0,0,0,0,38.14784240722656,29.080232620239258,9.154289245605469
0,0,0,0,38.19530487060547,29.10693359375,9.159263610839844
0,0,0,0,38.24270248413086,29.133718490600586,9.164192199707031
0,0,0,0,38.30596923828125,29.16944122314453,9.170555114746094
0,0,0,0,38.35344314575195,29.19634437561035,9.175140380859375
0,0,0,0,38.40081787109375,29.223155975341797,9.179740905761719
0,0,0,0,38.463890075683594,29.258928298950195,9.185859680175781
0,0,0,0,38.51115798950195,29.285892486572266,9.190406799316406
0,0,0,0,38.55854797363281,29.312952041625977,9.194908142089844
0,0,0,0,38.62176513671875,29.349245071411133,9.200813293457031
0,0,0,0,38.669349670410156,29.376628875732422,9.205169677734375
0,0,0,0,38.71692657470703,29.404253005981445,9.209480285644531
0,0,0,0,38.780582427978516,29.441246032714844,9.215187072753906
0,0,0,0,38.82830810546875,29.469209671020508,9.219436645507812
0,0,0,0,38.87617111206055,29.49721908569336,9.223640441894531
0,0,0,0,38.93994903564453,29.53489875793457,9.229072570800781
0,0,0,0,38.987884521484375,29.56330108642578,9.233016967773438
0,0,0,0,39.035728454589844,29.591941833496094,9.236808776855469
0,0,0,0,39.099369049072266,29.630077362060547,9.241867065429688
0,0,0,0,39.14698028564453,29.65882110595703,9.245635986328125
0,0,0,0,39.19453048706055,29.687652587890625,9.249252319335938
0,0,0,0,39.25767517089844,29.72623634338379,9.25390625
0,0,0,0,39.30467224121094,29.755104064941406,9.257415771484375
0,0,0,0,39.351524353027344,29.784034729003906,9.260910034179688
0,0,0,0,39.413734436035156,29.822750091552734,9.265434265136719
0,0,0,0,39.4603271484375,29.85187339782715,9.268722534179688
0,0,0,0,39.50675964355469,29.88115119934082,9.271957397460938
0,0,0,0,39.56864929199219,29.9202823638916,9.2762451171875
0,0,0,0,39.61492156982422,29.949838638305664,9.279373168945312
0,0,0,0,39.66129684448242,29.979450225830078,9.282394409179688
0,0,0,0,39.722747802734375,30.01905059814453,9.286361694335938
0,0,0,0,39.768516540527344,30.04851531982422,9.289329528808594
0,0,0,0,39.81381607055664,30.07792854309082,9.2923583984375
0,0,0,0,39.873756408691406,30.11689567565918,9.296371459960938
0,0,0,0,39.9183235168457,30.146127700805664,9.299362182617188
0,0,0,0,39.962703704833984,30.175268173217773,9.302253723144531
0,0,0,0,40.02162170410156,30.2142333984375,9.305938720703125
0,0,0,0,40.06572341918945,30.243440628051758,9.308547973632812
0,0,0,0,40.10982131958008,30.272747039794922,9.310981750488281
0,0,0,0,40.168434143066406,30.311803817749023,9.314010620117188
0,0,0,0,40.2122688293457,30.341060638427734,9.316184997558594
0,0,0,0,40.25590133666992,30.37027359008789,9.318206787109375
0,0,0,0,40.314056396484375,30.40912437438965,9.320693969726562
0,0,0,0,40.35755920410156,30.43828582763672,9.322463989257812
0,0,0,0,40.401180267333984,30.46739387512207,9.324150085449219
0,0,0,0,40.45941162109375,30.50638198852539,9.326255798339844
0,0,0,0,40.50337600708008,30.535602569580078,9.327705383300781
0,0,0,0,40.547523498535156,30.564990997314453,9.329048156738281
0,0,0,0,40.6069450378418,30.604337692260742,9.3306884765625
0,0,0,0,40.65183639526367,30.634117126464844,9.331764221191406
0,0,0,0,40.697086334228516,30.663902282714844,9.332664489746094
0,0,0,0,40.77284240722656,30.71364974975586,9.333892822265625
0,0,0,0,40.80318832397461,30.733484268188477,9.334358215332031
0,0,0,0,40.84880065917969,30.763269424438477,9.334945678710938
0,0,0,0,40.909706115722656,30.802852630615234,9.335578918457031
0,0,0,0,40.955440521240234,30.83248519897461,9.336036682128906
0,0,0,0,41.00119400024414,30.862058639526367,9.336463928222656
0,0,0,0,41.06245422363281,30.901622772216797,9.336982727050781
0,0,0,0,41.10847473144531,30.931371688842773,9.337318420410156
0,0,0,0,41.15461349487305,30.9610652923584,9.337654113769531
0,0,0,0,41.21613311767578,31.000778198242188,9.338165283203125
0,0,0,0,41.26252746582031,31.030635833740234,9.3385009765625
0,0,0,0,41.30889892578125,31.060556411743164,9.3388671875
0,0,0,0,41.37082290649414,31.100257873535156,9.339553833007812
0,0,0,0,41.41726303100586,31.13013458251953,9.340194702148438
0,0,0,0,41.463897705078125,31.15995979309082,9.340904235839844
0,0,0,0,41.526180267333984,31.199865341186523,9.341949462890625
0,0,0,0,41.57302474975586,31.229726791381836,9.342727661132812
0,0,0,0,41.61977767944336,31.259592056274414,9.343513488769531
0,0,0,0,41.69730758666992,31.30883026123047,9.344902038574219
0,0,0,0,41.72816848754883,31.328323364257812,9.345504760742188
0,0,0,0,41.77416229248047,31.35732078552246,9.346450805664062
0,0,0,0,41.83498764038086,31.39555549621582,9.347770690917969
0,0,0,0,41.880069732666016,31.423830032348633,9.348808288574219
0,0,0,0,41.924781799316406,31.45174789428711,9.349967956542969
0,0,0,0,41.98371124267578,31.488475799560547,9.351730346679688
0,0,0,0,42.02758026123047,31.5156192779541,9.353218078613281
0,0,0,0,42.07107162475586,31.54254150390625,9.354812622070312
0,0,0,0,42.12873840332031,31.57793617248535,9.357185363769531
0,0,0,0,42.17161178588867,31.60420799255371,9.359291076660156
0,0,0,0,42.21446228027344,31.63014030456543,9.361701965332031
0,0,0,0,42.271644592285156,31.664514541625977,9.365280151367188
0,0,0,0,42.31494140625,31.690025329589844,9.368110656738281
0,0,0,0,42.358558654785156,31.715476989746094,9.370948791503906
0,0,0,0,42.41718673706055,31.748992919921875,9.374778747558594
0,0,0,0,42.461341857910156,31.773862838745117,9.377723693847656
0,0,0,0,42.50569534301758,31.798402786254883,9.38067626953125
0,0,0,0,42.56507110595703,31.830738067626953,9.384628295898438
0,0,0,0,42.60970687866211,31.854597091674805,9.387611389160156
0,0,0,0,42.65445327758789,31.87812614440918,9.390617370605469
0,0,0,0,42.71406173706055,31.908998489379883,9.394599914550781
0,0,0,0,42.75870895385742,31.93171501159668,9.397552490234375
0,0,0,0,42.803096771240234,31.954086303710938,9.400497436523438
0,0,0,0,42.86197280883789,31.98317527770996,9.40447998046875
0,0,0,0,42.90576934814453,32.004554748535156,9.407585144042969
0,0,0,0,42.94948959350586,32.025455474853516,9.41064453125
0,0,0,0,43.00740051269531,32.052669525146484,9.414695739746094
0,0,0,0,43.05063247680664,32.07244873046875,9.417854309082031
0,0,0,0,43.09365463256836,32.09183120727539,9.421043395996094
0,0,0,0,43.1510124206543,32.11684036254883,9.425239562988281
0,0,0,0,43.19389724731445,32.13508987426758,9.428321838378906
0,0,0,0,43.236732482910156,32.15276336669922,9.4312744140625
0,0,0,0,43.29355239868164,32.175621032714844,9.435256958007812
0,0,0,0,43.3359375,32.19208908081055,9.438552856445312
0,0,0,0,43.37831497192383,32.20806884765625,9.4420166015625
0,0,0,0,43.43498229980469,32.228450775146484,9.446807861328125
0,0,0,0,43.477787017822266,32.2430534362793,9.450485229492188
0,0,0,0,43.52082061767578,32.25712966918945,9.454231262207031
0,0,0,0,43.57876205444336,32.27507400512695,9.459602355957031
0,0,0,0,43.62269973754883,32.287960052490234,9.463859558105469
0,0,0,0,43.6673469543457,32.30018997192383,9.468070983886719
0,0,0,0,43.72767639160156,32.31573486328125,9.473678588867188
0,0,0,0,43.77357482910156,32.32671356201172,9.478057861328125
0,0,0,0,43.81985855102539,32.33720779418945,9.482582092285156
0,0,0,0,43.882564544677734,32.350135803222656,9.488700866699219
0,0,0,0,43.93028259277344,32.359188079833984,9.493179321289062
0,0,0,0,43.978614807128906,32.36751174926758,9.497566223144531
0,0,0,0,44.04357147216797,32.37781524658203,9.503646850585938
0,0,0,0,44.09278869628906,32.384788513183594,9.508346557617188
0,0,0,0,44.14249038696289,32.39118194580078,9.513084411621094
0,0,0,0,44.20956039428711,32.39863204956055,9.519393920898438
0,0,0,0,44.2605094909668,32.40350341796875,9.524131774902344
0,0,0,0,44.32921600341797,32.40901565551758,9.530441284179688
0,0,0,0,44.3814811706543,32.41236114501953,9.535186767578125
0,0,0,0,44.4342155456543,32.41511917114258,9.539962768554688
0,0,0,0,44.50547409057617,32.41769027709961,9.546409606933594
0,0,0,0,44.5594482421875,32.418983459472656,9.551292419433594
0,0,0,0,44.6140022277832,32.419586181640625,9.556221008300781
0,0,0,0,44.68726348876953,32.41957092285156,9.562995910644531
0,0,0,0,44.742698669433594,32.41883850097656,9.56817626953125
0,0,0,0,44.798370361328125,32.41769027709961,9.573440551757812
0,0,0,0,44.87308883666992,32.41523742675781,9.580513000488281
0,0,0,0,44.92936325073242,32.412841796875,9.585945129394531
0,0,0,0,44.98585510253906,32.409889221191406,9.591468811035156
0,0,0,0,45.06135940551758,32.405338287353516,9.599014282226562
0,0,0,0,45.11811065673828,32.401390075683594,9.604835510253906
0,0,0,0,45.17499542236328,32.39706039428711,9.610801696777344
0,0,0,0,45.25092697143555,32.39060974121094,9.618965148925781
0,0,0,0,45.30799865722656,32.3852653503418,9.625221252441406
0,0,0,0,45.365020751953125,32.37956237792969,9.631584167480469
0,0,0,0,45.441162109375,32.37136459350586,9.640220642089844
0,0,0,0,45.49821090698242,32.36483383178711,9.646781921386719
0,0,0,0,45.55533218383789,32.35786437988281,9.653404235839844
0,0,0,0,45.63134765625,32.348114013671875,9.662384033203125
0,0,0,0,45.68838882446289,32.34031677246094,9.669166564941406
0,0,0,0,45.74529266357422,32.3322868347168,9.675971984863281
0,0,0,0,45.821163177490234,32.32099914550781,9.68505859375
0,0,0,0,45.877952575683594,32.31228256225586,9.691902160644531
0,0,0,0,45.93474197387695,32.30324172973633,9.698768615722656
0,0,0,0,46.01034164428711,32.29098892211914,9.707939147949219
0,0,0,0,46.06703186035156,32.28154373168945,9.714767456054688
0,0,0,0,46.12369918823242,32.27201461791992,9.721580505371094
0,0,0,0,46.19921112060547,32.25906753540039,9.73065185546875
0,0,0,0,46.25583267211914,32.24922561645508,9.737396240234375
0,0,0,0,46.31236267089844,32.2392463684082,9.744110107421875
0,0,0,0,46.387760162353516,32.22582244873047,9.753059387207031
0,0,0,0,46.44416427612305,32.215694427490234,9.759780883789062
0,0,0,0,46.50061798095703,32.20548629760742,9.766502380371094
0,0,0,0,46.57577133178711,32.191871643066406,9.775444030761719
0,0,0,0,46.63219451904297,32.181541442871094,9.782112121582031
0,0,0,0,46.68854522705078,32.17127227783203,9.788772583007812
0,0,0,0,46.76376724243164,32.1574821472168,9.797607421875
0,0,0,0,46.82011032104492,32.14723587036133,9.80419921875
0,0,0,0,46.87654495239258,32.13690185546875,9.810760498046875
0,0,0,0,46.951683044433594,32.12327194213867,9.819412231445312
0,0,0,0,47.00800323486328,32.113033294677734,9.825798034667969
0,0,0,0,47.06418991088867,32.10297393798828,9.83203125
0,0,0,0,47.13877868652344,32.08965301513672,9.840095520019531
0,0,0,0,47.19435501098633,32.07984924316406,9.845947265625
0,0,0,0,47.24949264526367,32.07014846801758,9.851585388183594
0,0,0,0,47.322261810302734,32.057472229003906,9.858726501464844
0,0,0,0,47.37604904174805,32.048221588134766,9.86376953125
0,0,0,0,47.42914581298828,32.039154052734375,9.868576049804688
0,0,0,0,47.4985466003418,32.02738571166992,9.874534606933594
0,0,0,0,47.54962158203125,32.01879119873047,9.878692626953125
0,0,0,0,47.599586486816406,32.01053237915039,9.882545471191406
0,0,0,0,47.66465377807617,31.999862670898438,9.887046813964844
0,0,0,0,47.712284088134766,31.9923095703125,9.8883056640625
0,0,0,0,47.7587890625,31.98462677001953,9.887733459472656
0,0,0,0,47.8176155090332,31.972993850708008,9.88629150390625
0,0,0,0,47.85887145996094,31.962329864501953,9.884666442871094
0,0,0,0,47.8972282409668,31.94979476928711,9.882453918457031
0,0,0,0,47.94337844848633,31.929231643676758,9.878761291503906
0,0,0,0,47.97398376464844,31.910703659057617,9.875381469726562
0,0,0,0,48.001033782958984,31.889266967773438,9.871566772460938
0,0,0,0,48.03151321411133,31.856393814086914,9.865814208984375
0,0,0,0,48.050079345703125,31.828432083129883,9.861129760742188
0,0,0,0,48.0650634765625,31.79772186279297,9.856277465820312
0,0,0,0,48.079261779785156,31.752704620361328,9.849891662597656
0,0,0,0,48.08579635620117,31.716093063354492,9.845458984375
0,0,0,0,48.08880615234375,31.677400588989258,9.841453552246094
0,0,0,0,48.08774185180664,31.622777938842773,9.837249755859375
0,0,0,0,48.08320236206055,31.579914093017578,9.835060119628906
0,0,0,0,48.075836181640625,31.535614013671875,9.833915710449219
0,0,0,0,48.061737060546875,31.474937438964844,9.8341064453125
0,0,0,0,48.04832077026367,31.428287506103516,9.83563232421875
0,0,0,0,48.03250503540039,31.381023406982422,9.838287353515625
0,0,0,0,48.00836181640625,31.317136764526367,9.843215942382812
0,0,0,0,47.988285064697266,31.269012451171875,9.847328186035156
0,0,0,0,47.96721267700195,31.221435546875,9.851615905761719
0,0,0,0,47.93861389160156,31.159809112548828,9.853889465332031
0,0,0,0,47.91679382324219,31.11479949951172,9.854621887207031
0,0,0,0,47.89482879638672,31.071046829223633,9.855239868164062
0,0,0,0,47.86574935913086,31.014921188354492,9.853302001953125
0,0,0,0,47.844078063964844,30.974430084228516,9.850883483886719
0,0,0,0,47.82220458984375,30.93488121032715,9.848487854003906
0,0,0,0,47.79269790649414,30.883296966552734,9.845718383789062
0,0,0,0,47.770450592041016,30.84611701965332,9.844528198242188
0,0,0,0,47.748695373535156,30.810625076293945,9.844100952148438
0,0,0,0,47.720794677734375,30.766550064086914,9.844940185546875
0,0,0,0,47.70117950439453,30.73607635498047,9.846603393554688
0,0,0,0,47.68278503417969,30.708200454711914,9.848960876464844
0,0,0,0,47.66063690185547,30.67496681213379,9.853187561035156
0,0,0,0,47.645774841308594,30.653209686279297,9.856956481933594
0,0,0,0,47.632511138916016,30.634035110473633,9.861030578613281
0,0,0,0,47.61685562133789,30.612024307250977,9.864730834960938
0,0,0,0,47.60626983642578,30.597307205200195,9.864555358886719
0,0,0,0,47.5963249206543,30.583724975585938,9.86395263671875
0,0,0,0,47.58332443237305,30.56595230102539,9.862052917480469
0,0,0,0,47.573734283447266,30.55317497253418,9.859710693359375
0,0,0,0,47.56406021118164,30.540742874145508,9.856834411621094
0,0,0,0,47.55048370361328,30.52359962463379,9.854103088378906
0,0,0,0,47.53962707519531,30.510276794433594,9.853157043457031
0,0,0,0,47.52827453613281,30.49656867980957,9.853416442871094
0,0,0,0,47.51220703125,30.47764015197754,9.856071472167969
0,0,0,0,47.49988555908203,30.463088989257812,9.859725952148438
0,0,0,0,47.487457275390625,30.448787689208984,9.864646911621094
0,0,0,0,47.4713020324707,30.43016815185547,9.872482299804688
0,0,0,0,47.45936965942383,30.416580200195312,9.879280090332031
0,0,0,0,47.44776916503906,30.4031925201416,9.885345458984375
0,0,0,0,47.432430267333984,30.385778427124023,9.890830993652344
0,0,0,0,47.42073059082031,30.372346878051758,9.895057678222656
0,0,0,0,47.40876007080078,30.35881996154785,9.89947509765625
0,0,0,0,47.39265823364258,30.34088134765625,9.904426574707031
0,0,0,0,47.38037109375,30.32747459411621,9.906845092773438
0,0,0,0,47.36747360229492,30.313289642333984,9.909080505371094
0,0,0,0,47.34894943237305,30.292560577392578,9.912033081054688
0,0,0,0,47.33406448364258,30.275901794433594,9.914512634277344
0,0,0,0,47.31855773925781,30.258455276489258,9.917236328125
0,0,0,0,47.29673767089844,30.23370361328125,9.921127319335938
0,0,0,0,47.279666900634766,30.213991165161133,9.924362182617188
0,0,0,0,47.261966705322266,30.193565368652344,9.927841186523438
0,0,0,0,47.237754821777344,30.165267944335938,9.932754516601562
0,0,0,0,47.2127799987793,30.13597297668457,9.9373779296875
0,0,0,0,47.19991683959961,30.120643615722656,9.939666748046875
0,0,0,0,47.17298889160156,30.088695526123047,9.944061279296875
0,0,0,0,47.152103424072266,30.06389808654785,9.947311401367188
0,0,0,0,47.13072204589844,30.03896713256836,9.949920654296875
0,0,0,0,47.10151672363281,30.004791259765625,9.952812194824219
0,0,0,0,47.07877731323242,29.978118896484375,9.955062866210938
0,0,0,0,47.05543518066406,29.950698852539062,9.957290649414062
0,0,0,0,47.0235595703125,29.91356086730957,9.960121154785156
0,0,0,0,46.99920654296875,29.885147094726562,9.962181091308594
0,0,0,0,46.974578857421875,29.856319427490234,9.964187622070312
0,0,0,0,46.94124221801758,29.81723976135254,9.966766357421875
0,0,0,0,46.916011810302734,29.7874813079834,9.9686279296875
0,0,0,0,46.890525817871094,29.757387161254883,9.970352172851562
0,0,0,0,46.85633850097656,29.71670150756836,9.972442626953125
0,0,0,0,46.8303108215332,29.685781478881836,9.97381591796875
0,0,0,0,46.80406188964844,29.65438461303711,9.975059509277344
0,0,0,0,46.76853561401367,29.612077713012695,9.976478576660156
0,0,0,0,46.74162673950195,29.579959869384766,9.977325439453125
0,0,0,0,46.714202880859375,29.547496795654297,9.978034973144531
0,0,0,0,46.6768913269043,29.503189086914062,9.978950500488281
0,0,0,0,46.64836120605469,29.469614028930664,9.979568481445312
0,0,0,0,46.619598388671875,29.435779571533203,9.980072021484375
0,0,0,0,46.580684661865234,29.390422821044922,9.980545043945312
0,0,0,0,46.551021575927734,29.355836868286133,9.980812072753906
0,0,0,0,46.520965576171875,29.32088851928711,9.981025695800781
0,0,0,0,46.48031234741211,29.273679733276367,9.981132507324219
0,0,0,0,46.449440002441406,29.23784828186035,9.981086730957031
0,0,0,0,46.41813659667969,29.20155143737793,9.980934143066406
0,0,0,0,46.37571716308594,29.15236473083496,9.980674743652344
0,0,0,0,46.34333419799805,29.115001678466797,9.980384826660156
0,0,0,0,46.310638427734375,29.077226638793945,9.979988098144531
0,0,0,0,46.266326904296875,29.02621841430664,9.979339599609375
0,0,0,0,46.23267364501953,28.98735809326172,9.978843688964844
0,0,0,0,46.198551177978516,28.948280334472656,9.978340148925781
0,0,0,0,46.152679443359375,28.895776748657227,9.977684020996094
0,0,0,0,46.11790466308594,28.85631561279297,9.977218627929688
0,0,0,0,46.08297348022461,28.816574096679688,9.97674560546875
0,0,0,0,46.03590393066406,28.763404846191406,9.976219177246094
0,0,0,0,46.00047302246094,28.723384857177734,9.975875854492188
0,0,0,0,45.964942932128906,28.683467864990234,9.975593566894531
0,0,0,0,45.91749954223633,28.630146026611328,9.975318908691406
0,0,0,0,45.881805419921875,28.590065002441406,9.975204467773438
0,0,0,0,45.845943450927734,28.549840927124023,9.975143432617188
0,0,0,0,45.797977447509766,28.496139526367188,9.97509765625
0,0,0,0,45.7618293762207,28.455739974975586,9.97509765625
0,0,0,0,45.725677490234375,28.41526222229004,9.97509765625
0,0,0,0,45.677330017089844,28.361255645751953,9.97503662109375
0,0,0,0,45.64106369018555,28.320640563964844,9.974983215332031
0,0,0,0,45.60462188720703,28.28000259399414,9.974937438964844
0,0,0,0,45.556026458740234,28.225635528564453,9.974891662597656
0,0,0,0,45.519447326660156,28.18488121032715,9.974838256835938
0,0,0,0,45.48289489746094,28.143959045410156,9.97479248046875
0,0,0,0,45.43402099609375,28.089439392089844,9.974754333496094
0,0,0,0,45.397430419921875,28.048507690429688,9.974678039550781
0,0,0,0,45.36079406738281,28.007680892944336,9.974540710449219
0,0,0,0,45.3120002746582,27.95305633544922,9.974380493164062
0,0,0,0,45.27543640136719,27.912185668945312,9.974250793457031
0,0,0,0,45.23895263671875,27.871334075927734,9.974128723144531
0,0,0,0,45.19037628173828,27.81692886352539,9.973945617675781
0,0,0,0,45.153926849365234,27.775957107543945,9.97393798828125
0,0,0,0,45.117591857910156,27.735088348388672,9.974006652832031
0,0,0,0,45.06949234008789,27.681089401245117,9.974029541015625
0,0,0,0,45.03372573852539,27.64076042175293,9.974014282226562
0,0,0,0,44.99803924560547,27.600488662719727,9.974014282226562
0,0,0,0,44.95089340209961,27.547027587890625,9.973907470703125
0,0,0,0,44.91563415527344,27.507122039794922,9.973777770996094
0,0,0,0,44.88058853149414,27.467144012451172,9.973625183105469
0,0,0,0,44.83386993408203,27.41399574279785,9.973373413085938
0,0,0,0,44.79891586303711,27.374025344848633,9.973114013671875
0,0,0,0,44.76385498046875,27.33401870727539,9.972801208496094
0,0,0,0,44.717098236083984,27.280319213867188,9.972320556640625
0,0,0,0,44.68187713623047,27.239959716796875,9.971923828125
0,0,0,0,44.64656066894531,27.19936180114746,9.97149658203125
0,0,0,0,44.599281311035156,27.14507484436035,9.970878601074219
0,0,0,0,44.563758850097656,27.10418128967285,9.970382690429688
0,0,0,0,44.52820587158203,27.063215255737305,9.969871520996094
0,0,0,0,44.480831146240234,27.008480072021484,9.969192504882812
0,0,0,0,44.44545364379883,26.967493057250977,9.968658447265625
0,0,0,0,44.410152435302734,26.92656135559082,9.968086242675781
0,0,0,0,44.36330795288086,26.87200164794922,9.967262268066406
0,0,0,0,44.32815170288086,26.831104278564453,9.966590881347656
0,0,0,0,44.29309844970703,26.79008674621582,9.965888977050781
0,0,0,0,44.24620056152344,26.735370635986328,9.964988708496094
0,0,0,0,44.211116790771484,26.694238662719727,9.96429443359375
0,0,0,0,44.17594909667969,26.653188705444336,9.963630676269531
0,0,0,0,44.129146575927734,26.598270416259766,9.962867736816406
0,0,0,0,44.094051361083984,26.55726432800293,9.962295532226562
0,0,0,0,44.0590705871582,26.51622772216797,9.961723327636719
0,0,0,0,44.01240539550781,26.46156883239746,9.961021423339844
0,0,0,0,43.965797424316406,26.406845092773438,9.96038818359375
0,0,0,0,43.942596435546875,26.379592895507812,9.960067749023438
0,0,0,0,43.8963737487793,26.325279235839844,9.959327697753906
0,0,0,0,43.86180114746094,26.284616470336914,9.958724975585938
0,0,0,0,43.82718276977539,26.24390411376953,9.958099365234375
0,0,0,0,43.78109359741211,26.189729690551758,9.957244873046875
0,0,0,0,43.74656677246094,26.14929962158203,9.956504821777344
0,0,0,0,43.712120056152344,26.1088809967041,9.955696105957031
0,0,0,0,43.66592788696289,26.054969787597656,9.954574584960938
0,0,0,0,43.63124084472656,26.014503479003906,9.953666687011719
0,0,0,0,43.596343994140625,25.97411346435547,9.95269775390625
0,0,0,0,43.54969024658203,25.920015335083008,9.95135498046875
0,0,0,0,43.514461517333984,25.879472732543945,9.950286865234375
0,0,0,0,43.479164123535156,25.838823318481445,9.949165344238281
0,0,0,0,43.43175506591797,25.784597396850586,9.947616577148438
0,0,0,0,43.39598083496094,25.74372100830078,9.946495056152344
0,0,0,0,43.36001968383789,25.702939987182617,9.945419311523438
0,0,0,0,43.31195068359375,25.64861488342285,9.943931579589844
0,0,0,0,43.2757453918457,25.607921600341797,9.942817687988281
0,0,0,0,43.239356994628906,25.567161560058594,9.9417724609375
0,0,0,0,43.19053649902344,25.512849807739258,9.940574645996094
0,0,0,0,43.1538200378418,25.472291946411133,9.939743041992188
0,0,0,0,43.11713790893555,25.43194007873535,9.938919067382812
0,0,0,0,43.06806182861328,25.3784122467041,9.937896728515625
0,0,0,0,43.03132629394531,25.33845329284668,9.937141418457031
0,0,0,0,42.99447250366211,25.298776626586914,9.936363220214844
0,0,0,0,42.94529342651367,25.24592399597168,9.935348510742188
0,0,0,0,42.90815734863281,25.206390380859375,9.934623718261719
0,0,0,0,42.870880126953125,25.166772842407227,9.933929443359375
0,0,0,0,42.82070541381836,25.114042282104492,9.93304443359375
0,0,0,0,42.78285217285156,25.07444953918457,9.932403564453125
0,0,0,0,42.74473190307617,25.035018920898438,9.931793212890625
0,0,0,0,42.69366455078125,24.98243522644043,9.931060791015625
0,0,0,0,42.65507125854492,24.94313621520996,9.930519104003906
0,0,0,0,42.6161994934082,24.903820037841797,9.929954528808594
0,0,0,0,42.56391906738281,24.851537704467773,9.929222106933594
0,0,0,0,42.52437973022461,24.81235122680664,9.928657531738281
0,0,0,0,42.48459243774414,24.773273468017578,9.928123474121094
0,0,0,0,42.431121826171875,24.72132682800293,9.927497863769531
0,0,0,0,42.390804290771484,24.682519912719727,9.927101135253906
0,0,0,0,42.350257873535156,24.643939971923828,9.926780700683594
0,0,0,0,42.29615783691406,24.59281349182129,9.926414489746094
0,0,0,0,42.25547409057617,24.554832458496094,9.9261474609375
0,0,0,0,42.21487808227539,24.517086029052734,9.925872802734375
0,0,0,0,42.16059875488281,24.46735954284668,9.925445556640625
0,0,0,0,42.11996078491211,24.430377960205078,9.925086975097656
0,0,0,0,42.079185485839844,24.39381980895996,9.924659729003906
0,0,0,0,42.02473449707031,24.34552764892578,9.924003601074219
0,0,0,0,41.98359680175781,24.309776306152344,9.923515319824219
0,0,0,0,41.94225311279297,24.274261474609375,9.923072814941406
0,0,0,0,41.886722564697266,24.227582931518555,9.92242431640625
0,0,0,0,41.844696044921875,24.192935943603516,9.921928405761719
0,0,0,0,41.80228042602539,24.158655166625977,9.921417236328125
0,0,0,0,41.7451171875,24.11344337463379,9.920631408691406
0,0,0,0,41.7017822265625,24.079965591430664,9.919960021972656
0,0,0,0,41.65789031982422,24.046846389770508,9.919273376464844
0,0,0,0,41.59877014160156,24.003265380859375,9.918403625488281
0,0,0,0,41.55402374267578,23.971160888671875,9.917709350585938
0,0,0,0,41.509212493896484,23.939529418945312,9.916900634765625
0,0,0,0,41.449073791503906,23.898160934448242,9.915702819824219
0,0,0,0,41.38850402832031,23.857561111450195,9.91448974609375
0,0,0,0,41.35794448852539,23.837635040283203,9.913848876953125
0,0,0,0,41.29645538330078,23.79827117919922,9.912452697753906
0,0,0,0,41.249935150146484,23.76939582824707,9.911331176757812
0,0,0,0,41.20315170288086,23.74091148376465,9.91021728515625
0,0,0,0,41.14011001586914,23.703800201416016,9.908744812011719
0,0,0,0,41.092491149902344,23.676515579223633,9.907676696777344
0,0,0,0,41.04453659057617,23.64980697631836,9.906608581542969
0,0,0,0,40.98006820678711,23.614904403686523,9.905166625976562
0,0,0,0,40.93128967285156,23.589336395263672,9.904106140136719
0,0,0,0,40.882057189941406,23.56424903869629,9.903099060058594
0,0,0,0,40.8158073425293,23.531618118286133,9.90191650390625
0,0,0,0,40.76567840576172,23.50777816772461,9.901161193847656
0,0,0,0,40.71541976928711,23.484424591064453,9.900489807128906
0,0,0,0,40.64799118041992,23.45416259765625,9.899688720703125
0,0,0,0,40.5972785949707,23.432016372680664,9.899208068847656
0,0,0,0,40.546287536621094,23.41040802001953,9.898841857910156
0,0,0,0,40.478179931640625,23.382238388061523,9.898483276367188
0,0,0,0,40.42684555053711,23.361732482910156,9.898292541503906
0,0,0,0,40.37533950805664,23.34154510498047,9.898200988769531
0,0,0,0,40.3061408996582,23.315412521362305,9.898330688476562
0,0,0,0,40.254066467285156,23.296239852905273,9.898513793945312
0,0,0,0,40.20182800292969,23.2775821685791,9.898719787597656
0,0,0,0,40.13199996948242,23.25320816040039,9.899131774902344
0,0,0,0,40.0794563293457,23.235437393188477,9.899566650390625
0,0,0,0,40.02690887451172,23.218032836914062,9.900039672851562
0,0,0,0,39.95706558227539,23.195457458496094,9.900581359863281
0,0,0,0,39.904659271240234,23.178924560546875,9.900962829589844
0,0,0,0,39.85224533081055,23.162677764892578,9.901329040527344
0,0,0,0,39.7821159362793,23.141475677490234,9.901725769042969
0,0,0,0,39.72947692871094,23.125856399536133,9.902084350585938
0,0,0,0,39.67680358886719,23.110570907592773,9.902450561523438
0,0,0,0,39.606929779052734,23.09058952331543,9.902778625488281
0,0,0,0,39.554466247558594,23.07595443725586,9.902999877929688
0,0,0,0,39.502071380615234,23.061479568481445,9.903236389160156
0,0,0,0,39.432167053222656,23.04269790649414,9.903495788574219
0,0,0,0,39.379844665527344,23.028776168823242,9.903762817382812
0,0,0,0,39.32757568359375,23.015178680419922,9.904060363769531
0,0,0,0,39.25825881958008,22.99732780456543,9.904327392578125
0,0,0,0,39.20643615722656,22.984283447265625,9.904403686523438
0,0,0,0,39.15468978881836,22.971349716186523,9.9044189453125
0,0,0,0,39.08564758300781,22.95444107055664,9.904487609863281
0,0,0,0,39.033912658691406,22.94196319580078,9.904556274414062
0,0,0,0,38.98226547241211,22.929716110229492,9.904632568359375
0,0,0,0,38.91349411010742,22.913667678833008,9.904731750488281
0,0,0,0,38.86214065551758,22.90183448791504,9.904853820800781
0,0,0,0,38.810855865478516,22.890230178833008,9.905044555664062
0,0,0,0,38.7428092956543,22.874996185302734,9.9052734375
0,0,0,0,38.69178771972656,22.863754272460938,9.905433654785156
0,0,0,0,38.64085388183594,22.8525390625,9.905624389648438
0,0,0,0,38.57285690307617,22.837778091430664,9.905853271484375
0,0,0,0,38.52176284790039,22.826688766479492,9.90606689453125
0,0,0,0,38.470394134521484,22.815746307373047,9.906303405761719
0,0,0,0,38.40180969238281,22.801130294799805,9.906524658203125
0,0,0,0,38.35013198852539,22.790260314941406,9.906600952148438
0,0,0,0,38.2982292175293,22.779294967651367,9.906639099121094
0,0,0,0,38.22856140136719,22.76477813720703,9.906669616699219
0,0,0,0,38.17607116699219,22.753870010375977,9.906646728515625
0,0,0,0,38.12338638305664,22.743053436279297,9.906562805175781
0,0,0,0,38.0527458190918,22.72858428955078,9.906394958496094
0,0,0,0,37.99948501586914,22.717721939086914,9.906318664550781
0,0,0,0,37.945953369140625,22.706844329833984,9.906341552734375
0,0,0,0,37.87461853027344,22.69245719909668,9.906402587890625
0,0,0,0,37.82120895385742,22.68185043334961,9.906394958496094
0,0,0,0,37.76799011230469,22.67127227783203,9.906326293945312
0,0,0,0,37.696990966796875,22.65728759765625,9.906166076660156
0,0,0,0,37.643829345703125,22.646745681762695,9.906005859375
0,0,0,0,37.59062576293945,22.636343002319336,9.905784606933594
0,0,0,0,37.5198860168457,22.62238121032715,9.905479431152344
0,0,0,0,37.466705322265625,22.611989974975586,9.905357360839844
0,0,0,0,37.413570404052734,22.60148811340332,9.905326843261719
0,0,0,0,37.34284591674805,22.58765411376953,9.905220031738281
0,0,0,0,37.28988265991211,22.577228546142578,9.905136108398438
0,0,0,0,37.2368278503418,22.566871643066406,9.90509033203125
0,0,0,0,37.16596984863281,22.553014755249023,9.905052185058594
0,0,0,0,37.11275100708008,22.542652130126953,9.905021667480469
0,0,0,0,37.05940246582031,22.532255172729492,9.904983520507812
0,0,0,0,36.988067626953125,22.5184268951416,9.90496826171875
0,0,0,0,36.93431091308594,22.508089065551758,9.904975891113281
0,0,0,0,36.8804817199707,22.497783660888672,9.905021667480469
0,0,0,0,36.808380126953125,22.484140396118164,9.905143737792969
0,0,0,0,36.75419616699219,22.473886489868164,9.9052734375
0,0,0,0,36.69976043701172,22.463727951049805,9.905403137207031
0,0,0,0,36.627079010009766,22.450136184692383,9.905563354492188
0,0,0,0,36.57235336303711,22.440027236938477,9.905662536621094
0,0,0,0,36.51760482788086,22.429889678955078,9.905769348144531
0,0,0,0,36.44430923461914,22.41654396057129,9.905845642089844
0,0,0,0,36.38921356201172,22.40652084350586,9.905876159667969
0,0,0,0,36.333946228027344,22.39664077758789,9.905876159667969
0,0,0,0,36.26015090942383,22.3834171295166,9.905838012695312
0,0,0,0,36.204734802246094,22.37358856201172,9.905792236328125
0,0,0,0,36.14923858642578,22.363746643066406,9.905723571777344
0,0,0,0,36.07515335083008,22.3507137298584,9.905601501464844
0,0,0,0,36.01950454711914,22.340961456298828,9.905494689941406
0,0,0,0,35.96383285522461,22.331268310546875,9.905448913574219
0,0,0,0,35.8895149230957,22.318431854248047,9.905448913574219
0,0,0,0,35.833961486816406,22.30890464782715,9.905448913574219
0,0,0,0,35.77845764160156,22.299535751342773,9.905380249023438
0,0,0,0,35.704750061035156,22.287105560302734,9.905250549316406
0,0,0,0,35.64949035644531,22.27796173095703,9.905166625976562
0,0,0,0,35.5943603515625,22.268814086914062,9.905052185058594
0,0,0,0,35.52077865600586,22.256837844848633,9.904899597167969
0,0,0,0,35.46562576293945,22.247875213623047,9.904830932617188
0,0,0,0,35.410396575927734,22.239059448242188,9.904731750488281
0,0,0,0,35.33686828613281,22.22730827331543,9.904556274414062
0,0,0,0,35.281707763671875,22.218656539916992,9.904434204101562
0,0,0,0,35.226539611816406,22.210031509399414,9.904304504394531
0,0,0,0,35.15288162231445,22.19871711730957,9.904151916503906
0,0,0,0,35.097564697265625,22.190282821655273,9.904083251953125
0,0,0,0,35.042198181152344,22.181941986083984,9.904052734375
0,0,0,0,34.96824645996094,22.170909881591797,9.904045104980469
0,0,0,0,34.91273880004883,22.162696838378906,9.904083251953125
0,0,0,0,34.8570442199707,22.154552459716797,9.9041748046875
0,0,0,0,34.78274154663086,22.143770217895508,9.904426574707031
0,0,0,0,34.726829528808594,22.13578987121582,9.904701232910156
0,0,0,0,34.67094421386719,22.12776756286621,9.905021667480469
0,0,0,0,34.596221923828125,22.117170333862305,9.905471801757812
0,0,0,0,34.54020690917969,22.109201431274414,9.905838012695312
0,0,0,0,34.484066009521484,22.101377487182617,9.906234741210938
0,0,0,0,34.40925979614258,22.090898513793945,9.906845092773438
0,0,0,0,34.353084564208984,22.083187103271484,9.907310485839844
0,0,0,0,34.296905517578125,22.075428009033203,9.907821655273438
0,0,0,0,34.22188949584961,22.065277099609375,9.908531188964844
0,0,0,0,34.165531158447266,22.057668685913086,9.909156799316406
0,0,0,0,34.10917282104492,22.050180435180664,9.909805297851562
0,0,0,0,34.0340576171875,22.040267944335938,9.91064453125
0,0,0,0,33.97779083251953,22.032896041870117,9.911293029785156
0,0,0,0,33.92149353027344,22.02553367614746,9.911956787109375
0,0,0,0,33.84652328491211,22.015785217285156,9.912864685058594
0,0,0,0,33.79037094116211,22.008562088012695,9.913543701171875
0,0,0,0,33.734413146972656,22.001333236694336,9.914276123046875
0,0,0,0,33.65983963012695,21.99184226989746,9.915420532226562
0,0,0,0,33.604251861572266,21.984704971313477,9.916343688964844
0,0,0,0,33.54887008666992,21.977725982666016,9.917198181152344
0,0,0,0,33.475494384765625,21.96841812133789,9.918289184570312
0,0,0,0,33.420631408691406,21.96158790588379,9.919036865234375
0,0,0,0,33.365997314453125,21.954748153686523,9.91973876953125
0,0,0,0,33.29317092895508,21.945796966552734,9.920684814453125
0,0,0,0,33.23870849609375,21.939054489135742,9.92132568359375
0,0,0,0,33.184295654296875,21.932435989379883,9.921852111816406
0,0,0,0,33.11179733276367,21.923574447631836,9.922470092773438
0,0,0,0,33.05739212036133,21.916975021362305,9.922889709472656
0,0,0,0,33.00285339355469,21.910358428955078,9.92327880859375
0,0,0,0,32.92999267578125,21.901554107666016,9.923721313476562
0,0,0,0,32.875091552734375,21.894939422607422,9.923995971679688
0,0,0,0,32.820091247558594,21.888317108154297,9.924240112304688
0,0,0,0,32.74641036987305,21.879501342773438,9.924530029296875
0,0,0,0,32.69103240966797,21.872812271118164,9.924781799316406
0,0,0,0,32.63540267944336,21.86615562438965,9.925041198730469
0,0,0,0,32.561134338378906,21.85716438293457,9.925453186035156
0,0,0,0,32.505210876464844,21.85049057006836,9.925811767578125
0,0,0,0,32.44923400878906,21.843721389770508,9.92620849609375
0,0,0,0,32.37431716918945,21.83475685119629,9.926750183105469
0,0,0,0,32.31801223754883,21.82792854309082,9.927162170410156
0,0,0,0,32.26158142089844,21.821218490600586,9.927597045898438
0,0,0,0,32.186309814453125,21.81218147277832,9.928192138671875
0,0,0,0,32.1297492980957,21.805431365966797,9.928642272949219
0,0,0,0,32.073143005371094,21.798627853393555,9.929107666015625
0,0,0,0,31.997617721557617,21.78962516784668,9.92974853515625
0,0,0,0,31.94090461730957,21.78284454345703,9.93023681640625
0,0,0,0,31.88421630859375,21.77606964111328,9.930763244628906
0,0,0,0,31.80854034423828,21.767005920410156,9.931472778320312
0,0,0,0,31.751842498779297,21.760156631469727,9.931999206542969
0,0,0,0,31.695051193237305,21.753334045410156,9.932540893554688
0,0,0,0,31.619462966918945,21.744163513183594,9.93328857421875
0,0,0,0,31.56270408630371,21.737375259399414,9.933853149414062
0,0,0,0,31.50605010986328,21.730514526367188,9.934417724609375
0,0,0,0,31.430410385131836,21.72142791748047,9.9351806640625
0,0,0,0,31.37369728088379,21.714500427246094,9.935829162597656
0,0,0,0,31.31687355041504,21.70765495300293,9.936470031738281
0,0,0,0,31.24115562438965,21.69842529296875,9.937416076660156
0,0,0,0,31.184350967407227,21.691564559936523,9.938163757324219
0,0,0,0,31.127586364746094,21.684614181518555,9.93890380859375
0,0,0,0,31.051828384399414,21.67538070678711,9.939865112304688
0,0,0,0,30.994972229003906,21.66840171813965,9.940620422363281
0,0,0,0,30.938154220581055,21.661407470703125,9.941390991210938
0,0,0,0,30.86234474182129,21.65200424194336,9.942459106445312
0,0,0,0,30.805540084838867,21.644886016845703,9.943267822265625
0,0,0,0,30.748641967773438,21.63773536682129,9.944107055664062
0,0,0,0,30.67278289794922,21.628101348876953,9.945281982421875
0,0,0,0,30.615779876708984,21.620954513549805,9.946189880371094
0,0,0,0,30.558860778808594,21.61375617980957,9.947128295898438
0,0,0,0,30.482864379882812,21.604215621948242,9.948356628417969
0,0,0,0,30.425966262817383,21.596975326538086,9.949317932128906
0,0,0,0,30.36899185180664,21.589824676513672,9.950241088867188
0,0,0,0,30.293148040771484,21.580148696899414,9.951423645019531
0,0,0,0,30.236221313476562,21.572973251342773,9.952278137207031
0,0,0,0,30.179365158081055,21.565671920776367,9.953109741210938
0,0,0,0,30.103620529174805,21.556045532226562,9.954200744628906
0,0,0,0,30.047019958496094,21.548789978027344,9.95501708984375
0,0,0,0,29.99064826965332,21.541641235351562,9.955802917480469
0,0,0,0,29.915971755981445,21.532114028930664,9.956825256347656
0,0,0,0,29.8604679107666,21.525049209594727,9.957527160644531
0,0,0,0,29.805469512939453,21.518064498901367,9.958160400390625
0,0,0,0,29.733240127563477,21.508869171142578,9.95892333984375
0,0,0,0,29.67989730834961,21.50210952758789,9.959403991699219
0,0,0,0,29.627498626708984,21.495391845703125,9.959793090820312
0,0,0,0,29.55912208557129,21.4866886138916,9.96014404296875
0,0,0,0,29.509204864501953,21.480228424072266,9.960258483886719
0,0,0,0,29.460397720336914,21.474031448364258,9.960235595703125
0,0,0,0,29.39739990234375,21.46591567993164,9.959983825683594
0,0,0,0,29.35162925720215,21.46010971069336,9.959541320800781
0,0,0,0,29.3071346282959,21.45450782775879,9.958976745605469
0,0,0,0,29.249378204345703,21.447750091552734,9.958480834960938
0,0,0,0,29.207420349121094,21.44302749633789,9.958198547363281
0,0,0,0,29.166719436645508,21.43866729736328,9.957847595214844
0,0,0,0,29.114391326904297,21.43327522277832,9.957283020019531
0,0,0,0,29.07640838623047,21.42976188659668,9.957084655761719
0,0,0,0,29.03949737548828,21.42658042907715,9.957168579101562
0,0,0,0,28.992294311523438,21.422805786132812,9.957412719726562
0,0,0,0,28.958419799804688,21.420246124267578,9.957633972167969
0,0,0,0,28.925992965698242,21.417869567871094,9.957908630371094
0,0,0,0,28.88494110107422,21.41498565673828,9.958297729492188
0,0,0,0,28.8559513092041,21.412914276123047,9.958602905273438
0,0,0,0,28.828357696533203,21.410985946655273,9.958938598632812
0,0,0,0,28.793954849243164,21.408470153808594,9.9593505859375
0,0,0,0,28.76981544494629,21.40673828125,9.959632873535156
0,0,0,0,28.747201919555664,21.40498161315918,9.95989990234375
0,0,0,0,28.71912956237793,21.402814865112305,9.96026611328125
0,0,0,0,28.699718475341797,21.40113067626953,9.960578918457031
0,0,0,0,28.681535720825195,21.399587631225586,9.960952758789062
0,0,0,0,28.659351348876953,21.397491455078125,9.961502075195312
0,0,0,0,28.64413833618164,21.395980834960938,9.961982727050781
0,0,0,0,28.630062103271484,21.394439697265625,9.962516784667969
0,0,0,0,28.612943649291992,21.392478942871094,9.96331787109375
0,0,0,0,28.601200103759766,21.3909969329834,9.9639892578125
0,0,0,0,28.59038734436035,21.38956642150879,9.9647216796875
0,0,0,0,28.577167510986328,21.387794494628906,9.965797424316406
0,0,0,0,28.56816291809082,21.386554718017578,9.966583251953125
0,0,0,0,28.559602737426758,21.385534286499023,9.967353820800781
0,0,0,0,28.548755645751953,21.384496688842773,9.968406677246094
0,0,0,0,28.540727615356445,21.384071350097656,9.969215393066406
0,0,0,0,28.532785415649414,21.38382911682129,9.970054626464844
0,0,0,0,28.521860122680664,21.383991241455078,9.971206665039062
0,0,0,0,28.513492584228516,21.384328842163086,9.972068786621094
0,0,0,0,28.5047664642334,21.38501739501953,9.972923278808594
0,0,0,0,28.492652893066406,21.38620376586914,9.974037170410156
0,0,0,0,28.4830265045166,21.387441635131836,9.974838256835938
0,0,0,0,28.473005294799805,21.388818740844727,9.975578308105469
0,0,0,0,28.458940505981445,21.391054153442383,9.976425170898438
0,0,0,0,28.447847366333008,21.392942428588867,9.976943969726562
0,0,0,0,28.436325073242188,21.395124435424805,9.97735595703125
0,0,0,0,28.42028045654297,21.398326873779297,9.977653503417969
0,0,0,0,28.407808303833008,21.400981903076172,9.977699279785156
0,0,0,0,28.39480209350586,21.40381622314453,9.977630615234375
0,0,0,0,28.376859664916992,21.407859802246094,9.97735595703125
0,0,0,0,28.36275291442871,21.411134719848633,9.97698974609375
0,0,0,0,28.348203659057617,21.41450309753418,9.976531982421875
0,0,0,0,28.327770233154297,21.419334411621094,9.975738525390625
0,0,0,0,28.311798095703125,21.423093795776367,9.975051879882812
0,0,0,0,28.2950496673584,21.427135467529297,9.974288940429688
0,0,0,0,28.27164649963379,21.432674407958984,9.973152160644531
0,0,0,0,28.253049850463867,21.43707275390625,9.972236633300781
0,0,0,0,28.233564376831055,21.44155502319336,9.971290588378906
0,0,0,0,28.206005096435547,21.4478816986084,9.969886779785156
0,0,0,0,28.18418312072754,21.45277976989746,9.968757629394531
0,0,0,0,28.16132926940918,21.457901000976562,9.967559814453125
0,0,0,0,28.129213333129883,21.464866638183594,9.965896606445312
0,0,0,0,28.103891372680664,21.470252990722656,9.964599609375
0,0,0,0,28.077407836914062,21.475770950317383,9.963233947753906
0,0,0,0,28.040433883666992,21.483348846435547,9.961402893066406
0,0,0,0,28.011322021484375,21.48922348022461,9.96002197265625
0,0,0,0,27.981124877929688,21.495220184326172,9.95867919921875
0,0,0,0,27.938919067382812,21.50347137451172,9.957015991210938
0,0,0,0,27.905977249145508,21.50975799560547,9.955924987792969
0,0,0,0,27.8718318939209,21.516246795654297,9.954940795898438
0,0,0,0,27.824724197387695,21.52507209777832,9.95379638671875
0,0,0,0,27.78810691833496,21.53193473815918,9.953041076660156
0,0,0,0,27.750532150268555,21.538841247558594,9.952384948730469
0,0,0,0,27.698883056640625,21.548381805419922,9.951583862304688
0,0,0,0,27.6590518951416,21.555688858032227,9.951087951660156
0,0,0,0,27.618242263793945,21.563278198242188,9.950706481933594
0,0,0,0,27.562496185302734,21.573591232299805,9.950340270996094
0,0,0,0,27.519691467285156,21.581558227539062,9.950187683105469
0,0,0,0,27.476036071777344,21.589677810668945,9.95013427734375
0,0,0,0,27.41659164428711,21.600839614868164,9.950111389160156
0,0,0,0,27.371017456054688,21.60940933227539,9.950065612792969
0,0,0,0,27.324777603149414,21.61810874938965,9.95001220703125
0,0,0,0,27.26197052001953,21.629976272583008,9.94989013671875
0,0,0,0,27.214153289794922,21.639022827148438,9.949783325195312
0,0,0,0,27.16558265686035,21.648326873779297,9.949661254882812
0,0,0,0,27.099905014038086,21.66094398498535,9.949462890625
0,0,0,0,27.049890518188477,21.67072296142578,9.949272155761719
0,0,0,0,26.999446868896484,21.680604934692383,9.949089050292969
0,0,0,0,26.93126678466797,21.6942195892334,9.948822021484375
0,0,0,0,26.879566192626953,21.704601287841797,9.948631286621094
0,0,0,0,26.82732582092285,21.715293884277344,9.948440551757812
0,0,0,0,26.756980895996094,21.729764938354492,9.9482421875
0,0,0,0,26.703685760498047,21.74089813232422,9.9481201171875
0,0,0,0,26.650005340576172,21.75217628479004,9.948036193847656
0,0,0,0,26.57791519165039,21.767578125,9.94793701171875
0,0,0,0,26.523473739624023,21.779321670532227,9.947853088378906
0,0,0,0,26.468786239624023,21.79127311706543,9.94775390625
0,0,0,0,26.39544677734375,21.807451248168945,9.947593688964844
0,0,0,0,26.34023666381836,21.819772720336914,9.947463989257812
0,0,0,0,26.284770965576172,21.832300186157227,9.947257995605469
0,0,0,0,26.210668563842773,21.849157333374023,9.946884155273438
0,0,0,0,26.154857635498047,21.86199951171875,9.946548461914062
0,0,0,0,26.09903335571289,21.874908447265625,9.946182250976562
0,0,0,0,26.02437973022461,21.892406463623047,9.945709228515625
0,0,0,0,25.96843910217285,21.905588150024414,9.945304870605469
0,0,0,0,25.9124698638916,21.91897964477539,9.944816589355469
0,0,0,0,25.837974548339844,21.936843872070312,9.944091796875
0,0,0,0,25.782133102416992,21.95040512084961,9.943443298339844
0,0,0,0,25.726367950439453,21.963972091674805,9.942703247070312
0,0,0,0,25.652034759521484,21.982297897338867,9.941604614257812
0,0,0,0,25.596323013305664,21.996126174926758,9.940689086914062
0,0,0,0,25.54065704345703,22.010103225708008,9.939666748046875
0,0,0,0,25.466474533081055,22.02887725830078,9.938133239746094
0,0,0,0,25.41095542907715,22.043094635009766,9.936859130859375
0,0,0,0,25.35540199279785,22.057456970214844,9.935508728027344
0,0,0,0,25.281475067138672,22.076820373535156,9.933555603027344
0,0,0,0,25.22603988647461,22.0915470123291,9.931999206542969
0,0,0,0,25.170711517333984,22.10634422302246,9.930404663085938
0,0,0,0,25.09687614440918,22.126344680786133,9.92822265625
0,0,0,0,25.04156494140625,22.141443252563477,9.9266357421875
0,0,0,0,24.986207962036133,22.15677261352539,9.925079345703125
0,0,0,0,24.912805557250977,22.177181243896484,9.922882080078125
0,0,0,0,24.85791015625,22.1926212310791,9.921157836914062
0,0,0,0,24.803237915039062,22.208053588867188,9.919441223144531
0,0,0,0,24.730453491210938,22.228870391845703,9.917198181152344
0,0,0,0,24.676036834716797,22.244476318359375,9.915512084960938
0,0,0,0,24.621740341186523,22.260189056396484,9.913818359375
0,0,0,0,24.54949378967285,22.281147003173828,9.9114990234375
0,0,0,0,24.495405197143555,22.29694938659668,9.909805297851562
0,0,0,0,24.44132423400879,22.3127498626709,9.908149719238281
0,0,0,0,24.36946678161621,22.333803176879883,9.905929565429688
0,0,0,0,24.315673828125,22.349599838256836,9.904243469238281
0,0,0,0,24.262083053588867,22.36538314819336,9.902534484863281
0,0,0,0,24.172788619995117,22.391813278198242,9.899658203125
0,0,0,0,24.13714027404785,22.402379989624023,9.898475646972656
0,0,0,0,24.083572387695312,22.418367385864258,9.896705627441406
0,0,0,0,24.012229919433594,22.43963050842285,9.8944091796875
0,0,0,0,23.940834045410156,22.46097183227539,9.892074584960938
0,0,0,0,23.887310028076172,22.476884841918945,9.890235900878906
0,0,0,0,23.833768844604492,22.492841720581055,9.888374328613281
0,0,0,0,23.78021240234375,22.508726119995117,9.886543273925781
0,0,0,0,23.726594924926758,22.52467918395996,9.884666442871094
0,0,0,0,23.655197143554688,22.5457820892334,9.88214111328125
0,0,0,0,23.583938598632812,22.566831588745117,9.879547119140625
0,0,0,0,23.530548095703125,22.582557678222656,9.877517700195312
0,0,0,0,23.477386474609375,22.5981502532959,9.875350952148438
0,0,0,0,23.424339294433594,22.61369514465332,9.872993469238281
0,0,0,0,23.371496200561523,22.62918472290039,9.870414733886719
0,0,0,0,23.30109214782715,22.6497745513916,9.8668212890625
0,0,0,0,23.24843978881836,22.66512680053711,9.864173889160156
0,0,0,0,23.195878982543945,22.680450439453125,9.861457824707031
0,0,0,0,23.126323699951172,22.70062255859375,9.857475280761719
0,0,0,0,23.074264526367188,22.71576499938965,9.854248046875
0,0,0,0,23.02235221862793,22.730817794799805,9.851028442382812
0,0,0,0,22.95313835144043,22.750917434692383,9.846847534179688
0,0,0,0,22.901578903198242,22.765804290771484,9.843582153320312
0,0,0,0,22.850162506103516,22.780685424804688,9.840126037597656
0,0,0,0,22.78177261352539,22.800334930419922,9.835609436035156
0,0,0,0,22.730621337890625,22.815061569213867,9.832374572753906
0,0,0,0,22.679752349853516,22.829622268676758,9.829154968261719
0,0,0,0,22.612398147583008,22.848953247070312,9.824813842773438
0,0,0,0,22.562152862548828,22.863304138183594,9.821556091308594
0,0,0,0,22.512163162231445,22.877588272094727,9.818275451660156
0,0,0,0,22.44558334350586,22.896421432495117,9.813880920410156
0,0,0,0,22.395660400390625,22.91039276123047,9.8106689453125
0,0,0,0,22.345552444458008,22.924306869506836,9.807502746582031
0,0,0,0,22.278654098510742,22.942646026611328,9.803329467773438
0,0,0,0,22.22825813293457,22.95633888244629,9.800224304199219
0,0,0,0,22.177745819091797,22.969839096069336,9.797210693359375
0,0,0,0,22.10991096496582,22.987703323364258,9.793380737304688
0,0,0,0,22.058917999267578,23.00086212158203,9.790611267089844
0,0,0,0,22.00770378112793,23.013986587524414,9.787918090820312
0,0,0,0,21.939189910888672,23.031169891357422,9.784523010253906
0,0,0,0,21.887475967407227,23.04391098022461,9.78216552734375
0,0,0,0,21.835519790649414,23.056350708007812,9.779960632324219
0,0,0,0,21.76570701599121,23.072711944580078,9.777313232421875
0,0,0,0,21.712970733642578,23.084678649902344,9.775527954101562
0,0,0,0,21.642181396484375,23.10028839111328,9.773422241210938
0,0,0,0,21.58865737915039,23.111665725708008,9.772102355957031
0,0,0,0,21.535030364990234,23.122737884521484,9.770919799804688
0,0,0,0,21.481292724609375,23.133525848388672,9.769821166992188
0,0,0,0,21.40958595275879,23.14742088317871,9.768447875976562
0,0,0,0,21.355558395385742,23.157514572143555,9.767555236816406
0,0,0,0,21.30150032043457,23.16722869873047,9.766731262207031
0,0,0,0,21.229284286499023,23.17978286743164,9.765663146972656
0,0,0,0,21.175233840942383,23.18877601623535,9.764900207519531
0,0,0,0,21.121076583862305,23.197561264038086,9.764175415039062
0,0,0,0,21.048912048339844,23.208660125732422,9.76336669921875
0,0,0,0,20.99483871459961,23.216684341430664,9.7628173828125
0,0,0,0,20.94101905822754,23.224279403686523,9.762283325195312
0,0,0,0,20.869388580322266,23.234006881713867,9.761611938476562
0,0,0,0,20.815753936767578,23.240873336791992,9.761177062988281
0,0,0,0,20.762155532836914,23.24749755859375,9.760780334472656
0,0,0,0,20.69078254699707,23.255767822265625,9.760231018066406
0,0,0,0,20.637283325195312,23.261640548706055,9.759788513183594
0,0,0,0,20.583694458007812,23.2672176361084,9.75933837890625
0,0,0,0,20.51222038269043,23.274202346801758,9.758735656738281
0,0,0,0,20.45856285095215,23.279136657714844,9.75823974609375
0,0,0,0,20.40497589111328,23.283710479736328,9.757682800292969
0,0,0,0,20.333269119262695,23.289356231689453,9.756912231445312
0,0,0,0,20.279315948486328,23.293184280395508,9.75640869140625
0,0,0,0,20.225116729736328,23.296796798706055,9.755882263183594
0,0,0,0,20.152854919433594,23.30105209350586,9.755134582519531
0,0,0,0,20.09850311279297,23.303956985473633,9.754570007324219
0,0,0,0,20.044174194335938,23.306461334228516,9.754035949707031
0,0,0,0,19.97163200378418,23.309425354003906,9.753372192382812
0,0,0,0,19.917152404785156,23.311248779296875,9.752975463867188
0,0,0,0,19.86254119873047,23.312902450561523,9.752716064453125
0,0,0,0,19.789871215820312,23.31464958190918,9.752471923828125
0,0,0,0,19.73558807373047,23.31574058532715,9.752304077148438
0,0,0,0,19.681560516357422,23.316577911376953,9.752151489257812
0,0,0,0,19.610219955444336,23.317415237426758,9.751876831054688
0,0,0,0,19.557085037231445,23.317787170410156,9.751640319824219
0,0,0,0,19.50420379638672,23.31794548034668,9.751480102539062
0,0,0,0,19.433874130249023,23.31785011291504,9.751419067382812
0,0,0,0,19.381608963012695,23.317523956298828,9.751350402832031
0,0,0,0,19.329622268676758,23.317054748535156,9.751258850097656
0,0,0,0,19.26059341430664,23.316082000732422,9.751190185546875
0,0,0,0,19.20867156982422,23.31525993347168,9.751251220703125
0,0,0,0,19.156726837158203,23.3142032623291,9.751380920410156
0,0,0,0,19.087074279785156,23.312768936157227,9.751670837402344
0,0,0,0,19.034639358520508,23.311527252197266,9.751945495605469
0,0,0,0,18.981843948364258,23.310302734375,9.752281188964844
0,0,0,0,18.911022186279297,23.308433532714844,9.752960205078125
0,0,0,0,18.85780143737793,23.307018280029297,9.753562927246094
0,0,0,0,18.804733276367188,23.305496215820312,9.754142761230469
0,0,0,0,18.734130859375,23.303516387939453,9.754974365234375
0,0,0,0,18.681243896484375,23.30198097229004,9.755683898925781
0,0,0,0,18.62847900390625,23.300430297851562,9.756446838378906
0,0,0,0,18.55816078186035,23.298294067382812,9.757453918457031
0,0,0,0,18.505504608154297,23.296661376953125,9.758193969726562
0,0,0,0,18.452716827392578,23.295066833496094,9.758918762207031
0,0,0,0,18.382205963134766,23.29290008544922,9.759910583496094
0,0,0,0,18.329097747802734,23.29132843017578,9.760673522949219
0,0,0,0,18.276002883911133,23.28964614868164,9.761474609375
0,0,0,0,18.20492172241211,23.28745460510254,9.762527465820312
0,0,0,0,18.15149688720703,23.28569984436035,9.76336669921875
0,0,0,0,18.0977840423584,23.284025192260742,9.764251708984375
0,0,0,0,18.025955200195312,23.281673431396484,9.765518188476562
0,0,0,0,17.971817016601562,23.27997398376465,9.766532897949219
0,0,0,0,17.917484283447266,23.27815818786621,9.767547607421875
0,0,0,0,17.84463882446289,23.275848388671875,9.768951416015625
0,0,0,0,17.78983497619629,23.27409553527832,9.77001953125
0,0,0,0,17.735048294067383,23.272424697875977,9.771011352539062
0,0,0,0,17.662065505981445,23.270206451416016,9.772216796875
0,0,0,0,17.607341766357422,23.26856803894043,9.773094177246094
0,0,0,0,17.552532196044922,23.266935348510742,9.774032592773438
0,0,0,0,17.479717254638672,23.264720916748047,9.775360107421875
0,0,0,0,17.425342559814453,23.26308822631836,9.776344299316406
0,0,0,0,17.37126350402832,23.261402130126953,9.777320861816406
0,0,0,0,17.299209594726562,23.25922966003418,9.778755187988281
0,0,0,0,17.24536895751953,23.257526397705078,9.779945373535156
0,0,0,0,17.191558837890625,23.255929946899414,9.78118896484375
0,0,0,0,17.120044708251953,23.253734588623047,9.782905578613281
0,0,0,0,17.0484619140625,23.251619338989258,9.784751892089844
0,0,0,0,17.01261329650879,23.250492095947266,9.785736083984375
0,0,0,0,16.940677642822266,23.248329162597656,9.787879943847656
0,0,0,0,16.886613845825195,23.246654510498047,9.789588928222656
0,0,0,0,16.832496643066406,23.24505615234375,9.791297912597656
0,0,0,0,16.76032257080078,23.242860794067383,9.793533325195312
0,0,0,0,16.706146240234375,23.241254806518555,9.795272827148438
0,0,0,0,16.651905059814453,23.239648818969727,9.79705810546875
0,0,0,0,16.57975959777832,23.237489700317383,9.79937744140625
0,0,0,0,16.525632858276367,23.23589324951172,9.80108642578125
0,0,0,0,16.47161102294922,23.234296798706055,9.802803039550781
0,0,0,0,16.399757385253906,23.232280731201172,9.805046081542969
0,0,0,0,16.346254348754883,23.23076629638672,9.806648254394531
0,0,0,0,16.29291534423828,23.229352951049805,9.808181762695312
0,0,0,0,16.222288131713867,23.227407455444336,9.810165405273438
0,0,0,0,16.16960906982422,23.22603416442871,9.811622619628906
0,0,0,0,16.117366790771484,23.2246150970459,9.813064575195312
0,0,0,0,16.04815101623535,23.22292137145996,9.814865112304688
0,0,0,0,15.996670722961426,23.221641540527344,9.816116333007812
0,0,0,0,15.945448875427246,23.220483779907227,9.81732177734375
0,0,0,0,15.877535820007324,23.21888542175293,9.818992614746094
0,0,0,0,15.826874732971191,23.217771530151367,9.820350646972656
0,0,0,0,15.776522636413574,23.216646194458008,9.821685791015625
0,0,0,0,15.7100248336792,23.21524429321289,9.82342529296875
0,0,0,0,15.660506248474121,23.214223861694336,9.824729919433594
0,0,0,0,15.611379623413086,23.213218688964844,9.825981140136719
0,0,0,0,15.546247482299805,23.211872100830078,9.827537536621094
0,0,0,0,15.497715950012207,23.21083641052246,9.828598022460938
0,0,0,0,15.449186325073242,23.209909439086914,9.829566955566406
0,0,0,0,15.38443660736084,23.208662033081055,9.830810546875
0,0,0,0,15.335497856140137,23.20783042907715,9.831771850585938
0,0,0,0,15.269756317138672,23.20668601989746,9.833099365234375
0,0,0,0,15.219840049743652,23.205965042114258,9.834060668945312
0,0,0,0,15.169411659240723,23.205167770385742,9.834991455078125
0,0,0,0,15.118340492248535,23.20448875427246,9.835906982421875
0,0,0,0,15.049416542053223,23.203514099121094,9.8370361328125
0,0,0,0,14.997048377990723,23.202892303466797,9.837844848632812
0,0,0,0,14.944178581237793,23.20224380493164,9.838630676269531
0,0,0,0,14.872920036315918,23.201452255249023,9.83966064453125
0,0,0,0,14.818892478942871,23.200822830200195,9.840423583984375
0,0,0,0,14.764457702636719,23.20021629333496,9.841178894042969
0,0,0,0,14.691224098205566,23.199434280395508,9.842140197753906
0,0,0,0,14.635967254638672,23.198862075805664,9.842788696289062
0,0,0,0,14.580365180969238,23.19837188720703,9.843376159667969
0,0,0,0,14.505928993225098,23.19779396057129,9.844093322753906
0,0,0,0,14.449748992919922,23.197463989257812,9.844589233398438
0,0,0,0,14.393471717834473,23.197128295898438,9.845062255859375
0,0,0,0,14.318075180053711,23.19684410095215,9.84564208984375
0,0,0,0,14.261439323425293,23.19659423828125,9.846054077148438
0,0,0,0,14.204626083374023,23.19647979736328,9.846458435058594
0,0,0,0,14.128812789916992,23.1962947845459,9.846992492675781
0,0,0,0,14.071796417236328,23.196271896362305,9.847335815429688
0,0,0,0,14.014730453491211,23.196191787719727,9.847610473632812
0,0,0,0,13.93846321105957,23.1961727142334,9.847877502441406
0,0,0,0,13.881208419799805,23.19610595703125,9.8480224609375
0,0,0,0,13.823904037475586,23.196107864379883,9.848159790039062
0,0,0,0,13.74737548828125,23.196073532104492,9.848335266113281
0,0,0,0,13.689912796020508,23.196043014526367,9.848503112792969
0,0,0,0,13.63232421875,23.196041107177734,9.848709106445312
0,0,0,0,13.555584907531738,23.196043014526367,9.849021911621094
0,0,0,0,13.497941970825195,23.196104049682617,9.849288940429688
0,0,0,0,13.4403715133667,23.196130752563477,9.849586486816406
0,0,0,0,13.363521575927734,23.196250915527344,9.850044250488281
0,0,0,0,13.30595874786377,23.19629669189453,9.850479125976562
0,0,0,0,13.248329162597656,23.196439743041992,9.851020812988281
0,0,0,0,13.171647071838379,23.196510314941406,9.851921081542969
0,0,0,0,13.114095687866211,23.196617126464844,9.852691650390625
0,0,0,0,13.05664348602295,23.196643829345703,9.853561401367188
0,0,0,0,12.980002403259277,23.196826934814453,9.854911804199219
0,0,0,0,12.92254638671875,23.196897506713867,9.856025695800781
0,0,0,0,12.865119934082031,23.197025299072266,9.85723876953125
0,0,0,0,12.788594245910645,23.197099685668945,9.858970642089844
0,0,0,0,12.73120403289795,23.197189331054688,9.860305786132812
0,0,0,0,12.673816680908203,23.19722557067871,9.861640930175781
0,0,0,0,12.597343444824219,23.197235107421875,9.863441467285156
0,0,0,0,12.539931297302246,23.19721221923828,9.864791870117188
0,0,0,0,12.482633590698242,23.197134017944336,9.866203308105469
0,0,0,0,12.406256675720215,23.1970157623291,9.868171691894531
0,0,0,0,12.349210739135742,23.196840286254883,9.869636535644531
0,0,0,0,12.292296409606934,23.196697235107422,9.871047973632812
0,0,0,0,12.217072486877441,23.196374893188477,9.872795104980469
0,0,0,0,12.161078453063965,23.196163177490234,9.873977661132812
0,0,0,0,12.105731964111328,23.19588851928711,9.87506103515625
0,0,0,0,12.032912254333496,23.195674896240234,9.876350402832031
0,0,0,0,11.979216575622559,23.195444107055664,9.877159118652344
0,0,0,0,11.926356315612793,23.19530487060547,9.877830505371094
0,0,0,0,11.857405662536621,23.19508171081543,9.878486633300781
0,0,0,0,11.806909561157227,23.194990158081055,9.878799438476562
0,0,0,0,11.757558822631836,23.194833755493164,9.87896728515625
0,0,0,0,11.693696022033691,23.194658279418945,9.878913879394531
0,0,0,0,11.64726448059082,23.19451332092285,9.878669738769531
0,0,0,0,11.602213859558105,23.194358825683594,9.878219604492188
0,0,0,0,11.544218063354492,23.194133758544922,9.877403259277344
0,0,0,0,11.50244426727295,23.19392967224121,9.876663208007812
0,0,0,0,11.462040901184082,23.193767547607422,9.875816345214844
0,0,0,0,11.410591125488281,23.19350814819336,9.874549865722656
0,0,0,0,11.373666763305664,23.19339942932129,9.873573303222656
0,0,0,0,11.338301658630371,23.19318199157715,9.872611999511719
0,0,0,0,11.29329776763916,23.192928314208984,9.87139892578125
0,0,0,0,11.250955581665039,23.192541122436523,9.870246887207031
0,0,0,0,11.230745315551758,23.19239044189453,9.869720458984375
0,0,0,0,11.192292213439941,23.191919326782227,9.868766784667969
0,0,0,0,11.165071487426758,23.191556930541992,9.868217468261719
0,0,0,0,11.139254570007324,23.19109344482422,9.867835998535156
0,0,0,0,11.106921195983887,23.19052505493164,9.867546081542969
0,0,0,0,11.084162712097168,23.190053939819336,9.867462158203125
0,0,0,0,11.06265926361084,23.189586639404297,9.867523193359375
0,0,0,0,11.035791397094727,23.188947677612305,9.867866516113281
0,0,0,0,11.017107963562012,23.1884708404541,9.868263244628906
0,0,0,0,10.999506950378418,23.188060760498047,9.8687744140625
0,0,0,0,10.977866172790527,23.187551498413086,9.869590759277344
0,0,0,0,10.962787628173828,23.18729019165039,9.870307922363281
0,0,0,0,10.948809623718262,23.18700408935547,9.871063232421875
0,0,0,0,10.931587219238281,23.186716079711914,9.872154235839844
0,0,0,0,10.919803619384766,23.186416625976562,9.873008728027344
0,0,0,0,10.908794403076172,23.18621253967285,9.873908996582031
0,0,0,0,10.89547061920166,23.185855865478516,9.875167846679688
0,0,0,0,10.88634204864502,23.18570899963379,9.87615966796875
0,0,0,0,10.877989768981934,23.18547821044922,9.877128601074219
0,0,0,0,10.867839813232422,23.18524742126465,9.878349304199219
0,0,0,0,10.86097526550293,23.18500518798828,9.87921142578125
0,0,0,0,10.854719161987305,23.184843063354492,9.880012512207031
0,0,0,0,10.847259521484375,23.184633255004883,9.880973815917969
0,0,0,0,10.842313766479492,23.184507369995117,9.881614685058594
0,0,0,0,10.837837219238281,23.184402465820312,9.882209777832031
0,0,0,0,10.832693099975586,23.18427848815918,9.882904052734375
0,0,0,0,10.829240798950195,23.184213638305664,9.883338928222656
0,0,0,0,10.826252937316895,23.184099197387695,9.883697509765625
0,0,0,0,10.822723388671875,23.1839656829834,9.884063720703125
0,0,0,0,10.82052230834961,23.183759689331055,9.884300231933594
0,0,0,0,10.818526268005371,23.183589935302734,9.884490966796875
0,0,0,0,10.816405296325684,23.183177947998047,9.884635925292969
0,0,0,0,10.815017700195312,23.182907104492188,9.884696960449219
0,0,0,0,10.813936233520508,23.182498931884766,9.884750366210938
0,0,0,0,10.812786102294922,23.1820011138916,9.884788513183594
0,0,0,0,10.812203407287598,23.18153953552246,9.88482666015625
0,0,0,0,10.811789512634277,23.181127548217773,9.884849548339844
0,0,0,0,10.811503410339355,23.180458068847656,9.884925842285156
0,0,0,0,10.811477661132812,23.179948806762695,9.885055541992188
0,0,0,0,10.811570167541504,23.179393768310547,9.885185241699219
0,0,0,0,10.811932563781738,23.178634643554688,9.885406494140625
0,0,0,0,10.812271118164062,23.178041458129883,9.885574340820312
0,0,0,0,10.812782287597656,23.177406311035156,9.885795593261719
0,0,0,0,10.81354808807373,23.176589965820312,9.886177062988281
0,0,0,0,10.814275741577148,23.175912857055664,9.886482238769531
0,0,0,0,10.81494426727295,23.175289154052734,9.8868408203125
0,0,0,0,10.81597900390625,23.174386978149414,9.887405395507812
0,0,0,0,10.816666603088379,23.173789978027344,9.887901306152344
0,0,0,0,10.817432403564453,23.173141479492188,9.888450622558594
0,0,0,0,10.818380355834961,23.172428131103516,9.889190673828125
0,0,0,0,10.819097518920898,23.171829223632812,9.889793395996094
0,0,0,0,10.819734573364258,23.171363830566406,9.89044189453125
0,0,0,0,10.820595741271973,23.170700073242188,9.891334533691406
0,0,0,0,10.821192741394043,23.170276641845703,9.892036437988281
0,0,0,0,10.821722984313965,23.169832229614258,9.892791748046875
0,0,0,0,10.822349548339844,23.169363021850586,9.893791198730469
0,0,0,0,10.822757720947266,23.16905403137207,9.894546508789062
0,0,0,0,10.823180198669434,23.16876983642578,9.895362854003906
0,0,0,0,10.823641777038574,23.168357849121094,9.896507263183594
0,0,0,0,10.824026107788086,23.16801643371582,9.89739990234375
0,0,0,0,10.82429027557373,23.167787551879883,9.89825439453125
0,0,0,0,10.824705123901367,23.16750144958496,9.899398803710938
0,0,0,0,10.824873924255371,23.167388916015625,9.900238037109375
0,0,0,0,10.825093269348145,23.167240142822266,9.901039123535156
0,0,0,0,10.825188636779785,23.1672306060791,9.902091979980469
0,0,0,0,10.825254440307617,23.16719627380371,9.902854919433594
0,0,0,0,10.825213432312012,23.16728401184082,9.903556823730469
0,0,0,0,10.825142860412598,23.16730308532715,9.904403686523438
0,0,0,0,10.825035095214844,23.167409896850586,9.904937744140625
0,0,0,0,10.82490062713623,23.167461395263672,9.905426025390625
0,0,0,0,10.824664115905762,23.167613983154297,9.906021118164062
0,0,0,0,10.824431419372559,23.16770362854004,9.906394958496094
0,0,0,0,10.824172973632812,23.167823791503906,9.906684875488281
0,0,0,0,10.823721885681152,23.167964935302734,9.906990051269531
0,0,0,0,10.82342529296875,23.168075561523438,9.907142639160156
0,0,0,0,10.823064804077148,23.168270111083984,9.907218933105469
0,0,0,0,10.822643280029297,23.168607711791992,9.907211303710938
0,0,0,0,10.822264671325684,23.168935775756836,9.907135009765625
0,0,0,0,10.82202434539795,23.169206619262695,9.906997680664062
0,0,0,0,10.821659088134766,23.169740676879883,9.906700134277344
0,0,0,0,10.821481704711914,23.17010498046875,9.906402587890625
0,0,0,0,10.821266174316406,23.170574188232422,9.906021118164062
0,0,0,0,10.821174621582031,23.1711368560791,9.905410766601562
0,0,0,0,10.821090698242188,23.171710968017578,9.904876708984375
0,0,0,0,10.821083068847656,23.172216415405273,9.904289245605469
0,0,0,0,10.821062088012695,23.173011779785156,9.903488159179688
0,0,0,0,10.821087837219238,23.173572540283203,9.90289306640625
0,0,0,0,10.821149826049805,23.174243927001953,9.902305603027344
0,0,0,0,10.821246147155762,23.175067901611328,9.901542663574219
0,0,0,0,10.821361541748047,23.17569923400879,9.900970458984375
0,0,0,0,10.821433067321777,23.176334381103516,9.900382995605469
0,0,0,0,10.821595191955566,23.177202224731445,9.899559020996094
0,0,0,0,10.82164192199707,23.177865982055664,9.898902893066406
0,0,0,0,10.821808815002441,23.17843246459961,9.898216247558594
0,0,0,0,10.821929931640625,23.17926597595215,9.89727783203125
0,0,0,0,10.822128295898438,23.179832458496094,9.896553039550781
0,0,0,0,10.822275161743164,23.18045997619629,9.895820617675781
0,0,0,0,10.822587013244629,23.181175231933594,9.89483642578125
0,0,0,0,10.82279109954834,23.18177604675293,9.894096374511719
0,0,0,0,10.823087692260742,23.182247161865234,9.893394470214844
0,0,0,0,10.823431968688965,23.182958602905273,9.892501831054688
0,0,0,0,10.82375717163086,23.18343162536621,9.891883850097656
0,0,0,0,10.824064254760742,23.183992385864258,9.891334533691406
0,0,0,0,10.824560165405273,23.184600830078125,9.890716552734375
0,0,0,0,10.825000762939453,23.18511390686035,9.890350341796875
0,0,0,0,10.825440406799316,23.185619354248047,9.890037536621094
0,0,0,0,10.826032638549805,23.186294555664062,9.889732360839844
0,0,0,0,10.826444625854492,23.186779022216797,9.889595031738281
0,0,0,0,10.826919555664062,23.18720817565918,9.889533996582031
0,0,0,0,10.827439308166504,23.187763214111328,9.889511108398438
0,0,0,0,10.827902793884277,23.188087463378906,9.8895263671875
0,0,0,0,10.828250885009766,23.18842887878418,9.889541625976562
0,0,0,0,10.828810691833496,23.188745498657227,9.889564514160156
0,0,0,0,10.829146385192871,23.18900489807129,9.889579772949219
0,0,0,0,10.82954216003418,23.18914222717285,9.889617919921875
0,0,0,0,10.829948425292969,23.18943214416504,9.889686584472656
0,0,0,0,10.830296516418457,23.189579010009766,9.8897705078125
0,0,0,0,10.830595016479492,23.189804077148438,9.889907836914062
0,0,0,0,10.831029891967773,23.189918518066406,9.890129089355469
0,0,0,0,10.831371307373047,23.190013885498047,9.89031982421875
0,0,0,0,10.831697463989258,23.190013885498047,9.890487670898438
0,0,0,0,10.832130432128906,23.1900577545166,9.890693664550781
0,0,0,0,10.832443237304688,23.190065383911133,9.890800476074219
0,0,0,0,10.832841873168945,23.190061569213867,9.890876770019531
0,0,0,0,10.833288192749023,23.190032958984375,9.890968322753906
0,0,0,0,10.833696365356445,23.189979553222656,9.890998840332031
0,0,0,0,10.834037780761719,23.18999481201172,9.891014099121094
0,0,0,0,10.834633827209473,23.189952850341797,9.891067504882812
0,0,0,0,10.835025787353516,23.190000534057617,9.891120910644531
0,0,0,0,10.835549354553223,23.18999481201172,9.891136169433594
0,0,0,0,10.836161613464355,23.19011116027832,9.891181945800781
0,0,0,0,10.836700439453125,23.190139770507812,9.891242980957031
0,0,0,0,10.837198257446289,23.190256118774414,9.891304016113281
0,0,0,0,10.8379545211792,23.19029426574707,9.891349792480469
0,0,0,0,10.83847713470459,23.190372467041016,9.891365051269531
0,0,0,0,10.839027404785156,23.19034767150879,9.891349792480469
0,0,0,0,10.839737892150879,23.190387725830078,9.891304016113281
0,0,0,0,10.840259552001953,23.19032096862793,9.891273498535156
0,0,0,0,10.840802192687988,23.190269470214844,9.891227722167969
0,0,0,0,10.841495513916016,23.190168380737305,9.891197204589844
0,0,0,0,10.84207820892334,23.190088272094727,9.891189575195312
0,0,0,0,10.842606544494629,23.190046310424805,9.891204833984375
0,0,0,0,10.843389511108398,23.189929962158203,9.89129638671875
0,0,0,0,10.84390926361084,23.189891815185547,9.891387939453125
0,0,0,0,10.844505310058594,23.189783096313477,9.891471862792969
0,0,0,0,10.84522533416748,23.189674377441406,9.891609191894531
0,0,0,0,10.845844268798828,23.189481735229492,9.891761779785156
0,0,0,0,10.846345901489258,23.189367294311523,9.891929626464844
0,0,0,0,10.847066879272461,23.189085006713867,9.892173767089844
0,0,0,0,10.847546577453613,23.188892364501953,9.892372131347656
0,0,0,0,10.848100662231445,23.188556671142578,9.892532348632812
0,0,0,0,10.84880256652832,23.188142776489258,9.892723083496094
0,0,0,0,10.849357604980469,23.187753677368164,9.89288330078125
0,0,0,0,10.849936485290527,23.187393188476562,9.893089294433594
0,0,0,0,10.850739479064941,23.186784744262695,9.893379211425781
0,0,0,0,10.851358413696289,23.186309814453125,9.893630981445312
0,0,0,0,10.85195255279541,23.185808181762695,9.893936157226562
0,0,0,0,10.85283088684082,23.185136795043945,9.894393920898438
0,0,0,0,10.853455543518066,23.184608459472656,9.894783020019531
0,0,0,0,10.854154586791992,23.18399429321289,9.895195007324219
0,0,0,0,10.854966163635254,23.183141708374023,9.895790100097656
0,0,0,0,10.855642318725586,23.182395935058594,9.896286010742188
0,0,0,0,10.856208801269531,23.181705474853516,9.896781921386719
0,0,0,0,10.857034683227539,23.18067169189453,9.897407531738281
0,0,0,0,10.857580184936523,23.179975509643555,9.897834777832031
0,0,0,0,10.858171463012695,23.179210662841797,9.898262023925781
0,0,0,0,10.858830451965332,23.178319931030273,9.898750305175781
0,0,0,0,10.859321594238281,23.17758560180664,9.899070739746094
0,0,0,0,10.859735488891602,23.17696762084961,9.899360656738281
0,0,0,0,10.860305786132812,23.17610740661621,9.899742126464844
0,0,0,0,10.860738754272461,23.175525665283203,9.899978637695312
0,0,0,0,10.861163139343262,23.174942016601562,9.900154113769531
0,0,0,0,10.861715316772461,23.174232482910156,9.900291442871094
0,0,0,0,10.86204719543457,23.173738479614258,9.900352478027344
0,0,0,0,10.862430572509766,23.173234939575195,9.900344848632812
0,0,0,0,10.862866401672363,23.172636032104492,9.900276184082031
0,0,0,0,10.863260269165039,23.17217254638672,9.900222778320312
0,0,0,0,10.863561630249023,23.171804428100586,9.900161743164062
0,0,0,0,10.864119529724121,23.171245574951172,9.900070190429688
0,0,0,0,10.864500045776367,23.170936584472656,9.900016784667969
0,0,0,0,10.864962577819824,23.17053985595703,9.900001525878906
0,0,0,0,10.865500450134277,23.170093536376953,9.899955749511719
0,0,0,0,10.865959167480469,23.16969871520996,9.899925231933594
0,0,0,0,10.866364479064941,23.16942596435547,9.899887084960938
0,0,0,0,10.866971969604492,23.168973922729492,9.899856567382812
0,0,0,0,10.86742115020752,23.168710708618164,9.899810791015625
0,0,0,0,10.867871284484863,23.168394088745117,9.899757385253906
0,0,0,0,10.868430137634277,23.168066024780273,9.899642944335938
0,0,0,0,10.86878776550293,23.167797088623047,9.899559020996094
0,0,0,0,10.869166374206543,23.167551040649414,9.899459838867188
0,0,0,0,10.869574546813965,23.16726303100586,9.899276733398438
0,0,0,0,10.869917869567871,23.167070388793945,9.89910888671875
0,0,0,0,10.870166778564453,23.166961669921875,9.898895263671875
0,0,0,0,10.870573043823242,23.166807174682617,9.898521423339844
0,0,0,0,10.870795249938965,23.166770935058594,9.898162841796875
0,0,0,0,10.871084213256836,23.166654586791992,9.897750854492188
0,0,0,0,10.871271133422852,23.16663360595703,9.897125244140625
0,0,0,0,10.8714017868042,23.166563034057617,9.896591186523438
0,0,0,0,10.871429443359375,23.166601181030273,9.895988464355469
0,0,0,0,10.871519088745117,23.16654396057129,9.895164489746094
0,0,0,0,10.871535301208496,23.16658592224121,9.894577026367188
0,0,0,0,10.871562957763672,23.166576385498047,9.89404296875
0,0,0,0,10.871563911437988,23.166671752929688,9.893379211425781
0,0,0,0,10.87154769897461,23.166725158691406,9.892959594726562
0,0,0,0,10.87152099609375,23.166833877563477,9.892585754394531
0,0,0,0,10.871418952941895,23.16697883605957,9.892158508300781
0,0,0,0,10.871419906616211,23.16707992553711,9.891891479492188
0,0,0,0,10.871383666992188,23.16716957092285,9.891616821289062
0,0,0,0,10.871459007263184,23.167198181152344,9.891258239746094
0,0,0,0,10.871475219726562,23.167268753051758,9.890998840332031
0,0,0,0,10.871583938598633,23.167264938354492,9.890785217285156
0,0,0,0,10.871644973754883,23.167308807373047,9.890541076660156
0,0,0,0,10.871760368347168,23.167261123657227,9.890350341796875
0,0,0,0,10.871792793273926,23.167282104492188,9.890113830566406
0,0,0,0,10.871947288513184,23.16710090637207,9.889686584472656
0,0,0,0,10.871988296508789,23.166994094848633,9.889305114746094
0,0,0,0,10.87205696105957,23.166749954223633,9.888877868652344
0,0,0,0,10.872075080871582,23.16646957397461,9.888252258300781
0,0,0,0,10.872092247009277,23.166181564331055,9.887763977050781
0,0,0,0,10.872092247009277,23.165903091430664,9.887275695800781
0,0,0,0,10.872039794921875,23.165420532226562,9.886604309082031
0,0,0,0,10.8720064163208,23.165054321289062,9.886054992675781
0,0,0,0,10.871942520141602,23.16465187072754,9.885452270507812
0,0,0,0,10.87198543548584,23.164085388183594,9.884605407714844
0,0,0,0,10.871966361999512,23.16365623474121,9.883918762207031
0,0,0,0,10.87203311920166,23.163188934326172,9.883186340332031
0,0,0,0,10.871994018554688,23.162677764892578,9.8822021484375
0,0,0,0,10.872020721435547,23.16223907470703,9.881492614746094
0,0,0,0,10.8720064163208,23.161865234375,9.880790710449219
0,0,0,0,10.872138023376465,23.161235809326172,9.879928588867188
0,0,0,0,10.872179985046387,23.160844802856445,9.879310607910156
0,0,0,0,10.872334480285645,23.160341262817383,9.878700256347656
0,0,0,0,10.87251091003418,23.159805297851562,9.877944946289062
0,0,0,0,10.872690200805664,23.159343719482422,9.877449035644531
0,0,0,0,10.872897148132324,23.15896987915039,9.877006530761719
0,0,0,0,10.873254776000977,23.15843963623047,9.876510620117188
0,0,0,0,10.873587608337402,23.15810775756836,9.876220703125
0,0,0,0,10.873927116394043,23.157743453979492,9.8759765625
0,0,0,0,10.874387741088867,23.157384872436523,9.875755310058594
0,0,0,0,10.874686241149902,23.15716552734375,9.875686645507812
0,0,0,0,10.875072479248047,23.156978607177734,9.875709533691406
0,0,0,0,10.875497817993164,23.15682029724121,9.875839233398438
0,0,0,0,10.87590503692627,23.156675338745117,9.876022338867188
0,0,0,0,10.876229286193848,23.156631469726562,9.876220703125
0,0,0,0,10.87671947479248,23.156553268432617,9.876564025878906
0,0,0,0,10.876974105834961,23.156583786010742,9.876861572265625
0,0,0,0,10.877309799194336,23.15652847290039,9.877197265625
0,0,0,0,10.877620697021484,23.156566619873047,9.877700805664062
0,0,0,0,10.877891540527344,23.15650749206543,9.87811279296875
0,0,0,0,10.878043174743652,23.15652847290039,9.878562927246094
0,0,0,0,10.878239631652832,23.156417846679688,9.879196166992188
0,0,0,0,10.878304481506348,23.15636444091797,9.879646301269531
0,0,0,0,10.878339767456055,23.156251907348633,9.880096435546875
0,0,0,0,10.878323554992676,23.156150817871094,9.880744934082031
0,0,0,0,10.878218650817871,23.15601921081543,9.881278991699219
0,0,0,0,10.87813663482666,23.155908584594727,9.881805419921875
0,0,0,0,10.877937316894531,23.15573501586914,9.88250732421875
0,0,0,0,10.877801895141602,23.155553817749023,9.883026123046875
0,0,0,0,10.87755012512207,23.15540313720703,9.883529663085938
0,0,0,0,10.877310752868652,23.15519905090332,9.884147644042969
0,0,0,0,10.87702751159668,23.155120849609375,9.884559631347656
0,0,0,0,10.87682819366455,23.154972076416016,9.884956359863281
0,0,0,0,10.876495361328125,23.154891967773438,9.88543701171875
0,0,0,0,10.876358032226562,23.154788970947266,9.885787963867188
0,0,0,0,10.876179695129395,23.154762268066406,9.8861083984375
0,0,0,0,10.876056671142578,23.15460205078125,9.886543273925781
0,0,0,0,10.875972747802734,23.154603958129883,9.886878967285156
0,0,0,0,10.875948905944824,23.15455436706543,9.887290954589844
0,0,0,0,10.875859260559082,23.154598236083984,9.887908935546875
0,0,0,0,10.875776290893555,23.154638290405273,9.888427734375
0,0,0,0,10.875754356384277,23.15476417541504,9.889007568359375
0,0,0,0,10.875798225402832,23.154943466186523,9.889755249023438
0,0,0,0,10.87592601776123,23.155113220214844,9.8902587890625
0,0,0,0,10.875996589660645,23.15534019470215,9.890754699707031
0,0,0,0,10.876167297363281,23.155698776245117,9.891357421875
0,0,0,0,10.876235961914062,23.156047821044922,9.891761779785156
0,0,0,0,10.876396179199219,23.156349182128906,9.892112731933594
0,0,0,0,10.876531600952148,23.156837463378906,9.89251708984375
0,0,0,0,10.876755714416504,23.157142639160156,9.892807006835938
0,0,0,0,10.87694263458252,23.15755844116211,9.893043518066406
0,0,0,0,10.87732982635498,23.158002853393555,9.893341064453125
0,0,0,0,10.877589225769043,23.158428192138672,9.893539428710938
0,0,0,0,10.877948760986328,23.15882110595703,9.893730163574219
0,0,0,0,10.878439903259277,23.159515380859375,9.894020080566406
0,0,0,0,10.878829956054688,23.159969329833984,9.894218444824219
0,0,0,0,10.879231452941895,23.160539627075195,9.894439697265625
0,0,0,0,10.879803657531738,23.16131591796875,9.894790649414062
0,0,0,0,10.88027286529541,23.161928176879883,9.895103454589844
0,0,0,0,10.880877494812012,23.162721633911133,9.89556884765625
0,0,0,0,10.88144588470459,23.163286209106445,9.895965576171875
0,0,0,0,10.881963729858398,23.16393280029297,9.896400451660156
0,0,0,0,10.882781982421875,23.164779663085938,9.897048950195312
0,0,0,0,10.88330364227295,23.165496826171875,9.897552490234375
0,0,0,0,10.883894920349121,23.16609764099121,9.898048400878906
0,0,0,0,10.88451862335205,23.16701316833496,9.898712158203125
0,0,0,0,10.88501262664795,23.167613983154297,9.899208068847656
0,0,0,0,10.885425567626953,23.168304443359375,9.899696350097656
0,0,0,0,10.886015892028809,23.169130325317383,9.9002685546875
0,0,0,0,10.886385917663574,23.16985321044922,9.900627136230469
0,0,0,0,10.886731147766113,23.170486450195312,9.900901794433594
0,0,0,0,10.887109756469727,23.171367645263672,9.90106201171875
0,0,0,0,10.887353897094727,23.1719913482666,9.901023864746094
0,0,0,0,10.887600898742676,23.17262840270996,9.90087890625
0,0,0,0,10.887825965881348,23.173381805419922,9.900550842285156
0,0,0,0,10.887999534606934,23.17386245727539,9.90020751953125
0,0,0,0,10.888055801391602,23.174352645874023,9.899810791015625
0,0,0,0,10.888147354125977,23.174924850463867,9.899223327636719
0,0,0,0,10.888089179992676,23.175357818603516,9.898757934570312
0,0,0,0,10.888070106506348,23.175647735595703,9.898269653320312
0,0,0,0,10.887893676757812,23.176057815551758,9.897651672363281
0,0,0,0,10.887789726257324,23.17624855041504,9.897193908691406
0,0,0,0,10.887535095214844,23.176454544067383,9.896743774414062
0,0,0,0,10.887190818786621,23.176511764526367,9.896171569824219
0,0,0,0,10.886821746826172,23.176555633544922,9.895736694335938
0,0,0,0,10.886451721191406,23.176483154296875,9.895301818847656
0,0,0,0,10.885856628417969,23.176408767700195,9.894752502441406
0,0,0,0,10.885363578796387,23.176254272460938,9.894401550292969
0,0,0,0,10.884866714477539,23.176158905029297,9.894111633300781
0,0,0,0,10.884187698364258,23.175947189331055,9.893798828125
0,0,0,0,10.883724212646484,23.175806045532227,9.893646240234375
0,0,0,0,10.883231163024902,23.1756534576416,9.893547058105469
0,0,0,0,10.882658004760742,23.175445556640625,9.893501281738281
0,0,0,0,10.88217544555664,23.175329208374023,9.893524169921875
0,0,0,0,10.881768226623535,23.175195693969727,9.893569946289062
0,0,0,0,10.881092071533203,23.17510986328125,9.893707275390625
0,0,0,0,10.880640983581543,23.174970626831055,9.893829345703125
0,0,0,0,10.88007640838623,23.17488670349121,9.893951416015625
0,0,0,0,10.879373550415039,23.174697875976562,9.894073486328125
0,0,0,0,10.87873649597168,23.174678802490234,9.894073486328125
0,0,0,0,10.878142356872559,23.174602508544922,9.894058227539062
0,0,0,0,10.877254486083984,23.174657821655273,9.894004821777344
0,0,0,0,10.876615524291992,23.174680709838867,9.893898010253906
0,0,0,0,10.87592887878418,23.174806594848633,9.893722534179688
0,0,0,0,10.874982833862305,23.174949645996094,9.893424987792969
0,0,0,0,10.87427043914795,23.175081253051758,9.893180847167969
0,0,0,0,10.873518943786621,23.17515754699707,9.892898559570312
0,0,0,0,10.872554779052734,23.175251007080078,9.892448425292969
0,0,0,0,10.871781349182129,23.175317764282227,9.892082214355469
0,0,0,0,10.87109088897705,23.175334930419922,9.891716003417969
0,0,0,0,10.870033264160156,23.175338745117188,9.891227722167969
0,0,0,0,10.869302749633789,23.17523765563965,9.890846252441406
0,0,0,0,10.868448257446289,23.175174713134766,9.89044189453125
0,0,0,0,10.867406845092773,23.175016403198242,9.889907836914062
0,0,0,0,10.866530418395996,23.17498207092285,9.889541625976562
0,0,0,0,10.865720748901367,23.17486000061035,9.889190673828125
0,0,0,0,10.864574432373047,23.174802780151367,9.888725280761719
0,0,0,0,10.863799095153809,23.174713134765625,9.888397216796875
0,0,0,0,10.8629789352417,23.17473030090332,9.888107299804688
0,0,0,0,10.861963272094727,23.17466926574707,9.887832641601562
0,0,0,0,10.86119556427002,23.174650192260742,9.887718200683594
0,0,0,0,10.860433578491211,23.174571990966797,9.887641906738281
0,0,0,0,10.859454154968262,23.174537658691406,9.887580871582031
0,0,0,0,10.858728408813477,23.17447853088379,9.887550354003906
0,0,0,0,10.858077049255371,23.174413681030273,9.887557983398438
0,0,0,0,10.857166290283203,23.174358367919922,9.887580871582031
0,0,0,0,10.856584548950195,23.1743106842041,9.887603759765625
0,0,0,0,10.855963706970215,23.174297332763672,9.887641906738281
0,0,0,0,10.855321884155273,23.174240112304688,9.887626647949219
0,0,0,0,10.854808807373047,23.17428207397461,9.887626647949219
0,0,0,0,10.854435920715332,23.17426109313965,9.887626647949219
0,0,0,0,10.8539400100708,23.174335479736328,9.887649536132812
0,0,0,0,10.853699684143066,23.174339294433594,9.887687683105469
0,0,0,0,10.85348892211914,23.174482345581055,9.887718200683594
0,0,0,0,10.85342025756836,23.17458724975586,9.88775634765625
0,0,0,0,10.853395462036133,23.174745559692383,9.887786865234375
0,0,0,0,10.853470802307129,23.17486000061035,9.887832641601562
0,0,0,0,10.853646278381348,23.17510414123535,9.887908935546875
0,0,0,0,10.853821754455566,23.175216674804688,9.887962341308594
0,0,0,0,10.85405445098877,23.17535400390625,9.887969970703125
0,0,0,0,10.854340553283691,23.175474166870117,9.887985229492188
0,0,0,0,10.854618072509766,23.17558479309082,9.887977600097656
0,0,0,0,10.85484790802002,23.17569351196289,9.887962341308594
0,0,0,0,10.855257034301758,23.17582893371582,9.887916564941406
0,0,0,0,10.855494499206543,23.175994873046875,9.887840270996094
0,0,0,0,10.855812072753906,23.176090240478516,9.887733459472656
0,0,0,0,10.856110572814941,23.1762638092041,9.887588500976562
0,0,0,0,10.856378555297852,23.176321029663086,9.887466430664062
0,0,0,0,10.856554985046387,23.176496505737305,9.887367248535156
0,0,0,0,10.856851577758789,23.176605224609375,9.887229919433594
0,0,0,0,10.85702896118164,23.176748275756836,9.887153625488281
0,0,0,0,10.857230186462402,23.176782608032227,9.887107849121094
0,0,0,0,10.857372283935547,23.176877975463867,9.887123107910156
0,0,0,0,10.857439041137695,23.176870346069336,9.887168884277344
0,0,0,0,10.85745620727539,23.176912307739258,9.887237548828125
0,0,0,0,10.857375144958496,23.17686653137207,9.887298583984375
0,0,0,0,10.85731315612793,23.176803588867188,9.887313842773438
0,0,0,0,10.857179641723633,23.176727294921875,9.887260437011719
0,0,0,0,10.856995582580566,23.17667007446289,9.887138366699219
0,0,0,0,10.856749534606934,23.176706314086914,9.886978149414062
0,0,0,0,10.856552124023438,23.176708221435547,9.886772155761719
0,0,0,0,10.856176376342773,23.1767578125,9.886428833007812
0,0,0,0,10.855995178222656,23.176727294921875,9.886177062988281
0,0,0,0,10.855757713317871,23.176801681518555,9.88592529296875
0,0,0,0,10.85549545288086,23.176786422729492,9.885551452636719
0,0,0,0,10.855379104614258,23.17680549621582,9.885406494140625
0,0,0,0,10.855283737182617,23.176733016967773,9.885215759277344
0,0,0,0,10.855123519897461,23.176780700683594,9.884979248046875
0,0,0,0,10.855069160461426,23.1767520904541,9.88482666015625
0,0,0,0,10.855045318603516,23.17679786682129,9.884689331054688
0,0,0,0,10.855152130126953,23.176746368408203,9.884552001953125
0,0,0,0,10.85531997680664,23.1767578125,9.884475708007812
0,0,0,0,10.85552978515625,23.176773071289062,9.8843994140625
0,0,0,0,10.855923652648926,23.17690086364746,9.884300231933594
0,0,0,0,10.856232643127441,23.177030563354492,9.884254455566406
0,0,0,0,10.856687545776367,23.177169799804688,9.884254455566406
0,0,0,0,10.85731029510498,23.177410125732422,9.884330749511719
0,0,0,0,10.857909202575684,23.177518844604492,9.884391784667969
0,0,0,0,10.858473777770996,23.17768096923828,9.884468078613281
0,0,0,0,10.859454154968262,23.177820205688477,9.884567260742188
0,0,0,0,10.860166549682617,23.17802619934082,9.884605407714844
0,0,0,0,10.861014366149902,23.17814826965332,9.884628295898438
0,0,0,0,10.862116813659668,23.17839813232422,9.884567260742188
0,0,0,0,10.86301040649414,23.178491592407227,9.884490966796875
0,0,0,0,10.86385440826416,23.17867660522461,9.884414672851562
0,0,0,0,10.865094184875488,23.178815841674805,9.884300231933594
0,0,0,0,10.866035461425781,23.178956985473633,9.884208679199219
0,0,0,0,10.866986274719238,23.179039001464844,9.884101867675781
0,0,0,0,10.868324279785156,23.179210662841797,9.883941650390625
0,0,0,0,10.869354248046875,23.179325103759766,9.883804321289062
0,0,0,0,10.870487213134766,23.179473876953125,9.883705139160156
0,0,0,0,10.872008323669434,23.179725646972656,9.88360595703125
0,0,0,0,10.873220443725586,23.17988395690918,9.883560180664062
0,0,0,0,10.874341011047363,23.180089950561523,9.883522033691406
0,0,0,0,10.875938415527344,23.18037986755371,9.883491516113281
0,0,0,0,10.87702465057373,23.180675506591797,9.883491516113281
0,0,0,0,10.878179550170898,23.180864334106445,9.883491516113281
0,0,0,0,10.87962818145752,23.181232452392578,9.883445739746094
0,0,0,0,10.880759239196777,23.181438446044922,9.883346557617188
0,0,0,0,10.881806373596191,23.18172836303711,9.883201599121094
0,0,0,0,10.883332252502441,23.182022094726562,9.883018493652344
0,0,0,0,10.88447380065918,23.18231964111328,9.88287353515625
0,0,0,0,10.885642051696777,23.18254852294922,9.882720947265625
0,0,0,0,10.887155532836914,23.182926177978516,9.882499694824219
0,0,0,0,10.888250350952148,23.183212280273438,9.882362365722656
0,0,0,0,10.889300346374512,23.18352699279785,9.882247924804688
0,0,0,0,10.890607833862305,23.1838436126709,9.882102966308594
0,0,0,0,10.891616821289062,23.184024810791016,9.881973266601562
0,0,0,0,10.892531394958496,23.18421173095703,9.881797790527344
0,0,0,0,10.893763542175293,23.18442726135254,9.881515502929688
0,0,0,0,10.894586563110352,23.184587478637695,9.881271362304688
0,0,0,0,10.895467758178711,23.184661865234375,9.880966186523438
0,0,0,0,10.896489143371582,23.18482780456543,9.880546569824219
0,0,0,0,10.897254943847656,23.18488121032715,9.880218505859375
0,0,0,0,10.897866249084473,23.185049057006836,9.879890441894531
0,0,0,0,10.898680686950684,23.1851749420166,9.879470825195312
0,0,0,0,10.899190902709961,23.18536376953125,9.879150390625
0,0,0,0,10.899720191955566,23.185434341430664,9.878860473632812
0,0,0,0,10.900259017944336,23.185583114624023,9.878547668457031
0,0,0,0,10.900616645812988,23.185646057128906,9.878318786621094
0,0,0,0,10.900910377502441,23.18578338623047,9.878143310546875
0,0,0,0,10.901272773742676,23.185909271240234,9.877960205078125
0,0,0,0,10.901575088500977,23.18598747253418,9.877845764160156
0,0,0,0,10.901812553405762,23.18602752685547,9.877754211425781
0,0,0,0,10.902199745178223,23.18600845336914,9.877662658691406
0,0,0,0,10.902409553527832,23.186002731323242,9.877593994140625
0,0,0,0,10.902664184570312,23.185932159423828,9.877532958984375
0,0,0,0,10.902859687805176,23.185867309570312,9.877403259277344
0,0,0,0,10.903039932250977,23.185741424560547,9.877304077148438
0,0,0,0,10.903081893920898,23.18569564819336,9.877189636230469
0,0,0,0,10.903200149536133,23.185510635375977,9.876998901367188
0,0,0,0,10.903192520141602,23.185436248779297,9.876846313476562
0,0,0,0,10.903207778930664,23.18525505065918,9.876663208007812
0,0,0,0,10.903077125549316,23.18511199951172,9.876419067382812
0,0,0,0,10.902971267700195,23.18494987487793,9.876243591308594
0,0,0,0,10.902848243713379,23.184865951538086,9.876014709472656
0,0,0,0,10.90266227722168,23.184654235839844,9.87567138671875
0,0,0,0,10.90247917175293,23.184497833251953,9.875381469726562
0,0,0,0,10.902216911315918,23.18427276611328,9.875068664550781
0,0,0,0,10.901864051818848,23.183940887451172,9.874656677246094
0,0,0,0,10.901551246643066,23.18364715576172,9.874336242675781
0,0,0,0,10.90132999420166,23.183277130126953,9.873992919921875
0,0,0,0,10.9010009765625,23.182748794555664,9.873580932617188
0,0,0,0,10.900866508483887,23.182279586791992,9.873313903808594
0,0,0,0,10.900705337524414,23.18182945251465,9.873039245605469
0,0,0,0,10.900703430175781,23.18108558654785,9.872665405273438
0,0,0,0,10.90066146850586,23.180561065673828,9.872398376464844
0,0,0,0,10.900712013244629,23.179941177368164,9.87213134765625
0,0,0,0,10.900647163391113,23.17925262451172,9.871726989746094
0,0,0,0,10.900644302368164,23.178665161132812,9.871429443359375
0,0,0,0,10.900580406188965,23.178180694580078,9.871116638183594
0,0,0,0,10.900532722473145,23.17746353149414,9.870681762695312
0,0,0,0,10.900466918945312,23.176973342895508,9.870353698730469
0,0,0,0,10.900371551513672,23.17644691467285,9.870010375976562
0,0,0,0,10.900215148925781,23.175796508789062,9.869544982910156
0,0,0,0,10.900019645690918,23.17529296875,9.869216918945312
0,0,0,0,10.899846076965332,23.174819946289062,9.868927001953125
0,0,0,0,10.899505615234375,23.174203872680664,9.868598937988281
0,0,0,0,10.899297714233398,23.173696517944336,9.868408203125
0,0,0,0,10.899023056030273,23.17324447631836,9.86822509765625
0,0,0,0,10.898747444152832,23.17264175415039,9.868034362792969
0,0,0,0,10.898468971252441,23.172304153442383,9.867927551269531
0,0,0,0,10.898233413696289,23.171905517578125,9.867851257324219
0,0,0,0,10.897717475891113,23.171464920043945,9.867790222167969
0,0,0,0,10.89733600616455,23.171070098876953,9.867744445800781
0,0,0,0,10.896822929382324,23.170785903930664,9.867713928222656
0,0,0,0,10.896147727966309,23.17030906677246,9.867591857910156
0,0,0,0,10.895565032958984,23.170034408569336,9.867477416992188
0,0,0,0,10.895002365112305,23.169702529907227,9.867332458496094
0,0,0,0,10.894207000732422,23.169374465942383,9.867218017578125
0,0,0,0,10.893575668334961,23.169097900390625,9.867202758789062
0,0,0,0,10.892946243286133,23.168840408325195,9.867256164550781
0,0,0,0,10.892012596130371,23.168466567993164,9.867416381835938
0,0,0,0,10.891316413879395,23.168176651000977,9.867637634277344
0,0,0,0,10.890525817871094,23.16790199279785,9.867935180664062
0,0,0,0,10.889507293701172,23.16754722595215,9.868415832519531
0,0,0,0,10.888651847839355,23.16733741760254,9.868843078613281
0,0,0,0,10.887866020202637,23.167051315307617,9.86932373046875
0,0,0,0,10.886690139770508,23.166656494140625,9.870048522949219
0,0,0,0,10.885869979858398,23.16626739501953,9.870658874511719
0,0,0,0,10.88496208190918,23.165985107421875,9.871315002441406
0,0,0,0,10.8839111328125,23.165447235107422,9.87225341796875
0,0,0,0,10.88313102722168,23.16509437561035,9.873008728027344
0,0,0,0,10.882491111755371,23.16463851928711,9.873802185058594
0,0,0,0,10.881672859191895,23.16407012939453,9.874900817871094
0,0,0,0,10.881121635437012,23.163545608520508,9.875740051269531
0,0,0,0,10.880610466003418,23.16305160522461,9.876617431640625
0,0,0,0,10.879963874816895,23.162322998046875,9.877777099609375
0,0,0,0,10.879522323608398,23.161808013916016,9.878654479980469
0,0,0,0,10.879054069519043,23.16130828857422,9.879524230957031
0,0,0,0,10.878491401672363,23.160634994506836,9.880661010742188
0,0,0,0,10.878012657165527,23.160154342651367,9.881477355957031
0,0,0,0,10.877639770507812,23.159652709960938,9.882255554199219
0,0,0,0,10.877033233642578,23.159082412719727,9.883270263671875
0,0,0,0,10.876667976379395,23.15864372253418,9.884010314941406
0,0,0,0,10.87622356414795,23.158355712890625,9.884696960449219
0,0,0,0,10.875761985778809,23.15797233581543,9.88555908203125
0,0,0,0,10.875374794006348,23.157800674438477,9.886199951171875
0,0,0,0,10.875082015991211,23.157567977905273,9.886833190917969
0,0,0,0,10.87458324432373,23.157400131225586,9.887657165527344
0,0,0,0,10.874234199523926,23.15721893310547,9.888267517089844
0,0,0,0,10.873838424682617,23.15717315673828,9.888824462890625
0,0,0,0,10.873360633850098,23.15704345703125,9.889457702636719
0,0,0,0,10.872986793518066,23.15701675415039,9.889923095703125
0,0,0,0,10.872565269470215,23.15699577331543,9.890373229980469
0,0,0,0,10.871989250183105,23.157073974609375,9.890884399414062
0,0,0,0,10.871503829956055,23.157196044921875,9.891227722167969
0,0,0,0,10.871081352233887,23.157320022583008,9.891563415527344
0,0,0,0,10.870452880859375,23.15756607055664,9.892036437988281
0,0,0,0,10.870036125183105,23.157766342163086,9.892433166503906
0,0,0,0,10.869504928588867,23.158029556274414,9.892845153808594
0,0,0,0,10.868836402893066,23.158302307128906,9.89337158203125
0,0,0,0,10.868215560913086,23.158605575561523,9.893753051757812
0,0,0,0,10.867684364318848,23.158811569213867,9.894119262695312
0,0,0,0,10.866888046264648,23.159194946289062,9.894546508789062
0,0,0,0,10.866328239440918,23.15939712524414,9.89483642578125
0,0,0,0,10.865731239318848,23.15967559814453,9.895095825195312
0,0,0,0,10.865063667297363,23.159954071044922,9.895416259765625
0,0,0,0,10.864584922790527,23.16020965576172,9.895637512207031
0,0,0,0,10.864129066467285,23.1603946685791,9.895805358886719
0,0,0,0,10.863544464111328,23.1607723236084,9.895988464355469
0,0,0,0,10.863097190856934,23.161052703857422,9.896110534667969
0,0,0,0,10.862712860107422,23.161365509033203,9.896209716796875
0,0,0,0,10.862162590026855,23.161792755126953,9.8963623046875
0,0,0,0,10.86182689666748,23.162134170532227,9.896507263183594
0,0,0,0,10.86146068572998,23.162559509277344,9.896659851074219
0,0,0,0,10.861165046691895,23.163158416748047,9.896865844726562
0,0,0,0,10.860898971557617,23.1636962890625,9.896995544433594
0,0,0,0,10.860760688781738,23.164186477661133,9.897117614746094
0,0,0,0,10.86054801940918,23.164993286132812,9.89727783203125
0,0,0,0,10.860502243041992,23.165546417236328,9.897384643554688
0,0,0,0,10.860383033752441,23.166183471679688,9.8974609375
0,0,0,0,10.860307693481445,23.166912078857422,9.897483825683594
0,0,0,0,10.860228538513184,23.167509078979492,9.897483825683594
0,0,0,0,10.860191345214844,23.168046951293945,9.897483825683594
0,0,0,0,10.860091209411621,23.168922424316406,9.897491455078125
0,0,0,0,10.860004425048828,23.169546127319336,9.897537231445312
0,0,0,0,10.859930992126465,23.170225143432617,9.897659301757812
0,0,0,0,10.859820365905762,23.17102813720703,9.897911071777344
0,0,0,0,10.859801292419434,23.171586990356445,9.898094177246094
0,0,0,0,10.859673500061035,23.172121047973633,9.898307800292969
0,0,0,0,10.859496116638184,23.17274284362793,9.898658752441406
0,0,0,0,10.859224319458008,23.173198699951172,9.898918151855469
0,0,0,0,10.859001159667969,23.173555374145508,9.899200439453125
0,0,0,0,10.858551025390625,23.174020767211914,9.899642944335938
0,0,0,0,10.858236312866211,23.174291610717773,9.900047302246094
0,0,0,0,10.857797622680664,23.174585342407227,9.9005126953125
0,0,0,0,10.857230186462402,23.17481231689453,9.901161193847656
0,0,0,0,10.85666561126709,23.175073623657227,9.901679992675781
0,0,0,0,10.856131553649902,23.175220489501953,9.9022216796875
0,0,0,0,10.855298042297363,23.17546272277832,9.902969360351562
0,0,0,0,10.85466194152832,23.175567626953125,9.903541564941406
0,0,0,0,10.853964805603027,23.17571258544922,9.90411376953125
0,0,0,0,10.85299015045166,23.175817489624023,9.90484619140625
0,0,0,0,10.852252960205078,23.175880432128906,9.905380249023438
0,0,0,0,10.85149097442627,23.17588233947754,9.905891418457031
0,0,0,0,10.850542068481445,23.17583656311035,9.906562805175781
0,0,0,0,10.84977912902832,23.175798416137695,9.907058715820312
0,0,0,0,10.849102973937988,23.175701141357422,9.907562255859375
0,0,0,0,10.848145484924316,23.175594329833984,9.908195495605469
0,0,0,0,10.847565650939941,23.175434112548828,9.908622741699219
0,0,0,0,10.846932411193848,23.175350189208984,9.909004211425781
0,0,0,0,10.846203804016113,23.175159454345703,9.909439086914062
0,0,0,0,10.84561824798584,23.175128936767578,9.90966796875
0,0,0,0,10.845139503479004,23.175033569335938,9.90985107421875
0,0,0,0,10.844462394714355,23.175050735473633,9.909965515136719
0,0,0,0,10.844023704528809,23.17501449584961,9.909965515136719
0,0,0,0,10.8435697555542,23.17510414123535,9.909904479980469
0,0,0,0,10.843079566955566,23.17513084411621,9.909782409667969
0,0,0,0,10.842796325683594,23.17517852783203,9.909683227539062
0,0,0,0,10.842535972595215,23.175189971923828,9.909576416015625
0,0,0,0,10.842293739318848,23.175302505493164,9.909393310546875
0,0,0,0,10.84208869934082,23.175424575805664,9.909217834472656
0,0,0,0,10.841959953308105,23.175569534301758,9.909027099609375
0,0,0,0,10.841731071472168,23.17580795288086,9.90875244140625
0,0,0,0,10.841667175292969,23.17597007751465,9.908538818359375
0,0,0,0,10.841514587402344,23.176218032836914,9.9083251953125
0,0,0,0,10.8414306640625,23.176490783691406,9.908042907714844
0,0,0,0,10.841296195983887,23.176759719848633,9.907806396484375
0,0,0,0,10.841270446777344,23.176918029785156,9.907539367675781
0,0,0,0,10.841209411621094,23.177213668823242,9.90716552734375
0,0,0,0,10.841255187988281,23.17731475830078,9.9068603515625
0,0,0,0,10.841262817382812,23.17746925354004,9.906539916992188
0,0,0,0,10.841354370117188,23.177553176879883,9.906097412109375
0,0,0,0,10.841414451599121,23.177642822265625,9.90576171875
0,0,0,0,10.84149169921875,23.17763900756836,9.905426025390625
0,0,0,0,10.841656684875488,23.177684783935547,9.905021667480469
0,0,0,0,10.841791152954102,23.17768096923828,9.90478515625
0,0,0,0,10.841987609863281,23.177690505981445,9.904609680175781
0,0,0,0,10.842227935791016,23.177629470825195,9.904449462890625
0,0,0,0,10.842499732971191,23.177486419677734,9.904388427734375
0,0,0,0,10.842732429504395,23.177377700805664,9.904350280761719
0,0,0,0,10.843157768249512,23.177139282226562,9.904304504394531
0,0,0,0,10.84339427947998,23.176998138427734,9.904273986816406
0,0,0,0,10.84373664855957,23.17677879333496,9.904182434082031
0,0,0,0,10.844083786010742,23.176578521728516,9.904006958007812
0,0,0,0,10.844391822814941,23.176347732543945,9.903861999511719
0,0,0,0,10.844608306884766,23.176193237304688,9.903717041015625
0,0,0,0,10.844966888427734,23.175865173339844,9.903541564941406
0,0,0,0,10.845207214355469,23.1756591796875,9.903434753417969
0,0,0,0,10.84548568725586,23.175336837768555,9.903343200683594
0,0,0,0,10.845781326293945,23.17491912841797,9.903312683105469
0,0,0,0,10.846014976501465,23.174537658691406,9.90338134765625
0,0,0,0,10.84627914428711,23.174217224121094,9.90350341796875
0,0,0,0,10.846592903137207,23.173797607421875,9.903663635253906
0,0,0,0,10.846866607666016,23.173534393310547,9.903762817382812
0,0,0,0,10.847098350524902,23.17329978942871,9.903839111328125
0,0,0,0,10.847489356994629,23.173011779785156,9.903877258300781
0,0,0,0,10.847709655761719,23.172895431518555,9.903892517089844
0,0,0,0,10.848012924194336,23.17278480529785,9.903892517089844
0,0,0,0,10.848305702209473,23.172761917114258,9.903831481933594
0,0,0,0,10.848594665527344,23.172691345214844,9.903778076171875
0,0,0,0,10.84880542755127,23.17272186279297,9.903709411621094
0,0,0,0,10.849203109741211,23.17267608642578,9.903656005859375
0,0,0,0,10.849445343017578,23.172773361206055,9.90362548828125
0,0,0,0,10.84977912902832,23.172805786132812,9.903610229492188
0,0,0,0,10.850188255310059,23.173011779785156,9.903587341308594
0,0,0,0,10.850510597229004,23.17315101623535,9.903587341308594
0,0,0,0,10.850844383239746,23.173391342163086,9.903564453125
0,0,0,0,10.851344108581543,23.173721313476562,9.903480529785156
0,0,0,0,10.851759910583496,23.17403221130371,9.903388977050781
0,0,0,0,10.852149963378906,23.174348831176758,9.903266906738281
0,0,0,0,10.852764129638672,23.17484474182129,9.903091430664062
0,0,0,0,10.85319995880127,23.175283432006836,9.902923583984375
0,0,0,0,10.853727340698242,23.17575454711914,9.902748107910156
0,0,0,0,10.854327201843262,23.17646598815918,9.902503967285156
0,0,0,0,10.854832649230957,23.17697525024414,9.902320861816406
0,0,0,0,10.855239868164062,23.177610397338867,9.902145385742188
0,0,0,0,10.855931282043457,23.178396224975586,9.901863098144531
0,0,0,0,10.85641098022461,23.179105758666992,9.901603698730469
0,0,0,0,10.856943130493164,23.17974853515625,9.901321411132812
0,0,0,0,10.857502937316895,23.18070411682129,9.900901794433594
0,0,0,0,10.857953071594238,23.18138313293457,9.900543212890625
0,0,0,0,10.8583402633667,23.182153701782227,9.900146484375
0,0,0,0,10.858887672424316,23.183048248291016,9.899574279785156
0,0,0,0,10.859302520751953,23.183753967285156,9.899101257324219
0,0,0,0,10.859709739685059,23.184391021728516,9.898605346679688
0,0,0,0,10.860245704650879,23.18528938293457,9.897842407226562
0,0,0,0,10.860595703125,23.185970306396484,9.897216796875
0,0,0,0,10.860986709594727,23.186614990234375,9.89654541015625
0,0,0,0,10.861396789550781,23.187448501586914,9.895622253417969
0,0,0,0,10.861748695373535,23.18798828125,9.894920349121094
0,0,0,0,10.861964225769043,23.188518524169922,9.894241333007812
0,0,0,0,10.862295150756836,23.189117431640625,9.893310546875
0,0,0,0,10.862434387207031,23.189586639404297,9.892601013183594
0,0,0,0,10.862653732299805,23.189943313598633,9.891891479492188
0,0,0,0,10.862879753112793,23.19050407409668,9.890945434570312
0,0,0,0,10.863109588623047,23.190811157226562,9.890220642089844
0,0,0,0,10.863282203674316,23.1911563873291,9.889450073242188
0,0,0,0,10.863582611083984,23.191448211669922,9.888404846191406
0,0,0,0,10.863795280456543,23.191701889038086,9.887649536132812
0,0,0,0,10.864028930664062,23.191858291625977,9.88690185546875
0,0,0,0,10.864351272583008,23.192106246948242,9.885955810546875
0,0,0,0,10.864555358886719,23.192243576049805,9.885330200195312
0,0,0,0,10.86478328704834,23.192380905151367,9.884757995605469
0,0,0,0,10.864971160888672,23.192537307739258,9.884086608886719
0,0,0,0,10.865113258361816,23.192623138427734,9.883621215820312
0,0,0,0,10.865145683288574,23.19270133972168,9.883216857910156
0,0,0,0,10.865256309509277,23.192718505859375,9.882736206054688
0,0,0,0,10.86522388458252,23.19278335571289,9.882423400878906
0,0,0,0,10.865245819091797,23.19280242919922,9.88214111328125
0,0,0,0,10.865158081054688,23.192922592163086,9.881805419921875
0,0,0,0,10.86518669128418,23.192895889282227,9.88165283203125
0,0,0,0,10.865154266357422,23.192935943603516,9.881553649902344
0,0,0,0,10.865148544311523,23.19281578063965,9.88153076171875
0,0,0,0,10.86509895324707,23.192777633666992,9.881568908691406
0,0,0,0,10.865084648132324,23.192625045776367,9.881629943847656
0,0,0,0,10.865033149719238,23.192447662353516,9.88177490234375
0,0,0,0,10.864990234375,23.192241668701172,9.881874084472656
0,0,0,0,10.864951133728027,23.19208526611328,9.881942749023438
0,0,0,0,10.864852905273438,23.19186019897461,9.881973266601562
0,0,0,0,10.864790916442871,23.19171905517578,9.881973266601562
0,0,0,0,10.864619255065918,23.19158363342285,9.881973266601562
0,0,0,0,10.864439010620117,23.191394805908203,9.881980895996094
0,0,0,0,10.864179611206055,23.191314697265625,9.881973266601562
0,0,0,0,10.863982200622559,23.191181182861328,9.881988525390625
0,0,0,0,10.863567352294922,23.1910343170166,9.88201904296875
0,0,0,0,10.863286972045898,23.190826416015625,9.88201904296875
0,0,0,0,10.862911224365234,23.190689086914062,9.88201904296875
0,0,0,0,10.862443923950195,23.190357208251953,9.881965637207031
0,0,0,0,10.862000465393066,23.190126419067383,9.881904602050781
0,0,0,0,10.86161994934082,23.18975830078125,9.8818359375
0,0,0,0,10.861045837402344,23.18936538696289,9.881698608398438
0,0,0,0,10.860649108886719,23.18897247314453,9.881553649902344
0,0,0,0,10.86023998260498,23.188623428344727,9.881416320800781
0,0,0,0,10.859749794006348,23.18808364868164,9.881202697753906
0,0,0,0,10.859466552734375,23.187650680541992,9.880996704101562
0,0,0,0,10.859185218811035,23.18716049194336,9.880760192871094
0,0,0,0,10.858951568603516,23.186485290527344,9.880393981933594
0,0,0,0,10.858776092529297,23.18596839904785,9.880073547363281
0,0,0,0,10.858717918395996,23.18539810180664,9.879745483398438
0,0,0,0,10.858633995056152,23.184677124023438,9.879295349121094
0,0,0,0,10.858707427978516,23.184091567993164,9.878944396972656
0,0,0,0,10.858711242675781,23.183603286743164,9.878585815429688
0,0,0,0,10.858881950378418,23.182857513427734,9.878158569335938
0,0,0,0,10.859025955200195,23.182357788085938,9.877891540527344
0,0,0,0,10.85932731628418,23.181772232055664,9.877655029296875
0,0,0,0,10.859763145446777,23.181114196777344,9.87738037109375
0,0,0,0,10.860177993774414,23.18054962158203,9.877212524414062
0,0,0,0,10.860566139221191,23.180068969726562,9.877090454101562
0,0,0,0,10.861124992370605,23.179378509521484,9.877029418945312
0,0,0,0,10.86156940460205,23.178936004638672,9.877044677734375
0,0,0,0,10.862015724182129,23.17845344543457,9.877105712890625
0,0,0,0,10.862651824951172,23.177818298339844,9.877227783203125
0,0,0,0,10.863109588623047,23.177352905273438,9.877342224121094
0,0,0,0,10.863626480102539,23.1768798828125,9.877471923828125
0,0,0,0,10.86426067352295,23.17626190185547,9.877662658691406
0,0,0,0,10.864823341369629,23.175762176513672,9.87786865234375
0,0,0,0,10.865312576293945,23.175312042236328,9.87811279296875
0,0,0,0,10.866063117980957,23.174623489379883,9.878486633300781
0,0,0,0,10.866543769836426,23.174196243286133,9.878807067871094
0,0,0,0,10.86715316772461,23.173654556274414,9.879150390625
0,0,0,0,10.867902755737305,23.172962188720703,9.879653930664062
0,0,0,0,10.868534088134766,23.17230796813965,9.880081176757812
0,0,0,0,10.869091987609863,23.17171859741211,9.8804931640625
0,0,0,0,10.869894027709961,23.170738220214844,9.880996704101562
0,0,0,0,10.870461463928223,23.170001983642578,9.881362915039062
0,0,0,0,10.871027946472168,23.169158935546875,9.8817138671875
0,0,0,0,10.871712684631348,23.168058395385742,9.882102966308594
0,0,0,0,10.872169494628906,23.167184829711914,9.88238525390625
0,0,0,0,10.872604370117188,23.166276931762695,9.882614135742188
0,0,0,0,10.873114585876465,23.16502571105957,9.882843017578125
0,0,0,0,10.873570442199707,23.1640625,9.882949829101562
0,0,0,0,10.873944282531738,23.16316795349121,9.883026123046875
0,0,0,0,10.874505996704102,23.161958694458008,9.883087158203125
0,0,0,0,10.87483024597168,23.161155700683594,9.88311767578125
0,0,0,0,10.875277519226074,23.160282135009766,9.883148193359375
0,0,0,0,10.875810623168945,23.15923309326172,9.883201599121094
0,0,0,0,10.876319885253906,23.15842056274414,9.883277893066406
0,0,0,0,10.876724243164062,23.157764434814453,9.883384704589844
0,0,0,0,10.877342224121094,23.156831741333008,9.883583068847656
0,0,0,0,10.877762794494629,23.156272888183594,9.8837890625
0,0,0,0,10.878216743469238,23.155651092529297,9.884025573730469
0,0,0,0,10.87875747680664,23.15494728088379,9.884376525878906
0,0,0,0,10.879145622253418,23.154438018798828,9.8846435546875
0,0,0,0,10.879532814025879,23.154024124145508,9.884864807128906
0,0,0,0,10.879993438720703,23.15353775024414,9.885116577148438
0,0,0,0,10.880364418029785,23.15325927734375,9.885276794433594
0,0,0,0,10.880647659301758,23.153074264526367,9.885368347167969
0,0,0,0,10.88106632232666,23.1529483795166,9.885429382324219
0,0,0,0,10.881268501281738,23.15298080444336,9.885459899902344
0,0,0,0,10.88156509399414,23.153032302856445,9.885459899902344
0,0,0,0,10.881865501403809,23.153236389160156,9.885406494140625
0,0,0,0,10.882166862487793,23.153390884399414,9.885337829589844
0,0,0,0,10.882362365722656,23.1536922454834,9.885284423828125
0,0,0,0,10.882733345031738,23.154010772705078,9.885200500488281
0,0,0,0,10.882986068725586,23.154327392578125,9.885124206542969
0,0,0,0,10.883325576782227,23.154565811157227,9.885032653808594
0,0,0,0,10.883724212646484,23.155046463012695,9.884864807128906
0,0,0,0,10.88420295715332,23.155471801757812,9.884658813476562
0,0,0,0,10.88448715209961,23.15569305419922,9.884552001953125
0,0,0,0,10.885116577148438,23.156124114990234,9.884315490722656
0,0,0,0,10.885639190673828,23.156490325927734,9.884124755859375
0,0,0,0,10.886150360107422,23.15682029724121,9.8839111328125
0,0,0,0,10.886866569519043,23.157299041748047,9.883590698242188
0,0,0,0,10.887316703796387,23.157665252685547,9.883369445800781
0,0,0,0,10.887835502624512,23.15799331665039,9.883163452148438
0,0,0,0,10.888486862182617,23.158470153808594,9.882911682128906
0,0,0,0,10.889091491699219,23.15873908996582,9.882743835449219
0,0,0,0,10.889628410339355,23.15906524658203,9.882575988769531
0,0,0,0,10.890487670898438,23.159337997436523,9.882369995117188
0,0,0,0,10.89107894897461,23.159584045410156,9.882247924804688
0,0,0,0,10.891739845275879,23.159692764282227,9.882148742675781
0,0,0,0,10.89251708984375,23.159893035888672,9.882026672363281
0,0,0,0,10.893152236938477,23.15992546081543,9.881927490234375
0,0,0,0,10.893730163574219,23.160017013549805,9.881797790527344
0,0,0,0,10.894495010375977,23.160032272338867,9.881591796875
0,0,0,0,10.895026206970215,23.160083770751953,9.881431579589844
0,0,0,0,10.895522117614746,23.16006088256836,9.881278991699219
0,0,0,0,10.8961181640625,23.160045623779297,9.881011962890625
0,0,0,0,10.896453857421875,23.160022735595703,9.880790710449219
0,0,0,0,10.896794319152832,23.15999412536621,9.880569458007812
0,0,0,0,10.89710521697998,23.159961700439453,9.880271911621094
0,0,0,0,10.897357940673828,23.159879684448242,9.88006591796875
0,0,0,0,10.897473335266113,23.159832000732422,9.879867553710938
0,0,0,0,10.897629737854004,23.159698486328125,9.87957763671875
0,0,0,0,10.897594451904297,23.159704208374023,9.879348754882812
0,0,0,0,10.897577285766602,23.159656524658203,9.879119873046875
0,0,0,0,10.89737319946289,23.159732818603516,9.878829956054688
0,0,0,0,10.897224426269531,23.159732818603516,9.87860107421875
0,0,0,0,10.896934509277344,23.159870147705078,9.878364562988281
0,0,0,0,10.89652156829834,23.160003662109375,9.878074645996094
0,0,0,0,10.896124839782715,23.16018295288086,9.877891540527344
0,0,0,0,10.8956937789917,23.160301208496094,9.877777099609375
0,0,0,0,10.894964218139648,23.160598754882812,9.877777099609375
0,0,0,0,10.894314765930176,23.160852432250977,9.877906799316406
0,0,0,0,10.893635749816895,23.161184310913086,9.878120422363281
0,0,0,0,10.892614364624023,23.161664962768555,9.878486633300781
0,0,0,0,10.891840934753418,23.16205406188965,9.878807067871094
0,0,0,0,10.890924453735352,23.162479400634766,9.879196166992188
0,0,0,0,10.889738082885742,23.163028717041016,9.879768371582031
0,0,0,0,10.888731956481934,23.163497924804688,9.880203247070312
0,0,0,0,10.887764930725098,23.163902282714844,9.880645751953125
0,0,0,0,10.886319160461426,23.164562225341797,9.881248474121094
0,0,0,0,10.885297775268555,23.16499900817871,9.881683349609375
0,0,0,0,10.884178161621094,23.165536880493164,9.882095336914062
0,0,0,0,10.882726669311523,23.16615867614746,9.88262939453125
0,0,0,0,10.88160514831543,23.166725158691406,9.882972717285156
0,0,0,0,10.88053035736084,23.16717529296875,9.883270263671875
0,0,0,0,10.879027366638184,23.167861938476562,9.883590698242188
0,0,0,0,10.877887725830078,23.168317794799805,9.883819580078125
0,0,0,0,10.876741409301758,23.168832778930664,9.884017944335938
0,0,0,0,10.875225067138672,23.169492721557617,9.884201049804688
0,0,0,0,10.87413501739502,23.170005798339844,9.884292602539062
0,0,0,0,10.873003005981445,23.170536041259766,9.88433837890625
0,0,0,0,10.871607780456543,23.171306610107422,9.884346008300781
0,0,0,0,10.870532035827637,23.17194175720215,9.884292602539062
0,0,0,0,10.86953067779541,23.17252540588379,9.884193420410156
0,0,0,0,10.868059158325195,23.173391342163086,9.883995056152344
0,0,0,0,10.867074012756348,23.17398452758789,9.883834838867188
0,0,0,0,10.866069793701172,23.174697875976562,9.883636474609375
0,0,0,0,10.864908218383789,23.17555809020996,9.883331298828125
0,0,0,0,10.863988876342773,23.176271438598633,9.883049011230469
0,0,0,0,10.863134384155273,23.176891326904297,9.882713317871094
0,0,0,0,10.861957550048828,23.177820205688477,9.882255554199219
0,0,0,0,10.861127853393555,23.178442001342773,9.881889343261719
0,0,0,0,10.860292434692383,23.179115295410156,9.881507873535156
0,0,0,0,10.859257698059082,23.179922103881836,9.881004333496094
0,0,0,0,10.858532905578613,23.180530548095703,9.880668640136719
0,0,0,0,10.857794761657715,23.181123733520508,9.880416870117188
0,0,0,0,10.856867790222168,23.181941986083984,9.880149841308594
0,0,0,0,10.85612964630127,23.182573318481445,9.880012512207031
0,0,0,0,10.855490684509277,23.18314552307129,9.879966735839844
0,0,0,0,10.854524612426758,23.18389129638672,9.880035400390625
0,0,0,0,10.85389232635498,23.184362411499023,9.880172729492188
0,0,0,0,10.853203773498535,23.18488311767578,9.88037109375
0,0,0,0,10.852442741394043,23.185489654541016,9.880760192871094
0,0,0,0,10.851838111877441,23.1860408782959,9.881134033203125
0,0,0,0,10.851381301879883,23.186494827270508,9.881538391113281
0,0,0,0,10.850773811340332,23.187171936035156,9.882148742675781
0,0,0,0,10.850432395935059,23.187612533569336,9.882667541503906
0,0,0,0,10.85012435913086,23.18812370300293,9.883186340332031
0,0,0,0,10.849837303161621,23.188621520996094,9.883804321289062
0,0,0,0,10.849639892578125,23.188934326171875,9.88421630859375
0,0,0,0,10.849483489990234,23.189128875732422,9.884628295898438
0,0,0,0,10.84931468963623,23.189332962036133,9.885169982910156
0,0,0,0,10.849170684814453,23.189411163330078,9.885589599609375
0,0,0,0,10.84907054901123,23.189435958862305,9.886039733886719
0,0,0,0,10.84891414642334,23.189456939697266,9.886642456054688
0,0,0,0,10.848925590515137,23.18938446044922,9.8870849609375
0,0,0,0,10.848844528198242,23.189315795898438,9.8875732421875
0,0,0,0,10.848908424377441,23.189128875732422,9.888259887695312
0,0,0,0,10.848962783813477,23.189037322998047,9.888755798339844
0,0,0,0,10.849166870117188,23.18885040283203,9.889259338378906
0,0,0,0,10.849420547485352,23.188678741455078,9.889900207519531
0,0,0,0,10.849742889404297,23.188486099243164,9.890373229980469
0,0,0,0,10.850027084350586,23.18840217590332,9.890823364257812
0,0,0,0,10.850539207458496,23.18818473815918,9.891410827636719
0,0,0,0,10.850926399230957,23.188098907470703,9.891822814941406
0,0,0,0,10.8513822555542,23.18797492980957,9.892250061035156
0,0,0,0,10.852030754089355,23.187936782836914,9.892768859863281
0,0,0,0,10.852509498596191,23.187891006469727,9.893081665039062
0,0,0,0,10.853026390075684,23.187864303588867,9.893363952636719
0,0,0,0,10.853693962097168,23.187795639038086,9.893692016601562
0,0,0,0,10.854251861572266,23.18768882751465,9.893913269042969
0,0,0,0,10.854731559753418,23.187597274780273,9.894126892089844
0,0,0,0,10.85542106628418,23.187442779541016,9.894401550292969
0,0,0,0,10.85583782196045,23.187335968017578,9.894607543945312
0,0,0,0,10.856359481811523,23.187118530273438,9.894790649414062
0,0,0,0,10.857160568237305,23.186784744262695,9.895065307617188
0,0,0,0,10.857515335083008,23.186573028564453,9.895164489746094
0,0,0,0,10.857953071594238,23.18632698059082,9.895317077636719
0,0,0,0,10.858626365661621,23.185829162597656,9.895477294921875
0,0,0,0,10.85915470123291,23.185495376586914,9.895576477050781
0,0,0,0,10.859740257263184,23.185041427612305,9.895652770996094
0,0,0,0,10.860459327697754,23.18451499938965,9.895751953125
0,0,0,0,10.86099624633789,23.184078216552734,9.895797729492188
0,0,0,0,10.861546516418457,23.183683395385742,9.895858764648438
0,0,0,0,10.862347602844238,23.183063507080078,9.89599609375
0,0,0,0,10.863032341003418,23.182601928710938,9.896095275878906
0,0,0,0,10.863687515258789,23.182138442993164,9.896202087402344
0,0,0,0,10.864738464355469,23.181516647338867,9.896324157714844
0,0,0,0,10.865558624267578,23.181060791015625,9.896400451660156
0,0,0,0,10.866536140441895,23.180543899536133,9.896461486816406
0,0,0,0,10.867783546447754,23.179922103881836,9.896492004394531
0,0,0,0,10.868868827819824,23.17941665649414,9.896522521972656
0,0,0,0,10.869885444641113,23.179004669189453,9.896537780761719
0,0,0,0,10.871378898620605,23.1783447265625,9.896568298339844
0,0,0,0,10.872431755065918,23.177936553955078,9.896583557128906
0,0,0,0,10.87357234954834,23.177410125732422,9.896644592285156
0,0,0,0,10.875040054321289,23.176864624023438,9.896705627441406
0,0,0,0,10.87613582611084,23.176389694213867,9.896736145019531
0,0,0,0,10.877198219299316,23.175987243652344,9.896804809570312
0,0,0,0,10.878623008728027,23.175382614135742,9.896965026855469
0,0,0,0,10.879693031311035,23.175031661987305,9.897117614746094
0,0,0,0,10.88068675994873,23.174671173095703,9.897285461425781
0,0,0,0,10.882012367248535,23.174211502075195,9.89752197265625
0,0,0,0,10.882929801940918,23.17387580871582,9.897674560546875
0,0,0,0,10.883895874023438,23.173538208007812,9.8978271484375
0,0,0,0,10.885027885437012,23.17315673828125,9.898063659667969
0,0,0,0,10.885909080505371,23.172819137573242,9.898223876953125
0,0,0,0,10.886658668518066,23.17254638671875,9.8983154296875
0,0,0,0,10.887694358825684,23.172100067138672,9.8983154296875
0,0,0,0,10.888325691223145,23.171863555908203,9.898246765136719
0,0,0,0,10.889019012451172,23.17152976989746,9.898109436035156
0,0,0,0,10.889817237854004,23.171186447143555,9.897811889648438
0,0,0,0,10.890426635742188,23.170860290527344,9.897544860839844
0,0,0,0,10.890946388244629,23.170629501342773,9.897209167480469
0,0,0,0,10.891613960266113,23.170265197753906,9.896705627441406
0,0,0,0,10.892051696777344,23.170085906982422,9.896293640136719
0,0,0,0,10.892434120178223,23.16988754272461,9.895843505859375
0,0,0,0,10.892863273620605,23.169763565063477,9.895210266113281
0,0,0,0,10.89306926727295,23.169677734375,9.894729614257812
0,0,0,0,10.893269538879395,23.169649124145508,9.89422607421875
0,0,0,0,10.893403053283691,23.169645309448242,9.893585205078125
0,0,0,0,10.893532752990723,23.169635772705078,9.893142700195312
0,0,0,0,10.893567085266113,23.16971206665039,9.892738342285156
0,0,0,0,10.893705368041992,23.16981315612793,9.892219543457031
0,0,0,0,10.893732070922852,23.16996955871582,9.891815185546875
0,0,0,0,10.893837928771973,23.170045852661133,9.891433715820312
0,0,0,0,10.893840789794922,23.170244216918945,9.890968322753906
0,0,0,0,10.89387321472168,23.170303344726562,9.890670776367188
0,0,0,0,10.893842697143555,23.170482635498047,9.890411376953125
0,0,0,0,10.893922805786133,23.170631408691406,9.890121459960938
0,0,0,0,10.893926620483398,23.170804977416992,9.889945983886719
0,0,0,0,10.893937110900879,23.17086410522461,9.88983154296875
0,0,0,0,10.893929481506348,23.17099380493164,9.8897705078125
0,0,0,0,10.893884658813477,23.171064376831055,9.889747619628906
0,0,0,0,10.893830299377441,23.171173095703125,9.889717102050781
0,0,0,0,10.893723487854004,23.17128562927246,9.889724731445312
0,0,0,0,10.893705368041992,23.171354293823242,9.889739990234375
0,0,0,0,10.893611907958984,23.17149543762207,9.889747619628906
0,0,0,0,10.893524169921875,23.171716690063477,9.889656066894531
0,0,0,0,10.893351554870605,23.17194175720215,9.8895263671875
0,0,0,0,10.893247604370117,23.172142028808594,9.889358520507812
0,0,0,0,10.89299201965332,23.172578811645508,9.889060974121094
0,0,0,0,10.89290714263916,23.172853469848633,9.888748168945312
0,0,0,0,10.892735481262207,23.17321014404297,9.88836669921875
0,0,0,0,10.892574310302734,23.173534393310547,9.887687683105469
0,0,0,0,10.892373085021973,23.173856735229492,9.887138366699219
0,0,0,0,10.892210006713867,23.174076080322266,9.886528015136719
0,0,0,0,10.89191722869873,23.174484252929688,9.885597229003906
0,0,0,0,10.891695022583008,23.174747467041016,9.884841918945312
0,0,0,0,10.891461372375488,23.175081253051758,9.884071350097656
0,0,0,0,10.891158103942871,23.17546844482422,9.883010864257812
0,0,0,0,10.890969276428223,23.175796508789062,9.882217407226562
0,0,0,0,10.890754699707031,23.176118850708008,9.881454467773438
0,0,0,0,10.890497207641602,23.176536560058594,9.880531311035156
0,0,0,0,10.890253067016602,23.176897048950195,9.879905700683594
0,0,0,0,10.890085220336914,23.177213668823242,9.87933349609375
0,0,0,0,10.889705657958984,23.177696228027344,9.878662109375
0,0,0,0,10.889474868774414,23.178009033203125,9.878250122070312
0,0,0,0,10.889159202575684,23.17844581604004,9.877883911132812
0,0,0,0,10.888776779174805,23.178956985473633,9.877532958984375
0,0,0,0,10.88836669921875,23.17943000793457,9.877388000488281
0,0,0,0,10.887992858886719,23.179807662963867,9.877334594726562
0,0,0,0,10.887386322021484,23.1804256439209,9.877388000488281
0,0,0,0,10.8868989944458,23.180784225463867,9.877510070800781
0,0,0,0,10.886324882507324,23.181180953979492,9.877738952636719
0,0,0,0,10.885527610778809,23.181554794311523,9.878189086914062
0,0,0,0,10.884920120239258,23.181884765625,9.878623962402344
0,0,0,0,10.884258270263672,23.182153701782227,9.879135131835938
0,0,0,0,10.883418083190918,23.18255043029785,9.879875183105469
0,0,0,0,10.882712364196777,23.18285369873047,9.880401611328125
0,0,0,0,10.882081031799316,23.18314552307129,9.880928039550781
0,0,0,0,10.881157875061035,23.183584213256836,9.881591796875
0,0,0,0,10.880548477172852,23.183916091918945,9.882011413574219
0,0,0,0,10.879842758178711,23.18436050415039,9.882408142089844
0,0,0,0,10.879014015197754,23.18492889404297,9.8829345703125
0,0,0,0,10.87830638885498,23.185453414916992,9.883308410644531
0,0,0,0,10.877679824829102,23.1859073638916,9.883644104003906
0,0,0,0,10.876791000366211,23.1866455078125,9.884002685546875
0,0,0,0,10.876212120056152,23.18711280822754,9.884254455566406
0,0,0,0,10.875585556030273,23.18766212463379,9.88446044921875
0,0,0,0,10.87484359741211,23.188270568847656,9.88470458984375
0,0,0,0,10.874277114868164,23.188770294189453,9.8848876953125
0,0,0,0,10.873712539672852,23.189176559448242,9.885078430175781
0,0,0,0,10.87304401397705,23.189725875854492,9.885345458984375
0,0,0,0,10.872566223144531,23.19009780883789,9.885574340820312
0,0,0,0,10.872179985046387,23.19049072265625,9.885795593261719
0,0,0,0,10.871670722961426,23.191057205200195,9.8861083984375
0,0,0,0,10.871439933776855,23.191455841064453,9.886367797851562
0,0,0,0,10.871185302734375,23.191925048828125,9.886619567871094
0,0,0,0,10.871011734008789,23.192493438720703,9.886962890625
0,0,0,0,10.870875358581543,23.192981719970703,9.887290954589844
0,0,0,0,10.870856285095215,23.19339370727539,9.887649536132812
0,0,0,0,10.870759963989258,23.194028854370117,9.888053894042969
0,0,0,0,10.870759963989258,23.194414138793945,9.88836669921875
0,0,0,0,10.870694160461426,23.194862365722656,9.888656616210938
0,0,0,0,10.870699882507324,23.195331573486328,9.889007568359375
0,0,0,0,10.870628356933594,23.195720672607422,9.889251708984375
0,0,0,0,10.870565414428711,23.195987701416016,9.889472961425781
0,0,0,0,10.870387077331543,23.196340560913086,9.889724731445312
0,0,0,0,10.870223045349121,23.196521759033203,9.889892578125
0,0,0,0,10.8700590133667,23.196712493896484,9.890037536621094
0,0,0,0,10.869786262512207,23.196884155273438,9.890151977539062
0,0,0,0,10.869613647460938,23.196962356567383,9.89019775390625
0,0,0,0,10.86935806274414,23.19704246520996,9.890213012695312
0,0,0,0,10.869072914123535,23.19708251953125,9.890220642089844
0,0,0,0,10.868753433227539,23.19713592529297,9.890213012695312
0,0,0,0,10.868494987487793,23.197134017944336,9.890205383300781
0,0,0,0,10.868060111999512,23.197206497192383,9.890144348144531
0,0,0,0,10.867819786071777,23.197160720825195,9.89007568359375
0,0,0,0,10.86745834350586,23.19717788696289,9.88995361328125
0,0,0,0,10.867022514343262,23.19705581665039,9.889778137207031
0,0,0,0,10.866641998291016,23.197040557861328,9.889595031738281
0,0,0,0,10.866323471069336,23.196950912475586,9.889366149902344
0,0,0,0,10.865857124328613,23.19691276550293,9.889060974121094
0,0,0,0,10.865517616271973,23.19682502746582,9.888824462890625
0,0,0,0,10.865203857421875,23.19676971435547,9.888633728027344
0,0,0,0,10.864814758300781,23.196598052978516,9.888397216796875
0,0,0,0,10.864636421203613,23.196456909179688,9.888229370117188
0,0,0,0,10.864434242248535,23.19626808166504,9.888076782226562
0,0,0,0,10.864218711853027,23.195955276489258,9.887886047363281
0,0,0,0,10.863988876342773,23.195741653442383,9.887733459472656
0,0,0,0,10.86386775970459,23.195466995239258,9.887611389160156
0,0,0,0,10.863642692565918,23.19517707824707,9.887458801269531
0,0,0,0,10.863578796386719,23.194900512695312,9.88739013671875
0,0,0,0,10.863425254821777,23.19468879699707,9.887367248535156
0,0,0,0,10.863371849060059,23.19434928894043,9.887405395507812
0,0,0,0,10.863295555114746,23.1942138671875,9.887489318847656
0,0,0,0,10.86330795288086,23.19399070739746,9.887611389160156
0,0,0,0,10.863287925720215,23.193817138671875,9.887794494628906
0,0,0,0,10.86332893371582,23.193645477294922,9.887969970703125
0,0,0,0,10.863332748413086,23.193574905395508,9.888168334960938
0,0,0,0,10.863344192504883,23.193424224853516,9.888389587402344
0,0,0,0,10.86332893371582,23.19335174560547,9.888496398925781
0,0,0,0,10.863279342651367,23.193214416503906,9.888587951660156
0,0,0,0,10.863120079040527,23.19305992126465,9.888717651367188
0,0,0,0,10.862916946411133,23.19296646118164,9.888839721679688
0,0,0,0,10.862785339355469,23.192848205566406,9.888954162597656
0,0,0,0,10.862556457519531,23.192670822143555,9.889053344726562
0,0,0,0,10.862445831298828,23.192495346069336,9.88909912109375
0,0,0,0,10.862210273742676,23.19240379333496,9.889137268066406
0,0,0,0,10.861955642700195,23.192211151123047,9.889152526855469
0,0,0,0,10.861692428588867,23.192138671875,9.889144897460938
0,0,0,0,10.861515045166016,23.19198989868164,9.889129638671875
0,0,0,0,10.861191749572754,23.19191551208496,9.889091491699219
0,0,0,0,10.860993385314941,23.191768646240234,9.889060974121094
0,0,0,0,10.8607177734375,23.191682815551758,9.888999938964844
0,0,0,0,10.860456466674805,23.191455841064453,9.88885498046875
0,0,0,0,10.860283851623535,23.191322326660156,9.888717651367188
0,0,0,0,10.860158920288086,23.191091537475586,9.888587951660156
0,0,0,0,10.86005973815918,23.19083595275879,9.88836669921875
0,0,0,0,10.859983444213867,23.190622329711914,9.888175964355469
0,0,0,0,10.859968185424805,23.190420150756836,9.887985229492188
0,0,0,0,10.859994888305664,23.190128326416016,9.887725830078125
0,0,0,0,10.860114097595215,23.18985366821289,9.887550354003906
0,0,0,0,10.860170364379883,23.189617156982422,9.887382507324219
0,0,0,0,10.860392570495605,23.189233779907227,9.88714599609375
0,0,0,0,10.860505104064941,23.18899917602539,9.886947631835938
0,0,0,0,10.86074161529541,23.18867301940918,9.886749267578125
0,0,0,0,10.860958099365234,23.1882266998291,9.886497497558594
0,0,0,0,10.861181259155273,23.187767028808594,9.886314392089844
0,0,0,0,10.86133098602295,23.187368392944336,9.886131286621094
0,0,0,0,10.861652374267578,23.18666648864746,9.885879516601562
0,0,0,0,10.861872673034668,23.186189651489258,9.885673522949219
0,0,0,0,10.8621187210083,23.185638427734375,9.885467529296875
0,0,0,0,10.862381935119629,23.18499755859375,9.885177612304688
0,0,0,0,10.86255168914795,23.184471130371094,9.884963989257812
0,0,0,0,10.862740516662598,23.183950424194336,9.884788513183594
0,0,0,0,10.86294937133789,23.183183670043945,9.884605407714844
0,0,0,0,10.863114356994629,23.182571411132812,9.884498596191406
0,0,0,0,10.863199234008789,23.181936264038086,9.884407043457031
