0,0,0,0,0.0072285085916519165,0.001382750109769404,-0.01195526123046875
0,0,0,0,0.007008085027337074,0.0015477965353056788,-0.0122528076171875
0,0,0,0,0.00674349395558238,0.0017413293244317174,-0.0126800537109375
0,0,0,0,0.006569876801222563,0.001865906291641295,-0.01300811767578125
0,0,0,0,0.0064142183400690556,0.0019638543017208576,-0.01336669921875
0,0,0,0,0.00624379888176918,0.0020283858757466078,-0.01395416259765625
0,0,0,0,0.006146518513560295,0.002047328744083643,-0.01448822021484375
0,0,0,0,0.0060879928059875965,0.0020325572695583105,-0.01509857177734375
0,0,0,0,0.006019260734319687,0.0019878947641700506,-0.01604461669921875
0,0,0,0,0.006013492122292519,0.00195092405192554,-0.01677703857421875
0,0,0,0,0.005974732805043459,0.0019118946511298418,-0.01751708984375
0,0,0,0,0.005979588720947504,0.0018680318025872111,-0.01857757568359375
0,0,0,0,0.006012113764882088,0.0018434339435771108,-0.01937103271484375
0,0,0,0,0.006079687271267176,0.0018178026657551527,-0.0202178955078125
0,0,0,0,0.006232615560293198,0.0017869905568659306,-0.021331787109375
0,0,0,0,0.006352069787681103,0.001807811320759356,-0.02223968505859375
0,0,0,0,0.006495807319879532,0.0018214704468846321,-0.02310943603515625
0,0,0,0,0.006765808444470167,0.0017714235000312328,-0.0242767333984375
0,0,0,0,0.006965972948819399,0.0017380350036546588,-0.02513885498046875
0,0,0,0,0.007182836998254061,0.0016959280474111438,-0.02600860595703125
0,0,0,0,0.007469067815691233,0.0016550242435187101,-0.02707672119140625
0,0,0,0,0.007711255457252264,0.001576709095388651,-0.02782440185546875
0,0,0,0,0.007961017079651356,0.0014763636281713843,-0.0285186767578125
0,0,0,0,0.00834653154015541,0.001256783027201891,-0.02945709228515625
0,0,0,0,0.008666463196277618,0.0010866703232750297,-0.0301361083984375
0,0,0,0,0.009011955931782722,0.0008324093068949878,-0.03079986572265625
0,0,0,0,0.009543444961309433,0.000465336546767503,-0.0316009521484375
0,0,0,0,0.009923525154590607,0.0001509271824033931,-0.0321197509765625
0,0,0,0,0.010345014743506908,-0.00016281056741718203,-0.0326080322265625
0,0,0,0,0.010912659578025341,-0.0006575409788638353,-0.03314208984375
0,0,0,0,0.011351125314831734,-0.001091553014703095,-0.03351593017578125
0,0,0,0,0.01179650891572237,-0.001538348151370883,-0.033843994140625
0,0,0,0,0.012355200946331024,-0.0021742256358265877,-0.03424072265625
0,0,0,0,0.012706246227025986,-0.0026686619967222214,-0.0344696044921875
0,0,0,0,0.0130362743511796,-0.0032084204722195864,-0.03469085693359375
0,0,0,0,0.01344984769821167,-0.003956563305109739,-0.03495025634765625
0,0,0,0,0.013712627813220024,-0.00456318398937583,-0.0351104736328125
0,0,0,0,0.013959424570202827,-0.005143404006958008,-0.0352325439453125
0,0,0,0,0.01429073978215456,-0.005933959502726793,-0.03533172607421875
0,0,0,0,0.014547702856361866,-0.0064650061540305614,-0.0353546142578125
0,0,0,0,0.014816026203334332,-0.006991939153522253,-0.035308837890625
0,0,0,0,0.01516899187117815,-0.0076333386823534966,-0.03521728515625
0,0,0,0,0.01543398480862379,-0.008086714893579483,-0.035125732421875
0,0,0,0,0.015684183686971664,-0.00849092099815607,-0.035064697265625
0,0,0,0,0.015950432047247887,-0.008979901671409607,-0.0349578857421875
0,0,0,0,0.01613323949277401,-0.009342174977064133,-0.03485870361328125
0,0,0,0,0.01629851944744587,-0.00969727337360382,-0.0347137451171875
0,0,0,0,0.016617076471447945,-0.010163466446101665,-0.03447723388671875
0,0,0,0,0.01691359095275402,-0.010512970387935638,-0.03421783447265625
0,0,0,0,0.0172515120357275,-0.0108519671484828,-0.03397369384765625
0,0,0,0,0.017734015360474586,-0.0112396739423275,-0.033660888671875
0,0,0,0,0.018158679828047752,-0.011524097062647343,-0.03343963623046875
0,0,0,0,0.01861324906349182,-0.011751766316592693,-0.033172607421875
0,0,0,0,0.019298706203699112,-0.012060862965881824,-0.0328216552734375
0,0,0,0,0.019840583205223083,-0.012279629707336426,-0.03253936767578125
0,0,0,0,0.020409155637025833,-0.012537580914795399,-0.032257080078125
0,0,0,0,0.021206870675086975,-0.01286106277257204,-0.03185272216796875
0,0,0,0,0.021852903068065643,-0.013157621957361698,-0.0315399169921875
0,0,0,0,0.02248840592801571,-0.013409819453954697,-0.031219482421875
0,0,0,0,0.023349223658442497,-0.013837804086506367,-0.03086090087890625
0,0,0,0,0.02397448755800724,-0.014132805168628693,-0.03060150146484375
0,0,0,0,0.024609999731183052,-0.014533665962517262,-0.0303497314453125
0,0,0,0,0.02530861832201481,-0.015095758251845837,-0.0299530029296875
0,0,0,0,0.0257701613008976,-0.015719246119260788,-0.02960968017578125
0,0,0,0,0.02605273574590683,-0.01635836623609066,-0.029266357421875
0,0,0,0,0.02629312314093113,-0.01749509945511818,-0.0287628173828125
0,0,0,0,0.026244383305311203,-0.018464477732777596,-0.02835845947265625
0,0,0,0,0.026088163256645203,-0.01969955489039421,-0.02789306640625
0,0,0,0,0.02557080239057541,-0.021564004942774773,-0.027069091796875
0,0,0,0,0.024974044412374496,-0.023236358538269997,-0.02628326416015625
0,0,0,0,0.024215811863541603,-0.02502591162919998,-0.025360107421875
0,0,0,0,0.022903693839907646,-0.02769371308386326,-0.02387237548828125
0,0,0,0,0.02176390215754509,-0.029824867844581604,-0.0225982666015625
0,0,0,0,0.020403483882546425,-0.032049890607595444,-0.02112579345703125
0,0,0,0,0.018421102315187454,-0.03510158881545067,-0.0186767578125
0,0,0,0,0.01671384647488594,-0.037363700568675995,-0.0165252685546875
0,0,0,0,0.015009940601885319,-0.039680514484643936,-0.014068603515625
0,0,0,0,0.012496980838477612,-0.042683038860559464,-0.01032257080078125
0,0,0,0,0.010548143647611141,-0.04497409611940384,-0.00705718994140625
0,0,0,0,0.00835878774523735,-0.047133758664131165,-0.00341033935546875
0,0,0,0,0.005309910047799349,-0.05005788058042526,0.00217437744140625
0,0,0,0,0.002854639431461692,-0.052106134593486786,0.00696563720703125
0,0,0,0,0.0004048900736961514,-0.05418705195188522,0.01226806640625
0,0,0,0,-0.0030519987922161818,-0.056821372359991074,0.020111083984375
0,0,0,0,-0.005773119628429413,-0.05881188437342644,0.0265655517578125
0,0,0,0,-0.008602030575275421,-0.06067521870136261,0.03347015380859375
0,0,0,0,-0.012526392005383968,-0.06318338215351105,0.04338836669921875
0,0,0,0,-0.015531212091445923,-0.06498612463474274,0.051361083984375
0,0,0,0,-0.018673989921808243,-0.06672000885009766,0.05979156494140625
0,0,0,0,-0.02300202287733555,-0.06889619678258896,0.07160186767578125
0,0,0,0,-0.026427967473864555,-0.07041212171316147,0.08083343505859375
0,0,0,0,-0.029845789074897766,-0.07189635187387466,0.09033966064453125
0,0,0,0,-0.034581251442432404,-0.07370822131633759,0.10335540771484375
0,0,0,0,-0.038149893283843994,-0.07502880692481995,0.11342620849609375
0,0,0,0,-0.04188445210456848,-0.07620729506015778,0.123779296875
0,0,0,0,-0.04687324911355972,-0.07775510102510452,0.13802337646484375
0,0,0,0,-0.05075980722904205,-0.07876208424568176,0.14910888671875
0,0,0,0,-0.05459846183657646,-0.0797877162694931,0.16054534912109375
0,0,0,0,-0.05990055575966835,-0.0809658020734787,0.1762847900390625
0,0,0,0,-0.06391073018312454,-0.08184437453746796,0.18842315673828125
0,0,0,0,-0.06800518929958344,-0.08258535712957382,0.20086669921875
0,0,0,0,-0.07345855236053467,-0.08356491476297379,0.2179107666015625
0,0,0,0,-0.07753691077232361,-0.08420214056968689,0.230987548828125
0,0,0,0,-0.08160806447267532,-0.08483056724071503,0.24431610107421875
0,0,0,0,-0.0869457945227623,-0.0855400338768959,0.262542724609375
0,0,0,0,-0.09091107547283173,-0.08600772172212601,0.27658843994140625
0,0,0,0,-0.09473343938589096,-0.086463063955307,0.2909088134765625
0,0,0,0,-0.09970451891422272,-0.08701980859041214,0.31038665771484375
0,0,0,0,-0.10321763902902603,-0.08745133131742477,0.325286865234375
0,0,0,0,-0.1066809669137001,-0.0877930074930191,0.34041595458984375
0,0,0,0,-0.11102436482906342,-0.08827399462461472,0.3609619140625
0,0,0,0,-0.11424600332975388,-0.08852986991405487,0.3765869140625
0,0,0,0,-0.11724168062210083,-0.08884383738040924,0.39237213134765625
0,0,0,0,-0.12114118784666061,-0.08914680778980255,0.41365814208984375
0,0,0,0,-0.12382908910512924,-0.08944402635097504,0.42984771728515625
0,0,0,0,-0.12647753953933716,-0.08960672467947006,0.4462127685546875
0,0,0,0,-0.1297304928302765,-0.08986028283834457,0.46831512451171875
0,0,0,0,-0.1320044994354248,-0.08997122198343277,0.4851226806640625
0,0,0,0,-0.1341506540775299,-0.0901317372918129,0.5021438598632812
0,0,0,0,-0.13684052228927612,-0.09019234031438828,0.5251388549804688
0,0,0,0,-0.13874070346355438,-0.09016431868076324,0.5426254272460938
0,0,0,0,-0.14049102365970612,-0.09004800021648407,0.5603179931640625
0,0,0,0,-0.14269229769706726,-0.08983459323644638,0.5842056274414062
0,0,0,0,-0.1441039890050888,-0.08964137732982635,0.6023712158203125
0,0,0,0,-0.14546369016170502,-0.08943265676498413,0.6207275390625
0,0,0,0,-0.14698471128940582,-0.08915705978870392,0.6454925537109375
0,0,0,0,-0.14807921648025513,-0.08885449171066284,0.6642913818359375
0,0,0,0,-0.14899782836437225,-0.08860210329294205,0.6832809448242188
0,0,0,0,-0.15019001066684723,-0.08813860267400742,0.70892333984375
0,0,0,0,-0.1509023755788803,-0.08785992860794067,0.7283859252929688
0,0,0,0,-0.151601642370224,-0.08749516308307648,0.7480239868164062
0,0,0,0,-0.15234944224357605,-0.08711034804582596,0.7744979858398438
0,0,0,0,-0.15287454426288605,-0.08673497289419174,0.7945480346679688
0,0,0,0,-0.15327025949954987,-0.0864361897110939,0.814727783203125
0,0,0,0,-0.15375474095344543,-0.08598608523607254,0.8418121337890625
0,0,0,0,-0.15404246747493744,-0.08570295572280884,0.8623123168945312
0,0,0,0,-0.15423735976219177,-0.08538366854190826,0.882965087890625
0,0,0,0,-0.1543899029493332,-0.08499462157487869,0.9107437133789062
0,0,0,0,-0.15441006422042847,-0.08470677584409714,0.9317855834960938
0,0,0,0,-0.15445943176746368,-0.0844486653804779,0.9530258178710938
0,0,0,0,-0.15441355109214783,-0.08413916081190109,0.98162841796875
0,0,0,0,-0.15443219244480133,-0.08385777473449707,1.003265380859375
0,0,0,0,-0.15432801842689514,-0.08363550901412964,1.0250930786132812
0,0,0,0,-0.15428903698921204,-0.08328814059495926,1.054473876953125
0,0,0,0,-0.15412527322769165,-0.08309409022331238,1.0767135620117188
0,0,0,0,-0.15402784943580627,-0.08283887058496475,1.0990982055664062
0,0,0,0,-0.1537238508462906,-0.08262553811073303,1.1291046142578125
0,0,0,0,-0.15351009368896484,-0.08242470771074295,1.1517333984375
0,0,0,0,-0.1532025933265686,-0.08233942836523056,1.1744766235351562
0,0,0,0,-0.15276598930358887,-0.08213521540164948,1.2050018310546875
0,0,0,0,-0.15237808227539062,-0.08206538110971451,1.2280426025390625
0,0,0,0,-0.15197616815567017,-0.08195768296718597,1.2511978149414062
0,0,0,0,-0.1513620764017105,-0.08189597725868225,1.2822036743164062
0,0,0,0,-0.15084993839263916,-0.08181990683078766,1.3055419921875
0,0,0,0,-0.15029510855674744,-0.08181839436292648,1.3289413452148438
0,0,0,0,-0.14942868053913116,-0.08179488033056259,1.3602752685546875
0,0,0,0,-0.14878104627132416,-0.08175026625394821,1.3838577270507812
0,0,0,0,-0.14801493287086487,-0.0817204937338829,1.4074935913085938
0,0,0,0,-0.1470572054386139,-0.08162502199411392,1.4391326904296875
0,0,0,0,-0.1462184190750122,-0.08156435191631317,1.4629364013671875
0,0,0,0,-0.1454397737979889,-0.08134177327156067,1.4868087768554688
0,0,0,0,-0.14427568018436432,-0.08105116337537766,1.518707275390625
0,0,0,0,-0.14349053800106049,-0.08073495328426361,1.542724609375
0,0,0,0,-0.14257176220417023,-0.08048997819423676,1.5668411254882812
0,0,0,0,-0.14136235415935516,-0.08004698157310486,1.5991058349609375
0,0,0,0,-0.1403726488351822,-0.07980652898550034,1.6233901977539062
0,0,0,0,-0.13942471146583557,-0.07950834184885025,1.6477279663085938
0,0,0,0,-0.13811081647872925,-0.07920966297388077,1.6802291870117188
0,0,0,0,-0.1371084600687027,-0.0789308100938797,1.7047119140625
0,0,0,0,-0.1360684633255005,-0.07867210358381271,1.729278564453125
0,0,0,0,-0.13460673391819,-0.07822255790233612,1.7621994018554688
0,0,0,0,-0.13353388011455536,-0.07792544364929199,1.7870254516601562
0,0,0,0,-0.13238614797592163,-0.07764674723148346,1.81195068359375
0,0,0,0,-0.13092587888240814,-0.07731539011001587,1.8453445434570312
0,0,0,0,-0.1297231912612915,-0.07715168595314026,1.8705368041992188
0,0,0,0,-0.12858730554580688,-0.07698315382003784,1.8958358764648438
0,0,0,0,-0.12697316706180573,-0.07687553763389587,1.929718017578125
0,0,0,0,-0.12587201595306396,-0.076762855052948,1.955230712890625
0,0,0,0,-0.12470653653144836,-0.0767587423324585,1.980804443359375
0,0,0,0,-0.12326991558074951,-0.07672561705112457,2.0150604248046875
0,0,0,0,-0.12213737517595291,-0.07681205868721008,2.040863037109375
0,0,0,0,-0.12109202146530151,-0.07683780044317245,2.0667037963867188
0,0,0,0,-0.11963487416505814,-0.07698468863964081,2.1012115478515625
0,0,0,0,-0.11854985356330872,-0.0770367681980133,2.1271820068359375
0,0,0,0,-0.11742901057004929,-0.07718745619058609,2.1532135009765625
0,0,0,0,-0.11601106077432632,-0.07727141678333282,2.1880264282226562
0,0,0,0,-0.1150546446442604,-0.07733140885829926,2.2142333984375
0,0,0,0,-0.11413262784481049,-0.07734141498804092,2.2405166625976562
0,0,0,0,-0.11299652606248856,-0.07741621881723404,2.2757034301757812
0,0,0,0,-0.11211046576499939,-0.07748476415872574,2.3021774291992188
0,0,0,0,-0.11131273210048676,-0.07753314077854156,2.3287277221679688
0,0,0,0,-0.1101599633693695,-0.07764555513858795,2.3642730712890625
0,0,0,0,-0.10937640070915222,-0.07768075168132782,2.391021728515625
0,0,0,0,-0.10850636661052704,-0.07777095586061478,2.4178085327148438
0,0,0,0,-0.10745836794376373,-0.07777126133441925,2.4536514282226562
0,0,0,0,-0.10658872872591019,-0.07783695310354233,2.4806137084960938
0,0,0,0,-0.10579507052898407,-0.07778816670179367,2.507659912109375
0,0,0,0,-0.10466690361499786,-0.07783396542072296,2.5438003540039062
0,0,0,0,-0.10390885919332504,-0.07779095321893692,2.5709762573242188
0,0,0,0,-0.10311347246170044,-0.0778045579791069,2.5982208251953125
0,0,0,0,-0.10209232568740845,-0.07770475745201111,2.6346969604492188
0,0,0,0,-0.10135681927204132,-0.07765541970729828,2.6621627807617188
0,0,0,0,-0.10064882785081863,-0.07754994928836823,2.689727783203125
0,0,0,0,-0.09977148473262787,-0.077450230717659,2.7266921997070312
0,0,0,0,-0.09908949583768845,-0.07735548168420792,2.7545089721679688
0,0,0,0,-0.0984552651643753,-0.07731324434280396,2.7824249267578125
0,0,0,0,-0.0975196361541748,-0.0773458182811737,2.8198013305664062
0,0,0,0,-0.09688623249530792,-0.07737356424331665,2.8479537963867188
0,0,0,0,-0.09617352485656738,-0.0774528980255127,2.8761520385742188
0,0,0,0,-0.09536486119031906,-0.07747962325811386,2.9137649536132812
0,0,0,0,-0.0946836769580841,-0.07757031917572021,2.9420166015625
0,0,0,0,-0.09411848336458206,-0.0775560811161995,2.9702606201171875
0,0,0,0,-0.09329169243574142,-0.0776197537779808,3.0079498291015625
0,0,0,0,-0.09273432195186615,-0.07757501304149628,3.0362014770507812
0,0,0,0,-0.09209437668323517,-0.07759280502796173,3.0644607543945312
0,0,0,0,-0.09132018685340881,-0.07749093323945999,3.1021804809570312
0,0,0,0,-0.09067073464393616,-0.07746327668428421,3.1304473876953125
0,0,0,0,-0.09007880836725235,-0.07736954092979431,3.158721923828125
0,0,0,0,-0.08923999965190887,-0.07729514688253403,3.1964645385742188
0,0,0,0,-0.08859746903181076,-0.07719266414642334,3.2247848510742188
0,0,0,0,-0.08801710605621338,-0.07709027081727982,3.2530975341796875
0,0,0,0,-0.08723492920398712,-0.07692167907953262,3.2908554077148438
0,0,0,0,-0.08674358576536179,-0.07679134607315063,3.3191909790039062
0,0,0,0,-0.08620249480009079,-0.07667741924524307,3.347564697265625
0,0,0,0,-0.08561041951179504,-0.07641980051994324,3.3854293823242188
0,0,0,0,-0.08511341363191605,-0.07623308151960373,3.4138641357421875
0,0,0,0,-0.08472836762666702,-0.07596338540315628,3.4423370361328125
0,0,0,0,-0.08411993086338043,-0.07564239948987961,3.4803543090820312
0,0,0,0,-0.08378475904464722,-0.07529347389936447,3.5089035034179688
0,0,0,0,-0.08339735865592957,-0.07503444701433182,3.5374984741210938
0,0,0,0,-0.08301380276679993,-0.07457412034273148,3.5755844116210938
0,0,0,0,-0.08268942683935165,-0.07428444176912308,3.6041183471679688
0,0,0,0,-0.08245681971311569,-0.07392808049917221,3.63262939453125
0,0,0,0,-0.08211557567119598,-0.07359648495912552,3.6706466674804688
0,0,0,0,-0.0818513035774231,-0.07333363592624664,3.69915771484375
0,0,0,0,-0.08157172054052353,-0.07313162088394165,3.7276763916015625
0,0,0,0,-0.08118794858455658,-0.07280655950307846,3.7656784057617188
0,0,0,0,-0.0809522494673729,-0.07261458784341812,3.794158935546875
0,0,0,0,-0.08067720383405685,-0.07245887815952301,3.8226470947265625
0,0,0,0,-0.08036396652460098,-0.07223949581384659,3.8606414794921875
0,0,0,0,-0.08007317781448364,-0.0720800831913948,3.889190673828125
0,0,0,0,-0.07986605167388916,-0.07190007716417313,3.9177474975585938
0,0,0,0,-0.07948742061853409,-0.0717165544629097,3.9557342529296875
0,0,0,0,-0.0792633593082428,-0.07151927798986435,3.9842300415039062
0,0,0,0,-0.078857421875,-0.0714382529258728,4.012748718261719
0,0,0,0,-0.07837711274623871,-0.07128067314624786,4.050804138183594
0,0,0,0,-0.07793650031089783,-0.07127020508050919,4.079399108886719
0,0,0,0,-0.07753950357437134,-0.07118041068315506,4.1080322265625
0,0,0,0,-0.07685874402523041,-0.0711551085114479,4.146263122558594
0,0,0,0,-0.07630103826522827,-0.0710483267903328,4.174949645996094
0,0,0,0,-0.07567891478538513,-0.07099591940641403,4.203605651855469
0,0,0,0,-0.07488717138767242,-0.07084997743368149,4.241828918457031
0,0,0,0,-0.07430893927812576,-0.07077721506357193,4.2704925537109375
0,0,0,0,-0.07369872182607651,-0.0706525668501854,4.299186706542969
0,0,0,0,-0.07291768491268158,-0.07051428407430649,4.337425231933594
0,0,0,0,-0.07228486239910126,-0.07042146474123001,4.366142272949219
0,0,0,0,-0.07168818265199661,-0.07031796872615814,4.394889831542969
0,0,0,0,-0.07080135494470596,-0.07020912319421768,4.433235168457031
0,0,0,0,-0.07021477818489075,-0.07005778700113297,4.461982727050781
0,0,0,0,-0.06949350982904434,-0.06996145099401474,4.490753173828125
0,0,0,0,-0.06866718828678131,-0.06975886225700378,4.5291900634765625
0,0,0,0,-0.06798355281352997,-0.0696696788072586,4.55804443359375
0,0,0,0,-0.06738162040710449,-0.06947837024927139,4.586906433105469
0,0,0,0,-0.06644102185964584,-0.06929877400398254,4.625373840332031
0,0,0,0,-0.06575433164834976,-0.06906259059906006,4.654273986816406
0,0,0,0,-0.06496884673833847,-0.06889871507883072,4.683189392089844
0,0,0,0,-0.06397572159767151,-0.06858908385038376,4.7217559814453125
0,0,0,0,-0.06321019679307938,-0.06841834634542465,4.750679016113281
0,0,0,0,-0.062443073838949203,-0.06821303814649582,4.779624938964844
0,0,0,0,-0.06137876212596893,-0.06801444292068481,4.8182373046875
0,0,0,0,-0.06052303686738014,-0.06784000992774963,4.847221374511719
0,0,0,0,-0.05970028415322304,-0.067694291472435,4.876190185546875
0,0,0,0,-0.058497749269008636,-0.06749807298183441,4.914756774902344
0,0,0,0,-0.05762398988008499,-0.06732255220413208,4.943626403808594
0,0,0,0,-0.056598614901304245,-0.06721264868974686,4.972480773925781
0,0,0,0,-0.055243976414203644,-0.06704283505678177,5.010978698730469
0,0,0,0,-0.054126009345054626,-0.06700664758682251,5.039878845214844
0,0,0,0,-0.05306844413280487,-0.0668836385011673,5.068778991699219
0,0,0,0,-0.05154724419116974,-0.06686557084321976,5.107307434082031
0,0,0,0,-0.05051378533244133,-0.06680215895175934,5.1362152099609375
0,0,0,0,-0.04942622780799866,-0.06683806329965591,5.1651458740234375
0,0,0,0,-0.04811086878180504,-0.06675703823566437,5.2037811279296875
0,0,0,0,-0.04711436107754707,-0.06682059168815613,5.2328033447265625
0,0,0,0,-0.0461709089577198,-0.06683799624443054,5.2618865966796875
0,0,0,0,-0.04490186646580696,-0.06695646792650223,5.300727844238281
0,0,0,0,-0.043938376009464264,-0.0670342668890953,5.329887390136719
0,0,0,0,-0.04301099851727486,-0.0671408399939537,5.359092712402344
0,0,0,0,-0.04175317659974098,-0.06732890754938126,5.398048400878906
0,0,0,0,-0.040875647217035294,-0.06750540435314178,5.427284240722656
0,0,0,0,-0.03995344415307045,-0.06769271194934845,5.4565582275390625
0,0,0,0,-0.03881450742483139,-0.06795646250247955,5.495628356933594
0,0,0,0,-0.037897739559412,-0.06824133545160294,5.524955749511719
0,0,0,0,-0.0371127724647522,-0.06846562027931213,5.554298400878906
0,0,0,0,-0.03602330759167671,-0.06883649528026581,5.593467712402344
0,0,0,0,-0.03534854203462601,-0.06904290616512299,5.622871398925781
0,0,0,0,-0.034619513899087906,-0.06932798773050308,5.6523284912109375
0,0,0,0,-0.03383966535329819,-0.06957732886075974,5.6916351318359375
0,0,0,0,-0.03321416303515434,-0.0698319599032402,5.721122741699219
0,0,0,0,-0.03271074965596199,-0.0699915960431099,5.7506103515625
0,0,0,0,-0.03205135464668274,-0.07029660791158676,5.789878845214844
0,0,0,0,-0.031609006226062775,-0.07044506072998047,5.819328308105469
0,0,0,0,-0.031217196956276894,-0.07064870744943619,5.848762512207031
0,0,0,0,-0.030723759904503822,-0.07086210697889328,5.887977600097656
0,0,0,0,-0.03047003410756588,-0.07102715224027634,5.917381286621094
0,0,0,0,-0.030218025669455528,-0.07117408514022827,5.94677734375
0,0,0,0,-0.030001744627952576,-0.07141446322202682,5.9859619140625
0,0,0,0,-0.02984037436544895,-0.07164724916219711,6.015342712402344
0,0,0,0,-0.029766106978058815,-0.07181435823440552,6.044700622558594
0,0,0,0,-0.029615292325615883,-0.07207172363996506,6.0838165283203125
0,0,0,0,-0.02960383892059326,-0.07218072563409805,6.1131744384765625
0,0,0,0,-0.029520129784941673,-0.07239080220460892,6.1425323486328125
0,0,0,0,-0.02953941747546196,-0.07262402027845383,6.181602478027344
0,0,0,0,-0.02948565036058426,-0.07288114726543427,6.210884094238281
0,0,0,0,-0.029518989846110344,-0.07302474230527878,6.240150451660156
0,0,0,0,-0.029485387727618217,-0.07333201169967651,6.279151916503906
0,0,0,0,-0.029473207890987396,-0.07352510094642639,6.308341979980469
0,0,0,0,-0.029409421607851982,-0.07381651550531387,6.33746337890625
0,0,0,0,-0.02932204306125641,-0.07413000613451004,6.3762359619140625
0,0,0,0,-0.029236722737550735,-0.07436520606279373,6.40533447265625
0,0,0,0,-0.029088366776704788,-0.07453204691410065,6.434478759765625
0,0,0,0,-0.028880484402179718,-0.07475479692220688,6.473335266113281
0,0,0,0,-0.028656596317887306,-0.0749281644821167,6.502510070800781
0,0,0,0,-0.028458185493946075,-0.07512586563825607,6.53167724609375
0,0,0,0,-0.02807970903813839,-0.07545991986989975,6.5706024169921875
0,0,0,0,-0.027845235541462898,-0.07564187049865723,6.599830627441406
0,0,0,0,-0.02745942771434784,-0.07589687407016754,6.629081726074219
0,0,0,0,-0.027027446776628494,-0.07617030292749405,6.6681060791015625
0,0,0,0,-0.026647325605154037,-0.07643749564886093,6.697418212890625
0,0,0,0,-0.0263909213244915,-0.07656073570251465,6.7267913818359375
0,0,0,0,-0.025938497856259346,-0.0767734944820404,6.7660369873046875
0,0,0,0,-0.025656769052147865,-0.07682698220014572,6.7955169677734375
0,0,0,0,-0.025302108377218246,-0.07693486660718918,6.825035095214844
0,0,0,0,-0.024892037734389305,-0.076931431889534,6.864433288574219
0,0,0,0,-0.024603266268968582,-0.07694116979837418,6.8940582275390625
0,0,0,0,-0.024325162172317505,-0.07688694447278976,6.9237518310546875
0,0,0,0,-0.02395251952111721,-0.07687187939882278,6.9634246826171875
0,0,0,0,-0.02356652170419693,-0.07680420577526093,7.0031280517578125
0,0,0,0,-0.02342948317527771,-0.07675451785326004,7.0229949951171875
0,0,0,0,-0.023104127496480942,-0.0766981989145279,7.062705993652344
0,0,0,0,-0.022985592484474182,-0.07664346694946289,7.092475891113281
0,0,0,0,-0.022819707170128822,-0.07662519067525864,7.122245788574219
0,0,0,0,-0.0227508582174778,-0.07653167843818665,7.161949157714844
0,0,0,0,-0.022668765857815742,-0.07651084661483765,7.191719055175781
0,0,0,0,-0.022728728130459785,-0.07641980797052383,7.221488952636719
0,0,0,0,-0.022766122594475746,-0.07636656612157822,7.261161804199219
0,0,0,0,-0.022889098152518272,-0.07627613842487335,7.290855407714844
0,0,0,0,-0.02294859290122986,-0.07625211030244827,7.3205413818359375
0,0,0,0,-0.023109013214707375,-0.07617539912462234,7.360084533691406
0,0,0,0,-0.023165041580796242,-0.0762282982468605,7.389686584472656
0,0,0,0,-0.023287668824195862,-0.0762113630771637,7.419258117675781
0,0,0,0,-0.023401912301778793,-0.07636621594429016,7.4586334228515625
0,0,0,0,-0.023492295295000076,-0.07645663619041443,7.4881591796875
0,0,0,0,-0.023571481928229332,-0.07661030441522598,7.5176544189453125
0,0,0,0,-0.023586275056004524,-0.07681401073932648,7.556976318359375
0,0,0,0,-0.023613711819052696,-0.07698814570903778,7.586494445800781
0,0,0,0,-0.023567577823996544,-0.07719745486974716,7.6160888671875
0,0,0,0,-0.023610509932041168,-0.07739321887493134,7.6556243896484375
0,0,0,0,-0.023551812395453453,-0.07758430391550064,7.685340881347656
0,0,0,0,-0.023571930825710297,-0.07770192623138428,7.7150726318359375
0,0,0,0,-0.023445339873433113,-0.07788555324077606,7.75469970703125
0,0,0,0,-0.023400284349918365,-0.07791556417942047,7.784423828125
0,0,0,0,-0.023217959329485893,-0.0779917761683464,7.814186096191406
0,0,0,0,-0.023000257089734077,-0.07788438349962234,7.8538818359375
0,0,0,0,-0.02275296114385128,-0.07783113420009613,7.883674621582031
0,0,0,0,-0.022548997774720192,-0.0776369646191597,7.913444519042969
0,0,0,0,-0.022209320217370987,-0.07746260613203049,7.9531097412109375
0,0,0,0,-0.021945485845208168,-0.0772460326552391,7.982841491699219
0,0,0,0,-0.02167639136314392,-0.07702597975730896,8.012550354003906
0,0,0,0,-0.021331151947379112,-0.07663755118846893,8.0521240234375
0,0,0,0,-0.021097008138895035,-0.07634787261486053,8.081771850585938
0,0,0,0,-0.020791595801711082,-0.07601156830787659,8.111396789550781
0,0,0,0,-0.020437972620129585,-0.07553576678037643,8.150825500488281
0,0,0,0,-0.020136861130595207,-0.07519476860761642,8.1802978515625
0,0,0,0,-0.019959108904004097,-0.07477310299873352,8.209747314453125
0,0,0,0,-0.01970241591334343,-0.07417485117912292,8.248985290527344
0,0,0,0,-0.01962304674088955,-0.0736614540219307,8.278388977050781
0,0,0,0,-0.019475797191262245,-0.07324685901403427,8.307807922363281
0,0,0,0,-0.019444391131401062,-0.07259339839220047,8.347068786621094
0,0,0,0,-0.019415102899074554,-0.07217017561197281,8.376564025878906
0,0,0,0,-0.01952498033642769,-0.07164733111858368,8.406082153320312
0,0,0,0,-0.01967397704720497,-0.07101448625326157,8.445518493652344
0,0,0,0,-0.019845768809318542,-0.07042603194713593,8.475166320800781
0,0,0,0,-0.01999727077782154,-0.06990145146846771,8.5048828125
0,0,0,0,-0.0202640388160944,-0.06912633031606674,8.544624328613281
0,0,0,0,-0.02047853358089924,-0.06856948882341385,8.574493408203125
0,0,0,0,-0.020684152841567993,-0.06797805428504944,8.604385375976562
0,0,0,0,-0.020963743329048157,-0.06724227964878082,8.644256591796875
0,0,0,0,-0.021129008382558823,-0.0666838139295578,8.674201965332031
0,0,0,0,-0.021343005821108818,-0.06609293073415756,8.704200744628906
0,0,0,0,-0.02153184823691845,-0.06535991281270981,8.7442626953125
0,0,0,0,-0.02172118052840233,-0.0647992417216301,8.774314880371094
0,0,0,0,-0.021799858659505844,-0.06428566575050354,8.804389953613281
0,0,0,0,-0.021967874839901924,-0.06353925913572311,8.844528198242188
0,0,0,0,-0.021994775161147118,-0.06304747611284256,8.8746337890625
0,0,0,0,-0.02208944782614708,-0.06251325458288193,8.90472412109375
0,0,0,0,-0.022098097950220108,-0.061921484768390656,8.94482421875
0,0,0,0,-0.02210627682507038,-0.06137964129447937,8.974891662597656
0,0,0,0,-0.02201441489160061,-0.06090531498193741,9.00494384765625
0,0,0,0,-0.02185470424592495,-0.0601537711918354,9.044944763183594
0,0,0,0,-0.02165401540696621,-0.05960065871477127,9.074951171875
0,0,0,0,-0.021441791206598282,-0.05890927463769913,9.104957580566406
0,0,0,0,-0.021156391128897667,-0.058029383420944214,9.144882202148438
0,0,0,0,-0.020921306684613228,-0.05734340474009514,9.174766540527344
0,0,0,0,-0.02071632817387581,-0.05665967985987663,9.204627990722656
0,0,0,0,-0.020374679937958717,-0.055758874863386154,9.244384765625
0,0,0,0,-0.020216727629303932,-0.05506104230880737,9.274185180664062
0,0,0,0,-0.01998346671462059,-0.05439893528819084,9.303962707519531
0,0,0,0,-0.019750023260712624,-0.05352025106549263,9.343589782714844
0,0,0,0,-0.019461605697870255,-0.05293624475598335,9.373260498046875
0,0,0,0,-0.019273152574896812,-0.05226202681660652,9.402931213378906
0,0,0,0,-0.01895923539996147,-0.05144296959042549,9.4425048828125
0,0,0,0,-0.01879817061126232,-0.050741713494062424,9.47222900390625
0,0,0,0,-0.018578503280878067,-0.050128038972616196,9.501976013183594
0,0,0,0,-0.01843193918466568,-0.04919181019067764,9.541702270507812
0,0,0,0,-0.018325427547097206,-0.0485466904938221,9.571517944335938
0,0,0,0,-0.018301017582416534,-0.0478258952498436,9.601356506347656
0,0,0,0,-0.01827121526002884,-0.04699930548667908,9.641143798828125
0,0,0,0,-0.0182972252368927,-0.0464026965200901,9.670867919921875
0,0,0,0,-0.01834780164062977,-0.04593547433614731,9.700401306152344
0,0,0,0,-0.01841726154088974,-0.04532919451594353,9.739295959472656
0,0,0,0,-0.018538136035203934,-0.044935744255781174,9.767906188964844
0,0,0,0,-0.018595697358250618,-0.044607218354940414,9.795982360839844
0,0,0,0,-0.018718622624874115,-0.04424815997481346,9.832305908203125
0,0,0,0,-0.018714208155870438,-0.04410023242235184,9.858573913574219
0,0,0,0,-0.01880055107176304,-0.043942421674728394,9.883934020996094
0,0,0,0,-0.018783971667289734,-0.04386526346206665,9.916275024414062
0,0,0,0,-0.018843021243810654,-0.043759386986494064,9.939369201660156
0,0,0,0,-0.01882549561560154,-0.043758243322372437,9.961433410644531
0,0,0,0,-0.018896831199526787,-0.043702006340026855,9.989265441894531
0,0,0,0,-0.01888260617852211,-0.04373743012547493,10.008903503417969
0,0,0,0,-0.018948746845126152,-0.04368223994970322,10.027534484863281
0,0,0,0,-0.018939167261123657,-0.04373816028237343,10.050933837890625
0,0,0,0,-0.018934350460767746,-0.043743617832660675,10.067405700683594
0,0,0,0,-0.018917031586170197,-0.04380204901099205,10.083045959472656
0,0,0,0,-0.018921425566077232,-0.04379808157682419,10.102699279785156
0,0,0,0,-0.018936673179268837,-0.043786320835351944,10.116607666015625
0,0,0,0,-0.018886251375079155,-0.04377760365605354,10.129837036132812
0,0,0,0,-0.018894070759415627,-0.04382815957069397,10.146392822265625
0,0,0,0,-0.018844369798898697,-0.04385729134082794,10.158065795898438
0,0,0,0,-0.018849065527319908,-0.04382225498557091,10.169151306152344
0,0,0,0,-0.018753396347165108,-0.04377913475036621,10.183143615722656
0,0,0,0,-0.018741432577371597,-0.043676286935806274,10.193077087402344
0,0,0,0,-0.018633296713232994,-0.04360764101147652,10.202598571777344
0,0,0,0,-0.018584778532385826,-0.04332279786467552,10.214714050292969
0,0,0,0,-0.01849209889769554,-0.04316132515668869,10.223426818847656
0,0,0,0,-0.01845589652657509,-0.04287032410502434,10.23187255859375
0,0,0,0,-0.018284300342202187,-0.042503681033849716,10.242767333984375
0,0,0,0,-0.018213817849755287,-0.0421469621360302,10.250648498535156
0,0,0,0,-0.018120650202035904,-0.04189625009894371,10.258316040039062
0,0,0,0,-0.01809884048998356,-0.041455019265413284,10.2681884765625
0,0,0,0,-0.01809978112578392,-0.04111931473016739,10.275321960449219
0,0,0,0,-0.018107933923602104,-0.04072217270731926,10.282241821289062
0,0,0,0,-0.018172163516283035,-0.0402316115796566,10.291099548339844
0,0,0,0,-0.018183017149567604,-0.03984339162707329,10.297508239746094
0,0,0,0,-0.018232712522149086,-0.039411064237356186,10.303741455078125
0,0,0,0,-0.01823047176003456,-0.03878581151366234,10.311790466308594
0,0,0,0,-0.018308402970433235,-0.03824935853481293,10.317626953125
0,0,0,0,-0.0183103047311306,-0.03772899508476257,10.323257446289062
0,0,0,0,-0.01844010315835476,-0.036986093968153,10.330497741699219
0,0,0,0,-0.01845180243253708,-0.036531783640384674,10.335716247558594
0,0,0,0,-0.018567467108368874,-0.035980287939310074,10.340736389160156
0,0,0,0,-0.018628058955073357,-0.03532260283827782,10.347137451171875
0,0,0,0,-0.018748443573713303,-0.03471725061535835,10.351692199707031
0,0,0,0,-0.018813928589224815,-0.03419759124517441,10.356056213378906
0,0,0,0,-0.019011570140719414,-0.033410124480724335,10.361602783203125
0,0,0,0,-0.01915728487074375,-0.03288467973470688,10.365592956542969
0,0,0,0,-0.019321393221616745,-0.032320600003004074,10.369438171386719
0,0,0,0,-0.01955709047615528,-0.03171839565038681,10.374336242675781
0,0,0,0,-0.019716447219252586,-0.03125010430812836,10.377845764160156
0,0,0,0,-0.01990707777440548,-0.03081204742193222,10.381202697753906
0,0,0,0,-0.020109983161091805,-0.030300229787826538,10.385467529296875
0,0,0,0,-0.020352181047201157,-0.02993907406926155,10.388511657714844
0,0,0,0,-0.020525533705949783,-0.029620105400681496,10.391380310058594
0,0,0,0,-0.020874325186014175,-0.02915956638753414,10.39495849609375
0,0,0,0,-0.021041447296738625,-0.028922144323587418,10.397483825683594
0,0,0,0,-0.021268920972943306,-0.02863866277039051,10.399864196777344
0,0,0,0,-0.02146991901099682,-0.028378471732139587,10.40289306640625
0,0,0,0,-0.021694131195545197,-0.028140157461166382,10.405059814453125
0,0,0,0,-0.021816454827785492,-0.02805653214454651,10.406929016113281
0,0,0,0,-0.0220745000988245,-0.027899950742721558,10.408607482910156
0,0,0,0,-0.022297639399766922,-0.027900725603103638,10.40924072265625
0,0,0,0,-0.022613177075982094,-0.027859989553689957,10.409393310546875
0,0,0,0,-0.023074135184288025,-0.027978576719760895,10.408912658691406
0,0,0,0,-0.023618249222636223,-0.02818380296230316,10.407638549804688
0,0,0,0,-0.023966165259480476,-0.028319839388132095,10.406745910644531
0,0,0,0,-0.02466142177581787,-0.028658505529165268,10.40460205078125
0,0,0,0,-0.02528773993253708,-0.028955433517694473,10.402702331542969
0,0,0,0,-0.02589430846273899,-0.0292831938713789,10.400634765625
0,0,0,0,-0.026800500229001045,-0.02977624535560608,10.397789001464844
0,0,0,0,-0.027414772659540176,-0.03023187443614006,10.395683288574219
0,0,0,0,-0.028088342398405075,-0.030648060142993927,10.393646240234375
0,0,0,0,-0.02884300798177719,-0.03132709115743637,10.391036987304688
0,0,0,0,-0.02945820800960064,-0.0317840650677681,10.389144897460938
0,0,0,0,-0.029952939599752426,-0.03235241025686264,10.387351989746094
0,0,0,0,-0.030705874785780907,-0.03302537649869919,10.385086059570312
0,0,0,0,-0.031167877838015556,-0.03358465060591698,10.383506774902344
0,0,0,0,-0.03166249021887779,-0.034045346081256866,10.382011413574219
0,0,0,0,-0.03226282820105553,-0.03476356714963913,10.380126953125
0,0,0,0,-0.03272276744246483,-0.035217732191085815,10.378807067871094
0,0,0,0,-0.03316015750169754,-0.03571838140487671,10.377517700195312
0,0,0,0,-0.03376265987753868,-0.036311183124780655,10.375839233398438
0,0,0,0,-0.034255437552928925,-0.03678777068853378,10.374626159667969
0,0,0,0,-0.0346980057656765,-0.03725006803870201,10.373420715332031
0,0,0,0,-0.03526456654071808,-0.03784211724996567,10.371826171875
0,0,0,0,-0.03556545451283455,-0.038277801126241684,10.370658874511719
0,0,0,0,-0.035923004150390625,-0.038670189678668976,10.369537353515625
0,0,0,0,-0.03630030155181885,-0.03921573981642723,10.368095397949219
0,0,0,0,-0.036678802222013474,-0.039563216269016266,10.367050170898438
0,0,0,0,-0.03692956268787384,-0.03999068960547447,10.36602783203125
0,0,0,0,-0.03733986243605614,-0.04051963612437248,10.364692687988281
0,0,0,0,-0.03758976235985756,-0.04101771488785744,10.363700866699219
0,0,0,0,-0.03787945583462715,-0.04145390912890434,10.362709045410156
0,0,0,0,-0.03815148025751114,-0.04217775911092758,10.361328125
0,0,0,0,-0.03837064653635025,-0.0426657497882843,10.3602294921875
0,0,0,0,-0.038545358926057816,-0.04322854056954384,10.359107971191406
0,0,0,0,-0.03881313279271126,-0.043866001069545746,10.357551574707031
0,0,0,0,-0.038997601717710495,-0.04441915452480316,10.356376647949219
0,0,0,0,-0.03917781263589859,-0.04495430365204811,10.355232238769531
0,0,0,0,-0.03948337957262993,-0.045778919011354446,10.353736877441406
0,0,0,0,-0.03971506655216217,-0.04637056961655617,10.352638244628906
0,0,0,0,-0.04004788398742676,-0.046991199254989624,10.351539611816406
0,0,0,0,-0.040526408702135086,-0.04791588708758354,10.350044250488281
0,0,0,0,-0.04100148379802704,-0.048580653965473175,10.348876953125
0,0,0,0,-0.04143540561199188,-0.049317825585603714,10.347663879394531
0,0,0,0,-0.042178925126791,-0.05030831694602966,10.345970153808594
0,0,0,0,-0.04271358996629715,-0.05112628638744354,10.344650268554688
0,0,0,0,-0.04339731112122536,-0.0518767349421978,10.34332275390625
0,0,0,0,-0.04426661506295204,-0.05304008722305298,10.341537475585938
0,0,0,0,-0.04501247778534889,-0.05385437607765198,10.340156555175781
0,0,0,0,-0.04572292044758797,-0.05476221814751625,10.338813781738281
0,0,0,0,-0.04680105298757553,-0.05586059018969536,10.337066650390625
0,0,0,0,-0.047575365751981735,-0.05677523836493492,10.3358154296875
0,0,0,0,-0.048362329602241516,-0.05763053521513939,10.334609985351562
0,0,0,0,-0.0493992380797863,-0.05882037803530693,10.333076477050781
0,0,0,0,-0.05017241835594177,-0.05967722833156586,10.331993103027344
0,0,0,0,-0.05097402259707451,-0.060523997992277145,10.330940246582031
0,0,0,0,-0.0520014725625515,-0.0616314560174942,10.329536437988281
0,0,0,0,-0.0528276227414608,-0.06241409108042717,10.328514099121094
0,0,0,0,-0.0535576231777668,-0.06323788315057755,10.327522277832031
0,0,0,0,-0.054654061794281006,-0.0643194392323494,10.326210021972656
0,0,0,0,-0.05539252609014511,-0.06523483991622925,10.325218200683594
0,0,0,0,-0.056230299174785614,-0.06607901304960251,10.32421875
0,0,0,0,-0.05721066892147064,-0.06732814013957977,10.3228759765625
0,0,0,0,-0.05801651254296303,-0.06818629056215286,10.321868896484375
0,0,0,0,-0.05873497202992439,-0.06912782788276672,10.320838928222656
0,0,0,0,-0.059805337339639664,-0.07028127461671829,10.319473266601562
0,0,0,0,-0.06085106357932091,-0.07146083563566208,10.318115234375
0,0,0,0,-0.06138323247432709,-0.07199350744485855,10.31744384765625
0,0,0,0,-0.06244606152176857,-0.07309795171022415,10.316162109375
0,0,0,0,-0.06325375288724899,-0.07386946678161621,10.315254211425781
0,0,0,0,-0.06409124284982681,-0.07466965168714523,10.314361572265625
0,0,0,0,-0.06519584357738495,-0.07565979659557343,10.313247680664062
0,0,0,0,-0.06609007716178894,-0.07639448344707489,10.312515258789062
0,0,0,0,-0.06688778102397919,-0.07711556553840637,10.311866760253906
0,0,0,0,-0.06797724217176437,-0.0780453309416771,10.311119079589844
0,0,0,0,-0.06869874894618988,-0.07878677546977997,10.310630798339844
0,0,0,0,-0.06952089816331863,-0.07947107404470444,10.310195922851562
0,0,0,0,-0.07049374282360077,-0.08043689280748367,10.309722900390625
0,0,0,0,-0.0712856724858284,-0.08105979859828949,10.309455871582031
0,0,0,0,-0.07196060568094254,-0.08175095915794373,10.309226989746094
0,0,0,0,-0.07293917238712311,-0.08251500874757767,10.308952331542969
0,0,0,0,-0.07362816482782364,-0.08312525600194931,10.30877685546875
0,0,0,0,-0.07439333200454712,-0.08361279964447021,10.308609008789062
0,0,0,0,-0.07536082714796066,-0.08431894332170486,10.308395385742188
0,0,0,0,-0.07611622661352158,-0.08477864414453506,10.308242797851562
0,0,0,0,-0.07685384154319763,-0.08528635650873184,10.308090209960938
0,0,0,0,-0.07783935219049454,-0.08584343641996384,10.307830810546875
0,0,0,0,-0.0785842090845108,-0.08630391955375671,10.307571411132812
0,0,0,0,-0.07926834374666214,-0.08675472438335419,10.3072509765625
0,0,0,0,-0.080146923661232,-0.08733011782169342,10.306770324707031
0,0,0,0,-0.08071067184209824,-0.08774376660585403,10.306365966796875
0,0,0,0,-0.08131716400384903,-0.0881248190999031,10.305931091308594
0,0,0,0,-0.0820157527923584,-0.08869288116693497,10.305381774902344
0,0,0,0,-0.08262097835540771,-0.08905656635761261,10.304962158203125
0,0,0,0,-0.08310379832983017,-0.08949241787195206,10.304542541503906
0,0,0,0,-0.08379880338907242,-0.09001034498214722,10.303985595703125
0,0,0,0,-0.08422037959098816,-0.09051158279180527,10.303550720214844
0,0,0,0,-0.08470840752124786,-0.0909230038523674,10.3031005859375
0,0,0,0,-0.08520147204399109,-0.09156295657157898,10.302528381347656
0,0,0,0,-0.08558934926986694,-0.09193927049636841,10.302146911621094
0,0,0,0,-0.0859098806977272,-0.09239695221185684,10.301826477050781
0,0,0,0,-0.08636164665222168,-0.09289820492267609,10.301429748535156
0,0,0,0,-0.08667340129613876,-0.09329203516244888,10.301155090332031
0,0,0,0,-0.08697392046451569,-0.09360545128583908,10.300888061523438
0,0,0,0,-0.08735611289739609,-0.09405340254306793,10.300521850585938
0,0,0,0,-0.08758702129125595,-0.0943915992975235,10.300201416015625
0,0,0,0,-0.08787118643522263,-0.09471191465854645,10.299850463867188
0,0,0,0,-0.08817935734987259,-0.095114566385746,10.299354553222656
0,0,0,0,-0.08847864717245102,-0.09533736109733582,10.298957824707031
0,0,0,0,-0.08868769556283951,-0.09560246765613556,10.298545837402344
0,0,0,0,-0.08906521648168564,-0.09593644738197327,10.297988891601562
0,0,0,0,-0.08927025645971298,-0.09629113227128983,10.297584533691406
0,0,0,0,-0.08953666687011719,-0.09659276157617569,10.2972412109375
0,0,0,0,-0.08972431719303131,-0.09713534265756607,10.296844482421875
0,0,0,0,-0.08987341076135635,-0.09747152030467987,10.29656982421875
0,0,0,0,-0.08988435566425323,-0.09788695722818375,10.296333312988281
0,0,0,0,-0.08982949703931808,-0.09833334386348724,10.296104431152344
0,0,0,0,-0.08958457410335541,-0.09890665858983994,10.296035766601562
0,0,0,0,-0.08928946405649185,-0.09921004623174667,10.296028137207031
0,0,0,0,-0.08808928728103638,-0.10001756250858307,10.295989990234375
0,0,0,0,-0.08645791560411453,-0.10072244703769684,10.2958984375
0,0,0,0,-0.08419287204742432,-0.10152841359376907,10.295783996582031
0,0,0,0,-0.08005364239215851,-0.10271783918142319,10.29559326171875
0,0,0,0,-0.07620756328105927,-0.10370772331953049,10.295425415039062
0,0,0,0,-0.07168076187372208,-0.10479947924613953,10.295272827148438
0,0,0,0,-0.06492296606302261,-0.10632439702749252,10.295127868652344
0,0,0,0,-0.059082597494125366,-0.10760857164859772,10.294998168945312
0,0,0,0,-0.0527133047580719,-0.10889137536287308,10.294898986816406
0,0,0,0,-0.043063703924417496,-0.11082536727190018,10.294830322265625
0,0,0,0,-0.03508034721016884,-0.11230161041021347,10.294715881347656
0,0,0,0,-0.02636202797293663,-0.11397575587034225,10.294593811035156
0,0,0,0,-0.01384845469146967,-0.11624374240636826,10.294486999511719
0,0,0,0,-0.003660347778350115,-0.1181325614452362,10.29437255859375
0,0,0,0,0.007116375491023064,-0.12005377560853958,10.294242858886719
0,0,0,0,0.022451022639870644,-0.1228271946310997,10.294036865234375
0,0,0,0,0.0346003957092762,-0.12497130036354065,10.293861389160156
0,0,0,0,0.04726755991578102,-0.12728974223136902,10.293701171875
0,0,0,0,0.06493103504180908,-0.13047616183757782,10.29345703125
0,0,0,0,0.07868082076311111,-0.13298813998699188,10.293296813964844
0,0,0,0,0.0929005965590477,-0.13557983934879303,10.293121337890625
0,0,0,0,0.11239640414714813,-0.13916555047035217,10.292884826660156
0,0,0,0,0.12754984200000763,-0.14198093116283417,10.292678833007812
0,0,0,0,0.1430390179157257,-0.1448104828596115,10.29241943359375
0,0,0,0,0.16452501714229584,-0.14876039326190948,10.2919921875
0,0,0,0,0.1812022179365158,-0.15177389979362488,10.291603088378906
0,0,0,0,0.19858688116073608,-0.15497413277626038,10.291114807128906
0,0,0,0,0.222679004073143,-0.1592705249786377,10.290374755859375
0,0,0,0,0.2416509985923767,-0.1626855731010437,10.289718627929688
0,0,0,0,0.26131191849708557,-0.16607306897640228,10.288970947265625
0,0,0,0,0.288871705532074,-0.17081299424171448,10.287849426269531
0,0,0,0,0.3105953633785248,-0.1744164526462555,10.286895751953125
0,0,0,0,0.3332788348197937,-0.178192600607872,10.285842895507812
0,0,0,0,0.3650577962398529,-0.18335896730422974,10.284225463867188
0,0,0,0,0.39004096388816833,-0.1873636096715927,10.282882690429688
0,0,0,0,0.41609838604927063,-0.19144605100154877,10.281440734863281
0,0,0,0,0.4524886906147003,-0.19703815877437592,10.279342651367188
0,0,0,0,0.4811312258243561,-0.20134009420871735,10.277679443359375
0,0,0,0,0.5108092427253723,-0.20572087168693542,10.275947570800781
0,0,0,0,0.5522176027297974,-0.21172930300235748,10.273536682128906
0,0,0,0,0.5845276117324829,-0.2163362056016922,10.271682739257812
0,0,0,0,0.6180710196495056,-0.22111332416534424,10.269760131835938
0,0,0,0,0.6645215153694153,-0.2275000959634781,10.267181396484375
0,0,0,0,0.7007811069488525,-0.23245929181575775,10.265228271484375
0,0,0,0,0.7381069660186768,-0.23739634454250336,10.263290405273438
0,0,0,0,0.7897430062294006,-0.2442006766796112,10.260688781738281
0,0,0,0,0.8297722935676575,-0.2493474930524826,10.258735656738281
0,0,0,0,0.8709688782691956,-0.2546466588973999,10.256782531738281
0,0,0,0,0.9275801181793213,-0.2616928815841675,10.254196166992188
0,0,0,0,0.9712977409362793,-0.26710817217826843,10.252296447753906
0,0,0,0,1.0160558223724365,-0.2725817859172821,10.250411987304688
0,0,0,0,1.0772948265075684,-0.2800390124320984,10.247993469238281
0,0,0,0,1.1244072914123535,-0.28569379448890686,10.246238708496094
0,0,0,0,1.1724134683609009,-0.2914245128631592,10.244537353515625
0,0,0,0,1.2378768920898438,-0.2991473376750946,10.242347717285156
0,0,0,0,1.2878462076187134,-0.3049183785915375,10.240806579589844
0,0,0,0,1.3386328220367432,-0.310762882232666,10.239372253417969
0,0,0,0,1.4073565006256104,-0.31861957907676697,10.237648010253906
0,0,0,0,1.4597266912460327,-0.32464316487312317,10.236480712890625
0,0,0,0,1.512546181678772,-0.33062615990638733,10.235435485839844
0,0,0,0,1.5838700532913208,-0.3387710452079773,10.234199523925781
0,0,0,0,1.6378073692321777,-0.3448077440261841,10.233352661132812
0,0,0,0,1.6921900510787964,-0.35096651315689087,10.232589721679688
0,0,0,0,1.7651125192642212,-0.3590865135192871,10.231719970703125
0,0,0,0,1.8201402425765991,-0.3652441203594208,10.231185913085938
0,0,0,0,1.8753933906555176,-0.3713083565235138,10.230720520019531
0,0,0,0,1.9493592977523804,-0.37950634956359863,10.230178833007812
0,0,0,0,2.0050134658813477,-0.38560810685157776,10.229835510253906
0,0,0,0,2.060758352279663,-0.39169758558273315,10.229507446289062
0,0,0,0,2.1353085041046143,-0.3997509777545929,10.228981018066406
0,0,0,0,2.1912829875946045,-0.405751496553421,10.228515625
0,0,0,0,2.2474305629730225,-0.4117714762687683,10.227989196777344
0,0,0,0,2.3223612308502197,-0.41974180936813354,10.226554870605469
0,0,0,0,2.378619909286499,-0.42573443055152893,10.224105834960938
0,0,0,0,2.4339940547943115,-0.4315227270126343,10.221412658691406
0,0,0,0,2.5056045055389404,-0.43896785378456116,10.217605590820312
0,0,0,0,2.557657480239868,-0.4442794620990753,10.214790344238281
0,0,0,0,2.608788251876831,-0.449511855840683,10.212059020996094
0,0,0,0,2.6755847930908203,-0.4560820460319519,10.208702087402344
0,0,0,0,2.7250874042510986,-0.46084487438201904,10.206520080566406
0,0,0,0,2.774273157119751,-0.46536409854888916,10.204620361328125
0,0,0,0,2.8398683071136475,-0.4713034927845001,10.202545166015625
0,0,0,0,2.889277696609497,-0.47556138038635254,10.201309204101562
0,0,0,0,2.9390265941619873,-0.4797736406326294,10.200325012207031
0,0,0,0,3.0060274600982666,-0.48517370223999023,10.1993408203125
0,0,0,0,3.056838035583496,-0.48912233114242554,10.198829650878906
0,0,0,0,3.1082441806793213,-0.4929991364479065,10.198478698730469
0,0,0,0,3.1775829792022705,-0.49806541204452515,10.198204040527344
0,0,0,0,3.230288505554199,-0.5018624663352966,10.198066711425781
0,0,0,0,3.283396005630493,-0.5055815577507019,10.198028564453125
0,0,0,0,3.3550288677215576,-0.5105900764465332,10.198104858398438
0,0,0,0,3.4091498851776123,-0.5142292976379395,10.198234558105469
0,0,0,0,3.4637296199798584,-0.5179007649421692,10.198410034179688
0,0,0,0,3.536916971206665,-0.5225794911384583,10.198715209960938
0,0,0,0,3.592205047607422,-0.526075005531311,10.198982238769531
0,0,0,0,3.6476364135742188,-0.5293800830841064,10.199295043945312
0,0,0,0,3.721911668777466,-0.5337967276573181,10.199714660644531
0,0,0,0,3.777808427810669,-0.536950409412384,10.200019836425781
0,0,0,0,3.833850145339966,-0.5400997996330261,10.200340270996094
0,0,0,0,3.9086830615997314,-0.5441631078720093,10.200736999511719
0,0,0,0,3.9648571014404297,-0.5471895337104797,10.201011657714844
0,0,0,0,4.021078586578369,-0.5501387119293213,10.201286315917969
0,0,0,0,4.096006393432617,-0.5540177226066589,10.201622009277344
0,0,0,0,4.152277946472168,-0.5569281578063965,10.201858520507812
0,0,0,0,4.2084879875183105,-0.5597894191741943,10.202095031738281
0,0,0,0,4.283499717712402,-0.5636343955993652,10.202346801757812
0,0,0,0,4.3396759033203125,-0.5664337277412415,10.202507019042969
0,0,0,0,4.395966529846191,-0.5692660808563232,10.202613830566406
0,0,0,0,4.470922946929932,-0.5728753805160522,10.202705383300781
0,0,0,0,4.527240753173828,-0.5756142735481262,10.2027587890625
0,0,0,0,4.583439826965332,-0.5781989097595215,10.202812194824219
0,0,0,0,4.658489227294922,-0.5816830396652222,10.202857971191406
0,0,0,0,4.714736461639404,-0.5841753482818604,10.202896118164062
0,0,0,0,4.771058559417725,-0.5866991281509399,10.202926635742188
0,0,0,0,4.846092224121094,-0.5899154543876648,10.202972412109375
0,0,0,0,4.902350425720215,-0.5923643708229065,10.203018188476562
0,0,0,0,4.958625793457031,-0.5947844982147217,10.203079223632812
0,0,0,0,5.0336480140686035,-0.5980628728866577,10.203216552734375
0,0,0,0,5.089938163757324,-0.6004977226257324,10.203376770019531
0,0,0,0,5.146158218383789,-0.6029247045516968,10.203544616699219
0,0,0,0,5.22111701965332,-0.6062160730361938,10.203811645507812
0,0,0,0,5.277217864990234,-0.6086921691894531,10.204071044921875
0,0,0,0,5.333391189575195,-0.6112277507781982,10.204368591308594
0,0,0,0,5.408171653747559,-0.6145287156105042,10.204818725585938
0,0,0,0,5.464317321777344,-0.6170638203620911,10.205116271972656
0,0,0,0,5.520336627960205,-0.6194866299629211,10.205406188964844
0,0,0,0,5.595119953155518,-0.6228010058403015,10.205802917480469
0,0,0,0,5.651170253753662,-0.6251554489135742,10.2060546875
0,0,0,0,5.707322597503662,-0.6275684237480164,10.20623779296875
0,0,0,0,5.782063007354736,-0.6306994557380676,10.206436157226562
0,0,0,0,5.838076591491699,-0.633149266242981,10.206573486328125
0,0,0,0,5.893991470336914,-0.6356917023658752,10.20672607421875
0,0,0,0,5.968432903289795,-0.6395829319953918,10.206993103027344
0,0,0,0,6.0240559577941895,-0.6428127288818359,10.207237243652344
0,0,0,0,6.079375267028809,-0.6464243531227112,10.207504272460938
0,0,0,0,6.152609825134277,-0.6518341898918152,10.207916259765625
0,0,0,0,6.206976890563965,-0.6563296914100647,10.208251953125
0,0,0,0,6.260904312133789,-0.661190927028656,10.2086181640625
0,0,0,0,6.331752777099609,-0.6681702733039856,10.209129333496094
0,0,0,0,6.384179592132568,-0.6737936735153198,10.209518432617188
0,0,0,0,6.4360032081604,-0.6795555353164673,10.209846496582031
0,0,0,0,6.504520893096924,-0.6875173449516296,10.210113525390625
0,0,0,0,6.555093765258789,-0.6935359835624695,10.210227966308594
0,0,0,0,6.604957580566406,-0.6997528672218323,10.21044921875
0,0,0,0,6.670517444610596,-0.7079249620437622,10.21075439453125
0,0,0,0,6.719386577606201,-0.713995099067688,10.210853576660156
0,0,0,0,6.76768684387207,-0.7198840975761414,10.210861206054688
0,0,0,0,6.830971717834473,-0.727791965007782,10.210845947265625
0,0,0,0,6.877372741699219,-0.7336000800132751,10.210807800292969
0,0,0,0,6.922724723815918,-0.7394030690193176,10.21075439453125
0,0,0,0,6.9812822341918945,-0.7469780445098877,10.210639953613281
0,0,0,0,7.023564338684082,-0.7525860071182251,10.210464477539062
0,0,0,0,7.064411640167236,-0.7581272721290588,10.210227966308594
0,0,0,0,7.116456985473633,-0.765410840511322,10.209815979003906
0,0,0,0,7.1537699699401855,-0.7707644104957581,10.209434509277344
0,0,0,0,7.189522743225098,-0.7759349942207336,10.208953857421875
0,0,0,0,7.2350687980651855,-0.7826573848724365,10.208244323730469
0,0,0,0,7.267622947692871,-0.787418007850647,10.20758056640625
0,0,0,0,7.299070358276367,-0.7920346856117249,10.206840515136719
0,0,0,0,7.339206218719482,-0.7976828813552856,10.20574951171875
0,0,0,0,7.368269443511963,-0.8016843795776367,10.204864501953125
0,0,0,0,7.396401405334473,-0.8053329586982727,10.203910827636719
0,0,0,0,7.4328436851501465,-0.8098354339599609,10.202606201171875
0,0,0,0,7.459406852722168,-0.8127776980400085,10.201644897460938
0,0,0,0,7.485479831695557,-0.8154891729354858,10.20068359375
0,0,0,0,7.519532203674316,-0.8185829520225525,10.199394226074219
0,0,0,0,7.544627666473389,-0.820584237575531,10.198394775390625
0,0,0,0,7.569408893585205,-0.8222227096557617,10.197364807128906
0,0,0,0,7.601998805999756,-0.8239251971244812,10.196022033691406
0,0,0,0,7.634294509887695,-0.825115978717804,10.194679260253906
0,0,0,0,7.650277614593506,-0.8254724740982056,10.194015502929688
0,0,0,0,7.682219505310059,-0.8258863687515259,10.192672729492188
0,0,0,0,7.706007957458496,-0.8258221745491028,10.191650390625
0,0,0,0,7.729844570159912,-0.8255671858787537,10.19061279296875
0,0,0,0,7.761488437652588,-0.8247602581977844,10.189216613769531
0,0,0,0,7.785367012023926,-0.8239544630050659,10.188140869140625
0,0,0,0,7.809282302856445,-0.8228371143341064,10.18701171875
0,0,0,0,7.841622829437256,-0.8211088180541992,10.185379028320312
0,0,0,0,7.866250038146973,-0.8194464445114136,10.18402099609375
0,0,0,0,7.891469478607178,-0.8176453113555908,10.182510375976562
0,0,0,0,7.926032066345215,-0.8147805333137512,10.180213928222656
0,0,0,0,7.952819347381592,-0.8124091029167175,10.178329467773438
0,0,0,0,7.980490207672119,-0.8097081780433655,10.176284790039062
0,0,0,0,8.018861770629883,-0.8057544827461243,10.173332214355469
0,0,0,0,8.04888916015625,-0.8024747371673584,10.170921325683594
0,0,0,0,8.079970359802246,-0.798915684223175,10.168365478515625
0,0,0,0,8.123284339904785,-0.7937729954719543,10.164779663085938
0,0,0,0,8.157094955444336,-0.7895873188972473,10.1619873046875
0,0,0,0,8.192179679870605,-0.7851816415786743,10.159080505371094
0,0,0,0,8.240738868713379,-0.7788627743721008,10.155082702636719
0,0,0,0,8.27863883972168,-0.7738867998123169,10.151939392089844
0,0,0,0,8.31759262084961,-0.768580973148346,10.148735046386719
0,0,0,0,8.371431350708008,-0.7612856030464172,10.144332885742188
0,0,0,0,8.413065910339355,-0.7555488348007202,10.1409912109375
0,0,0,0,8.455902099609375,-0.7497402429580688,10.137611389160156
0,0,0,0,8.514582633972168,-0.7416451573371887,10.133132934570312
0,0,0,0,8.559805870056152,-0.7354417443275452,10.129844665527344
0,0,0,0,8.606005668640137,-0.7290340065956116,10.126571655273438
0,0,0,0,8.669173240661621,-0.72035151720047,10.122238159179688
0,0,0,0,8.717682838439941,-0.7136467695236206,10.119049072265625
0,0,0,0,8.767073631286621,-0.7068309783935547,10.115882873535156
0,0,0,0,8.83427619934082,-0.6975667476654053,10.111656188964844
0,0,0,0,8.885520935058594,-0.690523624420166,10.108497619628906
0,0,0,0,8.937559127807617,-0.6834176182746887,10.1053466796875
0,0,0,0,9.007847785949707,-0.673851490020752,10.101181030273438
0,0,0,0,9.061297416687012,-0.6666646599769592,10.098121643066406
0,0,0,0,9.115169525146484,-0.6593823432922363,10.095146179199219
0,0,0,0,9.187783241271973,-0.6496922373771667,10.091331481933594
0,0,0,0,9.242609024047852,-0.6423431634902954,10.088577270507812
0,0,0,0,9.29784870147705,-0.6351284980773926,10.085922241210938
0,0,0,0,9.371857643127441,-0.6254778504371643,10.082565307617188
0,0,0,0,9.427694320678711,-0.6183901429176331,10.080162048339844
0,0,0,0,9.483681678771973,-0.6112716197967529,10.077857971191406
0,0,0,0,9.558682441711426,-0.6020070910453796,10.074920654296875
0,0,0,0,9.615039825439453,-0.5951218008995056,10.072799682617188
0,0,0,0,9.671499252319336,-0.5884152054786682,10.070755004882812
0,0,0,0,9.746953964233398,-0.5796414613723755,10.068099975585938
0,0,0,0,9.803642272949219,-0.5732545256614685,10.066162109375
0,0,0,0,9.860428810119629,-0.5670058131217957,10.06427001953125
0,0,0,0,9.936137199401855,-0.5589171051979065,10.061820983886719
0,0,0,0,9.993033409118652,-0.5530754327774048,10.060012817382812
0,0,0,0,10.04989242553711,-0.5474139451980591,10.058204650878906
0,0,0,0,10.125890731811523,-0.5402718186378479,10.055793762207031
0,0,0,0,10.18285083770752,-0.5350906848907471,10.053970336914062
0,0,0,0,10.239899635314941,-0.5302190780639648,10.0521240234375
0,0,0,0,10.315861701965332,-0.5240105986595154,10.049629211425781
0,0,0,0,10.372929573059082,-0.5197102427482605,10.047760009765625
0,0,0,0,10.429953575134277,-0.51558518409729,10.0458984375
0,0,0,0,10.506086349487305,-0.5106372833251953,10.043434143066406
0,0,0,0,10.563150405883789,-0.5071985721588135,10.041587829589844
0,0,0,0,10.620258331298828,-0.5041532516479492,10.039749145507812
0,0,0,0,10.696392059326172,-0.5004794597625732,10.037345886230469
0,0,0,0,10.753517150878906,-0.4981163740158081,10.035575866699219
0,0,0,0,10.810656547546387,-0.4960263967514038,10.033805847167969
0,0,0,0,10.8867826461792,-0.4938068985939026,10.031463623046875
0,0,0,0,10.943913459777832,-0.49255654215812683,10.029739379882812
0,0,0,0,11.000921249389648,-0.49161458015441895,10.028053283691406
0,0,0,0,11.076955795288086,-0.49084752798080444,10.025871276855469
0,0,0,0,11.133906364440918,-0.490572452545166,10.0242919921875
0,0,0,0,11.190962791442871,-0.490693598985672,10.022750854492188
0,0,0,0,11.266902923583984,-0.4913528859615326,10.020721435546875
0,0,0,0,11.323917388916016,-0.4923466742038727,10.019210815429688
0,0,0,0,11.380823135375977,-0.4935895502567291,10.01776123046875
0,0,0,0,11.456790924072266,-0.4958820641040802,10.015846252441406
0,0,0,0,11.513678550720215,-0.49791961908340454,10.014404296875
0,0,0,0,11.570623397827148,-0.5003748536109924,10.012939453125
0,0,0,0,11.646470069885254,-0.5040593147277832,10.010948181152344
0,0,0,0,11.703330993652344,-0.5072373151779175,10.009429931640625
0,0,0,0,11.76012897491455,-0.5106645226478577,10.007919311523438
0,0,0,0,11.835800170898438,-0.5157641172409058,10.005889892578125
0,0,0,0,11.892512321472168,-0.5199044346809387,10.004356384277344
0,0,0,0,11.949159622192383,-0.5243713855743408,10.002815246582031
0,0,0,0,12.024675369262695,-0.5307549834251404,10.000785827636719
0,0,0,0,12.081208229064941,-0.5358139872550964,9.999275207519531
0,0,0,0,12.137794494628906,-0.541172981262207,9.997718811035156
0,0,0,0,12.213059425354004,-0.548660159111023,9.99560546875
0,0,0,0,12.269558906555176,-0.5546249747276306,9.9940185546875
0,0,0,0,12.325934410095215,-0.5607372522354126,9.992446899414062
0,0,0,0,12.401190757751465,-0.5693400502204895,9.9903564453125
0,0,0,0,12.457550048828125,-0.575957179069519,9.988807678222656
0,0,0,0,12.513969421386719,-0.582859992980957,9.9873046875
0,0,0,0,12.589096069335938,-0.5922665596008301,9.985298156738281
0,0,0,0,12.645462036132812,-0.5996149778366089,9.983779907226562
0,0,0,0,12.701781272888184,-0.6070436835289001,9.982231140136719
0,0,0,0,12.776864051818848,-0.6172682046890259,9.980140686035156
0,0,0,0,12.833183288574219,-0.6250722408294678,9.978569030761719
0,0,0,0,12.889473915100098,-0.6330463886260986,9.976966857910156
0,0,0,0,12.964550971984863,-0.6438720226287842,9.974822998046875
0,0,0,0,13.020777702331543,-0.6521465182304382,9.973228454589844
0,0,0,0,13.07706356048584,-0.6605486869812012,9.971633911132812
0,0,0,0,13.152021408081055,-0.6718667149543762,9.969497680664062
0,0,0,0,13.208296775817871,-0.6804751753807068,9.9678955078125
0,0,0,0,13.26447582244873,-0.6891021132469177,9.966293334960938
0,0,0,0,13.339471817016602,-0.7008284330368042,9.964187622070312
0,0,0,0,13.395634651184082,-0.7096576690673828,9.962608337402344
0,0,0,0,13.451885223388672,-0.7186538577079773,9.961013793945312
0,0,0,0,13.526751518249512,-0.73063063621521,9.958946228027344
0,0,0,0,13.58296012878418,-0.739734947681427,9.957435607910156
0,0,0,0,13.639166831970215,-0.7487789988517761,9.955963134765625
0,0,0,0,13.714278221130371,-0.7609984874725342,9.954032897949219
0,0,0,0,13.789463996887207,-0.7732923626899719,9.952125549316406
0,0,0,0,13.82706356048584,-0.7794934511184692,9.951225280761719
0,0,0,0,13.902312278747559,-0.7918835878372192,9.949447631835938
0,0,0,0,13.958736419677734,-0.801233172416687,9.9481201171875
0,0,0,0,14.015228271484375,-0.8106181025505066,9.946792602539062
0,0,0,0,14.090544700622559,-0.82322758436203,9.945037841796875
0,0,0,0,14.147130012512207,-0.8327353596687317,9.943740844726562
0,0,0,0,14.2036771774292,-0.8422525525093079,9.942428588867188
0,0,0,0,14.279241561889648,-0.8550193309783936,9.940704345703125
0,0,0,0,14.335896492004395,-0.8645621538162231,9.939445495605469
0,0,0,0,14.392674446105957,-0.8742141723632812,9.938217163085938
0,0,0,0,14.468318939208984,-0.886981725692749,9.936614990234375
0,0,0,0,14.525168418884277,-0.89662766456604,9.935432434082031
0,0,0,0,14.581964492797852,-0.9061441421508789,9.934272766113281
0,0,0,0,14.657732009887695,-0.9188414812088013,9.932769775390625
0,0,0,0,14.714524269104004,-0.9282061457633972,9.931625366210938
0,0,0,0,14.771345138549805,-0.9375966191291809,9.930442810058594
0,0,0,0,14.847057342529297,-0.9499634504318237,9.928787231445312
0,0,0,0,14.90384292602539,-0.9592408537864685,9.927482604980469
0,0,0,0,14.96065616607666,-0.9684238433837891,9.926155090332031
0,0,0,0,15.036356925964355,-0.9806668162345886,9.924400329589844
0,0,0,0,15.093189239501953,-0.989800214767456,9.923072814941406
0,0,0,0,15.149954795837402,-0.9988649487495422,9.921730041503906
0,0,0,0,15.22572135925293,-1.0109140872955322,9.919967651367188
0,0,0,0,15.282499313354492,-1.019848108291626,9.918655395507812
0,0,0,0,15.339412689208984,-1.028805136680603,9.917335510253906
0,0,0,0,15.415261268615723,-1.0405638217926025,9.915611267089844
0,0,0,0,15.472249031066895,-1.0493807792663574,9.914344787597656
0,0,0,0,15.529189109802246,-1.0580374002456665,9.913093566894531
0,0,0,0,15.605290412902832,-1.069615364074707,9.911407470703125
0,0,0,0,15.662370681762695,-1.0781549215316772,9.91015625
0,0,0,0,15.719561576843262,-1.0867314338684082,9.908920288085938
0,0,0,0,15.795811653137207,-1.097954273223877,9.907279968261719
0,0,0,0,15.853011131286621,-1.1063565015792847,9.906082153320312
0,0,0,0,15.910202980041504,-1.1146304607391357,9.904891967773438
0,0,0,0,15.986485481262207,-1.1256343126296997,9.903366088867188
0,0,0,0,16.043750762939453,-1.1337980031967163,9.902267456054688
0,0,0,0,16.101003646850586,-1.141928791999817,9.9012451171875
0,0,0,0,16.17741584777832,-1.1526973247528076,9.900039672851562
0,0,0,0,16.234642028808594,-1.1606227159500122,9.899261474609375
0,0,0,0,16.291963577270508,-1.1684963703155518,9.898536682128906
0,0,0,0,16.368328094482422,-1.178820013999939,9.897682189941406
0,0,0,0,16.425697326660156,-1.1865698099136353,9.897071838378906
0,0,0,0,16.48296546936035,-1.1941742897033691,9.896492004394531
0,0,0,0,16.55942153930664,-1.2042884826660156,9.895751953125
0,0,0,0,16.61669158935547,-1.2117172479629517,9.895248413085938
0,0,0,0,16.67401885986328,-1.2191500663757324,9.894752502441406
0,0,0,0,16.75035858154297,-1.2287986278533936,9.894088745117188
0,0,0,0,16.80764389038086,-1.236016035079956,9.893608093261719
0,0,0,0,16.864887237548828,-1.2431260347366333,9.893119812011719
0,0,0,0,16.941265106201172,-1.2525988817214966,9.892440795898438
0,0,0,0,16.998565673828125,-1.2596261501312256,9.891929626464844
0,0,0,0,17.055871963500977,-1.2666834592819214,9.891395568847656
0,0,0,0,17.132343292236328,-1.276023268699646,9.890678405761719
0,0,0,0,17.18968963623047,-1.2830396890640259,9.890121459960938
0,0,0,0,17.24711799621582,-1.2900491952896118,9.889564514160156
0,0,0,0,17.323705673217773,-1.299329161643982,9.888847351074219
0,0,0,0,17.381258010864258,-1.3062939643859863,9.888298034667969
0,0,0,0,17.43875503540039,-1.3131647109985352,9.887733459472656
0,0,0,0,17.515544891357422,-1.3223521709442139,9.887016296386719
0,0,0,0,17.573055267333984,-1.3291577100753784,9.886520385742188
0,0,0,0,17.63066864013672,-1.336059331893921,9.886032104492188
0,0,0,0,17.707355499267578,-1.3451377153396606,9.885429382324219
0,0,0,0,17.76490020751953,-1.3519874811172485,9.884994506835938
0,0,0,0,17.822399139404297,-1.3587137460708618,9.88409423828125
0,0,0,0,17.898860931396484,-1.3677699565887451,9.881156921386719
0,0,0,0,17.95526695251465,-1.374326229095459,9.87939453125
0,0,0,0,18.010921478271484,-1.3807425498962402,9.878067016601562
0,0,0,0,18.08437728881836,-1.3889362812042236,9.8763427734375
0,0,0,0,18.139034271240234,-1.3948177099227905,9.87518310546875
0,0,0,0,18.193458557128906,-1.4004021883010864,9.874252319335938
0,0,0,0,18.26580238342285,-1.4074188470840454,9.873443603515625
0,0,0,0,18.320106506347656,-1.412354826927185,9.873046875
0,0,0,0,18.374433517456055,-1.4169833660125732,9.872810363769531
0,0,0,0,18.447235107421875,-1.4227408170700073,9.8726806640625
0,0,0,0,18.501972198486328,-1.426650881767273,9.872718811035156
0,0,0,0,18.55707550048828,-1.4303462505340576,9.872833251953125
0,0,0,0,18.630775451660156,-1.434760332107544,9.873069763183594
0,0,0,0,18.686351776123047,-1.4379239082336426,9.873268127441406
0,0,0,0,18.742015838623047,-1.4408057928085327,9.873451232910156
0,0,0,0,18.81663703918457,-1.444481372833252,9.873664855957031
0,0,0,0,18.872779846191406,-1.4469393491744995,9.873802185058594
0,0,0,0,18.929113388061523,-1.4493021965026855,9.873947143554688
0,0,0,0,19.004405975341797,-1.4521490335464478,9.874114990234375
0,0,0,0,19.061002731323242,-1.4541680812835693,9.874221801757812
0,0,0,0,19.117712020874023,-1.4559991359710693,9.874313354492188
0,0,0,0,19.193452835083008,-1.4582761526107788,9.874427795410156
0,0,0,0,19.25037384033203,-1.4598442316055298,9.874496459960938
0,0,0,0,19.30727767944336,-1.4613087177276611,9.874557495117188
0,0,0,0,19.383325576782227,-1.4631346464157104,9.874595642089844
0,0,0,0,19.440340042114258,-1.4643810987472534,9.874618530273438
0,0,0,0,19.497453689575195,-1.4656333923339844,9.874595642089844
0,0,0,0,19.573482513427734,-1.4671909809112549,9.874549865722656
0,0,0,0,19.630613327026367,-1.4684044122695923,9.874488830566406
0,0,0,0,19.687667846679688,-1.4695121049880981,9.874397277832031
0,0,0,0,19.76384162902832,-1.4710406064987183,9.87420654296875
0,0,0,0,19.820913314819336,-1.4720795154571533,9.8740234375
0,0,0,0,19.878042221069336,-1.4731450080871582,9.873825073242188
0,0,0,0,19.95420265197754,-1.4743553400039673,9.873550415039062
0,0,0,0,20.011409759521484,-1.4752427339553833,9.873321533203125
0,0,0,0,20.068622589111328,-1.476006269454956,9.87310791015625
0,0,0,0,20.144956588745117,-1.477001428604126,9.872825622558594
0,0,0,0,20.202272415161133,-1.4776921272277832,9.872581481933594
0,0,0,0,20.259613037109375,-1.4783821105957031,9.872337341308594
0,0,0,0,20.336088180541992,-1.4792306423187256,9.872047424316406
0,0,0,0,20.393390655517578,-1.4798305034637451,9.871826171875
0,0,0,0,20.450809478759766,-1.480454444885254,9.87158203125
0,0,0,0,20.527238845825195,-1.4812185764312744,9.871208190917969
0,0,0,0,20.584659576416016,-1.4818681478500366,9.870933532714844
0,0,0,0,20.641990661621094,-1.4826202392578125,9.870681762695312
0,0,0,0,20.718488693237305,-1.4842674732208252,9.870361328125
0,0,0,0,20.775732040405273,-1.4859331846237183,9.870162963867188
0,0,0,0,20.8330078125,-1.488187313079834,9.869972229003906
0,0,0,0,20.909217834472656,-1.491895318031311,9.869705200195312
0,0,0,0,20.966337203979492,-1.4953566789627075,9.869522094726562
0,0,0,0,21.023366928100586,-1.4991971254348755,9.869354248046875
0,0,0,0,21.099342346191406,-1.5050803422927856,9.869171142578125
0,0,0,0,21.15627670288086,-1.5098741054534912,9.86907958984375
0,0,0,0,21.21316146850586,-1.5149651765823364,9.869003295898438
0,0,0,0,21.28903579711914,-1.5219537019729614,9.868965148925781
0,0,0,0,21.345932006835938,-1.5272502899169922,9.868988037109375
0,0,0,0,21.40289306640625,-1.5325109958648682,9.869033813476562
0,0,0,0,21.478755950927734,-1.5392754077911377,9.869125366210938
0,0,0,0,21.53574562072754,-1.5441123247146606,9.869224548339844
0,0,0,0,21.592674255371094,-1.548601746559143,9.869346618652344
0,0,0,0,21.668697357177734,-1.5540624856948853,9.869529724121094
0,0,0,0,21.725645065307617,-1.5575332641601562,9.869651794433594
0,0,0,0,21.782684326171875,-1.560569405555725,9.869781494140625
0,0,0,0,21.858642578125,-1.563621997833252,9.869911193847656
0,0,0,0,21.915653228759766,-1.5652716159820557,9.869972229003906
0,0,0,0,21.97258186340332,-1.5661879777908325,9.869972229003906
0,0,0,0,22.048480987548828,-1.5664266347885132,9.869888305664062
0,0,0,0,22.105255126953125,-1.5657519102096558,9.869773864746094
0,0,0,0,22.18065071105957,-1.5638585090637207,9.869529724121094
0,0,0,0,22.23691749572754,-1.5616134405136108,9.869255065917969
0,0,0,0,22.29279136657715,-1.5587117671966553,9.868942260742188
0,0,0,0,22.366640090942383,-1.5538694858551025,9.868392944335938
0,0,0,0,22.42124366760254,-1.54953134059906,9.867965698242188
0,0,0,0,22.475122451782227,-1.5447447299957275,9.867561340332031
0,0,0,0,22.545379638671875,-1.5377174615859985,9.867057800292969
0,0,0,0,22.596965789794922,-1.5321075916290283,9.866722106933594
0,0,0,0,22.647371292114258,-1.5261048078536987,9.866386413574219
0,0,0,0,22.712915420532227,-1.5177165269851685,9.86602783203125
0,0,0,0,22.760780334472656,-1.51095712184906,9.865821838378906
0,0,0,0,22.807756423950195,-1.503901720046997,9.865669250488281
0,0,0,0,22.869081497192383,-1.4936985969543457,9.865547180175781
0,0,0,0,22.91441535949707,-1.4855738878250122,9.865516662597656
0,0,0,0,22.959304809570312,-1.476852297782898,9.865478515625
0,0,0,0,23.018739700317383,-1.4644147157669067,9.865425109863281
0,0,0,0,23.06315803527832,-1.4543577432632446,9.865333557128906
0,0,0,0,23.10755729675293,-1.4437206983566284,9.865196228027344
0,0,0,0,23.167081832885742,-1.4284614324569702,9.864875793457031
0,0,0,0,23.21202278137207,-1.4161970615386963,9.864532470703125
0,0,0,0,23.257396697998047,-1.4032446146011353,9.864059448242188
0,0,0,0,23.318500518798828,-1.3848539590835571,9.863235473632812
0,0,0,0,23.364944458007812,-1.370338797569275,9.862472534179688
0,0,0,0,23.41175651550293,-1.3550807237625122,9.861587524414062
0,0,0,0,23.47496795654297,-1.333757758140564,9.860252380371094
0,0,0,0,23.522836685180664,-1.3169249296188354,9.85919189453125
0,0,0,0,23.571269989013672,-1.2995407581329346,9.858131408691406
0,0,0,0,23.636432647705078,-1.2753127813339233,9.856781005859375
0,0,0,0,23.68580436706543,-1.25655198097229,9.855812072753906
0,0,0,0,23.735475540161133,-1.237107276916504,9.854927062988281
0,0,0,0,23.80226707458496,-1.2104142904281616,9.853874206542969
0,0,0,0,23.85272979736328,-1.1897205114364624,9.853202819824219
0,0,0,0,23.903488159179688,-1.168628454208374,9.852622985839844
0,0,0,0,23.97157096862793,-1.1397614479064941,9.852027893066406
0,0,0,0,24.022846221923828,-1.1176557540893555,9.851753234863281
0,0,0,0,24.074371337890625,-1.0951582193374634,9.851600646972656
0,0,0,0,24.143325805664062,-1.0646004676818848,9.851600646972656
0,0,0,0,24.1953067779541,-1.0413504838943481,9.85174560546875
0,0,0,0,24.247346878051758,-1.017803430557251,9.852005004882812
0,0,0,0,24.317066192626953,-0.9861234426498413,9.8525390625
0,0,0,0,24.369401931762695,-0.9621351361274719,9.853057861328125
0,0,0,0,24.421939849853516,-0.9381065368652344,9.853668212890625
0,0,0,0,24.4920654296875,-0.9058219790458679,9.854598999023438
0,0,0,0,24.544862747192383,-0.8816268444061279,9.855384826660156
0,0,0,0,24.597673416137695,-0.8572961688041687,9.856201171875
0,0,0,0,24.668333053588867,-0.8249732255935669,9.857284545898438
0,0,0,0,24.721397399902344,-0.800733745098114,9.858078002929688
0,0,0,0,24.774566650390625,-0.7766778469085693,9.858810424804688
0,0,0,0,24.84556007385254,-0.7447617650032043,9.859718322753906
0,0,0,0,24.898921966552734,-0.7210708260536194,9.860298156738281
0,0,0,0,24.952436447143555,-0.697594940662384,9.860794067382812
0,0,0,0,25.023914337158203,-0.6668159365653992,9.861343383789062
0,0,0,0,25.077680587768555,-0.644121527671814,9.861701965332031
0,0,0,0,25.1314754486084,-0.6217744946479797,9.861991882324219
0,0,0,0,25.20345115661621,-0.5926545858383179,9.862213134765625
0,0,0,0,25.257495880126953,-0.5713247656822205,9.862281799316406
0,0,0,0,25.31179428100586,-0.5505574941635132,9.862266540527344
0,0,0,0,25.384288787841797,-0.5236897468566895,9.86212158203125
0,0,0,0,25.438915252685547,-0.5042956471443176,9.861907958984375
0,0,0,0,25.493581771850586,-0.4854465425014496,9.86163330078125
0,0,0,0,25.566801071166992,-0.46148255467414856,9.861175537109375
0,0,0,0,25.62183380126953,-0.44428303837776184,9.86077880859375
0,0,0,0,25.67708396911621,-0.4279535412788391,9.860366821289062
0,0,0,0,25.750972747802734,-0.40731653571128845,9.859809875488281
0,0,0,0,25.80660629272461,-0.39285579323768616,9.859375
0,0,0,0,25.862407684326172,-0.37916481494903564,9.858955383300781
0,0,0,0,25.93705177307129,-0.3623542785644531,9.858360290527344
0,0,0,0,25.99325180053711,-0.3507908880710602,9.857887268066406
0,0,0,0,26.04952621459961,-0.34018829464912415,9.857376098632812
0,0,0,0,26.124767303466797,-0.3275240361690521,9.856689453125
0,0,0,0,26.18124771118164,-0.3190670609474182,9.856224060058594
0,0,0,0,26.237918853759766,-0.31157857179641724,9.855743408203125
0,0,0,0,26.31354522705078,-0.3030840754508972,9.855140686035156
0,0,0,0,26.370426177978516,-0.2979584336280823,9.854667663574219
0,0,0,0,26.427278518676758,-0.2937610447406769,9.854194641113281
0,0,0,0,26.5032958984375,-0.2898688018321991,9.853530883789062
0,0,0,0,26.560256958007812,-0.28804662823677063,9.853004455566406
0,0,0,0,26.617280960083008,-0.28731587529182434,9.852447509765625
0,0,0,0,26.69316291809082,-0.28779855370521545,9.851669311523438
0,0,0,0,26.750078201293945,-0.2893543541431427,9.851036071777344
0,0,0,0,26.806949615478516,-0.29180023074150085,9.850379943847656
0,0,0,0,26.88276481628418,-0.2966788709163666,9.849441528320312
0,0,0,0,26.9395809173584,-0.30143308639526367,9.848731994628906
0,0,0,0,26.996318817138672,-0.3071785867214203,9.848014831542969
0,0,0,0,27.07186508178711,-0.31627917289733887,9.847099304199219
0,0,0,0,27.12835693359375,-0.3241577446460724,9.846412658691406
0,0,0,0,27.18480110168457,-0.3329196274280548,9.84576416015625
0,0,0,0,27.259767532348633,-0.3459396958351135,9.844963073730469
0,0,0,0,27.315933227539062,-0.35679706931114197,9.844367980957031
0,0,0,0,27.371877670288086,-0.3684394359588623,9.84381103515625
0,0,0,0,27.44637107849121,-0.3853591978549957,9.843093872070312
0,0,0,0,27.502010345458984,-0.39895597100257874,9.842575073242188
0,0,0,0,27.5576171875,-0.4134594798088074,9.842025756835938
0,0,0,0,27.631481170654297,-0.43395093083381653,9.841255187988281
0,0,0,0,27.686738967895508,-0.4502953290939331,9.840621948242188
0,0,0,0,27.741703033447266,-0.4673032760620117,9.839950561523438
0,0,0,0,27.814668655395508,-0.4912414848804474,9.8389892578125
0,0,0,0,27.869123458862305,-0.509989321231842,9.838211059570312
0,0,0,0,27.92339515686035,-0.5295198559761047,9.837371826171875
0,0,0,0,27.995412826538086,-0.5565890073776245,9.836151123046875
0,0,0,0,28.04912567138672,-0.577720046043396,9.83514404296875
0,0,0,0,28.102638244628906,-0.5994948148727417,9.834068298339844
0,0,0,0,28.17364501953125,-0.629543125629425,9.831336975097656
0,0,0,0,28.226511001586914,-0.6526232361793518,9.827880859375
0,0,0,0,28.27838897705078,-0.6758314371109009,9.824653625488281
0,0,0,0,28.346351623535156,-0.7073736786842346,9.820777893066406
0,0,0,0,28.396469116210938,-0.7316067218780518,9.818069458007812
0,0,0,0,28.446033477783203,-0.7564591765403748,9.81573486328125
0,0,0,0,28.511028289794922,-0.7903446555137634,9.813346862792969
0,0,0,0,28.559234619140625,-0.8165780901908875,9.812103271484375
0,0,0,0,28.606948852539062,-0.8433874249458313,9.811347961425781
0,0,0,0,28.670141220092773,-0.8802263736724854,9.811050415039062
0,0,0,0,28.717199325561523,-0.9085742235183716,9.811225891113281
0,0,0,0,28.76407241821289,-0.9376896023750305,9.811698913574219
0,0,0,0,28.826223373413086,-0.9774523973464966,9.812774658203125
0,0,0,0,28.872648239135742,-1.0080883502960205,9.8138427734375
0,0,0,0,28.918954849243164,-1.03935968875885,9.815055847167969
0,0,0,0,28.98052978515625,-1.0820741653442383,9.816787719726562
0,0,0,0,29.0266056060791,-1.1147996187210083,9.818122863769531
0,0,0,0,29.072484970092773,-1.1480860710144043,9.81939697265625
0,0,0,0,29.13347816467285,-1.1933032274246216,9.820999145507812
0,0,0,0,29.17897605895996,-1.2277165651321411,9.822067260742188
0,0,0,0,29.22443962097168,-1.2626227140426636,9.823051452636719
0,0,0,0,29.284696578979492,-1.3097317218780518,9.824172973632812
0,0,0,0,29.32976722717285,-1.3455601930618286,9.824752807617188
0,0,0,0,29.37455940246582,-1.3816214799880981,9.825057983398438
0,0,0,0,29.434146881103516,-1.4302854537963867,9.824974060058594
0,0,0,0,29.478595733642578,-1.4670090675354004,9.82452392578125
0,0,0,0,29.522972106933594,-1.504051685333252,9.823745727539062
0,0,0,0,29.581892013549805,-1.5536500215530396,9.822219848632812
0,0,0,0,29.626012802124023,-1.5911142826080322,9.820777893066406
0,0,0,0,29.67007064819336,-1.628669023513794,9.819084167480469
0,0,0,0,29.728708267211914,-1.6789937019348145,9.816497802734375
0,0,0,0,29.77264976501465,-1.7168402671813965,9.814437866210938
0,0,0,0,29.81653594970703,-1.7547831535339355,9.812423706054688
0,0,0,0,29.875154495239258,-1.805477499961853,9.809837341308594
0,0,0,0,29.919118881225586,-1.8434861898422241,9.808006286621094
0,0,0,0,29.963237762451172,-1.881521463394165,9.806320190429688
0,0,0,0,30.022138595581055,-1.9320850372314453,9.804328918457031
0,0,0,0,30.066539764404297,-1.9699398279190063,9.803070068359375
0,0,0,0,30.11101531982422,-2.0075533390045166,9.801986694335938
0,0,0,0,30.17072868347168,-2.057424545288086,9.800865173339844
0,0,0,0,30.215717315673828,-2.0944619178771973,9.800254821777344
0,0,0,0,30.261045455932617,-2.13130521774292,9.7998046875
0,0,0,0,30.321788787841797,-2.1798601150512695,9.79949951171875
0,0,0,0,30.367704391479492,-2.2159810066223145,9.799446105957031
0,0,0,0,30.413877487182617,-2.251671552658081,9.799468994140625
0,0,0,0,30.476003646850586,-2.298797607421875,9.799652099609375
0,0,0,0,30.522998809814453,-2.3336102962493896,9.799850463867188
0,0,0,0,30.570322036743164,-2.3679556846618652,9.800064086914062
0,0,0,0,30.63397216796875,-2.4128854274749756,9.800315856933594
0,0,0,0,30.682029724121094,-2.44598650932312,9.800468444824219
0,0,0,0,30.730484008789062,-2.4785375595092773,9.800544738769531
0,0,0,0,30.795562744140625,-2.5209457874298096,9.800552368164062
0,0,0,0,30.844873428344727,-2.5520076751708984,9.800437927246094
0,0,0,0,30.894447326660156,-2.5822741985321045,9.800193786621094
0,0,0,0,30.961246490478516,-2.621497631072998,9.799659729003906
0,0,0,0,31.011722564697266,-2.649811029434204,9.799072265625
0,0,0,0,31.07975196838379,-2.6862056255340576,9.798042297363281
0,0,0,0,31.131235122680664,-2.712317705154419,9.797073364257812
0,0,0,0,31.183223724365234,-2.737531900405884,9.795936584472656
0,0,0,0,31.235597610473633,-2.761620044708252,9.794662475585938
0,0,0,0,31.306167602539062,-2.792159080505371,9.79278564453125
0,0,0,0,31.35958480834961,-2.8136892318725586,9.791244506835938
0,0,0,0,31.413434982299805,-2.834130048751831,9.78961181640625
0,0,0,0,31.48578643798828,-2.8594717979431152,9.787239074707031
0,0,0,0,31.540441513061523,-2.8771121501922607,9.785377502441406
0,0,0,0,31.595436096191406,-2.893498182296753,9.783416748046875
0,0,0,0,31.66912841796875,-2.913383960723877,9.780738830566406
0,0,0,0,31.724761962890625,-2.926819324493408,9.778717041015625
0,0,0,0,31.78055191040039,-2.9389331340789795,9.776695251464844
0,0,0,0,31.855388641357422,-2.9530904293060303,9.774002075195312
0,0,0,0,31.91166877746582,-2.962111711502075,9.771980285644531
0,0,0,0,31.968246459960938,-2.969893217086792,9.769943237304688
0,0,0,0,32.04383087158203,-2.9781124591827393,9.767219543457031
0,0,0,0,32.10074234008789,-2.982811689376831,9.765205383300781
0,0,0,0,32.15766906738281,-2.986105442047119,9.763229370117188
0,0,0,0,32.233768463134766,-2.988626003265381,9.760627746582031
0,0,0,0,32.29086685180664,-2.988985776901245,9.758682250976562
0,0,0,0,32.348026275634766,-2.98819637298584,9.756797790527344
0,0,0,0,32.424198150634766,-2.985170841217041,9.754341125488281
0,0,0,0,32.481292724609375,-2.9816079139709473,9.7525634765625
0,0,0,0,32.538368225097656,-2.9768741130828857,9.750816345214844
0,0,0,0,32.614437103271484,-2.968932628631592,9.748527526855469
0,0,0,0,32.67150115966797,-2.9617502689361572,9.746841430664062
0,0,0,0,32.72842025756836,-2.9535841941833496,9.745170593261719
0,0,0,0,32.804237365722656,-2.9412357807159424,9.742965698242188
0,0,0,0,32.86089324951172,-2.93086838722229,9.741340637207031
0,0,0,0,32.91753387451172,-2.9196674823760986,9.739753723144531
0,0,0,0,32.992794036865234,-2.903371810913086,9.73760986328125
0,0,0,0,33.04914855957031,-2.8902955055236816,9.735984802246094
0,0,0,0,33.10525894165039,-2.8763935565948486,9.734336853027344
0,0,0,0,33.17995071411133,-2.8568918704986572,9.732086181640625
0,0,0,0,33.23576736450195,-2.841407060623169,9.7303466796875
0,0,0,0,33.29151153564453,-2.825411081314087,9.728622436523438
0,0,0,0,33.36549758911133,-2.80309796333313,9.726295471191406
0,0,0,0,33.4207878112793,-2.7857751846313477,9.724563598632812
0,0,0,0,33.47591018676758,-2.767853021621704,9.722824096679688
0,0,0,0,33.54926300048828,-2.743295669555664,9.720451354980469
0,0,0,0,33.60417938232422,-2.7243812084198,9.718589782714844
0,0,0,0,33.6589241027832,-2.7051002979278564,9.716651916503906
0,0,0,0,33.73179244995117,-2.6788711547851562,9.713981628417969
0,0,0,0,33.78629684448242,-2.658827543258667,9.711952209472656
0,0,0,0,33.84080123901367,-2.6385393142700195,9.709884643554688
0,0,0,0,33.91324234008789,-2.6110594272613525,9.707046508789062
0,0,0,0,33.967559814453125,-2.5902559757232666,9.70489501953125
0,0,0,0,34.02177047729492,-2.5692079067230225,9.702720642089844
0,0,0,0,34.094120025634766,-2.540983200073242,9.699760437011719
0,0,0,0,34.148250579833984,-2.5195705890655518,9.697494506835938
0,0,0,0,34.20241928100586,-2.498157262802124,9.695182800292969
0,0,0,0,34.27452850341797,-2.469404458999634,9.692024230957031
0,0,0,0,34.32863235473633,-2.4478535652160645,9.689651489257812
0,0,0,0,34.38262939453125,-2.426182270050049,9.687271118164062
0,0,0,0,34.45465850830078,-2.3973405361175537,9.684112548828125
0,0,0,0,34.50865936279297,-2.375659227371216,9.681777954101562
0,0,0,0,34.562599182128906,-2.3540291786193848,9.679473876953125
0,0,0,0,34.634376525878906,-2.3251848220825195,9.676551818847656
0,0,0,0,34.68803405761719,-2.303645610809326,9.674446105957031
0,0,0,0,34.741695404052734,-2.282228708267212,9.67236328125
0,0,0,0,34.8131103515625,-2.2538137435913086,9.669639587402344
0,0,0,0,34.86675262451172,-2.232670307159424,9.667640686035156
0,0,0,0,34.920318603515625,-2.211611032485962,9.6656494140625
0,0,0,0,34.991912841796875,-2.183896064758301,9.663040161132812
0,0,0,0,35.045570373535156,-2.1632473468780518,9.661125183105469
0,0,0,0,35.099395751953125,-2.1428563594818115,9.659225463867188
0,0,0,0,35.17116928100586,-2.1159980297088623,9.656768798828125
0,0,0,0,35.225189208984375,-2.0962812900543213,9.654953002929688
0,0,0,0,35.27926254272461,-2.0768299102783203,9.653160095214844
0,0,0,0,35.35165023803711,-2.0515875816345215,9.650871276855469
0,0,0,0,35.40607833862305,-2.0331013202667236,9.649276733398438
0,0,0,0,35.4606819152832,-2.0151848793029785,9.647750854492188
0,0,0,0,35.53372573852539,-1.9920240640640259,9.645851135253906
0,0,0,0,35.58867645263672,-1.9753097295761108,9.644569396972656
0,0,0,0,35.64385223388672,-1.9591448307037354,9.6434326171875
0,0,0,0,35.71768569946289,-1.9385435581207275,9.642120361328125
0,0,0,0,35.7733268737793,-1.9238629341125488,9.641304016113281
0,0,0,0,35.82907485961914,-1.909799575805664,9.640670776367188
0,0,0,0,35.90373611450195,-1.8921053409576416,9.640052795410156
0,0,0,0,35.95981216430664,-1.8796225786209106,9.639747619628906
0,0,0,0,36.01614761352539,-1.8679248094558716,9.639564514160156
0,0,0,0,36.091346740722656,-1.8533587455749512,9.639556884765625
0,0,0,0,36.148014068603516,-1.8433626890182495,9.639678955078125
0,0,0,0,36.204776763916016,-1.8340420722961426,9.639892578125
0,0,0,0,36.280818939208984,-1.822952389717102,9.640327453613281
0,0,0,0,36.337982177734375,-1.8154656887054443,9.640754699707031
0,0,0,0,36.39531326293945,-1.808855414390564,9.641273498535156
0,0,0,0,36.47187423706055,-1.8011494874954224,9.642143249511719
0,0,0,0,36.5294075012207,-1.7963008880615234,9.642890930175781
0,0,0,0,36.58702087402344,-1.7921373844146729,9.643684387207031
0,0,0,0,36.66388702392578,-1.7877577543258667,9.644790649414062
0,0,0,0,36.72161102294922,-1.7852892875671387,9.645668029785156
0,0,0,0,36.77933883666992,-1.78352952003479,9.646629333496094
0,0,0,0,36.85649871826172,-1.7822717428207397,9.647956848144531
0,0,0,0,36.91434097290039,-1.7820608615875244,9.648948669433594
0,0,0,0,36.9722900390625,-1.78251314163208,9.649887084960938
0,0,0,0,37.04930114746094,-1.7839776277542114,9.651222229003906
0,0,0,0,37.10696029663086,-1.7858089208602905,9.652305603027344
0,0,0,0,37.16440200805664,-1.7881056070327759,9.653434753417969
0,0,0,0,37.240943908691406,-1.7920982837677002,9.654953002929688
0,0,0,0,37.298152923583984,-1.795591115951538,9.656051635742188
0,0,0,0,37.35520935058594,-1.799620270729065,9.657211303710938
0,0,0,0,37.43095779418945,-1.8055914640426636,9.658836364746094
0,0,0,0,37.487674713134766,-1.8106093406677246,9.660057067871094
0,0,0,0,37.54427719116211,-1.815948724746704,9.661239624023438
0,0,0,0,37.619598388671875,-1.8237653970718384,9.662834167480469
0,0,0,0,37.67597961425781,-1.8300448656082153,9.664070129394531
0,0,0,0,37.732242584228516,-1.8367063999176025,9.665374755859375
0,0,0,0,37.80721664428711,-1.8460817337036133,9.667198181152344
0,0,0,0,37.863365173339844,-1.8534842729568481,9.668693542480469
0,0,0,0,37.919654846191406,-1.8612451553344727,9.670272827148438
0,0,0,0,37.99472427368164,-1.8720976114273071,9.672508239746094
0,0,0,0,38.05120849609375,-1.880673885345459,9.674232482910156
0,0,0,0,38.10770797729492,-1.8894556760787964,9.675971984863281
0,0,0,0,38.1832389831543,-1.90166437625885,9.678314208984375
0,0,0,0,38.2398567199707,-1.9110153913497925,9.680061340332031
0,0,0,0,38.296592712402344,-1.920695424079895,9.681755065917969
0,0,0,0,38.37200927734375,-1.933835506439209,9.683967590332031
0,0,0,0,38.42838668823242,-1.9439500570297241,9.685707092285156
0,0,0,0,38.48455810546875,-1.9541414976119995,9.687568664550781
0,0,0,0,38.55935287475586,-1.9680474996566772,9.690109252929688
0,0,0,0,38.61537551879883,-1.978609323501587,9.692070007324219
0,0,0,0,38.671390533447266,-1.9893497228622437,9.694099426269531
0,0,0,0,38.746116638183594,-2.003793954849243,9.696868896484375
0,0,0,0,38.80216979980469,-2.014763116836548,9.698951721191406
0,0,0,0,38.85832214355469,-2.02582049369812,9.701103210449219
0,0,0,0,38.933292388916016,-2.0406687259674072,9.703971862792969
0,0,0,0,38.98975372314453,-2.051950454711914,9.706138610839844
0,0,0,0,39.04629135131836,-2.0632693767547607,9.708290100097656
0,0,0,0,39.12196731567383,-2.0785624980926514,9.711151123046875
0,0,0,0,39.17878341674805,-2.090038299560547,9.713310241699219
0,0,0,0,39.235809326171875,-2.1016571521759033,9.715461730957031
0,0,0,0,39.31192398071289,-2.1171369552612305,9.718315124511719
0,0,0,0,39.36921310424805,-2.1288797855377197,9.720390319824219
0,0,0,0,39.42655944824219,-2.140542507171631,9.722419738769531
0,0,0,0,39.503231048583984,-2.1561875343322754,9.725067138671875
0,0,0,0,39.5607795715332,-2.1678643226623535,9.727027893066406
0,0,0,0,39.61836624145508,-2.179617166519165,9.728973388671875
0,0,0,0,39.69520568847656,-2.1952223777770996,9.731483459472656
0,0,0,0,39.752830505371094,-2.206942319869995,9.733329772949219
0,0,0,0,39.81050109863281,-2.2186245918273926,9.735130310058594
0,0,0,0,39.88739013671875,-2.2341978549957275,9.737495422363281
0,0,0,0,39.94511795043945,-2.2458877563476562,9.739250183105469
0,0,0,0,40.002750396728516,-2.25754451751709,9.741020202636719
0,0,0,0,40.07963943481445,-2.273117780685425,9.743385314941406
0,0,0,0,40.13719940185547,-2.2847282886505127,9.745193481445312
0,0,0,0,40.19481658935547,-2.296414375305176,9.747047424316406
0,0,0,0,40.27146911621094,-2.3119165897369385,9.749618530273438
0,0,0,0,40.329017639160156,-2.3236184120178223,9.751625061035156
0,0,0,0,40.38642120361328,-2.3352363109588623,9.753730773925781
0,0,0,0,40.46297073364258,-2.350829839706421,9.756698608398438
0,0,0,0,40.520286560058594,-2.362433910369873,9.759071350097656
0,0,0,0,40.57758712768555,-2.374105930328369,9.761558532714844
0,0,0,0,40.653873443603516,-2.3895344734191895,9.765037536621094
0,0,0,0,40.71105194091797,-2.401108741760254,9.767807006835938
0,0,0,0,40.768211364746094,-2.4126217365264893,9.770736694335938
0,0,0,0,40.844364166259766,-2.4280526638031006,9.774871826171875
0,0,0,0,40.90149688720703,-2.4396073818206787,9.778152465820312
0,0,0,0,40.958553314208984,-2.4511096477508545,9.781661987304688
0,0,0,0,41.034706115722656,-2.4663944244384766,9.786636352539062
0,0,0,0,41.091712951660156,-2.4777989387512207,9.790496826171875
0,0,0,0,41.14875030517578,-2.489204168319702,9.794441223144531
0,0,0,0,41.224578857421875,-2.5042338371276855,9.799827575683594
0,0,0,0,41.281394958496094,-2.515467405319214,9.80389404296875
0,0,0,0,41.337886810302734,-2.526522159576416,9.807952880859375
0,0,0,0,41.41276931762695,-2.5411489009857178,9.813316345214844
0,0,0,0,41.46835708618164,-2.5518581867218018,9.817268371582031
0,0,0,0,41.52352523803711,-2.562492847442627,9.821067810058594
0,0,0,0,41.59602355957031,-2.576286792755127,9.825881958007812
0,0,0,0,41.649539947509766,-2.586486577987671,9.829261779785156
0,0,0,0,41.70213317871094,-2.5964300632476807,9.832435607910156
0,0,0,0,41.77072525024414,-2.6094610691070557,9.836402893066406
0,0,0,0,41.820960998535156,-2.6189680099487305,9.839149475097656
0,0,0,0,41.87002944946289,-2.6282808780670166,9.841697692871094
0,0,0,0,41.933650970458984,-2.6402833461761475,9.8447265625
0,0,0,0,41.979793548583984,-2.649001359939575,9.846710205078125
0,0,0,0,42.02467727661133,-2.6574950218200684,9.848480224609375
0,0,0,0,42.0822868347168,-2.668360948562622,9.850517272949219
0,0,0,0,42.12389373779297,-2.676204204559326,9.851821899414062
0,0,0,0,42.16391372680664,-2.683662176132202,9.852935791015625
0,0,0,0,42.2149658203125,-2.6931722164154053,9.854118347167969
0,0,0,0,42.2513427734375,-2.699862003326416,9.854759216308594
0,0,0,0,42.2863883972168,-2.7064297199249268,9.854438781738281
0,0,0,0,42.3306884765625,-2.714298725128174,9.85174560546875
0,0,0,0,42.36149215698242,-2.7187001705169678,9.849197387695312
0,0,0,0,42.38970184326172,-2.721083402633667,9.846214294433594
0,0,0,0,42.42295455932617,-2.7209584712982178,9.84149169921875
0,0,0,0,42.444252014160156,-2.717871904373169,9.837379455566406
0,0,0,0,42.462223052978516,-2.7120299339294434,9.832771301269531
0,0,0,0,42.48085021972656,-2.699746608734131,9.825828552246094
0,0,0,0,42.49070739746094,-2.687201976776123,9.820137023925781
0,0,0,0,42.49726867675781,-2.6719467639923096,9.813629150390625
0,0,0,0,42.501094818115234,-2.6480631828308105,9.803924560546875
0,0,0,0,42.50065994262695,-2.6282711029052734,9.797271728515625
0,0,0,0,42.49773406982422,-2.6073434352874756,9.791481018066406
0,0,0,0,42.4908561706543,-2.5783584117889404,9.785537719726562
0,0,0,0,42.48402404785156,-2.5563032627105713,9.781166076660156
0,0,0,0,42.476444244384766,-2.53440260887146,9.775123596191406
0,0,0,0,42.46419906616211,-2.504734754562378,9.767349243164062
0,0,0,0,42.453216552734375,-2.4819467067718506,9.762031555175781
0,0,0,0,42.44072723388672,-2.4589147567749023,9.757781982421875
0,0,0,0,42.42247009277344,-2.4287428855895996,9.753990173339844
0,0,0,0,42.40767288208008,-2.4063186645507812,9.752700805664062
0,0,0,0,42.392032623291016,-2.3842148780822754,9.753036499023438
0,0,0,0,42.37015914916992,-2.3554623126983643,9.755851745605469
0,0,0,0,42.35335922241211,-2.3346431255340576,9.758323669433594
0,0,0,0,42.33629608154297,-2.31416654586792,9.760345458984375
0,0,0,0,42.31226348876953,-2.2867894172668457,9.764450073242188
0,0,0,0,42.29294204711914,-2.2657814025878906,9.768173217773438
0,0,0,0,42.27238464355469,-2.24446177482605,9.772506713867188
0,0,0,0,42.24369812011719,-2.2160794734954834,9.779266357421875
0,0,0,0,42.22115707397461,-2.194615364074707,9.784957885742188
0,0,0,0,42.197940826416016,-2.1730682849884033,9.791267395019531
0,0,0,0,42.16604995727539,-2.1444509029388428,9.80029296875
0,0,0,0,42.141910552978516,-2.1233699321746826,9.80694580078125
0,0,0,0,42.117488861083984,-2.10239315032959,9.813301086425781
0,0,0,0,42.08424758911133,-2.0741209983825684,9.821952819824219
0,0,0,0,42.058441162109375,-2.0522983074188232,9.828804016113281
0,0,0,0,42.032264709472656,-2.030475378036499,9.835639953613281
0,0,0,0,41.99699783325195,-2.0013999938964844,9.844398498535156
0,0,0,0,41.970252990722656,-1.9794892072677612,9.850662231445312
0,0,0,0,41.94314956665039,-1.9572051763534546,9.856719970703125
0,0,0,0,41.906497955322266,-1.927229881286621,9.864356994628906
0,0,0,0,41.87881088256836,-1.9046008586883545,9.869590759277344
0,0,0,0,41.850914001464844,-1.8817778825759888,9.87432861328125
0,0,0,0,41.81342697143555,-1.8508609533309937,9.879867553710938
0,0,0,0,41.78487777709961,-1.8272573947906494,9.883506774902344
0,0,0,0,41.75615310668945,-1.8034330606460571,9.886734008789062
0,0,0,0,41.717472076416016,-1.7712562084197998,9.890350341796875
0,0,0,0,41.6880989074707,-1.7466024160385132,9.89276123046875
0,0,0,0,41.658084869384766,-1.7212705612182617,9.895149230957031
0,0,0,0,41.61772918701172,-1.6872520446777344,9.898017883300781
0,0,0,0,41.58729934692383,-1.6615954637527466,9.899833679199219
0,0,0,0,41.556861877441406,-1.635809063911438,9.901390075683594
0,0,0,0,41.51594924926758,-1.6009187698364258,9.903160095214844
0,0,0,0,41.485130310058594,-1.57453453540802,9.904289245605469
0,0,0,0,41.45418167114258,-1.5478978157043457,9.90521240234375
0,0,0,0,41.41278839111328,-1.5120720863342285,9.906166076660156
0,0,0,0,41.3815803527832,-1.4847854375839233,9.906661987304688
0,0,0,0,41.350189208984375,-1.4572417736053467,9.906974792480469
0,0,0,0,41.30803680419922,-1.4200032949447632,9.907173156738281
0,0,0,0,41.276123046875,-1.3916893005371094,9.907234191894531
0,0,0,0,41.2441291809082,-1.3631348609924316,9.907241821289062
0,0,0,0,41.20130920410156,-1.3248754739761353,9.907089233398438
0,0,0,0,41.1693000793457,-1.2961918115615845,9.906837463378906
0,0,0,0,41.13713836669922,-1.2673134803771973,9.906501770019531
0,0,0,0,41.094032287597656,-1.2284036874771118,9.906097412109375
0,0,0,0,41.06135940551758,-1.1987980604171753,9.905838012695312
0,0,0,0,41.02853775024414,-1.1689833402633667,9.905570983886719
0,0,0,0,40.98411560058594,-1.1284048557281494,9.905250549316406
0,0,0,0,40.950355529785156,-1.097415566444397,9.905105590820312
0,0,0,0,40.916133880615234,-1.0658389329910278,9.904991149902344
0,0,0,0,40.8699951171875,-1.0231207609176636,9.904937744140625
0,0,0,0,40.83497619628906,-0.9904587864875793,9.904998779296875
0,0,0,0,40.79975128173828,-0.9575233459472656,9.905044555664062
0,0,0,0,40.75251388549805,-0.9130682945251465,9.905014038085938
0,0,0,0,40.71678161621094,-0.8792632222175598,9.904991149902344
0,0,0,0,40.68082809448242,-0.8450601100921631,9.904945373535156
0,0,0,0,40.632484436035156,-0.7989934086799622,9.904739379882812
0,0,0,0,40.59601593017578,-0.7640836238861084,9.904464721679688
0,0,0,0,40.5592155456543,-0.7288094162940979,9.90411376953125
0,0,0,0,40.50978469848633,-0.6813279986381531,9.903541564941406
0,0,0,0,40.47229766845703,-0.645291805267334,9.903053283691406
0,0,0,0,40.43461990356445,-0.6090242266654968,9.902587890625
0,0,0,0,40.38386535644531,-0.5601446032524109,9.901908874511719
0,0,0,0,40.3455924987793,-0.5232839584350586,9.901359558105469
0,0,0,0,40.30699920654297,-0.4860681891441345,9.900833129882812
0,0,0,0,40.25539779663086,-0.43633490800857544,9.900192260742188
0,0,0,0,40.216583251953125,-0.3989490270614624,9.899681091308594
0,0,0,0,40.17776870727539,-0.36160674691200256,9.899185180664062
0,0,0,0,40.125858306884766,-0.31158769130706787,9.898544311523438
0,0,0,0,40.08683395385742,-0.27405813336372375,9.898185729980469
0,0,0,0,40.04789733886719,-0.23656924068927765,9.897850036621094
0,0,0,0,39.996055603027344,-0.18674518167972565,9.897491455078125
0,0,0,0,39.957332611083984,-0.14945057034492493,9.89727783203125
0,0,0,0,39.91870880126953,-0.112307608127594,9.897003173828125
0,0,0,0,39.86752700805664,-0.0630313977599144,9.896598815917969
0,0,0,0,39.829185485839844,-0.026079175993800163,9.896286010742188
0,0,0,0,39.79106140136719,0.010750122368335724,9.895973205566406
0,0,0,0,39.74030303955078,0.05980973318219185,9.895500183105469
0,0,0,0,39.70248794555664,0.09645203500986099,9.895095825195312
0,0,0,0,39.6646728515625,0.13316024839878082,9.894622802734375
0,0,0,0,39.614402770996094,0.1820276826620102,9.893951416015625
0,0,0,0,39.57658004760742,0.21887117624282837,9.893409729003906
0,0,0,0,39.53872299194336,0.255759596824646,9.892921447753906
0,0,0,0,39.488101959228516,0.305087149143219,9.892326354980469
0,0,0,0,39.45023727416992,0.34195905923843384,9.891853332519531
0,0,0,0,39.41243362426758,0.37887197732925415,9.89129638671875
0,0,0,0,39.362083435058594,0.42804867029190063,9.890541076660156
0,0,0,0,39.324363708496094,0.4649902880191803,9.889984130859375
0,0,0,0,39.28662109375,0.5019533634185791,9.889396667480469
0,0,0,0,39.23629379272461,0.5513755083084106,9.888595581054688
0,0,0,0,39.19837188720703,0.5885912775993347,9.888015747070312
0,0,0,0,39.160404205322266,0.6258824467658997,9.887451171875
0,0,0,0,39.10957336425781,0.6757053136825562,9.886611938476562
0,0,0,0,39.071495056152344,0.7130494117736816,9.885940551757812
0,0,0,0,39.03328323364258,0.7505217790603638,9.885208129882812
0,0,0,0,38.98237228393555,0.8005227446556091,9.8841552734375
0,0,0,0,38.94403076171875,0.838227391242981,9.883338928222656
0,0,0,0,38.90572738647461,0.8758898377418518,9.882522583007812
0,0,0,0,38.8544921875,0.9262743592262268,9.881378173828125
0,0,0,0,38.816001892089844,0.9640700221061707,9.880531311035156
0,0,0,0,38.7773551940918,1.0020371675491333,9.879707336425781
0,0,0,0,38.72571563720703,1.0526732206344604,9.878654479980469
0,0,0,0,38.68689727783203,1.090796947479248,9.877914428710938
0,0,0,0,38.64796829223633,1.128972053527832,9.877227783203125
0,0,0,0,38.59591293334961,1.180060625076294,9.87640380859375
0,0,0,0,38.55671691894531,1.2184590101242065,9.875839233398438
0,0,0,0,38.517494201660156,1.256916880607605,9.875350952148438
0,0,0,0,38.46492385864258,1.3082993030548096,9.874847412109375
0,0,0,0,38.42555618286133,1.3467609882354736,9.874534606933594
0,0,0,0,38.38616943359375,1.3851808309555054,9.874229431152344
0,0,0,0,38.33381652832031,1.4362858533859253,9.873855590820312
0,0,0,0,38.29448699951172,1.4746919870376587,9.873611450195312
0,0,0,0,38.25523376464844,1.513034701347351,9.873390197753906
0,0,0,0,38.2027702331543,1.5643181800842285,9.873153686523438
0,0,0,0,38.16342544555664,1.6027700901031494,9.873130798339844
0,0,0,0,38.123992919921875,1.6413053274154663,9.873207092285156
0,0,0,0,38.07162094116211,1.6922687292099,9.873397827148438
0,0,0,0,38.03244400024414,1.7304095029830933,9.87359619140625
0,0,0,0,37.99329376220703,1.7684597969055176,9.873809814453125
0,0,0,0,37.94099044799805,1.8192378282546997,9.874114990234375
0,0,0,0,37.90163803100586,1.8572683334350586,9.874359130859375
0,0,0,0,37.86227035522461,1.8953216075897217,9.874626159667969
0,0,0,0,37.80961990356445,1.9461028575897217,9.875038146972656
0,0,0,0,37.77012252807617,1.9842334985733032,9.875358581542969
0,0,0,0,37.73041534423828,2.022442579269409,9.87567138671875
0,0,0,0,37.677345275878906,2.0734169483184814,9.876113891601562
0,0,0,0,37.63731002807617,2.1117782592773438,9.876457214355469
0,0,0,0,37.59726333618164,2.150127410888672,9.876808166503906
0,0,0,0,37.54372024536133,2.201353073120117,9.877212524414062
0,0,0,0,37.503692626953125,2.239614486694336,9.877403259277344
0,0,0,0,37.46360778808594,2.2779617309570312,9.877555847167969
0,0,0,0,37.41028594970703,2.3289897441864014,9.877647399902344
0,0,0,0,37.37031173706055,2.3673458099365234,9.877609252929688
0,0,0,0,37.31707000732422,2.4184300899505615,9.877479553222656
0,0,0,0,37.27718734741211,2.4567618370056152,9.877281188964844
0,0,0,0,37.237266540527344,2.4950826168060303,9.876976013183594
0,0,0,0,37.19731903076172,2.533491849899292,9.876571655273438
0,0,0,0,37.143898010253906,2.584813356399536,9.875900268554688
0,0,0,0,37.10374450683594,2.623384714126587,9.875312805175781
0,0,0,0,37.063419342041016,2.66205096244812,9.8746337890625
0,0,0,0,37.0095100402832,2.7137439250946045,9.873565673828125
0,0,0,0,36.96885299682617,2.7526533603668213,9.872634887695312
0,0,0,0,36.928192138671875,2.7915873527526855,9.871635437011719
0,0,0,0,36.87371826171875,2.843653917312622,9.8702392578125
0,0,0,0,36.83280563354492,2.882728099822998,9.869194030761719
0,0,0,0,36.79171371459961,2.9219393730163574,9.868179321289062
0,0,0,0,36.73693084716797,2.9742064476013184,9.866874694824219
0,0,0,0,36.69570541381836,3.0135281085968018,9.865943908691406
0,0,0,0,36.65448760986328,3.0527918338775635,9.865066528320312
0,0,0,0,36.59935760498047,3.105264186859131,9.863967895507812
0,0,0,0,36.55796813964844,3.1445722579956055,9.863151550292969
0,0,0,0,36.516502380371094,3.1839599609375,9.86236572265625
0,0,0,0,36.461212158203125,3.236388921737671,9.861328125
0,0,0,0,36.41975402832031,3.275709867477417,9.860572814941406
0,0,0,0,36.378211975097656,3.315040349960327,9.859825134277344
0,0,0,0,36.32285690307617,3.367551326751709,9.858871459960938
0,0,0,0,36.28126907348633,3.406980514526367,9.858200073242188
0,0,0,0,36.23975372314453,3.4463956356048584,9.85760498046875
0,0,0,0,36.18427276611328,3.4989991188049316,9.856918334960938
0,0,0,0,36.14274978637695,3.538388967514038,9.856460571289062
0,0,0,0,36.10114669799805,3.5778658390045166,9.856033325195312
0,0,0,0,36.04582214355469,3.6304306983947754,9.855499267578125
0,0,0,0,36.0042610168457,3.669959545135498,9.855094909667969
0,0,0,0,35.96280288696289,3.7094056606292725,9.854705810546875
0,0,0,0,35.90754699707031,3.7621781826019287,9.854110717773438
0,0,0,0,35.86622619628906,3.801748514175415,9.853660583496094
0,0,0,0,35.82488250732422,3.841433048248291,9.853195190429688
0,0,0,0,35.76982498168945,3.8942792415618896,9.852622985839844
0,0,0,0,35.72857666015625,3.933967351913452,9.852218627929688
0,0,0,0,35.687355041503906,3.9736363887786865,9.851799011230469
0,0,0,0,35.63241958618164,4.026621341705322,9.851219177246094
0,0,0,0,35.5911865234375,4.066397190093994,9.850776672363281
0,0,0,0,35.55002975463867,4.106182098388672,9.850318908691406
0,0,0,0,35.49512481689453,4.159247875213623,9.8497314453125
0,0,0,0,35.45402526855469,4.199010848999023,9.849327087402344
0,0,0,0,35.41286087036133,4.238834857940674,9.848960876464844
0,0,0,0,35.3581657409668,4.291888236999512,9.848434448242188
0,0,0,0,35.31715393066406,4.33173942565918,9.847984313964844
0,0,0,0,35.27634048461914,4.371466636657715,9.847511291503906
0,0,0,0,35.22191619873047,4.424516677856445,9.846832275390625
0,0,0,0,35.181236267089844,4.464265823364258,9.846260070800781
0,0,0,0,35.14054870605469,4.504149436950684,9.845657348632812
0,0,0,0,35.086483001708984,4.5573296546936035,9.844886779785156
0,0,0,0,35.04600524902344,4.597339630126953,9.844291687011719
0,0,0,0,35.005645751953125,4.637320518493652,9.843681335449219
0,0,0,0,34.951942443847656,4.690846920013428,9.842842102050781
0,0,0,0,34.911720275878906,4.73109245300293,9.842155456542969
0,0,0,0,34.87164306640625,4.771461486816406,9.841438293457031
0,0,0,0,34.81831741333008,4.82550048828125,9.840446472167969
0,0,0,0,34.778480529785156,4.866205215454102,9.83966064453125
0,0,0,0,34.73860549926758,4.9071431159973145,9.838859558105469
0,0,0,0,34.68562698364258,4.961981773376465,9.837821960449219
0,0,0,0,34.64591979980469,5.003341197967529,9.837020874023438
0,0,0,0,34.60637283325195,5.044764995574951,9.836235046386719
0,0,0,0,34.55367660522461,5.100316047668457,9.835258483886719
0,0,0,0,34.514347076416016,5.142076015472412,9.834625244140625
0,0,0,0,34.47504806518555,5.1840596199035645,9.834060668945312
0,0,0,0,34.42292404174805,5.2400994300842285,9.833419799804688
0,0,0,0,34.38391876220703,5.2823381423950195,9.832984924316406
0,0,0,0,34.345069885253906,5.3246235847473145,9.832611083984375
0,0,0,0,34.293392181396484,5.381307601928711,9.832122802734375
0,0,0,0,34.2547607421875,5.423906326293945,9.831771850585938
0,0,0,0,34.216217041015625,5.46668004989624,9.831443786621094
0,0,0,0,34.16497802734375,5.523929119110107,9.831039428710938
0,0,0,0,34.126747131347656,5.567065238952637,9.830718994140625
0,0,0,0,34.08856964111328,5.6103434562683105,9.83038330078125
0,0,0,0,34.03791809082031,5.66826057434082,9.829963684082031
0,0,0,0,33.99999237060547,5.711887359619141,9.829627990722656
0,0,0,0,33.96229553222656,5.7555766105651855,9.829269409179688
0,0,0,0,33.91209030151367,5.8140869140625,9.828773498535156
0,0,0,0,33.8746337890625,5.85805606842041,9.828414916992188
0,0,0,0,33.83718490600586,5.902203559875488,9.828071594238281
0,0,0,0,33.78750991821289,5.961109638214111,9.82763671875
0,0,0,0,33.75029754638672,6.005465030670166,9.82733154296875
0,0,0,0,33.713226318359375,6.049829483032227,9.827041625976562
0,0,0,0,33.66380310058594,6.109288215637207,9.826644897460938
0,0,0,0,33.62681579589844,6.1539306640625,9.82635498046875
0,0,0,0,33.589847564697266,6.198744297027588,9.826072692871094
0,0,0,0,33.54056167602539,6.258574962615967,9.82574462890625
0,0,0,0,33.50365447998047,6.303553581237793,9.825546264648438
0,0,0,0,33.466732025146484,6.348563194274902,9.825340270996094
0,0,0,0,33.417579650878906,6.408663272857666,9.824996948242188
0,0,0,0,33.38068389892578,6.453781604766846,9.824691772460938
0,0,0,0,33.34389114379883,6.498878479003906,9.824363708496094
0,0,0,0,33.294715881347656,6.559034824371338,9.823890686035156
0,0,0,0,33.25791549682617,6.604050159454346,9.823501586914062
0,0,0,0,33.22100067138672,6.649120330810547,9.82305908203125
0,0,0,0,33.171756744384766,6.709043979644775,9.822441101074219
0,0,0,0,33.1346549987793,6.753991603851318,9.82196044921875
0,0,0,0,33.09759521484375,6.798743724822998,9.821495056152344
0,0,0,0,33.04804611206055,6.858388423919678,9.820915222167969
0,0,0,0,33.010868072509766,6.90294885635376,9.820472717285156
0,0,0,0,32.97357177734375,6.947499752044678,9.82000732421875
0,0,0,0,32.92375564575195,7.006688117980957,9.819343566894531
0,0,0,0,32.886295318603516,7.051035404205322,9.818809509277344
0,0,0,0,32.84871292114258,7.095211982727051,9.818252563476562
0,0,0,0,32.79844284057617,7.154016494750977,9.817459106445312
0,0,0,0,32.76057434082031,7.197974681854248,9.81683349609375
0,0,0,0,32.722679138183594,7.2418084144592285,9.816207885742188
0,0,0,0,32.67192840576172,7.300055980682373,9.815376281738281
0,0,0,0,32.63384246826172,7.343540191650391,9.814765930175781
0,0,0,0,32.595577239990234,7.386942386627197,9.814155578613281
0,0,0,0,32.54450607299805,7.444550514221191,9.81341552734375
0,0,0,0,32.50602340698242,7.487668991088867,9.812881469726562
0,0,0,0,32.4675407409668,7.530585289001465,9.812362670898438
0,0,0,0,32.415931701660156,7.587682723999023,9.811660766601562
0,0,0,0,32.37715530395508,7.630264759063721,9.811164855957031
0,0,0,0,32.33816146850586,7.672776222229004,9.810684204101562
0,0,0,0,32.286033630371094,7.729125499725342,9.810020446777344
0,0,0,0,32.24677658081055,7.771318435668945,9.809486389160156
0,0,0,0,32.207427978515625,7.813331604003906,9.808929443359375
0,0,0,0,32.154720306396484,7.8692498207092285,9.808204650878906
0,0,0,0,32.11500549316406,7.910994052886963,9.807624816894531
0,0,0,0,32.075191497802734,7.952633857727051,9.8070068359375
0,0,0,0,32.021873474121094,8.007991790771484,9.806137084960938
0,0,0,0,31.98182487487793,8.049369812011719,9.805465698242188
0,0,0,0,31.941585540771484,8.090682983398438,9.804771423339844
0,0,0,0,31.887853622436523,8.145587921142578,9.803756713867188
0,0,0,0,31.847322463989258,8.186721801757812,9.802925109863281
0,0,0,0,31.806804656982422,8.22768497467041,9.802024841308594
0,0,0,0,31.75249481201172,8.282256126403809,9.800689697265625
0,0,0,0,31.711658477783203,8.323013305664062,9.799606323242188
0,0,0,0,31.670604705810547,8.363768577575684,9.798484802246094
0,0,0,0,31.615772247314453,8.417818069458008,9.797019958496094
0,0,0,0,31.574478149414062,8.458284378051758,9.795944213867188
0,0,0,0,31.533161163330078,8.498550415039062,9.794891357421875
0,0,0,0,31.477880477905273,8.552133560180664,9.79351806640625
0,0,0,0,31.436294555664062,8.59211540222168,9.792526245117188
0,0,0,0,31.394567489624023,8.632040977478027,9.79156494140625
0,0,0,0,31.338655471801758,8.685098648071289,9.790351867675781
0,0,0,0,31.29657554626465,8.724732398986816,9.789512634277344
0,0,0,0,31.25428581237793,8.76418685913086,9.788764953613281
0,0,0,0,31.19773292541504,8.816520690917969,9.787933349609375
0,0,0,0,31.155029296875,8.855650901794434,9.787406921386719
0,0,0,0,31.112255096435547,8.894575119018555,9.786956787109375
0,0,0,0,31.054868698120117,8.946233749389648,9.786506652832031
0,0,0,0,31.01172637939453,8.984659194946289,9.786270141601562
0,0,0,0,30.96834945678711,9.02298641204834,9.786125183105469
0,0,0,0,30.910398483276367,9.07365894317627,9.786109924316406
0,0,0,0,30.866657257080078,9.111489295959473,9.786247253417969
0,0,0,0,30.82280921936035,9.148954391479492,9.7864990234375
0,0,0,0,30.763948440551758,9.1985445022583,9.787010192871094
0,0,0,0,30.71959114074707,9.23532772064209,9.78753662109375
0,0,0,0,30.67500877380371,9.271867752075195,9.788185119628906
0,0,0,0,30.615297317504883,9.32001781463623,9.789276123046875
0,0,0,0,30.570280075073242,9.355752944946289,9.790229797363281
0,0,0,0,30.525028228759766,9.3911714553833,9.791244506835938
0,0,0,0,30.46432876586914,9.437952995300293,9.792716979980469
0,0,0,0,30.41846466064453,9.472678184509277,9.793853759765625
0,0,0,0,30.372419357299805,9.507065773010254,9.795051574707031
0,0,0,0,30.310543060302734,9.552458763122559,9.796714782714844
0,0,0,0,30.263927459716797,9.586081504821777,9.798004150390625
0,0,0,0,30.216999053955078,9.619457244873047,9.799285888671875
0,0,0,0,30.15420913696289,9.663384437561035,9.801040649414062
0,0,0,0,30.10678482055664,9.696013450622559,9.802391052246094
0,0,0,0,30.05923080444336,9.728219032287598,9.803749084472656
0,0,0,0,29.995393753051758,9.770801544189453,9.805526733398438
0,0,0,0,29.947317123413086,9.802353858947754,9.80682373046875
0,0,0,0,29.89899253845215,9.833706855773926,9.808067321777344
0,0,0,0,29.834318161010742,9.874954223632812,9.809700012207031
0,0,0,0,29.785619735717773,9.905616760253906,9.810867309570312
0,0,0,0,29.736778259277344,9.935986518859863,9.81195068359375
0,0,0,0,29.67144775390625,9.97626781463623,9.813247680664062
0,0,0,0,29.62225341796875,10.006223678588867,9.814125061035156
0,0,0,0,29.572996139526367,10.036009788513184,9.814910888671875
0,0,0,0,29.507112503051758,10.075460433959961,9.81585693359375
0,0,0,0,29.457639694213867,10.104818344116211,9.816474914550781
0,0,0,0,29.407987594604492,10.13408088684082,9.817047119140625
0,0,0,0,29.341777801513672,10.172799110412598,9.817771911621094
0,0,0,0,29.291946411132812,10.201753616333008,9.818305969238281
0,0,0,0,29.24215316772461,10.23050594329834,9.818832397460938
0,0,0,0,29.175630569458008,10.268770217895508,9.819526672363281
0,0,0,0,29.125761032104492,10.297262191772461,9.820053100585938
0,0,0,0,29.0757999420166,10.325783729553223,9.820610046386719
0,0,0,0,29.009212493896484,10.363628387451172,9.821327209472656
0,0,0,0,28.959182739257812,10.392011642456055,9.821823120117188
0,0,0,0,28.90912437438965,10.420278549194336,9.822334289550781
0,0,0,0,28.8422794342041,10.45793628692627,9.823020935058594
0,0,0,0,28.792068481445312,10.486098289489746,9.823539733886719
0,0,0,0,28.74184226989746,10.514253616333008,9.824081420898438
0,0,0,0,28.67485809326172,10.551677703857422,9.824821472167969
0,0,0,0,28.624685287475586,10.579666137695312,9.825386047363281
0,0,0,0,28.57442855834961,10.607634544372559,9.825973510742188
0,0,0,0,28.507463455200195,10.644888877868652,9.826766967773438
0,0,0,0,28.45713996887207,10.672876358032227,9.827354431152344
0,0,0,0,28.40693473815918,10.700763702392578,9.827987670898438
0,0,0,0,28.339895248413086,10.738052368164062,9.828849792480469
0,0,0,0,28.289710998535156,10.765966415405273,9.829498291015625
0,0,0,0,28.239511489868164,10.793985366821289,9.830131530761719
0,0,0,0,28.17273712158203,10.83133602142334,9.83099365234375
0,0,0,0,28.12264060974121,10.859503746032715,9.831634521484375
0,0,0,0,28.0726261138916,10.887639999389648,9.832260131835938
0,0,0,0,28.005910873413086,10.925322532653809,9.833053588867188
0,0,0,0,27.955928802490234,10.953585624694824,9.833587646484375
0,0,0,0,27.90595817565918,10.981945037841797,9.834060668945312
0,0,0,0,27.83937644958496,11.019798278808594,9.834587097167969
0,0,0,0,27.78952407836914,11.048290252685547,9.83489990234375
0,0,0,0,27.739625930786133,11.076828956604004,9.83514404296875
0,0,0,0,27.673189163208008,11.114949226379395,9.835403442382812
0,0,0,0,27.6232967376709,11.143654823303223,9.835563659667969
0,0,0,0,27.573497772216797,11.172374725341797,9.835746765136719
0,0,0,0,27.507022857666016,11.210844039916992,9.836051940917969
0,0,0,0,27.45722770690918,11.239724159240723,9.836311340332031
0,0,0,0,27.40729522705078,11.268755912780762,9.836593627929688
0,0,0,0,27.340749740600586,11.307459831237793,9.8370361328125
0,0,0,0,27.290786743164062,11.336603164672852,9.837425231933594
0,0,0,0,27.240915298461914,11.36571979522705,9.837867736816406
0,0,0,0,27.174354553222656,11.404757499694824,9.838485717773438
0,0,0,0,27.124465942382812,11.433998107910156,9.838958740234375
0,0,0,0,27.07455062866211,11.463335990905762,9.8394775390625
0,0,0,0,27.008056640625,11.502422332763672,9.840263366699219
0,0,0,0,26.958208084106445,11.531824111938477,9.84088134765625
0,0,0,0,26.90829086303711,11.561244010925293,9.841506958007812
0,0,0,0,26.84173583984375,11.600543022155762,9.842437744140625
0,0,0,0,26.79175567626953,11.630071640014648,9.843231201171875
0,0,0,0,26.741891860961914,11.659621238708496,9.844108581542969
0,0,0,0,26.675416946411133,11.69914436340332,9.845382690429688
0,0,0,0,26.625722885131836,11.728787422180176,9.846458435058594
0,0,0,0,26.57600212097168,11.758551597595215,9.847618103027344
0,0,0,0,26.509876251220703,11.798202514648438,9.849258422851562
0,0,0,0,26.460189819335938,11.828065872192383,9.850578308105469
0,0,0,0,26.410615921020508,11.857869148254395,9.851959228515625
0,0,0,0,26.344480514526367,11.897721290588379,9.853851318359375
0,0,0,0,26.294952392578125,11.92756175994873,9.855331420898438
0,0,0,0,26.24540901184082,11.957480430603027,9.856803894042969
0,0,0,0,26.179542541503906,11.997239112854004,9.858818054199219
0,0,0,0,26.130277633666992,12.027088165283203,9.860328674316406
0,0,0,0,26.081071853637695,12.056859016418457,9.86181640625
0,0,0,0,26.01551055908203,12.096616744995117,9.863723754882812
0,0,0,0,25.966320037841797,12.126402854919434,9.8651123046875
0,0,0,0,25.917213439941406,12.156163215637207,9.866508483886719
0,0,0,0,25.851736068725586,12.195755958557129,9.868324279785156
0,0,0,0,25.802749633789062,12.22535228729248,9.869682312011719
0,0,0,0,25.753801345825195,12.25487232208252,9.870994567871094
0,0,0,0,25.68901252746582,12.293863296508789,9.872665405273438
0,0,0,0,25.64067268371582,12.322936058044434,9.873863220214844
0,0,0,0,25.592784881591797,12.351685523986816,9.875007629394531
0,0,0,0,25.529552459716797,12.389669418334961,9.876434326171875
0,0,0,0,25.482860565185547,12.417673110961914,9.87738037109375
0,0,0,0,25.436725616455078,12.445382118225098,9.878211975097656
0,0,0,0,25.376428604125977,12.481554985046387,9.879112243652344
0,0,0,0,25.33213233947754,12.508173942565918,9.879638671875
0,0,0,0,25.288774490356445,12.534162521362305,9.879997253417969
0,0,0,0,25.232521057128906,12.567896842956543,9.880233764648438
0,0,0,0,25.191560745239258,12.592384338378906,9.880195617675781
0,0,0,0,25.151762008666992,12.616227149963379,9.8800048828125
0,0,0,0,25.10047721862793,12.64686393737793,9.879486083984375
0,0,0,0,25.06351089477539,12.66896915435791,9.878913879394531
0,0,0,0,25.027740478515625,12.69029426574707,9.878219604492188
0,0,0,0,24.98223304748535,12.717430114746094,9.877120971679688
0,0,0,0,24.94966697692871,12.736834526062012,9.876243591308594
0,0,0,0,24.91860580444336,12.755317687988281,9.875312805175781
0,0,0,0,24.879392623901367,12.778640747070312,9.874053955078125
0,0,0,0,24.85181999206543,12.794928550720215,9.873100280761719
0,0,0,0,24.825672149658203,12.81035041809082,9.872169494628906
0,0,0,0,24.79331398010254,12.829319953918457,9.871284484863281
0,0,0,0,24.771095275878906,12.841776847839355,9.870491027832031
0,0,0,0,24.75078582763672,12.852128982543945,9.868202209472656
0,0,0,0,24.726789474487305,12.863028526306152,9.863929748535156
0,0,0,0,24.711366653442383,12.868911743164062,9.860572814941406
0,0,0,0,24.69825553894043,12.872434616088867,9.856857299804688
0,0,0,0,24.6845703125,12.872943878173828,9.850776672363281
0,0,0,0,24.677249908447266,12.870382308959961,9.845252990722656
0,0,0,0,24.672346115112305,12.865554809570312,9.839698791503906
0,0,0,0,24.669645309448242,12.85587215423584,9.832809448242188
0,0,0,0,24.670421600341797,12.84614372253418,9.827407836914062
0,0,0,0,24.67361831665039,12.83437442779541,9.821037292480469
0,0,0,0,24.681442260742188,12.816079139709473,9.812995910644531
0,0,0,0,24.689895629882812,12.800768852233887,9.807945251464844
0,0,0,0,24.700212478637695,12.78439712524414,9.803955078125
0,0,0,0,24.71697425842285,12.760860443115234,9.800132751464844
0,0,0,0,24.731525421142578,12.742242813110352,9.798507690429688
0,0,0,0,24.747753143310547,12.722755432128906,9.797927856445312
0,0,0,0,24.771451950073242,12.695993423461914,9.798957824707031
0,0,0,0,24.790660858154297,12.675301551818848,9.80108642578125
0,0,0,0,24.81094741821289,12.654247283935547,9.804107666015625
0,0,0,0,24.839595794677734,12.625588417053223,9.80950927734375
0,0,0,0,24.86217498779297,12.60381031036377,9.814338684082031
0,0,0,0,24.885766983032227,12.581608772277832,9.819580078125
0,0,0,0,24.91901969909668,12.551358222961426,9.827049255371094
0,0,0,0,24.945268630981445,12.528162956237793,9.832771301269531
0,0,0,0,24.972667694091797,12.504546165466309,9.838401794433594
0,0,0,0,25.010644912719727,12.472518920898438,9.845787048339844
0,0,0,0,25.040300369262695,12.448088645935059,9.851127624511719
0,0,0,0,25.07077407836914,12.423445701599121,9.856063842773438
0,0,0,0,25.112653732299805,12.390222549438477,9.861976623535156
0,0,0,0,25.144695281982422,12.365257263183594,9.865928649902344
0,0,0,0,25.17738914489746,12.340141296386719,9.869453430175781
0,0,0,0,25.221771240234375,12.306594848632812,9.873497009277344
0,0,0,0,25.255800247192383,12.281241416931152,9.876029968261719
0,0,0,0,25.290348052978516,12.255879402160645,9.878196716308594
0,0,0,0,25.3372802734375,12.22183895111084,9.880561828613281
0,0,0,0,25.37308120727539,12.196261405944824,9.881912231445312
0,0,0,0,25.409467697143555,12.170492172241211,9.882881164550781
0,0,0,0,25.458799362182617,12.13609504699707,9.883712768554688
0,0,0,0,25.496295928955078,12.110282897949219,9.884033203125
0,0,0,0,25.534265518188477,12.084531784057617,9.884132385253906
0,0,0,0,25.585372924804688,12.050321578979492,9.883941650390625
0,0,0,0,25.624065399169922,12.024762153625488,9.88360595703125
0,0,0,0,25.662914276123047,11.999380111694336,9.883186340332031
0,0,0,0,25.715190887451172,11.96572208404541,9.882530212402344
0,0,0,0,25.754667282104492,11.940682411193848,9.881942749023438
0,0,0,0,25.794540405273438,11.915664672851562,9.88128662109375
0,0,0,0,25.84807014465332,11.882633209228516,9.880378723144531
0,0,0,0,25.88870620727539,11.857940673828125,9.879684448242188
0,0,0,0,25.929643630981445,11.833425521850586,9.878936767578125
0,0,0,0,25.984844207763672,11.80081558227539,9.877876281738281
0,0,0,0,26.026565551757812,11.77659797668457,9.877082824707031
0,0,0,0,26.068645477294922,11.752398490905762,9.876289367675781
0,0,0,0,26.125333786010742,11.72032642364502,9.875129699707031
0,0,0,0,26.168411254882812,11.696284294128418,9.874168395996094
0,0,0,0,26.21202278137207,11.672327995300293,9.873123168945312
0,0,0,0,26.270896911621094,11.640445709228516,9.871635437011719
0,0,0,0,26.31562042236328,11.61662769317627,9.870498657226562
0,0,0,0,26.3607177734375,11.5929536819458,9.869361877441406
0,0,0,0,26.42164421081543,11.561539649963379,9.867820739746094
0,0,0,0,26.46784019470215,11.53812313079834,9.866630554199219
0,0,0,0,26.51457405090332,11.514761924743652,9.865379333496094
0,0,0,0,26.57721519470215,11.483920097351074,9.863731384277344
0,0,0,0,26.624588012695312,11.460881233215332,9.86248779296875
0,0,0,0,26.672143936157227,11.438048362731934,9.861198425292969
0,0,0,0,26.735761642456055,11.407821655273438,9.8594970703125
0,0,0,0,26.783302307128906,11.38554859161377,9.858314514160156
0,0,0,0,26.830833435058594,11.363411903381348,9.857154846191406
0,0,0,0,26.894052505493164,11.334298133850098,9.855606079101562
0,0,0,0,26.94141387939453,11.312650680541992,9.8544921875
0,0,0,0,26.98874855041504,11.291230201721191,9.853431701660156
0,0,0,0,27.051973342895508,11.262779235839844,9.852043151855469
0,0,0,0,27.099584579467773,11.241512298583984,9.851020812988281
0,0,0,0,27.147377014160156,11.220234870910645,9.850028991699219
0,0,0,0,27.2115478515625,11.191849708557129,9.848716735839844
0,0,0,0,27.259878158569336,11.170576095581055,9.84771728515625
0,0,0,0,27.308557510375977,11.14925765991211,9.846717834472656
0,0,0,0,27.373825073242188,11.120800971984863,9.845367431640625
0,0,0,0,27.423227310180664,11.09933853149414,9.844314575195312
0,0,0,0,27.472837448120117,11.077864646911621,9.843269348144531
0,0,0,0,27.539554595947266,11.049002647399902,9.841842651367188
0,0,0,0,27.58985137939453,11.027338027954102,9.840721130371094
0,0,0,0,27.640499114990234,11.005475997924805,9.839523315429688
0,0,0,0,27.708152770996094,10.976397514343262,9.837882995605469
0,0,0,0,27.75894546508789,10.95456600189209,9.836715698242188
0,0,0,0,27.8096866607666,10.932805061340332,9.835586547851562
0,0,0,0,27.87741470336914,10.903641700744629,9.834060668945312
0,0,0,0,27.92824363708496,10.881784439086914,9.832870483398438
0,0,0,0,27.97907829284668,10.859872817993164,9.831657409667969
0,0,0,0,28.04684829711914,10.830708503723145,9.829978942871094
0,0,0,0,28.09758758544922,10.808821678161621,9.828659057617188
0,0,0,0,28.148353576660156,10.786882400512695,9.827285766601562
0,0,0,0,28.215927124023438,10.757584571838379,9.825447082519531
0,0,0,0,28.266666412353516,10.73551082611084,9.824066162109375
0,0,0,0,28.317325592041016,10.713428497314453,9.822639465332031
0,0,0,0,28.38498306274414,10.683799743652344,9.82073974609375
0,0,0,0,28.435667037963867,10.661527633666992,9.819305419921875
0,0,0,0,28.486478805541992,10.639094352722168,9.817848205566406
0,0,0,0,28.554147720336914,10.609146118164062,9.81591796875
0,0,0,0,28.60498046875,10.586503982543945,9.814476013183594
0,0,0,0,28.655759811401367,10.563838958740234,9.813056945800781
0,0,0,0,28.723587036132812,10.533363342285156,9.811149597167969
0,0,0,0,28.77448844909668,10.510396957397461,9.80975341796875
0,0,0,0,28.84234046936035,10.479512214660645,9.807960510253906
0,0,0,0,28.89323616027832,10.45620059967041,9.806694030761719
0,0,0,0,28.944040298461914,10.432724952697754,9.805473327636719
0,0,0,0,28.99483299255371,10.409102439880371,9.804252624511719
0,0,0,0,29.062480926513672,10.377310752868652,9.802650451660156
0,0,0,0,29.113235473632812,10.353190422058105,9.801467895507812
0,0,0,0,29.163856506347656,10.328890800476074,9.800331115722656
0,0,0,0,29.231412887573242,10.296128273010254,9.798873901367188
0,0,0,0,29.281986236572266,10.271347999572754,9.797805786132812
0,0,0,0,29.332592010498047,10.246286392211914,9.796745300292969
0,0,0,0,29.399763107299805,10.212672233581543,9.79534912109375
0,0,0,0,29.450057983398438,10.187195777893066,9.794342041015625
0,0,0,0,29.500150680541992,10.161659240722656,9.793373107910156
0,0,0,0,29.56682777404785,10.127205848693848,9.792106628417969
0,0,0,0,29.616680145263672,10.101204872131348,9.791152954101562
0,0,0,0,29.666475296020508,10.07493782043457,9.79022216796875
0,0,0,0,29.732664108276367,10.039681434631348,9.788986206054688
0,0,0,0,29.782194137573242,10.012921333312988,9.788017272949219
0,0,0,0,29.831645965576172,9.98594856262207,9.787002563476562
0,0,0,0,29.897430419921875,9.949586868286133,9.785621643066406
0,0,0,0,29.946720123291016,9.922015190124512,9.784553527832031
0,0,0,0,29.995874404907227,9.894203186035156,9.783454895019531
0,0,0,0,30.06131935119629,9.856793403625488,9.781951904296875
0,0,0,0,30.110143661499023,9.82857894897461,9.780838012695312
0,0,0,0,30.158889770507812,9.80013656616211,9.779777526855469
0,0,0,0,30.22357177734375,9.76196002960205,9.778427124023438
0,0,0,0,30.27202033996582,9.733030319213867,9.777442932128906
0,0,0,0,30.320255279541016,9.704009056091309,9.776519775390625
0,0,0,0,30.384492874145508,9.664904594421387,9.775367736816406
0,0,0,0,30.432483673095703,9.635406494140625,9.774589538574219
0,0,0,0,30.48040771484375,9.605613708496094,9.77392578125
0,0,0,0,30.544057846069336,9.565651893615723,9.773162841796875
0,0,0,0,30.591732025146484,9.535377502441406,9.772682189941406
0,0,0,0,30.639301300048828,9.504966735839844,9.77227783203125
0,0,0,0,30.702587127685547,9.463979721069336,9.771812438964844
0,0,0,0,30.749967575073242,9.432974815368652,9.771476745605469
0,0,0,0,30.797218322753906,9.401723861694336,9.771163940429688
0,0,0,0,30.86012077331543,9.359721183776855,9.770767211914062
0,0,0,0,30.907129287719727,9.32802677154541,9.770469665527344
0,0,0,0,30.954147338867188,9.296103477478027,9.770179748535156
0,0,0,0,31.0166072845459,9.253240585327148,9.769783020019531
0,0,0,0,31.06340217590332,9.22080135345459,9.769454956054688
0,0,0,0,31.109987258911133,9.188182830810547,9.769119262695312
0,0,0,0,31.17201805114746,9.144220352172852,9.76861572265625
0,0,0,0,31.218305587768555,9.111065864562988,9.768203735351562
0,0,0,0,31.2645206451416,9.077629089355469,9.767776489257812
0,0,0,0,31.325838088989258,9.032777786254883,9.767280578613281
0,0,0,0,31.371679306030273,8.998785972595215,9.76690673828125
0,0,0,0,31.417295455932617,8.964676856994629,9.766548156738281
0,0,0,0,31.477872848510742,8.918792724609375,9.76611328125
0,0,0,0,31.523134231567383,8.88420295715332,9.76580810546875
0,0,0,0,31.568246841430664,8.849369049072266,9.765510559082031
0,0,0,0,31.62818717956543,8.802659034729004,9.765144348144531
0,0,0,0,31.672931671142578,8.767365455627441,9.764907836914062
0,0,0,0,31.71761703491211,8.731795310974121,9.764739990234375
0,0,0,0,31.77688980102539,8.68396282196045,9.764564514160156
0,0,0,0,31.821252822875977,8.64775276184082,9.764457702636719
0,0,0,0,31.86536407470703,8.611347198486328,9.764389038085938
0,0,0,0,31.924097061157227,8.562278747558594,9.764312744140625
0,0,0,0,31.967910766601562,8.525224685668945,9.764251708984375
0,0,0,0,32.01169204711914,8.48779010772705,9.764228820800781
0,0,0,0,32.069725036621094,8.437540054321289,9.764251708984375
0,0,0,0,32.11311721801758,8.39950942993164,9.764335632324219
0,0,0,0,32.15626907348633,8.361343383789062,9.764488220214844
0,0,0,0,32.213565826416016,8.309986114501953,9.764801025390625
0,0,0,0,32.256317138671875,8.271235466003418,9.765129089355469
0,0,0,0,32.298912048339844,8.232173919677734,9.765525817871094
0,0,0,0,32.35545349121094,8.179797172546387,9.766151428222656
0,0,0,0,32.397640228271484,8.140228271484375,9.766677856445312
0,0,0,0,32.439693450927734,8.100469589233398,9.767242431640625
0,0,0,0,32.49549865722656,8.047067642211914,9.768020629882812
0,0,0,0,32.53726577758789,8.006726264953613,9.768630981445312
0,0,0,0,32.578773498535156,7.966202735900879,9.769325256347656
0,0,0,0,32.63392639160156,7.911871433258057,9.770332336425781
0,0,0,0,32.675010681152344,7.870984077453613,9.771125793457031
0,0,0,0,32.716064453125,7.829843044281006,9.771942138671875
0,0,0,0,32.77045440673828,7.774819850921631,9.773025512695312
0,0,0,0,32.81111145019531,7.733315944671631,9.773841857910156
0,0,0,0,32.85150909423828,7.691766262054443,9.774673461914062
0,0,0,0,32.90522766113281,7.636051177978516,9.775825500488281
0,0,0,0,32.94528579711914,7.594161033630371,9.776718139648438
0,0,0,0,32.98520278930664,7.552038192749023,9.777664184570312
0,0,0,0,33.0380744934082,7.495794296264648,9.778945922851562
0,0,0,0,33.07752227783203,7.453436851501465,9.779960632324219
0,0,0,0,33.1168212890625,7.410989284515381,9.781013488769531
0,0,0,0,33.16901397705078,7.354130268096924,9.782463073730469
0,0,0,0,33.20807647705078,7.311370372772217,9.783538818359375
0,0,0,0,33.24696731567383,7.268474102020264,9.784576416015625
0,0,0,0,33.29874801635742,7.211015224456787,9.785980224609375
0,0,0,0,33.33738327026367,7.167783737182617,9.786994934082031
0,0,0,0,33.37599182128906,7.124349594116211,9.787971496582031
0,0,0,0,33.42720031738281,7.0662922859191895,9.789192199707031
0,0,0,0,33.465538024902344,7.022543907165527,9.790077209472656
0,0,0,0,33.503631591796875,6.978757858276367,9.790908813476562
0,0,0,0,33.55430603027344,6.920114517211914,9.791908264160156
0,0,0,0,33.59212112426758,6.876070976257324,9.792587280273438
0,0,0,0,33.62991714477539,6.831833839416504,9.793228149414062
0,0,0,0,33.68000030517578,6.772770404815674,9.794120788574219
0,0,0,0,33.71739959716797,6.728328704833984,9.7947998046875
0,0,0,0,33.75461959838867,6.683902740478516,9.795501708984375
0,0,0,0,33.80403518676758,6.624424934387207,9.796440124511719
0,0,0,0,33.840946197509766,6.5797271728515625,9.797149658203125
0,0,0,0,33.8776741027832,6.534928798675537,9.797874450683594
0,0,0,0,33.9265251159668,6.475091457366943,9.798835754394531
0,0,0,0,33.96297836303711,6.430121421813965,9.799568176269531
0,0,0,0,33.999366760253906,6.385037899017334,9.800338745117188
0,0,0,0,34.047664642333984,6.324803352355957,9.801406860351562
0,0,0,0,34.083885192871094,6.27945613861084,9.802215576171875
0,0,0,0,34.11989212036133,6.234104633331299,9.803062438964844
0,0,0,0,34.16788101196289,6.173428535461426,9.804283142089844
0,0,0,0,34.20370101928711,6.127895355224609,9.805267333984375
0,0,0,0,34.23952102661133,6.082170486450195,9.806304931640625
0,0,0,0,34.287044525146484,6.021103382110596,9.807769775390625
0,0,0,0,34.32264709472656,5.975092887878418,9.808914184570312
0,0,0,0,34.35812759399414,5.929067134857178,9.810104370117188
0,0,0,0,34.40534973144531,5.867473125457764,9.81170654296875
0,0,0,0,34.44065856933594,5.821196556091309,9.812881469726562
0,0,0,0,34.475852966308594,5.7747979164123535,9.814056396484375
0,0,0,0,34.522613525390625,5.7129716873168945,9.815628051757812
0,0,0,0,34.5574951171875,5.666599750518799,9.816757202148438
0,0,0,0,34.59230041503906,5.620226860046387,9.81787109375
0,0,0,0,34.6384162902832,5.5583600997924805,9.819381713867188
0,0,0,0,34.672943115234375,5.511838912963867,9.820487976074219
0,0,0,0,34.707275390625,5.465331554412842,9.821578979492188
0,0,0,0,34.753013610839844,5.40322208404541,9.822975158691406
0,0,0,0,34.787147521972656,5.356661319732666,9.824020385742188
0,0,0,0,34.8213005065918,5.309978008270264,9.82501220703125
0,0,0,0,34.8665885925293,5.247794151306152,9.826324462890625
0,0,0,0,34.900535583496094,5.2010650634765625,9.82733154296875
0,0,0,0,34.93434143066406,5.1543779373168945,9.828369140625
0,0,0,0,34.979347229003906,5.091952323913574,9.829734802246094
0,0,0,0,35.013004302978516,5.045164585113525,9.830726623535156
0,0,0,0,35.0466194152832,4.998234748840332,9.831657409667969
0,0,0,0,35.09131622314453,4.935668468475342,9.832740783691406
0,0,0,0,35.124794006347656,4.888680458068848,9.833473205566406
0,0,0,0,35.1583251953125,4.841672420501709,9.834129333496094
0,0,0,0,35.20292663574219,4.778926849365234,9.834892272949219
0,0,0,0,35.23638916015625,4.73183012008667,9.835380554199219
0,0,0,0,35.269718170166016,4.684737682342529,9.835784912109375
0,0,0,0,35.31419372558594,4.6218953132629395,9.836196899414062
0,0,0,0,35.34745788574219,4.574783802032471,9.836441040039062
0,0,0,0,35.38078308105469,4.527565956115723,9.836662292480469
0,0,0,0,35.425045013427734,4.464640140533447,9.836936950683594
0,0,0,0,35.45829772949219,4.417309284210205,9.837158203125
0,0,0,0,35.49144744873047,4.370059013366699,9.837356567382812
0,0,0,0,35.53571701049805,4.3069257736206055,9.837539672851562
0,0,0,0,35.5688591003418,4.259609699249268,9.837638854980469
0,0,0,0,35.60205841064453,4.212181568145752,9.837692260742188
0,0,0,0,35.646270751953125,4.149039268493652,9.837684631347656
0,0,0,0,35.67940902709961,4.101680278778076,9.837692260742188
0,0,0,0,35.71247863769531,4.0544328689575195,9.837699890136719
0,0,0,0,35.756446838378906,3.9914562702178955,9.837669372558594
0,0,0,0,35.78942108154297,3.9442334175109863,9.837638854980469
0,0,0,0,35.82230758666992,3.8970093727111816,9.837608337402344
0,0,0,0,35.8661994934082,3.8340184688568115,9.837539672851562
0,0,0,0,35.89902877807617,3.786802053451538,9.837486267089844
0,0,0,0,35.93197250366211,3.7395060062408447,9.837417602539062
0,0,0,0,35.975765228271484,3.676445484161377,9.837310791015625
0,0,0,0,36.0086784362793,3.629082202911377,9.83721923828125
0,0,0,0,36.04148864746094,3.5817692279815674,9.837150573730469
0,0,0,0,36.08537673950195,3.5184898376464844,9.837043762207031
0,0,0,0,36.11827850341797,3.471039295196533,9.836982727050781
0,0,0,0,36.1512336730957,3.4234626293182373,9.836952209472656
0,0,0,0,36.195068359375,3.36015248298645,9.836936950683594
0,0,0,0,36.22792434692383,3.31264328956604,9.836990356445312
0,0,0,0,36.2607536315918,3.2651946544647217,9.83709716796875
0,0,0,0,36.304561614990234,3.2018113136291504,9.83734130859375
0,0,0,0,36.33743667602539,3.1542763710021973,9.837615966796875
0,0,0,0,36.370296478271484,3.106677532196045,9.837928771972656
0,0,0,0,36.41416931152344,3.0432140827178955,9.838424682617188
0,0,0,0,36.447044372558594,2.9956018924713135,9.838813781738281
0,0,0,0,36.48000717163086,2.9479334354400635,9.839202880859375
0,0,0,0,36.5239143371582,2.884385347366333,9.839729309082031
0,0,0,0,36.5569953918457,2.8366260528564453,9.840133666992188
0,0,0,0,36.59004211425781,2.788867950439453,9.840560913085938
0,0,0,0,36.63434982299805,2.725036382675171,9.841171264648438
0,0,0,0,36.66761016845703,2.677168130874634,9.8416748046875
0,0,0,0,36.701019287109375,2.629148006439209,9.842239379882812
0,0,0,0,36.74555587768555,2.5651588439941406,9.843086242675781
0,0,0,0,36.779056549072266,2.5170857906341553,9.84375
0,0,0,0,36.81254959106445,2.469116687774658,9.844436645507812
0,0,0,0,36.857337951660156,2.405103921890259,9.845344543457031
0,0,0,0,36.89097595214844,2.3571720123291016,9.846031188964844
0,0,0,0,36.92463684082031,2.309187889099121,9.846733093261719
0,0,0,0,36.96957778930664,2.2452430725097656,9.847625732421875
0,0,0,0,37.00326156616211,2.1972553730010986,9.848289489746094
0,0,0,0,37.036991119384766,2.1492693424224854,9.848922729492188
0,0,0,0,37.08192443847656,2.085261106491089,9.849739074707031
0,0,0,0,37.11572265625,2.037201166152954,9.850303649902344
0,0,0,0,37.14942169189453,1.9891873598098755,9.850814819335938
0,0,0,0,37.194496154785156,1.9251009225845337,9.851402282714844
0,0,0,0,37.22824478149414,1.877163290977478,9.851783752441406
0,0,0,0,37.26210021972656,1.8291856050491333,9.852142333984375
0,0,0,0,37.30717468261719,1.7653045654296875,9.852584838867188
0,0,0,0,37.34109115600586,1.71732759475708,9.852890014648438
0,0,0,0,37.374969482421875,1.6694495677947998,9.853218078613281
0,0,0,0,37.42019271850586,1.605509877204895,9.853668212890625
0,0,0,0,37.45405960083008,1.5576094388961792,9.854042053222656
0,0,0,0,37.487937927246094,1.5096553564071655,9.854438781738281
0,0,0,0,37.53307342529297,1.4458402395248413,9.85504150390625
0,0,0,0,37.5668830871582,1.3979829549789429,9.855499267578125
0,0,0,0,37.600704193115234,1.3501545190811157,9.855995178222656
0,0,0,0,37.64576721191406,1.2863752841949463,9.856689453125
0,0,0,0,37.67961502075195,1.238558292388916,9.857177734375
0,0,0,0,37.71333312988281,1.1907730102539062,9.857627868652344
0,0,0,0,37.75835418701172,1.1270346641540527,9.858253479003906
0,0,0,0,37.79203796386719,1.0792860984802246,9.858741760253906
0,0,0,0,37.8257942199707,1.0315051078796387,9.859222412109375
0,0,0,0,37.870643615722656,0.9679547548294067,9.859878540039062
0,0,0,0,37.90433883666992,0.9202629327774048,9.860366821289062
0,0,0,0,37.93794631958008,0.8726714253425598,9.860862731933594
0,0,0,0,37.98291015625,0.8090746998786926,9.861488342285156
0,0,0,0,38.01662826538086,0.761400043964386,9.861984252929688
0,0,0,0,38.0504035949707,0.713617205619812,9.862510681152344
0,0,0,0,38.09539031982422,0.6499940752983093,9.863265991210938
0,0,0,0,38.12913513183594,0.6021978259086609,9.8638916015625
0,0,0,0,38.16288757324219,0.5544518232345581,9.864585876464844
0,0,0,0,38.20792770385742,0.49070850014686584,9.865615844726562
0,0,0,0,38.24177932739258,0.4428867697715759,9.866455078125
0,0,0,0,38.2756233215332,0.3950566351413727,9.86737060546875
0,0,0,0,38.320823669433594,0.3312849998474121,9.868667602539062
0,0,0,0,38.354637145996094,0.2835264503955841,9.869712829589844
0,0,0,0,38.388545989990234,0.2357368767261505,9.870796203613281
0,0,0,0,38.43367385864258,0.17208018898963928,9.872245788574219
0,0,0,0,38.4676399230957,0.12430985271930695,9.873313903808594
0,0,0,0,38.50147247314453,0.0767524391412735,9.874382019042969
0,0,0,0,38.54655456542969,0.01353989727795124,9.875801086425781
0,0,0,0,38.58016586303711,-0.03358905762434006,9.876846313476562
0,0,0,0,38.61370086669922,-0.08056123554706573,9.877853393554688
0,0,0,0,38.65800857543945,-0.14247184991836548,9.879158020019531
0,0,0,0,38.690914154052734,-0.18834958970546722,9.880134582519531
0,0,0,0,38.72343063354492,-0.2335612177848816,9.881080627441406
0,0,0,0,38.76608657836914,-0.2928519546985626,9.882293701171875
0,0,0,0,38.79745101928711,-0.33637306094169617,9.883132934570312
0,0,0,0,38.82817840576172,-0.379033625125885,9.883895874023438
0,0,0,0,38.86812973022461,-0.4343773424625397,9.884773254394531
0,0,0,0,38.89719772338867,-0.47465935349464417,9.885330200195312
0,0,0,0,38.92560577392578,-0.5139046907424927,9.88580322265625
0,0,0,0,38.962162017822266,-0.5644510984420776,9.886306762695312
0,0,0,0,38.98870849609375,-0.6010504364967346,9.886627197265625
0,0,0,0,39.01430892944336,-0.636426568031311,9.886894226074219
0,0,0,0,39.0472412109375,-0.6817750930786133,9.887153625488281
0,0,0,0,39.07085037231445,-0.7143142819404602,9.887275695800781
0,0,0,0,39.09366226196289,-0.7457099556922913,9.887367248535156
0,0,0,0,39.12260437011719,-0.7855011224746704,9.887443542480469
0,0,0,0,39.143341064453125,-0.8139175772666931,9.887565612792969
0,0,0,0,39.16316223144531,-0.8409865498542786,9.88775634765625
0,0,0,0,39.18832015991211,-0.8752244710922241,9.88818359375
0,0,0,0,39.206207275390625,-0.8994020223617554,9.888565063476562
0,0,0,0,39.22327423095703,-0.9223594069480896,9.889015197753906
0,0,0,0,39.244747161865234,-0.9509646892547607,9.889701843261719
0,0,0,0,39.259864807128906,-0.9709962606430054,9.890281677246094
0,0,0,0,39.27886199951172,-0.9958091378211975,9.89117431640625
0,0,0,0,39.29212188720703,-1.0129799842834473,9.891891479492188
0,0,0,0,39.30470275878906,-1.0290502309799194,9.892692565917969
0,0,0,0,39.32024002075195,-1.0487107038497925,9.893814086914062
0,0,0,0,39.33113479614258,-1.062298059463501,9.894699096679688
0,0,0,0,39.34123992919922,-1.0747653245925903,9.895645141601562
0,0,0,0,39.35377502441406,-1.0899893045425415,9.89703369140625
0,0,0,0,39.362369537353516,-1.1002699136734009,9.898086547851562
0,0,0,0,39.37041473388672,-1.1097640991210938,9.899147033691406
0,0,0,0,39.380165100097656,-1.1210678815841675,9.900505065917969
0,0,0,0,39.38682556152344,-1.128724455833435,9.901481628417969
0,0,0,0,39.39292907714844,-1.1355952024459839,9.902420043945312
0,0,0,0,39.400306701660156,-1.1437568664550781,9.903633117675781
0,0,0,0,39.40535354614258,-1.149124264717102,9.904525756835938
0,0,0,0,39.40989685058594,-1.1539372205734253,9.905387878417969
0,0,0,0,39.41531753540039,-1.1594663858413696,9.906486511230469
0,0,0,0,39.41888427734375,-1.1629959344863892,9.907295227050781
0,0,0,0,39.42222595214844,-1.1660912036895752,9.908096313476562
0,0,0,0,39.426109313964844,-1.1694912910461426,9.909072875976562
0,0,0,0,39.42875289916992,-1.1716305017471313,9.909744262695312
0,0,0,0,39.43098831176758,-1.1732935905456543,9.910423278808594
0,0,0,0,39.43362808227539,-1.1750515699386597,9.911354064941406
0,0,0,0,39.43522262573242,-1.1759068965911865,9.912040710449219
0,0,0,0,39.43663787841797,-1.1765317916870117,9.912712097167969
0,0,0,0,39.43807601928711,-1.1768317222595215,9.913612365722656
0,0,0,0,39.43899154663086,-1.176809549331665,9.914276123046875
0,0,0,0,39.43967056274414,-1.1764583587646484,9.914894104003906
0,0,0,0,39.44036102294922,-1.175763487815857,9.915672302246094
0,0,0,0,39.44072341918945,-1.1749550104141235,9.916236877441406
0,0,0,0,39.440914154052734,-1.1740214824676514,9.91680908203125
0,0,0,0,39.440948486328125,-1.1725034713745117,9.91754150390625
0,0,0,0,39.440799713134766,-1.1712294816970825,9.918121337890625
0,0,0,0,39.44060516357422,-1.1698554754257202,9.918685913085938
0,0,0,0,39.44010543823242,-1.1678826808929443,9.919395446777344
0,0,0,0,39.4397087097168,-1.1663563251495361,9.919944763183594
0,0,0,0,39.43913650512695,-1.1647270917892456,9.920509338378906
0,0,0,0,39.43838119506836,-1.162552833557129,9.921257019042969
0,0,0,0,39.43769836425781,-1.1608330011367798,9.92181396484375
0,0,0,0,39.43708419799805,-1.1592059135437012,9.92236328125
0,0,0,0,39.436100006103516,-1.15695059299469,9.923103332519531
0,0,0,0,39.43540954589844,-1.155364751815796,9.923660278320312
0,0,0,0,39.43465805053711,-1.153704047203064,9.924186706542969
0,0,0,0,39.43375778198242,-1.151633620262146,9.924842834472656
0,0,0,0,39.43303298950195,-1.150080680847168,9.925323486328125
0,0,0,0,39.43231964111328,-1.1486705541610718,9.92578125
0,0,0,0,39.43132400512695,-1.1468164920806885,9.926322937011719
0,0,0,0,39.430572509765625,-1.1454766988754272,9.926666259765625
0,0,0,0,39.429847717285156,-1.1441854238510132,9.927017211914062
0,0,0,0,39.42877960205078,-1.1425403356552124,9.927459716796875
0,0,0,0,39.42802429199219,-1.1413780450820923,9.927757263183594
0,0,0,0,39.42721176147461,-1.1402078866958618,9.928024291992188
0,0,0,0,39.42626953125,-1.1387488842010498,9.928329467773438
0,0,0,0,39.425498962402344,-1.1376384496688843,9.928497314453125
0,0,0,0,39.42482376098633,-1.1366121768951416,9.928596496582031
0,0,0,0,39.4238166809082,-1.1352087259292603,9.928642272949219
0,0,0,0,39.42316436767578,-1.134232759475708,9.928665161132812
0,0,0,0,39.422462463378906,-1.1332066059112549,9.928680419921875
0,0,0,0,39.421661376953125,-1.131994605064392,9.9287109375
0,0,0,0,39.4210090637207,-1.131029725074768,9.928741455078125
0,0,0,0,39.42039489746094,-1.1301461458206177,9.92877197265625
0,0,0,0,39.4195556640625,-1.128924012184143,9.928802490234375
0,0,0,0,39.41891860961914,-1.128088116645813,9.928764343261719
0,0,0,0,39.418296813964844,-1.1272289752960205,9.928695678710938
0,0,0,0,39.417415618896484,-1.1261249780654907,9.928573608398438
0,0,0,0,39.41676330566406,-1.125291347503662,9.928443908691406
0,0,0,0,39.41600036621094,-1.1244702339172363,9.928276062011719
0,0,0,0,39.41500473022461,-1.1234114170074463,9.928001403808594
0,0,0,0,39.41413879394531,-1.12261962890625,9.927780151367188
0,0,0,0,39.41337585449219,-1.1219236850738525,9.927528381347656
0,0,0,0,39.41222381591797,-1.1209748983383179,9.927139282226562
0,0,0,0,39.41141891479492,-1.1203771829605103,9.926795959472656
0,0,0,0,39.410484313964844,-1.11971116065979,9.92645263671875
0,0,0,0,39.40930938720703,-1.118934988975525,9.925979614257812
0,0,0,0,39.408329010009766,-1.1183128356933594,9.925567626953125
0,0,0,0,39.40736770629883,-1.1177984476089478,9.925125122070312
0,0,0,0,39.406005859375,-1.1169641017913818,9.924522399902344
0,0,0,0,39.40498733520508,-1.11638605594635,9.924110412597656
0,0,0,0,39.40396499633789,-1.115791916847229,9.923698425292969
0,0,0,0,39.402610778808594,-1.1151248216629028,9.923171997070312
0,0,0,0,39.40165710449219,-1.1146538257598877,9.922828674316406
0,0,0,0,39.40069580078125,-1.1142516136169434,9.922515869140625
0,0,0,0,39.39947509765625,-1.113822340965271,9.922126770019531
0,0,0,0,39.398494720458984,-1.1135177612304688,9.921890258789062
0,0,0,0,39.39762878417969,-1.1132726669311523,9.921707153320312
0,0,0,0,39.39644241333008,-1.1129908561706543,9.921546936035156
0,0,0,0,39.395694732666016,-1.1128946542739868,9.921485900878906
0,0,0,0,39.394893646240234,-1.112761378288269,9.92144775390625
0,0,0,0,39.393985748291016,-1.1127187013626099,9.921455383300781
0,0,0,0,39.39327621459961,-1.1126813888549805,9.921493530273438
0,0,0,0,39.392669677734375,-1.1127713918685913,9.921562194824219
0,0,0,0,39.391788482666016,-1.1128454208374023,9.921669006347656
0,0,0,0,39.391170501708984,-1.1130073070526123,9.921783447265625
0,0,0,0,39.3904914855957,-1.1131253242492676,9.921951293945312
0,0,0,0,39.38959884643555,-1.113387107849121,9.922195434570312
0,0,0,0,39.388919830322266,-1.113553762435913,9.922386169433594
0,0,0,0,39.38819122314453,-1.1137617826461792,9.922592163085938
0,0,0,0,39.387229919433594,-1.1139386892318726,9.922904968261719
0,0,0,0,39.386444091796875,-1.1140586137771606,9.923164367675781
0,0,0,0,39.385711669921875,-1.1141445636749268,9.923446655273438
0,0,0,0,39.38462829589844,-1.1141889095306396,9.923881530761719
0,0,0,0,39.3839111328125,-1.1142140626907349,9.924232482910156
0,0,0,0,39.38309860229492,-1.1141823530197144,9.924598693847656
0,0,0,0,39.382137298583984,-1.1141877174377441,9.925064086914062
0,0,0,0,39.3813591003418,-1.114132285118103,9.925376892089844
0,0,0,0,39.38072204589844,-1.1141457557678223,9.925666809082031
0,0,0,0,39.37982177734375,-1.1140376329421997,9.926002502441406
0,0,0,0,39.3792610168457,-1.1140220165252686,9.926177978515625
0,0,0,0,39.378684997558594,-1.113926649093628,9.926277160644531
0,0,0,0,39.378089904785156,-1.1138675212860107,9.926284790039062
0,0,0,0,39.37767028808594,-1.113722801208496,9.926216125488281
0,0,0,0,39.37730407714844,-1.1136376857757568,9.926101684570312
0,0,0,0,39.3768310546875,-1.1134271621704102,9.925880432128906
0,0,0,0,39.37646484375,-1.113262414932251,9.925651550292969
0,0,0,0,39.37615966796875,-1.113067388534546,9.925376892089844
0,0,0,0,39.37571334838867,-1.1128661632537842,9.924980163574219
0,0,0,0,39.37547302246094,-1.1128034591674805,9.924598693847656
