0,0,0,0,-0.008510898798704147,0.009134105406701565,-0.00769805908203125
0,0,0,0,-0.008557005785405636,0.008924432098865509,-0.00775146484375
0,0,0,0,-0.008589443750679493,0.008691918104887009,-0.00785064697265625
0,0,0,0,-0.008649926632642746,0.008363605476915836,-0.0080108642578125
0,0,0,0,-0.008701657876372337,0.008105834946036339,-0.0081329345703125
0,0,0,0,-0.00873687956482172,0.007829607464373112,-0.008270263671875
0,0,0,0,-0.008759886957705021,0.007441591005772352,-0.00843048095703125
0,0,0,0,-0.008775790221989155,0.007158044725656509,-0.00853729248046875
0,0,0,0,-0.008784574456512928,0.00687662186101079,-0.0086669921875
0,0,0,0,-0.00874965451657772,0.006529546342790127,-0.00887298583984375
0,0,0,0,-0.008658695966005325,0.006263106595724821,-0.00908660888671875
0,0,0,0,-0.008594118058681488,0.006084065418690443,-0.00930023193359375
0,0,0,0,-0.008475284092128277,0.005800290964543819,-0.0096435546875
0,0,0,0,-0.008388289250433445,0.00561788072809577,-0.00994110107421875
0,0,0,0,-0.008278931491076946,0.0054090917110443115,-0.010284423828125
0,0,0,0,-0.008131254464387894,0.005202511791139841,-0.01087188720703125
0,0,0,0,-0.007982833310961723,0.0050208293832838535,-0.01136016845703125
0,0,0,0,-0.007826085202395916,0.004873020574450493,-0.01195526123046875
0,0,0,0,-0.0076601034961640835,0.004739772994071245,-0.0128326416015625
0,0,0,0,-0.007499392144382,0.004618328530341387,-0.013580322265625
0,0,0,0,-0.007314261514693499,0.004499731119722128,-0.01433563232421875
0,0,0,0,-0.007089169695973396,0.004359688609838486,-0.0154266357421875
0,0,0,0,-0.006959095131605864,0.004280152264982462,-0.016265869140625
0,0,0,0,-0.006817792542278767,0.004155566915869713,-0.0171356201171875
0,0,0,0,-0.006565291900187731,0.0039414395578205585,-0.0182647705078125
0,0,0,0,-0.006301005370914936,0.0037451579701155424,-0.01908111572265625
0,0,0,0,-0.005994571838527918,0.0035683868918567896,-0.01983642578125
0,0,0,0,-0.005547136068344116,0.0032783395145088434,-0.02083587646484375
0,0,0,0,-0.00518495449796319,0.003077065572142601,-0.0215911865234375
0,0,0,0,-0.00481967581436038,0.002840138040482998,-0.0223236083984375
0,0,0,0,-0.004337835591286421,0.002544848481193185,-0.0233154296875
0,0,0,0,-0.0039659771136939526,0.0023039812222123146,-0.0240478515625
0,0,0,0,-0.0035785255022346973,0.0020887635182589293,-0.02477264404296875
0,0,0,0,-0.003028122242540121,0.0017997634131461382,-0.02570343017578125
0,0,0,0,-0.0025775989051908255,0.001589899300597608,-0.02637481689453125
0,0,0,0,-0.002151865977793932,0.0013863298809155822,-0.0269927978515625
0,0,0,0,-0.001567682484164834,0.0011567374458536506,-0.027740478515625
0,0,0,0,-0.0011128598125651479,0.001026941230520606,-0.02823638916015625
0,0,0,0,-0.000623973784968257,0.0008937911479733884,-0.02870941162109375
0,0,0,0,8.474466085317545e-06,0.000784203119110316,-0.02927398681640625
0,0,0,0,0.000434782647062093,0.0007298308191820979,-0.02973175048828125
0,0,0,0,0.0008432814502157271,0.0007408247329294682,-0.03015899658203125
0,0,0,0,0.0013969539431855083,0.0007352810935117304,-0.03067779541015625
0,0,0,0,0.0017911219038069248,0.0007829744718037546,-0.030975341796875
0,0,0,0,0.002209012396633625,0.0008838748326525092,-0.03125
0,0,0,0,0.00278525915928185,0.0011363350786268711,-0.03153228759765625
0,0,0,0,0.003254479728639126,0.001304217497818172,-0.0317230224609375
0,0,0,0,0.003752239514142275,0.0014915349893271923,-0.0318756103515625
0,0,0,0,0.004453954286873341,0.001755487872287631,-0.031982421875
0,0,0,0,0.005003178957849741,0.0019984724931418896,-0.032012939453125
0,0,0,0,0.005520331207662821,0.0022637892980128527,-0.03202056884765625
0,0,0,0,0.006220561917871237,0.002618208294734359,-0.03204345703125
0,0,0,0,0.0066941105760633945,0.0029139139223843813,-0.0320587158203125
0,0,0,0,0.007152575999498367,0.003213124116882682,-0.03212738037109375
0,0,0,0,0.007721567060798407,0.0036123436875641346,-0.03218841552734375
0,0,0,0,0.008141509257256985,0.003857553005218506,-0.0322418212890625
0,0,0,0,0.008505239151418209,0.004113724455237389,-0.03227996826171875
0,0,0,0,0.009002110920846462,0.004437542986124754,-0.03235626220703125
0,0,0,0,0.009359960444271564,0.004726709332317114,-0.03238677978515625
0,0,0,0,0.00972493551671505,0.00496845506131649,-0.0323944091796875
0,0,0,0,0.01022845134139061,0.0052828132174909115,-0.0323486328125
0,0,0,0,0.010570229031145573,0.005476540420204401,-0.0323028564453125
0,0,0,0,0.010888173244893551,0.005654171574860811,-0.03223419189453125
0,0,0,0,0.011291898787021637,0.005798744969069958,-0.03205108642578125
0,0,0,0,0.01158027071505785,0.005901348777115345,-0.03186798095703125
0,0,0,0,0.01180590782314539,0.00599068496376276,-0.0316925048828125
0,0,0,0,0.012040775269269943,0.006131131201982498,-0.03148651123046875
0,0,0,0,0.01217543426901102,0.006207241211086512,-0.031341552734375
0,0,0,0,0.012270386330783367,0.006286731455475092,-0.03119659423828125
0,0,0,0,0.012290830723941326,0.006322340574115515,-0.0309906005859375
0,0,0,0,0.012243784964084625,0.006378076039254665,-0.03083038330078125
0,0,0,0,0.012133779004216194,0.006319250445812941,-0.030670166015625
0,0,0,0,0.011836661025881767,0.006167405750602484,-0.0303802490234375
0,0,0,0,0.011564686894416809,0.005831655114889145,-0.0301666259765625
0,0,0,0,0.011190485209226608,0.005416757892817259,-0.0299530029296875
0,0,0,0,0.010628479532897472,0.004393193405121565,-0.0296173095703125
0,0,0,0,0.010056504979729652,0.0033413064666092396,-0.0293121337890625
0,0,0,0,0.009389636106789112,0.0019714809022843838,-0.02889251708984375
0,0,0,0,0.008356863632798195,-0.00022473317221738398,-0.02817535400390625
0,0,0,0,0.007405669428408146,-0.0021468333434313536,-0.027496337890625
0,0,0,0,0.006423010025173426,-0.004293338395655155,-0.02664947509765625
0,0,0,0,0.004973377101123333,-0.0074616726487874985,-0.02504730224609375
0,0,0,0,0.00390520878136158,-0.01004792284220457,-0.0234527587890625
0,0,0,0,0.0026801659259945154,-0.012715140357613564,-0.02152252197265625
0,0,0,0,0.0010069527197629213,-0.016552183777093887,-0.018310546875
0,0,0,0,-0.00043408910278230906,-0.019433852285146713,-0.015380859375
0,0,0,0,-0.001846272381953895,-0.022483814507722855,-0.01189422607421875
0,0,0,0,-0.003952319268137217,-0.026597868651151657,-0.00638580322265625
0,0,0,0,-0.005612133536487818,-0.029839403927326202,-0.00165557861328125
0,0,0,0,-0.0074230339378118515,-0.03300919011235237,0.00357818603515625
0,0,0,0,-0.009867098182439804,-0.03735547885298729,0.01128387451171875
0,0,0,0,-0.011819315142929554,-0.040588974952697754,0.01760101318359375
0,0,0,0,-0.013856863602995872,-0.04388844966888428,0.0243682861328125
0,0,0,0,-0.016666090115904808,-0.04824317991733551,0.0340728759765625
0,0,0,0,-0.01890731230378151,-0.05150734633207321,0.041839599609375
0,0,0,0,-0.021180499345064163,-0.05472632125020027,0.05001068115234375
0,0,0,0,-0.02441149577498436,-0.05893833935260773,0.0615692138671875
0,0,0,0,-0.026887765154242516,-0.06204536184668541,0.07068634033203125
0,0,0,0,-0.02952716313302517,-0.06504477560520172,0.080169677734375
0,0,0,0,-0.033071886748075485,-0.06897076219320297,0.0933074951171875
0,0,0,0,-0.03590327128767967,-0.0717579647898674,0.10352325439453125
0,0,0,0,-0.038764964789152145,-0.07450348883867264,0.114044189453125
0,0,0,0,-0.04281565174460411,-0.0779123455286026,0.1285400390625
0,0,0,0,-0.04589049890637398,-0.08044353127479553,0.13979339599609375
0,0,0,0,-0.04909218102693558,-0.08275435119867325,0.15137481689453125
0,0,0,0,-0.05334767326712608,-0.08579608798027039,0.16736602783203125
0,0,0,0,-0.05658629909157753,-0.08789864182472229,0.1797027587890625
0,0,0,0,-0.05980025231838226,-0.08999872207641602,0.19235992431640625
0,0,0,0,-0.06409014016389847,-0.09257424622774124,0.20965576171875
0,0,0,0,-0.06731598824262619,-0.09442199021577835,0.22295379638671875
0,0,0,0,-0.0705176442861557,-0.09615040570497513,0.23659515380859375
0,0,0,0,-0.07474484294652939,-0.09836374223232269,0.25528717041015625
0,0,0,0,-0.07781819254159927,-0.0999111458659172,0.2696533203125
0,0,0,0,-0.08089396357536316,-0.1013111025094986,0.28424835205078125
0,0,0,0,-0.08481938391923904,-0.10301487147808075,0.3040618896484375
0,0,0,0,-0.08778121322393417,-0.10411591082811356,0.31922149658203125
0,0,0,0,-0.09063195437192917,-0.1051524430513382,0.33464813232421875
0,0,0,0,-0.09447940438985825,-0.10630463063716888,0.355621337890625
0,0,0,0,-0.09722241759300232,-0.10716114938259125,0.3716583251953125
0,0,0,0,-0.10004238039255142,-0.10783997923135757,0.38797760009765625
0,0,0,0,-0.10364947468042374,-0.10872703045606613,0.41020965576171875
0,0,0,0,-0.10634732991456985,-0.10920292884111404,0.4272308349609375
0,0,0,0,-0.10889586061239243,-0.10967493802309036,0.44455718994140625
0,0,0,0,-0.11216965317726135,-0.11008113622665405,0.46805572509765625
0,0,0,0,-0.11449777334928513,-0.11035609990358353,0.48600006103515625
0,0,0,0,-0.11673010885715485,-0.11047522723674774,0.5042190551757812
0,0,0,0,-0.11951260268688202,-0.11058710515499115,0.5288162231445312
0,0,0,0,-0.12145797163248062,-0.11057370901107788,0.5474929809570312
0,0,0,0,-0.12334368377923965,-0.11052591353654861,0.5663833618164062
0,0,0,0,-0.12567253410816193,-0.11035645008087158,0.5917816162109375
0,0,0,0,-0.12739096581935883,-0.11010143160820007,0.6110458374023438
0,0,0,0,-0.1289181113243103,-0.10981791466474533,0.6304855346679688
0,0,0,0,-0.13086965680122375,-0.10935365408658981,0.6566925048828125
0,0,0,0,-0.13214485347270966,-0.10905084013938904,0.6765594482421875
0,0,0,0,-0.13343873620033264,-0.10867127031087875,0.69659423828125
0,0,0,0,-0.13491608202457428,-0.10822384059429169,0.7235336303710938
0,0,0,0,-0.13597440719604492,-0.10782991349697113,0.7439651489257812
0,0,0,0,-0.1368255317211151,-0.10757261514663696,0.7645721435546875
0,0,0,0,-0.1379060596227646,-0.10717782378196716,0.7922592163085938
0,0,0,0,-0.13856282830238342,-0.1069924533367157,0.8131561279296875
0,0,0,0,-0.13918273150920868,-0.10672231763601303,0.8341522216796875
0,0,0,0,-0.13988922536373138,-0.10649140179157257,0.8622970581054688
0,0,0,0,-0.14030909538269043,-0.1062832623720169,0.8835296630859375
0,0,0,0,-0.14067617058753967,-0.10611478984355927,0.90484619140625
0,0,0,0,-0.14102505147457123,-0.10586659610271454,0.93341064453125
0,0,0,0,-0.14122489094734192,-0.1056799590587616,0.9549331665039062
0,0,0,0,-0.14128407835960388,-0.10547798126935959,0.9765167236328125
0,0,0,0,-0.14131049811840057,-0.10515452921390533,1.0053482055664062
0,0,0,0,-0.14117023348808289,-0.10492192208766937,1.0270309448242188
0,0,0,0,-0.14110147953033447,-0.10461362451314926,1.048797607421875
0,0,0,0,-0.1408097892999649,-0.1042724996805191,1.0780029296875
0,0,0,0,-0.1406063437461853,-0.10390587151050568,1.1000213623046875
0,0,0,0,-0.14028802514076233,-0.10358031839132309,1.1221847534179688
0,0,0,0,-0.13991129398345947,-0.10297169536352158,1.1517105102539062
0,0,0,0,-0.13956370949745178,-0.10258125513792038,1.1737060546875
0,0,0,0,-0.13926918804645538,-0.10212648659944534,1.1955032348632812
0,0,0,0,-0.13882970809936523,-0.10165803134441376,1.2240219116210938
0,0,0,0,-0.13849836587905884,-0.10129590332508087,1.2448883056640625
0,0,0,0,-0.13813067972660065,-0.10100412368774414,1.2652206420898438
0,0,0,0,-0.1375749409198761,-0.10052581131458282,1.2914505004882812
0,0,0,0,-0.13711649179458618,-0.10020805150270462,1.3103485107421875
0,0,0,0,-0.13658566772937775,-0.09988342970609665,1.3284759521484375
0,0,0,0,-0.13589246571063995,-0.09943321347236633,1.3515167236328125
0,0,0,0,-0.13527341187000275,-0.09908296167850494,1.36798095703125
0,0,0,0,-0.13473471999168396,-0.09868883341550827,1.3837509155273438
0,0,0,0,-0.13385933637619019,-0.09822952747344971,1.4037094116210938
0,0,0,0,-0.13324272632598877,-0.09785827994346619,1.417938232421875
0,0,0,0,-0.132513627409935,-0.0975782498717308,1.4315185546875
0,0,0,0,-0.13161204755306244,-0.0971079021692276,1.44854736328125
0,0,0,0,-0.13082168996334076,-0.09681592136621475,1.4606170654296875
0,0,0,0,-0.13006199896335602,-0.09639270603656769,1.4721221923828125
0,0,0,0,-0.12890151143074036,-0.09590741246938705,1.4866790771484375
0,0,0,0,-0.12803521752357483,-0.09545885771512985,1.4970626831054688
0,0,0,0,-0.12708280980587006,-0.09510504454374313,1.5070343017578125
0,0,0,0,-0.12578584253787994,-0.0945269837975502,1.519805908203125
0,0,0,0,-0.12477853894233704,-0.09411665052175522,1.529052734375
0,0,0,0,-0.12374553084373474,-0.0936676636338234,1.53802490234375
0,0,0,0,-0.12233764678239822,-0.09311134368181229,1.5495223999023438
0,0,0,0,-0.12121988832950592,-0.09271547943353653,1.5578765869140625
0,0,0,0,-0.12016190588474274,-0.09233696013689041,1.5660324096679688
0,0,0,0,-0.11862163245677948,-0.09189505130052567,1.5766372680664062
0,0,0,0,-0.11751134693622589,-0.09154648333787918,1.5844039916992188
0,0,0,0,-0.11630485206842422,-0.09125356376171112,1.5920181274414062
0,0,0,0,-0.11481427401304245,-0.09081200510263443,1.6019515991210938
0,0,0,0,-0.11366783082485199,-0.09054365754127502,1.6092605590820312
0,0,0,0,-0.11262709647417068,-0.09018149226903915,1.6164398193359375
0,0,0,0,-0.11114372313022614,-0.08979535847902298,1.625823974609375
0,0,0,0,-0.11009012162685394,-0.08943278342485428,1.6327438354492188
0,0,0,0,-0.10899001359939575,-0.08915114402770996,1.6396026611328125
0,0,0,0,-0.10764595866203308,-0.08865081518888474,1.6485671997070312
0,0,0,0,-0.1066492348909378,-0.08831288665533066,1.6551742553710938
0,0,0,0,-0.105685755610466,-0.08790931850671768,1.6616592407226562
0,0,0,0,-0.10443864017724991,-0.08743563294410706,1.6701431274414062
0,0,0,0,-0.10350222140550613,-0.08707142621278763,1.6763458251953125
0,0,0,0,-0.10259658843278885,-0.08675095438957214,1.6823959350585938
0,0,0,0,-0.10139195621013641,-0.0862979143857956,1.69024658203125
0,0,0,0,-0.10057059675455093,-0.0859166830778122,1.6959762573242188
0,0,0,0,-0.09968898445367813,-0.08553903549909592,1.70159912109375
0,0,0,0,-0.09868267178535461,-0.08497904241085052,1.7089614868164062
0,0,0,0,-0.09788873791694641,-0.08462412655353546,1.714324951171875
0,0,0,0,-0.0972234234213829,-0.08422733098268509,1.7195587158203125
0,0,0,0,-0.09624365717172623,-0.08382203429937363,1.72637939453125
0,0,0,0,-0.09553910046815872,-0.0834939256310463,1.7313613891601562
0,0,0,0,-0.09474930912256241,-0.08329423516988754,1.7361907958984375
0,0,0,0,-0.09381011873483658,-0.08298660814762115,1.7424240112304688
0,0,0,0,-0.0930531844496727,-0.08289457857608795,1.7469558715820312
0,0,0,0,-0.09231231361627579,-0.08280686289072037,1.751373291015625
0,0,0,0,-0.09127546101808548,-0.0829082652926445,1.7571182250976562
0,0,0,0,-0.09049906581640244,-0.08292703330516815,1.7613143920898438
0,0,0,0,-0.0897204577922821,-0.08299805223941803,1.765411376953125
0,0,0,0,-0.08864440023899078,-0.08307206630706787,1.7707595825195312
0,0,0,0,-0.0878601223230362,-0.0831572413444519,1.7747039794921875
0,0,0,0,-0.08702138811349869,-0.08323907107114792,1.7786178588867188
0,0,0,0,-0.08592376857995987,-0.08332947641611099,1.7837982177734375
0,0,0,0,-0.08499237149953842,-0.08344677835702896,1.7876052856445312
0,0,0,0,-0.08416488021612167,-0.08348297327756882,1.7913131713867188
0,0,0,0,-0.08298777043819427,-0.08362877368927002,1.796142578125
0,0,0,0,-0.08218657225370407,-0.08372101187705994,1.7996368408203125
0,0,0,0,-0.08131728321313858,-0.083870068192482,1.8030624389648438
0,0,0,0,-0.08028196543455124,-0.08393589407205582,1.8074874877929688
0,0,0,0,-0.07948090136051178,-0.08404024690389633,1.810699462890625
0,0,0,0,-0.07878012955188751,-0.08405051380395889,1.8138198852539062
0,0,0,0,-0.0778239518404007,-0.08419342339038849,1.8178176879882812
0,0,0,0,-0.07718481868505478,-0.08425857126712799,1.8206710815429688
0,0,0,0,-0.07653774321079254,-0.08439342677593231,1.8233718872070312
0,0,0,0,-0.07572726160287857,-0.08450747281312943,1.8267974853515625
0,0,0,0,-0.0751655250787735,-0.0845901221036911,1.8292922973632812
0,0,0,0,-0.07458332926034927,-0.08463573455810547,1.831695556640625
0,0,0,0,-0.0739101842045784,-0.08474475145339966,1.8347625732421875
0,0,0,0,-0.07339802384376526,-0.08485470712184906,1.8369827270507812
0,0,0,0,-0.07301802933216095,-0.08494192361831665,1.8391494750976562
0,0,0,0,-0.07247344404459,-0.0850990042090416,1.8419418334960938
0,0,0,0,-0.07221029698848724,-0.0851796343922615,1.8439712524414062
0,0,0,0,-0.07187332957983017,-0.08535298705101013,1.8459548950195312
0,0,0,0,-0.07158153504133224,-0.08550248295068741,1.848175048828125
0,0,0,0,-0.07134217768907547,-0.0857033059000969,1.8490676879882812
0,0,0,0,-0.07127323001623154,-0.08589409291744232,1.8492431640625
0,0,0,0,-0.0712415874004364,-0.08647043257951736,1.8484725952148438
0,0,0,0,-0.07141296565532684,-0.08696936070919037,1.847198486328125
0,0,0,0,-0.07169650495052338,-0.08770398050546646,1.8453445434570312
0,0,0,0,-0.07239557057619095,-0.08883126080036163,1.8419418334960938
0,0,0,0,-0.07312136143445969,-0.08990743011236191,1.83880615234375
0,0,0,0,-0.07398658245801926,-0.09105806052684784,1.835205078125
0,0,0,0,-0.07539133727550507,-0.09284737706184387,1.8300018310546875
0,0,0,0,-0.07654471695423126,-0.09431833773851395,1.8259506225585938
0,0,0,0,-0.0778726190328598,-0.09590449184179306,1.8218536376953125
0,0,0,0,-0.07970782369375229,-0.09823625534772873,1.8165054321289062
0,0,0,0,-0.08123669773340225,-0.10009073466062546,1.8126220703125
0,0,0,0,-0.08270004391670227,-0.10208357870578766,1.8089065551757812
0,0,0,0,-0.08485479652881622,-0.10476578027009964,1.8042526245117188
0,0,0,0,-0.08647018671035767,-0.10690274089574814,1.8010101318359375
0,0,0,0,-0.08821283280849457,-0.10900357365608215,1.7979812622070312
0,0,0,0,-0.09048742800951004,-0.11194054037332535,1.794281005859375
0,0,0,0,-0.09231529384851456,-0.11405965685844421,1.7917251586914062
0,0,0,0,-0.09413972496986389,-0.11629840731620789,1.7892990112304688
0,0,0,0,-0.09673337638378143,-0.11916559189558029,1.786285400390625
0,0,0,0,-0.09869003295898438,-0.12135785073041916,1.7841567993164062
0,0,0,0,-0.10067252814769745,-0.12345932424068451,1.7821121215820312
0,0,0,0,-0.10329404473304749,-0.12632417678833008,1.7795562744140625
0,0,0,0,-0.10524468868970871,-0.1284213364124298,1.777740478515625
0,0,0,0,-0.10722899436950684,-0.13049070537090302,1.7760086059570312
0,0,0,0,-0.1098247617483139,-0.13318173587322235,1.7738189697265625
0,0,0,0,-0.1118498146533966,-0.13514818251132965,1.77227783203125
0,0,0,0,-0.11381327360868454,-0.13709290325641632,1.7707672119140625
0,0,0,0,-0.11650770902633667,-0.13958057761192322,1.7687759399414062
0,0,0,0,-0.11845313012599945,-0.14144018292427063,1.7673187255859375
0,0,0,0,-0.12050539255142212,-0.14317932724952698,1.7658843994140625
0,0,0,0,-0.12313464283943176,-0.1455230414867401,1.763946533203125
0,0,0,0,-0.1251460760831833,-0.1471409797668457,1.7624588012695312
0,0,0,0,-0.12705932557582855,-0.14880767464637756,1.760955810546875
0,0,0,0,-0.12969543039798737,-0.15087932348251343,1.7589874267578125
0,0,0,0,-0.13160647451877594,-0.15247048437595367,1.7575531005859375
0,0,0,0,-0.13356591761112213,-0.15394145250320435,1.7561492919921875
0,0,0,0,-0.13611426949501038,-0.1559802144765854,1.7542800903320312
0,0,0,0,-0.13803541660308838,-0.15745136141777039,1.7528762817382812
0,0,0,0,-0.13993428647518158,-0.15896515548229218,1.7514801025390625
0,0,0,0,-0.14245100319385529,-0.16095630824565887,1.7496337890625
0,0,0,0,-0.14438387751579285,-0.16248346865177155,1.7482223510742188
0,0,0,0,-0.1462678611278534,-0.1640019416809082,1.7468185424804688
0,0,0,0,-0.1488771289587021,-0.16603802144527435,1.7449264526367188
0,0,0,0,-0.15079304575920105,-0.16762550175189972,1.7434768676757812
0,0,0,0,-0.15284386277198792,-0.1691824197769165,1.74200439453125
0,0,0,0,-0.15556228160858154,-0.17133501172065735,1.7400741577148438
0,0,0,0,-0.1577613353729248,-0.17289729416370392,1.7386703491210938
0,0,0,0,-0.15992137789726257,-0.1745499074459076,1.7372817993164062
0,0,0,0,-0.16292767226696014,-0.17666710913181305,1.735443115234375
0,0,0,0,-0.165135458111763,-0.17832700908184052,1.7340850830078125
0,0,0,0,-0.1674513965845108,-0.1799023151397705,1.7327804565429688
0,0,0,0,-0.17052698135375977,-0.182135209441185,1.7311019897460938
0,0,0,0,-0.1728796809911728,-0.18374404311180115,1.7298660278320312
0,0,0,0,-0.17521938681602478,-0.1854497492313385,1.7286529541015625
0,0,0,0,-0.17833398282527924,-0.1876550167798996,1.727081298828125
0,0,0,0,-0.18066680431365967,-0.18932180106639862,1.7259521484375
0,0,0,0,-0.18296445906162262,-0.19099508225917816,1.7248687744140625
0,0,0,0,-0.1860279142856598,-0.19328349828720093,1.72344970703125
0,0,0,0,-0.1882302612066269,-0.19500161707401276,1.7224349975585938
0,0,0,0,-0.1904817372560501,-0.19669492542743683,1.721466064453125
0,0,0,0,-0.19332662224769592,-0.19899412989616394,1.7202072143554688
0,0,0,0,-0.19550657272338867,-0.20066751539707184,1.7192535400390625
0,0,0,0,-0.19754935801029205,-0.20238693058490753,1.7182846069335938
0,0,0,0,-0.2003284990787506,-0.2045503556728363,1.7169952392578125
0,0,0,0,-0.20231381058692932,-0.20623938739299774,1.71600341796875
0,0,0,0,-0.2043682038784027,-0.2078060805797577,1.7149658203125
0,0,0,0,-0.2069767564535141,-0.2100154608488083,1.7135696411132812
0,0,0,0,-0.2089047133922577,-0.21161429584026337,1.712493896484375
0,0,0,0,-0.21072952449321747,-0.21331962943077087,1.7113876342773438
0,0,0,0,-0.21322067081928253,-0.21551114320755005,1.7098770141601562
0,0,0,0,-0.2150847315788269,-0.21723522245883942,1.7087326049804688
0,0,0,0,-0.21693988144397736,-0.2189495861530304,1.707550048828125
0,0,0,0,-0.21942433714866638,-0.22135192155838013,1.7059249877929688
0,0,0,0,-0.22124706208705902,-0.2231956273317337,1.7046890258789062
0,0,0,0,-0.22310781478881836,-0.22508201003074646,1.7034454345703125
0,0,0,0,-0.22546423971652985,-0.22762936353683472,1.701812744140625
0,0,0,0,-0.2273043394088745,-0.2295052707195282,1.7006301879882812
0,0,0,0,-0.22906938195228577,-0.23144206404685974,1.6994476318359375
0,0,0,0,-0.2315349578857422,-0.233982652425766,1.6979141235351562
0,0,0,0,-0.2333037406206131,-0.2359289824962616,1.69677734375
0,0,0,0,-0.23515434563159943,-0.23775731027126312,1.6956787109375
0,0,0,0,-0.2375127226114273,-0.24030132591724396,1.6942901611328125
0,0,0,0,-0.23930926620960236,-0.24212566018104553,1.6933059692382812
0,0,0,0,-0.2410048544406891,-0.24401412904262543,1.6923828125
0,0,0,0,-0.24335777759552002,-0.24635912477970123,1.6912155151367188
0,0,0,0,-0.24511344730854034,-0.24816277623176575,1.6904220581054688
0,0,0,0,-0.246878519654274,-0.24989557266235352,1.689666748046875
0,0,0,0,-0.24917608499526978,-0.25226718187332153,1.6887359619140625
0,0,0,0,-0.25085821747779846,-0.25401440262794495,1.688079833984375
0,0,0,0,-0.25255534052848816,-0.2557792365550995,1.687469482421875
0,0,0,0,-0.2547711431980133,-0.25810861587524414,1.6866378784179688
0,0,0,0,-0.2565397322177887,-0.25986114144325256,1.68603515625
0,0,0,0,-0.2582160234451294,-0.261690616607666,1.68548583984375
0,0,0,0,-0.2604956030845642,-0.26413941383361816,1.6848220825195312
0,0,0,0,-0.26209768652915955,-0.26606306433677673,1.6843795776367188
0,0,0,0,-0.26377972960472107,-0.26791295409202576,1.6839981079101562
0,0,0,0,-0.26588118076324463,-0.2704907953739166,1.6836395263671875
0,0,0,0,-0.2675173282623291,-0.2723408341407776,1.683502197265625
0,0,0,0,-0.26905763149261475,-0.27428707480430603,1.6834564208984375
0,0,0,0,-0.2712171971797943,-0.2767164707183838,1.683502197265625
0,0,0,0,-0.2727995812892914,-0.27857595682144165,1.6836013793945312
0,0,0,0,-0.27443164587020874,-0.28029319643974304,1.6837158203125
0,0,0,0,-0.2765829861164093,-0.2825689911842346,1.6838912963867188
0,0,0,0,-0.27819979190826416,-0.28418973088264465,1.6839828491210938
0,0,0,0,-0.27980858087539673,-0.28584766387939453,1.684051513671875
0,0,0,0,-0.28185197710990906,-0.2879719138145447,1.68408203125
0,0,0,0,-0.28337958455085754,-0.28954899311065674,1.6840362548828125
0,0,0,0,-0.284789115190506,-0.29109013080596924,1.683929443359375
0,0,0,0,-0.2866258919239044,-0.2931382656097412,1.6837234497070312
0,0,0,0,-0.2878521680831909,-0.29471805691719055,1.6835708618164062
0,0,0,0,-0.28908586502075195,-0.29624080657958984,1.6833953857421875
0,0,0,0,-0.2905045747756958,-0.29832154512405396,1.6831207275390625
0,0,0,0,-0.29157382249832153,-0.2998157739639282,1.6828842163085938
0,0,0,0,-0.2925032079219818,-0.30136752128601074,1.6826324462890625
0,0,0,0,-0.2937847971916199,-0.30330419540405273,1.6823196411132812
0,0,0,0,-0.29461461305618286,-0.304823637008667,1.6821212768554688
0,0,0,0,-0.2954423725605011,-0.30623313784599304,1.6819610595703125
0,0,0,0,-0.2964358329772949,-0.3081388473510742,1.681793212890625
0,0,0,0,-0.2971484065055847,-0.309481143951416,1.6817474365234375
0,0,0,0,-0.297805517911911,-0.31090542674064636,1.6817855834960938
0,0,0,0,-0.29864031076431274,-0.3127348721027374,1.681915283203125
0,0,0,0,-0.29923269152641296,-0.3141325116157532,1.6820907592773438
0,0,0,0,-0.2997748553752899,-0.3154928684234619,1.682342529296875
0,0,0,0,-0.30037420988082886,-0.31730926036834717,1.6827774047851562
0,0,0,0,-0.3006677031517029,-0.31865227222442627,1.6831741333007812
0,0,0,0,-0.3009243309497833,-0.3199675381183624,1.6836624145507812
0,0,0,0,-0.30096203088760376,-0.32174044847488403,1.6844406127929688
0,0,0,0,-0.30090680718421936,-0.3230149745941162,1.6851272583007812
0,0,0,0,-0.3005691468715668,-0.3243638575077057,1.6858596801757812
0,0,0,0,-0.2998637855052948,-0.3260602653026581,1.6869964599609375
0,0,0,0,-0.2990039885044098,-0.32740822434425354,1.6879653930664062
0,0,0,0,-0.29800140857696533,-0.3286389708518982,1.6889801025390625
0,0,0,0,-0.29609009623527527,-0.3303225338459015,1.6904449462890625
0,0,0,0,-0.2942989766597748,-0.3314535319805145,1.6917343139648438
0,0,0,0,-0.2920905351638794,-0.33262136578559875,1.6932220458984375
0,0,0,0,-0.28862476348876953,-0.3339819312095642,1.69549560546875
0,0,0,0,-0.28553980588912964,-0.3349893391132355,1.6974029541015625
0,0,0,0,-0.2820113003253937,-0.33586451411247253,1.6995925903320312
0,0,0,0,-0.2765237092971802,-0.3369804322719574,1.7031173706054688
0,0,0,0,-0.271639347076416,-0.33776527643203735,1.7061996459960938
0,0,0,0,-0.26611611247062683,-0.3384930491447449,1.7096023559570312
0,0,0,0,-0.2575898766517639,-0.3393522799015045,1.714508056640625
0,0,0,0,-0.2504449784755707,-0.3399074673652649,1.7184066772460938
0,0,0,0,-0.24248135089874268,-0.34046435356140137,1.7224578857421875
0,0,0,0,-0.2308727651834488,-0.3410981595516205,1.7280426025390625
0,0,0,0,-0.22132617235183716,-0.34160372614860535,1.7322845458984375
0,0,0,0,-0.2112855166196823,-0.341977059841156,1.7365188598632812
0,0,0,0,-0.19697393476963043,-0.3424825668334961,1.7421722412109375
0,0,0,0,-0.18575379252433777,-0.34274107217788696,1.7464218139648438
0,0,0,0,-0.17404437065124512,-0.34307536482810974,1.7506561279296875
0,0,0,0,-0.15793932974338531,-0.34338557720184326,1.75634765625
0,0,0,0,-0.14545658230781555,-0.3436287045478821,1.760711669921875
0,0,0,0,-0.13270704448223114,-0.34375840425491333,1.7652130126953125
0,0,0,0,-0.11519242823123932,-0.3439735472202301,1.7715530395507812
0,0,0,0,-0.10165626555681229,-0.3440989851951599,1.7766265869140625
0,0,0,0,-0.0877571702003479,-0.3442518413066864,1.7820205688476562
0,0,0,0,-0.06849625706672668,-0.34439781308174133,1.7896347045898438
0,0,0,0,-0.05352691560983658,-0.34450680017471313,1.7957839965820312
0,0,0,0,-0.03792089968919754,-0.34466373920440674,1.8022994995117188
0,0,0,0,-0.01621696539223194,-0.3448106646537781,1.8115463256835938
0,0,0,0,0.0009514847188256681,-0.3449108302593231,1.8188934326171875
0,0,0,0,0.0187904704362154,-0.34489867091178894,1.826568603515625
0,0,0,0,0.04398223012685776,-0.34495648741722107,1.8373260498046875
0,0,0,0,0.06383056193590164,-0.34493938088417053,1.845794677734375
0,0,0,0,0.08472350984811783,-0.3450019359588623,1.8545608520507812
0,0,0,0,0.11398850381374359,-0.3449929654598236,1.8667144775390625
0,0,0,0,0.13713093101978302,-0.345071017742157,1.8761367797851562
0,0,0,0,0.1612192690372467,-0.34504836797714233,1.885833740234375
0,0,0,0,0.19497939944267273,-0.34510940313339233,1.899200439453125
0,0,0,0,0.2214759886264801,-0.3451089560985565,1.9095306396484375
0,0,0,0,0.24902376532554626,-0.3451657295227051,1.9201126098632812
0,0,0,0,0.287388414144516,-0.3452063202857971,1.9345245361328125
0,0,0,0,0.317340612411499,-0.34522104263305664,1.9455795288085938
0,0,0,0,0.34837594628334045,-0.3451956510543823,1.95684814453125
0,0,0,0,0.391317218542099,-0.34507039189338684,1.9721450805664062
0,0,0,0,0.42479684948921204,-0.34497901797294617,1.9838104248046875
0,0,0,0,0.45922890305519104,-0.34482505917549133,1.99566650390625
0,0,0,0,0.5068506002426147,-0.34463047981262207,2.01177978515625
0,0,0,0,0.5436734557151794,-0.3443635106086731,2.0240631103515625
0,0,0,0,0.5816097259521484,-0.34416109323501587,2.0364227294921875
0,0,0,0,0.6336127519607544,-0.34375086426734924,2.0528106689453125
0,0,0,0,0.6736800074577332,-0.3434804081916809,2.0651626586914062
0,0,0,0,0.7144967317581177,-0.34306225180625916,2.0777587890625
0,0,0,0,0.7703180909156799,-0.3425067067146301,2.0948944091796875
0,0,0,0,0.8131400346755981,-0.3419404625892639,2.1078109741210938
0,0,0,0,0.8567378520965576,-0.3413727581501007,2.1208267211914062
0,0,0,0,0.9160497188568115,-0.34039202332496643,2.1385726928710938
0,0,0,0,0.961458146572113,-0.33959653973579407,2.1521148681640625
0,0,0,0,1.007655143737793,-0.338712215423584,2.1658401489257812
0,0,0,0,1.0703765153884888,-0.33743688464164734,2.1844100952148438
0,0,0,0,1.1183500289916992,-0.33638522028923035,2.198516845703125
0,0,0,0,1.1669951677322388,-0.3352522552013397,2.2127609252929688
0,0,0,0,1.2330104112625122,-0.33368736505508423,2.23193359375
0,0,0,0,1.2832400798797607,-0.33242347836494446,2.246337890625
0,0,0,0,1.3342044353485107,-0.33115068078041077,2.2607345581054688
0,0,0,0,1.4029747247695923,-0.32923221588134766,2.2799453735351562
0,0,0,0,1.4552336931228638,-0.32777002453804016,2.2942886352539062
0,0,0,0,1.5078351497650146,-0.32614490389823914,2.30859375
0,0,0,0,1.5787266492843628,-0.3240112066268921,2.3276443481445312
0,0,0,0,1.6322710514068604,-0.322249174118042,2.3419265747070312
0,0,0,0,1.6861863136291504,-0.32051733136177063,2.3561553955078125
0,0,0,0,1.7584216594696045,-0.3180723786354065,2.3751373291015625
0,0,0,0,1.8128734827041626,-0.31628188490867615,2.3893508911132812
0,0,0,0,1.8675053119659424,-0.31441864371299744,2.40350341796875
0,0,0,0,1.9405608177185059,-0.3119833469390869,2.42230224609375
0,0,0,0,1.9954845905303955,-0.3101103901863098,2.4363174438476562
0,0,0,0,2.0503978729248047,-0.3082599937915802,2.45025634765625
0,0,0,0,2.1236889362335205,-0.3057664930820465,2.46868896484375
0,0,0,0,2.1785783767700195,-0.30382683873176575,2.4824447631835938
0,0,0,0,2.2335259914398193,-0.3019235134124756,2.4961700439453125
0,0,0,0,2.306638479232788,-0.29933637380599976,2.5144119262695312
0,0,0,0,2.3615450859069824,-0.29743996262550354,2.528106689453125
0,0,0,0,2.4163594245910645,-0.2954518496990204,2.5417861938476562
0,0,0,0,2.489532947540283,-0.2928871214389801,2.5601043701171875
0,0,0,0,2.544376850128174,-0.2908569276332855,2.5739212036132812
0,0,0,0,2.599339246749878,-0.288930743932724,2.5877914428710938
0,0,0,0,2.672546625137329,-0.28628450632095337,2.6063995361328125
0,0,0,0,2.7275071144104004,-0.28443774580955505,2.62042236328125
0,0,0,0,2.782459020614624,-0.28256911039352417,2.6345062255859375
0,0,0,0,2.855855941772461,-0.2802811861038208,2.6533966064453125
0,0,0,0,2.9109702110290527,-0.27861693501472473,2.6675872802734375
0,0,0,0,2.9661056995391846,-0.27705085277557373,2.6817703247070312
0,0,0,0,3.0397226810455322,-0.27497398853302,2.70068359375
0,0,0,0,3.094932794570923,-0.2734473943710327,2.7148895263671875
0,0,0,0,3.150261163711548,-0.27199164032936096,2.7291107177734375
0,0,0,0,3.223992347717285,-0.2700931131839752,2.7481689453125
0,0,0,0,3.279388904571533,-0.2687464654445648,2.7624969482421875
0,0,0,0,3.3346657752990723,-0.2673567831516266,2.7768630981445312
0,0,0,0,3.40850830078125,-0.26565414667129517,2.7960662841796875
0,0,0,0,3.463810682296753,-0.26435714960098267,2.8104400634765625
0,0,0,0,3.5191731452941895,-0.263202428817749,2.8247833251953125
0,0,0,0,3.5928266048431396,-0.2615973651409149,2.84375
0,0,0,0,3.648008108139038,-0.2605160176753998,2.8580093383789062
0,0,0,0,3.7030529975891113,-0.2593838572502136,2.872314453125
0,0,0,0,3.7763147354125977,-0.25802892446517944,2.8914260864257812
0,0,0,0,3.83113956451416,-0.2570306658744812,2.9056625366210938
0,0,0,0,3.885831356048584,-0.2561173439025879,2.9198455810546875
0,0,0,0,3.958498001098633,-0.25484734773635864,2.9389266967773438
0,0,0,0,4.012826442718506,-0.2538870871067047,2.9533004760742188
0,0,0,0,4.067126750946045,-0.25293681025505066,2.967742919921875
0,0,0,0,4.139374256134033,-0.25171327590942383,2.9870834350585938
0,0,0,0,4.193568229675293,-0.25086599588394165,3.0016555786132812
0,0,0,0,4.24764347076416,-0.2500230669975281,3.0162734985351562
0,0,0,0,4.319819450378418,-0.24902820587158203,3.0357589721679688
0,0,0,0,4.373836517333984,-0.24824753403663635,3.05035400390625
0,0,0,0,4.427960395812988,-0.24755917489528656,3.0649642944335938
0,0,0,0,4.50008487701416,-0.24660927057266235,3.0845870971679688
0,0,0,0,4.572348594665527,-0.24585142731666565,3.1042556762695312
0,0,0,0,4.608466625213623,-0.24542859196662903,3.1140899658203125
0,0,0,0,4.680777072906494,-0.24475517868995667,3.1337661743164062
0,0,0,0,4.734965801239014,-0.2442130744457245,3.148529052734375
0,0,0,0,4.789185047149658,-0.2437647581100464,3.1632537841796875
0,0,0,0,4.861433982849121,-0.24311794340610504,3.182708740234375
0,0,0,0,4.915557384490967,-0.24270221590995789,3.1971664428710938
0,0,0,0,4.969580173492432,-0.24227860569953918,3.2116012573242188
0,0,0,0,5.041425704956055,-0.2417769730091095,3.2309722900390625
0,0,0,0,5.095318794250488,-0.24145257472991943,3.2454605102539062
0,0,0,0,5.149098873138428,-0.24113517999649048,3.2598724365234375
0,0,0,0,5.220736980438232,-0.24071820080280304,3.2790374755859375
0,0,0,0,5.274278163909912,-0.24033060669898987,3.2934646606445312
0,0,0,0,5.327866554260254,-0.23997879028320312,3.3078994750976562
0,0,0,0,5.399168968200684,-0.23935608565807343,3.3270797729492188
0,0,0,0,5.452693462371826,-0.23887114226818085,3.3413162231445312
0,0,0,0,5.506011962890625,-0.23823468387126923,3.3554534912109375
0,0,0,0,5.576964855194092,-0.23736877739429474,3.3744430541992188
0,0,0,0,5.630049228668213,-0.23657873272895813,3.3887557983398438
0,0,0,0,5.683158874511719,-0.23580056428909302,3.4031143188476562
0,0,0,0,5.753903388977051,-0.23454543948173523,3.42230224609375
0,0,0,0,5.806970119476318,-0.23359224200248718,3.4368057250976562
0,0,0,0,5.8600664138793945,-0.23251186311244965,3.4514312744140625
0,0,0,0,5.930940628051758,-0.23108486831188202,3.4710617065429688
0,0,0,0,5.984198570251465,-0.22995194792747498,3.485809326171875
0,0,0,0,6.037506580352783,-0.2287580817937851,3.5005645751953125
0,0,0,0,6.108776569366455,-0.2270900011062622,3.5202713012695312
0,0,0,0,6.16224479675293,-0.22573818266391754,3.5350494384765625
0,0,0,0,6.215866565704346,-0.22438310086727142,3.5498199462890625
0,0,0,0,6.287368297576904,-0.2224174588918686,3.5694503784179688
0,0,0,0,6.341115474700928,-0.22091315686702728,3.584136962890625
0,0,0,0,6.394792556762695,-0.21925711631774902,3.5988006591796875
0,0,0,0,6.466497898101807,-0.2170586735010147,3.6182174682617188
0,0,0,0,6.520183563232422,-0.21528132259845734,3.6327133178710938
0,0,0,0,6.573907852172852,-0.2135773003101349,3.6472015380859375
0,0,0,0,6.645460605621338,-0.21113194525241852,3.6665496826171875
0,0,0,0,6.6991682052612305,-0.20931322872638702,3.681060791015625
0,0,0,0,6.752842903137207,-0.20732584595680237,3.6955795288085938
0,0,0,0,6.8244547843933105,-0.20471321046352386,3.7148818969726562
0,0,0,0,6.878235340118408,-0.20267947018146515,3.7293167114257812
0,0,0,0,6.932079315185547,-0.2006377875804901,3.74371337890625
0,0,0,0,7.00400972366333,-0.19781187176704407,3.7628631591796875
0,0,0,0,7.058016777038574,-0.19564276933670044,3.7771987915039062
0,0,0,0,7.112215995788574,-0.19346271455287933,3.7915115356445312
0,0,0,0,7.184571743011475,-0.19054648280143738,3.8105697631835938
0,0,0,0,7.239064693450928,-0.1884046047925949,3.8248138427734375
0,0,0,0,7.293566703796387,-0.18614378571510315,3.8389968872070312
0,0,0,0,7.366476058959961,-0.18313489854335785,3.8578643798828125
0,0,0,0,7.421171188354492,-0.1807948499917984,3.8720016479492188
0,0,0,0,7.476027965545654,-0.17855964601039886,3.886138916015625
0,0,0,0,7.549178600311279,-0.17551560699939728,3.9050216674804688
0,0,0,0,7.604158878326416,-0.17333826422691345,3.9191818237304688
0,0,0,0,7.659096717834473,-0.17106987535953522,3.933349609375
0,0,0,0,7.732400417327881,-0.1681341528892517,3.952362060546875
0,0,0,0,7.7873406410217285,-0.1658683866262436,3.9666900634765625
0,0,0,0,7.842291355133057,-0.1636665314435959,3.9810791015625
0,0,0,0,7.915550708770752,-0.16067683696746826,4.0003509521484375
0,0,0,0,7.970489025115967,-0.15848958492279053,4.0148162841796875
0,0,0,0,8.025496482849121,-0.15627025067806244,4.029289245605469
0,0,0,0,8.098735809326172,-0.15334904193878174,4.048675537109375
0,0,0,0,8.153735160827637,-0.15122218430042267,4.063209533691406
0,0,0,0,8.208621978759766,-0.14908991754055023,4.0777435302734375
0,0,0,0,8.281867980957031,-0.14635908603668213,4.0971832275390625
0,0,0,0,8.336756706237793,-0.1442766934633255,4.11175537109375
0,0,0,0,8.391706466674805,-0.1423070877790451,4.126258850097656
0,0,0,0,8.464784622192383,-0.1396196484565735,4.145591735839844
0,0,0,0,8.519594192504883,-0.13772505521774292,4.160133361816406
0,0,0,0,8.574288368225098,-0.13574081659317017,4.174720764160156
0,0,0,0,8.647222518920898,-0.13322940468788147,4.194114685058594
0,0,0,0,8.701754570007324,-0.13132092356681824,4.20867919921875
0,0,0,0,8.756223678588867,-0.12951838970184326,4.223365783691406
0,0,0,0,8.828751564025879,-0.1270165741443634,4.2430419921875
0,0,0,0,8.883121490478516,-0.12518811225891113,4.2578125
0,0,0,0,8.93751335144043,-0.12333928048610687,4.272613525390625
0,0,0,0,9.010004997253418,-0.12092927098274231,4.2924346923828125
0,0,0,0,9.064428329467773,-0.11912454664707184,4.307319641113281
0,0,0,0,9.118810653686523,-0.1173076406121254,4.3222198486328125
0,0,0,0,9.191420555114746,-0.11493313312530518,4.34210205078125
0,0,0,0,9.24583911895752,-0.1131080687046051,4.35693359375
0,0,0,0,9.300395011901855,-0.11132948845624924,4.371681213378906
0,0,0,0,9.373040199279785,-0.10887693613767624,4.3912353515625
0,0,0,0,9.427608489990234,-0.10708478093147278,4.4058380126953125
0,0,0,0,9.482068061828613,-0.10518281161785126,4.420440673828125
0,0,0,0,9.554765701293945,-0.10276558995246887,4.439949035644531
0,0,0,0,9.60921859741211,-0.10087437927722931,4.454627990722656
0,0,0,0,9.663695335388184,-0.09905895590782166,4.4692840576171875
0,0,0,0,9.736196517944336,-0.09645965695381165,4.488777160644531
0,0,0,0,9.790541648864746,-0.09454208612442017,4.503448486328125
0,0,0,0,9.84482479095459,-0.09251616150140762,4.518218994140625
0,0,0,0,9.91714859008789,-0.08981312811374664,4.538002014160156
0,0,0,0,9.97143840789795,-0.08772507309913635,4.55279541015625
0,0,0,0,10.025680541992188,-0.08563900738954544,4.5675506591796875
0,0,0,0,10.097960472106934,-0.0828515961766243,4.587089538574219
0,0,0,0,10.152003288269043,-0.08076108992099762,4.601806640625
0,0,0,0,10.206100463867188,-0.07873181998729706,4.616546630859375
0,0,0,0,10.278050422668457,-0.07601388543844223,4.635993957519531
0,0,0,0,10.331989288330078,-0.0740775391459465,4.650421142578125
0,0,0,0,10.38570785522461,-0.0721045434474945,4.6646881103515625
0,0,0,0,10.457137107849121,-0.06961511075496674,4.683479309082031
0,0,0,0,10.510367393493652,-0.0677354708313942,4.6974334716796875
0,0,0,0,10.5634126663208,-0.06600482016801834,4.711273193359375
0,0,0,0,10.633599281311035,-0.06366536766290665,4.729743957519531
0,0,0,0,10.68597412109375,-0.06203614920377731,4.743721008300781
0,0,0,0,10.738139152526855,-0.060341741889715195,4.7577667236328125
0,0,0,0,10.80762767791748,-0.0581853985786438,4.7765655517578125
0,0,0,0,10.859697341918945,-0.05653004348278046,4.790672302246094
0,0,0,0,10.911718368530273,-0.0549154095351696,4.804756164550781
0,0,0,0,10.981003761291504,-0.052705276757478714,4.823539733886719
0,0,0,0,11.0327787399292,-0.05105896294116974,4.837646484375
0,0,0,0,11.084573745727539,-0.04939546808600426,4.851814270019531
0,0,0,0,11.153440475463867,-0.0471644252538681,4.870796203613281
0,0,0,0,11.205062866210938,-0.045562952756881714,4.885246276855469
0,0,0,0,11.256607055664062,-0.04387395828962326,4.899848937988281
0,0,0,0,11.325526237487793,-0.04165038466453552,4.919380187988281
0,0,0,0,11.377179145812988,-0.03992151468992233,4.9340667724609375
0,0,0,0,11.42894172668457,-0.03829028829932213,4.9488525390625
0,0,0,0,11.497922897338867,-0.03597530350089073,4.968833923339844
0,0,0,0,11.549869537353516,-0.03430712968111038,4.983940124511719
0,0,0,0,11.601950645446777,-0.032536622136831284,4.999137878417969
0,0,0,0,11.671735763549805,-0.030263932421803474,5.019416809082031
0,0,0,0,11.724311828613281,-0.028496673330664635,5.0346527099609375
0,0,0,0,11.777124404907227,-0.026795990765094757,5.049842834472656
0,0,0,0,11.847834587097168,-0.02449440024793148,5.069786071777344
0,0,0,0,11.900973320007324,-0.022814664989709854,5.08447265625
0,0,0,0,11.954191207885742,-0.02110879495739937,5.098930358886719
0,0,0,0,12.025030136108398,-0.018833938986063004,5.117942810058594
0,0,0,0,12.078064918518066,-0.017152925953269005,5.132171630859375
0,0,0,0,12.130939483642578,-0.015458128415048122,5.146392822265625
0,0,0,0,12.201497077941895,-0.013232178054749966,5.165283203125
0,0,0,0,12.254313468933105,-0.011480743065476418,5.179405212402344
0,0,0,0,12.307193756103516,-0.009797223843634129,5.193450927734375
0,0,0,0,12.37761116027832,-0.007405694108456373,5.211906433105469
0,0,0,0,12.430428504943848,-0.005667420104146004,5.225593566894531
0,0,0,0,12.483061790466309,-0.0037859308067709208,5.2393341064453125
0,0,0,0,12.55318832397461,-0.0013640506658703089,5.257911682128906
0,0,0,0,12.605724334716797,0.0005109754856675863,5.271942138671875
0,0,0,0,12.658355712890625,0.002292502671480179,5.286018371582031
0,0,0,0,12.728564262390137,0.004726915154606104,5.304931640625
0,0,0,0,12.781285285949707,0.006503854412585497,5.3191986083984375
0,0,0,0,12.834092140197754,0.008340688422322273,5.33349609375
0,0,0,0,12.904535293579102,0.01068556122481823,5.352317810058594
0,0,0,0,12.95737361907959,0.012380547821521759,5.366447448730469
0,0,0,0,13.01005744934082,0.014058329164981842,5.380615234375
0,0,0,0,13.080269813537598,0.016247134655714035,5.3993072509765625
0,0,0,0,13.132746696472168,0.017880629748106003,5.413276672363281
0,0,0,0,13.185173034667969,0.01937681809067726,5.427215576171875
0,0,0,0,13.254704475402832,0.021321043372154236,5.4456329345703125
0,0,0,0,13.306694030761719,0.02264670841395855,5.459434509277344
0,0,0,0,13.358373641967773,0.024025941267609596,5.473228454589844
0,0,0,0,13.427119255065918,0.025709480047225952,5.4915618896484375
0,0,0,0,13.478423118591309,0.02701723203063011,5.505195617675781
0,0,0,0,13.529613494873047,0.02819761075079441,5.518638610839844
0,0,0,0,13.597511291503906,0.029846951365470886,5.536376953125
0,0,0,0,13.64822769165039,0.030986707657575607,5.5496063232421875
0,0,0,0,13.698746681213379,0.032144106924533844,5.5627593994140625
0,0,0,0,13.765861511230469,0.03355434909462929,5.580078125
0,0,0,0,13.815988540649414,0.03459971398115158,5.59332275390625
0,0,0,0,13.865957260131836,0.03557329252362251,5.606681823730469
0,0,0,0,13.932607650756836,0.03687410429120064,5.623970031738281
0,0,0,0,13.982331275939941,0.037843622267246246,5.636817932128906
0,0,0,0,14.031889915466309,0.03870890289545059,5.650001525878906
0,0,0,0,14.097777366638184,0.039840470999479294,5.6680450439453125
0,0,0,0,14.147390365600586,0.040587857365608215,5.681617736816406
0,0,0,0,14.197031021118164,0.0413803793489933,5.6951751708984375
0,0,0,0,14.263440132141113,0.04232374206185341,5.7135772705078125
0,0,0,0,14.313321113586426,0.043060336261987686,5.727592468261719
0,0,0,0,14.363551139831543,0.04369344189763069,5.741668701171875
0,0,0,0,14.430834770202637,0.04467194154858589,5.7604522705078125
0,0,0,0,14.481548309326172,0.04532121866941452,5.7745208740234375
0,0,0,0,14.532343864440918,0.04605158790946007,5.788627624511719
0,0,0,0,14.600323677062988,0.046927109360694885,5.8077239990234375
0,0,0,0,14.651529312133789,0.0476146824657917,5.822113037109375
0,0,0,0,14.702911376953125,0.048257794231176376,5.8365631103515625
0,0,0,0,14.771699905395508,0.04918936267495155,5.855865478515625
0,0,0,0,14.823447227478027,0.04991278797388077,5.870307922363281
0,0,0,0,14.87536334991455,0.05065973848104477,5.884765625
0,0,0,0,14.944613456726074,0.051687173545360565,5.904090881347656
0,0,0,0,14.996682167053223,0.05245028808712959,5.918663024902344
0,0,0,0,15.048677444458008,0.05331779643893242,5.9333648681640625
0,0,0,0,15.118232727050781,0.05443801358342171,5.9531402587890625
0,0,0,0,15.170475006103516,0.0553775392472744,5.967857360839844
0,0,0,0,15.222890853881836,0.05626737326383591,5.9823760986328125
0,0,0,0,15.292643547058105,0.05754280090332031,6.00177001953125
0,0,0,0,15.344964981079102,0.05839552730321884,6.01641845703125
0,0,0,0,15.397232055664062,0.05936696380376816,6.0311431884765625
0,0,0,0,15.467056274414062,0.060630619525909424,6.0508270263671875
0,0,0,0,15.519450187683105,0.061650194227695465,6.065643310546875
0,0,0,0,15.571975708007812,0.06257030367851257,6.08056640625
0,0,0,0,15.642228126525879,0.06383579969406128,6.1006622314453125
0,0,0,0,15.695085525512695,0.06476298719644547,6.115760803222656
0,0,0,0,15.748130798339844,0.06573018431663513,6.130805969238281
0,0,0,0,15.819037437438965,0.06701841950416565,6.150856018066406
0,0,0,0,15.87243938446045,0.0679754838347435,6.1658935546875
0,0,0,0,15.925851821899414,0.0689864233136177,6.1808624267578125
0,0,0,0,15.997322082519531,0.07035037875175476,6.200645446777344
0,0,0,0,16.05095863342285,0.07142536342144012,6.215400695800781
0,0,0,0,16.104764938354492,0.0724245086312294,6.2301483154296875
0,0,0,0,16.176559448242188,0.07383552938699722,6.24981689453125
0,0,0,0,16.230623245239258,0.07483115792274475,6.264457702636719
0,0,0,0,16.284713745117188,0.07595595717430115,6.278900146484375
0,0,0,0,16.357011795043945,0.07738544791936874,6.297576904296875
0,0,0,0,16.41107940673828,0.078569196164608,6.311424255371094
0,0,0,0,16.465015411376953,0.07968416064977646,6.32525634765625
0,0,0,0,16.536684036254883,0.0813002735376358,6.343757629394531
0,0,0,0,16.590335845947266,0.0825376883149147,6.357658386230469
0,0,0,0,16.64394760131836,0.08389664441347122,6.371612548828125
0,0,0,0,16.71537971496582,0.0857367217540741,6.390281677246094
0,0,0,0,16.769044876098633,0.08716870099306107,6.404396057128906
0,0,0,0,16.82269287109375,0.08864255994558334,6.41864013671875
0,0,0,0,16.89438819885254,0.09070660173892975,6.43780517578125
0,0,0,0,16.948169708251953,0.09238442033529282,6.452156066894531
0,0,0,0,17.002126693725586,0.09406158328056335,6.46649169921875
0,0,0,0,17.09204864501953,0.09698379039764404,6.4905548095703125
0,0,0,0,17.12808609008789,0.09808997809886932,6.5001678466796875
0,0,0,0,17.18209457397461,0.09986294060945511,6.514434814453125
0,0,0,0,17.25415802001953,0.1021377444267273,6.533180236816406
0,0,0,0,17.3079891204834,0.10394251346588135,6.546913146972656
0,0,0,0,17.361637115478516,0.10566022992134094,6.560325622558594
0,0,0,0,17.432498931884766,0.10805367678403854,6.578269958496094
0,0,0,0,17.485246658325195,0.10978864878416061,6.591804504394531
0,0,0,0,17.53776741027832,0.11158950626850128,6.605308532714844
0,0,0,0,17.607561111450195,0.11394742131233215,6.623283386230469
0,0,0,0,17.659772872924805,0.11574888229370117,6.6367950439453125
0,0,0,0,17.71186065673828,0.11751818656921387,6.650428771972656
0,0,0,0,17.7813777923584,0.11988547444343567,6.668754577636719
0,0,0,0,17.833560943603516,0.12166392058134079,6.6824493408203125
0,0,0,0,17.88590431213379,0.1233866885304451,6.696037292480469
0,0,0,0,17.955657958984375,0.12567178905010223,6.714027404785156
0,0,0,0,18.008075714111328,0.12729164958000183,6.727630615234375
0,0,0,0,18.060436248779297,0.12894147634506226,6.7411956787109375
0,0,0,0,18.130416870117188,0.13095903396606445,6.758659362792969
0,0,0,0,18.182689666748047,0.13248293101787567,6.771575927734375
0,0,0,0,18.234800338745117,0.1338517963886261,6.784690856933594
0,0,0,0,18.303991317749023,0.13569959998130798,6.802276611328125
0,0,0,0,18.355880737304688,0.13694410026073456,6.815513610839844
0,0,0,0,18.407705307006836,0.13822117447853088,6.828819274902344
0,0,0,0,18.476938247680664,0.13973666727542877,6.846710205078125
0,0,0,0,18.529027938842773,0.14090365171432495,6.8601837158203125
0,0,0,0,18.5813045501709,0.1420484334230423,6.8736724853515625
0,0,0,0,18.651395797729492,0.1436278074979782,6.891510009765625
0,0,0,0,18.704143524169922,0.14477984607219696,6.90478515625
0,0,0,0,18.757055282592773,0.14587704837322235,6.918083190917969
0,0,0,0,18.8277530670166,0.1473035216331482,6.935943603515625
0,0,0,0,18.881038665771484,0.14829720556735992,6.9493408203125
0,0,0,0,18.934404373168945,0.14934836328029633,6.96270751953125
0,0,0,0,19.005924224853516,0.15066981315612793,6.980522155761719
0,0,0,0,19.05966567993164,0.15170729160308838,6.9936676025390625
0,0,0,0,19.11360740661621,0.15267159044742584,7.006629943847656
0,0,0,0,19.185373306274414,0.15406294167041779,7.023712158203125
0,0,0,0,19.239158630371094,0.15503641963005066,7.036399841308594
0,0,0,0,19.29278564453125,0.1561226099729538,7.049034118652344
0,0,0,0,19.36418914794922,0.15751145780086517,7.065757751464844
0,0,0,0,19.4176082611084,0.15863963961601257,7.078330993652344
0,0,0,0,19.470972061157227,0.15972310304641724,7.090972900390625
0,0,0,0,19.54204559326172,0.16129064559936523,7.107688903808594
0,0,0,0,19.595285415649414,0.16250699758529663,7.12017822265625
0,0,0,0,19.648488998413086,0.1637910008430481,7.132698059082031
0,0,0,0,19.719240188598633,0.16546779870986938,7.149482727050781
0,0,0,0,19.77228355407715,0.16672414541244507,7.16217041015625
0,0,0,0,19.825214385986328,0.16804887354373932,7.1750335693359375
0,0,0,0,19.895946502685547,0.1698613166809082,7.192420959472656
0,0,0,0,19.94902992248535,0.17130953073501587,7.205604553222656
0,0,0,0,20.002290725708008,0.17270179092884064,7.218910217285156
0,0,0,0,20.07339096069336,0.1746557205915451,7.2368011474609375
0,0,0,0,20.126941680908203,0.17603091895580292,7.25018310546875
0,0,0,0,20.18053436279297,0.17751586437225342,7.263450622558594
0,0,0,0,20.25221061706543,0.1794433295726776,7.280570983886719
0,0,0,0,20.305797576904297,0.18096981942653656,7.2929534912109375
0,0,0,0,20.35918617248535,0.18239271640777588,7.305145263671875
0,0,0,0,20.429841995239258,0.1843736171722412,7.321357727050781
0,0,0,0,20.48247718811035,0.18577687442302704,7.3335418701171875
0,0,0,0,20.53485679626465,0.1871875673532486,7.3457794189453125
0,0,0,0,20.60443115234375,0.18896892666816711,7.362281799316406
0,0,0,0,20.6566104888916,0.19026392698287964,7.37481689453125
0,0,0,0,20.708810806274414,0.19152793288230896,7.387458801269531
0,0,0,0,20.778669357299805,0.19318677484989166,7.404502868652344
0,0,0,0,20.831188201904297,0.1944209337234497,7.4173126220703125
0,0,0,0,20.88399314880371,0.19558992981910706,7.430107116699219
0,0,0,0,20.954620361328125,0.1971549689769745,7.447242736816406
0,0,0,0,21.007932662963867,0.19820082187652588,7.4600982666015625
0,0,0,0,21.06134796142578,0.19930198788642883,7.4729461669921875
0,0,0,0,21.132976531982422,0.20067504048347473,7.48992919921875
0,0,0,0,21.186864852905273,0.2017827033996582,7.502540588378906
0,0,0,0,21.240936279296875,0.20280320942401886,7.515113830566406
0,0,0,0,21.3131160736084,0.20431776344776154,7.5318603515625
0,0,0,0,21.36736297607422,0.20540791749954224,7.5444183349609375
0,0,0,0,21.421669006347656,0.20658215880393982,7.5569610595703125
0,0,0,0,21.494203567504883,0.20808924734592438,7.573768615722656
0,0,0,0,21.548696517944336,0.2092905342578888,7.58642578125
0,0,0,0,21.603225708007812,0.210499569773674,7.5990753173828125
0,0,0,0,21.67610740661621,0.21218092739582062,7.615875244140625
0,0,0,0,21.73082733154297,0.21349267661571503,7.62835693359375
0,0,0,0,21.78566551208496,0.21478042006492615,7.6407318115234375
0,0,0,0,21.858715057373047,0.2164836823940277,7.6571197509765625
0,0,0,0,21.91360855102539,0.21770058572292328,7.669273376464844
0,0,0,0,21.968427658081055,0.21898847818374634,7.6813201904296875
0,0,0,0,22.041662216186523,0.22062084078788757,7.697273254394531
0,0,0,0,22.0965633392334,0.22193562984466553,7.708900451660156
0,0,0,0,22.151533126831055,0.22318458557128906,7.7201690673828125
0,0,0,0,22.224365234375,0.224969282746315,7.735206604003906
0,0,0,0,22.278766632080078,0.22622863948345184,7.7465972900390625
0,0,0,0,22.332977294921875,0.22758272290229797,7.7580413818359375
0,0,0,0,22.405195236206055,0.2293163388967514,7.7734527587890625
0,0,0,0,22.459299087524414,0.23069649934768677,7.7851104736328125
0,0,0,0,22.51339340209961,0.23203930258750916,7.796875
0,0,0,0,22.585594177246094,0.2339169830083847,7.812652587890625
0,0,0,0,22.639799118041992,0.23531509935855865,7.824516296386719
0,0,0,0,22.694185256958008,0.23672932386398315,7.836395263671875
0,0,0,0,22.766803741455078,0.23866844177246094,7.852272033691406
0,0,0,0,22.821470260620117,0.24012893438339233,7.8641204833984375
0,0,0,0,22.87613296508789,0.24163739383220673,7.8759307861328125
0,0,0,0,22.949304580688477,0.24361036717891693,7.8916168212890625
0,0,0,0,23.004287719726562,0.24518583714962006,7.903373718261719
0,0,0,0,23.05950927734375,0.24668897688388824,7.9150848388671875
0,0,0,0,23.1331844329834,0.24874617159366608,7.930686950683594
0,0,0,0,23.188629150390625,0.2502119243144989,7.942359924316406
0,0,0,0,23.244083404541016,0.2517753839492798,7.9539947509765625
0,0,0,0,23.318199157714844,0.2537399232387543,7.9694976806640625
0,0,0,0,23.373876571655273,0.2552691400051117,7.981071472167969
0,0,0,0,23.42963409423828,0.2567216157913208,7.992607116699219
0,0,0,0,23.50400161743164,0.25867024064064026,8.007942199707031
0,0,0,0,23.559785842895508,0.26006606221199036,8.0194091796875
0,0,0,0,23.615615844726562,0.26144877076148987,8.030815124511719
0,0,0,0,23.690093994140625,0.26317453384399414,8.045982360839844
0,0,0,0,23.746089935302734,0.26438164710998535,8.057327270507812
0,0,0,0,23.802053451538086,0.2655675411224365,8.068603515625
0,0,0,0,23.876873016357422,0.2670608460903168,8.083580017089844
0,0,0,0,23.93301010131836,0.26822274923324585,8.094810485839844
0,0,0,0,23.989286422729492,0.26929157972335815,8.106048583984375
0,0,0,0,24.06426429748535,0.270782470703125,8.121047973632812
0,0,0,0,24.120595932006836,0.27182480692863464,8.132316589355469
0,0,0,0,24.17686653137207,0.2729591727256775,8.143600463867188
0,0,0,0,24.25205421447754,0.2743617594242096,8.158676147460938
0,0,0,0,24.308452606201172,0.275450199842453,8.170028686523438
0,0,0,0,24.364971160888672,0.2764599621295929,8.181419372558594
0,0,0,0,24.440309524536133,0.2779393494129181,8.196670532226562
0,0,0,0,24.496843338012695,0.2790027856826782,8.208152770996094
0,0,0,0,24.55337142944336,0.28012439608573914,8.21966552734375
0,0,0,0,24.628759384155273,0.2815414369106293,8.235099792480469
0,0,0,0,24.685386657714844,0.28261709213256836,8.246795654296875
0,0,0,0,24.7419490814209,0.28368085622787476,8.258567810058594
0,0,0,0,24.81748390197754,0.28510114550590515,8.274368286132812
0,0,0,0,24.87407112121582,0.2861763536930084,8.286285400390625
0,0,0,0,24.93075942993164,0.2871708869934082,8.298210144042969
0,0,0,0,25.006256103515625,0.2885218858718872,8.314178466796875
0,0,0,0,25.062969207763672,0.2894843816757202,8.326217651367188
0,0,0,0,25.119604110717773,0.2905242443084717,8.338241577148438
0,0,0,0,25.195222854614258,0.29182666540145874,8.353965759277344
0,0,0,0,25.25176429748535,0.2928529977798462,8.365402221679688
0,0,0,0,25.308101654052734,0.29373908042907715,8.376686096191406
0,0,0,0,25.382455825805664,0.2949703335762024,8.39202880859375
0,0,0,0,25.437837600708008,0.29580792784690857,8.403518676757812
0,0,0,0,25.492900848388672,0.29669636487960815,8.414878845214844
0,0,0,0,25.565736770629883,0.2977429926395416,8.429924011230469
0,0,0,0,25.619796752929688,0.29851388931274414,8.441390991210938
0,0,0,0,25.67347526550293,0.29917365312576294,8.453018188476562
0,0,0,0,25.744747161865234,0.3000369966030121,8.468482971191406
0,0,0,0,25.797876358032227,0.3006685972213745,8.480033874511719
0,0,0,0,25.868412017822266,0.30143246054649353,8.495620727539062
0,0,0,0,25.921051025390625,0.3020913004875183,8.507484436035156
0,0,0,0,25.973751068115234,0.30265966057777405,8.519157409667969
0,0,0,0,26.043739318847656,0.30353912711143494,8.534355163574219
0,0,0,0,26.095972061157227,0.3041154742240906,8.546028137207031
0,0,0,0,26.147933959960938,0.30477485060691833,8.557991027832031
0,0,0,0,26.2172794342041,0.30563583970069885,8.574134826660156
0,0,0,0,26.269298553466797,0.3064466714859009,8.586326599121094
0,0,0,0,26.321474075317383,0.30726170539855957,8.598373413085938
0,0,0,0,26.39113426208496,0.30854812264442444,8.614120483398438
0,0,0,0,26.443359375,0.3095727860927582,8.626022338867188
0,0,0,0,26.495681762695312,0.3107945919036865,8.637847900390625
0,0,0,0,26.56561851501465,0.31260356307029724,8.653297424316406
0,0,0,0,26.61819839477539,0.31410107016563416,8.664649963378906
0,0,0,0,26.67073631286621,0.31576380133628845,8.675857543945312
0,0,0,0,26.740896224975586,0.318306565284729,8.690444946289062
0,0,0,0,26.793447494506836,0.3204842507839203,8.70098876953125
0,0,0,0,26.846006393432617,0.32276099920272827,8.711212158203125
0,0,0,0,26.91565704345703,0.32611533999443054,8.724517822265625
0,0,0,0,26.967702865600586,0.3287932574748993,8.734390258789062
0,0,0,0,27.019479751586914,0.3318268358707428,8.74420166015625
0,0,0,0,27.08854866027832,0.3362140357494354,8.757011413574219
0,0,0,0,27.140317916870117,0.33995187282562256,8.766357421875
0,0,0,0,27.192150115966797,0.34390807151794434,8.775619506835938
0,0,0,0,27.261259078979492,0.3498559594154358,8.787834167480469
0,0,0,0,27.313251495361328,0.3547494113445282,8.796829223632812
0,0,0,0,27.365442276000977,0.36013665795326233,8.805618286132812
0,0,0,0,27.45273780822754,0.36986878514289856,8.81976318359375
0,0,0,0,27.487751007080078,0.3740095794200897,8.825347900390625
0,0,0,0,27.54024314880371,0.38052672147750854,8.833671569824219
0,0,0,0,27.610502243041992,0.3898736238479614,8.844474792480469
0,0,0,0,27.663297653198242,0.39739519357681274,8.85223388671875
0,0,0,0,27.71613883972168,0.40524184703826904,8.859939575195312
0,0,0,0,27.786418914794922,0.41627737879753113,8.8701171875
0,0,0,0,27.839229583740234,0.42499566078186035,8.877471923828125
0,0,0,0,27.891939163208008,0.4341907501220703,8.884567260742188
0,0,0,0,27.962158203125,0.4468717575073242,8.893730163574219
0,0,0,0,28.014562606811523,0.4568324089050293,8.900474548339844
0,0,0,0,28.066904067993164,0.4669826030731201,8.907028198242188
0,0,0,0,28.136444091796875,0.481054425239563,8.915367126464844
0,0,0,0,28.188434600830078,0.4918232560157776,8.921409606933594
0,0,0,0,28.240116119384766,0.5028775334358215,8.927459716796875
0,0,0,0,28.30878448486328,0.5178748965263367,8.935462951660156
0,0,0,0,28.360149383544922,0.529461145401001,8.941299438476562
0,0,0,0,28.411298751831055,0.5411950349807739,8.947059631347656
0,0,0,0,28.4791259765625,0.5570859313011169,8.954719543457031
0,0,0,0,28.529666900634766,0.569146990776062,8.960494995117188
0,0,0,0,28.580141067504883,0.5813774466514587,8.966148376464844
0,0,0,0,28.647083282470703,0.597900390625,8.97344970703125
0,0,0,0,28.697023391723633,0.6103174090385437,8.978935241699219
0,0,0,0,28.746572494506836,0.6228418946266174,8.984588623046875
0,0,0,0,28.812517166137695,0.6396341323852539,8.992240905761719
0,0,0,0,28.861927032470703,0.6524296998977661,8.998031616210938
0,0,0,0,28.91159439086914,0.6652361750602722,9.003761291503906
0,0,0,0,28.977954864501953,0.6825385689735413,9.011283874511719
0,0,0,0,29.027891159057617,0.6954649090766907,9.017036437988281
0,0,0,0,29.07794189453125,0.7085181474685669,9.022674560546875
0,0,0,0,29.144922256469727,0.7258573174476624,9.029953002929688
0,0,0,0,29.195045471191406,0.7388490438461304,9.035598754882812
0,0,0,0,29.245153427124023,0.7517145276069641,9.041412353515625
0,0,0,0,29.31215476989746,0.768963634967804,9.049087524414062
0,0,0,0,29.362539291381836,0.7818724513053894,9.054618835449219
0,0,0,0,29.41290855407715,0.7947182059288025,9.060104370117188
0,0,0,0,29.479860305786133,0.8116716742515564,9.067611694335938
0,0,0,0,29.530208587646484,0.8242853283882141,9.073196411132812
0,0,0,0,29.58065414428711,0.8368723392486572,9.07855224609375
0,0,0,0,29.648107528686523,0.85344398021698,9.085380554199219
0,0,0,0,29.698509216308594,0.8657752275466919,9.090469360351562
0,0,0,0,29.749021530151367,0.8779213428497314,9.095535278320312
0,0,0,0,29.816469192504883,0.8940410614013672,9.102035522460938
0,0,0,0,29.86729621887207,0.9058991074562073,9.106575012207031
0,0,0,0,29.917984008789062,0.9177075624465942,9.111045837402344
0,0,0,0,29.985496520996094,0.9331106543540955,9.11712646484375
0,0,0,0,30.036121368408203,0.9446212649345398,9.121543884277344
0,0,0,0,30.08681297302246,0.9559675455093384,9.125862121582031
0,0,0,0,30.154483795166016,0.9710392355918884,9.131515502929688
0,0,0,0,30.205415725708008,0.9821909070014954,9.135536193847656
0,0,0,0,30.256370544433594,0.9932945370674133,9.139564514160156
0,0,0,0,30.324365615844727,1.0078328847885132,9.14495849609375
0,0,0,0,30.37563133239746,1.01861572265625,9.148910522460938
0,0,0,0,30.427108764648438,1.0293335914611816,9.152679443359375
0,0,0,0,30.496110916137695,1.0435028076171875,9.157440185546875
0,0,0,0,30.547847747802734,1.0540374517440796,9.161033630371094
0,0,0,0,30.599706649780273,1.0644068717956543,9.164688110351562
0,0,0,0,30.66893768310547,1.0781916379928589,9.169509887695312
0,0,0,0,30.721174240112305,1.0883712768554688,9.173027038574219
0,0,0,0,30.77348518371582,1.0985132455825806,9.176551818847656
0,0,0,0,30.843629837036133,1.1117347478866577,9.181243896484375
0,0,0,0,30.896528244018555,1.1215986013412476,9.184707641601562
0,0,0,0,30.949790954589844,1.1312458515167236,9.188125610351562
0,0,0,0,31.02119255065918,1.1440211534500122,9.192649841308594
0,0,0,0,31.075119018554688,1.153388261795044,9.195999145507812
0,0,0,0,31.129329681396484,1.1626898050308228,9.199195861816406
0,0,0,0,31.201858520507812,1.1747363805770874,9.203292846679688
0,0,0,0,31.2560977935791,1.1835427284240723,9.206527709960938
0,0,0,0,31.310117721557617,1.1921013593673706,9.209854125976562
0,0,0,0,31.38214874267578,1.2032358646392822,9.214195251464844
0,0,0,0,31.436052322387695,1.211362361907959,9.217254638671875
0,0,0,0,31.48971176147461,1.2192175388336182,9.220367431640625
0,0,0,0,31.560564041137695,1.2292718887329102,9.22491455078125
0,0,0,0,31.613529205322266,1.2364004850387573,9.228462219238281
0,0,0,0,31.666337966918945,1.2433254718780518,9.231964111328125
0,0,0,0,31.736705780029297,1.2520476579666138,9.236564636230469
0,0,0,0,31.789194107055664,1.2583351135253906,9.240142822265625
0,0,0,0,31.841693878173828,1.2642401456832886,9.243812561035156
0,0,0,0,31.911731719970703,1.271740436553955,9.248634338378906
0,0,0,0,31.964435577392578,1.27693510055542,9.252029418945312
0,0,0,0,32.01708984375,1.2819225788116455,9.255233764648438
0,0,0,0,32.087074279785156,1.2880455255508423,9.259323120117188
0,0,0,0,32.139198303222656,1.2923535108566284,9.262542724609375
0,0,0,0,32.19110870361328,1.2963281869888306,9.265701293945312
0,0,0,0,32.260101318359375,1.3012301921844482,9.269729614257812
0,0,0,0,32.31150817871094,1.3045676946640015,9.27276611328125
0,0,0,0,32.362701416015625,1.3076478242874146,9.275825500488281
0,0,0,0,32.43047332763672,1.311317801475525,9.279983520507812
0,0,0,0,32.481136322021484,1.3136464357376099,9.283271789550781
0,0,0,0,32.53166198730469,1.315697193145752,9.286582946777344
0,0,0,0,32.59918212890625,1.317857027053833,9.290916442871094
0,0,0,0,32.649749755859375,1.3191747665405273,9.294113159179688
0,0,0,0,32.700355529785156,1.3201005458831787,9.297416687011719
0,0,0,0,32.76774215698242,1.3209002017974854,9.302108764648438
0,0,0,0,32.81855392456055,1.3210054636001587,9.305572509765625
0,0,0,0,32.86940002441406,1.3208835124969482,9.308975219726562
0,0,0,0,32.9372444152832,1.3201605081558228,9.313575744628906
0,0,0,0,32.988040924072266,1.319318175315857,9.317123413085938
0,0,0,0,33.03880310058594,1.318103551864624,9.320785522460938
0,0,0,0,33.10646057128906,1.3161066770553589,9.325920104980469
0,0,0,0,33.15732955932617,1.3142060041427612,9.329940795898438
0,0,0,0,33.208473205566406,1.312034010887146,9.334060668945312
0,0,0,0,33.27714157104492,1.3086446523666382,9.339691162109375
0,0,0,0,33.32915115356445,1.3056889772415161,9.343955993652344
0,0,0,0,33.38148880004883,1.302399754524231,9.3482666015625
0,0,0,0,33.45206832885742,1.2974345684051514,9.35400390625
0,0,0,0,33.50550079345703,1.2933835983276367,9.358345031738281
0,0,0,0,33.5594596862793,1.2889363765716553,9.362716674804688
0,0,0,0,33.631927490234375,1.2826001644134521,9.368667602539062
0,0,0,0,33.68681716918945,1.2774572372436523,9.373237609863281
0,0,0,0,33.74197006225586,1.2721447944641113,9.377899169921875
0,0,0,0,33.81612014770508,1.2645963430404663,9.384185791015625
0,0,0,0,33.871971130371094,1.2587820291519165,9.388847351074219
0,0,0,0,33.92792892456055,1.2527527809143066,9.393630981445312
0,0,0,0,34.00252914428711,1.24457848072052,9.400115966796875
0,0,0,0,34.05847930908203,1.2382293939590454,9.404823303222656
0,0,0,0,34.11431884765625,1.2318485975265503,9.40948486328125
0,0,0,0,34.1884651184082,1.2231457233428955,9.4158935546875
0,0,0,0,34.24397659301758,1.2164852619171143,9.420555114746094
0,0,0,0,34.29922866821289,1.2097007036209106,9.425033569335938
0,0,0,0,34.372283935546875,1.2005599737167358,9.430900573730469
0,0,0,0,34.42641067504883,1.1936851739883423,9.4351806640625
0,0,0,0,34.48001480102539,1.1867371797561646,9.439407348632812
0,0,0,0,34.55031204223633,1.177524209022522,9.445053100585938
0,0,0,0,34.60240173339844,1.1705057621002197,9.449455261230469
0,0,0,0,34.65398025512695,1.1635524034500122,9.453826904296875
0,0,0,0,34.722293853759766,1.15412437915802,9.459480285644531
0,0,0,0,34.77295684814453,1.1471550464630127,9.463951110839844
0,0,0,0,34.823387145996094,1.1400890350341797,9.468490600585938
0,0,0,0,34.89035415649414,1.1307318210601807,9.474517822265625
0,0,0,0,34.94048309326172,1.1236470937728882,9.479202270507812
0,0,0,0,34.990577697753906,1.1166073083877563,9.484085083007812
0,0,0,0,35.057579040527344,1.1070388555526733,9.490745544433594
0,0,0,0,35.108158111572266,1.0998188257217407,9.495803833007812
0,0,0,0,35.15904998779297,1.0925085544586182,9.500923156738281
0,0,0,0,35.22751998901367,1.0826351642608643,9.507820129394531
0,0,0,0,35.279293060302734,1.0751367807388306,9.513099670410156
0,0,0,0,35.349117279052734,1.064961552619934,9.520271301269531
0,0,0,0,35.401973724365234,1.057292103767395,9.52569580078125
0,0,0,0,35.455421447753906,1.0495113134384155,9.531082153320312
0,0,0,0,35.509185791015625,1.041757583618164,9.536506652832031
0,0,0,0,35.581607818603516,1.0312539339065552,9.543724060058594
0,0,0,0,35.63628005981445,1.0234068632125854,9.549125671386719
0,0,0,0,35.69134521484375,1.015446424484253,9.55450439453125
0,0,0,0,35.765098571777344,1.0048905611038208,9.561676025390625
0,0,0,0,35.820735931396484,0.9968695044517517,9.567070007324219
0,0,0,0,35.87654495239258,0.9889373183250427,9.572463989257812
0,0,0,0,35.951290130615234,0.9782454371452332,9.579673767089844
0,0,0,0,36.007545471191406,0.9702245593070984,9.585090637207031
0,0,0,0,36.06391906738281,0.9621245861053467,9.590507507324219
0,0,0,0,36.13922119140625,0.9513592720031738,9.597724914550781
0,0,0,0,36.195735931396484,0.9432876706123352,9.603134155273438
0,0,0,0,36.25234603881836,0.9352185130119324,9.608551025390625
0,0,0,0,36.32785415649414,0.9245079159736633,9.615806579589844
0,0,0,0,36.3846549987793,0.9164508581161499,9.62127685546875
0,0,0,0,36.441410064697266,0.9084433317184448,9.626808166503906
0,0,0,0,36.517250061035156,0.897731363773346,9.634239196777344
0,0,0,0,36.57410430908203,0.8897913098335266,9.63983154296875
0,0,0,0,36.631099700927734,0.8818092942237854,9.645439147949219
0,0,0,0,36.707061767578125,0.8712762594223022,9.652908325195312
0,0,0,0,36.764163970947266,0.8633384108543396,9.65850830078125
0,0,0,0,36.82124328613281,0.8555079698562622,9.664146423339844
0,0,0,0,36.89741134643555,0.8449862599372864,9.6717529296875
0,0,0,0,36.95454406738281,0.8371840715408325,9.677528381347656
0,0,0,0,37.011695861816406,0.8293359279632568,9.683364868164062
0,0,0,0,37.08794403076172,0.8189421892166138,9.691238403320312
0,0,0,0,37.1451416015625,0.8111724257469177,9.697219848632812
0,0,0,0,37.202362060546875,0.8034849762916565,9.703269958496094
0,0,0,0,37.27861785888672,0.7932027578353882,9.711418151855469
0,0,0,0,37.335872650146484,0.7854793667793274,9.71759033203125
0,0,0,0,37.39303207397461,0.777797520160675,9.723823547363281
0,0,0,0,37.46929168701172,0.7674633860588074,9.732215881347656
0,0,0,0,37.52640151977539,0.759689450263977,9.738555908203125
0,0,0,0,37.5836067199707,0.7518099546432495,9.744911193847656
0,0,0,0,37.6598014831543,0.7413473129272461,9.753448486328125
0,0,0,0,37.71702194213867,0.7333852052688599,9.759880065917969
0,0,0,0,37.77413558959961,0.7254881262779236,9.766319274902344
0,0,0,0,37.85032272338867,0.7148198485374451,9.774833679199219
0,0,0,0,37.90730285644531,0.7068968415260315,9.781044006347656
0,0,0,0,37.964168548583984,0.6989049911499023,9.787124633789062
0,0,0,0,38.0395393371582,0.6884089708328247,9.79498291015625
0,0,0,0,38.095603942871094,0.6805360913276672,9.800704956054688
0,0,0,0,38.15120315551758,0.6727527976036072,9.806282043457031
0,0,0,0,38.22449493408203,0.6624309420585632,9.813453674316406
0,0,0,0,38.2787971496582,0.6547752618789673,9.818595886230469
0,0,0,0,38.33229064941406,0.6471964120864868,9.823501586914062
0,0,0,0,38.40228271484375,0.6372479200363159,9.829727172851562
0,0,0,0,38.453575134277344,0.6299232840538025,9.834121704101562
0,0,0,0,38.5038948059082,0.6226891279220581,9.8382568359375
0,0,0,0,38.56903839111328,0.6133780479431152,9.843399047851562
0,0,0,0,38.61648941040039,0.6065451502799988,9.847000122070312
0,0,0,0,38.66251754760742,0.6000087857246399,9.850296020507812
0,0,0,0,38.72187042236328,0.5915287137031555,9.854240417480469
0,0,0,0,38.764583587646484,0.5854942202568054,9.856857299804688
0,0,0,0,38.805850982666016,0.5796034932136536,9.85919189453125
0,0,0,0,38.85847854614258,0.5722148418426514,9.861831665039062
0,0,0,0,38.89617919921875,0.5668952465057373,9.863525390625
0,0,0,0,38.932308197021484,0.5618895292282104,9.865005493164062
0,0,0,0,38.97808837890625,0.5555598735809326,9.86676025390625
0,0,0,0,39.01068878173828,0.5511665940284729,9.867744445800781
0,0,0,0,39.041954040527344,0.5469141602516174,9.8673095703125
0,0,0,0,39.08112335205078,0.5422900915145874,9.864913940429688
0,0,0,0,39.10781478881836,0.5405606627464294,9.862541198730469
0,0,0,0,39.1319694519043,0.5406930446624756,9.859626770019531
0,0,0,0,39.15961837768555,0.5441677570343018,9.854812622070312
0,0,0,0,39.17676544189453,0.5495766997337341,9.850616455078125
0,0,0,0,39.19048309326172,0.5577734112739563,9.845878601074219
0,0,0,0,39.20347595214844,0.5728002786636353,9.838981628417969
0,0,0,0,39.209022521972656,0.5871567130088806,9.8333740234375
0,0,0,0,39.211082458496094,0.6039559245109558,9.827659606933594
0,0,0,0,39.208221435546875,0.6302135586738586,9.819931030273438
0,0,0,0,39.20207595825195,0.6524573564529419,9.814430236816406
0,0,0,0,39.192543029785156,0.6768450736999512,9.809226989746094
0,0,0,0,39.1749153137207,0.7122098803520203,9.803092956542969
0,0,0,0,39.158103942871094,0.7407870888710022,9.799400329589844
0,0,0,0,39.138526916503906,0.7707166075706482,9.796669006347656
0,0,0,0,39.108646392822266,0.8124361634254456,9.794639587402344
0,0,0,0,39.083683013916016,0.8448180556297302,9.79443359375
0,0,0,0,39.05690383911133,0.8779735565185547,9.795440673828125
0,0,0,0,39.01848602294922,0.9231796264648438,9.798713684082031
0,0,0,0,38.98795700073242,0.9576588273048401,9.802497863769531
0,0,0,0,38.95606231689453,0.9925354719161987,9.807357788085938
0,0,0,0,38.912025451660156,1.039284348487854,9.815231323242188
0,0,0,0,38.8779182434082,1.0745604038238525,9.821769714355469
0,0,0,0,38.84318923950195,1.1098055839538574,9.828643798828125
0,0,0,0,38.795894622802734,1.1569092273712158,9.838027954101562
0,0,0,0,38.75994873046875,1.192192792892456,9.845146179199219
0,0,0,0,38.72349166870117,1.2276102304458618,9.852149963378906
0,0,0,0,38.674346923828125,1.274773120880127,9.861114501953125
0,0,0,0,38.63705062866211,1.3102927207946777,9.867385864257812
0,0,0,0,38.599456787109375,1.345823049545288,9.873191833496094
0,0,0,0,38.54875946044922,1.3935059309005737,9.880172729492188
0,0,0,0,38.510311126708984,1.4294389486312866,9.884803771972656
0,0,0,0,38.47153854370117,1.465579628944397,9.888923645019531
0,0,0,0,38.419288635253906,1.5140063762664795,9.893653869628906
0,0,0,0,38.379783630371094,1.5505297183990479,9.896621704101562
0,0,0,0,38.326560974121094,1.5995954275131226,9.899833679199219
0,0,0,0,38.28639221191406,1.6365476846694946,9.901756286621094
0,0,0,0,38.24586486816406,1.6737771034240723,9.903236389160156
0,0,0,0,38.20518493652344,1.711119532585144,9.904350280761719
0,0,0,0,38.15045166015625,1.7613123655319214,9.905509948730469
0,0,0,0,38.10936737060547,1.7989556789398193,9.906349182128906
0,0,0,0,38.06861114501953,1.8360971212387085,9.907203674316406
0,0,0,0,38.015838623046875,1.883810043334961,9.907493591308594
0,0,0,0,37.977577209472656,1.9183356761932373,9.905853271484375
0,0,0,0,37.94064712524414,1.9516371488571167,9.90399169921875
0,0,0,0,37.89374542236328,1.993898630142212,9.901359558105469
0,0,0,0,37.8605842590332,2.0235040187835693,9.898078918457031
0,0,0,0,37.82891082763672,2.0517680644989014,9.89208984375
0,0,0,0,37.78899002075195,2.087470054626465,9.882843017578125
0,0,0,0,37.760520935058594,2.113144636154175,9.875984191894531
0,0,0,0,37.733367919921875,2.1375033855438232,9.86956787109375
0,0,0,0,37.69954299926758,2.167750835418701,9.86181640625
0,0,0,0,37.67578887939453,2.18906307220459,9.856475830078125
0,0,0,0,37.65342330932617,2.209240198135376,9.85009765625
0,0,0,0,37.624961853027344,2.235034942626953,9.84027099609375
0,0,0,0,37.604366302490234,2.253896951675415,9.832862854003906
0,0,0,0,37.584388732910156,2.2722182273864746,9.826271057128906
0,0,0,0,37.559104919433594,2.295260429382324,9.819282531738281
0,0,0,0,37.5409049987793,2.311851978302002,9.815635681152344
0,0,0,0,37.52350997924805,2.3277196884155273,9.813385009765625
0,0,0,0,37.50144958496094,2.347791910171509,9.812309265136719
0,0,0,0,37.48575210571289,2.361952066421509,9.810935974121094
0,0,0,0,37.47040557861328,2.375885486602783,9.810104370117188
0,0,0,0,37.4502067565918,2.394345760345459,9.810966491699219
0,0,0,0,37.43528366088867,2.4079718589782715,9.812110900878906
0,0,0,0,37.42055130004883,2.4213316440582275,9.812088012695312
0,0,0,0,37.400482177734375,2.439810037612915,9.812240600585938
0,0,0,0,37.384559631347656,2.4546282291412354,9.812553405761719
0,0,0,0,37.36800003051758,2.470033884048462,9.81353759765625
0,0,0,0,37.34494400024414,2.49127197265625,9.815711975097656
0,0,0,0,37.327125549316406,2.5076904296875,9.817832946777344
0,0,0,0,37.30852127075195,2.5248892307281494,9.820388793945312
0,0,0,0,37.28218460083008,2.549424171447754,9.824508666992188
0,0,0,0,37.260929107666016,2.5692903995513916,9.827873229980469
0,0,0,0,37.23870849609375,2.5899040699005127,9.831489562988281
0,0,0,0,37.207157135009766,2.6190056800842285,9.836585998535156
0,0,0,0,37.18207550048828,2.6421687602996826,9.840530395507812
0,0,0,0,37.15594482421875,2.6661908626556396,9.844657897949219
0,0,0,0,37.120201110839844,2.6986608505249023,9.850265502929688
0,0,0,0,37.09290313720703,2.7233994007110596,9.854461669921875
0,0,0,0,37.0651741027832,2.748486280441284,9.858665466308594
0,0,0,0,37.02757263183594,2.782533884048462,9.864356994628906
0,0,0,0,36.999176025390625,2.8081281185150146,9.868522644042969
0,0,0,0,36.97075271606445,2.833812952041626,9.872482299804688
0,0,0,0,36.93238830566406,2.868668556213379,9.877510070800781
0,0,0,0,36.9032096862793,2.8954291343688965,9.881309509277344
0,0,0,0,36.87373733520508,2.922454833984375,9.884933471679688
0,0,0,0,36.83441162109375,2.9585719108581543,9.88916015625
0,0,0,0,36.80467224121094,2.986018419265747,9.891815185546875
0,0,0,0,36.77470779418945,3.0138638019561768,9.894195556640625
0,0,0,0,36.73409652709961,3.051731824874878,9.897018432617188
0,0,0,0,36.703372955322266,3.0803582668304443,9.898780822753906
0,0,0,0,36.67237854003906,3.1092369556427,9.900138854980469
0,0,0,0,36.63094711303711,3.1478686332702637,9.901496887207031
0,0,0,0,36.59978485107422,3.177032947540283,9.902236938476562
0,0,0,0,36.56867980957031,3.2061080932617188,9.902763366699219
0,0,0,0,36.5271110534668,3.245011568069458,9.903007507324219
0,0,0,0,36.495750427246094,3.2743921279907227,9.902900695800781
0,0,0,0,36.46413040161133,3.304107666015625,9.902557373046875
0,0,0,0,36.42141342163086,3.3441882133483887,9.901748657226562
0,0,0,0,36.3889274597168,3.3747355937957764,9.9010009765625
0,0,0,0,36.35595703125,3.40571665763855,9.900146484375
0,0,0,0,36.311485290527344,3.4476332664489746,9.898902893066406
0,0,0,0,36.277687072753906,3.4795172214508057,9.898002624511719
0,0,0,0,36.24376678466797,3.5116126537323,9.897109985351562
0,0,0,0,36.1981315612793,3.5549204349517822,9.8958740234375
0,0,0,0,36.16367721557617,3.587794780731201,9.89501953125
0,0,0,0,36.12877655029297,3.6212003231048584,9.894378662109375
0,0,0,0,36.08197784423828,3.666018486022949,9.893852233886719
0,0,0,0,36.046791076660156,3.6997628211975098,9.893531799316406
0,0,0,0,36.01160430908203,3.7336008548736572,9.893280029296875
0,0,0,0,35.96432876586914,3.7793476581573486,9.8931884765625
0,0,0,0,35.92865753173828,3.8139519691467285,9.893379211425781
0,0,0,0,35.89291000366211,3.84873366355896,9.893630981445312
0,0,0,0,35.845252990722656,3.895200252532959,9.893966674804688
0,0,0,0,35.8094367980957,3.930373430252075,9.894256591796875
0,0,0,0,35.7734260559082,3.965848207473755,9.894569396972656
0,0,0,0,35.7250862121582,4.013658046722412,9.895011901855469
0,0,0,0,35.6884880065918,4.049900531768799,9.895401000976562
0,0,0,0,35.65182876586914,4.0863037109375,9.895736694335938
0,0,0,0,35.60264205932617,4.135230541229248,9.896049499511719
0,0,0,0,35.56563949584961,4.172192096710205,9.896278381347656
0,0,0,0,35.52842330932617,4.209379196166992,9.896453857421875
0,0,0,0,35.478843688964844,4.259023666381836,9.896553039550781
0,0,0,0,35.441558837890625,4.296515941619873,9.896514892578125
0,0,0,0,35.40425491333008,4.334121227264404,9.896476745605469
0,0,0,0,35.354400634765625,4.3844757080078125,9.896331787109375
0,0,0,0,35.31715393066406,4.422098636627197,9.896072387695312
0,0,0,0,35.279884338378906,4.459854602813721,9.895713806152344
0,0,0,0,35.230350494384766,4.510188102722168,9.895118713378906
0,0,0,0,35.19333267211914,4.547967433929443,9.894538879394531
0,0,0,0,35.156375885009766,4.585772514343262,9.893875122070312
0,0,0,0,35.10716247558594,4.6364922523498535,9.8929443359375
0,0,0,0,35.070308685302734,4.674605369567871,9.892196655273438
0,0,0,0,35.03375244140625,4.712587356567383,9.891349792480469
0,0,0,0,34.97319412231445,4.77579402923584,9.889747619628906
0,0,0,0,34.949134826660156,4.801054000854492,9.889076232910156
0,0,0,0,34.9130744934082,4.839035987854004,9.88800048828125
0,0,0,0,34.86527633666992,4.8897199630737305,9.886459350585938
0,0,0,0,34.82939147949219,4.9279704093933105,9.885276794433594
0,0,0,0,34.79354476928711,4.966337203979492,9.884140014648438
0,0,0,0,34.74557113647461,5.017856121063232,9.882743835449219
0,0,0,0,34.709678649902344,5.056551456451416,9.881767272949219
0,0,0,0,34.67367172241211,5.095555305480957,9.880844116210938
0,0,0,0,34.62562561035156,5.147858619689941,9.879745483398438
0,0,0,0,34.58953094482422,5.187377452850342,9.878944396972656
0,0,0,0,34.55345916748047,5.226922988891602,9.878150939941406
0,0,0,0,34.50546646118164,5.279819011688232,9.877098083496094
0,0,0,0,34.46957015991211,5.319547653198242,9.876289367675781
0,0,0,0,34.433780670166016,5.359433174133301,9.875534057617188
0,0,0,0,34.3861083984375,5.412815093994141,9.874641418457031
0,0,0,0,34.350608825683594,5.452799320220947,9.873954772949219
0,0,0,0,34.31517791748047,5.492763996124268,9.87322998046875
0,0,0,0,34.268123626708984,5.5462188720703125,9.872261047363281
0,0,0,0,34.23274230957031,5.586585998535156,9.87158203125
0,0,0,0,34.19744110107422,5.626992702484131,9.870918273925781
0,0,0,0,34.15028381347656,5.681102752685547,9.87005615234375
0,0,0,0,34.11507034301758,5.721672058105469,9.869476318359375
0,0,0,0,34.079891204833984,5.762269020080566,9.868942260742188
0,0,0,0,34.03329849243164,5.816101551055908,9.868240356445312
0,0,0,0,33.998512268066406,5.856436729431152,9.86767578125
0,0,0,0,33.963951110839844,5.896650314331055,9.867111206054688
0,0,0,0,33.91795349121094,5.950479984283447,9.866424560546875
0,0,0,0,33.88351058959961,5.990932941436768,9.865982055664062
0,0,0,0,33.84911346435547,6.03155517578125,9.865531921386719
0,0,0,0,33.80318832397461,6.085989952087402,9.864952087402344
0,0,0,0,33.768699645996094,6.127107620239258,9.864608764648438
0,0,0,0,33.73415756225586,6.168301582336426,9.864295959472656
0,0,0,0,33.6882438659668,6.223283290863037,9.863845825195312
0,0,0,0,33.6536865234375,6.264731407165527,9.863502502441406
0,0,0,0,33.61913299560547,6.306332588195801,9.863212585449219
0,0,0,0,33.57291793823242,6.361961364746094,9.862838745117188
0,0,0,0,33.538429260253906,6.403524875640869,9.862503051757812
0,0,0,0,33.503929138183594,6.445148944854736,9.862098693847656
0,0,0,0,33.45804214477539,6.500624656677246,9.861518859863281
0,0,0,0,33.42354202270508,6.542379856109619,9.86102294921875
0,0,0,0,33.389041900634766,6.584097862243652,9.860466003417969
0,0,0,0,33.342838287353516,6.639955997467041,9.859649658203125
0,0,0,0,33.30808639526367,6.681913375854492,9.859016418457031
0,0,0,0,33.27317810058594,6.724055290222168,9.858345031738281
0,0,0,0,33.22637939453125,6.7803874015808105,9.857444763183594
0,0,0,0,33.19109344482422,6.822840690612793,9.856803894042969
0,0,0,0,33.155677795410156,6.865264892578125,9.856170654296875
0,0,0,0,33.10847091674805,6.921726703643799,9.855316162109375
0,0,0,0,33.07302474975586,6.963981628417969,9.854660034179688
0,0,0,0,33.03776931762695,7.006040096282959,9.853958129882812
0,0,0,0,32.99087905883789,7.061781883239746,9.852951049804688
0,0,0,0,32.95596694946289,7.103240966796875,9.852157592773438
0,0,0,0,32.921104431152344,7.144532203674316,9.851310729980469
0,0,0,0,32.87495803833008,7.1992106437683105,9.850135803222656
0,0,0,0,32.84034729003906,7.240130424499512,9.849266052246094
0,0,0,0,32.805904388427734,7.280785083770752,9.848373413085938
0,0,0,0,32.75986862182617,7.3350090980529785,9.847236633300781
0,0,0,0,32.725311279296875,7.3755645751953125,9.846595764160156
0,0,0,0,32.69078826904297,7.4159393310546875,9.846000671386719
0,0,0,0,32.64511489868164,7.469065189361572,9.845169067382812
0,0,0,0,32.611122131347656,7.508568286895752,9.844535827636719
0,0,0,0,32.57731628417969,7.547708511352539,9.843879699707031
0,0,0,0,32.53256607055664,7.599447250366211,9.842964172363281
0,0,0,0,32.49916458129883,7.637862682342529,9.842208862304688
0,0,0,0,32.46601486206055,7.675945281982422,9.841323852539062
0,0,0,0,32.421836853027344,7.726465225219727,9.840034484863281
0,0,0,0,32.388702392578125,7.764219760894775,9.839157104492188
0,0,0,0,32.35552978515625,7.801726818084717,9.838241577148438
0,0,0,0,32.31162643432617,7.851127624511719,9.83685302734375
0,0,0,0,32.27865982055664,7.88804817199707,9.835777282714844
0,0,0,0,32.24567413330078,7.924849033355713,9.834732055664062
0,0,0,0,32.20128631591797,7.974038600921631,9.833343505859375
0,0,0,0,32.16775894165039,8.010878562927246,9.832283020019531
0,0,0,0,32.13383483886719,8.047907829284668,9.831214904785156
0,0,0,0,32.08798599243164,8.097450256347656,9.829826354980469
0,0,0,0,32.05303192138672,8.134889602661133,9.828857421875
0,0,0,0,32.0177116394043,8.172354698181152,9.827911376953125
0,0,0,0,31.970035552978516,8.222505569458008,9.826629638671875
0,0,0,0,31.933815002441406,8.260239601135254,9.825675964355469
0,0,0,0,31.89722442626953,8.298155784606934,9.824775695800781
0,0,0,0,31.84783363342285,8.348782539367676,9.823707580566406
0,0,0,0,31.810544967651367,8.386720657348633,9.822921752929688
0,0,0,0,31.77296257019043,8.424643516540527,9.822113037109375
0,0,0,0,31.722610473632812,8.475157737731934,9.821098327636719
0,0,0,0,31.684467315673828,8.513072967529297,9.820457458496094
0,0,0,0,31.64628028869629,8.550782203674316,9.819847106933594
0,0,0,0,31.595172882080078,8.600814819335938,9.819023132324219
0,0,0,0,31.556848526000977,8.638019561767578,9.818412780761719
0,0,0,0,31.51837730407715,8.675116539001465,9.81781005859375
0,0,0,0,31.467105865478516,8.72412395477295,9.817054748535156
0,0,0,0,31.4285945892334,8.760669708251953,9.816474914550781
0,0,0,0,31.39015007019043,8.796895980834961,9.815849304199219
0,0,0,0,31.338693618774414,8.8450345993042,9.815048217773438
0,0,0,0,31.299901962280273,8.880931854248047,9.814590454101562
0,0,0,0,31.261079788208008,8.91659927368164,9.814170837402344
0,0,0,0,31.20949363708496,8.963486671447754,9.813591003417969
0,0,0,0,31.171085357666016,8.998099327087402,9.813095092773438
0,0,0,0,31.132789611816406,9.032270431518555,9.812553405761719
0,0,0,0,31.081737518310547,9.077375411987305,9.811904907226562
0,0,0,0,31.043214797973633,9.110956192016602,9.811500549316406
0,0,0,0,31.004634857177734,9.144233703613281,9.811119079589844
0,0,0,0,30.952829360961914,9.188276290893555,9.810623168945312
0,0,0,0,30.91376304626465,9.221029281616211,9.81024169921875
0,0,0,0,30.874221801757812,9.253763198852539,9.809906005859375
0,0,0,0,30.820999145507812,9.297090530395508,9.809593200683594
0,0,0,0,30.78068733215332,9.329437255859375,9.809379577636719
0,0,0,0,30.740203857421875,9.361475944519043,9.809188842773438
0,0,0,0,30.68581771850586,9.403989791870117,9.808975219726562
0,0,0,0,30.644874572753906,9.43553352355957,9.80877685546875
0,0,0,0,30.603729248046875,9.466962814331055,9.808547973632812
0,0,0,0,30.548490524291992,9.508604049682617,9.808212280273438
0,0,0,0,30.506738662719727,9.539722442626953,9.808036804199219
0,0,0,0,30.46466827392578,9.570666313171387,9.80792236328125
0,0,0,0,30.40825653076172,9.611653327941895,9.807838439941406
0,0,0,0,30.365703582763672,9.642122268676758,9.807762145996094
0,0,0,0,30.323110580444336,9.672317504882812,9.80767822265625
0,0,0,0,30.26603126525879,9.71226978302002,9.807579040527344
0,0,0,0,30.223167419433594,9.741914749145508,9.807479858398438
0,0,0,0,30.18006706237793,9.77138614654541,9.807334899902344
0,0,0,0,30.12241554260254,9.810297012329102,9.807167053222656
0,0,0,0,30.078874588012695,9.839332580566406,9.807014465332031
0,0,0,0,30.03516960144043,9.868115425109863,9.806846618652344
0,0,0,0,29.97641372680664,9.906389236450195,9.806640625
0,0,0,0,29.932126998901367,9.934791564941406,9.8065185546875
0,0,0,0,29.887554168701172,9.963085174560547,9.806373596191406
0,0,0,0,29.827733993530273,10.00050163269043,9.806251525878906
0,0,0,0,29.782560348510742,10.028413772583008,9.806259155273438
0,0,0,0,29.737186431884766,10.056058883666992,9.806266784667969
0,0,0,0,29.67635154724121,10.092724800109863,9.806289672851562
0,0,0,0,29.63040542602539,10.120084762573242,9.806388854980469
0,0,0,0,29.584346771240234,10.147258758544922,9.806533813476562
0,0,0,0,29.52269172668457,10.183135986328125,9.806686401367188
0,0,0,0,29.476421356201172,10.20979118347168,9.806808471679688
0,0,0,0,29.429973602294922,10.23630142211914,9.806900024414062
0,0,0,0,29.367931365966797,10.27135944366455,9.807014465332031
0,0,0,0,29.321155548095703,10.297548294067383,9.807121276855469
0,0,0,0,29.274316787719727,10.3235445022583,9.807258605957031
0,0,0,0,29.211441040039062,10.358184814453125,9.8074951171875
0,0,0,0,29.164113998413086,10.384021759033203,9.807701110839844
0,0,0,0,29.116518020629883,10.409924507141113,9.807937622070312
0,0,0,0,29.052831649780273,10.444259643554688,9.808296203613281
0,0,0,0,28.98887825012207,10.478475570678711,9.808647155761719
0,0,0,0,28.95682144165039,10.495512008666992,9.808799743652344
0,0,0,0,28.89259910583496,10.529552459716797,9.809127807617188
0,0,0,0,28.844295501708984,10.554954528808594,9.809425354003906
0,0,0,0,28.795942306518555,10.580289840698242,9.809722900390625
0,0,0,0,28.73128890991211,10.613922119140625,9.810104370117188
0,0,0,0,28.682764053344727,10.639060974121094,9.810462951660156
0,0,0,0,28.634197235107422,10.664095878601074,9.810836791992188
0,0,0,0,28.569576263427734,10.697203636169434,9.811302185058594
0,0,0,0,28.52100372314453,10.722041130065918,9.811668395996094
0,0,0,0,28.472461700439453,10.74679946899414,9.812080383300781
0,0,0,0,28.407522201538086,10.779905319213867,9.812614440917969
0,0,0,0,28.3587589263916,10.804627418518066,9.812965393066406
0,0,0,0,28.309755325317383,10.829435348510742,9.813270568847656
0,0,0,0,28.24427032470703,10.86244010925293,9.813690185546875
0,0,0,0,28.194963455200195,10.887259483337402,9.81402587890625
0,0,0,0,28.145618438720703,10.911975860595703,9.814346313476562
0,0,0,0,28.079614639282227,10.944967269897461,9.814682006835938
0,0,0,0,28.02997589111328,10.969637870788574,9.814910888671875
0,0,0,0,27.980180740356445,10.99435806274414,9.815155029296875
0,0,0,0,27.913541793823242,11.027241706848145,9.815505981445312
0,0,0,0,27.863452911376953,11.051918983459473,9.815773010253906
0,0,0,0,27.813241958618164,11.076611518859863,9.816024780273438
0,0,0,0,27.746200561523438,11.109606742858887,9.81640625
0,0,0,0,27.69573211669922,11.134415626525879,9.816764831542969
0,0,0,0,27.645336151123047,11.15916633605957,9.817169189453125
0,0,0,0,27.57811737060547,11.192087173461914,9.817741394042969
0,0,0,0,27.52791976928711,11.216596603393555,9.818206787109375
0,0,0,0,27.47772979736328,11.241097450256348,9.818695068359375
0,0,0,0,27.411039352416992,11.273523330688477,9.819366455078125
0,0,0,0,27.361066818237305,11.297801971435547,9.81988525390625
0,0,0,0,27.31123161315918,11.321927070617676,9.820411682128906
0,0,0,0,27.24472427368164,11.354092597961426,9.821144104003906
0,0,0,0,27.19487953186035,11.378064155578613,9.821731567382812
0,0,0,0,27.144960403442383,11.402063369750977,9.822380065917969
0,0,0,0,27.07830810546875,11.433935165405273,9.823371887207031
0,0,0,0,27.02822494506836,11.457850456237793,9.82415771484375
0,0,0,0,26.978029251098633,11.481681823730469,9.824935913085938
0,0,0,0,26.9110107421875,11.513352394104004,9.825973510742188
0,0,0,0,26.860612869262695,11.537033081054688,9.826736450195312
0,0,0,0,26.81031036376953,11.560606956481934,9.827468872070312
0,0,0,0,26.74317169189453,11.591852188110352,9.828399658203125
0,0,0,0,26.6929874420166,11.615081787109375,9.829086303710938
0,0,0,0,26.642799377441406,11.638218879699707,9.829788208007812
0,0,0,0,26.57618522644043,11.66869831085205,9.830711364746094
0,0,0,0,26.52631187438965,11.69141674041748,9.831352233886719
0,0,0,0,26.476625442504883,11.713871955871582,9.831947326660156
0,0,0,0,26.410545349121094,11.743645668029785,9.832656860351562
0,0,0,0,26.36131477355957,11.765624046325684,9.833038330078125
0,0,0,0,26.312236785888672,11.78750991821289,9.83331298828125
0,0,0,0,26.24698257446289,11.8164644241333,9.833686828613281
0,0,0,0,26.198087692260742,11.838093757629395,9.834037780761719
0,0,0,0,26.14934730529785,11.859466552734375,9.834396362304688
0,0,0,0,26.084632873535156,11.887694358825684,9.834831237792969
0,0,0,0,26.036148071289062,11.908707618713379,9.835182189941406
0,0,0,0,25.9876651763916,11.9296875,9.835601806640625
0,0,0,0,25.922840118408203,11.957530975341797,9.836227416992188
0,0,0,0,25.87424087524414,11.978307723999023,9.836685180664062
0,0,0,0,25.82546615600586,11.999070167541504,9.837112426757812
0,0,0,0,25.760284423828125,12.026644706726074,9.83770751953125
0,0,0,0,25.711078643798828,12.047358512878418,9.83819580078125
0,0,0,0,25.661863327026367,12.067910194396973,9.838661193847656
0,0,0,0,25.596033096313477,12.095254898071289,9.8392333984375
0,0,0,0,25.546611785888672,12.115574836730957,9.839645385742188
0,0,0,0,25.497037887573242,12.135865211486816,9.840003967285156
0,0,0,0,25.430871963500977,12.162680625915527,9.8404541015625
0,0,0,0,25.381061553955078,12.182790756225586,9.840805053710938
0,0,0,0,25.3311710357666,12.202756881713867,9.841148376464844
0,0,0,0,25.264379501342773,12.229308128356934,9.841667175292969
0,0,0,0,25.21405601501465,12.249063491821289,9.842231750488281
0,0,0,0,25.16374397277832,12.268686294555664,9.84283447265625
0,0,0,0,25.0966854095459,12.294536590576172,9.843597412109375
0,0,0,0,25.046375274658203,12.313756942749023,9.844261169433594
0,0,0,0,24.995895385742188,12.332866668701172,9.845024108886719
0,0,0,0,24.928585052490234,12.358055114746094,9.846084594726562
0,0,0,0,24.87797737121582,12.37678050994873,9.846908569335938
0,0,0,0,24.82740020751953,12.395320892333984,9.847724914550781
0,0,0,0,24.759700775146484,12.419885635375977,9.8487548828125
0,0,0,0,24.708904266357422,12.438055038452148,9.849433898925781
0,0,0,0,24.657917022705078,12.456183433532715,9.850059509277344
0,0,0,0,24.589807510375977,12.480046272277832,9.850814819335938
0,0,0,0,24.538528442382812,12.4978609085083,9.851295471191406
0,0,0,0,24.487131118774414,12.515472412109375,9.851737976074219
0,0,0,0,24.418291091918945,12.538862228393555,9.852333068847656
0,0,0,0,24.366565704345703,12.556194305419922,9.852706909179688
0,0,0,0,24.314790725708008,12.573434829711914,9.853034973144531
0,0,0,0,24.245697021484375,12.596177101135254,9.853355407714844
0,0,0,0,24.193880081176758,12.613123893737793,9.853500366210938
0,0,0,0,24.1419734954834,12.629961013793945,9.853584289550781
0,0,0,0,24.072772979736328,12.652236938476562,9.853721618652344
0,0,0,0,24.020851135253906,12.668828010559082,9.853729248046875
0,0,0,0,23.96905517578125,12.685226440429688,9.853691101074219
0,0,0,0,23.899837493896484,12.70695686340332,9.853607177734375
0,0,0,0,23.847965240478516,12.72303295135498,9.853561401367188
0,0,0,0,23.79596710205078,12.73902702331543,9.853523254394531
0,0,0,0,23.726694107055664,12.759992599487305,9.853515625
0,0,0,0,23.674692153930664,12.775611877441406,9.853546142578125
0,0,0,0,23.62285804748535,12.790982246398926,9.8536376953125
0,0,0,0,23.55389976501465,12.811307907104492,9.85382080078125
0,0,0,0,23.502338409423828,12.826281547546387,9.85394287109375
0,0,0,0,23.450830459594727,12.841180801391602,9.854080200195312
0,0,0,0,23.38222885131836,12.860745429992676,9.854331970214844
0,0,0,0,23.330766677856445,12.875333786010742,9.854660034179688
0,0,0,0,23.279373168945312,12.889751434326172,9.855003356933594
0,0,0,0,23.210994720458984,12.908770561218262,9.85546875
0,0,0,0,23.15963363647461,12.922891616821289,9.855964660644531
0,0,0,0,23.108400344848633,12.936853408813477,9.856483459472656
0,0,0,0,23.040205001831055,12.955220222473145,9.857101440429688
0,0,0,0,22.98925018310547,12.968777656555176,9.8575439453125
0,0,0,0,22.938234329223633,12.982287406921387,9.857978820800781
0,0,0,0,22.87032699584961,13.000099182128906,9.858566284179688
0,0,0,0,22.819252014160156,13.013450622558594,9.859039306640625
0,0,0,0,22.76826286315918,13.026609420776367,9.859512329101562
0,0,0,0,22.700088500976562,13.04415512084961,9.860122680664062
0,0,0,0,22.648868560791016,13.057199478149414,9.860702514648438
0,0,0,0,22.59756851196289,13.070258140563965,9.861305236816406
0,0,0,0,22.529335021972656,13.087427139282227,9.862045288085938
0,0,0,0,22.478118896484375,13.100299835205078,9.862625122070312
0,0,0,0,22.426868438720703,13.113045692443848,9.863250732421875
0,0,0,0,22.358444213867188,13.13001537322998,9.864120483398438
0,0,0,0,22.307022094726562,13.142660140991211,9.864837646484375
0,0,0,0,22.25572395324707,13.155206680297852,9.865501403808594
0,0,0,0,22.187318801879883,13.171807289123535,9.866279602050781
0,0,0,0,22.135997772216797,13.184173583984375,9.866905212402344
0,0,0,0,22.08450698852539,13.196537017822266,9.867515563964844
0,0,0,0,22.01589012145996,13.212884902954102,9.868301391601562
0,0,0,0,21.96426773071289,13.225131034851074,9.868812561035156
0,0,0,0,21.91264533996582,13.237261772155762,9.869308471679688
0,0,0,0,21.84351921081543,13.253504753112793,9.870018005371094
0,0,0,0,21.79168701171875,13.265567779541016,9.870582580566406
0,0,0,0,21.739830017089844,13.277671813964844,9.871124267578125
0,0,0,0,21.670978546142578,13.29358959197998,9.871780395507812
0,0,0,0,21.619544982910156,13.305496215820312,9.872207641601562
0,0,0,0,21.568330764770508,13.317281723022461,9.872589111328125
0,0,0,0,21.50018882751465,13.333041191101074,9.873100280761719
0,0,0,0,21.449222564697266,13.344786643981934,9.87347412109375
0,0,0,0,21.39836883544922,13.356588363647461,9.873832702636719
0,0,0,0,21.33060646057129,13.372257232666016,9.874298095703125
0,0,0,0,21.279857635498047,13.383987426757812,9.87469482421875
0,0,0,0,21.229032516479492,13.39572811126709,9.875175476074219
0,0,0,0,21.16153907775879,13.411316871643066,9.875892639160156
0,0,0,0,21.111053466796875,13.423009872436523,9.876434326171875
0,0,0,0,21.060714721679688,13.43466854095459,9.877021789550781
0,0,0,0,20.99336051940918,13.450401306152344,9.877937316894531
0,0,0,0,20.942758560180664,13.462248802185059,9.878662109375
0,0,0,0,20.891828536987305,13.474261283874512,9.879440307617188
0,0,0,0,20.823570251464844,13.490374565124512,9.880607604980469
0,0,0,0,20.771955490112305,13.50269603729248,9.881584167480469
0,0,0,0,20.720142364501953,13.515076637268066,9.882614135742188
0,0,0,0,20.650636672973633,13.531899452209473,9.883979797363281
0,0,0,0,20.598220825195312,13.544624328613281,9.885047912597656
0,0,0,0,20.545534133911133,13.557517051696777,9.886100769042969
0,0,0,0,20.474857330322266,13.574840545654297,9.887420654296875
0,0,0,0,20.421611785888672,13.587960243225098,9.88836669921875
0,0,0,0,20.36808204650879,13.601177215576172,9.889274597167969
0,0,0,0,20.296361923217773,13.61899185180664,9.890495300292969
0,0,0,0,20.24220085144043,13.632500648498535,9.891372680664062
0,0,0,0,20.18787384033203,13.646050453186035,9.892204284667969
0,0,0,0,20.11499786376953,13.664291381835938,9.893234252929688
0,0,0,0,20.0601749420166,13.678000450134277,9.89398193359375
0,0,0,0,20.00505828857422,13.691856384277344,9.894729614257812
0,0,0,0,19.931438446044922,13.710322380065918,9.895729064941406
0,0,0,0,19.875999450683594,13.724311828613281,9.896469116210938
0,0,0,0,19.82048797607422,13.738245964050293,9.897201538085938
0,0,0,0,19.746170043945312,13.756990432739258,9.898178100585938
0,0,0,0,19.690290451049805,13.771048545837402,9.899009704589844
0,0,0,0,19.63424301147461,13.785236358642578,9.899887084960938
0,0,0,0,19.559423446655273,13.804115295410156,9.901069641113281
0,0,0,0,19.503225326538086,13.818346977233887,9.901931762695312
0,0,0,0,19.446924209594727,13.832565307617188,9.902816772460938
0,0,0,0,19.371776580810547,13.851547241210938,9.903984069824219
0,0,0,0,19.315343856811523,13.865751266479492,9.904830932617188
0,0,0,0,19.258943557739258,13.879961013793945,9.905685424804688
0,0,0,0,19.18363380432129,13.898929595947266,9.9068603515625
0,0,0,0,19.12720489501953,13.91309928894043,9.907783508300781
0,0,0,0,19.070676803588867,13.9273042678833,9.908729553222656
0,0,0,0,18.995403289794922,13.946133613586426,9.910026550292969
0,0,0,0,18.93885612487793,13.960311889648438,9.910987854003906
0,0,0,0,18.882421493530273,13.97439193725586,9.911956787109375
0,0,0,0,18.80712127685547,13.993228912353516,9.913200378417969
0,0,0,0,18.7507266998291,14.007245063781738,9.914115905761719
0,0,0,0,18.694276809692383,14.02131175994873,9.915031433105469
0,0,0,0,18.619068145751953,14.039981842041016,9.916275024414062
0,0,0,0,18.56264877319336,14.054055213928223,9.917243957519531
0,0,0,0,18.506296157836914,14.068056106567383,9.918197631835938
0,0,0,0,18.431188583374023,14.086758613586426,9.919441223144531
0,0,0,0,18.374814987182617,14.100757598876953,9.920341491699219
0,0,0,0,18.31849479675293,14.114771842956543,9.921211242675781
0,0,0,0,18.243366241455078,14.13343334197998,9.92230224609375
0,0,0,0,18.187131881713867,14.14738655090332,9.923133850097656
0,0,0,0,18.13086700439453,14.161388397216797,9.923942565917969
0,0,0,0,18.056005477905273,14.180028915405273,9.924972534179688
0,0,0,0,17.999805450439453,14.194049835205078,9.925712585449219
0,0,0,0,17.94374656677246,14.207944869995117,9.926429748535156
0,0,0,0,17.86897087097168,14.226505279541016,9.927322387695312
0,0,0,0,17.813024520874023,14.24032974243164,9.927970886230469
0,0,0,0,17.75709342956543,14.254205703735352,9.928604125976562
0,0,0,0,17.682897567749023,14.272523880004883,9.929389953613281
0,0,0,0,17.62750244140625,14.286201477050781,9.929878234863281
0,0,0,0,17.57248306274414,14.29969596862793,9.930282592773438
0,0,0,0,17.49979019165039,14.317573547363281,9.930694580078125
0,0,0,0,17.445886611938477,14.330754280090332,9.930953979492188
0,0,0,0,17.39261817932129,14.34382152557373,9.931137084960938
0,0,0,0,17.322771072387695,14.36091136932373,9.931282043457031
0,0,0,0,17.271455764770508,14.373496055603027,9.931304931640625
0,0,0,0,17.22107696533203,14.385848045349121,9.931259155273438
0,0,0,0,17.155702590942383,14.401885986328125,9.931045532226562
0,0,0,0,17.107967376708984,14.413630485534668,9.930801391601562
0,0,0,0,17.061559677124023,14.425006866455078,9.930412292480469
0,0,0,0,17.00157928466797,14.439791679382324,9.929649353027344
0,0,0,0,16.958215713500977,14.450457572937012,9.928962707519531
0,0,0,0,16.9161376953125,14.460893630981445,9.928260803222656
0,0,0,0,16.862306594848633,14.474283218383789,9.927238464355469
0,0,0,0,16.823518753051758,14.484052658081055,9.926475524902344
0,0,0,0,16.7862606048584,14.49342155456543,9.925712585449219
0,0,0,0,16.738739013671875,14.505452156066895,9.924888610839844
0,0,0,0,16.704980850219727,14.51422119140625,9.92462158203125
0,0,0,0,16.67311668395996,14.523649215698242,9.924331665039062
0,0,0,0,16.634119033813477,14.537904739379883,9.923561096191406
0,0,0,0,16.607759475708008,14.550146102905273,9.922492980957031
0,0,0,0,16.583984375,14.563878059387207,9.920944213867188
0,0,0,0,16.556581497192383,14.584921836853027,9.917922973632812
0,0,0,0,16.53925323486328,14.602862358093262,9.91497802734375
0,0,0,0,16.52489471435547,14.622552871704102,9.911491394042969
0,0,0,0,16.51018524169922,14.65152359008789,9.906158447265625
0,0,0,0,16.50260353088379,14.675074577331543,9.901702880859375
0,0,0,0,16.497852325439453,14.700204849243164,9.897087097167969
0,0,0,0,16.49618911743164,14.735712051391602,9.890838623046875
0,0,0,0,16.498136520385742,14.763754844665527,9.885810852050781
0,0,0,0,16.502574920654297,14.792529106140137,9.879425048828125
0,0,0,0,16.512033462524414,14.83160400390625,9.870979309082031
0,0,0,0,16.52147674560547,14.86059856414795,9.865631103515625
0,0,0,0,16.532432556152344,14.889060020446777,9.861320495605469
0,0,0,0,16.548826217651367,14.925450325012207,9.85736083984375
0,0,0,0,16.56191635131836,14.951177597045898,9.855888366699219
0,0,0,0,16.575429916381836,14.975298881530762,9.855712890625
0,0,0,0,16.593841552734375,15.004950523376465,9.857452392578125
0,0,0,0,16.607751846313477,15.025263786315918,9.860076904296875
0,0,0,0,16.62177085876465,15.043911933898926,9.863746643066406
0,0,0,0,16.640399932861328,15.066349029541016,9.869926452636719
0,0,0,0,16.65447235107422,15.081433296203613,9.875114440917969
0,0,0,0,16.66851234436035,15.095276832580566,9.880577087402344
0,0,0,0,16.687387466430664,15.111798286437988,9.887947082519531
0,0,0,0,16.701475143432617,15.122997283935547,9.893463134765625
0,0,0,0,16.715803146362305,15.133243560791016,9.898811340332031
0,0,0,0,16.73516845703125,15.146024703979492,9.905555725097656
0,0,0,0,16.75002670288086,15.154860496520996,9.910224914550781
0,0,0,0,16.765090942382812,15.163317680358887,9.914558410644531
0,0,0,0,16.785879135131836,15.174215316772461,9.919700622558594
0,0,0,0,16.80213737487793,15.182469367980957,9.9229736328125
0,0,0,0,16.81904411315918,15.190739631652832,9.925735473632812
0,0,0,0,16.84253692626953,15.20202922821045,9.928672790527344
0,0,0,0,16.86090087890625,15.210736274719238,9.930320739746094
0,0,0,0,16.880054473876953,15.219752311706543,9.931495666503906
0,0,0,0,16.906652450561523,15.232196807861328,9.932388305664062
0,0,0,0,16.9273681640625,15.24189281463623,9.932647705078125
0,0,0,0,16.948583602905273,15.251957893371582,9.932548522949219
0,0,0,0,16.977916717529297,15.265962600708008,9.931892395019531
0,0,0,0,17.00057601928711,15.277030944824219,9.931106567382812
0,0,0,0,17.023971557617188,15.288566589355469,9.93011474609375
0,0,0,0,17.056058883666992,15.305034637451172,9.928482055664062
0,0,0,0,17.080944061279297,15.31808090209961,9.927032470703125
0,0,0,0,17.106420516967773,15.331942558288574,9.92547607421875
0,0,0,0,17.14143180847168,15.351455688476562,9.92327880859375
0,0,0,0,17.168296813964844,15.366924285888672,9.921638488769531
0,0,0,0,17.1958065032959,15.383082389831543,9.920066833496094
0,0,0,0,17.23362159729004,15.406304359436035,9.917900085449219
0,0,0,0,17.26304054260254,15.424981117248535,9.916145324707031
0,0,0,0,17.293384552001953,15.444816589355469,9.914283752441406
0,0,0,0,17.335256576538086,15.472947120666504,9.911674499511719
0,0,0,0,17.367799758911133,15.495349884033203,9.909599304199219
0,0,0,0,17.401203155517578,15.518860816955566,9.90740966796875
0,0,0,0,17.447153091430664,15.551798820495605,9.904411315917969
0,0,0,0,17.482421875,15.577681541442871,9.902198791503906
0,0,0,0,17.51845359802246,15.604378700256348,9.900108337402344
0,0,0,0,17.567399978637695,15.641387939453125,9.897499084472656
0,0,0,0,17.604928970336914,15.670085906982422,9.895675659179688
0,0,0,0,17.642831802368164,15.699531555175781,9.894058227539062
0,0,0,0,17.694028854370117,15.739509582519531,9.892265319824219
0,0,0,0,17.73276138305664,15.770207405090332,9.891159057617188
0,0,0,0,17.771869659423828,15.801352500915527,9.890228271484375
0,0,0,0,17.824350357055664,15.843670845031738,9.889259338378906
0,0,0,0,17.86397933959961,15.875787734985352,9.888740539550781
0,0,0,0,17.9038143157959,15.908358573913574,9.888343811035156
0,0,0,0,17.957189559936523,15.952218055725098,9.888023376464844
0,0,0,0,17.997331619262695,15.98541259765625,9.887954711914062
0,0,0,0,18.0374755859375,16.018798828125,9.888023376464844
0,0,0,0,18.091060638427734,16.063629150390625,9.88824462890625
0,0,0,0,18.131149291992188,16.097383499145508,9.888511657714844
0,0,0,0,18.171306610107422,16.131168365478516,9.888832092285156
0,0,0,0,18.224742889404297,16.176382064819336,9.8892822265625
0,0,0,0,18.264896392822266,16.21026611328125,9.889602661132812
0,0,0,0,18.304950714111328,16.244251251220703,9.889869689941406
0,0,0,0,18.3585147857666,16.2895450592041,9.890098571777344
0,0,0,0,18.39861488342285,16.32369613647461,9.890159606933594
0,0,0,0,18.438785552978516,16.3577938079834,9.890167236328125
0,0,0,0,18.492372512817383,16.403474807739258,9.890083312988281
0,0,0,0,18.53275489807129,16.437788009643555,9.88995361328125
0,0,0,0,18.573280334472656,16.472352981567383,9.889793395996094
0,0,0,0,18.62770652770996,16.51863670349121,9.88946533203125
0,0,0,0,18.668842315673828,16.55357551574707,9.889106750488281
0,0,0,0,18.71027374267578,16.588626861572266,9.888694763183594
0,0,0,0,18.76597785949707,16.63569450378418,9.888076782226562
0,0,0,0,18.808025360107422,16.67119026184082,9.88751220703125
0,0,0,0,18.850387573242188,16.706830978393555,9.886924743652344
0,0,0,0,18.907167434692383,16.754589080810547,9.886116027832031
0,0,0,0,18.950109481811523,16.790504455566406,9.885520935058594
0,0,0,0,18.993192672729492,16.82659149169922,9.88494873046875
0,0,0,0,19.05101203918457,16.87483787536621,9.884231567382812
0,0,0,0,19.094480514526367,16.911226272583008,9.883705139160156
0,0,0,0,19.138164520263672,16.947603225708008,9.883232116699219
0,0,0,0,19.196474075317383,16.996320724487305,9.882682800292969
0,0,0,0,19.24042320251465,17.032819747924805,9.88232421875
0,0,0,0,19.284414291381836,17.069454193115234,9.882026672363281
0,0,0,0,19.343263626098633,17.11823844909668,9.881706237792969
0,0,0,0,19.387447357177734,17.15494155883789,9.881546020507812
0,0,0,0,19.43172264099121,17.191612243652344,9.881477355957031
0,0,0,0,19.49079132080078,17.240650177001953,9.881523132324219
0,0,0,0,19.535118103027344,17.277437210083008,9.881591796875
0,0,0,0,19.57952308654785,17.314239501953125,9.881675720214844
0,0,0,0,19.638771057128906,17.363258361816406,9.881805419921875
0,0,0,0,19.68334197998047,17.39998435974121,9.881866455078125
0,0,0,0,19.72785186767578,17.436708450317383,9.881927490234375
0,0,0,0,19.78731918334961,17.485553741455078,9.882026672363281
0,0,0,0,19.831878662109375,17.52218246459961,9.882110595703125
0,0,0,0,19.876562118530273,17.55868148803711,9.882179260253906
0,0,0,0,19.936077117919922,17.60740852355957,9.882255554199219
0,0,0,0,19.980846405029297,17.643856048583984,9.882308959960938
0,0,0,0,20.02556610107422,17.68035888671875,9.88232421875
0,0,0,0,20.085317611694336,17.72881317138672,9.882209777832031
0,0,0,0,20.13010597229004,17.765180587768555,9.882080078125
0,0,0,0,20.174924850463867,17.801410675048828,9.881874084472656
0,0,0,0,20.234691619873047,17.849809646606445,9.881500244140625
0,0,0,0,20.279569625854492,17.886083602905273,9.881126403808594
0,0,0,0,20.324512481689453,17.922399520874023,9.880683898925781
0,0,0,0,20.384504318237305,17.970745086669922,9.87994384765625
0,0,0,0,20.42957878112793,18.00697135925293,9.879287719726562
0,0,0,0,20.47463035583496,18.043188095092773,9.878578186035156
0,0,0,0,20.534809112548828,18.091474533081055,9.877609252929688
0,0,0,0,20.57984161376953,18.12770652770996,9.876869201660156
0,0,0,0,20.624954223632812,18.163850784301758,9.876144409179688
0,0,0,0,20.685016632080078,18.212060928344727,9.875228881835938
0,0,0,0,20.730165481567383,18.248130798339844,9.874557495117188
0,0,0,0,20.77524757385254,18.284303665161133,9.873886108398438
0,0,0,0,20.835474014282227,18.332429885864258,9.872947692871094
0,0,0,0,20.880577087402344,18.368610382080078,9.872207641601562
0,0,0,0,20.925777435302734,18.40472412109375,9.871452331542969
0,0,0,0,20.98602867126465,18.453022003173828,9.870391845703125
0,0,0,0,21.03130531311035,18.48923683166504,9.869606018066406
0,0,0,0,21.076595306396484,18.52557945251465,9.86883544921875
0,0,0,0,21.137041091918945,18.57405662536621,9.867866516113281
0,0,0,0,21.182392120361328,18.610483169555664,9.867172241210938
0,0,0,0,21.2276554107666,18.64693832397461,9.866470336914062
0,0,0,0,21.287973403930664,18.695695877075195,9.865524291992188
0,0,0,0,21.333120346069336,18.73239517211914,9.86480712890625
0,0,0,0,21.378293991088867,18.769161224365234,9.864082336425781
0,0,0,0,21.43831443786621,18.818342208862305,9.863136291503906
0,0,0,0,21.483335494995117,18.855270385742188,9.862373352050781
0,0,0,0,21.528173446655273,18.892349243164062,9.861564636230469
0,0,0,0,21.58787727355957,18.94188690185547,9.860458374023438
0,0,0,0,21.632415771484375,18.97930145263672,9.859611511230469
0,0,0,0,21.676904678344727,19.016754150390625,9.858718872070312
0,0,0,0,21.735898971557617,19.06700897216797,9.857475280761719
0,0,0,0,21.780027389526367,19.10480499267578,9.856460571289062
0,0,0,0,21.823938369750977,19.14285659790039,9.85540771484375
0,0,0,0,21.882259368896484,19.19378662109375,9.853988647460938
0,0,0,0,21.9257869720459,19.23225212097168,9.8529052734375
0,0,0,0,21.969133377075195,19.270830154418945,9.851799011230469
0,0,0,0,22.026609420776367,19.322593688964844,9.85028076171875
0,0,0,0,22.069385528564453,19.36164665222168,9.849113464355469
0,0,0,0,22.111995697021484,19.40093994140625,9.847923278808594
0,0,0,0,22.168415069580078,19.453723907470703,9.846359252929688
0,0,0,0,22.21055793762207,19.493587493896484,9.845191955566406
0,0,0,0,22.252389907836914,19.533733367919922,9.844024658203125
0,0,0,0,22.307910919189453,19.58759117126465,9.84246826171875
0,0,0,0,22.34922218322754,19.628292083740234,9.841278076171875
0,0,0,0,22.390216827392578,19.668777465820312,9.840095520019531
0,0,0,0,22.44388198852539,19.722354888916016,9.838630676269531
0,0,0,0,22.483407974243164,19.76205062866211,9.837608337402344
0,0,0,0,22.52219581604004,19.801551818847656,9.836677551269531
0,0,0,0,22.573205947875977,19.85391616821289,9.835502624511719
0,0,0,0,22.6109619140625,19.893186569213867,9.834632873535156
0,0,0,0,22.64823341369629,19.932125091552734,9.833869934082031
0,0,0,0,22.697282791137695,19.983930587768555,9.832984924316406
0,0,0,0,22.73371124267578,20.022790908813477,9.832130432128906
0,0,0,0,22.769681930541992,20.06135368347168,9.83123779296875
0,0,0,0,22.816625595092773,20.111831665039062,9.830047607421875
0,0,0,0,22.85109519958496,20.149085998535156,9.829147338867188
0,0,0,0,22.884777069091797,20.185874938964844,9.828224182128906
0,0,0,0,22.928586959838867,20.233884811401367,9.826957702636719
0,0,0,0,22.960355758666992,20.26905059814453,9.826187133789062
0,0,0,0,22.991424560546875,20.303468704223633,9.825767517089844
0,0,0,0,23.032094955444336,20.34889030456543,9.825363159179688
0,0,0,0,23.062490463256836,20.38263702392578,9.824958801269531
0,0,0,0,23.092531204223633,20.41609001159668,9.824691772460938
0,0,0,0,23.132333755493164,20.460018157958984,9.824737548828125
0,0,0,0,23.162273406982422,20.493005752563477,9.824333190917969
0,0,0,0,23.192440032958984,20.525827407836914,9.823348999023438
0,0,0,0,23.2325439453125,20.56915283203125,9.821952819824219
0,0,0,0,23.262388229370117,20.601104736328125,9.820938110351562
0,0,0,0,23.292034149169922,20.632749557495117,9.820053100585938
0,0,0,0,23.33155632019043,20.674419403076172,9.818954467773438
0,0,0,0,23.361351013183594,20.705341339111328,9.818153381347656
0,0,0,0,23.391023635864258,20.735816955566406,9.817405700683594
0,0,0,0,23.430200576782227,20.77557945251465,9.816566467285156
0,0,0,0,23.45907974243164,20.804786682128906,9.816108703613281
0,0,0,0,23.48777961730957,20.83344268798828,9.815818786621094
0,0,0,0,23.52585792541504,20.871116638183594,9.815567016601562
0,0,0,0,23.554584503173828,20.898937225341797,9.81536865234375
0,0,0,0,23.583324432373047,20.926517486572266,9.815147399902344
0,0,0,0,23.621843338012695,20.96268653869629,9.814811706542969
0,0,0,0,23.650733947753906,20.989498138427734,9.814544677734375
0,0,0,0,23.679807662963867,21.01588249206543,9.814224243164062
0,0,0,0,23.718727111816406,21.050691604614258,9.81365966796875
0,0,0,0,23.748207092285156,21.076412200927734,9.813133239746094
0,0,0,0,23.778045654296875,21.101964950561523,9.812431335449219
0,0,0,0,23.818456649780273,21.135515213012695,9.811302185058594
0,0,0,0,23.849040985107422,21.160263061523438,9.810493469238281
0,0,0,0,23.87982177734375,21.184619903564453,9.809738159179688
0,0,0,0,23.921384811401367,21.21660041809082,9.8087158203125
0,0,0,0,23.952804565429688,21.24019432067871,9.807929992675781
0,0,0,0,23.984506607055664,21.263343811035156,9.807258605957031
0,0,0,0,24.027122497558594,21.293672561645508,9.806571960449219
0,0,0,0,24.059770584106445,21.31612205505371,9.8060302734375
0,0,0,0,24.09295082092285,21.338470458984375,9.805419921875
0,0,0,0,24.138154983520508,21.3678035736084,9.804489135742188
0,0,0,0,24.1726016998291,21.389564514160156,9.803779602050781
0,0,0,0,24.207717895507812,21.411022186279297,9.803047180175781
0,0,0,0,24.255491256713867,21.439496994018555,9.801963806152344
0,0,0,0,24.292146682739258,21.460586547851562,9.801033020019531
0,0,0,0,24.329273223876953,21.48151397705078,9.800071716308594
0,0,0,0,24.379411697387695,21.508888244628906,9.798782348632812
0,0,0,0,24.417387008666992,21.5291805267334,9.797859191894531
0,0,0,0,24.45575523376465,21.549196243286133,9.796974182128906
0,0,0,0,24.507593154907227,21.575647354125977,9.795745849609375
0,0,0,0,24.546817779541016,21.59519386291504,9.794853210449219
0,0,0,0,24.58648109436035,21.61456298828125,9.794021606445312
0,0,0,0,24.64021110534668,21.640296936035156,9.792839050292969
0,0,0,0,24.681350708007812,21.659555435180664,9.791824340820312
0,0,0,0,24.723051071166992,21.67882537841797,9.790733337402344
0,0,0,0,24.779699325561523,21.70439910888672,9.789131164550781
0,0,0,0,24.822723388671875,21.72360610961914,9.787818908691406
0,0,0,0,24.866313934326172,21.742664337158203,9.786445617675781
0,0,0,0,24.92509651184082,21.768104553222656,9.784507751464844
0,0,0,0,24.969802856445312,21.78705596923828,9.782951354980469
0,0,0,0,25.014841079711914,21.806034088134766,9.781295776367188
0,0,0,0,25.075477600097656,21.831138610839844,9.77899169921875
0,0,0,0,25.121200561523438,21.849937438964844,9.7772216796875
0,0,0,0,25.167072296142578,21.868534088134766,9.775405883789062
0,0,0,0,25.22823715209961,21.89314842224121,9.772979736328125
0,0,0,0,25.27402114868164,21.911361694335938,9.771171569824219
0,0,0,0,25.319887161254883,21.929519653320312,9.769363403320312
0,0,0,0,25.381038665771484,21.953569412231445,9.766876220703125
0,0,0,0,25.42690658569336,21.971435546875,9.7650146484375
0,0,0,0,25.472721099853516,21.989194869995117,9.763160705566406
0,0,0,0,25.53414535522461,22.012826919555664,9.760528564453125
0,0,0,0,25.5804443359375,22.030649185180664,9.75836181640625
0,0,0,0,25.627058029174805,22.048397064208984,9.756065368652344
0,0,0,0,25.689416885375977,22.072162628173828,9.75286865234375
0,0,0,0,25.73652458190918,22.08995819091797,9.750343322753906
0,0,0,0,25.783782958984375,22.107912063598633,9.74774169921875
0,0,0,0,25.847192764282227,22.131786346435547,9.744216918945312
0,0,0,0,25.894855499267578,22.149734497070312,9.741592407226562
0,0,0,0,25.942461013793945,22.167476654052734,9.739036560058594
0,0,0,0,26.005279541015625,22.190868377685547,9.735816955566406
0,0,0,0,26.051761627197266,22.20806312561035,9.733596801757812
0,0,0,0,26.097698211669922,22.22512435913086,9.731452941894531
0,0,0,0,26.158159255981445,22.247577667236328,9.728645324707031
0,0,0,0,26.20292091369629,22.26420783996582,9.726608276367188
0,0,0,0,26.247154235839844,22.28070068359375,9.724601745605469
0,0,0,0,26.30569076538086,22.302532196044922,9.721931457519531
0,0,0,0,26.349225997924805,22.318859100341797,9.719863891601562
0,0,0,0,26.39265251159668,22.335092544555664,9.71771240234375
0,0,0,0,26.450132369995117,22.356733322143555,9.714736938476562
0,0,0,0,26.493125915527344,22.372894287109375,9.712432861328125
0,0,0,0,26.53589630126953,22.389142990112305,9.710090637207031
0,0,0,0,26.592945098876953,22.410717010498047,9.70684814453125
0,0,0,0,26.63564682006836,22.427024841308594,9.704360961914062
0,0,0,0,26.67852210998535,22.443326950073242,9.701759338378906
0,0,0,0,26.735836029052734,22.465356826782227,9.698089599609375
0,0,0,0,26.77898406982422,22.48191261291504,9.69525146484375
0,0,0,0,26.822256088256836,22.498626708984375,9.692337036132812
0,0,0,0,26.880294799804688,22.521100997924805,9.688201904296875
0,0,0,0,26.924177169799805,22.53820037841797,9.684913635253906
0,0,0,0,26.96832275390625,22.555438995361328,9.681495666503906
0,0,0,0,27.027591705322266,22.578699111938477,9.676780700683594
0,0,0,0,27.072254180908203,22.596328735351562,9.673194885253906
0,0,0,0,27.117334365844727,22.61412811279297,9.6695556640625
0,0,0,0,27.177845001220703,22.638141632080078,9.664573669433594
0,0,0,0,27.223573684692383,22.656234741210938,9.660850524902344
0,0,0,0,27.269489288330078,22.67452049255371,9.657135009765625
0,0,0,0,27.331445693969727,22.699098587036133,9.652122497558594
0,0,0,0,27.378305435180664,22.717819213867188,9.648330688476562
0,0,0,0,27.425546646118164,22.73659896850586,9.644584655761719
0,0,0,0,27.4887638092041,22.761934280395508,9.639747619628906
0,0,0,0,27.536415100097656,22.780956268310547,9.636299133300781
0,0,0,0,27.58414649963379,22.800100326538086,9.632987976074219
0,0,0,0,27.648061752319336,22.825651168823242,9.628738403320312
0,0,0,0,27.696165084838867,22.84496307373047,9.625717163085938
0,0,0,0,27.744400024414062,22.8642635345459,9.622856140136719
0,0,0,0,27.808866500854492,22.8901424407959,9.619331359863281
0,0,0,0,27.85727882385254,22.909570693969727,9.616920471191406
0,0,0,0,27.90587615966797,22.92909049987793,9.614669799804688
0,0,0,0,27.970867156982422,22.95535659790039,9.61181640625
0,0,0,0,28.01991081237793,22.975221633911133,9.609756469726562
0,0,0,0,28.069067001342773,22.995298385620117,9.607780456542969
0,0,0,0,28.13494873046875,23.02222442626953,9.605262756347656
0,0,0,0,28.184417724609375,23.04267120361328,9.603439331054688
0,0,0,0,28.234066009521484,23.063146591186523,9.6016845703125
0,0,0,0,28.300291061401367,23.09074592590332,9.599380493164062
0,0,0,0,28.35015296936035,23.111570358276367,9.597633361816406
0,0,0,0,28.39998435974121,23.13262176513672,9.595901489257812
0,0,0,0,28.466428756713867,23.160720825195312,9.593635559082031
0,0,0,0,28.516080856323242,23.181974411010742,9.592033386230469
0,0,0,0,28.56566619873047,23.203271865844727,9.590545654296875
0,0,0,0,28.631729125976562,23.23207664489746,9.588630676269531
0,0,0,0,28.681285858154297,23.253948211669922,9.587173461914062
0,0,0,0,28.730791091918945,23.276081085205078,9.58575439453125
0,0,0,0,28.796472549438477,23.30577850341797,9.583946228027344
0,0,0,0,28.84551429748535,23.328189849853516,9.582595825195312
0,0,0,0,28.894197463989258,23.350692749023438,9.581253051757812
0,0,0,0,28.958614349365234,23.38075828552246,9.579612731933594
0,0,0,0,29.006370544433594,23.403419494628906,9.578567504882812
0,0,0,0,29.053890228271484,23.426210403442383,9.577560424804688
0,0,0,0,29.11672019958496,23.457101821899414,9.576148986816406
0,0,0,0,29.16359519958496,23.48046875,9.575096130371094
0,0,0,0,29.2100772857666,23.504169464111328,9.574066162109375
0,0,0,0,29.271657943725586,23.536067962646484,9.572761535644531
0,0,0,0,29.317398071289062,23.560327529907227,9.571815490722656
0,0,0,0,29.362838745117188,23.584684371948242,9.570968627929688
0,0,0,0,29.422832489013672,23.617660522460938,9.570014953613281
0,0,0,0,29.46750259399414,23.642757415771484,9.569389343261719
0,0,0,0,29.51194953918457,23.668292999267578,9.568817138671875
0,0,0,0,29.57093048095703,23.70288848876953,9.568153381347656
0,0,0,0,29.615005493164062,23.72928237915039,9.567718505859375
0,0,0,0,29.65885353088379,23.756071090698242,9.567337036132812
0,0,0,0,29.717090606689453,23.79240608215332,9.566932678222656
0,0,0,0,29.76051139831543,23.820131301879883,9.566688537597656
0,0,0,0,29.803955078125,23.848237991333008,9.566490173339844
0,0,0,0,29.861635208129883,23.88642692565918,9.566261291503906
0,0,0,0,29.904823303222656,23.915441513061523,9.566177368164062
0,0,0,0,29.94780158996582,23.944923400878906,9.566177368164062
0,0,0,0,30.00518798828125,23.984874725341797,9.566200256347656
0,0,0,0,30.04816436767578,24.0155086517334,9.56622314453125
0,0,0,0,30.091197967529297,24.046451568603516,9.566291809082031
0,0,0,0,30.14838218688965,24.088336944580078,9.566513061523438
0,0,0,0,30.191225051879883,24.120084762573242,9.566787719726562
0,0,0,0,30.23394203186035,24.152223587036133,9.567123413085938
0,0,0,0,30.290746688842773,24.195409774780273,9.567710876464844
0,0,0,0,30.333154678344727,24.228046417236328,9.568313598632812
0,0,0,0,30.375364303588867,24.2608642578125,9.569099426269531
0,0,0,0,30.43158531188965,24.30517578125,9.570274353027344
0,0,0,0,30.473691940307617,24.338804244995117,9.571235656738281
0,0,0,0,30.515869140625,24.372661590576172,9.572319030761719
0,0,0,0,30.572050094604492,24.418251037597656,9.573837280273438
0,0,0,0,30.61434555053711,24.452775955200195,9.574943542480469
0,0,0,0,30.65665054321289,24.4876651763916,9.575996398925781
0,0,0,0,30.713315963745117,24.534467697143555,9.577308654785156
0,0,0,0,30.755765914916992,24.56987190246582,9.578262329101562
0,0,0,0,30.79832649230957,24.605379104614258,9.579170227050781
0,0,0,0,30.85504150390625,24.653093338012695,9.580307006835938
0,0,0,0,30.8977108001709,24.688987731933594,9.581069946289062
0,0,0,0,30.94034194946289,24.725082397460938,9.581779479980469
0,0,0,0,30.997079849243164,24.77311134338379,9.582717895507812
0,0,0,0,31.0394344329834,24.809110641479492,9.583419799804688
0,0,0,0,31.081655502319336,24.844961166381836,9.5841064453125
0,0,0,0,31.137676239013672,24.892677307128906,9.585006713867188
0,0,0,0,31.17943000793457,24.928293228149414,9.585739135742188
0,0,0,0,31.22104835510254,24.963869094848633,9.586517333984375
0,0,0,0,31.27638816833496,25.01138687133789,9.587562561035156
0,0,0,0,31.317989349365234,25.04709815979004,9.588333129882812
0,0,0,0,31.35959815979004,25.082914352416992,9.589088439941406
0,0,0,0,31.415369033813477,25.130857467651367,9.59002685546875
0,0,0,0,31.457210540771484,25.167049407958984,9.590606689453125
0,0,0,0,31.499080657958984,25.203094482421875,9.591117858886719
0,0,0,0,31.554485321044922,25.250946044921875,9.59185791015625
0,0,0,0,31.595903396606445,25.2866153717041,9.592430114746094
0,0,0,0,31.63707733154297,25.322280883789062,9.593032836914062
0,0,0,0,31.691892623901367,25.36962127685547,9.593826293945312
0,0,0,0,31.732933044433594,25.40517807006836,9.594451904296875
0,0,0,0,31.773969650268555,25.440616607666016,9.595085144042969
0,0,0,0,31.828628540039062,25.487855911254883,9.595977783203125
0,0,0,0,31.86962890625,25.523237228393555,9.596694946289062
0,0,0,0,31.910747528076172,25.558692932128906,9.597412109375
0,0,0,0,31.965742111206055,25.60601043701172,9.598342895507812
0,0,0,0,32.00709533691406,25.641408920288086,9.599029541015625
0,0,0,0,32.0483283996582,25.676692962646484,9.5997314453125
0,0,0,0,32.10320281982422,25.7235107421875,9.600700378417969
0,0,0,0,32.144142150878906,25.758440017700195,9.60150146484375
0,0,0,0,32.185054779052734,25.793119430541992,9.602378845214844
0,0,0,0,32.23940658569336,25.8392276763916,9.603614807128906
0,0,0,0,32.28019332885742,25.873600006103516,9.604583740234375
0,0,0,0,32.32086944580078,25.907928466796875,9.605583190917969
0,0,0,0,32.37516403198242,25.953386306762695,9.607017517089844
0,0,0,0,32.41584014892578,25.9874267578125,9.608192443847656
0,0,0,0,32.45659255981445,26.02130126953125,9.609336853027344
0,0,0,0,32.51081848144531,26.066320419311523,9.61083984375
0,0,0,0,32.551326751708984,26.0997257232666,9.612091064453125
0,0,0,0,32.59172058105469,26.13298225402832,9.61346435546875
0,0,0,0,32.645591735839844,26.177162170410156,9.61529541015625
0,0,0,0,32.686119079589844,26.210281372070312,9.616600036621094
0,0,0,0,32.72666549682617,26.243268966674805,9.617874145507812
0,0,0,0,32.78085708618164,26.287113189697266,9.619621276855469
0,0,0,0,32.8215217590332,26.31999397277832,9.620964050292969
0,0,0,0,32.86241149902344,26.35284996032715,9.622344970703125
0,0,0,0,32.91717529296875,26.396835327148438,9.624176025390625
0,0,0,0,32.95864486694336,26.429903030395508,9.625495910644531
0,0,0,0,33.01413345336914,26.474231719970703,9.627281188964844
0,0,0,0,33.056087493896484,26.507577896118164,9.628578186035156
0,0,0,0,33.09821319580078,26.541210174560547,9.629783630371094
0,0,0,0,33.15473175048828,26.586090087890625,9.631294250488281
0,0,0,0,33.19718551635742,26.619842529296875,9.632408142089844
0,0,0,0,33.23966598510742,26.653512954711914,9.633514404296875
0,0,0,0,33.2962760925293,26.69847869873047,9.634994506835938
0,0,0,0,33.3387565612793,26.732227325439453,9.636138916015625
0,0,0,0,33.38134002685547,26.766098022460938,9.637260437011719
0,0,0,0,33.438175201416016,26.811330795288086,9.6387939453125
0,0,0,0,33.48097229003906,26.845304489135742,9.6400146484375
0,0,0,0,33.523826599121094,26.879404067993164,9.641250610351562
0,0,0,0,33.581363677978516,26.924959182739258,9.642936706542969
0,0,0,0,33.624698638916016,26.959300994873047,9.64422607421875
0,0,0,0,33.668296813964844,26.993654251098633,9.6455078125
0,0,0,0,33.72654724121094,27.03952980041504,9.647209167480469
0,0,0,0,33.77048110961914,27.073867797851562,9.648475646972656
0,0,0,0,33.814491271972656,27.108325958251953,9.649726867675781
0,0,0,0,33.87352752685547,27.15422248840332,9.651405334472656
0,0,0,0,33.917911529541016,27.188772201538086,9.652626037597656
0,0,0,0,33.962432861328125,27.223295211791992,9.653785705566406
0,0,0,0,34.021846771240234,27.269359588623047,9.655311584472656
0,0,0,0,34.06642532348633,27.303747177124023,9.656478881835938
0,0,0,0,34.12584686279297,27.349525451660156,9.658035278320312
0,0,0,0,34.17026901245117,27.3837947845459,9.659194946289062
0,0,0,0,34.214664459228516,27.417911529541016,9.66033935546875
0,0,0,0,34.258907318115234,27.451871871948242,9.661529541015625
0,0,0,0,34.317840576171875,27.49700355529785,9.663185119628906
0,0,0,0,34.3619499206543,27.53083038330078,9.664421081542969
0,0,0,0,34.4061393737793,27.564537048339844,9.665634155273438
0,0,0,0,34.46488571166992,27.609302520751953,9.667205810546875
0,0,0,0,34.5089225769043,27.642587661743164,9.668342590332031
0,0,0,0,34.552730560302734,27.675769805908203,9.669441223144531
0,0,0,0,34.61098861694336,27.719593048095703,9.670829772949219
0,0,0,0,34.654396057128906,27.752283096313477,9.671844482421875
0,0,0,0,34.69769287109375,27.78466033935547,9.672874450683594
0,0,0,0,34.75517654418945,27.82773208618164,9.674240112304688
0,0,0,0,34.79829788208008,27.85993194580078,9.675224304199219
0,0,0,0,34.84141159057617,27.89214324951172,9.676139831542969
0,0,0,0,34.89881134033203,27.934755325317383,9.677330017089844
0,0,0,0,34.94174575805664,27.966487884521484,9.678207397460938
0,0,0,0,34.98452377319336,27.998008728027344,9.6790771484375
0,0,0,0,35.04140853881836,28.03982162475586,9.680282592773438
0,0,0,0,35.083900451660156,28.070966720581055,9.681175231933594
0,0,0,0,35.12642288208008,28.101938247680664,9.682083129882812
0,0,0,0,35.18306350708008,28.143070220947266,9.683380126953125
0,0,0,0,35.22573471069336,28.1738338470459,9.684402465820312
0,0,0,0,35.26852035522461,28.2047119140625,9.685409545898438
0,0,0,0,35.32609176635742,28.245946884155273,9.686691284179688
0,0,0,0,35.36954879760742,28.27705955505371,9.687576293945312
0,0,0,0,35.413326263427734,28.308122634887695,9.68841552734375
0,0,0,0,35.47172164916992,28.34956169128418,9.689697265625
0,0,0,0,35.515708923339844,28.38055419921875,9.690742492675781
0,0,0,0,35.55984115600586,28.411680221557617,9.691780090332031
0,0,0,0,35.61902618408203,28.45315933227539,9.693122863769531
0,0,0,0,35.66358184814453,28.48431396484375,9.694122314453125
0,0,0,0,35.70830535888672,28.515403747558594,9.695075988769531
0,0,0,0,35.76811218261719,28.556821823120117,9.696273803710938
0,0,0,0,35.81296920776367,28.58775520324707,9.6971435546875
0,0,0,0,35.857913970947266,28.61858367919922,9.697982788085938
0,0,0,0,35.917808532714844,28.65949058532715,9.699081420898438
0,0,0,0,35.96281433105469,28.689987182617188,9.699897766113281
0,0,0,0,36.00773239135742,28.720426559448242,9.700729370117188
0,0,0,0,36.06767272949219,28.760746002197266,9.701889038085938
0,0,0,0,36.11249542236328,28.79088592529297,9.702842712402344
0,0,0,0,36.15736770629883,28.820838928222656,9.703857421875
0,0,0,0,36.217185974121094,28.860816955566406,9.705238342285156
0,0,0,0,36.26227569580078,28.89071273803711,9.70623779296875
0,0,0,0,36.307411193847656,28.920642852783203,9.707183837890625
0,0,0,0,36.367794036865234,28.96028709411621,9.708427429199219
0,0,0,0,36.41318130493164,28.989980697631836,9.709342956542969
0,0,0,0,36.45875549316406,29.019548416137695,9.710250854492188
0,0,0,0,36.519737243652344,29.058998107910156,9.711433410644531
0,0,0,0,36.565677642822266,29.088518142700195,9.712287902832031
0,0,0,0,36.61185836791992,29.118053436279297,9.713104248046875
0,0,0,0,36.673851013183594,29.157424926757812,9.714118957519531
0,0,0,0,36.720741271972656,29.18697166442871,9.714805603027344
0,0,0,0,36.7678337097168,29.21652603149414,9.715438842773438
0,0,0,0,36.83110046386719,29.255887985229492,9.716201782226562
0,0,0,0,36.87873077392578,29.28544807434082,9.716796875
0,0,0,0,36.92668914794922,29.314903259277344,9.717422485351562
0,0,0,0,36.99087142944336,29.354225158691406,9.7183837890625
0,0,0,0,37.03936004638672,29.38361930847168,9.719154357910156
0,0,0,0,37.08802032470703,29.413101196289062,9.719947814941406
0,0,0,0,37.153419494628906,29.4522647857666,9.721031188964844
0,0,0,0,37.20268249511719,29.481679916381836,9.721855163574219
0,0,0,0,37.25217056274414,29.51096534729004,9.72271728515625
0,0,0,0,37.31827926635742,29.550006866455078,9.72393798828125
0,0,0,0,37.367958068847656,29.57910919189453,9.724891662597656
0,0,0,0,37.41775131225586,29.60821533203125,9.725814819335938
0,0,0,0,37.484230041503906,29.646839141845703,9.726860046386719
0,0,0,0,37.53398513793945,29.67557716369629,9.727607727050781
0,0,0,0,37.58344268798828,29.70404624938965,9.728439331054688
0,0,0,0,37.64921569824219,29.741689682006836,9.729537963867188
0,0,0,0,37.69834899902344,29.769746780395508,9.730323791503906
0,0,0,0,37.74750518798828,29.797576904296875,9.731056213378906
0,0,0,0,37.812828063964844,29.83446502685547,9.732032775878906
0,0,0,0,37.86182403564453,29.861892700195312,9.732780456542969
0,0,0,0,37.91071319580078,29.889280319213867,9.733535766601562
0,0,0,0,37.97610855102539,29.92552947998047,9.734535217285156
0,0,0,0,38.02518844604492,29.952665328979492,9.735313415527344
0,0,0,0,38.07443618774414,29.979623794555664,9.736106872558594
0,0,0,0,38.140235900878906,30.015531539916992,9.737136840820312
0,0,0,0,38.18978500366211,30.04232406616211,9.737869262695312
0,0,0,0,38.23944854736328,30.06911277770996,9.738571166992188
0,0,0,0,38.30580520629883,30.10457992553711,9.739456176757812
0,0,0,0,38.35561752319336,30.131084442138672,9.740127563476562
0,0,0,0,38.405418395996094,30.15744400024414,9.740837097167969
0,0,0,0,38.47188949584961,30.1924991607666,9.7418212890625
0,0,0,0,38.52174758911133,30.2187557220459,9.742561340332031
0,0,0,0,38.57175827026367,30.244951248168945,9.743324279785156
0,0,0,0,38.638423919677734,30.27981948852539,9.744430541992188
0,0,0,0,38.68858337402344,30.30584144592285,9.745376586914062
0,0,0,0,38.738731384277344,30.331892013549805,9.746406555175781
0,0,0,0,38.80582046508789,30.366437911987305,9.747749328613281
0,0,0,0,38.85608673095703,30.39228057861328,9.748771667480469
0,0,0,0,38.90637969970703,30.417892456054688,9.749824523925781
0,0,0,0,38.9732666015625,30.451946258544922,9.751258850097656
0,0,0,0,39.02338409423828,30.47725486755371,9.752311706542969
0,0,0,0,39.073280334472656,30.502466201782227,9.753318786621094
0,0,0,0,39.139442443847656,30.53560447692871,9.754646301269531
0,0,0,0,39.18864822387695,30.560178756713867,9.755706787109375
0,0,0,0,39.23756408691406,30.58445930480957,9.756881713867188
0,0,0,0,39.30243682861328,30.616600036621094,9.758628845214844
0,0,0,0,39.35090255737305,30.640531539916992,9.760101318359375
0,0,0,0,39.39943313598633,30.664352416992188,9.761672973632812
0,0,0,0,39.46417999267578,30.696025848388672,9.763839721679688
0,0,0,0,39.51296615600586,30.719785690307617,9.76544189453125
0,0,0,0,39.56186294555664,30.743642807006836,9.767013549804688
0,0,0,0,39.627437591552734,30.77535057067871,9.76904296875
0,0,0,0,39.67666244506836,30.79916000366211,9.770500183105469
0,0,0,0,39.72605514526367,30.822837829589844,9.77191162109375
0,0,0,0,39.79181671142578,30.85441780090332,9.773651123046875
0,0,0,0,39.84117889404297,30.87797737121582,9.774894714355469
0,0,0,0,39.89035415649414,30.901575088500977,9.776130676269531
0,0,0,0,39.955928802490234,30.932924270629883,9.777702331542969
0,0,0,0,40.005126953125,30.956546783447266,9.778793334960938
0,0,0,0,40.05439376831055,30.98015785217285,9.779792785644531
0,0,0,0,40.12004089355469,31.011703491210938,9.780982971191406
0,0,0,0,40.16910934448242,31.0352783203125,9.781852722167969
0,0,0,0,40.21813201904297,31.05888557434082,9.782722473144531
0,0,0,0,40.28350830078125,31.090364456176758,9.78375244140625
0,0,0,0,40.332672119140625,31.113998413085938,9.784385681152344
0,0,0,0,40.38185119628906,31.137723922729492,9.784912109375
0,0,0,0,40.447723388671875,31.16947364807129,9.785491943359375
0,0,0,0,40.49728012084961,31.19344711303711,9.785842895507812
0,0,0,0,40.54716873168945,31.217485427856445,9.7861328125
0,0,0,0,40.613929748535156,31.249797821044922,9.786422729492188
0,0,0,0,40.66437530517578,31.274072647094727,9.786537170410156
0,0,0,0,40.714874267578125,31.29848289489746,9.786590576171875
0,0,0,0,40.78223419189453,31.33078956604004,9.786735534667969
0,0,0,0,40.832542419433594,31.354965209960938,9.786949157714844
0,0,0,0,40.88273620605469,31.378978729248047,9.787254333496094
0,0,0,0,40.94942855834961,31.410968780517578,9.7877197265625
0,0,0,0,40.999267578125,31.434791564941406,9.788154602050781
0,0,0,0,41.04891586303711,31.45855712890625,9.78875732421875
0,0,0,0,41.11498260498047,31.490060806274414,9.789749145507812
0,0,0,0,41.16459655761719,31.513633728027344,9.790573120117188
0,0,0,0,41.21430206298828,31.53715705871582,9.791450500488281
0,0,0,0,41.28091812133789,31.568498611450195,9.792694091796875
0,0,0,0,41.331058502197266,31.5920352935791,9.793663024902344
0,0,0,0,41.381526947021484,31.615497589111328,9.794639587402344
0,0,0,0,41.449031829833984,31.64677619934082,9.795997619628906
0,0,0,0,41.50000762939453,31.670146942138672,9.797096252441406
0,0,0,0,41.55112075805664,31.693588256835938,9.798248291015625
0,0,0,0,41.61969757080078,31.724699020385742,9.799812316894531
0,0,0,0,41.67134094238281,31.74807357788086,9.800941467285156
0,0,0,0,41.723209381103516,31.771284103393555,9.802001953125
0,0,0,0,41.79225158691406,31.80211067199707,9.803390502929688
0,0,0,0,41.843841552734375,31.824947357177734,9.804443359375
0,0,0,0,41.89514923095703,31.84762954711914,9.805580139160156
0,0,0,0,41.963111877441406,31.8774356842041,9.807235717773438
0,0,0,0,42.01374435424805,31.899547576904297,9.808570861816406
0,0,0,0,42.06409454345703,31.921411514282227,9.810035705566406
0,0,0,0,42.13105773925781,31.950300216674805,9.812088012695312
0,0,0,0,42.181190490722656,31.971813201904297,9.813583374023438
0,0,0,0,42.23139190673828,31.993206024169922,9.81500244140625
0,0,0,0,42.29828643798828,32.02154541015625,9.816749572753906
0,0,0,0,42.348594665527344,32.04254913330078,9.818008422851562
0,0,0,0,42.39884948730469,32.06350326538086,9.819236755371094
0,0,0,0,42.46609878540039,32.0911865234375,9.820838928222656
0,0,0,0,42.51667022705078,32.111873626708984,9.82196044921875
0,0,0,0,42.56755065917969,32.13232421875,9.823005676269531
0,0,0,0,42.63559341430664,32.15947723388672,9.824287414550781
0,0,0,0,42.68689727783203,32.17958450317383,9.825080871582031
0,0,0,0,42.7381477355957,32.19955062866211,9.825721740722656
0,0,0,0,42.80621337890625,32.22563552856445,9.826560974121094
0,0,0,0,42.85700225830078,32.24494171142578,9.827217102050781
0,0,0,0,42.907596588134766,32.26393508911133,9.827812194824219
0,0,0,0,42.97469711303711,32.288917541503906,9.828544616699219
0,0,0,0,43.02460479736328,32.30728530883789,9.829093933105469
0,0,0,0,43.07419204711914,32.325382232666016,9.829643249511719
0,0,0,0,43.1397590637207,32.349037170410156,9.830436706542969
0,0,0,0,43.188636779785156,32.366397857666016,9.831161499023438
0,0,0,0,43.23728561401367,32.3835334777832,9.831977844238281
0,0,0,0,43.30238342285156,32.405982971191406,9.833114624023438
0,0,0,0,43.35133743286133,32.42266845703125,9.833953857421875
0,0,0,0,43.400699615478516,32.43912124633789,9.834785461425781
0,0,0,0,43.467037200927734,32.46092987060547,9.83587646484375
0,0,0,0,43.51736831665039,32.477012634277344,9.836624145507812
0,0,0,0,43.56809616088867,32.4930305480957,9.837333679199219
0,0,0,0,43.63662338256836,32.5140495300293,9.838211059570312
0,0,0,0,43.68862533569336,32.52973175048828,9.838829040527344
0,0,0,0,43.74116897583008,32.54524612426758,9.839393615722656
0,0,0,0,43.8120002746582,32.56588363647461,9.840141296386719
0,0,0,0,43.86565017700195,32.58123779296875,9.840713500976562
0,0,0,0,43.91974639892578,32.5965461730957,9.841323852539062
0,0,0,0,43.99240493774414,32.61674880981445,9.842208862304688
0,0,0,0,44.047325134277344,32.63179016113281,9.842910766601562
0,0,0,0,44.10243606567383,32.64673614501953,9.84368896484375
0,0,0,0,44.17634963989258,32.66640853881836,9.84478759765625
0,0,0,0,44.23186492919922,32.681060791015625,9.845664978027344
0,0,0,0,44.2876091003418,32.69552993774414,9.846611022949219
0,0,0,0,44.362003326416016,32.71468734741211,9.847923278808594
0,0,0,0,44.418025970458984,32.72874450683594,9.848915100097656
0,0,0,0,44.47404479980469,32.74271774291992,9.849906921386719
0,0,0,0,44.548988342285156,32.76100158691406,9.851226806640625
0,0,0,0,44.605224609375,32.77461624145508,9.852195739746094
0,0,0,0,44.661556243896484,32.78797912597656,9.853118896484375
0,0,0,0,44.73666000366211,32.80567932128906,9.854248046875
0,0,0,0,44.793025970458984,32.8187255859375,9.855018615722656
0,0,0,0,44.84941864013672,32.831703186035156,9.855720520019531
0,0,0,0,44.92465591430664,32.84877014160156,9.856552124023438
0,0,0,0,44.98113250732422,32.86147689819336,9.857131958007812
0,0,0,0,45.03758239746094,32.874080657958984,9.857688903808594
0,0,0,0,45.11296081542969,32.89077377319336,9.858512878417969
0,0,0,0,45.16950607299805,32.90325927734375,9.859199523925781
0,0,0,0,45.226173400878906,32.91563415527344,9.859931945800781
0,0,0,0,45.30170440673828,32.93204879760742,9.861000061035156
0,0,0,0,45.358463287353516,32.94420623779297,9.861907958984375
0,0,0,0,45.41517639160156,32.95637512207031,9.862907409667969
0,0,0,0,45.49100112915039,32.972434997558594,9.864356994628906
0,0,0,0,45.54783248901367,32.984500885009766,9.865501403808594
0,0,0,0,45.60476303100586,32.99641418457031,9.866676330566406
0,0,0,0,45.68058395385742,33.012359619140625,9.868324279785156
0,0,0,0,45.75642395019531,33.028228759765625,9.870010375976562
0,0,0,0,45.79433822631836,33.03618240356445,9.870841979980469
0,0,0,0,45.870208740234375,33.0519905090332,9.872467041015625
0,0,0,0,45.92715072631836,33.0638542175293,9.873641967773438
0,0,0,0,45.98405456542969,33.075626373291016,9.874794006347656
0,0,0,0,46.0598258972168,33.09135055541992,9.876243591308594
0,0,0,0,46.11638259887695,33.10314178466797,9.877265930175781
0,0,0,0,46.172760009765625,33.11481475830078,9.87823486328125
0,0,0,0,46.24728775024414,33.13029098510742,9.879486083984375
0,0,0,0,46.30270767211914,33.141727447509766,9.880355834960938
0,0,0,0,46.35740661621094,33.15311813354492,9.881149291992188
0,0,0,0,46.42923355102539,33.16803741455078,9.882171630859375
0,0,0,0,46.48200988769531,33.17911911010742,9.882850646972656
0,0,0,0,46.533931732177734,33.1899528503418,9.883460998535156
0,0,0,0,46.601444244384766,33.20421600341797,9.8841552734375
0,0,0,0,46.65082550048828,33.21460723876953,9.88458251953125
0,0,0,0,46.69894790649414,33.224857330322266,9.88494873046875
0,0,0,0,46.761192321777344,33.23795700073242,9.885330200195312
0,0,0,0,46.8062744140625,33.24748229980469,9.885513305664062
0,0,0,0,46.849979400634766,33.25662612915039,9.885597229003906
0,0,0,0,46.906002044677734,33.268341064453125,9.885543823242188
0,0,0,0,46.94623947143555,33.276676177978516,9.885406494140625
