0,0,0,0,0.011788716539740562,0.01710277609527111,-0.0203399658203125
0,0,0,0,0.01161271333694458,0.016841432079672813,-0.020660400390625
0,0,0,0,0.011618182994425297,0.016536610201001167,-0.020721435546875
0,0,0,0,0.01170632615685463,0.01612858846783638,-0.0206451416015625
0,0,0,0,0.011856994591653347,0.015515333041548729,-0.02042388916015625
0,0,0,0,0.011984691023826599,0.014982047490775585,-0.02017974853515625
0,0,0,0,0.012123076245188713,0.014390652067959309,-0.01992034912109375
0,0,0,0,0.012271644547581673,0.013548952527344227,-0.01947784423828125
0,0,0,0,0.012359818443655968,0.01295852568000555,-0.01914215087890625
0,0,0,0,0.01240837387740612,0.012405341491103172,-0.0187835693359375
0,0,0,0,0.012430131435394287,0.011658373288810253,-0.0182952880859375
0,0,0,0,0.012396934442222118,0.011153869330883026,-0.01788330078125
0,0,0,0,0.012346656061708927,0.010684164240956306,-0.0175323486328125
0,0,0,0,0.012194743379950523,0.010188248008489609,-0.016998291015625
0,0,0,0,0.011945270001888275,0.009839027188718319,-0.0165557861328125
0,0,0,0,0.011581921949982643,0.009571082890033722,-0.01609039306640625
0,0,0,0,0.011011224240064621,0.009253834374248981,-0.01544952392578125
0,0,0,0,0.010552627965807915,0.009075319394469261,-0.01494598388671875
0,0,0,0,0.010068564675748348,0.008884544484317303,-0.014434814453125
0,0,0,0,0.009383412078022957,0.008661930449306965,-0.01378631591796875
0,0,0,0,0.008845183998346329,0.00848784763365984,-0.0133056640625
0,0,0,0,0.008321903645992279,0.008295333944261074,-0.012847900390625
0,0,0,0,0.007664453703910112,0.008004159666597843,-0.01219940185546875
0,0,0,0,0.0072722057811915874,0.007712931372225285,-0.01171875
0,0,0,0,0.006937279831618071,0.007414039224386215,-0.01125335693359375
0,0,0,0,0.006535214837640524,0.0070155407302081585,-0.010711669921875
0,0,0,0,0.006250794976949692,0.006741092074662447,-0.0103302001953125
0,0,0,0,0.005992888938635588,0.006442473269999027,-0.01000213623046875
0,0,0,0,0.005641444120556116,0.006102264858782291,-0.0095977783203125
0,0,0,0,0.005389591213315725,0.005863158963620663,-0.00937652587890625
0,0,0,0,0.005146127659827471,0.0057104588486254215,-0.00917816162109375
0,0,0,0,0.0048004514537751675,0.005520320497453213,-0.0089569091796875
0,0,0,0,0.00455897394567728,0.005434086546301842,-0.00879669189453125
0,0,0,0,0.004332663491368294,0.005328007508069277,-0.0086822509765625
0,0,0,0,0.004010874778032303,0.005249473266303539,-0.0085906982421875
0,0,0,0,0.0038085842970758677,0.005120789632201195,-0.00855255126953125
0,0,0,0,0.0035580259282141924,0.005043008364737034,-0.0085601806640625
0,0,0,0,0.0033420759718865156,0.004762192722409964,-0.00864410400390625
0,0,0,0,0.00318929529748857,0.00455046072602272,-0.0087127685546875
0,0,0,0,0.003155225422233343,0.004214223474264145,-0.00878143310546875
0,0,0,0,0.0031345088500529528,0.003730837255716324,-0.008880615234375
0,0,0,0,0.0032354306895285845,0.0031471296679228544,-0.00894927978515625
0,0,0,0,0.0033337981440126896,0.0024722518865019083,-0.00904083251953125
0,0,0,0,0.003603572491556406,0.0012452627997845411,-0.00916290283203125
0,0,0,0,0.003860904136672616,0.00019884973880834877,-0.00923919677734375
0,0,0,0,0.0041516004130244255,-0.0010938761988654733,-0.0091705322265625
0,0,0,0,0.004457795061171055,-0.002989881904795766,-0.00882720947265625
0,0,0,0,0.004554918967187405,-0.00466675590723753,-0.00827789306640625
0,0,0,0,0.00452856719493866,-0.006600287277251482,-0.007476806640625
0,0,0,0,0.004221640061587095,-0.009677221067249775,-0.00604248046875
0,0,0,0,0.003788118250668049,-0.012474597431719303,-0.004486083984375
0,0,0,0,0.0029760103207081556,-0.015707263723015785,-0.0023651123046875
0,0,0,0,0.0014432441676035523,-0.020758647471666336,0.00141143798828125
0,0,0,0,-0.0001579200616106391,-0.025052526965737343,0.0050506591796875
0,0,0,0,-0.0019924305379390717,-0.029920151457190514,0.00945281982421875
0,0,0,0,-0.005055660847574472,-0.03703436255455017,0.01653289794921875
0,0,0,0,-0.0076743061654269695,-0.04298407584428787,0.0228424072265625
0,0,0,0,-0.010678688995540142,-0.04923262819647789,0.0300140380859375
0,0,0,0,-0.015035750344395638,-0.0581975132226944,0.04091644287109375
0,0,0,0,-0.018656741827726364,-0.06520520895719528,0.05010986328125
0,0,0,0,-0.022513939067721367,-0.07257077097892761,0.06023406982421875
0,0,0,0,-0.028041955083608627,-0.08258648216724396,0.0751953125
0,0,0,0,-0.03237774968147278,-0.09030185639858246,0.08747100830078125
0,0,0,0,-0.03684926778078079,-0.09805154800415039,0.10057830810546875
0,0,0,0,-0.04299744963645935,-0.10846810042858124,0.11928558349609375
0,0,0,0,-0.04765979200601578,-0.11622202396392822,0.13425445556640625
0,0,0,0,-0.052428606897592545,-0.12389621883630753,0.1500701904296875
0,0,0,0,-0.05876169726252556,-0.1339752972126007,0.17242431640625
0,0,0,0,-0.06357748806476593,-0.14133666455745697,0.19001007080078125
0,0,0,0,-0.0682927742600441,-0.14852802455425262,0.208251953125
0,0,0,0,-0.07459551841020584,-0.1577119529247284,0.2335662841796875
0,0,0,0,-0.07919111847877502,-0.1644415408372879,0.253265380859375
0,0,0,0,-0.08381583541631699,-0.17084990441799164,0.273468017578125
0,0,0,0,-0.08978445082902908,-0.17907175421714783,0.3011627197265625
0,0,0,0,-0.09418074041604996,-0.18481744825839996,0.322418212890625
0,0,0,0,-0.09840485453605652,-0.19037626683712006,0.3441009521484375
0,0,0,0,-0.10391397774219513,-0.197227343916893,0.3736419677734375
0,0,0,0,-0.10789389163255692,-0.20210526883602142,0.39624786376953125
0,0,0,0,-0.1117624044418335,-0.2065955251455307,0.419189453125
0,0,0,0,-0.11667254567146301,-0.21221262216567993,0.45023345947265625
0,0,0,0,-0.1201627254486084,-0.21604570746421814,0.473785400390625
0,0,0,0,-0.12352915108203888,-0.2195960134267807,0.49752044677734375
0,0,0,0,-0.12770861387252808,-0.2238861471414566,0.5294265747070312
0,0,0,0,-0.13069455325603485,-0.22673797607421875,0.5534439086914062
0,0,0,0,-0.13344953954219818,-0.22933296859264374,0.5775375366210938
0,0,0,0,-0.13693645596504211,-0.23231014609336853,0.6098175048828125
0,0,0,0,-0.13927693665027618,-0.23430326581001282,0.6341400146484375
0,0,0,0,-0.1415676325559616,-0.2359512895345688,0.6584930419921875
0,0,0,0,-0.14432889223098755,-0.23791277408599854,0.6909942626953125
0,0,0,0,-0.14634564518928528,-0.23907190561294556,0.7154006958007812
0,0,0,0,-0.1481979638338089,-0.24016666412353516,0.7398452758789062
0,0,0,0,-0.15060000121593475,-0.2412375956773758,0.772491455078125
0,0,0,0,-0.15222486853599548,-0.24189667403697968,0.797027587890625
0,0,0,0,-0.1537512093782425,-0.2422957867383957,0.8216094970703125
0,0,0,0,-0.15556050837039948,-0.24272403120994568,0.854461669921875
0,0,0,0,-0.15678991377353668,-0.24282312393188477,0.8791885375976562
0,0,0,0,-0.15787923336029053,-0.24286521971225739,0.9040145874023438
0,0,0,0,-0.15908701717853546,-0.24266205728054047,0.9372329711914062
0,0,0,0,-0.15983659029006958,-0.24237626791000366,0.9622573852539062
0,0,0,0,-0.1603827029466629,-0.24195989966392517,0.9873733520507812
0,0,0,0,-0.16096748411655426,-0.2412744164466858,1.021026611328125
0,0,0,0,-0.16120518743991852,-0.2407231330871582,1.0463638305664062
0,0,0,0,-0.16146788001060486,-0.24007675051689148,1.0717849731445312
0,0,0,0,-0.161649689078331,-0.23922428488731384,1.1058349609375
0,0,0,0,-0.16181707382202148,-0.23849058151245117,1.1315155029296875
0,0,0,0,-0.16184070706367493,-0.2378310114145279,1.1572723388671875
0,0,0,0,-0.1618981957435608,-0.236800879240036,1.1915206909179688
0,0,0,0,-0.16182535886764526,-0.23607653379440308,1.2169723510742188
0,0,0,0,-0.16175593435764313,-0.23526448011398315,1.242034912109375
0,0,0,0,-0.16149333119392395,-0.2342897206544876,1.274749755859375
0,0,0,0,-0.16127318143844604,-0.23345209658145905,1.298553466796875
0,0,0,0,-0.16100555658340454,-0.23267534375190735,1.3216476440429688
0,0,0,0,-0.16058924794197083,-0.23147432506084442,1.351348876953125
0,0,0,0,-0.1602749228477478,-0.23056206107139587,1.3727264404296875
0,0,0,0,-0.15991449356079102,-0.22959300875663757,1.3932342529296875
0,0,0,0,-0.15943753719329834,-0.22826720774173737,1.4191665649414062
0,0,0,0,-0.15900985896587372,-0.22724288702011108,1.4375381469726562
0,0,0,0,-0.15861958265304565,-0.22613240778446198,1.454986572265625
0,0,0,0,-0.15798896551132202,-0.22458387911319733,1.4768600463867188
0,0,0,0,-0.15761248767375946,-0.2232910692691803,1.4921722412109375
0,0,0,0,-0.15715092420578003,-0.22201915085315704,1.5064773559570312
0,0,0,0,-0.15661005675792694,-0.22012323141098022,1.5240402221679688
0,0,0,0,-0.15611481666564941,-0.21871577203273773,1.5362777709960938
0,0,0,0,-0.15566889941692352,-0.2171507626771927,1.5478286743164062
0,0,0,0,-0.15495456755161285,-0.21510620415210724,1.562225341796875
0,0,0,0,-0.1544315069913864,-0.21341833472251892,1.5723342895507812
0,0,0,0,-0.15382863581180573,-0.2118394821882248,1.5820465087890625
0,0,0,0,-0.15307512879371643,-0.20963390171527863,1.5943984985351562
0,0,0,0,-0.1524738222360611,-0.2080356478691101,1.6032562255859375
0,0,0,0,-0.151820570230484,-0.20638932287693024,1.6117782592773438
0,0,0,0,-0.15090689063072205,-0.204231858253479,1.6226654052734375
0,0,0,0,-0.15016604959964752,-0.2025960087776184,1.6305999755859375
0,0,0,0,-0.1494520753622055,-0.20098720490932465,1.6383285522460938
0,0,0,0,-0.1483451873064041,-0.1988772749900818,1.64837646484375
0,0,0,0,-0.1475231945514679,-0.19726690649986267,1.6557464599609375
0,0,0,0,-0.14656750857830048,-0.19568116962909698,1.6629486083984375
0,0,0,0,-0.14532499015331268,-0.19354887306690216,1.6723480224609375
0,0,0,0,-0.14428828656673431,-0.1920364499092102,1.6792373657226562
0,0,0,0,-0.14329855144023895,-0.19043102860450745,1.686004638671875
0,0,0,0,-0.14183174073696136,-0.18840919435024261,1.6949005126953125
0,0,0,0,-0.14077307283878326,-0.1868363618850708,1.70147705078125
0,0,0,0,-0.13967853784561157,-0.18537001311779022,1.7079620361328125
0,0,0,0,-0.13829649984836578,-0.18328218162059784,1.7164688110351562
0,0,0,0,-0.13726544380187988,-0.18174520134925842,1.722686767578125
0,0,0,0,-0.13625289499759674,-0.18013398349285126,1.7287826538085938
0,0,0,0,-0.1348750740289688,-0.17802555859088898,1.7367095947265625
0,0,0,0,-0.1338430941104889,-0.17637474834918976,1.74249267578125
0,0,0,0,-0.13285227119922638,-0.1747409850358963,1.74810791015625
0,0,0,0,-0.13153740763664246,-0.17249645292758942,1.7553634643554688
0,0,0,0,-0.13063855469226837,-0.17078377306461334,1.760650634765625
0,0,0,0,-0.1297067105770111,-0.16910962760448456,1.76580810546875
0,0,0,0,-0.12856347858905792,-0.166924849152565,1.7724075317382812
0,0,0,0,-0.12763769924640656,-0.16539543867111206,1.7771835327148438
0,0,0,0,-0.126821830868721,-0.1638159155845642,1.7818145751953125
0,0,0,0,-0.1256953775882721,-0.1617920696735382,1.7878265380859375
0,0,0,0,-0.12493093311786652,-0.16022183001041412,1.7921905517578125
0,0,0,0,-0.12409065663814545,-0.15879207849502563,1.7964096069335938
0,0,0,0,-0.12304576486349106,-0.15679354965686798,1.8017959594726562
0,0,0,0,-0.12219370156526566,-0.15536749362945557,1.80572509765625
0,0,0,0,-0.12138117849826813,-0.1538529396057129,1.8095855712890625
0,0,0,0,-0.12024008482694626,-0.15197589993476868,1.814544677734375
0,0,0,0,-0.11940363794565201,-0.15053784847259521,1.8181686401367188
0,0,0,0,-0.11857171356678009,-0.14921462535858154,1.8217544555664062
0,0,0,0,-0.11747659742832184,-0.1474607288837433,1.8264999389648438
0,0,0,0,-0.11669708043336868,-0.14623495936393738,1.8300018310546875
0,0,0,0,-0.11588824540376663,-0.14503543078899384,1.83343505859375
0,0,0,0,-0.11460518836975098,-0.1430954784154892,1.8390655517578125
0,0,0,0,-0.11378366500139236,-0.1420627385377884,1.8423919677734375
0,0,0,0,-0.11328310519456863,-0.141326904296875,1.8445968627929688
0,0,0,0,-0.1121705025434494,-0.1400078982114792,1.8489532470703125
0,0,0,0,-0.11139503866434097,-0.1389969140291214,1.8521728515625
0,0,0,0,-0.11052199453115463,-0.13813786208629608,1.8553848266601562
0,0,0,0,-0.10943905264139175,-0.1369311511516571,1.8596115112304688
0,0,0,0,-0.10854712873697281,-0.13612142205238342,1.8627853393554688
0,0,0,0,-0.1077367439866066,-0.1352132111787796,1.8659439086914062
0,0,0,0,-0.10654773563146591,-0.13412845134735107,1.8701019287109375
0,0,0,0,-0.10567077994346619,-0.133306086063385,1.8731765747070312
0,0,0,0,-0.10451048612594604,-0.13234244287014008,1.8772659301757812
0,0,0,0,-0.10367182642221451,-0.13160505890846252,1.8803024291992188
0,0,0,0,-0.10287053883075714,-0.13093094527721405,1.8833236694335938
0,0,0,0,-0.10206416994333267,-0.1302490383386612,1.8862762451171875
0,0,0,0,-0.10103807598352432,-0.12941715121269226,1.8898162841796875
0,0,0,0,-0.10024002194404602,-0.1288488656282425,1.8917312622070312
0,0,0,0,-0.09959978610277176,-0.128374382853508,1.8930130004882812
0,0,0,0,-0.09887617081403732,-0.12800945341587067,1.8937454223632812
0,0,0,0,-0.09856902062892914,-0.12789320945739746,1.8936233520507812
0,0,0,0,-0.09833136200904846,-0.12804272770881653,1.8929595947265625
0,0,0,0,-0.09838006645441055,-0.1285744160413742,1.8912734985351562
0,0,0,0,-0.09855002909898758,-0.12932543456554413,1.889434814453125
0,0,0,0,-0.09898705035448074,-0.130194291472435,1.8872833251953125
0,0,0,0,-0.09974440187215805,-0.13182055950164795,1.8840408325195312
0,0,0,0,-0.10054115951061249,-0.13322746753692627,1.8814544677734375
0,0,0,0,-0.10145064443349838,-0.13492442667484283,1.8787841796875
0,0,0,0,-0.10294568538665771,-0.1373474895954132,1.8750762939453125
0,0,0,0,-0.10423468798398972,-0.1393953412771225,1.8723220825195312
0,0,0,0,-0.10563074797391891,-0.14149419963359833,1.86968994140625
0,0,0,0,-0.10760068893432617,-0.14451056718826294,1.86639404296875
0,0,0,0,-0.10911926627159119,-0.14687730371952057,1.8640365600585938
0,0,0,0,-0.11074075102806091,-0.1493057757616043,1.8618011474609375
0,0,0,0,-0.11290816217660904,-0.15262596309185028,1.8589401245117188
0,0,0,0,-0.1146015003323555,-0.15512850880622864,1.8569412231445312
0,0,0,0,-0.11620590835809708,-0.15772636234760284,1.8550643920898438
0,0,0,0,-0.11844578385353088,-0.16118119657039642,1.852813720703125
0,0,0,0,-0.12006518989801407,-0.16387400031089783,1.8511886596679688
0,0,0,0,-0.12179587036371231,-0.1665126234292984,1.8496246337890625
0,0,0,0,-0.12398234754800797,-0.1701810210943222,1.8475799560546875
0,0,0,0,-0.12566469609737396,-0.172857403755188,1.8460693359375
0,0,0,0,-0.12730294466018677,-0.1756540983915329,1.8445587158203125
0,0,0,0,-0.12954065203666687,-0.17928095161914825,1.8425064086914062
0,0,0,0,-0.13122406601905823,-0.18209266662597656,1.8409042358398438
0,0,0,0,-0.13288848102092743,-0.18483179807662964,1.8392562866210938
0,0,0,0,-0.1350499391555786,-0.18851163983345032,1.8370208740234375
0,0,0,0,-0.13666002452373505,-0.19119326770305634,1.8353195190429688
0,0,0,0,-0.13828995823860168,-0.19386860728263855,1.8335800170898438
0,0,0,0,-0.1404804140329361,-0.1973721981048584,1.831146240234375
0,0,0,0,-0.14219723641872406,-0.19998136162757874,1.8292922973632812
0,0,0,0,-0.14390556514263153,-0.20258353650569916,1.8274307250976562
0,0,0,0,-0.14632275700569153,-0.20603975653648376,1.824951171875
0,0,0,0,-0.14812475442886353,-0.2086695283651352,1.823028564453125
0,0,0,0,-0.15007247030735016,-0.21122097969055176,1.8210601806640625
0,0,0,0,-0.1526469886302948,-0.21471872925758362,1.8183670043945312
0,0,0,0,-0.15467911958694458,-0.21732261776924133,1.8163375854492188
0,0,0,0,-0.1566675752401352,-0.2200293391942978,1.8142929077148438
0,0,0,0,-0.15943235158920288,-0.22351664304733276,1.81158447265625
0,0,0,0,-0.16151201725006104,-0.22623112797737122,1.8095703125
0,0,0,0,-0.16368050873279572,-0.22885045409202576,1.8076324462890625
0,0,0,0,-0.16660051047801971,-0.23247621953487396,1.80511474609375
0,0,0,0,-0.16883645951747894,-0.23518607020378113,1.8032608032226562
0,0,0,0,-0.17111366987228394,-0.23799335956573486,1.8014450073242188
0,0,0,0,-0.1741822212934494,-0.24165359139442444,1.7991256713867188
0,0,0,0,-0.1765320599079132,-0.2443835288286209,1.7974853515625
0,0,0,0,-0.17884592711925507,-0.2470463067293167,1.7959365844726562
0,0,0,0,-0.18194040656089783,-0.2506382167339325,1.7940216064453125
0,0,0,0,-0.18415603041648865,-0.2533784806728363,1.7927017211914062
0,0,0,0,-0.18643873929977417,-0.2560662627220154,1.7914886474609375
0,0,0,0,-0.18940366804599762,-0.25973084568977356,1.7899856567382812
0,0,0,0,-0.19167695939540863,-0.2624249756336212,1.7889251708984375
0,0,0,0,-0.19382543861865997,-0.2651948034763336,1.7880020141601562
0,0,0,0,-0.1967066377401352,-0.2687780261039734,1.7869186401367188
0,0,0,0,-0.1987483948469162,-0.27156034111976624,1.7861785888671875
0,0,0,0,-0.20082250237464905,-0.2742469608783722,1.785491943359375
0,0,0,0,-0.20339952409267426,-0.2779580056667328,1.784637451171875
0,0,0,0,-0.20527006685733795,-0.2806662321090698,1.7840118408203125
0,0,0,0,-0.20705546438694,-0.2834804058074951,1.7834091186523438
0,0,0,0,-0.20934095978736877,-0.28723010420799255,1.7826614379882812
0,0,0,0,-0.21096546947956085,-0.2901368737220764,1.7821426391601562
0,0,0,0,-0.21246889233589172,-0.2930326461791992,1.781646728515625
0,0,0,0,-0.2144438773393631,-0.2969580292701721,1.781005859375
0,0,0,0,-0.21583008766174316,-0.29994097352027893,1.7805099487304688
0,0,0,0,-0.2172488570213318,-0.3029288053512573,1.7799835205078125
0,0,0,0,-0.21904966235160828,-0.3069878816604614,1.7792129516601562
0,0,0,0,-0.22047089040279388,-0.3099973797798157,1.7785873413085938
0,0,0,0,-0.22180452942848206,-0.31308311223983765,1.7779464721679688
0,0,0,0,-0.22368048131465912,-0.31713226437568665,1.77703857421875
0,0,0,0,-0.22503016889095306,-0.32026395201683044,1.77630615234375
0,0,0,0,-0.2265038788318634,-0.32329872250556946,1.7755355834960938
0,0,0,0,-0.228437602519989,-0.3274371325969696,1.7744979858398438
0,0,0,0,-0.22994877398014069,-0.3304618000984192,1.7736968994140625
0,0,0,0,-0.2314472794532776,-0.3336082994937897,1.77288818359375
0,0,0,0,-0.2335708886384964,-0.33773109316825867,1.7718276977539062
0,0,0,0,-0.23521378636360168,-0.3408980667591095,1.7710113525390625
0,0,0,0,-0.2369004487991333,-0.3439908027648926,1.7701950073242188
0,0,0,0,-0.23925144970417023,-0.34826138615608215,1.7690658569335938
0,0,0,0,-0.24100027978420258,-0.3514659106731415,1.7681808471679688
0,0,0,0,-0.24281971156597137,-0.35471251606941223,1.76727294921875
0,0,0,0,-0.2451862245798111,-0.3590703010559082,1.76605224609375
0,0,0,0,-0.24700511991977692,-0.36232832074165344,1.7651519775390625
0,0,0,0,-0.2487647980451584,-0.3656218945980072,1.7642593383789062
0,0,0,0,-0.2512262165546417,-0.36992692947387695,1.7630462646484375
0,0,0,0,-0.2530016005039215,-0.3732370138168335,1.76214599609375
0,0,0,0,-0.2548843026161194,-0.37647539377212524,1.7612686157226562
0,0,0,0,-0.2572692036628723,-0.3808544874191284,1.7601089477539062
0,0,0,0,-0.25910088419914246,-0.3840165436267853,1.759246826171875
0,0,0,0,-0.2608785033226013,-0.3872550427913666,1.7583999633789062
0,0,0,0,-0.2633374333381653,-0.39143258333206177,1.7573318481445312
0,0,0,0,-0.2651676535606384,-0.39461326599121094,1.756561279296875
0,0,0,0,-0.2670336961746216,-0.3976873755455017,1.7558212280273438
0,0,0,0,-0.26946741342544556,-0.4018506109714508,1.7548446655273438
0,0,0,0,-0.2712634205818176,-0.40488970279693604,1.7541885375976562
0,0,0,0,-0.2730593979358673,-0.4079212248325348,1.753570556640625
0,0,0,0,-0.2754416763782501,-0.4118175208568573,1.7527389526367188
0,0,0,0,-0.27730152010917664,-0.4146951138973236,1.752166748046875
0,0,0,0,-0.2791173756122589,-0.41753894090652466,1.7516403198242188
0,0,0,0,-0.2816169261932373,-0.4212588667869568,1.750946044921875
0,0,0,0,-0.28343749046325684,-0.4240652620792389,1.7504425048828125
0,0,0,0,-0.2853580415248871,-0.4267735779285431,1.749969482421875
0,0,0,0,-0.28780418634414673,-0.4304461181163788,1.7493820190429688
0,0,0,0,-0.28965580463409424,-0.4330693185329437,1.74896240234375
0,0,0,0,-0.29140424728393555,-0.43576449155807495,1.7485580444335938
0,0,0,0,-0.2938096821308136,-0.4392065107822418,1.7480545043945312
0,0,0,0,-0.2955580949783325,-0.4418574273586273,1.7476882934570312
0,0,0,0,-0.2973097264766693,-0.44439369440078735,1.7473068237304688
0,0,0,0,-0.29957425594329834,-0.44790393114089966,1.7467575073242188
0,0,0,0,-0.3012559115886688,-0.4504987597465515,1.7462844848632812
0,0,0,0,-0.30293333530426025,-0.45318469405174255,1.74578857421875
0,0,0,0,-0.3051457405090332,-0.45670607686042786,1.7450637817382812
0,0,0,0,-0.30681970715522766,-0.45936086773872375,1.7444229125976562
0,0,0,0,-0.30844902992248535,-0.46202415227890015,1.7437286376953125
0,0,0,0,-0.3106832802295685,-0.4656111001968384,1.7427444458007812
0,0,0,0,-0.3122917115688324,-0.46832534670829773,1.7419662475585938
0,0,0,0,-0.31397533416748047,-0.4710173010826111,1.7411346435546875
0,0,0,0,-0.31609901785850525,-0.4746699929237366,1.7400054931640625
0,0,0,0,-0.3177642524242401,-0.47733035683631897,1.7391357421875
0,0,0,0,-0.31930577754974365,-0.4801160991191864,1.7382583618164062
0,0,0,0,-0.3214506506919861,-0.48377272486686707,1.7370986938476562
0,0,0,0,-0.3230041265487671,-0.486573725938797,1.73626708984375
0,0,0,0,-0.32463037967681885,-0.4892520010471344,1.7354507446289062
0,0,0,0,-0.3266935646533966,-0.4929127097129822,1.7343521118164062
0,0,0,0,-0.32826676964759827,-0.4955308735370636,1.7335891723632812
0,0,0,0,-0.33034467697143555,-0.4990234673023224,1.7326278686523438
0,0,0,0,-0.33186468482017517,-0.501562237739563,1.7319412231445312
0,0,0,0,-0.33338549733161926,-0.5040901899337769,1.7312850952148438
0,0,0,0,-0.3353307545185089,-0.5073944330215454,1.7305145263671875
0,0,0,0,-0.33681520819664,-0.5098236203193665,1.7299880981445312
0,0,0,0,-0.33819741010665894,-0.5122489333152771,1.7295074462890625
0,0,0,0,-0.3400842249393463,-0.5153530240058899,1.728973388671875
0,0,0,0,-0.3413928151130676,-0.5176870822906494,1.7286529541015625
0,0,0,0,-0.3427853584289551,-0.5199559330940247,1.7283859252929688
0,0,0,0,-0.3445166349411011,-0.5230468511581421,1.7280960083007812
0,0,0,0,-0.3458675146102905,-0.5252344012260437,1.7279510498046875
0,0,0,0,-0.3471393585205078,-0.5274940133094788,1.727874755859375
0,0,0,0,-0.34890931844711304,-0.5303856134414673,1.7278289794921875
0,0,0,0,-0.3501878082752228,-0.5326197743415833,1.7278289794921875
0,0,0,0,-0.3514726459980011,-0.5347223281860352,1.7278289794921875
0,0,0,0,-0.3530578911304474,-0.5376254916191101,1.7278518676757812
0,0,0,0,-0.35417044162750244,-0.5397646427154541,1.7278594970703125
0,0,0,0,-0.3552444875240326,-0.54195237159729,1.7278289794921875
0,0,0,0,-0.35660117864608765,-0.544776439666748,1.7277450561523438
0,0,0,0,-0.3576119542121887,-0.5469042658805847,1.7276077270507812
0,0,0,0,-0.3585267663002014,-0.5490466952323914,1.7273941040039062
0,0,0,0,-0.35981079936027527,-0.5518872737884521,1.7270736694335938
0,0,0,0,-0.3607274889945984,-0.5540303587913513,1.726806640625
0,0,0,0,-0.3617289960384369,-0.556110680103302,1.7265396118164062
0,0,0,0,-0.36298292875289917,-0.5589305758476257,1.7261962890625
0,0,0,0,-0.3639601171016693,-0.5609617829322815,1.7259292602539062
0,0,0,0,-0.3648471236228943,-0.5630660057067871,1.7256622314453125
0,0,0,0,-0.36637750267982483,-0.5664392709732056,1.7252349853515625
0,0,0,0,-0.3669655919075012,-0.5678408741950989,1.7250900268554688
0,0,0,0,-0.367874413728714,-0.569864809513092,1.7248992919921875
0,0,0,0,-0.36896246671676636,-0.572728157043457,1.7246475219726562
0,0,0,0,-0.36976099014282227,-0.5748475790023804,1.7244644165039062
0,0,0,0,-0.370513379573822,-0.5770780444145203,1.7243423461914062
0,0,0,0,-0.37147215008735657,-0.5800061821937561,1.7242660522460938
0,0,0,0,-0.37217217683792114,-0.5822123289108276,1.7242889404296875
0,0,0,0,-0.3728448152542114,-0.5844041705131531,1.7243576049804688
0,0,0,0,-0.3737557530403137,-0.5873372554779053,1.7245407104492188
0,0,0,0,-0.3743724524974823,-0.5895174741744995,1.7247467041015625
0,0,0,0,-0.37505918741226196,-0.5916720032691956,1.7249984741210938
0,0,0,0,-0.37587738037109375,-0.5945735573768616,1.725372314453125
0,0,0,0,-0.3765330910682678,-0.5966402888298035,1.725677490234375
0,0,0,0,-0.3770972490310669,-0.5987620949745178,1.725982666015625
0,0,0,0,-0.3779502511024475,-0.601428210735321,1.7264175415039062
0,0,0,0,-0.3785710036754608,-0.6034784317016602,1.7266921997070312
0,0,0,0,-0.37930575013160706,-0.6053854823112488,1.7268905639648438
0,0,0,0,-0.38024821877479553,-0.6080542206764221,1.7270736694335938
0,0,0,0,-0.38103219866752625,-0.609967052936554,1.7271575927734375
0,0,0,0,-0.3817926049232483,-0.6119515895843506,1.7271957397460938
0,0,0,0,-0.382872998714447,-0.6144714951515198,1.727142333984375
0,0,0,0,-0.38369500637054443,-0.6164250373840332,1.7270355224609375
0,0,0,0,-0.384533554315567,-0.6183225512504578,1.726898193359375
0,0,0,0,-0.38568687438964844,-0.620884120464325,1.7266845703125
0,0,0,0,-0.3865446448326111,-0.6227883100509644,1.7265090942382812
0,0,0,0,-0.3874659538269043,-0.6247183680534363,1.7263641357421875
0,0,0,0,-0.38863205909729004,-0.6272990703582764,1.7262115478515625
0,0,0,0,-0.38957715034484863,-0.6291890740394592,1.72613525390625
0,0,0,0,-0.3904609978199005,-0.6311546564102173,1.72607421875
0,0,0,0,-0.39169156551361084,-0.6337754130363464,1.7260665893554688
0,0,0,0,-0.39252564311027527,-0.6358025670051575,1.72613525390625
0,0,0,0,-0.3934577405452728,-0.6377140283584595,1.7262496948242188
0,0,0,0,-0.3946084976196289,-0.640376627445221,1.7264328002929688
0,0,0,0,-0.3955472409725189,-0.6423019170761108,1.726593017578125
0,0,0,0,-0.39643213152885437,-0.6443097591400146,1.7267837524414062
0,0,0,0,-0.39769524335861206,-0.6468159556388855,1.7270126342773438
0,0,0,0,-0.3986448049545288,-0.648744523525238,1.7271499633789062
0,0,0,0,-0.39965152740478516,-0.6505548357963562,1.7272796630859375
0,0,0,0,-0.40099766850471497,-0.6529995203018188,1.7274093627929688
0,0,0,0,-0.4020136594772339,-0.6547406315803528,1.7274856567382812
0,0,0,0,-0.40309256315231323,-0.6564653515815735,1.7275390625
0,0,0,0,-0.40455499291419983,-0.658698320388794,1.7275848388671875
0,0,0,0,-0.4057297110557556,-0.6603812575340271,1.7276229858398438
0,0,0,0,-0.4068504869937897,-0.6621060967445374,1.727630615234375
0,0,0,0,-0.40843984484672546,-0.6644179224967957,1.7275924682617188
0,0,0,0,-0.40954291820526123,-0.6662266850471497,1.7275466918945312
0,0,0,0,-0.4107055962085724,-0.6679515242576599,1.7275009155273438
0,0,0,0,-0.4121452867984772,-0.670341432094574,1.7274017333984375
0,0,0,0,-0.41325169801712036,-0.672061562538147,1.7272872924804688
0,0,0,0,-0.41425880789756775,-0.6738808155059814,1.727142333984375
0,0,0,0,-0.41567060351371765,-0.6761429309844971,1.7269287109375
0,0,0,0,-0.41669178009033203,-0.6779271960258484,1.7266998291015625
0,0,0,0,-0.4177672863006592,-0.6796037554740906,1.726409912109375
0,0,0,0,-0.41914689540863037,-0.681909441947937,1.7259292602539062
0,0,0,0,-0.4201538562774658,-0.6835854649543762,1.7255172729492188
0,0,0,0,-0.4211501181125641,-0.6853016018867493,1.7251052856445312
0,0,0,0,-0.4224845767021179,-0.6874443888664246,1.7245559692382812
0,0,0,0,-0.42353135347366333,-0.6890183091163635,1.7241363525390625
0,0,0,0,-0.42450523376464844,-0.6905857920646667,1.72369384765625
0,0,0,0,-0.4258181154727936,-0.6926707029342651,1.7230606079101562
0,0,0,0,-0.4266888499259949,-0.694267749786377,1.7225723266601562
0,0,0,0,-0.4275752007961273,-0.695809543132782,1.7220916748046875
0,0,0,0,-0.4285185635089874,-0.6979681849479675,1.7214508056640625
0,0,0,0,-0.4292013645172119,-0.6995659470558167,1.720977783203125
0,0,0,0,-0.429731547832489,-0.7012572884559631,1.7205657958984375
0,0,0,0,-0.4304105043411255,-0.7034115791320801,1.7200698852539062
0,0,0,0,-0.4307781755924225,-0.7051225900650024,1.719757080078125
0,0,0,0,-0.43113261461257935,-0.7067358493804932,1.7195053100585938
0,0,0,0,-0.43146395683288574,-0.7089961171150208,1.71923828125
0,0,0,0,-0.431705117225647,-0.710582971572876,1.7190628051757812
0,0,0,0,-0.4318983852863312,-0.7122786641120911,1.7188949584960938
0,0,0,0,-0.43218788504600525,-0.7144914269447327,1.7186660766601562
0,0,0,0,-0.43241527676582336,-0.7161870002746582,1.7184906005859375
0,0,0,0,-0.4326402544975281,-0.7178508043289185,1.7183380126953125
0,0,0,0,-0.43303999304771423,-0.720139741897583,1.7181854248046875
0,0,0,0,-0.43335190415382385,-0.721872091293335,1.7180938720703125
0,0,0,0,-0.4337584972381592,-0.7235981822013855,1.7180328369140625
0,0,0,0,-0.4342522621154785,-0.7259323596954346,1.717987060546875
0,0,0,0,-0.4347366690635681,-0.7276281118392944,1.7179489135742188
0,0,0,0,-0.43517380952835083,-0.7294080257415771,1.7179183959960938
0,0,0,0,-0.43588000535964966,-0.7316932678222656,1.7178878784179688
0,0,0,0,-0.4363478720188141,-0.7335033416748047,1.7178955078125
0,0,0,0,-0.43689051270484924,-0.7351912260055542,1.7178878784179688
0,0,0,0,-0.43756595253944397,-0.7376213669776917,1.7179031372070312
0,0,0,0,-0.438142329454422,-0.7393782138824463,1.7179336547851562
0,0,0,0,-0.43868398666381836,-0.7412348389625549,1.7179336547851562
0,0,0,0,-0.43944287300109863,-0.743564248085022,1.7178802490234375
0,0,0,0,-0.4399983286857605,-0.7454089522361755,1.7177810668945312
0,0,0,0,-0.4405503273010254,-0.7472237348556519,1.717620849609375
0,0,0,0,-0.44128456711769104,-0.7497475743293762,1.7173309326171875
0,0,0,0,-0.44176676869392395,-0.7516350150108337,1.71710205078125
0,0,0,0,-0.44228118658065796,-0.7535147666931152,1.71685791015625
0,0,0,0,-0.44289493560791016,-0.7560582756996155,1.7165374755859375
0,0,0,0,-0.44342926144599915,-0.7579345703125,1.7163543701171875
0,0,0,0,-0.4439064860343933,-0.7598463892936707,1.7161865234375
0,0,0,0,-0.4446693956851959,-0.762325644493103,1.7159652709960938
0,0,0,0,-0.44517606496810913,-0.7642661333084106,1.7157974243164062
0,0,0,0,-0.4457434415817261,-0.7661263346672058,1.7155914306640625
0,0,0,0,-0.44637688994407654,-0.7687247395515442,1.7152862548828125
0,0,0,0,-0.4469221234321594,-0.770562469959259,1.7150192260742188
0,0,0,0,-0.447417676448822,-0.7724667191505432,1.7147369384765625
0,0,0,0,-0.4481465220451355,-0.7748236060142517,1.7142486572265625
0,0,0,0,-0.4486747086048126,-0.7766255140304565,1.7138290405273438
0,0,0,0,-0.4492224454879761,-0.7783214449882507,1.7133865356445312
0,0,0,0,-0.4499543309211731,-0.7806513905525208,1.7127914428710938
0,0,0,0,-0.45048967003822327,-0.7823482751846313,1.71234130859375
0,0,0,0,-0.45103615522384644,-0.7840913534164429,1.7118988037109375
0,0,0,0,-0.45172402262687683,-0.7863748073577881,1.7113189697265625
0,0,0,0,-0.45228487253189087,-0.7880355715751648,1.7109222412109375
0,0,0,0,-0.45277702808380127,-0.7896981835365295,1.7105712890625
0,0,0,0,-0.45348191261291504,-0.7918914556503296,1.7101898193359375
0,0,0,0,-0.4539603292942047,-0.793575644493103,1.7099456787109375
0,0,0,0,-0.45454052090644836,-0.7951717972755432,1.7097015380859375
0,0,0,0,-0.4552406966686249,-0.7973827719688416,1.7094039916992188
0,0,0,0,-0.45584824681282043,-0.7989643216133118,1.7092132568359375
0,0,0,0,-0.4563544988632202,-0.8006466627120972,1.7090835571289062
0,0,0,0,-0.4571506381034851,-0.8027249574661255,1.7089385986328125
0,0,0,0,-0.45774513483047485,-0.8043825626373291,1.7088394165039062
0,0,0,0,-0.4584037959575653,-0.8059877157211304,1.7087554931640625
0,0,0,0,-0.45922207832336426,-0.8082411289215088,1.7086410522460938
0,0,0,0,-0.4598618447780609,-0.8098576068878174,1.7085647583007812
0,0,0,0,-0.46051010489463806,-0.8115428686141968,1.7085037231445312
0,0,0,0,-0.4614081382751465,-0.8137599229812622,1.70843505859375
0,0,0,0,-0.46211788058280945,-0.8154160380363464,1.7083740234375
0,0,0,0,-0.46277499198913574,-0.8170750737190247,1.7082748413085938
0,0,0,0,-0.46372562646865845,-0.8193532824516296,1.7080612182617188
0,0,0,0,-0.46436652541160583,-0.8211508393287659,1.7078399658203125
0,0,0,0,-0.46508684754371643,-0.8229358792304993,1.7076187133789062
0,0,0,0,-0.4659363031387329,-0.825408399105072,1.7073516845703125
0,0,0,0,-0.4666280746459961,-0.8272050619125366,1.7071380615234375
0,0,0,0,-0.4671918749809265,-0.8291118144989014,1.7068710327148438
0,0,0,0,-0.46799492835998535,-0.8315851092338562,1.70648193359375
0,0,0,0,-0.4685109257698059,-0.8335388898849487,1.7061538696289062
0,0,0,0,-0.469067245721817,-0.8354275226593018,1.7057647705078125
0,0,0,0,-0.46969854831695557,-0.8380696773529053,1.7052154541015625
0,0,0,0,-0.47017449140548706,-0.8399425148963928,1.70477294921875
0,0,0,0,-0.47061657905578613,-0.8418742418289185,1.7043075561523438
0,0,0,0,-0.4712287187576294,-0.8443149328231812,1.70367431640625
0,0,0,0,-0.4717429280281067,-0.846167802810669,1.7032012939453125
0,0,0,0,-0.47222936153411865,-0.847960889339447,1.7027359008789062
0,0,0,0,-0.47294411063194275,-0.8503482937812805,1.7021484375
0,0,0,0,-0.4734530448913574,-0.852159321308136,1.7017440795898438
0,0,0,0,-0.474039763212204,-0.8539301753044128,1.7013473510742188
0,0,0,0,-0.4747793674468994,-0.8562759160995483,1.7008438110351562
0,0,0,0,-0.4754309058189392,-0.8579421639442444,1.7004928588867188
0,0,0,0,-0.476032018661499,-0.8596469759941101,1.7001571655273438
0,0,0,0,-0.47697654366493225,-0.861822783946991,1.6996994018554688
0,0,0,0,-0.4776270389556885,-0.8635520339012146,1.699310302734375
0,0,0,0,-0.47837042808532715,-0.8651822209358215,1.6988906860351562
0,0,0,0,-0.47928205132484436,-0.8675524592399597,1.6983108520507812
0,0,0,0,-0.48002785444259644,-0.8692752718925476,1.69781494140625
0,0,0,0,-0.4807022213935852,-0.8710795640945435,1.6973114013671875
0,0,0,0,-0.4816436171531677,-0.8733627200126648,1.6966094970703125
0,0,0,0,-0.48234447836875916,-0.875162661075592,1.696014404296875
0,0,0,0,-0.4830498993396759,-0.8768835663795471,1.6953659057617188
0,0,0,0,-0.4839807152748108,-0.8792167901992798,1.6944808959960938
0,0,0,0,-0.4846400022506714,-0.8808981776237488,1.6938629150390625
0,0,0,0,-0.48529839515686035,-0.882548987865448,1.6932754516601562
0,0,0,0,-0.48609665036201477,-0.8847034573554993,1.6924896240234375
0,0,0,0,-0.48670873045921326,-0.8862389922142029,1.69189453125
0,0,0,0,-0.4872323274612427,-0.8877637982368469,1.6913070678710938
0,0,0,0,-0.4880481958389282,-0.8897319436073303,1.6905059814453125
0,0,0,0,-0.4886067807674408,-0.8912668824195862,1.6899642944335938
0,0,0,0,-0.4892388880252838,-0.8926990032196045,1.689453125
0,0,0,0,-0.4899628162384033,-0.8947311043739319,1.688751220703125
0,0,0,0,-0.4905519485473633,-0.896181583404541,1.6882400512695312
0,0,0,0,-0.49109482765197754,-0.8977084159851074,1.6877517700195312
0,0,0,0,-0.4918985068798065,-0.8995401859283447,1.6871566772460938
0,0,0,0,-0.4924628734588623,-0.9009475111961365,1.68670654296875
0,0,0,0,-0.4930281341075897,-0.9022486805915833,1.686248779296875
0,0,0,0,-0.4937470853328705,-0.9040143489837646,1.6856155395507812
0,0,0,0,-0.49426496028900146,-0.9052574038505554,1.6851959228515625
0,0,0,0,-0.4948156177997589,-0.9065597653388977,1.6848297119140625
0,0,0,0,-0.4954668879508972,-0.9082743525505066,1.6843719482421875
0,0,0,0,-0.49597546458244324,-0.9095776677131653,1.6840667724609375
0,0,0,0,-0.49639880657196045,-0.9109125733375549,1.6837997436523438
0,0,0,0,-0.4969891309738159,-0.9126687049865723,1.6834487915039062
0,0,0,0,-0.4973093569278717,-0.9140182733535767,1.683197021484375
0,0,0,0,-0.49770253896713257,-0.9152941107749939,1.6829452514648438
0,0,0,0,-0.4981136620044708,-0.9170666337013245,1.682586669921875
0,0,0,0,-0.4984301030635834,-0.9182992577552795,1.6822891235351562
0,0,0,0,-0.49862757325172424,-0.9196144938468933,1.6819915771484375
0,0,0,0,-0.4989425837993622,-0.9212203621864319,1.6816177368164062
0,0,0,0,-0.4991350471973419,-0.9225232601165771,1.681365966796875
0,0,0,0,-0.4993800222873688,-0.9237223267555237,1.6811370849609375
0,0,0,0,-0.4996735155582428,-0.9253860116004944,1.6808929443359375
0,0,0,0,-0.4999338984489441,-0.9265622496604919,1.680755615234375
0,0,0,0,-0.5002039670944214,-0.9277913570404053,1.6806869506835938
0,0,0,0,-0.5005357265472412,-0.9293208718299866,1.6806411743164062
0,0,0,0,-0.5008211135864258,-0.9304746985435486,1.680633544921875
0,0,0,0,-0.5010516047477722,-0.9316350817680359,1.6806411743164062
0,0,0,0,-0.501461386680603,-0.9331247806549072,1.6806716918945312
0,0,0,0,-0.5017070770263672,-0.9342343807220459,1.680694580078125
0,0,0,0,-0.5020471811294556,-0.9352701902389526,1.6806793212890625
0,0,0,0,-0.5024542808532715,-0.9366944432258606,1.6806411743164062
0,0,0,0,-0.5028464198112488,-0.9376561641693115,1.6806182861328125
0,0,0,0,-0.5031920075416565,-0.9387263655662537,1.6805877685546875
0,0,0,0,-0.5038312077522278,-0.9401018619537354,1.6804962158203125
0,0,0,0,-0.5042553544044495,-0.9412093162536621,1.6803970336914062
0,0,0,0,-0.5048787593841553,-0.9425798058509827,1.6802978515625
0,0,0,0,-0.5053327679634094,-0.9436959624290466,1.680206298828125
0,0,0,0,-0.5057857632637024,-0.9447386264801025,1.6801223754882812
0,0,0,0,-0.5062231421470642,-0.9458666443824768,1.6800613403320312
0,0,0,0,-0.5068414807319641,-0.9472136497497559,1.6799850463867188
0,0,0,0,-0.5072933435440063,-0.948246955871582,1.6798782348632812
0,0,0,0,-0.5077004432678223,-0.9492271542549133,1.6797409057617188
0,0,0,0,-0.5082579851150513,-0.9505334496498108,1.67950439453125
0,0,0,0,-0.5086123943328857,-0.9515087604522705,1.6792526245117188
0,0,0,0,-0.5090293884277344,-0.952484130859375,1.6789474487304688
0,0,0,0,-0.5095264315605164,-0.9538165926933289,1.678497314453125
0,0,0,0,-0.5099406242370605,-0.954779326915741,1.6781234741210938
0,0,0,0,-0.510247528553009,-0.955816388130188,1.677764892578125
0,0,0,0,-0.510711133480072,-0.95711350440979,1.6772918701171875
0,0,0,0,-0.510981023311615,-0.9581511616706848,1.6769638061523438
0,0,0,0,-0.5113295912742615,-0.9590963125228882,1.676666259765625
0,0,0,0,-0.511671781539917,-0.9605225920677185,1.6763076782226562
0,0,0,0,-0.5119502544403076,-0.9615287184715271,1.6760482788085938
0,0,0,0,-0.5121769309043884,-0.9626332521438599,1.6757583618164062
0,0,0,0,-0.5124984979629517,-0.9639621376991272,1.6753921508789062
0,0,0,0,-0.5126833319664001,-0.9650518298149109,1.6751480102539062
0,0,0,0,-0.5128079056739807,-0.9661051034927368,1.674957275390625
0,0,0,0,-0.5129064321517944,-0.9675771594047546,1.6747894287109375
0,0,0,0,-0.5129199624061584,-0.9686692953109741,1.67474365234375
0,0,0,0,-0.5129572749137878,-0.9698121547698975,1.6747817993164062
0,0,0,0,-0.5129074454307556,-0.971359133720398,1.6748886108398438
0,0,0,0,-0.5129489302635193,-0.9724851846694946,1.6749725341796875
0,0,0,0,-0.5129563212394714,-0.9736527800559998,1.6750717163085938
0,0,0,0,-0.5131243467330933,-0.975128710269928,1.6751708984375
0,0,0,0,-0.5131886005401611,-0.976282000541687,1.6752243041992188
0,0,0,0,-0.5133900046348572,-0.9773467183113098,1.67523193359375
0,0,0,0,-0.5136193037033081,-0.9788352251052856,1.6752166748046875
0,0,0,0,-0.5138908624649048,-0.9798362255096436,1.6751861572265625
0,0,0,0,-0.5141003727912903,-0.9809078574180603,1.6751556396484375
0,0,0,0,-0.514485239982605,-0.9821659922599792,1.67510986328125
0,0,0,0,-0.5147404670715332,-0.9831425547599792,1.6750564575195312
0,0,0,0,-0.5150490999221802,-0.984010636806488,1.6749954223632812
0,0,0,0,-0.515434741973877,-0.9851961135864258,1.6749343872070312
0,0,0,0,-0.5156844258308411,-0.9859943389892578,1.6749038696289062
0,0,0,0,-0.5159348249435425,-0.9868089556694031,1.6748428344726562
0,0,0,0,-0.516255795955658,-0.9878461956977844,1.67474365234375
0,0,0,0,-0.5165340304374695,-0.9886259436607361,1.6746597290039062
0,0,0,0,-0.5167338252067566,-0.9894257187843323,1.6745834350585938
0,0,0,0,-0.5170312523841858,-0.9904932379722595,1.6744918823242188
0,0,0,0,-0.5171821713447571,-0.991382896900177,1.6744308471679688
0,0,0,0,-0.5174237489700317,-0.9921939373016357,1.67437744140625
0,0,0,0,-0.5176500082015991,-0.9933559894561768,1.6743087768554688
0,0,0,0,-0.5178700685501099,-0.9941611289978027,1.6742782592773438
0,0,0,0,-0.5179883241653442,-0.9950732588768005,1.67425537109375
0,0,0,0,-0.5182587504386902,-0.9961656332015991,1.6742630004882812
0,0,0,0,-0.5184350609779358,-0.9970647096633911,1.6742782592773438
0,0,0,0,-0.5186609625816345,-0.9978591203689575,1.6743087768554688
0,0,0,0,-0.5189236402511597,-0.9989632964134216,1.6744003295898438
0,0,0,0,-0.519146203994751,-0.9997182488441467,1.674530029296875
0,0,0,0,-0.5193559527397156,-1.0005567073822021,1.6747207641601562
0,0,0,0,-0.5196718573570251,-1.0015981197357178,1.6750717163085938
0,0,0,0,-0.5199612975120544,-1.0023939609527588,1.6753768920898438
0,0,0,0,-0.520256519317627,-1.0031613111495972,1.67572021484375
0,0,0,0,-0.52071613073349,-1.0041322708129883,1.676177978515625
0,0,0,0,-0.5210119485855103,-1.0048818588256836,1.676544189453125
0,0,0,0,-0.5213875770568848,-1.0055724382400513,1.6769256591796875
0,0,0,0,-0.5218048095703125,-1.00653874874115,1.6774673461914062
0,0,0,0,-0.52217698097229,-1.0072033405303955,1.6778640747070312
0,0,0,0,-0.5224437117576599,-1.0079681873321533,1.678192138671875
0,0,0,0,-0.5228851437568665,-1.008853554725647,1.678558349609375
0,0,0,0,-0.5231574773788452,-1.0096063613891602,1.6788253784179688
0,0,0,0,-0.5235010385513306,-1.0102585554122925,1.6791000366210938
0,0,0,0,-0.5238656997680664,-1.011277437210083,1.679443359375
0,0,0,0,-0.5241800546646118,-1.0119560956954956,1.6796951293945312
0,0,0,0,-0.5244260430335999,-1.0127074718475342,1.6799468994140625
0,0,0,0,-0.5247461795806885,-1.0138459205627441,1.6802825927734375
0,0,0,0,-0.5248964428901672,-1.0142887830734253,1.680419921875
0,0,0,0,-0.5250781774520874,-1.0149118900299072,1.6806793212890625
0,0,0,0,-0.5253506302833557,-1.0157604217529297,1.681060791015625
0,0,0,0,-0.525534451007843,-1.016366958618164,1.6813507080078125
0,0,0,0,-0.5257998704910278,-1.0169156789779663,1.6816329956054688
0,0,0,0,-0.5260746479034424,-1.017647624015808,1.6820068359375
0,0,0,0,-0.5263491868972778,-1.0181360244750977,1.6822586059570312
0,0,0,0,-0.5265309810638428,-1.018670678138733,1.6824569702148438
0,0,0,0,-0.5268554091453552,-1.019289255142212,1.6826171875
0,0,0,0,-0.5270034074783325,-1.0198140144348145,1.6826858520507812
0,0,0,0,-0.5272589325904846,-1.0204229354858398,1.6826858520507812
0,0,0,0,-0.5274010300636292,-1.0209953784942627,1.6826171875
0,0,0,0,-0.5275977849960327,-1.0214866399765015,1.6825027465820312
0,0,0,0,-0.5278189182281494,-1.0222448110580444,1.6823883056640625
0,0,0,0,-0.5279750823974609,-1.0228010416030884,1.6823272705078125
0,0,0,0,-0.5281200408935547,-1.0234545469284058,1.6822967529296875
0,0,0,0,-0.5282902121543884,-1.0240730047225952,1.6822891235351562
0,0,0,0,-0.5284799933433533,-1.0250113010406494,1.682373046875
0,0,0,0,-0.5285935997962952,-1.025718092918396,1.6824417114257812
0,0,0,0,-0.5287464261054993,-1.0264748334884644,1.6825103759765625
0,0,0,0,-0.5289028286933899,-1.0275018215179443,1.6826171875
0,0,0,0,-0.5290917754173279,-1.0282641649246216,1.6826934814453125
0,0,0,0,-0.5291994214057922,-1.0290817022323608,1.6827392578125
0,0,0,0,-0.5295289158821106,-1.0304099321365356,1.682769775390625
0,0,0,0,-0.5296348929405212,-1.0310139656066895,1.6827545166015625
0,0,0,0,-0.5299039483070374,-1.031794548034668,1.682708740234375
0,0,0,0,-0.5301935076713562,-1.0329465866088867,1.6826629638671875
0,0,0,0,-0.5304640531539917,-1.033748984336853,1.6826095581054688
0,0,0,0,-0.5307588577270508,-1.0349886417388916,1.6825027465820312
0,0,0,0,-0.5310147404670715,-1.035833716392517,1.682403564453125
0,0,0,0,-0.5312583446502686,-1.0367558002471924,1.682281494140625
0,0,0,0,-0.5315120816230774,-1.037558913230896,1.6821441650390625
0,0,0,0,-0.5319182276725769,-1.0389117002487183,1.6819000244140625
0,0,0,0,-0.5320528149604797,-1.0394446849822998,1.6817703247070312
0,0,0,0,-0.5322843194007874,-1.0402809381484985,1.681549072265625
0,0,0,0,-0.5326144099235535,-1.0416269302368164,1.6810760498046875
0,0,0,0,-0.5327719449996948,-1.0421239137649536,1.680877685546875
0,0,0,0,-0.5328999161720276,-1.0429246425628662,1.6806106567382812
0,0,0,0,-0.5331377983093262,-1.0439214706420898,1.680328369140625
0,0,0,0,-0.5332403182983398,-1.0446979999542236,1.6801605224609375
0,0,0,0,-0.5333943963050842,-1.0453704595565796,1.6800079345703125
0,0,0,0,-0.5334804654121399,-1.046295166015625,1.6798019409179688
0,0,0,0,-0.5335782766342163,-1.0468827486038208,1.6796493530273438
0,0,0,0,-0.5335432887077332,-1.0475374460220337,1.679473876953125
0,0,0,0,-0.533539354801178,-1.0482834577560425,1.6791839599609375
0,0,0,0,-0.5334625244140625,-1.0489329099655151,1.6789398193359375
0,0,0,0,-0.5334181189537048,-1.0494791269302368,1.6787185668945312
0,0,0,0,-0.5332469940185547,-1.0502800941467285,1.67852783203125
0,0,0,0,-0.5330878496170044,-1.0508335828781128,1.6783905029296875
0,0,0,0,-0.5329027771949768,-1.0514923334121704,1.6783065795898438
0,0,0,0,-0.5326029062271118,-1.0523536205291748,1.6782760620117188
0,0,0,0,-0.5323734879493713,-1.0529983043670654,1.6783294677734375
0,0,0,0,-0.5321061015129089,-1.0535844564437866,1.6784591674804688
0,0,0,0,-0.5317853093147278,-1.0543931722640991,1.6787185668945312
0,0,0,0,-0.5315054059028625,-1.0550060272216797,1.6789627075195312
0,0,0,0,-0.5313306450843811,-1.0555676221847534,1.6792449951171875
0,0,0,0,-0.5310322642326355,-1.056329607963562,1.6796493530273438
0,0,0,0,-0.5308892726898193,-1.0567948818206787,1.6799468994140625
0,0,0,0,-0.5306864976882935,-1.0574865341186523,1.6803207397460938
0,0,0,0,-0.5306576490402222,-1.057883620262146,1.6806106567382812
0,0,0,0,-0.5306115746498108,-1.0583735704421997,1.6809234619140625
0,0,0,0,-0.5306914448738098,-1.0587533712387085,1.6812286376953125
0,0,0,0,-0.5308192372322083,-1.059386134147644,1.681640625
0,0,0,0,-0.5310088396072388,-1.0597810745239258,1.68194580078125
0,0,0,0,-0.5312010049819946,-1.0602810382843018,1.6822586059570312
0,0,0,0,-0.5315564274787903,-1.0608482360839844,1.6827163696289062
0,0,0,0,-0.5318681597709656,-1.061335563659668,1.6830902099609375
0,0,0,0,-0.5322025418281555,-1.0618085861206055,1.6834793090820312
0,0,0,0,-0.5327246189117432,-1.0625576972961426,1.68402099609375
0,0,0,0,-0.5330840945243835,-1.0630998611450195,1.6844482421875
0,0,0,0,-0.5335307717323303,-1.0636404752731323,1.684906005859375
0,0,0,0,-0.5341264605522156,-1.0643723011016846,1.6855087280273438
0,0,0,0,-0.5346630811691284,-1.0649079084396362,1.6859207153320312
0,0,0,0,-0.5351395010948181,-1.0655468702316284,1.6862869262695312
0,0,0,0,-0.5358837246894836,-1.066336989402771,1.6867141723632812
0,0,0,0,-0.5364075303077698,-1.067014455795288,1.6870193481445312
0,0,0,0,-0.5370627641677856,-1.067583680152893,1.6873016357421875
0,0,0,0,-0.5378864407539368,-1.068455457687378,1.6876754760742188
0,0,0,0,-0.5385579466819763,-1.0690094232559204,1.6879425048828125
0,0,0,0,-0.5392036437988281,-1.0697076320648193,1.6881866455078125
0,0,0,0,-0.5401772260665894,-1.0705593824386597,1.6884613037109375
0,0,0,0,-0.5409106016159058,-1.071260929107666,1.6886062622070312
0,0,0,0,-0.5416516661643982,-1.071860432624817,1.6886825561523438
0,0,0,0,-0.5425853729248047,-1.0726959705352783,1.6887435913085938
0,0,0,0,-0.5432237982749939,-1.073267936706543,1.6887435913085938
0,0,0,0,-0.5438574552536011,-1.073801875114441,1.688690185546875
0,0,0,0,-0.5445742607116699,-1.0743553638458252,1.6886215209960938
0,0,0,0,-0.5450644493103027,-1.074662685394287,1.6886444091796875
0,0,0,0,-0.5453395843505859,-1.0748921632766724,1.6888885498046875
0,0,0,0,-0.5453832149505615,-1.0747846364974976,1.6894683837890625
0,0,0,0,-0.5449320077896118,-1.0743473768234253,1.6899642944335938
0,0,0,0,-0.5441799759864807,-1.0735019445419312,1.6904830932617188
0,0,0,0,-0.5425164103507996,-1.0720758438110352,1.6912002563476562
0,0,0,0,-0.54091477394104,-1.070601224899292,1.69171142578125
0,0,0,0,-0.5389124155044556,-1.0689727067947388,1.6921920776367188
0,0,0,0,-0.5358498096466064,-1.066380500793457,1.6928939819335938
0,0,0,0,-0.5331854820251465,-1.064281940460205,1.6934738159179688
0,0,0,0,-0.5302860140800476,-1.0618408918380737,1.6940536499023438
0,0,0,0,-0.5259882807731628,-1.0583064556121826,1.69488525390625
0,0,0,0,-0.522457480430603,-1.0553126335144043,1.6956100463867188
0,0,0,0,-0.5186101794242859,-1.0520557165145874,1.69647216796875
0,0,0,0,-0.5129166841506958,-1.0471268892288208,1.697784423828125
0,0,0,0,-0.5082668662071228,-1.0430264472961426,1.6988983154296875
0,0,0,0,-0.5031543374061584,-1.0385534763336182,1.70013427734375
0,0,0,0,-0.49573013186454773,-1.031982660293579,1.701904296875
0,0,0,0,-0.4895724356174469,-1.0266667604446411,1.703338623046875
0,0,0,0,-0.48304855823516846,-1.020920991897583,1.7048110961914062
0,0,0,0,-0.4711373448371887,-1.0106407403945923,1.70733642578125
0,0,0,0,-0.4661014974117279,-1.0061899423599243,1.7083816528320312
0,0,0,0,-0.45815804600715637,-0.9993669986724854,1.7100143432617188
0,0,0,0,-0.44711732864379883,-0.9896759986877441,1.7122650146484375
0,0,0,0,-0.4384006857872009,-0.9821388721466064,1.713958740234375
0,0,0,0,-0.42947953939437866,-0.9742431044578552,1.7156524658203125
0,0,0,0,-0.4171302020549774,-0.9634597897529602,1.7179946899414062
0,0,0,0,-0.40761756896972656,-0.9550532102584839,1.7198638916015625
0,0,0,0,-0.39786574244499207,-0.9464610815048218,1.72186279296875
0,0,0,0,-0.3845154941082001,-0.9345003366470337,1.7247467041015625
0,0,0,0,-0.37421366572380066,-0.9252097606658936,1.7271194458007812
0,0,0,0,-0.3635951280593872,-0.9155454635620117,1.7296905517578125
0,0,0,0,-0.3490043580532074,-0.902098536491394,1.7335281372070312
0,0,0,0,-0.3376072347164154,-0.89154052734375,1.7366943359375
0,0,0,0,-0.32586151361465454,-0.8804661631584167,1.7400588989257812
0,0,0,0,-0.3093779981136322,-0.8649979829788208,1.7449264526367188
0,0,0,0,-0.29647722840309143,-0.8527329564094543,1.74884033203125
0,0,0,0,-0.282898485660553,-0.8399679064750671,1.7529754638671875
0,0,0,0,-0.2639674246311188,-0.821895956993103,1.75885009765625
0,0,0,0,-0.2489510476589203,-0.8076640367507935,1.7634811401367188
0,0,0,0,-0.23334036767482758,-0.7926454544067383,1.7682876586914062
0,0,0,0,-0.21137376129627228,-0.7716593742370605,1.7750015258789062
0,0,0,0,-0.194101020693779,-0.7550127506256104,1.7802734375
0,0,0,0,-0.17603091895580292,-0.7377312779426575,1.7857284545898438
0,0,0,0,-0.1507769674062729,-0.7134150862693787,1.7932662963867188
0,0,0,0,-0.13091900944709778,-0.6943723559379578,1.79913330078125
0,0,0,0,-0.11025393754243851,-0.6744741201400757,1.805206298828125
0,0,0,0,-0.08146028965711594,-0.6467353701591492,1.8135604858398438
0,0,0,0,-0.05886399745941162,-0.6249222755432129,1.819915771484375
0,0,0,0,-0.027490513399243355,-0.5944777131080627,1.8285293579101562
0,0,0,0,-0.002910364419221878,-0.5706815719604492,1.8350830078125
0,0,0,0,0.022412193939089775,-0.5459527373313904,1.8417587280273438
0,0,0,0,0.04862525686621666,-0.5204289555549622,1.8485031127929688
0,0,0,0,0.08469731360673904,-0.48498883843421936,1.8576126098632812
0,0,0,0,0.11268845200538635,-0.45746323466300964,1.864532470703125
0,0,0,0,0.14133483171463013,-0.42895230650901794,1.87152099609375
0,0,0,0,0.1807016134262085,-0.38979893922805786,1.8809280395507812
0,0,0,0,0.21093910932540894,-0.3594798445701599,1.8881301879882812
0,0,0,0,0.24186986684799194,-0.32849761843681335,1.8954544067382812
0,0,0,0,0.28410694003105164,-0.285848468542099,1.9054641723632812
0,0,0,0,0.3165786564350128,-0.2530503571033478,1.9131317138671875
0,0,0,0,0.3496626615524292,-0.21943826973438263,1.9209518432617188
0,0,0,0,0.40612757205963135,-0.16189166903495789,1.934356689453125
0,0,0,0,0.42921459674835205,-0.13836540281772614,1.939849853515625
0,0,0,0,0.46428632736206055,-0.10251885652542114,1.9481887817382812
0,0,0,0,0.5119359493255615,-0.0537714883685112,1.9594497680664062
0,0,0,0,0.5481905937194824,-0.016547420993447304,1.96795654296875
0,0,0,0,0.5849366784095764,0.02115493267774582,1.976531982421875
0,0,0,0,0.6344498991966248,0.07216395437717438,1.9879837036132812
0,0,0,0,0.6720680594444275,0.11085619032382965,1.9966049194335938
0,0,0,0,0.7098978757858276,0.14997614920139313,2.0052871704101562
0,0,0,0,0.7608231902122498,0.2024814784526825,2.0169830322265625
0,0,0,0,0.7992032170295715,0.2422305792570114,2.0258865356445312
0,0,0,0,0.8378245234489441,0.28210556507110596,2.034881591796875
0,0,0,0,0.8895285129547119,0.335702121257782,2.0469894409179688
0,0,0,0,0.9285587072372437,0.37601181864738464,2.0560684204101562
0,0,0,0,0.9677120447158813,0.41656193137168884,2.0651473999023438
0,0,0,0,1.0201544761657715,0.470692902803421,2.0772628784179688
0,0,0,0,1.0596212148666382,0.5114074349403381,2.0862884521484375
0,0,0,0,1.099207878112793,0.5521261692047119,2.0952301025390625
0,0,0,0,1.1521917581558228,0.606513261795044,2.1070785522460938
0,0,0,0,1.1919877529144287,0.6473177075386047,2.1159210205078125
0,0,0,0,1.2319159507751465,0.6881315112113953,2.1247100830078125
0,0,0,0,1.2852219343185425,0.7425416707992554,2.1363601684570312
0,0,0,0,1.3253684043884277,0.7832770943641663,2.1450424194335938
0,0,0,0,1.365506649017334,0.8240204453468323,2.1537017822265625
0,0,0,0,1.4192124605178833,0.8781298995018005,2.1652984619140625
0,0,0,0,1.4595087766647339,0.9187088012695312,2.173980712890625
0,0,0,0,1.499937891960144,0.9590795636177063,2.1826400756835938
0,0,0,0,1.5537216663360596,1.0127779245376587,2.1943588256835938
0,0,0,0,1.594122052192688,1.0528053045272827,2.2032623291015625
0,0,0,0,1.6344900131225586,1.0928562879562378,2.2122344970703125
0,0,0,0,1.6884068250656128,1.1459850072860718,2.2244033813476562
0,0,0,0,1.7288753986358643,1.1857949495315552,2.23370361328125
0,0,0,0,1.769408106803894,1.2254348993301392,2.243072509765625
0,0,0,0,1.823521375656128,1.2782139778137207,2.2554855346679688
0,0,0,0,1.864073395729065,1.3175777196884155,2.264923095703125
0,0,0,0,1.9046363830566406,1.3567779064178467,2.2744598388671875
0,0,0,0,1.958666443824768,1.4088741540908813,2.2872848510742188
0,0,0,0,1.9992574453353882,1.4478167295455933,2.2969818115234375
0,0,0,0,2.0398058891296387,1.486706018447876,2.3067398071289062
0,0,0,0,2.094010591506958,1.5384525060653687,2.3198699951171875
0,0,0,0,2.13466215133667,1.5773115158081055,2.32977294921875
0,0,0,0,2.1754539012908936,1.6160881519317627,2.3397293090820312
0,0,0,0,2.2298154830932617,1.6678627729415894,2.35302734375
0,0,0,0,2.270739793777466,1.706615924835205,2.363037109375
0,0,0,0,2.3116648197174072,1.7454882860183716,2.3730926513671875
0,0,0,0,2.3664228916168213,1.7972462177276611,2.38653564453125
0,0,0,0,2.407546043395996,1.8361685276031494,2.3966293334960938
0,0,0,0,2.4487788677215576,1.875003695487976,2.406768798828125
0,0,0,0,2.5037944316864014,1.9269005060195923,2.4202957153320312
0,0,0,0,2.5450973510742188,1.9657599925994873,2.4304351806640625
0,0,0,0,2.5864460468292236,2.004652261734009,2.4405441284179688
0,0,0,0,2.6416070461273193,2.0564169883728027,2.4539947509765625
0,0,0,0,2.6830296516418457,2.0951972007751465,2.4639739990234375
0,0,0,0,2.7244246006011963,2.1338908672332764,2.473876953125
0,0,0,0,2.7796337604522705,2.1853220462799072,2.4870529174804688
0,0,0,0,2.820949077606201,2.223839521408081,2.4969482421875
0,0,0,0,2.8623366355895996,2.262232542037964,2.5068511962890625
0,0,0,0,2.917361259460449,2.313359498977661,2.5200881958007812
0,0,0,0,2.9586732387542725,2.3515799045562744,2.5299835205078125
0,0,0,0,2.9998538494110107,2.3898394107818604,2.5398635864257812
0,0,0,0,3.0548059940338135,2.440619707107544,2.5530471801757812
0,0,0,0,3.0959205627441406,2.4787302017211914,2.562774658203125
0,0,0,0,3.1370131969451904,2.5166015625,2.572418212890625
0,0,0,0,3.191523790359497,2.566875457763672,2.5853805541992188
0,0,0,0,3.2323033809661865,2.6043405532836914,2.5951614379882812
0,0,0,0,3.2729852199554443,2.6418161392211914,2.6049575805664062
0,0,0,0,3.3271241188049316,2.6915318965911865,2.6180419921875
0,0,0,0,3.367689847946167,2.7287192344665527,2.6279373168945312
0,0,0,0,3.408198356628418,2.765805244445801,2.637939453125
0,0,0,0,3.462228775024414,2.8152384757995605,2.6512222290039062
0,0,0,0,3.5026907920837402,2.852257251739502,2.6612548828125
0,0,0,0,3.543184280395508,2.889200210571289,2.6713790893554688
0,0,0,0,3.5970675945281982,2.9384891986846924,2.685028076171875
0,0,0,0,3.6375279426574707,2.9753990173339844,2.695343017578125
0,0,0,0,3.6778934001922607,3.012377977371216,2.7057266235351562
0,0,0,0,3.7451791763305664,3.0739312171936035,2.7231521606445312
0,0,0,0,3.772073745727539,3.0986413955688477,2.7299728393554688
0,0,0,0,3.812417984008789,3.1355347633361816,2.7400588989257812
0,0,0,0,3.8657655715942383,3.1844756603240967,2.753570556640625
0,0,0,0,3.905564546585083,3.220916986465454,2.7637176513671875
0,0,0,0,3.9451608657836914,3.2573940753936768,2.7738800048828125
0,0,0,0,3.9977834224700928,3.3057804107666016,2.7875747680664062
0,0,0,0,4.037196636199951,3.3420886993408203,2.797821044921875
0,0,0,0,4.076591491699219,3.3783278465270996,2.807891845703125
0,0,0,0,4.1419782638549805,3.43854022026062,2.8243560791015625
0,0,0,0,4.16795539855957,3.4625167846679688,2.8308639526367188
0,0,0,0,4.206845760345459,3.4983298778533936,2.8405838012695312
0,0,0,0,4.271191596984863,3.557622194290161,2.856658935546875
0,0,0,0,4.296822547912598,3.5811452865600586,2.8630752563476562
0,0,0,0,4.335018157958984,3.616387367248535,2.8726959228515625
0,0,0,0,4.385763645172119,3.663119077682495,2.8855514526367188
0,0,0,0,4.423604965209961,3.6981115341186523,2.8951339721679688
0,0,0,0,4.461408615112305,3.732922315597534,2.904632568359375
0,0,0,0,4.511466026306152,3.779364585876465,2.9171142578125
0,0,0,0,4.548875331878662,3.814023494720459,2.9265670776367188
0,0,0,0,4.586132526397705,3.8487534523010254,2.9361190795898438
0,0,0,0,4.635831356048584,3.8950397968292236,2.9487075805664062
0,0,0,0,4.672998905181885,3.9298620223999023,2.9580154418945312
0,0,0,0,4.710064888000488,3.9645283222198486,2.9673309326171875
0,0,0,0,4.7592244148254395,4.010702133178711,2.9800338745117188
0,0,0,0,4.796024799346924,4.0453267097473145,2.9897384643554688
0,0,0,0,4.832859992980957,4.080050945281982,2.9994659423828125
0,0,0,0,4.881979465484619,4.1263957023620605,3.0124282836914062
0,0,0,0,4.918898582458496,4.161185264587402,3.0222015380859375
0,0,0,0,4.968107223510742,4.207740783691406,3.0352935791015625
0,0,0,0,5.005178451538086,4.242740631103516,3.0450668334960938
0,0,0,0,5.042243957519531,4.277936935424805,3.0547637939453125
0,0,0,0,5.07945442199707,4.3131585121154785,3.0644073486328125
0,0,0,0,5.129039764404297,4.360367774963379,3.0771636962890625
0,0,0,0,5.166387557983398,4.395820140838623,3.0865631103515625
0,0,0,0,5.203711032867432,4.431398868560791,3.095794677734375
0,0,0,0,5.253498077392578,4.478700160980225,3.1079940795898438
0,0,0,0,5.29076623916626,4.51426362991333,3.1170654296875
0,0,0,0,5.328054428100586,4.5497260093688965,3.1261062622070312
0,0,0,0,5.377652168273926,4.597113609313965,3.138275146484375
0,0,0,0,5.414831638336182,4.632578372955322,3.1474380493164062
0,0,0,0,5.452047348022461,4.6681389808654785,3.1566619873046875
0,0,0,0,5.501731872558594,4.715575218200684,3.1689529418945312
0,0,0,0,5.539111137390137,4.751251220703125,3.1782073974609375
0,0,0,0,5.576477527618408,4.786959648132324,3.1875686645507812
0,0,0,0,5.626494407653809,4.834722995758057,3.2002792358398438
0,0,0,0,5.664126873016357,4.87079381942749,3.2099075317382812
0,0,0,0,5.7020344734191895,4.906991481781006,3.2195892333984375
0,0,0,0,5.752861499786377,4.955621242523193,3.232635498046875
0,0,0,0,5.791358470916748,4.992269515991211,3.2424163818359375
0,0,0,0,5.8299946784973145,5.029185771942139,3.2521820068359375
0,0,0,0,5.881866455078125,5.078488826751709,3.2652053833007812
0,0,0,0,5.9208831787109375,5.115672588348389,3.2750015258789062
0,0,0,0,5.960094928741455,5.1528239250183105,3.2848434448242188
0,0,0,0,6.012450695037842,5.202579975128174,3.2980422973632812
0,0,0,0,6.0518598556518555,5.23995304107666,3.3078842163085938
0,0,0,0,6.091309547424316,5.27749490737915,3.3176116943359375
0,0,0,0,6.1439290046691895,5.32736873626709,3.330474853515625
0,0,0,0,6.183363437652588,5.364715576171875,3.34014892578125
0,0,0,0,6.222761154174805,5.402026176452637,3.349884033203125
0,0,0,0,6.275396347045898,5.45187520980835,3.3628005981445312
0,0,0,0,6.314843654632568,5.4892706871032715,3.3723983764648438
0,0,0,0,6.354343414306641,5.526609897613525,3.3819198608398438
0,0,0,0,6.406956672668457,5.576389312744141,3.3946762084960938
0,0,0,0,6.446521282196045,5.613704681396484,3.404266357421875
0,0,0,0,6.4860663414001465,5.651179790496826,3.413818359375
0,0,0,0,6.5390143394470215,5.701176643371582,3.4262542724609375
0,0,0,0,6.5786519050598145,5.738708019256592,3.435546875
0,0,0,0,6.618342399597168,5.776093006134033,3.4448394775390625
0,0,0,0,6.671240329742432,5.826119422912598,3.457061767578125
0,0,0,0,6.711001396179199,5.863575458526611,3.4660873413085938
0,0,0,0,6.750675678253174,5.9010491371154785,3.4749984741210938
0,0,0,0,6.803468227386475,5.950774192810059,3.486785888671875
0,0,0,0,6.842932224273682,5.988049030303955,3.495513916015625
0,0,0,0,6.88226842880249,6.025136947631836,3.504150390625
0,0,0,0,6.934453964233398,6.074431419372559,3.5155258178710938
0,0,0,0,6.973330020904541,6.111205577850342,3.5239486694335938
0,0,0,0,7.012046813964844,6.147812843322754,3.5323028564453125
0,0,0,0,7.063320159912109,6.196357727050781,3.5434036254882812
0,0,0,0,7.1016716957092285,6.2325921058654785,3.5516891479492188
0,0,0,0,7.13981294631958,6.268740653991699,3.5599136352539062
0,0,0,0,7.1905012130737305,6.316603183746338,3.5708236694335938
0,0,0,0,7.2282209396362305,6.352383136749268,3.5790176391601562
0,0,0,0,7.265873432159424,6.387944221496582,3.58721923828125
0,0,0,0,7.315773963928223,6.435300827026367,3.5979843139648438
0,0,0,0,7.352982521057129,6.470521926879883,3.6061172485351562
0,0,0,0,7.389947414398193,6.50566291809082,3.6142730712890625
0,0,0,0,7.439097881317139,6.552280426025391,3.624755859375
0,0,0,0,7.475673198699951,6.587055206298828,3.6325149536132812
0,0,0,0,7.511981010437012,6.6213698387146,3.6404647827148438
0,0,0,0,7.5720295906066895,6.6783127784729,3.653961181640625
0,0,0,0,7.595944404602051,6.701054096221924,3.6594009399414062
0,0,0,0,7.63178014755249,6.7350993156433105,3.6675949096679688
0,0,0,0,7.679496765136719,6.780351161956787,3.6786575317382812
0,0,0,0,7.715400695800781,6.814274311065674,3.6870956420898438
0,0,0,0,7.751335620880127,6.848301410675049,3.695587158203125
0,0,0,0,7.799581527709961,6.893831253051758,3.7066802978515625
0,0,0,0,7.83577823638916,6.928007125854492,3.7149810791015625
0,0,0,0,7.872060298919678,6.962009429931641,3.723480224609375
0,0,0,0,7.920485019683838,7.0074543952941895,3.7350997924804688
0,0,0,0,7.957104682922363,7.0416460037231445,3.7437896728515625
0,0,0,0,7.99381685256958,7.0760674476623535,3.7523727416992188
0,0,0,0,8.043030738830566,7.121875762939453,3.7637557983398438
0,0,0,0,8.080037117004395,7.156363487243652,3.7723846435546875
0,0,0,0,8.117238998413086,7.190889358520508,3.7810745239257812
0,0,0,0,8.1670560836792,7.2372918128967285,3.792510986328125
0,0,0,0,8.204569816589355,7.2721147537231445,3.8010101318359375
0,0,0,0,8.242154121398926,7.307041645050049,3.8095169067382812
0,0,0,0,8.292413711547852,7.353643417358398,3.820831298828125
0,0,0,0,8.330269813537598,7.3886494636535645,3.8291244506835938
0,0,0,0,8.36811637878418,7.423567295074463,3.83721923828125
0,0,0,0,8.418527603149414,7.469827175140381,3.8481597900390625
0,0,0,0,8.456174850463867,7.504419803619385,3.8564834594726562
0,0,0,0,8.493881225585938,7.538970470428467,3.864837646484375
0,0,0,0,8.54404354095459,7.585103511810303,3.8760528564453125
0,0,0,0,8.58175277709961,7.619629383087158,3.8844985961914062
0,0,0,0,8.619420051574707,7.654319763183594,3.8929443359375
0,0,0,0,8.669808387756348,7.7005615234375,3.9042205810546875
0,0,0,0,8.707622528076172,7.735383033752441,3.912628173828125
0,0,0,0,8.745598793029785,7.770147800445557,3.9209976196289062
0,0,0,0,8.796346664428711,7.8167266845703125,3.9321136474609375
0,0,0,0,8.8345365524292,7.851680278778076,3.9404983520507812
0,0,0,0,8.872835159301758,7.886826038360596,3.9489212036132812
0,0,0,0,8.924190521240234,7.933838367462158,3.9601821899414062
0,0,0,0,8.962898254394531,7.969336032867432,3.9686279296875
0,0,0,0,9.001714706420898,8.004922866821289,3.977020263671875
0,0,0,0,9.053691864013672,8.052624702453613,3.9880828857421875
0,0,0,0,9.092683792114258,8.088533401489258,3.9963760375976562
0,0,0,0,9.131781578063965,8.124495506286621,4.004692077636719
0,0,0,0,9.183940887451172,8.1726713180542,4.015724182128906
0,0,0,0,9.223189353942871,8.208890914916992,4.0239715576171875
0,0,0,0,9.262360572814941,8.245233535766602,4.032173156738281
0,0,0,0,9.314688682556152,8.293704986572266,4.0430450439453125
0,0,0,0,9.35385513305664,8.330230712890625,4.051139831542969
0,0,0,0,9.39309310913086,8.366720199584961,4.059150695800781
0,0,0,0,9.445259094238281,8.415502548217773,4.0697021484375
0,0,0,0,9.484356880187988,8.451972007751465,4.077606201171875
0,0,0,0,9.523310661315918,8.488504409790039,4.08551025390625
0,0,0,0,9.575237274169922,8.53713321685791,4.096038818359375
0,0,0,0,9.614179611206055,8.573704719543457,4.1038818359375
0,0,0,0,9.653131484985352,8.610212326049805,4.1116790771484375
0,0,0,0,9.705097198486328,8.658968925476074,4.122062683105469
0,0,0,0,9.744033813476562,8.695563316345215,4.129829406738281
0,0,0,0,9.783002853393555,8.732189178466797,4.137657165527344
0,0,0,0,9.847892761230469,8.793232917785645,4.1509552001953125
0,0,0,0,9.87392807006836,8.817645072937012,4.1562957763671875
0,0,0,0,9.91294002532959,8.854430198669434,4.164329528808594
0,0,0,0,9.96511173248291,8.903484344482422,4.175071716308594
0,0,0,0,10.004193305969238,8.940337181091309,4.1831817626953125
0,0,0,0,10.043349266052246,8.977113723754883,4.1913299560546875
0,0,0,0,10.095446586608887,9.026243209838867,4.202217102050781
0,0,0,0,10.134512901306152,9.06296443939209,4.2104034423828125
0,0,0,0,10.173420906066895,9.09976863861084,4.2186279296875
0,0,0,0,10.225231170654297,9.148667335510254,4.2296295166015625
0,0,0,0,10.263985633850098,9.185317039489746,4.237907409667969
0,0,0,0,10.302730560302734,9.221837043762207,4.246238708496094
0,0,0,0,10.354280471801758,9.270635604858398,4.2573699951171875
0,0,0,0,10.392913818359375,9.307188987731934,4.2657470703125
0,0,0,0,10.43155574798584,9.34378719329834,4.274200439453125
0,0,0,0,10.482990264892578,9.392597198486328,4.285614013671875
0,0,0,0,10.521565437316895,9.429250717163086,4.294303894042969
0,0,0,0,10.560051918029785,9.465916633605957,4.303131103515625
0,0,0,0,10.611403465270996,9.514817237854004,4.3151092529296875
0,0,0,0,10.649799346923828,9.551590919494629,4.324188232421875
0,0,0,0,10.68826675415039,9.588333129882812,4.333305358886719
0,0,0,0,10.73938274383545,9.6373929977417,4.345588684082031
0,0,0,0,10.777739524841309,9.67410945892334,4.354911804199219
0,0,0,0,10.815947532653809,9.710933685302734,4.3643341064453125
0,0,0,0,10.866914749145508,9.75987720489502,4.377204895019531
0,0,0,0,10.905159950256348,9.796723365783691,4.3869476318359375
0,0,0,0,10.943507194519043,9.833536148071289,4.39666748046875
0,0,0,0,10.994654655456543,9.882735252380371,4.409660339355469
0,0,0,0,11.033058166503906,9.91956615447998,4.419288635253906
0,0,0,0,11.071422576904297,9.95638370513916,4.4287872314453125
0,0,0,0,11.122406959533691,10.00516128540039,4.441429138183594
0,0,0,0,11.160574913024902,10.041619300842285,4.4510498046875
0,0,0,0,11.21139907836914,10.090201377868652,4.4639434814453125
0,0,0,0,11.249678611755371,10.12663745880127,4.473594665527344
0,0,0,0,11.287940979003906,10.163134574890137,4.4832305908203125
0,0,0,0,11.32632827758789,10.199538230895996,4.492835998535156
0,0,0,0,11.377513885498047,10.248114585876465,4.5055999755859375
0,0,0,0,11.41608715057373,10.284523963928223,4.515129089355469
0,0,0,0,11.454657554626465,10.321053504943848,4.52459716796875
0,0,0,0,11.506315231323242,10.369735717773438,4.537078857421875
0,0,0,0,11.545073509216309,10.406370162963867,4.5463104248046875
0,0,0,0,11.583972930908203,10.442889213562012,4.55548095703125
0,0,0,0,11.635847091674805,10.49165153503418,4.5676422119140625
0,0,0,0,11.674858093261719,10.528139114379883,4.576690673828125
0,0,0,0,11.713897705078125,10.564733505249023,4.5856170654296875
0,0,0,0,11.765989303588867,10.613430976867676,4.5973358154296875
0,0,0,0,11.805026054382324,10.649955749511719,4.606025695800781
0,0,0,0,11.843986511230469,10.68636417388916,4.614677429199219
0,0,0,0,11.895845413208008,10.734820365905762,4.6262664794921875
0,0,0,0,11.947514533996582,10.783196449279785,4.637939453125
0,0,0,0,11.973365783691406,10.80732536315918,4.643791198730469
0,0,0,0,12.024895668029785,10.855664253234863,4.655540466308594
0,0,0,0,12.063599586486816,10.891841888427734,4.664375305175781
0,0,0,0,12.102185249328613,10.928053855895996,4.673271179199219
0,0,0,0,12.153768539428711,10.976332664489746,4.685302734375
0,0,0,0,12.192490577697754,11.012778282165527,4.694267272949219
0,0,0,0,12.244346618652344,11.06132698059082,4.706092834472656
0,0,0,0,12.283266067504883,11.09776496887207,4.714927673339844
0,0,0,0,12.322244644165039,11.134075164794922,4.72381591796875
0,0,0,0,12.361228942871094,11.17050838470459,4.732704162597656
0,0,0,0,12.413372993469238,11.219072341918945,4.744354248046875
0,0,0,0,12.452505111694336,11.255537986755371,4.752960205078125
0,0,0,0,12.491642951965332,11.291886329650879,4.761482238769531
0,0,0,0,12.543770790100098,11.34028148651123,4.772743225097656
0,0,0,0,12.582727432250977,11.376434326171875,4.781120300292969
0,0,0,0,12.621604919433594,11.412476539611816,4.789466857910156
0,0,0,0,12.673270225524902,11.4603853225708,4.800346374511719
0,0,0,0,12.71194839477539,11.49610710144043,4.808563232421875
0,0,0,0,12.750480651855469,11.531753540039062,4.8169097900390625
0,0,0,0,12.801948547363281,11.57925033569336,4.82818603515625
0,0,0,0,12.840543746948242,11.615055084228516,4.836669921875
0,0,0,0,12.879315376281738,11.650843620300293,4.845100402832031
0,0,0,0,12.930984497070312,11.698651313781738,4.8563385009765625
0,0,0,0,12.969860076904297,11.734452247619629,4.8647613525390625
0,0,0,0,13.00871467590332,11.770368576049805,4.8731231689453125
0,0,0,0,13.060654640197754,11.81805419921875,4.8842010498046875
0,0,0,0,13.099614143371582,11.853813171386719,4.8924560546875
0,0,0,0,13.138648986816406,11.889416694641113,4.900657653808594
0,0,0,0,13.190614700317383,11.936904907226562,4.911224365234375
0,0,0,0,13.229413986206055,11.97224235534668,4.918968200683594
0,0,0,0,13.267986297607422,12.007336616516113,4.926689147949219
0,0,0,0,13.319038391113281,12.053696632385254,4.9369049072265625
0,0,0,0,13.357095718383789,12.088178634643555,4.944549560546875
0,0,0,0,13.394883155822754,12.122428894042969,4.952201843261719
0,0,0,0,13.445043563842773,12.1677885055542,4.96240234375
0,0,0,0,13.482417106628418,12.201699256896973,4.9699554443359375
0,0,0,0,13.51972484588623,12.235323905944824,4.977500915527344
0,0,0,0,13.569076538085938,12.279927253723145,4.987815856933594
0,0,0,0,13.606043815612793,12.313249588012695,4.995567321777344
0,0,0,0,13.642860412597656,12.346604347229004,5.0033111572265625
0,0,0,0,13.691935539245605,12.390754699707031,5.0140380859375
0,0,0,0,13.728754043579102,12.423971176147461,5.022224426269531
0,0,0,0,13.765754699707031,12.457235336303711,5.030448913574219
0,0,0,0,13.815200805664062,12.501830101013184,5.041603088378906
0,0,0,0,13.852437973022461,12.535308837890625,5.050209045410156
0,0,0,0,13.889873504638672,12.569046974182129,5.058937072753906
0,0,0,0,13.940211296081543,12.614350318908691,5.0704345703125
0,0,0,0,13.990923881530762,12.659896850585938,5.08172607421875
0,0,0,0,14.016311645507812,12.682732582092285,5.087249755859375
0,0,0,0,14.067197799682617,12.728372573852539,5.098014831542969
0,0,0,0,14.105222702026367,12.76252555847168,5.105979919433594
0,0,0,0,14.143218040466309,12.79654312133789,5.1138763427734375
0,0,0,0,14.19362735748291,12.841785430908203,5.124267578125
0,0,0,0,14.231388092041016,12.875534057617188,5.132026672363281
0,0,0,0,14.268959999084473,12.909278869628906,5.139762878417969
0,0,0,0,14.319079399108887,12.954174041748047,5.1500701904296875
0,0,0,0,14.35659408569336,12.987957000732422,5.157783508300781
0,0,0,0,14.394180297851562,13.021608352661133,5.1655731201171875
0,0,0,0,14.444247245788574,13.066670417785645,5.176094055175781
0,0,0,0,14.481945037841797,13.100581169128418,5.183906555175781
0,0,0,0,14.519696235656738,13.134690284729004,5.1916351318359375
0,0,0,0,14.570061683654785,13.180045127868652,5.2019805908203125
0,0,0,0,14.62038516998291,13.225434303283691,5.21240234375
0,0,0,0,14.645492553710938,13.248147010803223,5.2176361083984375
0,0,0,0,14.695731163024902,13.2936372756958,5.228172302246094
0,0,0,0,14.733378410339355,13.327839851379395,5.23602294921875
0,0,0,0,14.771087646484375,13.362085342407227,5.2437896728515625
0,0,0,0,14.821221351623535,13.407772064208984,5.254364013671875
0,0,0,0,14.858965873718262,13.442161560058594,5.2622528076171875
0,0,0,0,14.896749496459961,13.476780891418457,5.270011901855469
0,0,0,0,14.947343826293945,13.522964477539062,5.280281066894531
0,0,0,0,14.985259056091309,13.557750701904297,5.288002014160156
0,0,0,0,15.023324966430664,13.592538833618164,5.295707702636719
0,0,0,0,15.074113845825195,13.639225959777832,5.3059844970703125
0,0,0,0,15.112342834472656,13.67424201965332,5.313636779785156
0,0,0,0,15.150553703308105,13.709432601928711,5.32122802734375
0,0,0,0,15.201590538024902,13.756342887878418,5.331306457519531
0,0,0,0,15.239837646484375,13.791647911071777,5.3389739990234375
0,0,0,0,15.278108596801758,13.826960563659668,5.346763610839844
0,0,0,0,15.3292818069458,13.874378204345703,5.356956481933594
0,0,0,0,15.367647171020508,13.909990310668945,5.36468505859375
0,0,0,0,15.406062126159668,13.945694923400879,5.37249755859375
0,0,0,0,15.457328796386719,13.993524551391602,5.382781982421875
0,0,0,0,15.49590015411377,14.029439926147461,5.3904876708984375
0,0,0,0,15.534391403198242,14.065340995788574,5.398323059082031
0,0,0,0,15.585760116577148,14.113183975219727,5.408905029296875
0,0,0,0,15.624226570129395,14.149202346801758,5.416961669921875
0,0,0,0,15.662847518920898,14.185205459594727,5.425163269042969
0,0,0,0,15.714399337768555,14.233482360839844,5.436119079589844
0,0,0,0,15.753199577331543,14.269722938537598,5.444488525390625
0,0,0,0,15.792027473449707,14.306177139282227,5.452911376953125
0,0,0,0,15.844039916992188,14.354837417602539,5.463958740234375
0,0,0,0,15.883026123046875,14.391363143920898,5.472198486328125
0,0,0,0,15.922018051147461,14.427693367004395,5.480613708496094
0,0,0,0,15.973971366882324,14.476211547851562,5.492103576660156
0,0,0,0,16.012990951538086,14.512632369995117,5.5008544921875
0,0,0,0,16.052108764648438,14.54915714263916,5.509727478027344
0,0,0,0,16.104442596435547,14.597890853881836,5.52178955078125
0,0,0,0,16.14391326904297,14.634577751159668,5.53094482421875
0,0,0,0,16.183486938476562,14.671394348144531,5.540168762207031
0,0,0,0,16.236604690551758,14.720643997192383,5.552574157714844
0,0,0,0,16.276594161987305,14.757765769958496,5.561897277832031
0,0,0,0,16.316852569580078,14.794960975646973,5.5712432861328125
0,0,0,0,16.370710372924805,14.8448486328125,5.583702087402344
0,0,0,0,16.411344528198242,14.882346153259277,5.593048095703125
0,0,0,0,16.452077865600586,14.92005443572998,5.602363586425781
0,0,0,0,16.506694793701172,14.970362663269043,5.614715576171875
0,0,0,0,16.5477237701416,15.00825023651123,5.623931884765625
0,0,0,0,16.588891983032227,15.046053886413574,5.633148193359375
0,0,0,0,16.64380645751953,15.096590042114258,5.645469665527344
0,0,0,0,16.685060501098633,15.134500503540039,5.6547088623046875
0,0,0,0,16.726327896118164,15.172537803649902,5.663978576660156
0,0,0,0,16.781410217285156,15.223226547241211,5.676399230957031
0,0,0,0,16.82280158996582,15.261348724365234,5.685737609863281
0,0,0,0,16.864215850830078,15.299469947814941,5.695091247558594
0,0,0,0,16.919580459594727,15.350353240966797,5.707633972167969
0,0,0,0,16.96111488342285,15.3886079788208,5.717079162597656
0,0,0,0,17.002775192260742,15.426885604858398,5.726531982421875
0,0,0,0,17.05833625793457,15.478010177612305,5.7391357421875
0,0,0,0,17.10011100769043,15.516313552856445,5.748603820800781
0,0,0,0,17.141826629638672,15.554717063903809,5.758056640625
0,0,0,0,17.197561264038086,15.605849266052246,5.770668029785156
0,0,0,0,17.239294052124023,15.644302368164062,5.7801361083984375
0,0,0,0,17.281108856201172,15.682673454284668,5.78961181640625
0,0,0,0,17.336780548095703,15.73388671875,5.80230712890625
0,0,0,0,17.378582000732422,15.772167205810547,5.8118743896484375
0,0,0,0,17.420366287231445,15.81052017211914,5.821495056152344
0,0,0,0,17.476116180419922,15.861529350280762,5.834342956542969
0,0,0,0,17.517972946166992,15.899800300598145,5.843994140625
0,0,0,0,17.559860229492188,15.93797492980957,5.85357666015625
0,0,0,0,17.61577033996582,15.988812446594238,5.86627197265625
0,0,0,0,17.65767478942871,16.026809692382812,5.8757781982421875
0,0,0,0,17.699663162231445,16.064716339111328,5.885307312011719
0,0,0,0,17.755619049072266,16.11511993408203,5.89794921875
0,0,0,0,17.79766082763672,16.152740478515625,5.907371520996094
0,0,0,0,17.83960723876953,16.190319061279297,5.916786193847656
0,0,0,0,17.895660400390625,16.240188598632812,5.929344177246094
0,0,0,0,17.937664031982422,16.277568817138672,5.938751220703125
0,0,0,0,17.97979164123535,16.31475067138672,5.9481964111328125
0,0,0,0,18.03591537475586,16.364240646362305,5.960884094238281
0,0,0,0,18.078081130981445,16.40117645263672,5.9703826904296875
0,0,0,0,18.120235443115234,16.43815040588379,5.9798431396484375
0,0,0,0,18.176620483398438,16.487245559692383,5.99237060546875
0,0,0,0,18.218976974487305,16.524023056030273,6.001701354980469
0,0,0,0,18.261432647705078,16.560636520385742,6.010993957519531
0,0,0,0,18.3181209564209,16.609392166137695,6.023231506347656
0,0,0,0,18.360647201538086,16.645769119262695,6.032264709472656
0,0,0,0,18.417417526245117,16.69401741027832,6.044227600097656
0,0,0,0,18.45993995666504,16.730010986328125,6.053184509277344
0,0,0,0,18.5025634765625,16.76578140258789,6.0620880126953125
0,0,0,0,18.545175552368164,16.801410675048828,6.0709686279296875
0,0,0,0,18.602127075195312,16.84864044189453,6.082832336425781
0,0,0,0,18.64484214782715,16.883987426757812,6.091796875
0,0,0,0,18.687715530395508,16.91918182373047,6.100791931152344
0,0,0,0,18.7449951171875,16.966108322143555,6.112846374511719
0,0,0,0,18.788158416748047,17.001136779785156,6.1219482421875
0,0,0,0,18.83141326904297,17.036205291748047,6.1311492919921875
0,0,0,0,18.889406204223633,17.082805633544922,6.1435394287109375
0,0,0,0,18.933069229125977,17.11779022216797,6.152900695800781
0,0,0,0,18.97694206237793,17.152612686157227,6.162315368652344
0,0,0,0,19.03567123413086,17.199031829833984,6.174980163574219
0,0,0,0,19.07990074157715,17.23373031616211,6.184516906738281
0,0,0,0,19.12430763244629,17.268409729003906,6.1941070556640625
0,0,0,0,19.183692932128906,17.31449317932129,6.206947326660156
0,0,0,0,19.228418350219727,17.34896469116211,6.216575622558594
0,0,0,0,19.273197174072266,17.38340187072754,6.226188659667969
0,0,0,0,19.333093643188477,17.429229736328125,6.2389373779296875
0,0,0,0,19.378032684326172,17.46355628967285,6.2484283447265625
0,0,0,0,19.423091888427734,17.497772216796875,6.25787353515625
0,0,0,0,19.483156204223633,17.543405532836914,6.270378112792969
0,0,0,0,19.52830696105957,17.577512741088867,6.279655456542969
0,0,0,0,19.573392868041992,17.611675262451172,6.288887023925781
0,0,0,0,19.63362693786621,17.657089233398438,6.3011322021484375
0,0,0,0,19.678787231445312,17.691261291503906,6.310264587402344
0,0,0,0,19.724021911621094,17.725341796875,6.319358825683594
0,0,0,0,19.784259796142578,17.770936965942383,6.3314361572265625
0,0,0,0,19.82944679260254,17.80510902404785,6.340484619140625
0,0,0,0,19.874610900878906,17.839393615722656,6.349296569824219
0,0,0,0,19.93474006652832,17.88503646850586,6.3586578369140625
0,0,0,0,19.979286193847656,17.918846130371094,6.365287780761719
0,0,0,0,20.023155212402344,17.952133178710938,6.3720703125
0,0,0,0,20.080942153930664,17.996313095092773,6.38092041015625
0,0,0,0,20.123760223388672,18.029407501220703,6.387481689453125
0,0,0,0,20.166318893432617,18.0623722076416,6.394172668457031
0,0,0,0,20.22255516052246,18.106416702270508,6.403350830078125
0,0,0,0,20.26462173461914,18.139535903930664,6.4104461669921875
0,0,0,0,20.306529998779297,18.172903060913086,6.4177093505859375
0,0,0,0,20.36244773864746,18.21759033203125,6.427650451660156
0,0,0,0,20.404361724853516,18.25149917602539,6.435310363769531
0,0,0,0,20.44643211364746,18.285598754882812,6.4431304931640625
0,0,0,0,20.50255012512207,18.331605911254883,6.4537506103515625
0,0,0,0,20.54477310180664,18.366357803344727,6.461822509765625
0,0,0,0,20.58706283569336,18.401535034179688,6.4699859619140625
0,0,0,0,20.643598556518555,18.448833465576172,6.481040954589844
0,0,0,0,20.686063766479492,18.48473358154297,6.489418029785156
0,0,0,0,20.728567123413086,18.520906448364258,6.4978179931640625
0,0,0,0,20.785276412963867,18.56964874267578,6.5090179443359375
0,0,0,0,20.827789306640625,18.60651206970215,6.517387390136719
0,0,0,0,20.870361328125,18.64362144470215,6.525733947753906
0,0,0,0,20.927099227905273,18.693344116210938,6.536842346191406
0,0,0,0,20.969701766967773,18.73076629638672,6.5451812744140625
0,0,0,0,21.01221466064453,18.768386840820312,6.55352783203125
0,0,0,0,21.068927764892578,18.81861686706543,6.564643859863281
0,0,0,0,21.125465393066406,18.869049072265625,6.57574462890625
0,0,0,0,21.15374755859375,18.89423942565918,6.5812835693359375
0,0,0,0,21.210124969482422,18.94486427307129,6.592369079589844
0,0,0,0,21.266450881958008,18.99556541442871,6.603485107421875
0,0,0,0,21.29456329345703,19.02102279663086,6.609046936035156
0,0,0,0,21.350784301757812,19.07192039489746,6.6201934814453125
0,0,0,0,21.392854690551758,19.110267639160156,6.628547668457031
0,0,0,0,21.43486785888672,19.148635864257812,6.6368560791015625
0,0,0,0,21.490781784057617,19.20001983642578,6.6478729248046875
0,0,0,0,21.532651901245117,19.2386417388916,6.6561126708984375
0,0,0,0,21.57452392578125,19.277387619018555,6.6643829345703125
0,0,0,0,21.63028335571289,19.329078674316406,6.675453186035156
0,0,0,0,21.68606185913086,19.38084602355957,6.686515808105469
0,0,0,0,21.727807998657227,19.419822692871094,6.694709777832031
0,0,0,0,21.76959228515625,19.45871353149414,6.702720642089844
0,0,0,0,21.811176300048828,19.49760627746582,6.7104949951171875
0,0,0,0,21.85259437561035,19.536239624023438,6.7181854248046875
0,0,0,0,21.907289505004883,19.58737564086914,6.72857666015625
0,0,0,0,21.948129653930664,19.625139236450195,6.7362823486328125
0,0,0,0,21.988636016845703,19.662425994873047,6.743904113769531
0,0,0,0,22.04225730895996,19.710960388183594,6.753944396972656
0,0,0,0,22.08208656311035,19.746591567993164,6.7612762451171875
0,0,0,0,22.12158203125,19.781267166137695,6.768455505371094
0,0,0,0,22.173568725585938,19.82611846923828,6.778068542480469
0,0,0,0,22.212190628051758,19.858745574951172,6.785240173339844
0,0,0,0,22.250579833984375,19.890684127807617,6.792388916015625
0,0,0,0,22.30143928527832,19.931978225708008,6.801902770996094
0,0,0,0,22.339393615722656,19.962116241455078,6.809181213378906
0,0,0,0,22.377216339111328,19.991621017456055,6.8166351318359375
0,0,0,0,22.427745819091797,20.030147552490234,6.826873779296875
0,0,0,0,22.465709686279297,20.05862808227539,6.834892272949219
0,0,0,0,22.504045486450195,20.086851119995117,6.843109130859375
0,0,0,0,22.555639266967773,20.124343872070312,6.853919982910156
0,0,0,0,22.594743728637695,20.152172088623047,6.8619537353515625
0,0,0,0,22.633928298950195,20.179853439331055,6.870002746582031
0,0,0,0,22.686477661132812,20.216415405273438,6.8807220458984375
0,0,0,0,22.725940704345703,20.2437686920166,6.8886260986328125
0,0,0,0,22.7654972076416,20.270845413208008,6.896354675292969
0,0,0,0,22.8181095123291,20.306774139404297,6.9065704345703125
0,0,0,0,22.87058448791504,20.34239959716797,6.916999816894531
0,0,0,0,22.89685821533203,20.36020278930664,6.922233581542969
0,0,0,0,22.949533462524414,20.395761489868164,6.932609558105469
0,0,0,0,22.989116668701172,20.422428131103516,6.940338134765625
0,0,0,0,23.028690338134766,20.44900131225586,6.948204040527344
0,0,0,0,23.081626892089844,20.484493255615234,6.959129333496094
0,0,0,0,23.12155532836914,20.511295318603516,6.9674224853515625
0,0,0,0,23.16181182861328,20.53821563720703,6.9757537841796875
0,0,0,0,23.21574592590332,20.57428741455078,6.987060546875
0,0,0,0,23.25653648376465,20.601423263549805,6.995445251464844
0,0,0,0,23.29741668701172,20.62870216369629,7.003684997558594
0,0,0,0,23.352039337158203,20.664905548095703,7.0146026611328125
0,0,0,0,23.39291763305664,20.69207763671875,7.022682189941406
0,0,0,0,23.433826446533203,20.7191104888916,7.0307769775390625
0,0,0,0,23.488262176513672,20.755237579345703,7.041816711425781
0,0,0,0,23.5292911529541,20.782318115234375,7.050163269042969
0,0,0,0,23.570438385009766,20.809595108032227,7.05853271484375
0,0,0,0,23.625585556030273,20.84595489501953,7.06982421875
0,0,0,0,23.681079864501953,20.88246726989746,7.081459045410156
0,0,0,0,23.708969116210938,20.900794982910156,7.087333679199219
0,0,0,0,23.76520347595215,20.937633514404297,7.09906005859375
0,0,0,0,23.80763053894043,20.96530532836914,7.1078643798828125
0,0,0,0,23.850303649902344,20.993030548095703,7.1167144775390625
0,0,0,0,23.907581329345703,21.030067443847656,7.128532409667969
0,0,0,0,23.950950622558594,21.0578556060791,7.137382507324219
0,0,0,0,23.994503021240234,21.08572006225586,7.146263122558594
0,0,0,0,24.053117752075195,21.122873306274414,7.158172607421875
0,0,0,0,24.097360610961914,21.15085220336914,7.1671295166015625
0,0,0,0,24.142017364501953,21.178770065307617,7.1761016845703125
0,0,0,0,24.201967239379883,21.216182708740234,7.188102722167969
0,0,0,0,24.24740219116211,21.244253158569336,7.197044372558594
0,0,0,0,24.2930965423584,21.272430419921875,7.205863952636719
0,0,0,0,24.354450225830078,21.309865951538086,7.217628479003906
0,0,0,0,24.40056610107422,21.337966918945312,7.226478576660156
0,0,0,0,24.446794509887695,21.365930557250977,7.2353363037109375
0,0,0,0,24.508689880371094,21.403234481811523,7.2470550537109375
0,0,0,0,24.555299758911133,21.431095123291016,7.2557525634765625
0,0,0,0,24.602140426635742,21.45886993408203,7.2643280029296875
0,0,0,0,24.664880752563477,21.49566650390625,7.275520324707031
0,0,0,0,24.712182998657227,21.523029327392578,7.2837371826171875
0,0,0,0,24.759525299072266,21.55017852783203,7.29180908203125
0,0,0,0,24.822769165039062,21.585969924926758,7.3023529052734375
0,0,0,0,24.870166778564453,21.612552642822266,7.310203552246094
0,0,0,0,24.917713165283203,21.63877296447754,7.3179931640625
0,0,0,0,24.981107711791992,21.673381805419922,7.328269958496094
0,0,0,0,25.028820037841797,21.69894027709961,7.3359832763671875
0,0,0,0,25.076601028442383,21.724336624145508,7.343727111816406
0,0,0,0,25.140661239624023,21.757720947265625,7.354011535644531
0,0,0,0,25.188894271850586,21.78257179260254,7.361640930175781
0,0,0,0,25.23735809326172,21.80708885192871,7.3692169189453125
0,0,0,0,25.302217483520508,21.83949089050293,7.379341125488281
0,0,0,0,25.35112190246582,21.863473892211914,7.3869171142578125
0,0,0,0,25.400291442871094,21.8873233795166,7.3944244384765625
0,0,0,0,25.466243743896484,21.918731689453125,7.404319763183594
0,0,0,0,25.51597023010254,21.942058563232422,7.4116973876953125
0,0,0,0,25.56587028503418,21.965181350708008,7.4190216064453125
0,0,0,0,25.632761001586914,21.99570083618164,7.4285430908203125
0,0,0,0,25.683015823364258,22.018356323242188,7.4355926513671875
0,0,0,0,25.733400344848633,22.040721893310547,7.442657470703125
0,0,0,0,25.80060386657715,22.0703067779541,7.4520721435546875
0,0,0,0,25.851179122924805,22.092227935791016,7.4590301513671875
0,0,0,0,25.90174674987793,22.114063262939453,7.46588134765625
0,0,0,0,25.96939468383789,22.1428279876709,7.474876403808594
0,0,0,0,26.020076751708984,22.164306640625,7.481536865234375
0,0,0,0,26.070781707763672,22.18549919128418,7.488151550292969
0,0,0,0,26.138229370117188,22.213579177856445,7.496971130371094
0,0,0,0,26.188798904418945,22.234392166137695,7.503578186035156
0,0,0,0,26.256210327148438,22.26201057434082,7.512237548828125
0,0,0,0,26.30666732788086,22.282543182373047,7.5186004638671875
0,0,0,0,26.35696792602539,22.30291175842285,7.524993896484375
0,0,0,0,26.407047271728516,22.323081970214844,7.531425476074219
0,0,0,0,26.473615646362305,22.349822998046875,7.539985656738281
0,0,0,0,26.523426055908203,22.369829177856445,7.546302795410156
0,0,0,0,26.573213577270508,22.389753341674805,7.55255126953125
0,0,0,0,26.63928985595703,22.416170120239258,7.5609130859375
0,0,0,0,26.688756942749023,22.435802459716797,7.5671844482421875
0,0,0,0,26.738018035888672,22.45545196533203,7.5735015869140625
0,0,0,0,26.803722381591797,22.481552124023438,7.5819854736328125
0,0,0,0,26.85295295715332,22.501262664794922,7.588310241699219
0,0,0,0,26.902252197265625,22.520915985107422,7.594596862792969
0,0,0,0,26.96782112121582,22.547225952148438,7.603050231933594
0,0,0,0,27.017057418823242,22.56687355041504,7.60943603515625
0,0,0,0,27.066287994384766,22.58666229248047,7.6158294677734375
0,0,0,0,27.132030487060547,22.613027572631836,7.624359130859375
0,0,0,0,27.181320190429688,22.63292121887207,7.630775451660156
0,0,0,0,27.230592727661133,22.65279197692871,7.63726806640625
0,0,0,0,27.296367645263672,22.67947769165039,7.645965576171875
0,0,0,0,27.345760345458984,22.699560165405273,7.652496337890625
0,0,0,0,27.395261764526367,22.719694137573242,7.659049987792969
0,0,0,0,27.461315155029297,22.746614456176758,7.667900085449219
0,0,0,0,27.511016845703125,22.766855239868164,7.674613952636719
0,0,0,0,27.560806274414062,22.78721809387207,7.6813507080078125
0,0,0,0,27.627470016479492,22.814451217651367,7.690330505371094
0,0,0,0,27.677520751953125,22.83502960205078,7.697021484375
0,0,0,0,27.72772216796875,22.85555076599121,7.703712463378906
0,0,0,0,27.794612884521484,22.883068084716797,7.7127838134765625
0,0,0,0,27.84492301940918,22.9036865234375,7.719657897949219
0,0,0,0,27.895246505737305,22.924482345581055,7.7265625
0,0,0,0,27.962566375732422,22.952178955078125,7.735786437988281
0,0,0,0,28.013187408447266,22.973106384277344,7.742683410644531
0,0,0,0,28.063936233520508,22.994047164916992,7.7495880126953125
0,0,0,0,28.131757736206055,23.022239685058594,7.7588653564453125
0,0,0,0,28.18280792236328,23.043481826782227,7.765869140625
0,0,0,0,28.234018325805664,23.06488609313965,7.772850036621094
0,0,0,0,28.30244255065918,23.093563079833984,7.7820892333984375
0,0,0,0,28.353849411010742,23.115140914916992,7.789070129394531
0,0,0,0,28.4051570892334,23.136856079101562,7.796104431152344
0,0,0,0,28.473636627197266,23.16602325439453,7.805442810058594
0,0,0,0,28.52488136291504,23.188146591186523,7.812171936035156
0,0,0,0,28.576082229614258,23.210277557373047,7.818641662597656
0,0,0,0,28.643802642822266,23.239845275878906,7.826835632324219
0,0,0,0,28.69412612915039,23.261812210083008,7.8327484130859375
0,0,0,0,28.743791580200195,23.28374671936035,7.838722229003906
0,0,0,0,28.809322357177734,23.31279754638672,7.8468780517578125
0,0,0,0,28.857990264892578,23.334762573242188,7.852943420410156
0,0,0,0,28.90633201599121,23.35671043395996,7.8589630126953125
0,0,0,0,28.97010040283203,23.386173248291016,7.867218017578125
0,0,0,0,29.01760482788086,23.408384323120117,7.873512268066406
0,0,0,0,29.064908981323242,23.430883407592773,7.879852294921875
0,0,0,0,29.127662658691406,23.461130142211914,7.8885040283203125
0,0,0,0,29.174623489379883,23.48410987854004,7.895027160644531
0,0,0,0,29.22149658203125,23.50738525390625,7.9014739990234375
0,0,0,0,29.283817291259766,23.538742065429688,7.910003662109375
0,0,0,0,29.33026885986328,23.562498092651367,7.916374206542969
0,0,0,0,29.376615524291992,23.586414337158203,7.9227752685546875
0,0,0,0,29.43799591064453,23.618690490722656,7.931434631347656
0,0,0,0,29.483898162841797,23.64307975769043,7.938079833984375
0,0,0,0,29.529638290405273,23.667875289916992,7.944770812988281
0,0,0,0,29.590665817260742,23.701393127441406,7.9533843994140625
0,0,0,0,29.636201858520508,23.726848602294922,7.959632873535156
0,0,0,0,29.681488037109375,23.752294540405273,7.965950012207031
0,0,0,0,29.74135398864746,23.786558151245117,7.974639892578125
0,0,0,0,29.786113739013672,23.812490463256836,7.981086730957031
0,0,0,0,29.83067512512207,23.838756561279297,7.9874420166015625
0,0,0,0,29.88972282409668,23.873916625976562,7.996177673339844
0,0,0,0,29.93382453918457,23.90062713623047,8.002845764160156
0,0,0,0,29.977874755859375,23.927623748779297,8.00946044921875
0,0,0,0,30.03654670715332,23.964021682739258,8.018074035644531
0,0,0,0,30.080339431762695,23.9914608001709,8.024482727050781
0,0,0,0,30.12401008605957,24.019006729125977,8.030891418457031
0,0,0,0,30.18191146850586,24.05597686767578,8.039237976074219
0,0,0,0,30.22518539428711,24.083707809448242,8.045425415039062
0,0,0,0,30.26812171936035,24.111507415771484,8.051597595214844
0,0,0,0,30.325138092041016,24.148550033569336,8.059791564941406
0,0,0,0,30.367582321166992,24.176450729370117,8.066108703613281
0,0,0,0,30.40998649597168,24.204355239868164,8.072601318359375
0,0,0,0,30.4664363861084,24.241987228393555,8.081474304199219
0,0,0,0,30.508962631225586,24.270435333251953,8.088088989257812
0,0,0,0,30.55152702331543,24.299179077148438,8.09466552734375
0,0,0,0,30.60834503173828,24.33759880065918,8.103744506835938
0,0,0,0,30.651086807250977,24.366727828979492,8.110565185546875
0,0,0,0,30.722631454467773,24.41571617126465,8.121810913085938
0,0,0,0,30.751352310180664,24.43536949157715,8.126411437988281
0,0,0,0,30.79444122314453,24.46498680114746,8.133415222167969
0,0,0,0,30.852258682250977,24.5047664642334,8.142776489257812
0,0,0,0,30.895795822143555,24.534868240356445,8.14959716796875
0,0,0,0,30.939512252807617,24.5649356842041,8.156333923339844
0,0,0,0,30.997705459594727,24.60507583618164,8.165374755859375
0,0,0,0,31.041454315185547,24.635107040405273,8.172233581542969
0,0,0,0,31.08517837524414,24.665279388427734,8.179000854492188
0,0,0,0,31.143627166748047,24.705421447753906,8.187820434570312
0,0,0,0,31.18735122680664,24.73551368713379,8.194381713867188
0,0,0,0,31.23103141784668,24.76544952392578,8.2010498046875
0,0,0,0,31.289140701293945,24.80548667907715,8.210098266601562
0,0,0,0,31.332826614379883,24.835500717163086,8.216911315917969
0,0,0,0,31.376625061035156,24.865617752075195,8.223670959472656
0,0,0,0,31.435195922851562,24.90567970275879,8.232704162597656
0,0,0,0,31.479209899902344,24.935733795166016,8.239654541015625
0,0,0,0,31.523319244384766,24.96581268310547,8.246604919433594
0,0,0,0,31.597126007080078,25.016115188598633,8.258049011230469
0,0,0,0,31.626649856567383,25.03626251220703,8.262565612792969
0,0,0,0,31.67104148864746,25.066387176513672,8.269279479980469
0,0,0,0,31.73008155822754,25.106462478637695,8.278167724609375
0,0,0,0,31.774307250976562,25.13633918762207,8.2847900390625
0,0,0,0,31.81831169128418,25.166168212890625,8.291526794433594
0,0,0,0,31.87693214416504,25.20563507080078,8.300819396972656
0,0,0,0,31.920854568481445,25.235286712646484,8.307998657226562
0,0,0,0,31.964954376220703,25.264875411987305,8.315345764160156
0,0,0,0,32.02385711669922,25.304494857788086,8.325393676757812
0,0,0,0,32.068260192871094,25.334226608276367,8.333038330078125
0,0,0,0,32.12770080566406,25.374074935913086,8.343246459960938
0,0,0,0,32.17239761352539,25.403963088989258,8.350944519042969
0,0,0,0,32.21719741821289,25.433935165405273,8.358673095703125
0,0,0,0,32.2620849609375,25.46385383605957,8.366432189941406
0,0,0,0,32.32205581665039,25.50381088256836,8.376785278320312
0,0,0,0,32.36711120605469,25.533775329589844,8.384628295898438
0,0,0,0,32.42750549316406,25.573741912841797,8.395179748535156
0,0,0,0,32.47295379638672,25.603830337524414,8.403053283691406
0,0,0,0,32.51866912841797,25.633874893188477,8.410812377929688
0,0,0,0,32.564388275146484,25.66392707824707,8.418479919433594
0,0,0,0,32.62546157836914,25.703811645507812,8.42864990234375
0,0,0,0,32.67118835449219,25.733734130859375,8.436294555664062
0,0,0,0,32.71702575683594,25.763525009155273,8.443916320800781
0,0,0,0,32.77810287475586,25.80332374572754,8.453941345214844
0,0,0,0,32.82392883300781,25.833009719848633,8.461509704589844
0,0,0,0,32.86964797973633,25.862781524658203,8.469039916992188
0,0,0,0,32.93065643310547,25.902368545532227,8.478935241699219
0,0,0,0,32.97629165649414,25.932039260864258,8.486175537109375
0,0,0,0,33.02177429199219,25.961437225341797,8.49334716796875
0,0,0,0,33.082069396972656,26.000490188598633,8.502754211425781
0,0,0,0,33.12701416015625,26.029592514038086,8.509651184082031
0,0,0,0,33.17171859741211,26.058547973632812,8.516410827636719
0,0,0,0,33.23081588745117,26.096843719482422,8.525283813476562
0,0,0,0,33.27484893798828,26.125341415405273,8.531898498535156
0,0,0,0,33.31859588623047,26.153697967529297,8.538345336914062
0,0,0,0,33.37665939331055,26.19123649597168,8.5467529296875
0,0,0,0,33.419803619384766,26.21923828125,8.553131103515625
0,0,0,0,33.462745666503906,26.246990203857422,8.559700012207031
0,0,0,0,33.51972961425781,26.283960342407227,8.568626403808594
0,0,0,0,33.56251907348633,26.31159019470215,8.575218200683594
0,0,0,0,33.60521697998047,26.339223861694336,8.581809997558594
0,0,0,0,33.66220474243164,26.375804901123047,8.590736389160156
0,0,0,0,33.704978942871094,26.40328598022461,8.597610473632812
0,0,0,0,33.76231384277344,26.439861297607422,8.606483459472656
0,0,0,0,33.80535125732422,26.46721649169922,8.612907409667969
0,0,0,0,33.848209381103516,26.4942684173584,8.619476318359375
0,0,0,0,33.89088439941406,26.521177291870117,8.62628173828125
0,0,0,0,33.94778060913086,26.55695343017578,8.635498046875
0,0,0,0,33.9906005859375,26.583805084228516,8.642410278320312
0,0,0,0,34.03347396850586,26.610605239868164,8.649322509765625
0,0,0,0,34.090972900390625,26.646326065063477,8.658576965332031
0,0,0,0,34.1342887878418,26.6732234954834,8.665443420410156
0,0,0,0,34.17789840698242,26.700101852416992,8.672264099121094
0,0,0,0,34.23637390136719,26.736074447631836,8.681365966796875
0,0,0,0,34.28065872192383,26.76311492919922,8.688133239746094
0,0,0,0,34.3252067565918,26.790363311767578,8.694725036621094
0,0,0,0,34.38511657714844,26.826675415039062,8.703292846679688
0,0,0,0,34.43025588989258,26.854049682617188,8.709732055664062
0,0,0,0,34.47572708129883,26.881359100341797,8.716064453125
0,0,0,0,34.536651611328125,26.917959213256836,8.72418212890625
0,0,0,0,34.58253860473633,26.945297241210938,8.730171203613281
0,0,0,0,34.62849044799805,26.972686767578125,8.736213684082031
0,0,0,0,34.69001388549805,27.009214401245117,8.7442626953125
0,0,0,0,34.736412048339844,27.036731719970703,8.750114440917969
0,0,0,0,34.78288269042969,27.064208984375,8.755989074707031
0,0,0,0,34.84501647949219,27.100833892822266,8.763916015625
0,0,0,0,34.891754150390625,27.12836265563965,8.769813537597656
0,0,0,0,34.93872833251953,27.15594482421875,8.775604248046875
0,0,0,0,35.00142288208008,27.192724227905273,8.783050537109375
0,0,0,0,35.04845428466797,27.22013282775879,8.788726806640625
0,0,0,0,35.0953483581543,27.24753189086914,8.794563293457031
0,0,0,0,35.1580810546875,27.283971786499023,8.802375793457031
0,0,0,0,35.20520782470703,27.311359405517578,8.808219909667969
0,0,0,0,35.252498626708984,27.338565826416016,8.814201354980469
0,0,0,0,35.3155517578125,27.3748836517334,8.822395324707031
0,0,0,0,35.363014221191406,27.402074813842773,8.828598022460938
0,0,0,0,35.410587310791016,27.429420471191406,8.834747314453125
0,0,0,0,35.47426223754883,27.46575927734375,8.842781066894531
0,0,0,0,35.521942138671875,27.492931365966797,8.848892211914062
0,0,0,0,35.569541931152344,27.51992416381836,8.855010986328125
0,0,0,0,35.632904052734375,27.555875778198242,8.863052368164062
0,0,0,0,35.68021774291992,27.582664489746094,8.8690185546875
0,0,0,0,35.72736358642578,27.609251022338867,8.875137329101562
0,0,0,0,35.78996658325195,27.64449691772461,8.883438110351562
0,0,0,0,35.836910247802734,27.67082977294922,8.889533996582031
0,0,0,0,35.883575439453125,27.697038650512695,8.895637512207031
0,0,0,0,35.94550323486328,27.73164939880371,8.904052734375
0,0,0,0,35.99175262451172,27.75766944885254,8.910469055175781
0,0,0,0,36.05361557006836,27.792316436767578,8.919090270996094
0,0,0,0,36.10007095336914,27.818445205688477,8.925468444824219
0,0,0,0,36.14670944213867,27.844512939453125,8.931678771972656
0,0,0,0,36.19331359863281,27.870655059814453,8.937774658203125
0,0,0,0,36.2554817199707,27.905317306518555,8.945701599121094
0,0,0,0,36.30195236206055,27.931291580200195,8.951446533203125
0,0,0,0,36.3481559753418,27.95703125,8.957084655761719
0,0,0,0,36.40923309326172,27.991168975830078,8.964607238769531
0,0,0,0,36.45468521118164,28.016626358032227,8.970321655273438
0,0,0,0,36.499996185302734,28.04208755493164,8.975997924804688
0,0,0,0,36.5601806640625,28.076007843017578,8.983413696289062
0,0,0,0,36.605220794677734,28.10141372680664,8.988845825195312
0,0,0,0,36.65003204345703,28.126752853393555,8.994186401367188
0,0,0,0,36.709598541259766,28.160369873046875,9.001144409179688
0,0,0,0,36.75395584106445,28.185523986816406,9.0062255859375
0,0,0,0,36.79814910888672,28.210439682006836,9.011329650878906
0,0,0,0,36.85661697387695,28.24352264404297,9.018386840820312
0,0,0,0,36.900455474853516,28.268280029296875,9.023757934570312
0,0,0,0,36.94426727294922,28.29323387145996,9.0291748046875
0,0,0,0,37.00301742553711,28.326587677001953,9.036407470703125
0,0,0,0,37.04731369018555,28.35187339782715,9.0416259765625
0,0,0,0,37.091712951660156,28.377103805541992,9.046745300292969
0,0,0,0,37.1507682800293,28.410764694213867,9.053581237792969
0,0,0,0,37.19499969482422,28.43589973449707,9.058753967285156
0,0,0,0,37.23928451538086,28.461166381835938,9.063819885253906
0,0,0,0,37.298431396484375,28.494850158691406,9.070304870605469
0,0,0,0,37.342750549316406,28.520038604736328,9.0751953125
0,0,0,0,37.38697814941406,28.545185089111328,9.080169677734375
0,0,0,0,37.4461784362793,28.578889846801758,9.086715698242188
0,0,0,0,37.49073028564453,28.60434341430664,9.091445922851562
0,0,0,0,37.53553009033203,28.629791259765625,9.096023559570312
0,0,0,0,37.595237731933594,28.66377830505371,9.102005004882812
0,0,0,0,37.640132904052734,28.689218521118164,9.106529235839844
0,0,0,0,37.68509292602539,28.71484375,9.110931396484375
0,0,0,0,37.745357513427734,28.748973846435547,9.116630554199219
0,0,0,0,37.790462493896484,28.77457046508789,9.121040344238281
0,0,0,0,37.835662841796875,28.800077438354492,9.125511169433594
0,0,0,0,37.89610290527344,28.834367752075195,9.131454467773438
0,0,0,0,37.941673278808594,28.86012077331543,9.135948181152344
0,0,0,0,37.98744583129883,28.88603973388672,9.14044189453125
0,0,0,0,38.04890823364258,28.920757293701172,9.146339416503906
0,0,0,0,38.09530258178711,28.947010040283203,9.150535583496094
0,0,0,0,38.141685485839844,28.973182678222656,9.154678344726562
0,0,0,0,38.20331954956055,29.00792121887207,9.160385131835938
0,0,0,0,38.24944305419922,29.034013748168945,9.164619445800781
0,0,0,0,38.295631408691406,29.060144424438477,9.168685913085938
0,0,0,0,38.3570671081543,29.094959259033203,9.173988342285156
0,0,0,0,38.40311813354492,29.12097930908203,9.177978515625
0,0,0,0,38.464439392089844,29.15583610534668,9.183219909667969
0,0,0,0,38.51057434082031,29.181982040405273,9.186996459960938
0,0,0,0,38.55672073364258,29.20830726623535,9.190658569335938
0,0,0,0,38.60309600830078,29.234678268432617,9.194183349609375
0,0,0,0,38.66513442993164,29.270259857177734,9.198623657226562
0,0,0,0,38.71193313598633,29.297082901000977,9.201751708984375
0,0,0,0,38.75887680053711,29.324216842651367,9.20477294921875
0,0,0,0,38.821861267089844,29.360660552978516,9.208572387695312
0,0,0,0,38.869266510009766,29.38826560974121,9.211250305175781
0,0,0,0,38.91657638549805,29.415822982788086,9.213951110839844
0,0,0,0,38.979496002197266,29.452707290649414,9.217658996582031
0,0,0,0,39.026634216308594,29.48057746887207,9.220382690429688
0,0,0,0,39.07381057739258,29.50865364074707,9.223037719726562
0,0,0,0,39.13655471801758,29.54622459411621,9.226448059082031
0,0,0,0,39.18352508544922,29.574329376220703,9.228912353515625
0,0,0,0,39.230201721191406,29.602401733398438,9.231338500976562
0,0,0,0,39.292179107666016,29.6396484375,9.234481811523438
0,0,0,0,39.33830642700195,29.667531967163086,9.236732482910156
0,0,0,0,39.38420867919922,29.69511604309082,9.239082336425781
0,0,0,0,39.4449462890625,29.731782913208008,9.242218017578125
0,0,0,0,39.49038314819336,29.759212493896484,9.244468688964844
0,0,0,0,39.535552978515625,29.786680221557617,9.246711730957031
0,0,0,0,39.595542907714844,29.823036193847656,9.249923706054688
0,0,0,0,39.64044189453125,29.850461959838867,9.252388000488281
0,0,0,0,39.685420989990234,29.87796974182129,9.254776000976562
0,0,0,0,39.745277404785156,29.914791107177734,9.257858276367188
0,0,0,0,39.78992462158203,29.942235946655273,9.260330200195312
0,0,0,0,39.83445358276367,29.969703674316406,9.262886047363281
0,0,0,0,39.89379119873047,30.006467819213867,9.266220092773438
0,0,0,0,39.938438415527344,30.03420066833496,9.2686767578125
0,0,0,0,39.9831428527832,30.062135696411133,9.27105712890625
0,0,0,0,40.04295349121094,30.099628448486328,9.274124145507812
0,0,0,0,40.08775329589844,30.127885818481445,9.276504516601562
0,0,0,0,40.1326904296875,30.156173706054688,9.278915405273438
0,0,0,0,40.19273376464844,30.19428825378418,9.282058715820312
0,0,0,0,40.23801803588867,30.2230224609375,9.284378051757812
0,0,0,0,40.28341293334961,30.252071380615234,9.286651611328125
0,0,0,0,40.3443489074707,30.291067123413086,9.2896728515625
0,0,0,0,40.39031219482422,30.320690155029297,9.291893005371094
0,0,0,0,40.45195770263672,30.36050033569336,9.294700622558594
0,0,0,0,40.498355865478516,30.390670776367188,9.296684265136719
0,0,0,0,40.544761657714844,30.420860290527344,9.298713684082031
0,0,0,0,40.59113693237305,30.451175689697266,9.300872802734375
0,0,0,0,40.653076171875,30.49187469482422,9.303749084472656
0,0,0,0,40.69956970214844,30.522602081298828,9.305862426757812
0,0,0,0,40.745941162109375,30.553354263305664,9.308021545410156
0,0,0,0,40.80772399902344,30.594497680664062,9.310966491699219
0,0,0,0,40.85398483276367,30.625547409057617,9.3131103515625
0,0,0,0,40.900146484375,30.65656280517578,9.31524658203125
0,0,0,0,40.961124420166016,30.697786331176758,9.318077087402344
0,0,0,0,41.006404876708984,30.728416442871094,9.320335388183594
0,0,0,0,41.06605529785156,30.76917839050293,9.323348999023438
0,0,0,0,41.11043167114258,30.79960060119629,9.32550048828125
0,0,0,0,41.15434646606445,30.82999038696289,9.327560424804688
0,0,0,0,41.19792175292969,30.860130310058594,9.329559326171875
0,0,0,0,41.25534439086914,30.900171279907227,9.332107543945312
0,0,0,0,41.297950744628906,30.92991828918457,9.333961486816406
0,0,0,0,41.340087890625,30.95952796936035,9.335700988769531
0,0,0,0,41.395606994628906,30.998552322387695,9.337905883789062
0,0,0,0,41.43674087524414,31.02756690979004,9.339584350585938
0,0,0,0,41.491065979003906,31.06601333618164,9.34185791015625
0,0,0,0,41.54536819458008,31.104469299316406,9.344032287597656
0,0,0,0,41.572452545166016,31.123733520507812,9.345100402832031
0,0,0,0,41.626564025878906,31.162038803100586,9.347518920898438
0,0,0,0,41.66710662841797,31.19080924987793,9.349525451660156
0,0,0,0,41.70798873901367,31.219654083251953,9.3515625
0,0,0,0,41.74909973144531,31.248668670654297,9.353553771972656
0,0,0,0,41.80451202392578,31.287351608276367,9.356109619140625
0,0,0,0,41.846317291259766,31.31649398803711,9.357955932617188
0,0,0,0,41.902503967285156,31.355228424072266,9.360382080078125
0,0,0,0,41.944915771484375,31.384328842163086,9.362098693847656
0,0,0,0,41.987640380859375,31.413293838500977,9.363624572753906
0,0,0,0,42.030418395996094,31.44222640991211,9.365028381347656
0,0,0,0,42.087432861328125,31.480318069458008,9.366912841796875
0,0,0,0,42.13010025024414,31.508638381958008,9.368476867675781
0,0,0,0,42.1728515625,31.53671646118164,9.369972229003906
0,0,0,0,42.244300842285156,31.583101272583008,9.372283935546875
0,0,0,0,42.272804260253906,31.60140037536621,9.373367309570312
0,0,0,0,42.315673828125,31.628591537475586,9.375099182128906
0,0,0,0,42.37310791015625,31.664474487304688,9.377395629882812
0,0,0,0,42.41652297973633,31.691070556640625,9.378990173339844
0,0,0,0,42.459938049316406,31.71736717224121,9.380477905273438
0,0,0,0,42.51776123046875,31.751747131347656,9.38238525390625
0,0,0,0,42.560821533203125,31.777137756347656,9.383758544921875
0,0,0,0,42.618011474609375,31.8101749420166,9.38555908203125
0,0,0,0,42.66057205200195,31.834487915039062,9.386970520019531
0,0,0,0,42.70302963256836,31.858203887939453,9.388595581054688
0,0,0,0,42.7454833984375,31.881582260131836,9.390228271484375
0,0,0,0,42.80236053466797,31.911943435668945,9.392295837402344
0,0,0,0,42.844974517822266,31.93419647216797,9.39385986328125
0,0,0,0,42.887516021728516,31.95585823059082,9.395515441894531
0,0,0,0,42.94416046142578,31.984050750732422,9.397819519042969
0,0,0,0,42.98657989501953,32.00456619262695,9.399559020996094
0,0,0,0,43.02888107299805,32.024635314941406,9.401535034179688
0,0,0,0,43.08517074584961,32.05056381225586,9.40478515625
0,0,0,0,43.12771987915039,32.06943130493164,9.407333374023438
0,0,0,0,43.17057418823242,32.08781814575195,9.409896850585938
0,0,0,0,43.22821807861328,32.11149978637695,9.413543701171875
0,0,0,0,43.27173614501953,32.128726959228516,9.416526794433594
0,0,0,0,43.31571960449219,32.1453742980957,9.419502258300781
0,0,0,0,43.37471389770508,32.16682815551758,9.423385620117188
0,0,0,0,43.41920852661133,32.18227005004883,9.426177978515625
0,0,0,0,43.463584899902344,32.19731140136719,9.428993225097656
0,0,0,0,43.52249526977539,32.21644592285156,9.432914733886719
0,0,0,0,43.566287994384766,32.23029708862305,9.436264038085938
0,0,0,0,43.610069274902344,32.24354553222656,9.439781188964844
0,0,0,0,43.66844177246094,32.26052474975586,9.444480895996094
0,0,0,0,43.71219253540039,32.2725944519043,9.448028564453125
0,0,0,0,43.755859375,32.28425598144531,9.45147705078125
0,0,0,0,43.813785552978516,32.29895782470703,9.456077575683594
0,0,0,0,43.85689926147461,32.30942916870117,9.459648132324219
0,0,0,0,43.89970397949219,32.319358825683594,9.4632568359375
0,0,0,0,43.956417083740234,32.33180236816406,9.468009948730469
0,0,0,0,43.99859619140625,32.34053421020508,9.4716796875
0,0,0,0,44.04066467285156,32.3486442565918,9.475448608398438
0,0,0,0,44.096500396728516,32.35865783691406,9.480690002441406
0,0,0,0,44.13845443725586,32.36546325683594,9.485054016113281
0,0,0,0,44.180572509765625,32.37175369262695,9.489761352539062
0,0,0,0,44.23767852783203,32.379051208496094,9.496368408203125
0,0,0,0,44.28129577636719,32.38387680053711,9.501556396484375
0,0,0,0,44.325862884521484,32.38799285888672,9.506858825683594
0,0,0,0,44.40227508544922,32.393592834472656,9.515960693359375
0,0,0,0,44.43367004394531,32.39533996582031,9.519668579101562
0,0,0,0,44.48164367675781,32.39754867553711,9.525276184082031
0,0,0,0,44.54731750488281,32.39945602416992,9.532814025878906
0,0,0,0,44.59779739379883,32.400230407714844,9.538475036621094
0,0,0,0,44.64921569824219,32.400360107421875,9.544136047363281
0,0,0,0,44.71915054321289,32.39976119995117,9.551719665527344
0,0,0,0,44.77247619628906,32.39873123168945,9.557395935058594
0,0,0,0,44.82652282714844,32.397212982177734,9.563034057617188
0,0,0,0,44.89942932128906,32.39451599121094,9.570571899414062
0,0,0,0,44.95477294921875,32.391963958740234,9.576248168945312
0,0,0,0,45.01046371459961,32.38909149169922,9.581924438476562
0,0,0,0,45.08539962768555,32.384674072265625,9.589508056640625
0,0,0,0,45.14189147949219,32.38107681274414,9.595230102539062
0,0,0,0,45.19874954223633,32.377071380615234,9.600959777832031
0,0,0,0,45.27475357055664,32.37138366699219,9.608596801757812
0,0,0,0,45.33199691772461,32.366729736328125,9.614295959472656
0,0,0,0,45.38930892944336,32.36190414428711,9.6199951171875
0,0,0,0,45.46590042114258,32.35495376586914,9.627571105957031
0,0,0,0,45.52338409423828,32.34951400756836,9.633255004882812
0,0,0,0,45.600101470947266,32.34185028076172,9.640769958496094
0,0,0,0,45.65772247314453,32.33584213256836,9.646354675292969
0,0,0,0,45.7153434753418,32.329620361328125,9.65191650390625
0,0,0,0,45.773048400878906,32.32320785522461,9.657463073730469
0,0,0,0,45.84999084472656,32.314388275146484,9.664863586425781
0,0,0,0,45.90780258178711,32.30754089355469,9.670372009277344
0,0,0,0,45.965572357177734,32.300567626953125,9.675865173339844
0,0,0,0,46.04270935058594,32.290985107421875,9.683212280273438
0,0,0,0,46.10047912597656,32.28368377685547,9.688796997070312
0,0,0,0,46.1583251953125,32.276180267333984,9.694442749023438
0,0,0,0,46.235328674316406,32.26609420776367,9.7020263671875
0,0,0,0,46.29314422607422,32.2583122253418,9.707763671875
0,0,0,0,46.350830078125,32.25052261352539,9.713546752929688
0,0,0,0,46.427772521972656,32.239830017089844,9.721351623535156
0,0,0,0,46.48540496826172,32.23173522949219,9.727272033691406
0,0,0,0,46.54303741455078,32.22345733642578,9.733268737792969
0,0,0,0,46.61976623535156,32.21240234375,9.741424560546875
0,0,0,0,46.67723083496094,32.203948974609375,9.7476806640625
0,0,0,0,46.73469161987305,32.19540786743164,9.754066467285156
0,0,0,0,46.81126403808594,32.183746337890625,9.762733459472656
0,0,0,0,46.86871337890625,32.17483901977539,9.769264221191406
0,0,0,0,46.92606735229492,32.16580581665039,9.775810241699219
0,0,0,0,47.00246810913086,32.1535758972168,9.784500122070312
0,0,0,0,47.05955505371094,32.14431381225586,9.790939331054688
0,0,0,0,47.11655044555664,32.13490676879883,9.797264099121094
0,0,0,0,47.1920051574707,32.12241744995117,9.80548095703125
0,0,0,0,47.248207092285156,32.11296463012695,9.811470031738281
0,0,0,0,47.3038215637207,32.103614807128906,9.817230224609375
0,0,0,0,47.37709426879883,32.09105682373047,9.824562072753906
0,0,0,0,47.43120193481445,32.08174133300781,9.829742431640625
0,0,0,0,47.484561920166016,32.07234191894531,9.83465576171875
0,0,0,0,47.554256439208984,32.06003952026367,9.840797424316406
0,0,0,0,47.605411529541016,32.05086898803711,9.845039367675781
0,0,0,0,47.655479431152344,32.041900634765625,9.849014282226562
0,0,0,0,47.72041320800781,32.03010559082031,9.853919982910156
0,0,0,0,47.7676887512207,32.02145004272461,9.857276916503906
0,0,0,0,47.81365203857422,32.01291275024414,9.860336303710938
0,0,0,0,47.872920989990234,32.001808166503906,9.863998413085938
0,0,0,0,47.9156608581543,31.99376106262207,9.866439819335938
0,0,0,0,47.95701217651367,31.98589515686035,9.868682861328125
0,0,0,0,48.00979232788086,31.97577476501465,9.871330261230469
0,0,0,0,48.0477294921875,31.968374252319336,9.873130798339844
0,0,0,0,48.084102630615234,31.9612979888916,9.874794006347656
0,0,0,0,48.13035583496094,31.952173233032227,9.876876831054688
0,0,0,0,48.163246154785156,31.945680618286133,9.878303527832031
0,0,0,0,48.19472885131836,31.93933868408203,9.879684448242188
0,0,0,0,48.23430633544922,31.931371688842773,9.881393432617188
0,0,0,0,48.2623291015625,31.92561149597168,9.882575988769531
0,0,0,0,48.28891372680664,31.92017936706543,9.883674621582031
0,0,0,0,48.322166442871094,31.913251876831055,9.885063171386719
0,0,0,0,48.345420837402344,31.908437728881836,9.8861083984375
0,0,0,0,48.367252349853516,31.90383529663086,9.88714599609375
0,0,0,0,48.3942985534668,31.8981876373291,9.888557434082031
0,0,0,0,48.413055419921875,31.894229888916016,9.889656066894531
0,0,0,0,48.43617248535156,31.889362335205078,9.891220092773438
0,0,0,0,48.452022552490234,31.88606834411621,9.892448425292969
0,0,0,0,48.46685028076172,31.88294219970703,9.893775939941406
0,0,0,0,48.48051071166992,31.880094528198242,9.895195007324219
0,0,0,0,48.49725341796875,31.876544952392578,9.897216796875
0,0,0,0,48.50857162475586,31.874231338500977,9.898826599121094
0,0,0,0,48.51906967163086,31.872079849243164,9.9005126953125
0,0,0,0,48.531646728515625,31.869659423828125,9.902847290039062
0,0,0,0,48.540184020996094,31.868017196655273,9.904685974121094
0,0,0,0,48.54787826538086,31.86668586730957,9.906570434570312
0,0,0,0,48.5571174621582,31.865093231201172,9.909164428710938
0,0,0,0,48.563289642333984,31.8641357421875,9.911125183105469
0,0,0,0,48.5688591003418,31.86324119567871,9.913078308105469
0,0,0,0,48.575321197509766,31.86235809326172,9.915657043457031
0,0,0,0,48.5794563293457,31.861814498901367,9.91754150390625
0,0,0,0,48.58308792114258,31.86141014099121,9.919418334960938
0,0,0,0,48.58713912963867,31.86101722717285,9.921882629394531
0,0,0,0,48.589691162109375,31.86084747314453,9.9237060546875
0,0,0,0,48.59175491333008,31.86083221435547,9.92547607421875
0,0,0,0,48.59407424926758,31.860897064208984,9.927772521972656
0,0,0,0,48.59538650512695,31.861112594604492,9.929450988769531
0,0,0,0,48.59682846069336,31.861412048339844,9.931640625
0,0,0,0,48.597557067871094,31.86176872253418,9.933258056640625
0,0,0,0,48.59815979003906,31.862043380737305,9.934829711914062
0,0,0,0,48.59852981567383,31.862449645996094,9.936317443847656
0,0,0,0,48.59889602661133,31.86290168762207,9.938156127929688
0,0,0,0,48.59897232055664,31.863330841064453,9.939437866210938
0,0,0,0,48.598880767822266,31.86368751525879,9.940643310546875
0,0,0,0,48.59852981567383,31.864274978637695,9.942138671875
0,0,0,0,48.598148345947266,31.864648818969727,9.943153381347656
0,0,0,0,48.59751892089844,31.865158081054688,9.944435119628906
0,0,0,0,48.596920013427734,31.865497589111328,9.945320129394531
0,0,0,0,48.596336364746094,31.86577796936035,9.946121215820312
0,0,0,0,48.5956916809082,31.866008758544922,9.94683837890625
0,0,0,0,48.594905853271484,31.866241455078125,9.947685241699219
0,0,0,0,48.59427261352539,31.866424560546875,9.948249816894531
0,0,0,0,48.59353256225586,31.86653709411621,9.948883056640625
0,0,0,0,48.59292984008789,31.866653442382812,9.949295043945312
0,0,0,0,48.5923957824707,31.866601943969727,9.949668884277344
0,0,0,0,48.5917854309082,31.866592407226562,9.950019836425781
0,0,0,0,48.59107971191406,31.8664608001709,9.950386047363281
0,0,0,0,48.590518951416016,31.866437911987305,9.950630187988281
0,0,0,0,48.590023040771484,31.86626625061035,9.950859069824219
0,0,0,0,48.589290618896484,31.86606216430664,9.951103210449219
0,0,0,0,48.58872604370117,31.86581039428711,9.951263427734375
0,0,0,0,48.588111877441406,31.865617752075195,9.951416015625
0,0,0,0,48.5870361328125,31.865121841430664,9.951683044433594
0,0,0,0,48.58662414550781,31.864891052246094,9.951797485351562
0,0,0,0,48.585906982421875,31.864524841308594,9.951995849609375
0,0,0,0,48.584903717041016,31.864025115966797,9.952293395996094
0,0,0,0,48.58405685424805,31.86359977722168,9.952560424804688
0,0,0,0,48.5832405090332,31.86314582824707,9.952865600585938
0,0,0,0,48.581722259521484,31.86245346069336,9.953437805175781
0,0,0,0,48.58112335205078,31.862146377563477,9.953681945800781
0,0,0,0,48.58012771606445,31.86180305480957,9.954063415527344
0,0,0,0,48.57888412475586,31.86126136779785,9.954574584960938
0,0,0,0,48.57755661010742,31.86082649230957,9.955101013183594
0,0,0,0,48.5769157409668,31.860565185546875,9.955375671386719
0,0,0,0,48.57549285888672,31.860240936279297,9.955970764160156
0,0,0,0,48.57443618774414,31.859935760498047,9.956459045410156
0,0,0,0,48.573360443115234,31.85971450805664,9.956977844238281
0,0,0,0,48.57199478149414,31.85931396484375,9.957695007324219
0,0,0,0,48.570980072021484,31.859100341796875,9.958244323730469
0,0,0,0,48.569976806640625,31.85884666442871,9.95880126953125
0,0,0,0,48.56865692138672,31.85858726501465,9.959495544433594
0,0,0,0,48.567630767822266,31.85837745666504,9.959991455078125
0,0,0,0,48.566680908203125,31.85816192626953,9.960456848144531
0,0,0,0,48.565391540527344,31.857906341552734,9.960990905761719
0,0,0,0,48.56452178955078,31.857675552368164,9.961311340332031
0,0,0,0,48.563602447509766,31.85753059387207,9.961563110351562
0,0,0,0,48.562538146972656,31.8572940826416,9.961837768554688
0,0,0,0,48.56172180175781,31.85723876953125,9.961967468261719
0,0,0,0,48.56105422973633,31.857128143310547,9.962081909179688
0,0,0,0,48.56013107299805,31.857179641723633,9.962158203125
0,0,0,0,48.559574127197266,31.85713768005371,9.962188720703125
0,0,0,0,48.558876037597656,31.857179641723633,9.962181091308594
0,0,0,0,48.55844497680664,31.857173919677734,9.962165832519531
0,0,0,0,48.55809783935547,31.85724449157715,9.962127685546875
0,0,0,0,48.55784225463867,31.85725212097168,9.96209716796875
0,0,0,0,48.55756759643555,31.8574275970459,9.962043762207031
0,0,0,0,48.55746078491211,31.85753631591797,9.962005615234375
0,0,0,0,48.55739974975586,31.85774040222168,9.961952209472656
0,0,0,0,48.55735778808594,31.858041763305664,9.961906433105469
0,0,0,0,48.55744171142578,31.85831069946289,9.961845397949219
0,0,0,0,48.55751037597656,31.858638763427734,9.961761474609375
0,0,0,0,48.55768966674805,31.859066009521484,9.961700439453125
0,0,0,0,48.557796478271484,31.859464645385742,9.961685180664062
0,0,0,0,48.55804443359375,31.85981559753418,9.961692810058594
0,0,0,0,48.558349609375,31.86054801940918,9.961776733398438
0,0,0,0,48.55850601196289,31.86078453063965,9.961837768554688
0,0,0,0,48.55868911743164,31.86121368408203,9.961944580078125
0,0,0,0,48.55902862548828,31.861631393432617,9.96209716796875
0,0,0,0,48.559181213378906,31.862043380737305,9.962211608886719
0,0,0,0,48.559326171875,31.862476348876953,9.962387084960938
0,0,0,0,48.55940246582031,31.862829208374023,9.962486267089844
0,0,0,0,48.5594596862793,31.863130569458008,9.962570190429688
0,0,0,0,48.559513092041016,31.86347198486328,9.962631225585938
0,0,0,0,48.55955505371094,31.86383819580078,9.96270751953125
0,0,0,0,48.55958938598633,31.864089965820312,9.962783813476562
0,0,0,0,48.55951690673828,31.864410400390625,9.962921142578125
0,0,0,0,48.559513092041016,31.864587783813477,9.963020324707031
0,0,0,0,48.55939865112305,31.864822387695312,9.963111877441406
0,0,0,0,48.5593147277832,31.86496925354004,9.96319580078125
0,0,0,0,48.55906295776367,31.865171432495117,9.963272094726562
0,0,0,0,48.55889129638672,31.865266799926758,9.963348388671875
0,0,0,0,48.55860137939453,31.86549949645996,9.963447570800781
0,0,0,0,48.55826187133789,31.865734100341797,9.963584899902344
0,0,0,0,48.55796813964844,31.865999221801758,9.963691711425781
0,0,0,0,48.557716369628906,31.866180419921875,9.963798522949219
0,0,0,0,48.557308197021484,31.866588592529297,9.963897705078125
0,0,0,0,48.55701446533203,31.866832733154297,9.963943481445312
0,0,0,0,48.55672836303711,31.867172241210938,9.963966369628906
0,0,0,0,48.55633544921875,31.86756706237793,9.963966369628906
0,0,0,0,48.55607604980469,31.867877960205078,9.963920593261719
0,0,0,0,48.5557861328125,31.86817169189453,9.963851928710938
0,0,0,0,48.55549621582031,31.868616104125977,9.963706970214844
0,0,0,0,48.55525588989258,31.869020462036133,9.963584899902344
0,0,0,0,48.55513000488281,31.869415283203125,9.963455200195312
0,0,0,0,48.554988861083984,31.87013816833496,9.963241577148438
0,0,0,0,48.55503845214844,31.870393753051758,9.963142395019531
0,0,0,0,48.55502700805664,31.870872497558594,9.962982177734375
0,0,0,0,48.55514144897461,31.871442794799805,9.962791442871094
0,0,0,0,48.55516052246094,31.87192726135254,9.962654113769531
0,0,0,0,48.555267333984375,31.872325897216797,9.962532043457031
0,0,0,0,48.55546951293945,31.873149871826172,9.962394714355469
0,0,0,0,48.55556869506836,31.873462677001953,9.962394714355469
0,0,0,0,48.55570602416992,31.87403678894043,9.962448120117188
0,0,0,0,48.55592346191406,31.87479019165039,9.962615966796875
0,0,0,0,48.556068420410156,31.875455856323242,9.962799072265625
0,0,0,0,48.556182861328125,31.876108169555664,9.963058471679688
0,0,0,0,48.5562629699707,31.87706756591797,9.963485717773438
0,0,0,0,48.556209564208984,31.877798080444336,9.963844299316406
0,0,0,0,48.556148529052734,31.878549575805664,9.964225769042969
0,0,0,0,48.55595397949219,31.87954330444336,9.964752197265625
0,0,0,0,48.55584716796875,31.88027000427246,9.965179443359375
0,0,0,0,48.555625915527344,31.881065368652344,9.965644836425781
0,0,0,0,48.55540084838867,31.88208770751953,9.966278076171875
0,0,0,0,48.555145263671875,31.88292121887207,9.966766357421875
0,0,0,0,48.554988861083984,31.883638381958008,9.967239379882812
0,0,0,0,48.554691314697266,31.884681701660156,9.967842102050781
0,0,0,0,48.554527282714844,31.88536262512207,9.968238830566406
0,0,0,0,48.55431365966797,31.886123657226562,9.968620300292969
0,0,0,0,48.55403518676758,31.88726043701172,9.969154357910156
0,0,0,0,48.553951263427734,31.8876953125,9.969322204589844
0,0,0,0,48.5538444519043,31.888235092163086,9.969520568847656
0,0,0,0,48.55373001098633,31.888938903808594,9.969696044921875
0,0,0,0,48.553646087646484,31.88936996459961,9.969802856445312
0,0,0,0,48.5535888671875,31.88981056213379,9.969886779785156
0,0,0,0,48.553489685058594,31.890316009521484,9.969902038574219
0,0,0,0,48.55347442626953,31.890607833862305,9.969856262207031
0,0,0,0,48.5534553527832,31.890871047973633,9.969764709472656
0,0,0,0,48.553531646728516,31.891115188598633,9.969558715820312
0,0,0,0,48.55352020263672,31.89128303527832,9.969337463378906
0,0,0,0,48.553627014160156,31.891334533691406,9.969001770019531
0,0,0,0,48.55366134643555,31.891416549682617,9.968727111816406
0,0,0,0,48.553768157958984,31.8913516998291,9.968460083007812
0,0,0,0,48.553802490234375,31.891361236572266,9.968215942382812
0,0,0,0,48.55393981933594,31.891223907470703,9.967903137207031
0,0,0,0,48.55403137207031,31.89116859436035,9.967720031738281
0,0,0,0,48.55419921875,31.890987396240234,9.967575073242188
0,0,0,0,48.554447174072266,31.890790939331055,9.967391967773438
0,0,0,0,48.5546875,31.890554428100586,9.967315673828125
0,0,0,0,48.55503463745117,31.890256881713867,9.967277526855469
0,0,0,0,48.5552864074707,31.889999389648438,9.96728515625
0,0,0,0,48.55563735961914,31.88969612121582,9.967315673828125
0,0,0,0,48.55594253540039,31.889345169067383,9.967399597167969
0,0,0,0,48.55647277832031,31.888845443725586,9.967597961425781
0,0,0,0,48.556800842285156,31.888517379760742,9.967803955078125
0,0,0,0,48.557212829589844,31.88810920715332,9.968055725097656
0,0,0,0,48.55766296386719,31.88760757446289,9.968429565429688
0,0,0,0,48.55805969238281,31.88715934753418,9.968742370605469
0,0,0,0,48.558349609375,31.88679313659668,9.969093322753906
0,0,0,0,48.5588264465332,31.88618278503418,9.969566345214844
0,0,0,0,48.55911636352539,31.88584327697754,9.969902038574219
0,0,0,0,48.559486389160156,31.88539695739746,9.97021484375
0,0,0,0,48.55992126464844,31.884963989257812,9.9705810546875
0,0,0,0,48.560279846191406,31.884614944458008,9.970832824707031
0,0,0,0,48.56062698364258,31.88438606262207,9.971115112304688
0,0,0,0,48.56111145019531,31.884065628051758,9.971504211425781
0,0,0,0,48.56148147583008,31.883920669555664,9.971755981445312
0,0,0,0,48.561805725097656,31.883760452270508,9.971977233886719
0,0,0,0,48.562259674072266,31.883575439453125,9.972221374511719
0,0,0,0,48.5625114440918,31.88347816467285,9.972343444824219
0,0,0,0,48.562801361083984,31.88336181640625,9.972404479980469
0,0,0,0,48.563114166259766,31.883268356323242,9.972412109375
0,0,0,0,48.56340026855469,31.88310432434082,9.972312927246094
0,0,0,0,48.56356430053711,31.88298225402832,9.972122192382812
0,0,0,0,48.5638542175293,31.882709503173828,9.971687316894531
0,0,0,0,48.56402587890625,31.882598876953125,9.971267700195312
0,0,0,0,48.56424331665039,31.88237953186035,9.970787048339844
0,0,0,0,48.56438446044922,31.88216781616211,9.970085144042969
0,0,0,0,48.564510345458984,31.881912231445312,9.969505310058594
0,0,0,0,48.5645866394043,31.881715774536133,9.9688720703125
0,0,0,0,48.56473159790039,31.88128089904785,9.968040466308594
0,0,0,0,48.56480026245117,31.880983352661133,9.96746826171875
0,0,0,0,48.56486892700195,31.880613327026367,9.966957092285156
0,0,0,0,48.56496047973633,31.87997817993164,9.96624755859375
0,0,0,0,48.56492233276367,31.879743576049805,9.96600341796875
0,0,0,0,48.564918518066406,31.879188537597656,9.965629577636719
0,0,0,0,48.564823150634766,31.878803253173828,9.965438842773438
0,0,0,0,48.56477737426758,31.878341674804688,9.965316772460938
0,0,0,0,48.56465148925781,31.877912521362305,9.965240478515625
0,0,0,0,48.56459426879883,31.877214431762695,9.965217590332031
0,0,0,0,48.56450653076172,31.876724243164062,9.965286254882812
0,0,0,0,48.56451416015625,31.876134872436523,9.965438842773438
0,0,0,0,48.56449508666992,31.87543487548828,9.965744018554688
0,0,0,0,48.5645751953125,31.874820709228516,9.965980529785156
0,0,0,0,48.564605712890625,31.874300003051758,9.966239929199219
0,0,0,0,48.564720153808594,31.87350082397461,9.966590881347656
0,0,0,0,48.564781188964844,31.872982025146484,9.966850280761719
0,0,0,0,48.56490707397461,31.872406005859375,9.967124938964844
0,0,0,0,48.56507110595703,31.871780395507812,9.967453002929688
0,0,0,0,48.565162658691406,31.871280670166016,9.967735290527344
0,0,0,0,48.56526184082031,31.87080955505371,9.968063354492188
0,0,0,0,48.565364837646484,31.870161056518555,9.968597412109375
0,0,0,0,48.56547546386719,31.869667053222656,9.969047546386719
0,0,0,0,48.565467834472656,31.86919403076172,9.969535827636719
0,0,0,0,48.56544494628906,31.86855125427246,9.970222473144531
0,0,0,0,48.565277099609375,31.868144989013672,9.970771789550781
0,0,0,0,48.565128326416016,31.867691040039062,9.971260070800781
0,0,0,0,48.564788818359375,31.867170333862305,9.971817016601562
0,0,0,0,48.56461715698242,31.866689682006836,9.972183227539062
0,0,0,0,48.564388275146484,31.866302490234375,9.972450256347656
0,0,0,0,48.56415939331055,31.865659713745117,9.97271728515625
0,0,0,0,48.563926696777344,31.865230560302734,9.972854614257812
0,0,0,0,48.56371307373047,31.864688873291016,9.972923278808594
0,0,0,0,48.56338882446289,31.864055633544922,9.972900390625
0,0,0,0,48.56312561035156,31.86351776123047,9.97283935546875
0,0,0,0,48.562843322753906,31.86304473876953,9.972747802734375
0,0,0,0,48.56240463256836,31.862348556518555,9.972541809082031
0,0,0,0,48.56205368041992,31.861839294433594,9.972335815429688
0,0,0,0,48.561649322509766,31.861305236816406,9.97210693359375
0,0,0,0,48.56113052368164,31.860567092895508,9.971755981445312
0,0,0,0,48.5606689453125,31.860031127929688,9.971427917480469
0,0,0,0,48.5602912902832,31.85943031311035,9.971076965332031
0,0,0,0,48.55967330932617,31.85863494873047,9.970542907714844
0,0,0,0,48.55928039550781,31.857948303222656,9.970115661621094
0,0,0,0,48.55884552001953,31.857328414916992,9.969627380371094
0,0,0,0,48.55841827392578,31.85638999938965,9.968894958496094
0,0,0,0,48.55805587768555,31.85576057434082,9.968284606933594
0,0,0,0,48.55775833129883,31.855043411254883,9.967643737792969
0,0,0,0,48.55729293823242,31.854188919067383,9.966758728027344
0,0,0,0,48.5569953918457,31.853483200073242,9.966049194335938
0,0,0,0,48.556671142578125,31.852880477905273,9.965324401855469
0,0,0,0,48.556251525878906,31.852001190185547,9.96435546875
0,0,0,0,48.55598449707031,31.85135841369629,9.963661193847656
0,0,0,0,48.555728912353516,31.850704193115234,9.962966918945312
0,0,0,0,48.55548095703125,31.849882125854492,9.962074279785156
0,0,0,0,48.55527877807617,31.849353790283203,9.961433410644531
0,0,0,0,48.555179595947266,31.848854064941406,9.960838317871094
0,0,0,0,48.55497741699219,31.848304748535156,9.960136413574219
0,0,0,0,48.55491638183594,31.84791374206543,9.959686279296875
0,0,0,0,48.55477523803711,31.8476619720459,9.959266662597656
0,0,0,0,48.55470657348633,31.84732437133789,9.958702087402344
0,0,0,0,48.55458068847656,31.847217559814453,9.958251953125
0,0,0,0,48.554542541503906,31.84707260131836,9.957786560058594
0,0,0,0,48.554439544677734,31.847089767456055,9.957183837890625
0,0,0,0,48.55440139770508,31.847068786621094,9.956733703613281
0,0,0,0,48.554290771484375,31.847200393676758,9.956291198730469
0,0,0,0,48.5541877746582,31.8472900390625,9.955718994140625
0,0,0,0,48.5540771484375,31.847400665283203,9.955284118652344
0,0,0,0,48.55385971069336,31.8475399017334,9.954696655273438
0,0,0,0,48.553707122802734,31.847654342651367,9.954246520996094
0,0,0,0,48.55349349975586,31.8477783203125,9.953834533691406
0,0,0,0,48.553306579589844,31.847898483276367,9.953445434570312
0,0,0,0,48.55299377441406,31.848037719726562,9.952949523925781
0,0,0,0,48.55282211303711,31.848133087158203,9.952629089355469
0,0,0,0,48.55255126953125,31.84827995300293,9.95233154296875
0,0,0,0,48.552276611328125,31.848363876342773,9.951957702636719
0,0,0,0,48.552005767822266,31.848482131958008,9.951698303222656
0,0,0,0,48.55183792114258,31.848480224609375,9.951446533203125
0,0,0,0,48.55155944824219,31.8485107421875,9.951118469238281
0,0,0,0,48.551429748535156,31.848419189453125,9.950881958007812
0,0,0,0,48.55122375488281,31.848403930664062,9.950675964355469
0,0,0,0,48.55104064941406,31.848251342773438,9.950469970703125
0,0,0,0,48.55088806152344,31.848234176635742,9.950309753417969
0,0,0,0,48.55079650878906,31.848167419433594,9.950172424316406
0,0,0,0,48.5506591796875,31.84820556640625,9.950057983398438
0,0,0,0,48.550514221191406,31.84822654724121,9.950035095214844
0,0,0,0,48.55037307739258,31.848331451416016,9.950050354003906
0,0,0,0,48.55012130737305,31.848499298095703,9.950111389160156
0,0,0,0,48.54994201660156,31.848644256591797,9.950172424316406
0,0,0,0,48.5496826171875,31.84883689880371,9.95025634765625
0,0,0,0,48.549400329589844,31.84910011291504,9.950431823730469
0,0,0,0,48.549129486083984,31.84937286376953,9.950630187988281
0,0,0,0,48.548912048339844,31.849609375,9.95086669921875
0,0,0,0,48.54853820800781,31.85009002685547,9.951240539550781
0,0,0,0,48.54835891723633,31.850406646728516,9.951560974121094
0,0,0,0,48.54811477661133,31.850887298583984,9.951919555664062
0,0,0,0,48.54789733886719,31.85150146484375,9.952522277832031
0,0,0,0,48.54769515991211,31.852088928222656,9.953025817871094
0,0,0,0,48.547576904296875,31.85258674621582,9.953559875488281
0,0,0,0,48.547462463378906,31.853376388549805,9.954292297363281
0,0,0,0,48.547428131103516,31.853925704956055,9.954864501953125
0,0,0,0,48.547401428222656,31.854551315307617,9.9554443359375
0,0,0,0,48.547401428222656,31.855491638183594,9.956443786621094
0,0,0,0,48.54747772216797,31.85584831237793,9.95684814453125
0,0,0,0,48.54756164550781,31.856416702270508,9.957481384277344
0,0,0,0,48.54777145385742,31.857200622558594,9.958328247070312
0,0,0,0,48.547882080078125,31.857797622680664,9.958946228027344
0,0,0,0,48.54806900024414,31.858301162719727,9.95953369140625
0,0,0,0,48.54822540283203,31.85902976989746,9.960250854492188
0,0,0,0,48.54841995239258,31.859479904174805,9.960746765136719
0,0,0,0,48.54851531982422,31.85999870300293,9.961250305175781
0,0,0,0,48.54867172241211,31.860584259033203,9.961967468261719
0,0,0,0,48.548683166503906,31.861108779907227,9.962486267089844
0,0,0,0,48.54872131347656,31.861684799194336,9.963142395019531
0,0,0,0,48.54867172241211,31.862140655517578,9.963607788085938
0,0,0,0,48.54861831665039,31.86249542236328,9.964065551757812
0,0,0,0,48.548526763916016,31.86297035217285,9.964492797851562
0,0,0,0,48.5484619140625,31.863548278808594,9.965042114257812
0,0,0,0,48.54841613769531,31.86403465270996,9.965415954589844
0,0,0,0,48.5483512878418,31.864498138427734,9.965789794921875
0,0,0,0,48.54829025268555,31.86519432067871,9.966239929199219
0,0,0,0,48.54819107055664,31.865745544433594,9.966552734375
0,0,0,0,48.54817199707031,31.86627769470215,9.96685791015625
0,0,0,0,48.54813766479492,31.867040634155273,9.967193603515625
0,0,0,0,48.5482063293457,31.867576599121094,9.9674072265625
0,0,0,0,48.54816436767578,31.86813735961914,9.967582702636719
0,0,0,0,48.54818344116211,31.868755340576172,9.967819213867188
0,0,0,0,48.54813766479492,31.86927604675293,9.967979431152344
0,0,0,0,48.548152923583984,31.86969757080078,9.968124389648438
0,0,0,0,48.547996520996094,31.870349884033203,9.968299865722656
0,0,0,0,48.54792404174805,31.87078857421875,9.968475341796875
0,0,0,0,48.547786712646484,31.87132453918457,9.968673706054688
0,0,0,0,48.54762268066406,31.871925354003906,9.968948364257812
0,0,0,0,48.547462463378906,31.87242889404297,9.969192504882812
0,0,0,0,48.547237396240234,31.873079299926758,9.969573974609375
0,0,0,0,48.54709243774414,31.873620986938477,9.969917297363281
0,0,0,0,48.546905517578125,31.874176025390625,9.970268249511719
0,0,0,0,48.54676055908203,31.874929428100586,9.970779418945312
0,0,0,0,48.54661178588867,31.87554168701172,9.97125244140625
0,0,0,0,48.54656982421875,31.876134872436523,9.971778869628906
0,0,0,0,48.54646301269531,31.87676239013672,9.972389221191406
0,0,0,0,48.546424865722656,31.877531051635742,9.973274230957031
0,0,0,0,48.54637908935547,31.878189086914062,9.973976135253906
0,0,0,0,48.54643249511719,31.878782272338867,9.974700927734375
0,0,0,0,48.546356201171875,31.879661560058594,9.975654602050781
0,0,0,0,48.54633712768555,31.880271911621094,9.976341247558594
0,0,0,0,48.54627990722656,31.881019592285156,9.976959228515625
0,0,0,0,48.54629898071289,31.881921768188477,9.977699279785156
0,0,0,0,48.546295166015625,31.88264274597168,9.978179931640625
0,0,0,0,48.54630661010742,31.88356590270996,9.978775024414062
0,0,0,0,48.54633331298828,31.884302139282227,9.979179382324219
0,0,0,0,48.546302795410156,31.884990692138672,9.979545593261719
0,0,0,0,48.5462760925293,31.88568878173828,9.979873657226562
0,0,0,0,48.54621887207031,31.886577606201172,9.980262756347656
0,0,0,0,48.54621124267578,31.887187957763672,9.980506896972656
0,0,0,0,48.5461311340332,31.887775421142578,9.980705261230469
0,0,0,0,48.546058654785156,31.88846778869629,9.980903625488281
0,0,0,0,48.5458869934082,31.889055252075195,9.981010437011719
0,0,0,0,48.54576873779297,31.889562606811523,9.981063842773438
0,0,0,0,48.54547882080078,31.89027214050293,9.981094360351562
0,0,0,0,48.545379638671875,31.890701293945312,9.981086730957031
0,0,0,0,48.545204162597656,31.891246795654297,9.981086730957031
0,0,0,0,48.54509353637695,31.891860961914062,9.98114013671875
0,0,0,0,48.54502487182617,31.892385482788086,9.981193542480469
0,0,0,0,48.545021057128906,31.89279556274414,9.981277465820312
0,0,0,0,48.5449333190918,31.893409729003906,9.981376647949219
0,0,0,0,48.54487609863281,31.893831253051758,9.981437683105469
0,0,0,0,48.54481506347656,31.894315719604492,9.981521606445312
0,0,0,0,48.544769287109375,31.89486312866211,9.981605529785156
0,0,0,0,48.544803619384766,31.895292282104492,9.981636047363281
0,0,0,0,48.54482650756836,31.895732879638672,9.981658935546875
0,0,0,0,48.54486083984375,31.896251678466797,9.981658935546875
0,0,0,0,48.54484939575195,31.896652221679688,9.981643676757812
0,0,0,0,48.544944763183594,31.89699935913086,9.981613159179688
0,0,0,0,48.544979095458984,31.897428512573242,9.981544494628906
0,0,0,0,48.54506301879883,31.89763832092285,9.981468200683594
0,0,0,0,48.54505157470703,31.897951126098633,9.981376647949219
0,0,0,0,48.545162200927734,31.898283004760742,9.981246948242188
0,0,0,0,48.54521942138672,31.89862060546875,9.981147766113281
0,0,0,0,48.54534149169922,31.898820877075195,9.981056213378906
0,0,0,0,48.54543685913086,31.899154663085938,9.980918884277344
0,0,0,0,48.545555114746094,31.899320602416992,9.98077392578125
0,0,0,0,48.54564666748047,31.899599075317383,9.980575561523438
0,0,0,0,48.545780181884766,31.8999080657959,9.98016357421875
0,0,0,0,48.545860290527344,31.900020599365234,9.979972839355469
0,0,0,0,48.545921325683594,31.90016746520996,9.979652404785156
0,0,0,0,48.54602813720703,31.9003963470459,9.97918701171875
0,0,0,0,48.5460319519043,31.90053939819336,9.978790283203125
0,0,0,0,48.54611587524414,31.900684356689453,9.978317260742188
0,0,0,0,48.54621505737305,31.900882720947266,9.977584838867188
0,0,0,0,48.54637145996094,31.900976181030273,9.976966857910156
0,0,0,0,48.54647445678711,31.901073455810547,9.976318359375
0,0,0,0,48.5467529296875,31.901050567626953,9.97540283203125
0,0,0,0,48.546897888183594,31.901100158691406,9.974678039550781
0,0,0,0,48.54712677001953,31.90099334716797,9.973922729492188
0,0,0,0,48.547340393066406,31.900915145874023,9.972915649414062
0,0,0,0,48.547584533691406,31.900760650634766,9.972122192382812
0,0,0,0,48.547821044921875,31.900659561157227,9.971298217773438
0,0,0,0,48.54824447631836,31.900358200073242,9.9700927734375
0,0,0,0,48.54853820800781,31.900150299072266,9.969139099121094
0,0,0,0,48.54884338378906,31.899831771850586,9.968170166015625
0,0,0,0,48.549259185791016,31.899442672729492,9.966819763183594
0,0,0,0,48.5495491027832,31.89905548095703,9.965789794921875
0,0,0,0,48.54989242553711,31.898643493652344,9.964790344238281
0,0,0,0,48.550315856933594,31.897981643676758,9.963516235351562
0,0,0,0,48.55072021484375,31.897403717041016,9.962593078613281
0,0,0,0,48.55105972290039,31.8968563079834,9.961715698242188
0,0,0,0,48.55161666870117,31.89600944519043,9.960601806640625
0,0,0,0,48.55195617675781,31.895410537719727,9.959793090820312
0,0,0,0,48.5523681640625,31.894704818725586,9.959068298339844
0,0,0,0,48.552772521972656,31.89385414123535,9.958206176757812
0,0,0,0,48.5530891418457,31.89314079284668,9.957649230957031
0,0,0,0,48.55331802368164,31.892526626586914,9.957176208496094
0,0,0,0,48.553714752197266,31.891551971435547,9.956611633300781
0,0,0,0,48.553924560546875,31.890914916992188,9.95623779296875
0,0,0,0,48.55414581298828,31.890199661254883,9.9559326171875
0,0,0,0,48.554351806640625,31.88935661315918,9.955657958984375
0,0,0,0,48.554447174072266,31.88871955871582,9.955520629882812
0,0,0,0,48.554561614990234,31.888141632080078,9.955413818359375
0,0,0,0,48.554691314697266,31.887374877929688,9.955375671386719
0,0,0,0,48.55481719970703,31.886838912963867,9.955459594726562
0,0,0,0,48.55487060546875,31.88637351989746,9.955619812011719
0,0,0,0,48.55501174926758,31.88576316833496,9.95587158203125
0,0,0,0,48.55502700805664,31.88538932800293,9.9560546875
0,0,0,0,48.55509948730469,31.884984970092773,9.956199645996094
0,0,0,0,48.55506896972656,31.884654998779297,9.956352233886719
0,0,0,0,48.555091857910156,31.884368896484375,9.956390380859375
0,0,0,0,48.55503463745117,31.884180068969727,9.956344604492188
0,0,0,0,48.55506134033203,31.88382911682129,9.956085205078125
0,0,0,0,48.55509567260742,31.883760452270508,9.955909729003906
0,0,0,0,48.555179595947266,31.8835391998291,9.955635070800781
0,0,0,0,48.55525588989258,31.883329391479492,9.955154418945312
0,0,0,0,48.55535888671875,31.883132934570312,9.954750061035156
0,0,0,0,48.555458068847656,31.883012771606445,9.954360961914062
0,0,0,0,48.55561065673828,31.882787704467773,9.953887939453125
0,0,0,0,48.555747985839844,31.88265037536621,9.95355224609375
0,0,0,0,48.55582046508789,31.88253402709961,9.953269958496094
0,0,0,0,48.555973052978516,31.88242530822754,9.953010559082031
0,0,0,0,48.55601119995117,31.882381439208984,9.952896118164062
0,0,0,0,48.556114196777344,31.88232421875,9.95281982421875
0,0,0,0,48.55616760253906,31.88235092163086,9.952789306640625
0,0,0,0,48.556278228759766,31.882278442382812,9.95281982421875
0,0,0,0,48.556270599365234,31.882308959960938,9.952926635742188
0,0,0,0,48.55630111694336,31.882265090942383,9.953117370605469
0,0,0,0,48.556251525878906,31.88233184814453,9.95330810546875
0,0,0,0,48.556297302246094,31.882293701171875,9.953529357910156
0,0,0,0,48.55625915527344,31.882333755493164,9.953880310058594
0,0,0,0,48.55625915527344,31.88225746154785,9.954154968261719
0,0,0,0,48.55622482299805,31.882230758666992,9.954551696777344
0,0,0,0,48.5561408996582,31.882171630859375,9.954887390136719
0,0,0,0,48.55608367919922,31.88215446472168,9.955253601074219
0,0,0,0,48.555973052978516,31.88210678100586,9.955673217773438
0,0,0,0,48.55581283569336,31.88214683532715,9.956230163574219
0,0,0,0,48.55558776855469,31.882173538208008,9.956626892089844
0,0,0,0,48.555362701416016,31.882226943969727,9.956993103027344
0,0,0,0,48.554901123046875,31.882368087768555,9.9573974609375
0,0,0,0,48.554561614990234,31.88248634338379,9.9576416015625
0,0,0,0,48.5540771484375,31.882699966430664,9.95782470703125
0,0,0,0,48.553470611572266,31.882896423339844,9.958015441894531
0,0,0,0,48.55287170410156,31.883106231689453,9.958137512207031
0,0,0,0,48.552330017089844,31.883220672607422,9.958221435546875
0,0,0,0,48.55150604248047,31.883472442626953,9.958290100097656
0,0,0,0,48.5509033203125,31.88357162475586,9.958305358886719
0,0,0,0,48.55023193359375,31.883747100830078,9.958290100097656
0,0,0,0,48.549320220947266,31.88385581970215,9.958236694335938
0,0,0,0,48.548580169677734,31.884014129638672,9.95819091796875
0,0,0,0,48.547813415527344,31.88408851623535,9.9581298828125
0,0,0,0,48.54673385620117,31.88422393798828,9.95806884765625
0,0,0,0,48.545894622802734,31.88429069519043,9.957992553710938
0,0,0,0,48.54505920410156,31.884342193603516,9.957878112792969
0,0,0,0,48.54383087158203,31.884319305419922,9.957717895507812
0,0,0,0,48.54292297363281,31.884187698364258,9.957534790039062
0,0,0,0,48.54191589355469,31.884056091308594,9.957290649414062
0,0,0,0,48.54033660888672,31.88370132446289,9.956817626953125
0,0,0,0,48.53965759277344,31.88355827331543,9.956596374511719
0,0,0,0,48.53874206542969,31.883153915405273,9.956230163574219
0,0,0,0,48.537452697753906,31.882604598999023,9.955696105957031
0,0,0,0,48.53659439086914,31.88205337524414,9.955253601074219
0,0,0,0,48.535682678222656,31.881580352783203,9.954795837402344
0,0,0,0,48.53456497192383,31.880748748779297,9.954238891601562
0,0,0,0,48.53371810913086,31.880186080932617,9.953842163085938
0,0,0,0,48.53291320800781,31.879507064819336,9.953468322753906
0,0,0,0,48.53184509277344,31.87865447998047,9.953018188476562
0,0,0,0,48.53105163574219,31.87795066833496,9.952728271484375
0,0,0,0,48.530277252197266,31.877300262451172,9.952468872070312
0,0,0,0,48.52927017211914,31.876379013061523,9.952110290527344
0,0,0,0,48.528629302978516,31.875688552856445,9.951820373535156
0,0,0,0,48.527984619140625,31.875,9.951499938964844
0,0,0,0,48.52728271484375,31.87406349182129,9.951080322265625
0,0,0,0,48.5267448425293,31.873411178588867,9.950775146484375
0,0,0,0,48.52635955810547,31.872695922851562,9.95050048828125
0,0,0,0,48.525840759277344,31.871828079223633,9.950096130371094
0,0,0,0,48.52555847167969,31.87112045288086,9.949783325195312
0,0,0,0,48.525211334228516,31.870527267456055,9.949478149414062
0,0,0,0,48.52478790283203,31.86946678161621,9.949043273925781
0,0,0,0,48.52461624145508,31.86911392211914,9.948898315429688
0,0,0,0,48.5244026184082,31.868528366088867,9.948692321777344
0,0,0,0,48.5240364074707,31.867891311645508,9.94842529296875
0,0,0,0,48.523773193359375,31.867334365844727,9.948287963867188
0,0,0,0,48.52346420288086,31.86688232421875,9.948249816894531
0,0,0,0,48.523033142089844,31.86623191833496,9.948394775390625
0,0,0,0,48.52274703979492,31.86580467224121,9.948623657226562
0,0,0,0,48.52242660522461,31.865413665771484,9.948928833007812
0,0,0,0,48.52204895019531,31.864994049072266,9.949424743652344
0,0,0,0,48.52168655395508,31.864757537841797,9.949867248535156
0,0,0,0,48.52141189575195,31.86452865600586,9.950340270996094
0,0,0,0,48.520965576171875,31.864355087280273,9.951057434082031
0,0,0,0,48.520748138427734,31.864198684692383,9.951652526855469
0,0,0,0,48.52045822143555,31.864173889160156,9.9522705078125
0,0,0,0,48.52021026611328,31.864097595214844,9.953079223632812
0,0,0,0,48.51995849609375,31.8641300201416,9.953659057617188
0,0,0,0,48.519771575927734,31.86406707763672,9.954231262207031
0,0,0,0,48.519412994384766,31.86412811279297,9.954978942871094
0,0,0,0,48.519168853759766,31.864103317260742,9.955528259277344
0,0,0,0,48.518890380859375,31.86418342590332,9.956062316894531
0,0,0,0,48.518550872802734,31.864194869995117,9.956779479980469
0,0,0,0,48.51829147338867,31.864238739013672,9.957313537597656
0,0,0,0,48.518001556396484,31.864240646362305,9.957832336425781
0,0,0,0,48.51765441894531,31.864280700683594,9.958511352539062
0,0,0,0,48.51737976074219,31.864286422729492,9.959022521972656
0,0,0,0,48.51717758178711,31.864269256591797,9.959518432617188
0,0,0,0,48.51681900024414,31.864227294921875,9.960197448730469
0,0,0,0,48.51661682128906,31.864124298095703,9.960746765136719
0,0,0,0,48.516334533691406,31.86406707763672,9.961311340332031
0,0,0,0,48.516021728515625,31.86388397216797,9.96209716796875
0,0,0,0,48.51571273803711,31.863794326782227,9.962677001953125
0,0,0,0,48.51549530029297,31.863590240478516,9.963226318359375
0,0,0,0,48.51508331298828,31.86346435546875,9.963973999023438
0,0,0,0,48.51482391357422,31.863300323486328,9.964515686035156
0,0,0,0,48.51449203491211,31.863224029541016,9.96502685546875
0,0,0,0,48.51408386230469,31.863033294677734,9.9656982421875
0,0,0,0,48.51374816894531,31.86298179626465,9.966224670410156
0,0,0,0,48.51340866088867,31.862876892089844,9.966720581054688
0,0,0,0,48.51288986206055,31.862821578979492,9.967376708984375
0,0,0,0,48.51244354248047,31.862794876098633,9.967857360839844
0,0,0,0,48.51202392578125,31.862815856933594,9.968345642089844
0,0,0,0,48.51140594482422,31.862804412841797,9.969062805175781
0,0,0,0,48.511009216308594,31.862781524658203,9.969612121582031
0,0,0,0,48.51054000854492,31.86279296875,9.970184326171875
0,0,0,0,48.51000213623047,31.862781524658203,9.971023559570312
0,0,0,0,48.50956344604492,31.862831115722656,9.971656799316406
0,0,0,0,48.50923156738281,31.862789154052734,9.972358703613281
0,0,0,0,48.50870132446289,31.86286163330078,9.973342895507812
0,0,0,0,48.50838851928711,31.862831115722656,9.974098205566406
0,0,0,0,48.50802993774414,31.862899780273438,9.974815368652344
0,0,0,0,48.50761032104492,31.862882614135742,9.975761413574219
0,0,0,0,48.50727462768555,31.862966537475586,9.976425170898438
0,0,0,0,48.50702667236328,31.86296844482422,9.977058410644531
0,0,0,0,48.50673294067383,31.863056182861328,9.977790832519531
0,0,0,0,48.50652313232422,31.86314582824707,9.978279113769531
0,0,0,0,48.50634002685547,31.863327026367188,9.978721618652344
0,0,0,0,48.50607681274414,31.863563537597656,9.979225158691406
0,0,0,0,48.50596618652344,31.863786697387695,9.979537963867188
0,0,0,0,48.50583267211914,31.86405372619629,9.979789733886719
0,0,0,0,48.50577926635742,31.864404678344727,9.980033874511719
0,0,0,0,48.50570297241211,31.864702224731445,9.980194091796875
0,0,0,0,48.505760192871094,31.86492347717285,9.980316162109375
0,0,0,0,48.505741119384766,31.865331649780273,9.980392456054688
0,0,0,0,48.50581359863281,31.865598678588867,9.980400085449219
0,0,0,0,48.50580596923828,31.865970611572266,9.980354309082031
0,0,0,0,48.5058479309082,31.86637306213379,9.980224609375
0,0,0,0,48.505802154541016,31.866792678833008,9.980110168457031
0,0,0,0,48.50577926635742,31.86713409423828,9.97998046875
0,0,0,0,48.50564956665039,31.867706298828125,9.979759216308594
0,0,0,0,48.505550384521484,31.868078231811523,9.979530334472656
0,0,0,0,48.5053596496582,31.868688583374023,9.979209899902344
0,0,0,0,48.50516891479492,31.869152069091797,9.97900390625
0,0,0,0,48.5050163269043,31.869632720947266,9.978843688964844
0,0,0,0,48.50481414794922,31.870101928710938,9.978721618652344
0,0,0,0,48.50458526611328,31.87075424194336,9.978691101074219
0,0,0,0,48.50435256958008,31.871232986450195,9.978721618652344
0,0,0,0,48.50419998168945,31.871681213378906,9.978782653808594
0,0,0,0,48.50393295288086,31.872272491455078,9.97894287109375
0,0,0,0,48.503822326660156,31.87261962890625,9.979110717773438
0,0,0,0,48.50364685058594,31.87299156188965,9.979286193847656
0,0,0,0,48.503597259521484,31.87336540222168,9.979499816894531
0,0,0,0,48.503536224365234,31.87369155883789,9.979621887207031
0,0,0,0,48.50360870361328,31.873891830444336,9.979713439941406
0,0,0,0,48.503700256347656,31.874225616455078,9.979774475097656
0,0,0,0,48.50382995605469,31.87441062927246,9.979766845703125
0,0,0,0,48.50401306152344,31.87474822998047,9.97967529296875
0,0,0,0,48.504207611083984,31.874942779541016,9.979560852050781
0,0,0,0,48.50447082519531,31.875154495239258,9.979385375976562
0,0,0,0,48.50473403930664,31.87531280517578,9.979156494140625
0,0,0,0,48.50519561767578,31.875553131103516,9.97869873046875
0,0,0,0,48.505374908447266,31.875633239746094,9.978477478027344
0,0,0,0,48.50576400756836,31.87569236755371,9.978103637695312
0,0,0,0,48.50627517700195,31.875774383544922,9.97760009765625
0,0,0,0,48.50680160522461,31.875776290893555,9.977241516113281
0,0,0,0,48.50727844238281,31.87582778930664,9.976905822753906
0,0,0,0,48.50823974609375,31.87578010559082,9.976356506347656
0,0,0,0,48.508609771728516,31.87579917907715,9.97613525390625
0,0,0,0,48.50925064086914,31.875713348388672,9.975807189941406
0,0,0,0,48.51033401489258,31.87571144104004,9.975318908691406
0,0,0,0,48.51079559326172,31.875661849975586,9.975128173828125
0,0,0,0,48.51150131225586,31.87566566467285,9.974815368652344
0,0,0,0,48.51256561279297,31.875551223754883,9.974388122558594
0,0,0,0,48.51338577270508,31.87552833557129,9.974090576171875
0,0,0,0,48.514244079589844,31.87543296813965,9.973785400390625
0,0,0,0,48.51572799682617,31.875391006469727,9.973281860351562
0,0,0,0,48.51630401611328,31.875394821166992,9.973075866699219
0,0,0,0,48.5172233581543,31.875415802001953,9.972755432128906
0,0,0,0,48.5186882019043,31.875520706176758,9.972206115722656
0,0,0,0,48.51930236816406,31.875545501708984,9.971992492675781
0,0,0,0,48.52010726928711,31.875661849975586,9.971649169921875
0,0,0,0,48.5212287902832,31.87580108642578,9.971145629882812
0,0,0,0,48.52198028564453,31.875965118408203,9.97076416015625
0,0,0,0,48.52278518676758,31.876102447509766,9.970375061035156
0,0,0,0,48.523712158203125,31.8764705657959,9.969871520996094
0,0,0,0,48.52442169189453,31.87668228149414,9.969512939453125
0,0,0,0,48.52500915527344,31.876991271972656,9.969200134277344
0,0,0,0,48.52583694458008,31.877309799194336,9.968795776367188
0,0,0,0,48.5263786315918,31.87766456604004,9.968505859375
0,0,0,0,48.52692413330078,31.87791633605957,9.96826171875
0,0,0,0,48.52756881713867,31.878360748291016,9.967994689941406
0,0,0,0,48.52803039550781,31.878644943237305,9.967857360839844
0,0,0,0,48.528472900390625,31.878976821899414,9.967735290527344
0,0,0,0,48.52895736694336,31.879352569580078,9.967643737792969
0,0,0,0,48.529327392578125,31.879648208618164,9.967666625976562
0,0,0,0,48.52970504760742,31.880115509033203,9.967819213867188
0,0,0,0,48.53002166748047,31.88041114807129,9.967964172363281
0,0,0,0,48.53022003173828,31.88079071044922,9.968124389648438
0,0,0,0,48.53053665161133,31.881221771240234,9.968421936035156
0,0,0,0,48.53071975708008,31.881641387939453,9.968681335449219
0,0,0,0,48.53097915649414,31.88193702697754,9.968963623046875
0,0,0,0,48.53114700317383,31.882314682006836,9.969253540039062
0,0,0,0,48.53142547607422,31.882741928100586,9.969657897949219
0,0,0,0,48.53156661987305,31.88315773010254,9.969970703125
0,0,0,0,48.531776428222656,31.883567810058594,9.970420837402344
0,0,0,0,48.5318717956543,31.883943557739258,9.970771789550781
0,0,0,0,48.53190994262695,31.884246826171875,9.971145629882812
0,0,0,0,48.53192138671875,31.88459587097168,9.971527099609375
0,0,0,0,48.53199005126953,31.884931564331055,9.972061157226562
0,0,0,0,48.53203582763672,31.88518524169922,9.972488403320312
0,0,0,0,48.53201675415039,31.88538932800293,9.972969055175781
0,0,0,0,48.53200912475586,31.88571548461914,9.973609924316406
0,0,0,0,48.531925201416016,31.885995864868164,9.974090576171875
0,0,0,0,48.53190231323242,31.886219024658203,9.974563598632812
0,0,0,0,48.531803131103516,31.886594772338867,9.9752197265625
0,0,0,0,48.531822204589844,31.88686180114746,9.975746154785156
0,0,0,0,48.53178405761719,31.887205123901367,9.976234436035156
0,0,0,0,48.53182601928711,31.887622833251953,9.97686767578125
0,0,0,0,48.53181838989258,31.887977600097656,9.977317810058594
0,0,0,0,48.531890869140625,31.888212203979492,9.977783203125
0,0,0,0,48.53187942504883,31.888626098632812,9.978424072265625
0,0,0,0,48.531925201416016,31.88884925842285,9.978897094726562
0,0,0,0,48.531959533691406,31.889131546020508,9.979354858398438
0,0,0,0,48.53208541870117,31.88933753967285,9.979927062988281
0,0,0,0,48.532161712646484,31.88950538635254,9.980293273925781
0,0,0,0,48.532257080078125,31.889583587646484,9.980575561523438
0,0,0,0,48.532440185546875,31.88967514038086,9.9808349609375
0,0,0,0,48.53255081176758,31.889707565307617,9.98095703125
0,0,0,0,48.532711029052734,31.889705657958984,9.98101806640625
0,0,0,0,48.532840728759766,31.889677047729492,9.981002807617188
0,0,0,0,48.5329704284668,31.889602661132812,9.980903625488281
0,0,0,0,48.5329475402832,31.889545440673828,9.980735778808594
0,0,0,0,48.53288650512695,31.88929557800293,9.980316162109375
0,0,0,0,48.532798767089844,31.889244079589844,9.9801025390625
0,0,0,0,48.53276062011719,31.8890380859375,9.979736328125
0,0,0,0,48.5326042175293,31.88882827758789,9.979232788085938
0,0,0,0,48.53252410888672,31.8885498046875,9.978828430175781
0,0,0,0,48.53241729736328,31.888355255126953,9.9783935546875
0,0,0,0,48.53232192993164,31.88788604736328,9.977638244628906
0,0,0,0,48.53227996826172,31.887676239013672,9.977310180664062
0,0,0,0,48.5322380065918,31.887271881103516,9.976806640625
0,0,0,0,48.5322265625,31.886770248413086,9.976097106933594
0,0,0,0,48.5322380065918,31.88629913330078,9.975517272949219
0,0,0,0,48.532352447509766,31.885583877563477,9.974700927734375
0,0,0,0,48.53242492675781,31.885046005249023,9.974052429199219
0,0,0,0,48.5326042175293,31.8843994140625,9.973388671875
0,0,0,0,48.532772064208984,31.88353729248047,9.972511291503906
0,0,0,0,48.53300094604492,31.88282012939453,9.971878051757812
0,0,0,0,48.5332145690918,31.881980895996094,9.9710693359375
0,0,0,0,48.533390045166016,31.881486892700195,9.970664978027344
0,0,0,0,48.53368377685547,31.880638122558594,9.969856262207031
0,0,0,0,48.534019470214844,31.87993621826172,9.969261169433594
0,0,0,0,48.534446716308594,31.879098892211914,9.968429565429688
0,0,0,0,48.534793853759766,31.87837028503418,9.967803955078125
0,0,0,0,48.535099029541016,31.877717971801758,9.967147827148438
0,0,0,0,48.53548049926758,31.876985549926758,9.96649169921875
0,0,0,0,48.53600311279297,31.876150131225586,9.965553283691406
0,0,0,0,48.53641891479492,31.875465393066406,9.964767456054688
0,0,0,0,48.53687286376953,31.87481117248535,9.963973999023438
0,0,0,0,48.53746795654297,31.873884201049805,9.962875366210938
0,0,0,0,48.5379524230957,31.87324333190918,9.962081909179688
0,0,0,0,48.53837966918945,31.872636795043945,9.961296081542969
0,0,0,0,48.53901290893555,31.871854782104492,9.960304260253906
0,0,0,0,48.5394287109375,31.871353149414062,9.959632873535156
0,0,0,0,48.5399055480957,31.870820999145508,9.959037780761719
0,0,0,0,48.540409088134766,31.870206832885742,9.958290100097656
0,0,0,0,48.54082107543945,31.869707107543945,9.957771301269531
0,0,0,0,48.54106521606445,31.869348526000977,9.957283020019531
0,0,0,0,48.54139709472656,31.868825912475586,9.956695556640625
0,0,0,0,48.541542053222656,31.868566513061523,9.956329345703125
0,0,0,0,48.54170608520508,31.868249893188477,9.956069946289062
0,0,0,0,48.54182052612305,31.867984771728516,9.955848693847656
0,0,0,0,48.54189682006836,31.867759704589844,9.955757141113281
0,0,0,0,48.541954040527344,31.867624282836914,9.955703735351562
0,0,0,0,48.54204177856445,31.867321014404297,9.955703735351562
0,0,0,0,48.5421257019043,31.867101669311523,9.955734252929688
0,0,0,0,48.54220199584961,31.86683464050293,9.955802917480469
0,0,0,0,48.54239273071289,31.866514205932617,9.955947875976562
0,0,0,0,48.542510986328125,31.86623191833496,9.956100463867188
0,0,0,0,48.54270935058594,31.86589813232422,9.956306457519531
0,0,0,0,48.54292297363281,31.865467071533203,9.956672668457031
0,0,0,0,48.54312515258789,31.865110397338867,9.95703125
0,0,0,0,48.543209075927734,31.86482810974121,9.957412719726562
0,0,0,0,48.54344177246094,31.864347457885742,9.957969665527344
0,0,0,0,48.5435676574707,31.86406707763672,9.958404541015625
0,0,0,0,48.5438232421875,31.86355209350586,9.958976745605469
0,0,0,0,48.54399871826172,31.863258361816406,9.959381103515625
0,0,0,0,48.54423522949219,31.862873077392578,9.959739685058594
0,0,0,0,48.54444122314453,31.862577438354492,9.960052490234375
0,0,0,0,48.544761657714844,31.86212921142578,9.960372924804688
0,0,0,0,48.54499435424805,31.861896514892578,9.960586547851562
0,0,0,0,48.545230865478516,31.861600875854492,9.960777282714844
0,0,0,0,48.54549789428711,31.861328125,9.960975646972656
0,0,0,0,48.54563522338867,31.861154556274414,9.961074829101562
0,0,0,0,48.54582977294922,31.861013412475586,9.961112976074219
0,0,0,0,48.54600524902344,31.860881805419922,9.9610595703125
0,0,0,0,48.54619598388672,31.86080551147461,9.960968017578125
0,0,0,0,48.54628372192383,31.8608341217041,9.960800170898438
0,0,0,0,48.54638671875,31.8608341217041,9.960662841796875
0,0,0,0,48.54638671875,31.86100196838379,9.960472106933594
0,0,0,0,48.54643249511719,31.861133575439453,9.960281372070312
0,0,0,0,48.546382904052734,31.86154556274414,9.959991455078125
0,0,0,0,48.54636001586914,31.861684799194336,9.95989990234375
0,0,0,0,48.54629135131836,31.861995697021484,9.959739685058594
0,0,0,0,48.54623031616211,31.862295150756836,9.959556579589844
0,0,0,0,48.5461311340332,31.862621307373047,9.959426879882812
0,0,0,0,48.54603958129883,31.86288833618164,9.95928955078125
0,0,0,0,48.54591751098633,31.863357543945312,9.959091186523438
0,0,0,0,48.54581069946289,31.86368179321289,9.958946228027344
0,0,0,0,48.54572296142578,31.864023208618164,9.958808898925781
0,0,0,0,48.54555892944336,31.86444854736328,9.958610534667969
0,0,0,0,48.54549026489258,31.864765167236328,9.95843505859375
0,0,0,0,48.54536056518555,31.8651123046875,9.958267211914062
0,0,0,0,48.54528045654297,31.86553955078125,9.958038330078125
0,0,0,0,48.54515838623047,31.865888595581055,9.957847595214844
0,0,0,0,48.545101165771484,31.866159439086914,9.957649230957031
0,0,0,0,48.544921875,31.866662979125977,9.957366943359375
0,0,0,0,48.54486083984375,31.866952896118164,9.9571533203125
0,0,0,0,48.54473876953125,31.867347717285156,9.9569091796875
0,0,0,0,48.54463577270508,31.8678035736084,9.956573486328125
0,0,0,0,48.54448318481445,31.86821937561035,9.956336975097656
0,0,0,0,48.5443000793457,31.86867904663086,9.956031799316406
0,0,0,0,48.54412841796875,31.869176864624023,9.955726623535156
0,0,0,0,48.54398727416992,31.869430541992188,9.955558776855469
0,0,0,0,48.543766021728516,31.869857788085938,9.955253601074219
0,0,0,0,48.54341125488281,31.870357513427734,9.954856872558594
0,0,0,0,48.54315948486328,31.870704650878906,9.954605102539062
0,0,0,0,48.54286575317383,31.871044158935547,9.954391479492188
0,0,0,0,48.542537689208984,31.871479034423828,9.954200744628906
0,0,0,0,48.542205810546875,31.871810913085938,9.954109191894531
0,0,0,0,48.541934967041016,31.87207794189453,9.95404052734375
0,0,0,0,48.54147720336914,31.872507095336914,9.954017639160156
0,0,0,0,48.54121780395508,31.872756958007812,9.954063415527344
0,0,0,0,48.540863037109375,31.87306022644043,9.954132080078125
0,0,0,0,48.54051208496094,31.87335968017578,9.954261779785156
0,0,0,0,48.54020309448242,31.873685836791992,9.954414367675781
0,0,0,0,48.53995895385742,31.873910903930664,9.954627990722656
0,0,0,0,48.53954315185547,31.874309539794922,9.954963684082031
0,0,0,0,48.53926086425781,31.87451171875,9.955230712890625
0,0,0,0,48.538917541503906,31.874845504760742,9.95562744140625
0,0,0,0,48.53861999511719,31.875070571899414,9.956001281738281
0,0,0,0,48.5383415222168,31.87529754638672,9.956398010253906
0,0,0,0,48.537899017333984,31.875598907470703,9.956893920898438
0,0,0,0,48.53763198852539,31.875812530517578,9.957252502441406
0,0,0,0,48.537261962890625,31.876056671142578,9.957633972167969
0,0,0,0,48.536827087402344,31.87628746032715,9.958160400390625
0,0,0,0,48.53643798828125,31.87652015686035,9.958549499511719
0,0,0,0,48.536163330078125,31.876684188842773,9.958915710449219
0,0,0,0,48.53572082519531,31.876976013183594,9.9593505859375
0,0,0,0,48.53547668457031,31.87709617614746,9.959640502929688
0,0,0,0,48.5351676940918,31.877300262451172,9.959884643554688
0,0,0,0,48.53489303588867,31.877458572387695,9.960212707519531
0,0,0,0,48.53468322753906,31.877626419067383,9.960456848144531
0,0,0,0,48.53450393676758,31.877687454223633,9.960708618164062
0,0,0,0,48.534217834472656,31.87786102294922,9.9610595703125
0,0,0,0,48.53398132324219,31.8779296875,9.961311340332031
0,0,0,0,48.53376770019531,31.878053665161133,9.961555480957031
0,0,0,0,48.5334358215332,31.87827491760254,9.961860656738281
0,0,0,0,48.53307342529297,31.878549575805664,9.962211608886719
0,0,0,0,48.53281784057617,31.878711700439453,9.962425231933594
0,0,0,0,48.53239440917969,31.87896156311035,9.962875366210938
0,0,0,0,48.53199768066406,31.879194259643555,9.963241577148438
0,0,0,0,48.53165817260742,31.87939453125,9.963638305664062
0,0,0,0,48.53108596801758,31.879722595214844,9.964195251464844
0,0,0,0,48.53068542480469,31.87984275817871,9.964630126953125
0,0,0,0,48.530147552490234,31.880048751831055,9.965057373046875
0,0,0,0,48.529266357421875,31.880250930786133,9.965728759765625
0,0,0,0,48.5286979675293,31.880373001098633,9.966117858886719
0,0,0,0,48.5283088684082,31.880401611328125,9.966346740722656
0,0,0,0,48.527488708496094,31.880603790283203,9.966773986816406
0,0,0,0,48.52687072753906,31.8807315826416,9.967063903808594
0,0,0,0,48.52621841430664,31.88094139099121,9.967292785644531
0,0,0,0,48.52532958984375,31.881155014038086,9.967575073242188
0,0,0,0,48.52467346191406,31.88134002685547,9.967803955078125
0,0,0,0,48.523983001708984,31.88157081604004,9.968048095703125
0,0,0,0,48.52313232421875,31.88199806213379,9.968391418457031
0,0,0,0,48.52246856689453,31.882383346557617,9.968704223632812
0,0,0,0,48.521881103515625,31.88274574279785,9.968994140625
0,0,0,0,48.52107238769531,31.88327980041504,9.969375610351562
0,0,0,0,48.52056121826172,31.88364028930664,9.969642639160156
0,0,0,0,48.51995086669922,31.884119033813477,9.969932556152344
0,0,0,0,48.519195556640625,31.884666442871094,9.970367431640625
0,0,0,0,48.518592834472656,31.885169982910156,9.970718383789062
0,0,0,0,48.5180778503418,31.885587692260742,9.971099853515625
0,0,0,0,48.517356872558594,31.886281967163086,9.971633911132812
0,0,0,0,48.51686096191406,31.886709213256836,9.9720458984375
0,0,0,0,48.51634216308594,31.887203216552734,9.972480773925781
0,0,0,0,48.51571273803711,31.887712478637695,9.973098754882812
0,0,0,0,48.515289306640625,31.88812255859375,9.973564147949219
0,0,0,0,48.51494216918945,31.88843536376953,9.974021911621094
0,0,0,0,48.51466369628906,31.888879776000977,9.974624633789062
0,0,0,0,48.51448440551758,31.88920021057129,9.975059509277344
0,0,0,0,48.5144157409668,31.889528274536133,9.9754638671875
0,0,0,0,48.51430892944336,31.889930725097656,9.975929260253906
0,0,0,0,48.51435089111328,31.89013671875,9.976188659667969
0,0,0,0,48.51436996459961,31.89036750793457,9.976371765136719
0,0,0,0,48.514583587646484,31.890518188476562,9.976463317871094
0,0,0,0,48.51469802856445,31.890560150146484,9.9764404296875
0,0,0,0,48.51490020751953,31.89042854309082,9.976341247558594
0,0,0,0,48.51508712768555,31.89031219482422,9.97607421875
0,0,0,0,48.51531982421875,31.890092849731445,9.975730895996094
0,0,0,0,48.515499114990234,31.889928817749023,9.97528076171875
0,0,0,0,48.515811920166016,31.88953971862793,9.974540710449219
0,0,0,0,48.516048431396484,31.889278411865234,9.97393798828125
0,0,0,0,48.516326904296875,31.888919830322266,9.973304748535156
0,0,0,0,48.51670455932617,31.88845443725586,9.972457885742188
0,0,0,0,48.516944885253906,31.88806915283203,9.971847534179688
0,0,0,0,48.5172004699707,31.887657165527344,9.971282958984375
0,0,0,0,48.517486572265625,31.88705825805664,9.9705810546875
0,0,0,0,48.51780700683594,31.886554718017578,9.970062255859375
0,0,0,0,48.51805114746094,31.88605499267578,9.969573974609375
0,0,0,0,48.518470764160156,31.885345458984375,9.968925476074219
0,0,0,0,48.51869583129883,31.884885787963867,9.968452453613281
0,0,0,0,48.51899337768555,31.88433837890625,9.967971801757812
0,0,0,0,48.519283294677734,31.883708953857422,9.967361450195312
0,0,0,0,48.51955795288086,31.883150100708008,9.966888427734375
0,0,0,0,48.51975631713867,31.882680892944336,9.966415405273438
0,0,0,0,48.520050048828125,31.881973266601562,9.965782165527344
0,0,0,0,48.52029037475586,31.881418228149414,9.965110778808594
0,0,0,0,48.520423889160156,31.8810977935791,9.964775085449219
0,0,0,0,48.52068328857422,31.880582809448242,9.96405029296875
0,0,0,0,48.52088165283203,31.880197525024414,9.963508605957031
0,0,0,0,48.52107620239258,31.8798828125,9.962982177734375
0,0,0,0,48.5213508605957,31.879413604736328,9.9622802734375
0,0,0,0,48.5215950012207,31.87906265258789,9.961784362792969
0,0,0,0,48.52178192138672,31.87872886657715,9.961341857910156
0,0,0,0,48.5220947265625,31.878286361694336,9.9608154296875
0,0,0,0,48.52228546142578,31.878019332885742,9.960472106933594
0,0,0,0,48.522544860839844,31.877700805664062,9.960151672363281
0,0,0,0,48.522796630859375,31.877382278442383,9.959823608398438
0,0,0,0,48.52305603027344,31.877103805541992,9.95965576171875
0,0,0,0,48.52322006225586,31.876924514770508,9.95953369140625
0,0,0,0,48.52354049682617,31.876625061035156,9.95941162109375
0,0,0,0,48.52375030517578,31.876529693603516,9.959320068359375
0,0,0,0,48.5240592956543,31.876346588134766,9.959259033203125
0,0,0,0,48.52444076538086,31.87622833251953,9.959182739257812
0,0,0,0,48.52475357055664,31.876079559326172,9.959098815917969
0,0,0,0,48.52504348754883,31.87600326538086,9.958992004394531
0,0,0,0,48.52549743652344,31.87577247619629,9.958747863769531
0,0,0,0,48.525901794433594,31.875577926635742,9.958465576171875
0,0,0,0,48.5262451171875,31.875349044799805,9.9581298828125
0,0,0,0,48.52676010131836,31.87502670288086,9.957649230957031
0,0,0,0,48.52711486816406,31.87476348876953,9.957298278808594
0,0,0,0,48.527557373046875,31.874433517456055,9.956947326660156
0,0,0,0,48.528106689453125,31.87401008605957,9.956443786621094
0,0,0,0,48.528743743896484,31.873554229736328,9.955955505371094
0,0,0,0,48.529029846191406,31.87337875366211,9.955734252929688
0,0,0,0,48.529693603515625,31.872865676879883,9.955329895019531
0,0,0,0,48.530120849609375,31.872562408447266,9.955085754394531
0,0,0,0,48.53059768676758,31.872177124023438,9.954864501953125
0,0,0,0,48.531166076660156,31.87177276611328,9.954681396484375
0,0,0,0,48.53163146972656,31.87139892578125,9.954612731933594
0,0,0,0,48.53205490112305,31.87114715576172,9.95458984375
0,0,0,0,48.53264236450195,31.870784759521484,9.954627990722656
0,0,0,0,48.5330696105957,31.870628356933594,9.954704284667969
0,0,0,0,48.53346633911133,31.870420455932617,9.954826354980469
0,0,0,0,48.53398513793945,31.87025260925293,9.955062866210938
0,0,0,0,48.53433609008789,31.870197296142578,9.955291748046875
0,0,0,0,48.534732818603516,31.870195388793945,9.955551147460938
0,0,0,0,48.53517150878906,31.870262145996094,9.955970764160156
0,0,0,0,48.53557205200195,31.87031364440918,9.956321716308594
0,0,0,0,48.53588104248047,31.87044334411621,9.956748962402344
0,0,0,0,48.53636932373047,31.87055778503418,9.957412719726562
0,0,0,0,48.53664779663086,31.870729446411133,9.957923889160156
0,0,0,0,48.5369873046875,31.870811462402344,9.958427429199219
0,0,0,0,48.537315368652344,31.87099838256836,9.959060668945312
0,0,0,0,48.53761672973633,31.871015548706055,9.959503173828125
0,0,0,0,48.53782272338867,31.871105194091797,9.959922790527344
0,0,0,0,48.53813171386719,31.871042251586914,9.960433959960938
0,0,0,0,48.538299560546875,31.87100601196289,9.960800170898438
0,0,0,0,48.5384635925293,31.870838165283203,9.961151123046875
0,0,0,0,48.53862762451172,31.870704650878906,9.961570739746094
0,0,0,0,48.5386962890625,31.870563507080078,9.961845397949219
0,0,0,0,48.53875732421875,31.870437622070312,9.962081909179688
0,0,0,0,48.53874206542969,31.870197296142578,9.962379455566406
0,0,0,0,48.5387077331543,31.869901657104492,9.962631225585938
0,0,0,0,48.53861999511719,31.869796752929688,9.962745666503906
0,0,0,0,48.53850555419922,31.869522094726562,9.962997436523438
0,0,0,0,48.538326263427734,31.869342803955078,9.963203430175781
0,0,0,0,48.53823471069336,31.86905288696289,9.963432312011719
0,0,0,0,48.53801345825195,31.86873435974121,9.963768005371094
0,0,0,0,48.53792190551758,31.86838150024414,9.964073181152344
0,0,0,0,48.53776931762695,31.86811637878418,9.964424133300781
0,0,0,0,48.537654876708984,31.86760902404785,9.964950561523438
0,0,0,0,48.537540435791016,31.867074966430664,9.965499877929688
0,0,0,0,48.537471771240234,31.866748809814453,9.965797424316406
0,0,0,0,48.53733825683594,31.866161346435547,9.966415405273438
0,0,0,0,48.537269592285156,31.865629196166992,9.966896057128906
0,0,0,0,48.537208557128906,31.86509895324707,9.967361450195312
0,0,0,0,48.537105560302734,31.864301681518555,9.96795654296875
0,0,0,0,48.53705596923828,31.86347770690918,9.968521118164062
0,0,0,0,48.5369873046875,31.863100051879883,9.968803405761719
0,0,0,0,48.53697967529297,31.86229705810547,9.969383239746094
0,0,0,0,48.53692626953125,31.861474990844727,9.969902038574219
0,0,0,0,48.536949157714844,31.860980987548828,9.970138549804688
0,0,0,0,48.53683090209961,31.86007308959961,9.970588684082031
0,0,0,0,48.53676986694336,31.859315872192383,9.970878601074219
0,0,0,0,48.53659439086914,31.85869026184082,9.971107482910156
0,0,0,0,48.536415100097656,31.85782241821289,9.971359252929688
0,0,0,0,48.536190032958984,31.857316970825195,9.971458435058594
0,0,0,0,48.53599166870117,31.856752395629883,9.97149658203125
0,0,0,0,48.535606384277344,31.85616111755371,9.971504211425781
0,0,0,0,48.53529739379883,31.855703353881836,9.971488952636719
0,0,0,0,48.53491973876953,31.855344772338867,9.971481323242188
0,0,0,0,48.53435516357422,31.854827880859375,9.971443176269531
0,0,0,0,48.533897399902344,31.854496002197266,9.971389770507812
0,0,0,0,48.533382415771484,31.85416030883789,9.971321105957031
0,0,0,0,48.53263473510742,31.853763580322266,9.971229553222656
0,0,0,0,48.531959533691406,31.853498458862305,9.97113037109375
0,0,0,0,48.53129196166992,31.85319709777832,9.971023559570312
0,0,0,0,48.53030776977539,31.852806091308594,9.970954895019531
0,0,0,0,48.52964401245117,31.852495193481445,9.970947265625
0,0,0,0,48.52885818481445,31.852296829223633,9.970985412597656
0,0,0,0,48.527915954589844,31.851974487304688,9.9710693359375
0,0,0,0,48.52717590332031,31.851825714111328,9.97113037109375
0,0,0,0,48.52653121948242,31.851579666137695,9.971183776855469
0,0,0,0,48.52558135986328,31.851430892944336,9.97125244140625
0,0,0,0,48.52491760253906,31.851293563842773,9.971305847167969
0,0,0,0,48.52425765991211,31.851289749145508,9.971351623535156
0,0,0,0,48.52347946166992,31.851221084594727,9.971389770507812
0,0,0,0,48.52292251586914,31.851253509521484,9.971351623535156
0,0,0,0,48.52237319946289,31.851253509521484,9.9713134765625
0,0,0,0,48.52174758911133,31.851350784301758,9.971305847167969
0,0,0,0,48.52131271362305,31.851459503173828,9.971336364746094
0,0,0,0,48.52099609375,31.85157585144043,9.971420288085938
0,0,0,0,48.5206184387207,31.85176658630371,9.971511840820312
0,0,0,0,48.520484924316406,31.851879119873047,9.971580505371094
0,0,0,0,48.520347595214844,31.852069854736328,9.9716796875
0,0,0,0,48.520355224609375,31.852272033691406,9.971817016601562
0,0,0,0,48.520355224609375,31.85250473022461,9.971931457519531
0,0,0,0,48.52049255371094,31.852619171142578,9.9720458984375
0,0,0,0,48.5206184387207,31.852859497070312,9.972152709960938
0,0,0,0,48.52077865600586,31.85295867919922,9.972198486328125
0,0,0,0,48.52086639404297,31.853193283081055,9.972259521484375
0,0,0,0,48.52101135253906,31.85340690612793,9.97235107421875
0,0,0,0,48.52109909057617,31.853670120239258,9.972434997558594
0,0,0,0,48.52118682861328,31.853853225708008,9.972511291503906
0,0,0,0,48.521270751953125,31.854127883911133,9.972648620605469
0,0,0,0,48.521297454833984,31.854270935058594,9.972770690917969
0,0,0,0,48.52134704589844,31.854442596435547,9.972892761230469
0,0,0,0,48.5213623046875,31.854656219482422,9.973091125488281
0,0,0,0,48.521385192871094,31.854829788208008,9.973228454589844
0,0,0,0,48.521331787109375,31.85504722595215,9.973342895507812
0,0,0,0,48.52128219604492,31.85532569885254,9.973419189453125
0,0,0,0,48.52116012573242,31.855592727661133,9.973426818847656
0,0,0,0,48.521114349365234,31.855796813964844,9.973396301269531
0,0,0,0,48.52094268798828,31.856212615966797,9.973373413085938
0,0,0,0,48.52088928222656,31.85646629333496,9.973365783691406
0,0,0,0,48.520721435546875,31.856834411621094,9.973350524902344
0,0,0,0,48.52056884765625,31.857242584228516,9.973304748535156
0,0,0,0,48.52039337158203,31.857654571533203,9.973236083984375
0,0,0,0,48.52028274536133,31.857986450195312,9.973152160644531
0,0,0,0,48.52011489868164,31.85854721069336,9.973068237304688
0,0,0,0,48.519996643066406,31.85914421081543,9.973007202148438
0,0,0,0,48.51996612548828,31.859464645385742,9.972984313964844
0,0,0,0,48.519859313964844,31.860139846801758,9.972976684570312
0,0,0,0,48.519798278808594,31.860754013061523,9.972976684570312
0,0,0,0,48.51968002319336,31.861417770385742,9.972953796386719
0,0,0,0,48.51955032348633,31.862333297729492,9.972969055175781
0,0,0,0,48.51938247680664,31.86308479309082,9.973030090332031
0,0,0,0,48.5192985534668,31.863815307617188,9.973129272460938
0,0,0,0,48.51908493041992,31.864891052246094,9.973297119140625
0,0,0,0,48.51901626586914,31.86564826965332,9.973464965820312
0,0,0,0,48.51887893676758,31.86651611328125,9.973701477050781
0,0,0,0,48.5187873840332,31.867572784423828,9.974090576171875
0,0,0,0,48.51865768432617,31.868444442749023,9.974411010742188
0,0,0,0,48.518611907958984,31.869205474853516,9.974739074707031
0,0,0,0,48.51850509643555,31.870317459106445,9.97515869140625
0,0,0,0,48.518436431884766,31.87106704711914,9.975486755371094
0,0,0,0,48.51833724975586,31.87185287475586,9.975807189941406
0,0,0,0,48.51824188232422,31.87272834777832,9.976226806640625
0,0,0,0,48.518226623535156,31.87340545654297,9.976524353027344
0,0,0,0,48.518211364746094,31.8740234375,9.976814270019531
0,0,0,0,48.518211364746094,31.87482452392578,9.9771728515625
0,0,0,0,48.51816177368164,31.875394821166992,9.9774169921875
0,0,0,0,48.5181884765625,31.875913619995117,9.977645874023438
0,0,0,0,48.518131256103516,31.876590728759766,9.977897644042969
0,0,0,0,48.51817321777344,31.877042770385742,9.978042602539062
0,0,0,0,48.51814270019531,31.877588272094727,9.978134155273438
0,0,0,0,48.5181999206543,31.878267288208008,9.978187561035156
0,0,0,0,48.51813888549805,31.878877639770508,9.978157043457031
0,0,0,0,48.518123626708984,31.87938117980957,9.978080749511719
0,0,0,0,48.51800537109375,31.88016700744629,9.977882385253906
0,0,0,0,48.5179443359375,31.88068199157715,9.977691650390625
0,0,0,0,48.517799377441406,31.88129997253418,9.977493286132812
0,0,0,0,48.51762008666992,31.88198471069336,9.977210998535156
0,0,0,0,48.517494201660156,31.882537841796875,9.976974487304688
0,0,0,0,48.51735305786133,31.883007049560547,9.976730346679688
0,0,0,0,48.51717758178711,31.88364601135254,9.976387023925781
0,0,0,0,48.51698684692383,31.88409996032715,9.976119995117188
0,0,0,0,48.516868591308594,31.88450813293457,9.975883483886719
0,0,0,0,48.51663589477539,31.88496971130371,9.975547790527344
0,0,0,0,48.51652145385742,31.88523292541504,9.97528076171875
0,0,0,0,48.51633071899414,31.8855037689209,9.975013732910156
0,0,0,0,48.51620864868164,31.885761260986328,9.974662780761719
0,0,0,0,48.51604461669922,31.88599395751953,9.974441528320312
0,0,0,0,48.5160026550293,31.886110305786133,9.974311828613281
0,0,0,0,48.515933990478516,31.88633918762207,9.974189758300781
0,0,0,0,48.51597595214844,31.88636016845703,9.974113464355469
0,0,0,0,48.51600646972656,31.886438369750977,9.974067687988281
0,0,0,0,48.51618957519531,31.886402130126953,9.974006652832031
0,0,0,0,48.516448974609375,31.886381149291992,9.973876953125
0,0,0,0,48.516597747802734,31.886308670043945,9.973800659179688
0,0,0,0,48.5169563293457,31.886192321777344,9.973640441894531
0,0,0,0,48.51723861694336,31.886051177978516,9.973518371582031
0,0,0,0,48.517574310302734,31.885934829711914,9.973396301269531
0,0,0,0,48.51803970336914,31.88574981689453,9.973220825195312
0,0,0,0,48.51846694946289,31.885591506958008,9.973091125488281
0,0,0,0,48.51884078979492,31.885425567626953,9.972946166992188
0,0,0,0,48.5194206237793,31.885177612304688,9.972824096679688
0,0,0,0,48.51980209350586,31.885046005249023,9.972785949707031
0,0,0,0,48.52025604248047,31.884838104248047,9.972793579101562
0,0,0,0,48.520755767822266,31.8846492767334,9.972793579101562
0,0,0,0,48.5212516784668,31.88443946838379,9.972763061523438
0,0,0,0,48.521705627441406,31.884334564208984,9.972694396972656
0,0,0,0,48.5224494934082,31.88409423828125,9.972541809082031
0,0,0,0,48.52296447753906,31.884002685546875,9.972343444824219
0,0,0,0,48.52354431152344,31.8837890625,9.972091674804688
0,0,0,0,48.524288177490234,31.883621215820312,9.971733093261719
0,0,0,0,48.52485656738281,31.883453369140625,9.971435546875
0,0,0,0,48.525413513183594,31.88335609436035,9.971122741699219
0,0,0,0,48.526119232177734,31.88319969177246,9.970680236816406
0,0,0,0,48.52666473388672,31.88313102722168,9.9703369140625
0,0,0,0,48.527137756347656,31.883047103881836,9.969993591308594
0,0,0,0,48.52779769897461,31.88296127319336,9.96954345703125
0,0,0,0,48.528167724609375,31.882949829101562,9.969146728515625
0,0,0,0,48.52857971191406,31.88290023803711,9.968734741210938
0,0,0,0,48.52894973754883,31.882862091064453,9.968124389648438
0,0,0,0,48.52927017211914,31.88276481628418,9.967628479003906
0,0,0,0,48.529441833496094,31.882749557495117,9.967117309570312
0,0,0,0,48.52971267700195,31.882585525512695,9.966453552246094
0,0,0,0,48.52981948852539,31.882490158081055,9.965957641601562
0,0,0,0,48.529937744140625,31.882259368896484,9.965476989746094
0,0,0,0,48.53000259399414,31.882061004638672,9.964813232421875
0,0,0,0,48.53006362915039,31.88182258605957,9.964340209960938
0,0,0,0,48.53007888793945,31.881614685058594,9.963890075683594
0,0,0,0,48.530120849609375,31.881195068359375,9.963340759277344
0,0,0,0,48.53015899658203,31.88088035583496,9.962989807128906
0,0,0,0,48.530147552490234,31.8804988861084,9.96270751953125
0,0,0,0,48.53012466430664,31.880016326904297,9.962425231933594
0,0,0,0,48.530059814453125,31.87964630126953,9.962265014648438
0,0,0,0,48.53004837036133,31.879240036010742,9.962150573730469
0,0,0,0,48.5299072265625,31.878747940063477,9.962066650390625
0,0,0,0,48.52985763549805,31.878307342529297,9.962051391601562
0,0,0,0,48.52974319458008,31.877933502197266,9.962043762207031
0,0,0,0,48.529720306396484,31.877351760864258,9.9620361328125
0,0,0,0,48.52964782714844,31.876991271972656,9.961990356445312
0,0,0,0,48.52962875366211,31.876502990722656,9.9619140625
0,0,0,0,48.52949905395508,31.875967025756836,9.961784362792969
0,0,0,0,48.5294075012207,31.875465393066406,9.961624145507812
0,0,0,0,48.529239654541016,31.87504768371582,9.961418151855469
0,0,0,0,48.52906799316406,31.874374389648438,9.961051940917969
0,0,0,0,48.52891159057617,31.87392234802246,9.960746765136719
0,0,0,0,48.528743743896484,31.87337875366211,9.960456848144531
0,0,0,0,48.52846145629883,31.87272071838379,9.960037231445312
0,0,0,0,48.5281982421875,31.872211456298828,9.959678649902344
0,0,0,0,48.52796936035156,31.871723175048828,9.959297180175781
0,0,0,0,48.527652740478516,31.8710880279541,9.958740234375
0,0,0,0,48.52741241455078,31.870439529418945,9.95806884765625
0,0,0,0,48.52723693847656,31.87016487121582,9.957717895507812
0,0,0,0,48.52701187133789,31.869503021240234,9.95703125
0,0,0,0,48.52678680419922,31.86907958984375,9.956497192382812
0,0,0,0,48.52666473388672,31.86858367919922,9.955947875976562
0,0,0,0,48.5263786315918,31.868040084838867,9.955238342285156
0,0,0,0,48.52617263793945,31.8675594329834,9.954727172851562
0,0,0,0,48.525901794433594,31.867218017578125,9.954246520996094
0,0,0,0,48.52558517456055,31.866682052612305,9.953697204589844
0,0,0,0,48.5252799987793,31.866390228271484,9.953361511230469
0,0,0,0,48.524993896484375,31.866008758544922,9.953102111816406
0,0,0,0,48.52458572387695,31.865556716918945,9.952796936035156
0,0,0,0,48.52425003051758,31.86520004272461,9.952552795410156
0,0,0,0,48.52391815185547,31.864913940429688,9.952323913574219
0,0,0,0,48.523414611816406,31.864517211914062,9.952064514160156
0,0,0,0,48.52307891845703,31.86423110961914,9.951881408691406
0,0,0,0,48.522682189941406,31.86398696899414,9.951690673828125
0,0,0,0,48.52218246459961,31.863656997680664,9.951469421386719
0,0,0,0,48.52175521850586,31.86345863342285,9.951332092285156
0,0,0,0,48.521419525146484,31.86316680908203,9.951225280761719
0,0,0,0,48.52085876464844,31.862855911254883,9.951072692871094
0,0,0,0,48.52053451538086,31.86252212524414,9.950958251953125
0,0,0,0,48.52012252807617,31.862262725830078,9.950828552246094
0,0,0,0,48.519649505615234,31.86178970336914,9.950668334960938
0,0,0,0,48.519229888916016,31.86154556274414,9.950569152832031
0,0,0,0,48.518863677978516,31.8612117767334,9.950477600097656
0,0,0,0,48.518314361572266,31.860864639282227,9.950386047363281
0,0,0,0,48.51790237426758,31.86054801940918,9.950325012207031
0,0,0,0,48.5174674987793,31.860322952270508,9.950286865234375
0,0,0,0,48.51688003540039,31.860034942626953,9.95025634765625
0,0,0,0,48.51649856567383,31.859861373901367,9.95025634765625
0,0,0,0,48.516075134277344,31.85968780517578,9.950294494628906
0,0,0,0,48.51554870605469,31.85953712463379,9.950408935546875
0,0,0,0,48.5151252746582,31.859477996826172,9.950531005859375
0,0,0,0,48.51484298706055,31.85936737060547,9.950653076171875
0,0,0,0,48.51445388793945,31.859254837036133,9.950813293457031
0,0,0,0,48.51424789428711,31.859092712402344,9.950912475585938
0,0,0,0,48.513954162597656,31.859039306640625,9.95098876953125
0,0,0,0,48.51373291015625,31.858917236328125,9.9510498046875
0,0,0,0,48.51355743408203,31.85893440246582,9.951004028320312
0,0,0,0,48.51349639892578,31.858869552612305,9.950912475585938
0,0,0,0,48.51333999633789,31.858932495117188,9.950729370117188
0,0,0,0,48.513240814208984,31.858915328979492,9.950553894042969
0,0,0,0,48.51314163208008,31.859031677246094,9.950370788574219
0,0,0,0,48.51304244995117,31.859140396118164,9.950111389160156
0,0,0,0,48.512969970703125,31.859275817871094,9.949951171875
0,0,0,0,48.51283264160156,31.859376907348633,9.9498291015625
0,0,0,0,48.51263427734375,31.859609603881836,9.949714660644531
0,0,0,0,48.512413024902344,31.85980224609375,9.949684143066406
0,0,0,0,48.512229919433594,31.859989166259766,9.949714660644531
0,0,0,0,48.51182174682617,31.86029624938965,9.949836730957031
0,0,0,0,48.51154327392578,31.86046600341797,9.95001220703125
0,0,0,0,48.51118469238281,31.860708236694336,9.950233459472656
0,0,0,0,48.510765075683594,31.86093521118164,9.950630187988281
0,0,0,0,48.51036071777344,31.861160278320312,9.950942993164062
0,0,0,0,48.51007080078125,31.861268997192383,9.951301574707031
0,0,0,0,48.50959014892578,31.861469268798828,9.951797485351562
0,0,0,0,48.50926971435547,31.861492156982422,9.952186584472656
0,0,0,0,48.50890350341797,31.86155891418457,9.95257568359375
0,0,0,0,48.5084342956543,31.861528396606445,9.953147888183594
0,0,0,0,48.50810241699219,31.8615779876709,9.95361328125
0,0,0,0,48.50780487060547,31.86154556274414,9.954078674316406
0,0,0,0,48.50741195678711,31.861572265625,9.954643249511719
0,0,0,0,48.507102966308594,31.861572265625,9.955039978027344
0,0,0,0,48.50687026977539,31.861600875854492,9.955398559570312
0,0,0,0,48.50657272338867,31.86162757873535,9.955833435058594
0,0,0,0,48.50642776489258,31.861614227294922,9.956100463867188
0,0,0,0,48.506221771240234,31.861650466918945,9.956275939941406
0,0,0,0,48.50603485107422,31.86162567138672,9.956382751464844
0,0,0,0,48.50578308105469,31.861717224121094,9.956344604492188
0,0,0,0,48.50572967529297,31.8617000579834,9.956298828125
0,0,0,0,48.505550384521484,31.861835479736328,9.956153869628906
0,0,0,0,48.505496978759766,31.861841201782227,9.956047058105469
0,0,0,0,48.50542449951172,31.861921310424805,9.955955505371094
0,0,0,0,48.5054817199707,31.86187744140625,9.955833435058594
0,0,0,0,48.50551223754883,31.8619384765625,9.955764770507812
0,0,0,0,48.50559616088867,31.86191749572754,9.955711364746094
0,0,0,0,48.50569534301758,31.861976623535156,9.95562744140625
0,0,0,0,48.50577926635742,31.861989974975586,9.95556640625
0,0,0,0,48.50590515136719,31.862051010131836,9.955520629882812
0,0,0,0,48.506099700927734,31.862096786499023,9.955474853515625
0,0,0,0,48.50627517700195,31.862123489379883,9.9554443359375
0,0,0,0,48.506370544433594,31.86219024658203,9.955421447753906
0,0,0,0,48.50657272338867,31.862306594848633,9.95538330078125
0,0,0,0,48.50665283203125,31.862470626831055,9.955352783203125
0,0,0,0,48.506778717041016,31.862571716308594,9.955299377441406
0,0,0,0,48.50685501098633,31.862857818603516,9.955184936523438
0,0,0,0,48.50700759887695,31.86301612854004,9.955078125
0,0,0,0,48.50706100463867,31.863277435302734,9.954925537109375
0,0,0,0,48.5071907043457,31.863513946533203,9.954742431640625
0,0,0,0,48.507198333740234,31.86377716064453,9.954627990722656
0,0,0,0,48.507259368896484,31.863941192626953,9.954544067382812
0,0,0,0,48.50724792480469,31.864240646362305,9.954521179199219
0,0,0,0,48.50719451904297,31.864383697509766,9.954574584960938
0,0,0,0,48.50709915161133,31.864572525024414,9.954689025878906
0,0,0,0,48.5069694519043,31.864715576171875,9.954917907714844
0,0,0,0,48.50691604614258,31.864822387695312,9.955169677734375
0,0,0,0,48.50682830810547,31.864904403686523,9.955451965332031
0,0,0,0,48.50674057006836,31.865034103393555,9.955894470214844
0,0,0,0,48.50659942626953,31.865110397338867,9.956298828125
0,0,0,0,48.506553649902344,31.86511993408203,9.956748962402344
0,0,0,0,48.50645065307617,31.865108489990234,9.957351684570312
0,0,0,0,48.50645065307617,31.86501121520996,9.957809448242188
0,0,0,0,48.506385803222656,31.864990234375,9.958259582519531
0,0,0,0,48.50639724731445,31.864835739135742,9.958839416503906
0,0,0,0,48.50634002685547,31.86479949951172,9.959243774414062
0,0,0,0,48.50636291503906,31.864652633666992,9.959602355957031
0,0,0,0,48.506317138671875,31.86458396911621,9.959953308105469
0,0,0,0,48.506290435791016,31.864442825317383,9.960113525390625
0,0,0,0,48.50625228881836,31.86439323425293,9.960174560546875
0,0,0,0,48.50628662109375,31.8642635345459,9.960159301757812
0,0,0,0,48.50632095336914,31.86424446105957,9.960075378417969
0,0,0,0,48.5063362121582,31.864227294921875,9.959930419921875
0,0,0,0,48.506370544433594,31.864316940307617,9.959686279296875
0,0,0,0,48.506370544433594,31.864439010620117,9.959503173828125
0,0,0,0,48.50644302368164,31.86459732055664,9.959320068359375
0,0,0,0,48.50647735595703,31.86485481262207,9.959037780761719
0,0,0,0,48.50657653808594,31.86501693725586,9.95880126953125
0,0,0,0,48.5065803527832,31.865262985229492,9.958595275878906
0,0,0,0,48.50664138793945,31.86552619934082,9.95831298828125
0,0,0,0,48.50661087036133,31.865840911865234,9.958091735839844
0,0,0,0,48.50666809082031,31.866100311279297,9.957855224609375
0,0,0,0,48.50663375854492,31.866558074951172,9.957595825195312
0,0,0,0,48.50664138793945,31.866817474365234,9.957443237304688
0,0,0,0,48.506587982177734,31.867197036743164,9.957313537597656
0,0,0,0,48.506595611572266,31.867595672607422,9.957191467285156
0,0,0,0,48.5066032409668,31.867937088012695,9.9571533203125
0,0,0,0,48.506622314453125,31.86819839477539,9.957168579101562
0,0,0,0,48.50666427612305,31.868581771850586,9.957275390625
0,0,0,0,48.5067253112793,31.86882209777832,9.957389831542969
0,0,0,0,48.50687789916992,31.869043350219727,9.957572937011719
0,0,0,0,48.507110595703125,31.869340896606445,9.957962036132812
0,0,0,0,48.507408142089844,31.86957550048828,9.958351135253906
0,0,0,0,48.50767517089844,31.86983871459961,9.958831787109375
0,0,0,0,48.50815963745117,31.8701229095459,9.959587097167969
0,0,0,0,48.508480072021484,31.870407104492188,9.960235595703125
0,0,0,0,48.50889205932617,31.870580673217773,9.960968017578125
0,0,0,0,48.509361267089844,31.870901107788086,9.962059020996094
0,0,0,0,48.50981140136719,31.87105369567871,9.962936401367188
0,0,0,0,48.51020431518555,31.871299743652344,9.963836669921875
0,0,0,0,48.51080322265625,31.87146759033203,9.965072631835938
0,0,0,0,48.51123809814453,31.871671676635742,9.966011047363281
0,0,0,0,48.51173400878906,31.871768951416016,9.966941833496094
0,0,0,0,48.51236343383789,31.871938705444336,9.968162536621094
0,0,0,0,48.51283645629883,31.871950149536133,9.969047546386719
0,0,0,0,48.51331329345703,31.871973037719727,9.969886779785156
0,0,0,0,48.51390838623047,31.871932983398438,9.970985412597656
0,0,0,0,48.51437759399414,31.871891021728516,9.971771240234375
0,0,0,0,48.51478576660156,31.871870040893555,9.972518920898438
0,0,0,0,48.51539611816406,31.871809005737305,9.973464965820312
0,0,0,0,48.51580047607422,31.87178611755371,9.97412109375
0,0,0,0,48.51631546020508,31.8717098236084,9.9747314453125
0,0,0,0,48.51696014404297,31.87167739868164,9.975456237792969
0,0,0,0,48.51753616333008,31.871583938598633,9.975929260253906
0,0,0,0,48.518043518066406,31.871620178222656,9.976356506347656
0,0,0,0,48.51881790161133,31.871578216552734,9.976882934570312
0,0,0,0,48.51935958862305,31.87165069580078,9.977256774902344
0,0,0,0,48.519981384277344,31.871662139892578,9.977592468261719
0,0,0,0,48.52076721191406,31.871862411499023,9.977935791015625
0,0,0,0,48.5213508605957,31.87197494506836,9.9781494140625
0,0,0,0,48.521915435791016,31.87217903137207,9.97833251953125
0,0,0,0,48.52262878417969,31.872392654418945,9.978515625
0,0,0,0,48.523197174072266,31.872589111328125,9.978614807128906
0,0,0,0,48.523765563964844,31.872783660888672,9.978683471679688
0,0,0,0,48.524658203125,31.87311553955078,9.978736877441406
0,0,0,0,48.52524948120117,31.8734073638916,9.978775024414062
0,0,0,0,48.52592468261719,31.873720169067383,9.978805541992188
0,0,0,0,48.526763916015625,31.87424087524414,9.978828430175781
0,0,0,0,48.52749252319336,31.87460708618164,9.978828430175781
0,0,0,0,48.52813720703125,31.875062942504883,9.978836059570312
0,0,0,0,48.5290641784668,31.875593185424805,9.978836059570312
0,0,0,0,48.529685974121094,31.876070022583008,9.978828430175781
0,0,0,0,48.53036880493164,31.876455307006836,9.97882080078125
0,0,0,0,48.53118896484375,31.877077102661133,9.978775024414062
0,0,0,0,48.53184509277344,31.87741470336914,9.97869873046875
0,0,0,0,48.53246307373047,31.877822875976562,9.978546142578125
0,0,0,0,48.533260345458984,31.878273010253906,9.978302001953125
0,0,0,0,48.53383255004883,31.87861442565918,9.97808837890625
0,0,0,0,48.53436279296875,31.8789005279541,9.97784423828125
0,0,0,0,48.53508758544922,31.879297256469727,9.97747802734375
0,0,0,0,48.53557205200195,31.879596710205078,9.977195739746094
0,0,0,0,48.53609848022461,31.87986183166504,9.976913452148438
0,0,0,0,48.53676223754883,31.88022804260254,9.976509094238281
0,0,0,0,48.53731155395508,31.880413055419922,9.976211547851562
0,0,0,0,48.53776550292969,31.880615234375,9.975936889648438
0,0,0,0,48.53843307495117,31.8807373046875,9.975578308105469
0,0,0,0,48.53886032104492,31.880847930908203,9.975303649902344
0,0,0,0,48.539371490478516,31.880815505981445,9.975028991699219
0,0,0,0,48.53993225097656,31.88079261779785,9.974617004394531
0,0,0,0,48.5403938293457,31.88063621520996,9.974288940429688
0,0,0,0,48.54081344604492,31.880558013916016,9.973930358886719
0,0,0,0,48.54144287109375,31.880308151245117,9.973411560058594
0,0,0,0,48.541866302490234,31.880155563354492,9.973007202148438
0,0,0,0,48.54227828979492,31.879947662353516,9.97259521484375
0,0,0,0,48.54279327392578,31.879779815673828,9.972030639648438
0,0,0,0,48.543235778808594,31.87961196899414,9.971473693847656
0,0,0,0,48.54349899291992,31.879493713378906,9.971206665039062
0,0,0,0,48.543914794921875,31.879281997680664,9.970687866210938
0,0,0,0,48.54427719116211,31.87912940979004,9.9703369140625
0,0,0,0,48.544559478759766,31.879032135009766,9.970024108886719
0,0,0,0,48.54496383666992,31.878870010375977,9.969673156738281
0,0,0,0,48.5451545715332,31.878807067871094,9.969444274902344
0,0,0,0,48.54539489746094,31.878633499145508,9.969215393066406
0,0,0,0,48.545555114746094,31.878517150878906,9.968925476074219
0,0,0,0,48.54570007324219,31.878387451171875,9.968696594238281
0,0,0,0,48.54574203491211,31.87837791442871,9.968429565429688
0,0,0,0,48.54582214355469,31.878328323364258,9.968040466308594
0,0,0,0,48.54586410522461,31.87839698791504,9.967704772949219
0,0,0,0,48.54596710205078,31.878406524658203,9.96734619140625
0,0,0,0,48.54606628417969,31.87852668762207,9.96685791015625
0,0,0,0,48.54609680175781,31.87856674194336,9.966499328613281
0,0,0,0,48.54611587524414,31.87865447998047,9.966148376464844
0,0,0,0,48.54611587524414,31.878726959228516,9.965766906738281
0,0,0,0,48.546165466308594,31.8787841796875,9.965553283691406
0,0,0,0,48.546142578125,31.87885284423828,9.965377807617188
0,0,0,0,48.54616928100586,31.87896156311035,9.965179443359375
0,0,0,0,48.546104431152344,31.879047393798828,9.965087890625
0,0,0,0,48.546112060546875,31.879060745239258,9.965072631835938
0,0,0,0,48.5460090637207,31.879182815551758,9.965133666992188
0,0,0,0,48.54600524902344,31.87920379638672,9.9652099609375
0,0,0,0,48.54594421386719,31.8792667388916,9.965301513671875
0,0,0,0,48.54597091674805,31.87920379638672,9.965431213378906
0,0,0,0,48.54593276977539,31.879220962524414,9.965538024902344
0,0,0,0,48.54591369628906,31.8791446685791,9.965652465820312
0,0,0,0,48.545780181884766,31.879125595092773,9.965835571289062
0,0,0,0,48.54568099975586,31.879003524780273,9.965972900390625
0,0,0,0,48.54558563232422,31.87892723083496,9.966102600097656
0,0,0,0,48.545536041259766,31.87868309020996,9.966255187988281
0,0,0,0,48.54554748535156,31.878511428833008,9.96636962890625
0,0,0,0,48.5455322265625,31.87831687927246,9.966476440429688
0,0,0,0,48.545570373535156,31.8780574798584,9.966659545898438
0,0,0,0,48.5455436706543,31.8778018951416,9.966880798339844
0,0,0,0,48.54557800292969,31.877614974975586,9.967002868652344
0,0,0,0,48.54551696777344,31.877304077148438,9.967231750488281
0,0,0,0,48.54549026489258,31.877002716064453,9.9674072265625
0,0,0,0,48.54533767700195,31.87672233581543,9.967575073242188
0,0,0,0,48.54520797729492,31.876169204711914,9.967811584472656
0,0,0,0,48.54499435424805,31.875816345214844,9.968002319335938
0,0,0,0,48.54486083984375,31.875333786010742,9.96820068359375
0,0,0,0,48.544593811035156,31.874773025512695,9.968498229980469
0,0,0,0,48.544429779052734,31.874282836914062,9.96875
0,0,0,0,48.544227600097656,31.873912811279297,9.968978881835938
0,0,0,0,48.54395294189453,31.873361587524414,9.969306945800781
0,0,0,0,48.54373550415039,31.873001098632812,9.969573974609375
0,0,0,0,48.543495178222656,31.872617721557617,9.969871520996094
0,0,0,0,48.54318618774414,31.87216567993164,9.970268249511719
0,0,0,0,48.542911529541016,31.871814727783203,9.970565795898438
0,0,0,0,48.54268264770508,31.871463775634766,9.970855712890625
0,0,0,0,48.54225540161133,31.871028900146484,9.971260070800781
0,0,0,0,48.541954040527344,31.870655059814453,9.971565246582031
0,0,0,0,48.541534423828125,31.87032699584961,9.971878051757812
0,0,0,0,48.541072845458984,31.869747161865234,9.972312927246094
0,0,0,0,48.54065704345703,31.86935806274414,9.972610473632812
0,0,0,0,48.540313720703125,31.868873596191406,9.972900390625
0,0,0,0,48.53976058959961,31.86834144592285,9.973220825195312
0,0,0,0,48.53938674926758,31.86785316467285,9.973411560058594
0,0,0,0,48.53894805908203,31.867454528808594,9.97357177734375
0,0,0,0,48.538448333740234,31.866823196411133,9.973762512207031
0,0,0,0,48.53807067871094,31.86642074584961,9.973869323730469
0,0,0,0,48.537757873535156,31.865964889526367,9.973884582519531
0,0,0,0,48.53742980957031,31.86543846130371,9.973770141601562
0,0,0,0,48.53718948364258,31.86504554748535,9.973617553710938
0,0,0,0,48.53697967529297,31.86469841003418,9.973396301269531
0,0,0,0,48.53670883178711,31.864273071289062,9.972930908203125
0,0,0,0,48.536582946777344,31.863962173461914,9.972488403320312
0,0,0,0,48.53639602661133,31.86368751525879,9.97198486328125
0,0,0,0,48.53622817993164,31.86324119567871,9.971229553222656
0,0,0,0,48.53602981567383,31.86294174194336,9.970596313476562
0,0,0,0,48.53590393066406,31.862516403198242,9.969932556152344
0,0,0,0,48.535640716552734,31.862077713012695,9.969062805175781
0,0,0,0,48.5355110168457,31.86170768737793,9.968391418457031
0,0,0,0,48.535316467285156,31.861474990844727,9.96771240234375
0,0,0,0,48.535125732421875,31.861106872558594,9.966796875
0,0,0,0,48.53492736816406,31.860923767089844,9.966056823730469
0,0,0,0,48.53476333618164,31.86068344116211,9.965286254882812
0,0,0,0,48.53446960449219,31.860502243041992,9.964202880859375
0,0,0,0,48.53421401977539,31.8603515625,9.963363647460938
0,0,0,0,48.53395080566406,31.860294342041016,9.962486267089844
0,0,0,0,48.53352737426758,31.86022186279297,9.961326599121094
0,0,0,0,48.533233642578125,31.860219955444336,9.96044921875
0,0,0,0,48.53285598754883,31.86026382446289,9.959579467773438
0,0,0,0,48.53236389160156,31.8603515625,9.958442687988281
0,0,0,0,48.53188705444336,31.860456466674805,9.9576416015625
0,0,0,0,48.53147888183594,31.860544204711914,9.956932067871094
0,0,0,0,48.53076171875,31.860767364501953,9.956092834472656
0,0,0,0,48.5302734375,31.860877990722656,9.955589294433594
0,0,0,0,48.5296745300293,31.861042022705078,9.955177307128906
0,0,0,0,48.528995513916016,31.86113166809082,9.954727172851562
0,0,0,0,48.52846145629883,31.86128044128418,9.954444885253906
0,0,0,0,48.52800750732422,31.861286163330078,9.954185485839844
0,0,0,0,48.52739715576172,31.861352920532227,9.953865051269531
0,0,0,0,48.52699661254883,31.861312866210938,9.953643798828125
0,0,0,0,48.52660369873047,31.86135482788086,9.95343017578125
0,0,0,0,48.52613830566406,31.8613224029541,9.953163146972656
0,0,0,0,48.52584457397461,31.861305236816406,9.953010559082031
0,0,0,0,48.525543212890625,31.86122703552246,9.952888488769531
0,0,0,0,48.52524948120117,31.861125946044922,9.952743530273438
0,0,0,0,48.525001525878906,31.861064910888672,9.952667236328125
0,0,0,0,48.524845123291016,31.86097526550293,9.95263671875
0,0,0,0,48.52463150024414,31.86092185974121,9.952606201171875
0,0,0,0,48.52457809448242,31.860815048217773,9.952613830566406
0,0,0,0,48.52448272705078,31.860803604125977,9.952629089355469
0,0,0,0,48.52450180053711,31.8607120513916,9.95269775390625
0,0,0,0,48.52448272705078,31.860767364501953,9.952774047851562
0,0,0,0,48.52458190917969,31.86076545715332,9.952903747558594
0,0,0,0,48.52466583251953,31.860891342163086,9.953117370605469
0,0,0,0,48.5247802734375,31.86093521118164,9.953323364257812
0,0,0,0,48.52488327026367,31.861093521118164,9.953521728515625
0,0,0,0,48.52509689331055,31.86121940612793,9.953804016113281
0,0,0,0,48.525272369384766,31.861392974853516,9.954025268554688
0,0,0,0,48.525421142578125,31.861541748046875,9.954261779785156
0,0,0,0,48.52561569213867,31.861839294433594,9.954612731933594
0,0,0,0,48.52568817138672,31.86207389831543,9.954910278320312
0,0,0,0,48.52579879760742,31.8623104095459,9.955230712890625
0,0,0,0,48.52589797973633,31.862659454345703,9.955696105957031
0,0,0,0,48.526039123535156,31.862865447998047,9.956047058105469
0,0,0,0,48.52610397338867,31.86310577392578,9.956390380859375
0,0,0,0,48.52628707885742,31.86332893371582,9.956840515136719
0,0,0,0,48.52635955810547,31.863557815551758,9.957168579101562
0,0,0,0,48.52653121948242,31.863685607910156,9.957542419433594
0,0,0,0,48.526676177978516,31.86398696899414,9.958076477050781
0,0,0,0,48.52688217163086,31.86417007446289,9.958480834960938
0,0,0,0,48.52705383300781,31.864492416381836,9.958892822265625
0,0,0,0,48.52735137939453,31.864879608154297,9.959457397460938
0,0,0,0,48.52756881713867,31.865257263183594,9.959892272949219
0,0,0,0,48.52780532836914,31.86557388305664,9.960296630859375
0,0,0,0,48.52811050415039,31.86614418029785,9.960800170898438
0,0,0,0,48.5283088684082,31.866559982299805,9.961174011230469
0,0,0,0,48.52853012084961,31.866992950439453,9.961540222167969
0,0,0,0,48.528751373291016,31.8675594329834,9.962043762207031
0,0,0,0,48.528953552246094,31.86796760559082,9.962394714355469
0,0,0,0,48.52909469604492,31.868404388427734,9.962753295898438
0,0,0,0,48.52931594848633,31.86894989013672,9.963241577148438
0,0,0,0,48.529396057128906,31.869409561157227,9.963630676269531
0,0,0,0,48.529537200927734,31.869792938232422,9.964057922363281
0,0,0,0,48.52958679199219,31.87042236328125,9.964622497558594
0,0,0,0,48.52968215942383,31.870807647705078,9.965049743652344
0,0,0,0,48.529685974121094,31.871305465698242,9.965469360351562
0,0,0,0,48.52977752685547,31.87186622619629,9.966018676757812
0,0,0,0,48.52980422973633,31.872344970703125,9.966445922851562
0,0,0,0,48.52986526489258,31.872726440429688,9.966896057128906
0,0,0,0,48.529876708984375,31.873374938964844,9.967475891113281
0,0,0,0,48.529911041259766,31.873775482177734,9.967918395996094
0,0,0,0,48.52993392944336,31.874204635620117,9.968391418457031
0,0,0,0,48.52994918823242,31.87470054626465,9.969039916992188
0,0,0,0,48.53001403808594,31.875062942504883,9.969520568847656
0,0,0,0,48.53004837036133,31.875411987304688,9.969970703125
0,0,0,0,48.53016662597656,31.87582015991211,9.970542907714844
0,0,0,0,48.53021240234375,31.876142501831055,9.970932006835938
0,0,0,0,48.530338287353516,31.876380920410156,9.971275329589844
0,0,0,0,48.530391693115234,31.876684188842773,9.971664428710938
0,0,0,0,48.53049087524414,31.876802444458008,9.971878051757812
0,0,0,0,48.530479431152344,31.877023696899414,9.972068786621094
0,0,0,0,48.530517578125,31.877233505249023,9.972343444824219
0,0,0,0,48.53047180175781,31.877483367919922,9.972557067871094
0,0,0,0,48.53047180175781,31.877655029296875,9.972724914550781
0,0,0,0,48.5304069519043,31.87804412841797,9.972900390625
0,0,0,0,48.5302734375,31.878433227539062,9.973060607910156
0,0,0,0,48.53019332885742,31.878679275512695,9.973114013671875
0,0,0,0,48.530006408691406,31.87917137145996,9.973197937011719
0,0,0,0,48.52987289428711,31.879562377929688,9.973220825195312
0,0,0,0,48.52968978881836,31.879919052124023,9.973220825195312
0,0,0,0,48.52950668334961,31.880481719970703,9.973182678222656
0,0,0,0,48.52934265136719,31.88094711303711,9.973114013671875
0,0,0,0,48.52927017211914,31.88140106201172,9.972953796386719
0,0,0,0,48.52913284301758,31.882041931152344,9.972610473632812
0,0,0,0,48.529117584228516,31.88260841369629,9.972137451171875
0,0,0,0,48.529075622558594,31.882946014404297,9.971870422363281
0,0,0,0,48.529151916503906,31.883472442626953,9.971298217773438
0,0,0,0,48.52921676635742,31.884092330932617,9.970726013183594
0,0,0,0,48.529293060302734,31.88433265686035,9.970451354980469
0,0,0,0,48.52937316894531,31.884918212890625,9.9698486328125
0,0,0,0,48.52947235107422,31.88541603088379,9.96917724609375
0,0,0,0,48.529510498046875,31.885705947875977,9.968826293945312
0,0,0,0,48.529624938964844,31.886146545410156,9.968070983886719
0,0,0,0,48.52970504760742,31.88650894165039,9.967506408691406
0,0,0,0,48.5297737121582,31.88678550720215,9.966949462890625
0,0,0,0,48.52981185913086,31.887168884277344,9.966270446777344
0,0,0,0,48.52979278564453,31.88743782043457,9.965805053710938
0,0,0,0,48.529823303222656,31.887699127197266,9.965370178222656
0,0,0,0,48.52976608276367,31.888002395629883,9.964828491210938
0,0,0,0,48.529762268066406,31.888141632080078,9.964447021484375
0,0,0,0,48.529640197753906,31.888254165649414,9.964118957519531
0,0,0,0,48.52953338623047,31.888309478759766,9.963752746582031
0,0,0,0,48.52935028076172,31.888439178466797,9.963478088378906
0,0,0,0,48.52923583984375,31.888446807861328,9.963264465332031
0,0,0,0,48.52901077270508,31.888517379760742,9.96307373046875
0,0,0,0,48.528892517089844,31.888473510742188,9.962982177734375
0,0,0,0,48.528682708740234,31.888540267944336,9.962882995605469
0,0,0,0,48.52843475341797,31.888492584228516,9.962814331054688
0,0,0,0,48.52822494506836,31.88851547241211,9.962799072265625
0,0,0,0,48.528053283691406,31.888450622558594,9.962806701660156
0,0,0,0,48.527809143066406,31.88848876953125,9.962760925292969
0,0,0,0,48.52753448486328,31.88854217529297,9.962623596191406
0,0,0,0,48.52743911743164,31.888545989990234,9.962516784667969
0,0,0,0,48.52718734741211,31.88860321044922,9.962226867675781
0,0,0,0,48.52705001831055,31.888683319091797,9.961936950683594
0,0,0,0,48.52682113647461,31.888818740844727,9.961578369140625
0,0,0,0,48.52655792236328,31.889057159423828,9.961006164550781
0,0,0,0,48.52626037597656,31.889328002929688,9.960502624511719
0,0,0,0,48.52606201171875,31.889556884765625,9.959983825683594
0,0,0,0,48.52571487426758,31.889995574951172,9.95928955078125
0,0,0,0,48.52552795410156,31.890274047851562,9.958816528320312
0,0,0,0,48.5252571105957,31.890668869018555,9.958396911621094
0,0,0,0,48.524940490722656,31.891075134277344,9.957870483398438
0,0,0,0,48.52466583251953,31.89145278930664,9.957557678222656
0,0,0,0,48.52446746826172,31.891740798950195,9.957298278808594
0,0,0,0,48.52424240112305,31.892240524291992,9.957023620605469
0,0,0,0,48.52412796020508,31.89252471923828,9.956832885742188
0,0,0,0,48.52405548095703,31.892845153808594,9.956672668457031
0,0,0,0,48.524009704589844,31.893232345581055,9.956504821777344
0,0,0,0,48.524044036865234,31.8935489654541,9.956352233886719
0,0,0,0,48.5240478515625,31.89385223388672,9.956169128417969
0,0,0,0,48.52412796020508,31.89425277709961,9.95587158203125
0,0,0,0,48.5241584777832,31.89459228515625,9.955650329589844
0,0,0,0,48.5242919921875,31.894914627075195,9.9554443359375
0,0,0,0,48.52440643310547,31.8953857421875,9.955169677734375
0,0,0,0,48.52458953857422,31.89565658569336,9.954971313476562
0,0,0,0,48.52473068237305,31.89599609375,9.954742431640625
0,0,0,0,48.52506637573242,31.896278381347656,9.954368591308594
0,0,0,0,48.52537536621094,31.896541595458984,9.954017639160156
0,0,0,0,48.52558135986328,31.896574020385742,9.953865051269531
0,0,0,0,48.52593994140625,31.896696090698242,9.953636169433594
0,0,0,0,48.52621841430664,31.89665412902832,9.953514099121094
0,0,0,0,48.52646255493164,31.896636962890625,9.953437805175781
0,0,0,0,48.52679443359375,31.896465301513672,9.953384399414062
0,0,0,0,48.527076721191406,31.896268844604492,9.953361511230469
0,0,0,0,48.52733612060547,31.895946502685547,9.953361511230469
0,0,0,0,48.52776336669922,31.895410537719727,9.953399658203125
0,0,0,0,48.52805709838867,31.894973754882812,9.953460693359375
0,0,0,0,48.5284309387207,31.894479751586914,9.953529357910156
0,0,0,0,48.52882766723633,31.89381980895996,9.953651428222656
0,0,0,0,48.52921676635742,31.893239974975586,9.953704833984375
0,0,0,0,48.5295524597168,31.892683029174805,9.95379638671875
0,0,0,0,48.53010559082031,31.89183235168457,9.953987121582031
0,0,0,0,48.530487060546875,31.891231536865234,9.954177856445312
0,0,0,0,48.530941009521484,31.890491485595703,9.954421997070312
0,0,0,0,48.53142547607422,31.88957405090332,9.954849243164062
0,0,0,0,48.53187942504883,31.888763427734375,9.955230712890625
0,0,0,0,48.53230667114258,31.88800811767578,9.955657958984375
0,0,0,0,48.53290939331055,31.88680648803711,9.956329345703125
0,0,0,0,48.53336715698242,31.885950088500977,9.9569091796875
0,0,0,0,48.5338020324707,31.885007858276367,9.95751953125
0,0,0,0,48.534358978271484,31.8837947845459,9.958358764648438
0,0,0,0,48.53472900390625,31.88288688659668,9.958992004394531
0,0,0,0,48.53516387939453,31.88202667236328,9.959671020507812
0,0,0,0,48.53565216064453,31.88092041015625,9.960662841796875
0,0,0,0,48.536067962646484,31.88006591796875,9.961448669433594
0,0,0,0,48.536380767822266,31.87930679321289,9.962257385253906
0,0,0,0,48.536808013916016,31.87831687927246,9.963394165039062
0,0,0,0,48.537010192871094,31.87770652770996,9.964324951171875
0,0,0,0,48.537254333496094,31.87703514099121,9.965278625488281
0,0,0,0,48.53742218017578,31.87632179260254,9.966575622558594
0,0,0,0,48.5375862121582,31.875736236572266,9.967552185058594
0,0,0,0,48.53766632080078,31.87527084350586,9.968475341796875
0,0,0,0,48.53776168823242,31.874610900878906,9.9696044921875
0,0,0,0,48.53774642944336,31.874250411987305,9.970359802246094
0,0,0,0,48.5377082824707,31.873838424682617,9.971023559570312
0,0,0,0,48.53759765625,31.87343406677246,9.971778869628906
0,0,0,0,48.5374755859375,31.87316131591797,9.972236633300781
0,0,0,0,48.53738021850586,31.87296485900879,9.972564697265625
0,0,0,0,48.537296295166016,31.87270164489746,9.972824096679688
0,0,0,0,48.537330627441406,31.872373580932617,9.972953796386719
0,0,0,0,48.537296295166016,31.87225914001465,9.97296142578125
0,0,0,0,48.53737258911133,31.871952056884766,9.972885131835938
0,0,0,0,48.53736114501953,31.871753692626953,9.972770690917969
0,0,0,0,48.53746032714844,31.871437072753906,9.972610473632812
0,0,0,0,48.53752517700195,31.871042251586914,9.972381591796875
0,0,0,0,48.53765869140625,31.870649337768555,9.972221374511719
0,0,0,0,48.537742614746094,31.87033462524414,9.9720458984375
0,0,0,0,48.537925720214844,31.86978530883789,9.971794128417969
0,0,0,0,48.53799057006836,31.86946678161621,9.971633911132812
0,0,0,0,48.53811264038086,31.869068145751953,9.971466064453125
0,0,0,0,48.5382080078125,31.868650436401367,9.971199035644531
0,0,0,0,48.538272857666016,31.868253707885742,9.970962524414062
0,0,0,0,48.538291931152344,31.867910385131836,9.970710754394531
0,0,0,0,48.53827667236328,31.867385864257812,9.970382690429688
0,0,0,0,48.53827667236328,31.866989135742188,9.970108032226562
0,0,0,0,48.53822708129883,31.866596221923828,9.969825744628906
0,0,0,0,48.53819274902344,31.86609649658203,9.969451904296875
0,0,0,0,48.538108825683594,31.865785598754883,9.969192504882812
0,0,0,0,48.538108825683594,31.86541175842285,9.968971252441406
0,0,0,0,48.53801345825195,31.865032196044922,9.968757629394531
0,0,0,0,48.53800964355469,31.864686965942383,9.9686279296875
0,0,0,0,48.53791046142578,31.864486694335938,9.968521118164062
0,0,0,0,48.53788375854492,31.864120483398438,9.968414306640625
0,0,0,0,48.53779220581055,31.863933563232422,9.968315124511719
0,0,0,0,48.53776550292969,31.863656997680664,9.968223571777344
0,0,0,0,48.537654876708984,31.86349105834961,9.968063354492188
0,0,0,0,48.537567138671875,31.863317489624023,9.967971801757812
0,0,0,0,48.53744888305664,31.863229751586914,9.967918395996094
0,0,0,0,48.537353515625,31.86309814453125,9.967880249023438
0,0,0,0,48.53731155395508,31.863094329833984,9.967910766601562
0,0,0,0,48.53721618652344,31.86307144165039,9.967941284179688
0,0,0,0,48.537105560302734,31.86304473876953,9.968017578125
0,0,0,0,48.536930084228516,31.863046646118164,9.9681396484375
0,0,0,0,48.53681945800781,31.86305809020996,9.968299865722656
0,0,0,0,48.536617279052734,31.863079071044922,9.96856689453125
0,0,0,0,48.536521911621094,31.863056182861328,9.968803405761719
0,0,0,0,48.536354064941406,31.863121032714844,9.969070434570312
0,0,0,0,48.536258697509766,31.863142013549805,9.969429016113281
0,0,0,0,48.53614044189453,31.86324119567871,9.969696044921875
0,0,0,0,48.53611755371094,31.863256454467773,9.969894409179688
0,0,0,0,48.53598403930664,31.863384246826172,9.9700927734375
0,0,0,0,48.53591537475586,31.863393783569336,9.970191955566406
0,0,0,0,48.53578186035156,31.863475799560547,9.970252990722656
0,0,0,0,48.535667419433594,31.863447189331055,9.9703369140625
0,0,0,0,48.535614013671875,31.863487243652344,9.970405578613281
0,0,0,0,48.53556442260742,31.863447189331055,9.970474243164062
0,0,0,0,48.5355110168457,31.863426208496094,9.970565795898438
0,0,0,0,48.53547668457031,31.8634033203125,9.970619201660156
0,0,0,0,48.53546905517578,31.863378524780273,9.97064208984375
0,0,0,0,48.53540802001953,31.86331558227539,9.97064208984375
0,0,0,0,48.53543472290039,31.863229751586914,9.9705810546875
0,0,0,0,48.53535079956055,31.8631591796875,9.970451354980469
0,0,0,0,48.5352668762207,31.86298179626465,9.970252990722656
0,0,0,0,48.53508758544922,31.862903594970703,9.970085144042969
0,0,0,0,48.534950256347656,31.862756729125977,9.96990966796875
0,0,0,0,48.53462219238281,31.862695693969727,9.969642639160156
0,0,0,0,48.534420013427734,31.862579345703125,9.969436645507812
0,0,0,0,48.534141540527344,31.8625545501709,9.969230651855469
0,0,0,0,48.5338249206543,31.86240005493164,9.968879699707031
0,0,0,0,48.533531188964844,31.862377166748047,9.968574523925781
0,0,0,0,48.533241271972656,31.862245559692383,9.968284606933594
0,0,0,0,48.5328369140625,31.862089157104492,9.967926025390625
0,0,0,0,48.532493591308594,31.861888885498047,9.967681884765625
0,0,0,0,48.53217697143555,31.86176300048828,9.967453002929688
0,0,0,0,48.53170394897461,31.861522674560547,9.9671630859375
0,0,0,0,48.531368255615234,31.861339569091797,9.966941833496094
0,0,0,0,48.53094482421875,31.861221313476562,9.9666748046875
0,0,0,0,48.53047561645508,31.86110496520996,9.966316223144531
0,0,0,0,48.53009033203125,31.861072540283203,9.966018676757812
0,0,0,0,48.52980422973633,31.8609561920166,9.965660095214844
0,0,0,0,48.529354095458984,31.86089324951172,9.96514892578125
0,0,0,0,48.52895736694336,31.8607177734375,9.964622497558594
0,0,0,0,48.528743743896484,31.860681533813477,9.96435546875
0,0,0,0,48.52837371826172,31.86048126220703,9.963836669921875
0,0,0,0,48.528011322021484,31.860437393188477,9.963478088378906
0,0,0,0,48.52769470214844,31.860279083251953,9.963157653808594
0,0,0,0,48.527286529541016,31.860143661499023,9.962791442871094
0,0,0,0,48.527015686035156,31.859962463378906,9.962516784667969
0,0,0,0,48.526737213134766,31.85988426208496,9.962265014648438
0,0,0,0,48.526329040527344,31.859718322753906,9.962028503417969
0,0,0,0,48.526039123535156,31.859619140625,9.9619140625
0,0,0,0,48.525726318359375,31.859500885009766,9.96185302734375
0,0,0,0,48.52539825439453,31.859344482421875,9.961837768554688
0,0,0,0,48.52507781982422,31.859235763549805,9.961883544921875
0,0,0,0,48.52479553222656,31.859066009521484,9.96197509765625
0,0,0,0,48.52424621582031,31.858854293823242,9.962165832519531
0,0,0,0,48.52388381958008,31.858627319335938,9.962318420410156
0,0,0,0,48.523399353027344,31.858491897583008,9.96246337890625
0,0,0,0,48.52280044555664,31.858211517333984,9.962646484375
0,0,0,0,48.522216796875,31.858074188232422,9.962776184082031
0,0,0,0,48.521671295166016,31.857820510864258,9.962882995605469
0,0,0,0,48.5208854675293,31.857593536376953,9.962966918945312
0,0,0,0,48.52034378051758,31.857379913330078,9.962959289550781
0,0,0,0,48.519798278808594,31.857275009155273,9.962921142578125
0,0,0,0,48.519134521484375,31.857099533081055,9.962837219238281
0,0,0,0,48.51864242553711,31.857057571411133,9.962783813476562
0,0,0,0,48.518123626708984,31.85698127746582,9.962745666503906
0,0,0,0,48.51750183105469,31.856975555419922,9.962684631347656
0,0,0,0,48.51701354980469,31.856983184814453,9.962669372558594
0,0,0,0,48.5165901184082,31.856966018676758,9.962677001953125
0,0,0,0,48.515933990478516,31.856971740722656,9.9627685546875
0,0,0,0,48.515533447265625,31.85688591003418,9.962860107421875
0,0,0,0,48.51506423950195,31.856813430786133,9.962966918945312
0,0,0,0,48.514610290527344,31.856639862060547,9.963096618652344
0,0,0,0,48.514244079589844,31.856637954711914,9.96319580078125
0,0,0,0,48.51398468017578,31.85654067993164,9.963294982910156
0,0,0,0,48.51362228393555,31.856536865234375,9.963409423828125
0,0,0,0,48.513427734375,31.85649871826172,9.963462829589844
0,0,0,0,48.51325988769531,31.85662078857422,9.963462829589844
0,0,0,0,48.51315689086914,31.856658935546875,9.963371276855469
0,0,0,0,48.513153076171875,31.856731414794922,9.963203430175781
0,0,0,0,48.513206481933594,31.856739044189453,9.962982177734375
0,0,0,0,48.51335906982422,31.856868743896484,9.96258544921875
0,0,0,0,48.51350402832031,31.856956481933594,9.962234497070312
0,0,0,0,48.513710021972656,31.857057571411133,9.961883544921875
0,0,0,0,48.51390838623047,31.85723114013672,9.961410522460938
0,0,0,0,48.51414108276367,31.857343673706055,9.961044311523438
0,0,0,0,48.51432800292969,31.857532501220703,9.960655212402344
0,0,0,0,48.5146598815918,31.857772827148438,9.960090637207031
0,0,0,0,48.51485061645508,31.85805892944336,9.959648132324219
0,0,0,0,48.51515579223633,31.858253479003906,9.959220886230469
0,0,0,0,48.51543426513672,31.8586368560791,9.958686828613281
0,0,0,0,48.515655517578125,31.858840942382812,9.958351135253906
0,0,0,0,48.51579666137695,31.859161376953125,9.958076477050781
0,0,0,0,48.51602554321289,31.859481811523438,9.957794189453125
0,0,0,0,48.51625061035156,31.85986328125,9.957603454589844
0,0,0,0,48.516353607177734,31.860017776489258,9.957534790039062
0,0,0,0,48.51649475097656,31.860437393188477,9.957435607910156
0,0,0,0,48.516510009765625,31.86073875427246,9.957412719726562
0,0,0,0,48.516510009765625,31.86110496520996,9.957427978515625
0,0,0,0,48.516448974609375,31.861526489257812,9.957481384277344
0,0,0,0,48.51641845703125,31.861799240112305,9.957542419433594
0,0,0,0,48.51626205444336,31.862096786499023,9.957633972167969
0,0,0,0,48.516117095947266,31.862455368041992,9.957809448242188
0,0,0,0,48.51592254638672,31.862756729125977,9.95794677734375
0,0,0,0,48.51579284667969,31.862977981567383,9.95806884765625
0,0,0,0,48.51548385620117,31.86338233947754,9.958213806152344
0,0,0,0,48.51527404785156,31.863605499267578,9.958328247070312
0,0,0,0,48.51496887207031,31.863924026489258,9.958480834960938
0,0,0,0,48.514625549316406,31.86426544189453,9.958656311035156
0,0,0,0,48.5142822265625,31.864604949951172,9.958740234375
0,0,0,0,48.51396560668945,31.864830017089844,9.958793640136719
0,0,0,0,48.51346969604492,31.865190505981445,9.958885192871094
0,0,0,0,48.51311492919922,31.86541748046875,9.958976745605469
0,0,0,0,48.51276397705078,31.865732192993164,9.95904541015625
0,0,0,0,48.51233673095703,31.866111755371094,9.959121704101562
0,0,0,0,48.5120735168457,31.866422653198242,9.959175109863281
0,0,0,0,48.511810302734375,31.866729736328125,9.959274291992188
0,0,0,0,48.5115852355957,31.867162704467773,9.959403991699219
0,0,0,0,48.511390686035156,31.867515563964844,9.959495544433594
0,0,0,0,48.511329650878906,31.867839813232422,9.959587097167969
0,0,0,0,48.51125717163086,31.86835289001465,9.959701538085938
0,0,0,0,48.5113410949707,31.868684768676758,9.959815979003906
0,0,0,0,48.51142120361328,31.869138717651367,9.959922790527344
0,0,0,0,48.51172637939453,31.86962890625,9.960044860839844
0,0,0,0,48.51194763183594,31.870098114013672,9.960121154785156
0,0,0,0,48.51228332519531,31.870460510253906,9.960174560546875
0,0,0,0,48.51277160644531,31.871078491210938,9.960220336914062
0,0,0,0,48.513221740722656,31.87148094177246,9.96026611328125
0,0,0,0,48.51366424560547,31.87197494506836,9.9603271484375
0,0,0,0,48.514305114746094,31.872554779052734,9.960426330566406
0,0,0,0,48.51498031616211,31.873186111450195,9.960563659667969
0,0,0,0,48.51528549194336,31.873493194580078,9.960647583007812
0,0,0,0,48.515968322753906,31.87408447265625,9.960823059082031
0,0,0,0,48.516380310058594,31.874513626098633,9.960983276367188
0,0,0,0,48.516815185546875,31.87493896484375,9.961135864257812
0,0,0,0,48.517337799072266,31.875492095947266,9.961288452148438
0,0,0,0,48.5178108215332,31.875812530517578,9.961326599121094
0,0,0,0,48.51819610595703,31.876178741455078,9.961318969726562
0,0,0,0,48.51878356933594,31.876571655273438,9.961235046386719
0,0,0,0,48.51913070678711,31.876909255981445,9.961158752441406
0,0,0,0,48.51956558227539,31.877094268798828,9.961082458496094
0,0,0,0,48.52004623413086,31.877416610717773,9.96099853515625
0,0,0,0,48.52046585083008,31.87755584716797,9.960945129394531
0,0,0,0,48.52082824707031,31.877750396728516,9.960922241210938
0,0,0,0,48.521305084228516,31.877880096435547,9.960968017578125
0,0,0,0,48.52163314819336,31.87803077697754,9.961067199707031
0,0,0,0,48.52192306518555,31.87810707092285,9.961219787597656
0,0,0,0,48.52229690551758,31.878196716308594,9.961463928222656
0,0,0,0,48.52254867553711,31.87822723388672,9.961677551269531
0,0,0,0,48.5228157043457,31.878273010253906,9.961868286132812
0,0,0,0,48.523075103759766,31.87827491760254,9.962173461914062
0,0,0,0,48.52328872680664,31.878238677978516,9.962440490722656
0,0,0,0,48.52339553833008,31.87824249267578,9.962738037109375
0,0,0,0,48.52352523803711,31.878183364868164,9.963127136230469
0,0,0,0,48.523494720458984,31.878219604492188,9.963386535644531
0,0,0,0,48.5235710144043,31.878185272216797,9.963638305664062
0,0,0,0,48.52358627319336,31.878280639648438,9.963973999023438
0,0,0,0,48.52366256713867,31.878402709960938,9.964302062988281
0,0,0,0,48.5236701965332,31.878557205200195,9.964469909667969
0,0,0,0,48.5237922668457,31.878742218017578,9.964874267578125
0,0,0,0,48.5239143371582,31.87897300720215,9.965202331542969
0,0,0,0,48.52408981323242,31.879127502441406,9.965560913085938
0,0,0,0,48.524349212646484,31.879453659057617,9.966049194335938
0,0,0,0,48.52454376220703,31.87961196899414,9.966407775878906
0,0,0,0,48.5247802734375,31.87981605529785,9.966758728027344
0,0,0,0,48.52510070800781,31.88007354736328,9.967216491699219
0,0,0,0,48.52548599243164,31.880338668823242,9.9676513671875
0,0,0,0,48.525630950927734,31.88051414489746,9.967849731445312
0,0,0,0,48.52608108520508,31.880836486816406,9.96826171875
0,0,0,0,48.52640151977539,31.881135940551758,9.968551635742188
0,0,0,0,48.526824951171875,31.88137435913086,9.968780517578125
0,0,0,0,48.52729034423828,31.88174819946289,9.9691162109375
0,0,0,0,48.527706146240234,31.881914138793945,9.969413757324219
0,0,0,0,48.528038024902344,31.88219451904297,9.969741821289062
0,0,0,0,48.528568267822266,31.882450103759766,9.970123291015625
0,0,0,0,48.5289192199707,31.882705688476562,9.970382690429688
0,0,0,0,48.52935028076172,31.882858276367188,9.970603942871094
0,0,0,0,48.52986145019531,31.883182525634766,9.9708251953125
0,0,0,0,48.53024673461914,31.883363723754883,9.970939636230469
0,0,0,0,48.530616760253906,31.883594512939453,9.970977783203125
0,0,0,0,48.53112030029297,31.88381004333496,9.970985412597656
0,0,0,0,48.53153991699219,31.883981704711914,9.970993041992188
0,0,0,0,48.531898498535156,31.884090423583984,9.971000671386719
0,0,0,0,48.53239440917969,31.88422203063965,9.970947265625
0,0,0,0,48.532711029052734,31.884349822998047,9.970909118652344
0,0,0,0,48.53308868408203,31.884428024291992,9.970901489257812
0,0,0,0,48.533424377441406,31.88456153869629,9.970878601074219
0,0,0,0,48.5337028503418,31.884605407714844,9.970840454101562
0,0,0,0,48.533878326416016,31.88471031188965,9.970809936523438
0,0,0,0,48.53421401977539,31.88471031188965,9.970741271972656
0,0,0,0,48.534385681152344,31.88471794128418,9.970664978027344
0,0,0,0,48.534603118896484,31.88458824157715,9.970573425292969
0,0,0,0,48.53478240966797,31.884510040283203,9.970458984375
0,0,0,0,48.534934997558594,31.884323120117188,9.970382690429688
0,0,0,0,48.53504943847656,31.884170532226562,9.970298767089844
0,0,0,0,48.53525161743164,31.883840560913086,9.970146179199219
0,0,0,0,48.53543472290039,31.883554458618164,9.969940185546875
0,0,0,0,48.53547286987305,31.88338851928711,9.969802856445312
0,0,0,0,48.53559875488281,31.883041381835938,9.969467163085938
0,0,0,0,48.5356330871582,31.882740020751953,9.969192504882812
0,0,0,0,48.535728454589844,31.882400512695312,9.968864440917969
0,0,0,0,48.53578186035156,31.88190460205078,9.9683837890625
0,0,0,0,48.53590393066406,31.881450653076172,9.967994689941406
0,0,0,0,48.53593826293945,31.88104820251465,9.967544555664062
0,0,0,0,48.536094665527344,31.88043212890625,9.966903686523438
0,0,0,0,48.53615188598633,31.87987518310547,9.966270446777344
0,0,0,0,48.53622055053711,31.879497528076172,9.965972900390625
0,0,0,0,48.536285400390625,31.87879753112793,9.96539306640625
0,0,0,0,48.536407470703125,31.878143310546875,9.964988708496094
0,0,0,0,48.536460876464844,31.877580642700195,9.964607238769531
0,0,0,0,48.5366096496582,31.876691818237305,9.964103698730469
0,0,0,0,48.536746978759766,31.876062393188477,9.963706970214844
0,0,0,0,48.536888122558594,31.875314712524414,9.963333129882812
0,0,0,0,48.5370979309082,31.874332427978516,9.962860107421875
0,0,0,0,48.537254333496094,31.873550415039062,9.962501525878906
0,0,0,0,48.537452697753906,31.872772216796875,9.962173461914062
0,0,0,0,48.53766632080078,31.87167739868164,9.961799621582031
0,0,0,0,48.537845611572266,31.870824813842773,9.961570739746094
0,0,0,0,48.53795623779297,31.87002944946289,9.961372375488281
0,0,0,0,48.53818130493164,31.868947982788086,9.961151123046875
0,0,0,0,48.53824234008789,31.868179321289062,9.961013793945312
0,0,0,0,48.53836441040039,31.867347717285156,9.960914611816406
0,0,0,0,48.53839111328125,31.866350173950195,9.960845947265625
0,0,0,0,48.538448333740234,31.865522384643555,9.960861206054688
0,0,0,0,48.53843307495117,31.864824295043945,9.960922241210938
0,0,0,0,48.53849792480469,31.863805770874023,9.961112976074219
0,0,0,0,48.53849411010742,31.863161087036133,9.961311340332031
0,0,0,0,48.53854751586914,31.86248207092285,9.961601257324219
0,0,0,0,48.538604736328125,31.861709594726562,9.962028503417969
0,0,0,0,48.53864669799805,31.86111831665039,9.962364196777344
0,0,0,0,48.53871536254883,31.860610961914062,9.962715148925781
0,0,0,0,48.538787841796875,31.859933853149414,9.963165283203125
0,0,0,0,48.538856506347656,31.859460830688477,9.963493347167969
0,0,0,0,48.53883743286133,31.85904884338379,9.963813781738281
0,0,0,0,48.53886413574219,31.858570098876953,9.964225769042969
0,0,0,0,48.538780212402344,31.85833740234375,9.964553833007812
0,0,0,0,48.53877258300781,31.858083724975586,9.964927673339844
0,0,0,0,48.53865432739258,31.85784149169922,9.965415954589844
0,0,0,0,48.538612365722656,31.857629776000977,9.965751647949219
0,0,0,0,48.5384635925293,31.857568740844727,9.966072082519531
0,0,0,0,48.53837585449219,31.857423782348633,9.96649169921875
0,0,0,0,48.53826141357422,31.8574275970459,9.966812133789062
0,0,0,0,48.53821563720703,31.857364654541016,9.967132568359375
0,0,0,0,48.53812789916992,31.857473373413086,9.967544555664062
0,0,0,0,48.53812026977539,31.857519149780273,9.9678955078125
0,0,0,0,48.538116455078125,31.857629776000977,9.968307495117188
0,0,0,0,48.5380859375,31.857717514038086,9.968894958496094
0,0,0,0,48.53807067871094,31.857830047607422,9.969367980957031
0,0,0,0,48.53798294067383,31.857938766479492,9.969871520996094
0,0,0,0,48.537864685058594,31.858118057250977,9.970512390136719
0,0,0,0,48.53765869140625,31.858274459838867,9.971015930175781
0,0,0,0,48.537471771240234,31.85841178894043,9.971519470214844
0,0,0,0,48.53706741333008,31.858627319335938,9.972152709960938
0,0,0,0,48.53676986694336,31.858747482299805,9.972610473632812
0,0,0,0,48.53630828857422,31.858945846557617,9.973060607910156
0,0,0,0,48.53569412231445,31.85912322998047,9.97357177734375
0,0,0,0,48.53512954711914,31.859350204467773,9.973899841308594
0,0,0,0,48.53459548950195,31.85948371887207,9.974197387695312
0,0,0,0,48.53373336791992,31.859798431396484,9.974555969238281
0,0,0,0,48.5330924987793,31.85993003845215,9.974800109863281
0,0,0,0,48.532413482666016,31.86013412475586,9.975013732910156
0,0,0,0,48.53154373168945,31.860300064086914,9.975242614746094
0,0,0,0,48.530914306640625,31.86045265197754,9.975326538085938
0,0,0,0,48.53030014038086,31.86053466796875,9.975372314453125
0,0,0,0,48.52951431274414,31.860633850097656,9.975418090820312
0,0,0,0,48.52886962890625,31.860702514648438,9.975433349609375
0,0,0,0,48.52831268310547,31.860761642456055,9.975425720214844
0,0,0,0,48.52753829956055,31.86076545715332,9.97540283203125
0,0,0,0,48.52702331542969,31.86070442199707,9.975326538085938
0,0,0,0,48.526424407958984,31.860700607299805,9.975189208984375
0,0,0,0,48.525733947753906,31.860607147216797,9.97491455078125
0,0,0,0,48.52516555786133,31.8605899810791,9.974647521972656
0,0,0,0,48.52468490600586,31.8604736328125,9.974296569824219
0,0,0,0,48.523948669433594,31.860464096069336,9.973777770996094
0,0,0,0,48.523460388183594,31.86040687561035,9.973350524902344
0,0,0,0,48.52294158935547,31.86048698425293,9.972877502441406
0,0,0,0,48.522315979003906,31.86052894592285,9.972206115722656
0,0,0,0,48.521827697753906,31.860679626464844,9.9716796875
0,0,0,0,48.52135467529297,31.86079216003418,9.971153259277344
0,0,0,0,48.520729064941406,31.861093521118164,9.970458984375
0,0,0,0,48.52024459838867,31.86136245727539,9.969947814941406
0,0,0,0,48.5197868347168,31.861679077148438,9.969451904296875
0,0,0,0,48.51913833618164,31.862083435058594,9.968772888183594
0,0,0,0,48.518733978271484,31.862375259399414,9.968269348144531
0,0,0,0,48.51826858520508,31.862741470336914,9.967742919921875
0,0,0,0,48.517696380615234,31.86321449279785,9.967033386230469
0,0,0,0,48.517215728759766,31.863616943359375,9.966506958007812
0,0,0,0,48.51681900024414,31.86393165588379,9.96600341796875
0,0,0,0,48.51618957519531,31.864490509033203,9.965354919433594
0,0,0,0,48.515769958496094,31.86484146118164,9.964874267578125
0,0,0,0,48.51526641845703,31.865310668945312,9.964401245117188
0,0,0,0,48.51475143432617,31.86582374572754,9.963844299316406
0,0,0,0,48.51438522338867,31.866294860839844,9.963470458984375
0,0,0,0,48.51411056518555,31.866661071777344,9.963119506835938
0,0,0,0,48.51372146606445,31.86724853515625,9.962669372558594
0,0,0,0,48.513458251953125,31.867630004882812,9.96234130859375
0,0,0,0,48.513240814208984,31.868070602416992,9.962013244628906
0,0,0,0,48.512977600097656,31.868614196777344,9.961601257324219
0,0,0,0,48.5128288269043,31.869056701660156,9.961326599121094
0,0,0,0,48.51264190673828,31.869537353515625,9.961082458496094
0,0,0,0,48.51249313354492,31.870147705078125,9.960800170898438
0,0,0,0,48.5123176574707,31.870620727539062,9.960617065429688
0,0,0,0,48.51223373413086,31.871034622192383,9.960472106933594
0,0,0,0,48.51203918457031,31.871658325195312,9.960289001464844
0,0,0,0,48.5119743347168,31.872045516967773,9.960182189941406
0,0,0,0,48.51179504394531,31.872663497924805,9.960060119628906
0,0,0,0,48.51169204711914,31.873044967651367,9.959983825683594
0,0,0,0,48.51155090332031,31.873517990112305,9.959938049316406
0,0,0,0,48.51146697998047,31.873994827270508,9.959907531738281
0,0,0,0,48.51140594482422,31.874347686767578,9.95989990234375
0,0,0,0,48.51136016845703,31.874618530273438,9.959892272949219
0,0,0,0,48.51133728027344,31.875024795532227,9.959922790527344
0,0,0,0,48.51132583618164,31.875268936157227,9.959945678710938
0,0,0,0,48.51136779785156,31.87546730041504,9.959892272949219
0,0,0,0,48.51139450073242,31.875688552856445,9.959739685058594
0,0,0,0,48.511478424072266,31.875835418701172,9.959579467773438
0,0,0,0,48.511451721191406,31.876035690307617,9.959381103515625
0,0,0,0,48.51145553588867,31.876253128051758,9.959022521972656
0,0,0,0,48.51140594482422,31.876388549804688,9.958877563476562
0,0,0,0,48.51137161254883,31.87649917602539,9.958541870117188
0,0,0,0,48.51127243041992,31.876617431640625,9.958290100097656
0,0,0,0,48.51121139526367,31.876611709594727,9.958045959472656
0,0,0,0,48.51102828979492,31.87670135498047,9.957756042480469
0,0,0,0,48.51077651977539,31.876676559448242,9.957305908203125
0,0,0,0,48.51052474975586,31.876733779907227,9.956924438476562
0,0,0,0,48.51029586791992,31.876686096191406,9.956550598144531
0,0,0,0,48.50996780395508,31.876632690429688,9.956100463867188
0,0,0,0,48.50971984863281,31.876506805419922,9.955818176269531
0,0,0,0,48.509525299072266,31.87641143798828,9.955558776855469
0,0,0,0,48.50922393798828,31.876218795776367,9.955276489257812
0,0,0,0,48.50917434692383,31.87609100341797,9.955215454101562
0,0,0,0,48.50904846191406,31.875932693481445,9.955169677734375
0,0,0,0,48.50904083251953,31.87566375732422,9.955184936523438
0,0,0,0,48.50899887084961,31.875503540039062,9.955207824707031
0,0,0,0,48.50907897949219,31.875301361083984,9.955291748046875
0,0,0,0,48.50914764404297,31.875131607055664,9.955497741699219
0,0,0,0,48.50932693481445,31.874958038330078,9.955711364746094
0,0,0,0,48.509552001953125,31.874921798706055,9.956001281738281
0,0,0,0,48.50977325439453,31.874845504760742,9.956222534179688
0,0,0,0,48.50996017456055,31.874889373779297,9.956443786621094
0,0,0,0,48.510250091552734,31.874860763549805,9.956687927246094
0,0,0,0,48.510623931884766,31.874950408935547,9.957015991210938
0,0,0,0,48.510955810546875,31.87499237060547,9.957244873046875
0,0,0,0,48.511322021484375,31.87511444091797,9.957466125488281
0,0,0,0,48.511878967285156,31.875207901000977,9.957725524902344
0,0,0,0,48.5123405456543,31.87533187866211,9.957916259765625
0,0,0,0,48.51278305053711,31.875459671020508,9.958122253417969
0,0,0,0,48.51344680786133,31.87566566467285,9.958396911621094
0,0,0,0,48.51389694213867,31.87588119506836,9.958610534667969
0,0,0,0,48.51459884643555,31.876123428344727,9.958908081054688
0,0,0,0,48.51503372192383,31.876436233520508,9.9591064453125
0,0,0,0,48.51554870605469,31.876724243164062,9.95928955078125
0,0,0,0,48.515953063964844,31.877132415771484,9.959465026855469
0,0,0,0,48.516700744628906,31.87775230407715,9.959793090820312
0,0,0,0,48.51698684692383,31.878053665161133,9.959945678710938
0,0,0,0,48.51747512817383,31.878416061401367,9.960205078125
0,0,0,0,48.51826858520508,31.879209518432617,9.960678100585938
0,0,0,0,48.51858901977539,31.87950897216797,9.96087646484375
0,0,0,0,48.519065856933594,31.88003158569336,9.961174011230469
0,0,0,0,48.51972579956055,31.880739212036133,9.961578369140625
0,0,0,0,48.520233154296875,31.881364822387695,9.961868286132812
0,0,0,0,48.520751953125,31.881961822509766,9.962142944335938
0,0,0,0,48.52146911621094,31.88282012939453,9.96246337890625
0,0,0,0,48.52196502685547,31.88348960876465,9.962692260742188
0,0,0,0,48.52248001098633,31.884157180786133,9.962890625
0,0,0,0,48.52312469482422,31.88528823852539,9.963188171386719
0,0,0,0,48.52340316772461,31.885696411132812,9.963279724121094
0,0,0,0,48.523704528808594,31.886423110961914,9.963401794433594
0,0,0,0,48.524173736572266,31.88729476928711,9.963554382324219
0,0,0,0,48.52443313598633,31.887996673583984,9.96368408203125
0,0,0,0,48.52477264404297,31.88860511779785,9.963844299316406
0,0,0,0,48.525150299072266,31.88958740234375,9.964065551757812
0,0,0,0,48.52549743652344,31.890216827392578,9.964210510253906
0,0,0,0,48.52579116821289,31.890905380249023,9.964347839355469
0,0,0,0,48.52619171142578,31.891653060913086,9.964553833007812
0,0,0,0,48.52641677856445,31.892236709594727,9.964736938476562
0,0,0,0,48.52661895751953,31.892724990844727,9.9649658203125
0,0,0,0,48.526824951171875,31.89337921142578,9.965316772460938
0,0,0,0,48.52694320678711,31.893747329711914,9.965606689453125
0,0,0,0,48.527099609375,31.89406967163086,9.965934753417969
0,0,0,0,48.5272331237793,31.894371032714844,9.966453552246094
0,0,0,0,48.527366638183594,31.89449691772461,9.966880798339844
0,0,0,0,48.527408599853516,31.894611358642578,9.967338562011719
0,0,0,0,48.527587890625,31.8946590423584,9.967964172363281
0,0,0,0,48.52766418457031,31.894712448120117,9.968475341796875
0,0,0,0,48.5278205871582,31.8946590423584,9.969009399414062
0,0,0,0,48.527889251708984,31.894609451293945,9.969718933105469
0,0,0,0,48.527992248535156,31.894447326660156,9.970184326171875
0,0,0,0,48.52800750732422,31.894367218017578,9.970596313476562
0,0,0,0,48.52812576293945,31.894033432006836,9.971115112304688
0,0,0,0,48.528175354003906,31.893888473510742,9.971282958984375
0,0,0,0,48.52824783325195,31.8935546875,9.97149658203125
0,0,0,0,48.52829360961914,31.89310646057129,9.971702575683594
0,0,0,0,48.528316497802734,31.8927059173584,9.971809387207031
0,0,0,0,48.528377532958984,31.892333984375,9.971885681152344
0,0,0,0,48.528507232666016,31.89176368713379,9.97198486328125
0,0,0,0,48.5286750793457,31.891328811645508,9.972053527832031
0,0,0,0,48.528778076171875,31.890918731689453,9.972152709960938
0,0,0,0,48.52899169921875,31.89032745361328,9.972297668457031
0,0,0,0,48.52912521362305,31.889930725097656,9.972412109375
0,0,0,0,48.529354095458984,31.889446258544922,9.972557067871094
0,0,0,0,48.52960205078125,31.88889503479004,9.972747802734375
0,0,0,0,48.52988815307617,31.8884334564209,9.972900390625
0,0,0,0,48.53011703491211,31.888099670410156,9.973052978515625
0,0,0,0,48.53056716918945,31.887575149536133,9.973258972167969
0,0,0,0,48.530879974365234,31.887258529663086,9.973381042480469
0,0,0,0,48.53128433227539,31.886842727661133,9.97344970703125
0,0,0,0,48.531944274902344,31.88628387451172,9.97344970703125
0,0,0,0,48.53218078613281,31.88603973388672,9.973426818847656
0,0,0,0,48.53252029418945,31.885725021362305,9.973373413085938
0,0,0,0,48.532920837402344,31.885265350341797,9.973228454589844
0,0,0,0,48.5332145690918,31.88496208190918,9.973037719726562
0,0,0,0,48.53343200683594,31.884685516357422,9.972785949707031
0,0,0,0,48.53374099731445,31.884387969970703,9.972396850585938
0,0,0,0,48.53388595581055,31.884241104125977,9.972068786621094
0,0,0,0,48.53408432006836,31.884092330932617,9.971725463867188
0,0,0,0,48.53427505493164,31.88397979736328,9.971237182617188
0,0,0,0,48.53447723388672,31.883853912353516,9.970863342285156
0,0,0,0,48.534584045410156,31.883852005004883,9.970512390136719
0,0,0,0,48.5347785949707,31.883771896362305,9.970100402832031
0,0,0,0,48.53486251831055,31.88378143310547,9.969833374023438
0,0,0,0,48.535011291503906,31.883689880371094,9.969589233398438
0,0,0,0,48.53511047363281,31.883684158325195,9.969337463378906
0,0,0,0,48.53522872924805,31.88361930847168,9.969223022460938
0,0,0,0,48.53529357910156,31.88367462158203,9.969131469726562
0,0,0,0,48.535369873046875,31.883655548095703,9.969085693359375
0,0,0,0,48.53538513183594,31.883708953857422,9.969085693359375
0,0,0,0,48.535377502441406,31.88373374938965,9.969131469726562
0,0,0,0,48.535343170166016,31.883811950683594,9.969261169433594
0,0,0,0,48.53522872924805,31.883852005004883,9.969398498535156
0,0,0,0,48.535160064697266,31.883892059326172,9.969589233398438
0,0,0,0,48.534996032714844,31.883983612060547,9.969879150390625
0,0,0,0,48.534950256347656,31.884016036987305,9.9700927734375
0,0,0,0,48.534812927246094,31.884098052978516,9.970344543457031
0,0,0,0,48.534698486328125,31.884140014648438,9.970710754394531
0,0,0,0,48.53446960449219,31.884252548217773,9.970916748046875
0,0,0,0,48.534278869628906,31.88423728942871,9.971107482910156
0,0,0,0,48.533843994140625,31.88431739807129,9.971321105957031
0,0,0,0,48.53354263305664,31.884281158447266,9.971458435058594
0,0,0,0,48.533138275146484,31.884334564208984,9.971549987792969
0,0,0,0,48.532588958740234,31.8842830657959,9.971641540527344
0,0,0,0,48.53215026855469,31.884258270263672,9.971649169921875
0,0,0,0,48.53172302246094,31.88416862487793,9.971565246582031
0,0,0,0,48.53106689453125,31.8840274810791,9.971260070800781
0,0,0,0,48.53078079223633,31.883968353271484,9.971107482910156
0,0,0,0,48.53030776977539,31.883806228637695,9.970703125
0,0,0,0,48.52989196777344,31.883724212646484,9.970352172851562
0,0,0,0,48.529541015625,31.883575439453125,9.969932556152344
0,0,0,0,48.52909469604492,31.883424758911133,9.969474792480469
0,0,0,0,48.52858352661133,31.883108139038086,9.968841552734375
0,0,0,0,48.5280876159668,31.88290786743164,9.968338012695312
0,0,0,0,48.527687072753906,31.882633209228516,9.967803955078125
0,0,0,0,48.527069091796875,31.882373809814453,9.967079162597656
0,0,0,0,48.52668380737305,31.882095336914062,9.966522216796875
0,0,0,0,48.526241302490234,31.881940841674805,9.965934753417969
0,0,0,0,48.52573013305664,31.881637573242188,9.965118408203125
0,0,0,0,48.52534103393555,31.881507873535156,9.96453857421875
0,0,0,0,48.524871826171875,31.881275177001953,9.963768005371094
0,0,0,0,48.52458572387695,31.881153106689453,9.963165283203125
0,0,0,0,48.524314880371094,31.880983352661133,9.962570190429688
0,0,0,0,48.524070739746094,31.880868911743164,9.962020874023438
0,0,0,0,48.523780822753906,31.880714416503906,9.961265563964844
0,0,0,0,48.523616790771484,31.8806209564209,9.960693359375
0,0,0,0,48.523414611816406,31.88054084777832,9.960128784179688
0,0,0,0,48.52326202392578,31.880390167236328,9.959396362304688
0,0,0,0,48.5230827331543,31.880313873291016,9.958877563476562
0,0,0,0,48.52299499511719,31.880151748657227,9.958412170410156
0,0,0,0,48.52278518676758,31.87999153137207,9.957901000976562
0,0,0,0,48.52272415161133,31.87977409362793,9.95758056640625
0,0,0,0,48.522605895996094,31.879636764526367,9.957290649414062
0,0,0,0,48.52262496948242,31.87933349609375,9.956939697265625
0,0,0,0,48.52262878417969,31.879196166992188,9.956710815429688
0,0,0,0,48.52268600463867,31.87897491455078,9.956489562988281
0,0,0,0,48.52277374267578,31.878803253173828,9.956199645996094
0,0,0,0,48.522857666015625,31.878602981567383,9.955970764160156
0,0,0,0,48.52291488647461,31.87846565246582,9.955726623535156
0,0,0,0,48.522953033447266,31.87819480895996,9.955398559570312
0,0,0,0,48.52302551269531,31.87801170349121,9.9552001953125
0,0,0,0,48.523075103759766,31.877763748168945,9.955039978027344
0,0,0,0,48.52324295043945,31.877450942993164,9.954925537109375
0,0,0,0,48.523372650146484,31.87722396850586,9.954940795898438
0,0,0,0,48.52370071411133,31.876832962036133,9.955123901367188
0,0,0,0,48.523902893066406,31.876564025878906,9.955360412597656
0,0,0,0,48.524208068847656,31.876201629638672,9.955680847167969
0,0,0,0,48.5244255065918,31.87593650817871,9.9560546875
0,0,0,0,48.52484130859375,31.87543487548828,9.956558227539062
0,0,0,0,48.52511978149414,31.875137329101562,9.956916809082031
0,0,0,0,48.52547836303711,31.874725341796875,9.957260131835938
0,0,0,0,48.5258903503418,31.874300003051758,9.957679748535156
0,0,0,0,48.52626419067383,31.873933792114258,9.95794677734375
0,0,0,0,48.52659606933594,31.8736515045166,9.958152770996094
0,0,0,0,48.52704620361328,31.87320899963379,9.958259582519531
0,0,0,0,48.52739715576172,31.872983932495117,9.958244323730469
0,0,0,0,48.527774810791016,31.87273597717285,9.958106994628906
0,0,0,0,48.528289794921875,31.872480392456055,9.957839965820312
0,0,0,0,48.528648376464844,31.87230110168457,9.957542419433594
0,0,0,0,48.52907943725586,31.87213706970215,9.957191467285156
0,0,0,0,48.529781341552734,31.87192153930664,9.95654296875
0,0,0,0,48.530113220214844,31.871797561645508,9.956253051757812
0,0,0,0,48.5305061340332,31.871732711791992,9.955795288085938
0,0,0,0,48.531105041503906,31.871618270874023,9.955192565917969
0,0,0,0,48.531497955322266,31.87165069580078,9.954742431640625
0,0,0,0,48.531978607177734,31.871572494506836,9.954292297363281
0,0,0,0,48.53254318237305,31.871551513671875,9.953720092773438
0,0,0,0,48.533023834228516,31.871429443359375,9.953338623046875
0,0,0,0,48.53343200683594,31.871400833129883,9.9530029296875
0,0,0,0,48.53417205810547,31.87120819091797,9.952484130859375
0,0,0,0,48.534481048583984,31.871126174926758,9.952316284179688
0,0,0,0,48.53495407104492,31.87095069885254,9.952110290527344
0,0,0,0,48.53559112548828,31.870807647705078,9.951828002929688
0,0,0,0,48.536041259765625,31.87068748474121,9.951652526855469
0,0,0,0,48.53651809692383,31.870573043823242,9.951499938964844
0,0,0,0,48.53711700439453,31.87037467956543,9.951377868652344
0,0,0,0,48.53766632080078,31.870162963867188,9.95135498046875
0,0,0,0,48.53812026977539,31.869958877563477,9.951370239257812
0,0,0,0,48.538841247558594,31.869583129882812,9.951469421386719
0,0,0,0,48.53932189941406,31.86935806274414,9.95159912109375
0,0,0,0,48.5399169921875,31.869041442871094,9.9517822265625
0,0,0,0,48.54063415527344,31.868654251098633,9.952079772949219
0,0,0,0,48.541236877441406,31.86823272705078,9.952346801757812
0,0,0,0,48.541954040527344,31.867759704589844,9.952743530273438
0,0,0,0,48.54245376586914,31.86732292175293,9.953056335449219
0,0,0,0,48.54290771484375,31.866939544677734,9.953414916992188
0,0,0,0,48.54339599609375,31.866418838500977,9.953811645507812
0,0,0,0,48.54399871826172,31.865772247314453,9.954421997070312
0,0,0,0,48.544410705566406,31.865215301513672,9.954910278320312
0,0,0,0,48.5447883605957,31.86469841003418,9.955429077148438
0,0,0,0,48.545204162597656,31.863941192626953,9.956130981445312
0,0,0,0,48.5455207824707,31.86338996887207,9.9566650390625
0,0,0,0,48.545738220214844,31.862825393676758,9.957183837890625
0,0,0,0,48.54598617553711,31.862060546875,9.957878112792969
0,0,0,0,48.54605484008789,31.861536026000977,9.958358764648438
0,0,0,0,48.546180725097656,31.860990524291992,9.958831787109375
0,0,0,0,48.546165466308594,31.860214233398438,9.959602355957031
0,0,0,0,48.54613494873047,31.859853744506836,9.959922790527344
0,0,0,0,48.545936584472656,31.859437942504883,9.960418701171875
0,0,0,0,48.545677185058594,31.858823776245117,9.961067199707031
0,0,0,0,48.545352935791016,31.85850715637207,9.961509704589844
0,0,0,0,48.545013427734375,31.85816764831543,9.961952209472656
0,0,0,0,48.54442596435547,31.8579044342041,9.962509155273438
0,0,0,0,48.54397201538086,31.85770034790039,9.962936401367188
0,0,0,0,48.54352569580078,31.857622146606445,9.96337890625
0,0,0,0,48.54289627075195,31.857511520385742,9.963966369628906
0,0,0,0,48.54241943359375,31.857505798339844,9.964424133300781
0,0,0,0,48.541770935058594,31.857519149780273,9.96502685546875
0,0,0,0,48.54136657714844,31.857526779174805,9.965469360351562
0,0,0,0,48.54090881347656,31.857608795166016,9.965904235839844
0,0,0,0,48.54055404663086,31.857669830322266,9.966346740722656
0,0,0,0,48.54004669189453,31.857826232910156,9.966888427734375
0,0,0,0,48.539764404296875,31.857898712158203,9.967269897460938
0,0,0,0,48.539451599121094,31.858062744140625,9.967605590820312
0,0,0,0,48.539241790771484,31.85820770263672,9.96795654296875
0,0,0,0,48.539093017578125,31.858396530151367,9.968154907226562
0,0,0,0,48.53907012939453,31.858463287353516,9.968292236328125
0,0,0,0,48.539039611816406,31.858671188354492,9.968452453613281
0,0,0,0,48.539085388183594,31.858745574951172,9.968551635742188
0,0,0,0,48.539154052734375,31.85889434814453,9.9686279296875
0,0,0,0,48.53934860229492,31.8590030670166,9.968696594238281
0,0,0,0,48.53951644897461,31.859172821044922,9.96875
0,0,0,0,48.53968048095703,31.85931396484375,9.968795776367188
0,0,0,0,48.53997802734375,31.85965347290039,9.968955993652344
0,0,0,0,48.54007339477539,31.85981559753418,9.96905517578125
0,0,0,0,48.540313720703125,31.860034942626953,9.969192504882812
0,0,0,0,48.540584564208984,31.860370635986328,9.969375610351562
0,0,0,0,48.54081344604492,31.860637664794922,9.969528198242188
0,0,0,0,48.540931701660156,31.8609676361084,9.969680786132812
0,0,0,0,48.541160583496094,31.86133575439453,9.969902038574219
0,0,0,0,48.5412483215332,31.861690521240234,9.970054626464844
0,0,0,0,48.54142379760742,31.861968994140625,9.970199584960938
0,0,0,0,48.54153823852539,31.862504959106445,9.970420837402344
0,0,0,0,48.541629791259766,31.862844467163086,9.970573425292969
0,0,0,0,48.54161071777344,31.86341667175293,9.970802307128906
0,0,0,0,48.54146957397461,31.86397361755371,9.971015930175781
0,0,0,0,48.5413818359375,31.86428451538086,9.971115112304688
0,0,0,0,48.541236877441406,31.864686965942383,9.97125244140625
0,0,0,0,48.54100799560547,31.865291595458984,9.971466064453125
0,0,0,0,48.540767669677734,31.865711212158203,9.971595764160156
0,0,0,0,48.54055404663086,31.86614227294922,9.971710205078125
0,0,0,0,48.5401725769043,31.866676330566406,9.971832275390625
0,0,0,0,48.5399284362793,31.86702537536621,9.971908569335938
0,0,0,0,48.53957748413086,31.867382049560547,9.97198486328125
0,0,0,0,48.5391731262207,31.867788314819336,9.972114562988281
0,0,0,0,48.53879928588867,31.8681583404541,9.972221374511719
0,0,0,0,48.538509368896484,31.868459701538086,9.972389221191406
0,0,0,0,48.53801345825195,31.868988037109375,9.97265625
0,0,0,0,48.53771209716797,31.869295120239258,9.972846984863281
0,0,0,0,48.5373420715332,31.86971092224121,9.973037719726562
0,0,0,0,48.53696823120117,31.870168685913086,9.973350524902344
0,0,0,0,48.53664016723633,31.87060546875,9.973594665527344
0,0,0,0,48.53634262084961,31.87095832824707,9.973854064941406
0,0,0,0,48.53591537475586,31.871545791625977,9.974189758300781
0,0,0,0,48.53559112548828,31.8719482421875,9.974441528320312
0,0,0,0,48.53529357910156,31.872398376464844,9.974693298339844
0,0,0,0,48.534881591796875,31.872970581054688,9.975044250488281
0,0,0,0,48.53461837768555,31.873403549194336,9.975318908691406
0,0,0,0,48.5342903137207,31.873844146728516,9.975570678710938
0,0,0,0,48.53390121459961,31.874408721923828,9.975845336914062
0,0,0,0,48.53353500366211,31.87483787536621,9.976020812988281
0,0,0,0,48.533233642578125,31.87520408630371,9.976173400878906
0,0,0,0,48.53257751464844,31.875879287719727,9.976364135742188
0,0,0,0,48.53234100341797,31.876049041748047,9.976417541503906
0,0,0,0,48.53187561035156,31.876373291015625,9.976493835449219
0,0,0,0,48.53117752075195,31.876781463623047,9.976539611816406
0,0,0,0,48.53087615966797,31.877010345458984,9.976547241210938
0,0,0,0,48.530479431152344,31.877269744873047,9.976524353027344
0,0,0,0,48.52989959716797,31.877700805664062,9.97637939453125
0,0,0,0,48.52950668334961,31.87796401977539,9.976219177246094
0,0,0,0,48.52913284301758,31.87831687927246,9.976036071777344
0,0,0,0,48.5286979675293,31.87865447998047,9.975753784179688
0,0,0,0,48.528438568115234,31.87891960144043,9.975494384765625
0,0,0,0,48.52817153930664,31.87912368774414,9.975257873535156
0,0,0,0,48.52789306640625,31.87938690185547,9.974990844726562
0,0,0,0,48.52765655517578,31.879592895507812,9.974784851074219
0,0,0,0,48.5274772644043,31.879756927490234,9.974609375
0,0,0,0,48.52719497680664,31.8800106048584,9.974395751953125
0,0,0,0,48.5270881652832,31.880104064941406,9.9742431640625
0,0,0,0,48.52690887451172,31.88023567199707,9.974113464355469
0,0,0,0,48.52680587768555,31.880313873291016,9.973983764648438
0,0,0,0,48.52668762207031,31.880435943603516,9.973876953125
0,0,0,0,48.526641845703125,31.880512237548828,9.973716735839844
0,0,0,0,48.526611328125,31.88067054748535,9.973579406738281
0,0,0,0,48.526634216308594,31.880708694458008,9.973411560058594
0,0,0,0,48.5265998840332,31.880809783935547,9.97320556640625
0,0,0,0,48.526615142822266,31.880857467651367,9.972846984863281
0,0,0,0,48.5266227722168,31.8809814453125,9.972518920898438
0,0,0,0,48.526641845703125,31.881031036376953,9.972122192382812
0,0,0,0,48.52667236328125,31.881145477294922,9.971527099609375
0,0,0,0,48.52666091918945,31.881240844726562,9.971076965332031
0,0,0,0,48.526729583740234,31.881336212158203,9.970619201660156
0,0,0,0,48.526790618896484,31.88142967224121,9.970054626464844
0,0,0,0,48.52689743041992,31.881437301635742,9.969673156738281
0,0,0,0,48.52693557739258,31.881519317626953,9.969306945800781
0,0,0,0,48.5270881652832,31.881542205810547,9.968841552734375
0,0,0,0,48.527164459228516,31.8815975189209,9.968490600585938
0,0,0,0,48.52733612060547,31.881511688232422,9.968116760253906
0,0,0,0,48.52748489379883,31.88142967224121,9.9676513671875
0,0,0,0,48.52766418457031,31.881227493286133,9.967330932617188
0,0,0,0,48.52778625488281,31.881092071533203,9.967010498046875
0,0,0,0,48.52799987792969,31.880781173706055,9.966606140136719
0,0,0,0,48.52815246582031,31.880603790283203,9.966300964355469
0,0,0,0,48.5283088684082,31.88027572631836,9.965980529785156
0,0,0,0,48.52851867675781,31.879676818847656,9.965408325195312
0,0,0,0,48.52854537963867,31.87942886352539,9.96514892578125
0,0,0,0,48.52860641479492,31.87906265258789,9.964714050292969
0,0,0,0,48.52860641479492,31.878522872924805,9.964103698730469
0,0,0,0,48.52864456176758,31.878084182739258,9.963630676269531
0,0,0,0,48.528587341308594,31.87766456604004,9.963142395019531
0,0,0,0,48.52854537963867,31.87699317932129,9.96246337890625
0,0,0,0,48.52836227416992,31.87651252746582,9.961944580078125
0,0,0,0,48.528228759765625,31.875900268554688,9.961387634277344
0,0,0,0,48.52790832519531,31.875118255615234,9.960655212402344
0,0,0,0,48.52771759033203,31.87442970275879,9.960121154785156
0,0,0,0,48.52742385864258,31.873817443847656,9.959602355957031
0,0,0,0,48.527103424072266,31.87286949157715,9.958938598632812
0,0,0,0,48.52678298950195,31.87224769592285,9.958450317382812
0,0,0,0,48.526363372802734,31.87138557434082,9.957847595214844
0,0,0,0,48.526065826416016,31.870864868164062,9.957450866699219
0,0,0,0,48.52574920654297,31.870349884033203,9.95709228515625
0,0,0,0,48.52543258666992,31.869949340820312,9.956771850585938
0,0,0,0,48.52495574951172,31.869428634643555,9.956398010253906
0,0,0,0,48.5246467590332,31.86912727355957,9.956153869628906
0,0,0,0,48.52429962158203,31.8688907623291,9.955940246582031
0,0,0,0,48.523887634277344,31.868650436401367,9.955741882324219
0,0,0,0,48.52351760864258,31.86854362487793,9.955642700195312
0,0,0,0,48.52323913574219,31.868438720703125,9.95556640625
0,0,0,0,48.522762298583984,31.868480682373047,9.955535888671875
0,0,0,0,48.522483825683594,31.868480682373047,9.955543518066406
0,0,0,0,48.52214813232422,31.868627548217773,9.955581665039062
0,0,0,0,48.52183532714844,31.8687744140625,9.95562744140625
0,0,0,0,48.521575927734375,31.869003295898438,9.955680847167969
0,0,0,0,48.521392822265625,31.8691463470459,9.955718994140625
0,0,0,0,48.52107238769531,31.869443893432617,9.955696105957031
0,0,0,0,48.52085494995117,31.869604110717773,9.955642700195312
0,0,0,0,48.520591735839844,31.86986541748047,9.955558776855469
0,0,0,0,48.520198822021484,31.870182037353516,9.955390930175781
0,0,0,0,48.51988220214844,31.870471954345703,9.955230712890625
0,0,0,0,48.51948547363281,31.8707332611084,9.95501708984375
0,0,0,0,48.518959045410156,31.871112823486328,9.954627990722656
0,0,0,0,48.518489837646484,31.87137794494629,9.954292297363281
0,0,0,0,48.5180549621582,31.871599197387695,9.953956604003906
0,0,0,0,48.5173454284668,31.87189483642578,9.953536987304688
0,0,0,0,48.51682662963867,31.872055053710938,9.953254699707031
0,0,0,0,48.51619338989258,31.87225914001465,9.953033447265625
0,0,0,0,48.51543426513672,31.87242889404297,9.952781677246094
0,0,0,0,48.51478576660156,31.872577667236328,9.952598571777344
0,0,0,0,48.51420593261719,31.872554779052734,9.952384948730469
0,0,0,0,48.51318359375,31.87256622314453,9.9520263671875
0,0,0,0,48.5128059387207,31.872509002685547,9.951927185058594
0,0,0,0,48.512264251708984,31.872480392456055,9.951828002929688
0,0,0,0,48.5116081237793,31.872297286987305,9.951705932617188
0,0,0,0,48.51114273071289,31.872177124023438,9.951614379882812
0,0,0,0,48.51067352294922,31.871957778930664,9.951553344726562
0,0,0,0,48.510066986083984,31.871671676635742,9.951484680175781
0,0,0,0,48.509613037109375,31.87141990661621,9.951431274414062
0,0,0,0,48.509254455566406,31.871150970458984,9.95135498046875
0,0,0,0,48.508758544921875,31.870820999145508,9.951271057128906
0,0,0,0,48.50846862792969,31.870546340942383,9.95123291015625
0,0,0,0,48.508121490478516,31.87035369873047,9.951202392578125
0,0,0,0,48.507808685302734,31.870046615600586,9.951202392578125
0,0,0,0,48.50753402709961,31.8698673248291,9.951240539550781
0,0,0,0,48.50741195678711,31.869585037231445,9.951286315917969
0,0,0,0,48.5072135925293,31.869319915771484,9.951370239257812
0,0,0,0,48.50714111328125,31.86905288696289,9.951438903808594
0,0,0,0,48.50700759887695,31.868898391723633,9.951530456542969
0,0,0,0,48.5069465637207,31.86865234375,9.951652526855469
0,0,0,0,48.50691223144531,31.868600845336914,9.951789855957031
0,0,0,0,48.506919860839844,31.86850929260254,9.951972961425781
0,0,0,0,48.5069580078125,31.868486404418945,9.952140808105469
0,0,0,0,48.506927490234375,31.86845588684082,9.952293395996094
0,0,0,0,48.50692367553711,31.868450164794922,9.95245361328125
0,0,0,0,48.50684356689453,31.868350982666016,9.95269775390625
0,0,0,0,48.50681686401367,31.868267059326172,9.952857971191406
0,0,0,0,48.506710052490234,31.868192672729492,9.953010559082031
0,0,0,0,48.50660705566406,31.8680477142334,9.953208923339844
0,0,0,0,48.506431579589844,31.867992401123047,9.953346252441406
0,0,0,0,48.50631332397461,31.867786407470703,9.953544616699219
0,0,0,0,48.506141662597656,31.867652893066406,9.953834533691406
0,0,0,0,48.50607681274414,31.867494583129883,9.954002380371094
0,0,0,0,48.50592041015625,31.86733627319336,9.954254150390625
0,0,0,0,48.505836486816406,31.867015838623047,9.954597473144531
0,0,0,0,48.505741119384766,31.866846084594727,9.954887390136719
0,0,0,0,48.50570297241211,31.86655616760254,9.955184936523438
0,0,0,0,48.505638122558594,31.866243362426758,9.955612182617188
0,0,0,0,48.5056266784668,31.865962982177734,9.9559326171875
0,0,0,0,48.5056266784668,31.8657283782959,9.956260681152344
0,0,0,0,48.50564193725586,31.865354537963867,9.956733703613281
0,0,0,0,48.505733489990234,31.865123748779297,9.957122802734375
0,0,0,0,48.505836486816406,31.864913940429688,9.957534790039062
0,0,0,0,48.50612258911133,31.864627838134766,9.9581298828125
0,0,0,0,48.50629806518555,31.864439010620117,9.958610534667969
0,0,0,0,48.50658416748047,31.864227294921875,9.959114074707031
0,0,0,0,48.506919860839844,31.864028930664062,9.959762573242188
0,0,0,0,48.50727844238281,31.863866806030273,9.960220336914062
0,0,0,0,48.507537841796875,31.86384391784668,9.960662841796875
0,0,0,0,48.50799560546875,31.86371612548828,9.961196899414062
0,0,0,0,48.508296966552734,31.863697052001953,9.961532592773438
0,0,0,0,48.5086784362793,31.863611221313477,9.961830139160156
0,0,0,0,48.50914001464844,31.86366081237793,9.962242126464844
0,0,0,0,48.50954055786133,31.863685607910156,9.962562561035156
0,0,0,0,48.509944915771484,31.863834381103516,9.962913513183594
0,0,0,0,48.51052474975586,31.86397361755371,9.96343994140625
0,0,0,0,48.51100158691406,31.864103317260742,9.963905334472656
0,0,0,0,48.511497497558594,31.864213943481445,9.964447021484375
0,0,0,0,48.512229919433594,31.86444854736328,9.9652099609375
0,0,0,0,48.51276779174805,31.86465835571289,9.965827941894531
0,0,0,0,48.51341247558594,31.86483383178711,9.966453552246094
0,0,0,0,48.514225006103516,31.865137100219727,9.967308044433594
0,0,0,0,48.514915466308594,31.86532211303711,9.967971801757812
0,0,0,0,48.51554489135742,31.865581512451172,9.968673706054688
0,0,0,0,48.516536712646484,31.86587142944336,9.969657897949219
0,0,0,0,48.51724624633789,31.86615753173828,9.970458984375
0,0,0,0,48.51805877685547,31.8663330078125,9.9713134765625
0,0,0,0,48.51905059814453,31.86666488647461,9.972465515136719
0,0,0,0,48.519840240478516,31.86678695678711,9.973335266113281
0,0,0,0,48.52058792114258,31.866975784301758,9.974220275878906
0,0,0,0,48.521636962890625,31.86712646484375,9.975357055664062
0,0,0,0,48.52239990234375,31.867319107055664,9.976203918457031
0,0,0,0,48.523155212402344,31.86747932434082,9.977005004882812
0,0,0,0,48.524192810058594,31.867780685424805,9.978012084960938
0,0,0,0,48.524959564208984,31.868019104003906,9.978752136230469
0,0,0,0,48.52578353881836,31.86825942993164,9.979423522949219
0,0,0,0,48.526763916015625,31.868555068969727,9.980239868164062
0,0,0,0,48.527530670166016,31.86873435974121,9.980865478515625
0,0,0,0,48.528202056884766,31.868967056274414,9.981452941894531
0,0,0,0,48.52916717529297,31.86919593811035,9.982162475585938
0,0,0,0,48.529788970947266,31.86943244934082,9.982658386230469
0,0,0,0,48.5305061340332,31.869544982910156,9.983131408691406
0,0,0,0,48.531368255615234,31.86973762512207,9.983688354492188
0,0,0,0,48.53204345703125,31.869770050048828,9.984024047851562
0,0,0,0,48.53265380859375,31.8698787689209,9.98431396484375
0,0,0,0,48.53346633911133,31.869861602783203,9.984603881835938
0,0,0,0,48.53399658203125,31.869884490966797,9.9847412109375
0,0,0,0,48.53451919555664,31.86981964111328,9.984794616699219
0,0,0,0,48.535099029541016,31.86983871459961,9.9847412109375
0,0,0,0,48.535484313964844,31.869800567626953,9.984580993652344
0,0,0,0,48.53586959838867,31.869754791259766,9.984321594238281
0,0,0,0,48.536285400390625,31.869712829589844,9.983924865722656
0,0,0,0,48.536590576171875,31.86970329284668,9.983589172363281
0,0,0,0,48.536808013916016,31.869728088378906,9.98321533203125
0,0,0,0,48.53715896606445,31.869722366333008,9.982673645019531
0,0,0,0,48.53729248046875,31.869773864746094,9.982246398925781
0,0,0,0,48.53746032714844,31.869752883911133,9.981826782226562
0,0,0,0,48.53750991821289,31.86981964111328,9.981231689453125
0,0,0,0,48.537574768066406,31.86976432800293,9.980789184570312
0,0,0,0,48.53751754760742,31.869815826416016,9.980361938476562
0,0,0,0,48.537471771240234,31.869802474975586,9.9798583984375
0,0,0,0,48.53738784790039,31.86989974975586,9.979545593261719
0,0,0,0,48.53737258911133,31.869909286499023,9.979293823242188
0,0,0,0,48.53730392456055,31.870052337646484,9.979049682617188
0,0,0,0,48.53726577758789,31.870115280151367,9.978927612304688
0,0,0,0,48.53721237182617,31.870248794555664,9.978813171386719
0,0,0,0,48.53712844848633,31.870412826538086,9.978706359863281
0,0,0,0,48.53710174560547,31.87059211730957,9.978706359863281
0,0,0,0,48.53703689575195,31.870773315429688,9.978713989257812
0,0,0,0,48.53703689575195,31.871015548706055,9.978775024414062
0,0,0,0,48.53699493408203,31.87120819091797,9.978866577148438
0,0,0,0,48.53705978393555,31.871307373046875,9.978958129882812
0,0,0,0,48.537113189697266,31.87144660949707,9.979049682617188
0,0,0,0,48.537227630615234,31.871458053588867,9.979072570800781
0,0,0,0,48.53725814819336,31.87154769897461,9.97906494140625
0,0,0,0,48.537445068359375,31.87152862548828,9.978965759277344
0,0,0,0,48.53755569458008,31.871610641479492,9.978805541992188
0,0,0,0,48.53775405883789,31.8715877532959,9.978584289550781
0,0,0,0,48.53800964355469,31.87163543701172,9.978164672851562
0,0,0,0,48.538265228271484,31.87158203125,9.977783203125
0,0,0,0,48.53847885131836,31.87161636352539,9.977378845214844
0,0,0,0,48.53875732421875,31.871585845947266,9.976799011230469
0,0,0,0,48.538978576660156,31.87155532836914,9.976341247558594
0,0,0,0,48.53917694091797,31.871444702148438,9.975837707519531
0,0,0,0,48.539451599121094,31.871299743652344,9.975120544433594
0,0,0,0,48.539581298828125,31.871204376220703,9.974533081054688
0,0,0,0,48.539764404296875,31.871057510375977,9.973922729492188
0,0,0,0,48.53989028930664,31.870864868164062,9.973098754882812
0,0,0,0,48.54003143310547,31.870670318603516,9.97247314453125
0,0,0,0,48.54004669189453,31.870548248291016,9.971839904785156
0,0,0,0,48.540122985839844,31.870323181152344,9.971046447753906
0,0,0,0,48.540096282958984,31.87022590637207,9.970458984375
0,0,0,0,48.540122985839844,31.870033264160156,9.969863891601562
0,0,0,0,48.540061950683594,31.86996078491211,9.969062805175781
0,0,0,0,48.540035247802734,31.869861602783203,9.968498229980469
0,0,0,0,48.53993606567383,31.869915008544922,9.967933654785156
0,0,0,0,48.53983688354492,31.86992835998535,9.967124938964844
0,0,0,0,48.53965377807617,31.870067596435547,9.966316223144531
0,0,0,0,48.53951644897461,31.87017250061035,9.96588134765625
0,0,0,0,48.539215087890625,31.870468139648438,9.964981079101562
0,0,0,0,48.53889083862305,31.870689392089844,9.964332580566406
0,0,0,0,48.538551330566406,31.87095069885254,9.963691711425781
0,0,0,0,48.5379524230957,31.8713321685791,9.962814331054688
0,0,0,0,48.537498474121094,31.871578216552734,9.962127685546875
0,0,0,0,48.536949157714844,31.871837615966797,9.961448669433594
0,0,0,0,48.53627014160156,31.872055053710938,9.9605712890625
0,0,0,0,48.53566360473633,31.872282028198242,9.959938049316406
0,0,0,0,48.535118103027344,31.872386932373047,9.959320068359375
0,0,0,0,48.53423309326172,31.872587203979492,9.958549499511719
0,0,0,0,48.53364944458008,31.87264633178711,9.958045959472656
0,0,0,0,48.53298568725586,31.87278938293457,9.957534790039062
0,0,0,0,48.53216552734375,31.87281608581543,9.956886291503906
0,0,0,0,48.53152084350586,31.87285041809082,9.956436157226562
0,0,0,0,48.5308837890625,31.872751235961914,9.956001281738281
0,0,0,0,48.5300178527832,31.872684478759766,9.955513000488281
0,0,0,0,48.52933120727539,31.872554779052734,9.955184936523438
0,0,0,0,48.528663635253906,31.872434616088867,9.95489501953125
0,0,0,0,48.52773666381836,31.87216567993164,9.95458984375
0,0,0,0,48.52709197998047,31.871904373168945,9.954444885253906
0,0,0,0,48.52638244628906,31.871660232543945,9.954353332519531
0,0,0,0,48.52550506591797,31.87126350402832,9.954269409179688
0,0,0,0,48.52476501464844,31.870981216430664,9.954193115234375
0,0,0,0,48.52409744262695,31.87061309814453,9.954078674316406
0,0,0,0,48.52312469482422,31.870214462280273,9.953865051269531
0,0,0,0,48.522499084472656,31.869863510131836,9.953620910644531
0,0,0,0,48.521766662597656,31.8696231842041,9.953300476074219
0,0,0,0,48.52088165283203,31.869213104248047,9.952835083007812
0,0,0,0,48.52020263671875,31.869007110595703,9.952468872070312
0,0,0,0,48.519596099853516,31.868738174438477,9.952110290527344
0,0,0,0,48.518760681152344,31.868528366088867,9.951644897460938
0,0,0,0,48.51815414428711,31.868343353271484,9.951271057128906
0,0,0,0,48.517581939697266,31.86823272705078,9.950859069824219
0,0,0,0,48.51688003540039,31.86807632446289,9.950309753417969
0,0,0,0,48.51628875732422,31.867942810058594,9.949798583984375
0,0,0,0,48.515953063964844,31.867897033691406,9.949569702148438
0,0,0,0,48.51538848876953,31.867830276489258,9.94921875
0,0,0,0,48.514923095703125,31.867849349975586,9.949050903320312
0,0,0,0,48.514564514160156,31.867839813232422,9.948959350585938
0,0,0,0,48.51401901245117,31.867942810058594,9.948944091796875
0,0,0,0,48.513694763183594,31.867961883544922,9.949020385742188
0,0,0,0,48.51329803466797,31.868070602416992,9.949188232421875
0,0,0,0,48.51288986206055,31.868099212646484,9.949508666992188
0,0,0,0,48.51258087158203,31.868236541748047,9.949798583984375
0,0,0,0,48.51240921020508,31.868309020996094,9.950164794921875
0,0,0,0,48.51216506958008,31.868520736694336,9.950775146484375
0,0,0,0,48.51205825805664,31.86859893798828,9.951278686523438
0,0,0,0,48.5119743347168,31.86874771118164,9.951828002929688
0,0,0,0,48.511966705322266,31.868837356567383,9.952583312988281
0,0,0,0,48.51202392578125,31.86894989013672,9.953163146972656
0,0,0,0,48.512115478515625,31.869035720825195,9.953765869140625
0,0,0,0,48.51233673095703,31.869234085083008,9.954620361328125
0,0,0,0,48.512508392333984,31.86937141418457,9.955291748046875
0,0,0,0,48.51276779174805,31.869504928588867,9.956016540527344
0,0,0,0,48.513031005859375,31.869720458984375,9.95697021484375
0,0,0,0,48.513336181640625,31.869813919067383,9.957725524902344
0,0,0,0,48.513587951660156,31.869937896728516,9.958473205566406
0,0,0,0,48.5140495300293,31.870025634765625,9.959487915039062
0,0,0,0,48.51436233520508,31.870161056518555,9.960235595703125
0,0,0,0,48.514766693115234,31.87016487121582,9.960968017578125
0,0,0,0,48.51520538330078,31.870243072509766,9.961929321289062
0,0,0,0,48.51553726196289,31.870176315307617,9.962654113769531
0,0,0,0,48.51578903198242,31.870195388793945,9.963371276855469
0,0,0,0,48.516151428222656,31.8701171875,9.964317321777344
0,0,0,0,48.516380310058594,31.870088577270508,9.964988708496094
0,0,0,0,48.51657485961914,31.869993209838867,9.965660095214844
0,0,0,0,48.516746520996094,31.869897842407227,9.966560363769531
0,0,0,0,48.51682662963867,31.869829177856445,9.96722412109375
0,0,0,0,48.51696014404297,31.869766235351562,9.967857360839844
0,0,0,0,48.51707458496094,31.869625091552734,9.968658447265625
0,0,0,0,48.51723861694336,31.869483947753906,9.969223022460938
0,0,0,0,48.51734924316406,31.869436264038086,9.969741821289062
0,0,0,0,48.51760482788086,31.869401931762695,9.970405578613281
0,0,0,0,48.517757415771484,31.86951446533203,9.970916748046875
0,0,0,0,48.51799011230469,31.869577407836914,9.971458435058594
0,0,0,0,48.5181884765625,31.86983871459961,9.972190856933594
0,0,0,0,48.51841354370117,31.869962692260742,9.972724914550781
0,0,0,0,48.518577575683594,31.870210647583008,9.973243713378906
0,0,0,0,48.51888656616211,31.870494842529297,9.973884582519531
0,0,0,0,48.51909255981445,31.870798110961914,9.974357604980469
0,0,0,0,48.51935958862305,31.871042251586914,9.974845886230469
0,0,0,0,48.519752502441406,31.871461868286133,9.975471496582031
0,0,0,0,48.52005386352539,31.871740341186523,9.975914001464844
0,0,0,0,48.5203742980957,31.872051239013672,9.976325988769531
0,0,0,0,48.520809173583984,31.872417449951172,9.976814270019531
0,0,0,0,48.521209716796875,31.872682571411133,9.977157592773438
0,0,0,0,48.52157211303711,31.87297248840332,9.9775390625
0,0,0,0,48.522151947021484,31.873332977294922,9.978073120117188
0,0,0,0,48.52254867553711,31.873634338378906,9.978553771972656
0,0,0,0,48.5230712890625,31.873838424682617,9.979118347167969
0,0,0,0,48.52369689941406,31.874143600463867,9.979927062988281
0,0,0,0,48.52424621582031,31.874237060546875,9.980537414550781
0,0,0,0,48.52470016479492,31.87440299987793,9.981109619140625
0,0,0,0,48.52539825439453,31.874488830566406,9.981781005859375
0,0,0,0,48.52584457397461,31.874645233154297,9.982231140136719
0,0,0,0,48.52632141113281,31.874696731567383,9.982620239257812
0,0,0,0,48.52687072753906,31.874860763549805,9.9830322265625
0,0,0,0,48.52725601196289,31.87491798400879,9.983253479003906
0,0,0,0,48.52762985229492,31.87501335144043,9.983383178710938
0,0,0,0,48.52811813354492,31.875062942504883,9.983489990234375
0,0,0,0,48.52848815917969,31.875097274780273,9.9835205078125
0,0,0,0,48.52878189086914,31.875064849853516,9.983482360839844
0,0,0,0,48.529136657714844,31.875003814697266,9.983345031738281
0,0,0,0,48.529296875,31.875,9.983154296875
0,0,0,0,48.52950668334961,31.874921798706055,9.98291015625
0,0,0,0,48.52964401245117,31.874797821044922,9.982559204101562
0,0,0,0,48.52974319458008,31.874603271484375,9.982276916503906
0,0,0,0,48.52968215942383,31.87449073791504,9.981948852539062
0,0,0,0,48.52961730957031,31.874231338500977,9.981491088867188
0,0,0,0,48.529449462890625,31.874101638793945,9.981155395507812
0,0,0,0,48.529327392578125,31.873889923095703,9.980796813964844
0,0,0,0,48.529052734375,31.873729705810547,9.980255126953125
0,0,0,0,48.52888870239258,31.87354850769043,9.979812622070312
0,0,0,0,48.52872848510742,31.873485565185547,9.979331970214844
0,0,0,0,48.52857971191406,31.873310089111328,9.978622436523438
0,0,0,0,48.52848434448242,31.87322998046875,9.978057861328125
0,0,0,0,48.528377532958984,31.873126983642578,9.977462768554688
0,0,0,0,48.52825164794922,31.873062133789062,9.976615905761719
0,0,0,0,48.52810287475586,31.87300682067871,9.975967407226562
0,0,0,0,48.52802276611328,31.872957229614258,9.975318908691406
0,0,0,0,48.52780532836914,31.87291145324707,9.9744873046875
0,0,0,0,48.52772903442383,31.872833251953125,9.973892211914062
0,0,0,0,48.52758026123047,31.8728084564209,9.973320007324219
0,0,0,0,48.52750778198242,31.872665405273438,9.972640991210938
0,0,0,0,48.527400970458984,31.872581481933594,9.972190856933594
0,0,0,0,48.52740478515625,31.87238311767578,9.971817016601562
0,0,0,0,48.52736282348633,31.87218475341797,9.971359252929688
0,0,0,0,48.52743148803711,31.871931076049805,9.971061706542969
0,0,0,0,48.52744674682617,31.87177085876465,9.970802307128906
0,0,0,0,48.527530670166016,31.8714599609375,9.970420837402344
0,0,0,0,48.5275764465332,31.871274948120117,9.9700927734375
0,0,0,0,48.527645111083984,31.870969772338867,9.969734191894531
0,0,0,0,48.527774810791016,31.870649337768555,9.969245910644531
0,0,0,0,48.52785110473633,31.87038803100586,9.968864440917969
0,0,0,0,48.527957916259766,31.870153427124023,9.968467712402344
0,0,0,0,48.52804183959961,31.86981964111328,9.967948913574219
0,0,0,0,48.5282096862793,31.869461059570312,9.967399597167969
0,0,0,0,48.528228759765625,31.86935043334961,9.967124938964844
0,0,0,0,48.52836227416992,31.869075775146484,9.966629028320312
0,0,0,0,48.52833557128906,31.86897087097168,9.966300964355469
0,0,0,0,48.52838134765625,31.868825912475586,9.96600341796875
0,0,0,0,48.5283203125,31.868804931640625,9.965621948242188
0,0,0,0,48.5283317565918,31.868743896484375,9.965347290039062
0,0,0,0,48.52826690673828,31.868806838989258,9.965110778808594
0,0,0,0,48.528255462646484,31.868825912475586,9.964836120605469
0,0,0,0,48.52822494506836,31.86899185180664,9.964614868164062
0,0,0,0,48.52824020385742,31.869098663330078,9.964408874511719
0,0,0,0,48.5281982421875,31.8693904876709,9.964126586914062
0,0,0,0,48.52812576293945,31.86959457397461,9.963890075683594
0,0,0,0,48.528053283691406,31.869853973388672,9.963653564453125
0,0,0,0,48.52793502807617,31.87018394470215,9.963333129882812
0,0,0,0,48.52784729003906,31.870468139648438,9.963096618652344
0,0,0,0,48.52765655517578,31.870820999145508,9.962867736816406
0,0,0,0,48.52740478515625,31.871355056762695,9.962532043457031
0,0,0,0,48.52711868286133,31.87181854248047,9.962242126464844
0,0,0,0,48.52687072753906,31.872249603271484,9.961929321289062
0,0,0,0,48.52637481689453,31.87295913696289,9.961494445800781
0,0,0,0,48.52600860595703,31.873435974121094,9.961174011230469
0,0,0,0,48.525535583496094,31.874019622802734,9.960807800292969
0,0,0,0,48.524925231933594,31.87468147277832,9.9603271484375
0,0,0,0,48.52435302734375,31.875276565551758,9.959968566894531
0,0,0,0,48.5237922668457,31.87578582763672,9.959640502929688
0,0,0,0,48.52296447753906,31.87652587890625,9.959312438964844
0,0,0,0,48.5223388671875,31.877002716064453,9.959129333496094
0,0,0,0,48.521705627441406,31.877561569213867,9.958992004394531
0,0,0,0,48.52090072631836,31.878223419189453,9.958900451660156
0,0,0,0,48.520347595214844,31.878679275512695,9.958900451660156
0,0,0,0,48.519805908203125,31.879093170166016,9.958938598632812
0,0,0,0,48.51919174194336,31.879636764526367,9.959030151367188
0,0,0,0,48.518680572509766,31.88003921508789,9.959159851074219
0,0,0,0,48.51828384399414,31.880355834960938,9.959373474121094
0,0,0,0,48.517730712890625,31.880807876586914,9.95977783203125
0,0,0,0,48.51747512817383,31.88105583190918,9.960151672363281
0,0,0,0,48.517189025878906,31.88140106201172,9.960586547851562
0,0,0,0,48.516929626464844,31.88173484802246,9.961212158203125
0,0,0,0,48.5167121887207,31.882034301757812,9.961738586425781
0,0,0,0,48.516632080078125,31.88220977783203,9.962287902832031
0,0,0,0,48.516510009765625,31.88251304626465,9.963035583496094
0,0,0,0,48.5164794921875,31.882640838623047,9.963607788085938
0,0,0,0,48.516441345214844,31.88283920288086,9.96417236328125
0,0,0,0,48.51643371582031,31.882946014404297,9.964889526367188
0,0,0,0,48.5164794921875,31.883058547973633,9.96539306640625
0,0,0,0,48.51652908325195,31.88313102722168,9.965888977050781
0,0,0,0,48.51659393310547,31.883291244506836,9.966522216796875
0,0,0,0,48.516571044921875,31.883455276489258,9.966987609863281
0,0,0,0,48.51658248901367,31.88365364074707,9.967475891113281
0,0,0,0,48.5164680480957,31.883947372436523,9.968170166015625
0,0,0,0,48.51641845703125,31.884157180786133,9.968711853027344
0,0,0,0,48.51626205444336,31.884458541870117,9.969245910644531
0,0,0,0,48.51615524291992,31.884859085083008,9.969879150390625
0,0,0,0,48.515995025634766,31.88527488708496,9.97027587890625
0,0,0,0,48.51593017578125,31.885608673095703,9.970626831054688
0,0,0,0,48.51579666137695,31.886186599731445,9.971000671386719
0,0,0,0,48.51576232910156,31.88654899597168,9.971229553222656
0,0,0,0,48.51567840576172,31.887008666992188,9.971412658691406
0,0,0,0,48.5156364440918,31.88749885559082,9.971603393554688
0,0,0,0,48.5156135559082,31.888044357299805,9.971702575683594
0,0,0,0,48.51557540893555,31.8883113861084,9.971733093261719
0,0,0,0,48.51558303833008,31.888898849487305,9.971755981445312
0,0,0,0,48.515586853027344,31.889328002929688,9.971733093261719
0,0,0,0,48.515655517578125,31.889755249023438,9.971687316894531
0,0,0,0,48.515743255615234,31.890304565429688,9.971572875976562
0,0,0,0,48.515899658203125,31.89068603515625,9.971420288085938
0,0,0,0,48.51602554321289,31.891098022460938,9.971199035644531
0,0,0,0,48.51631164550781,31.891538619995117,9.9708251953125
0,0,0,0,48.51649856567383,31.891889572143555,9.970497131347656
0,0,0,0,48.51679229736328,31.89208984375,9.970130920410156
0,0,0,0,48.51708221435547,31.89240264892578,9.969635009765625
0,0,0,0,48.51739501953125,31.892560958862305,9.969306945800781
0,0,0,0,48.517662048339844,31.892784118652344,9.969032287597656
0,0,0,0,48.518150329589844,31.892911911010742,9.968742370605469
0,0,0,0,48.51852035522461,31.893062591552734,9.968605041503906
0,0,0,0,48.518959045410156,31.893144607543945,9.968528747558594
0,0,0,0,48.51955795288086,31.893333435058594,9.968490600585938
0,0,0,0,48.5200309753418,31.893421173095703,9.968498229980469
0,0,0,0,48.52054214477539,31.893556594848633,9.968505859375
0,0,0,0,48.521263122558594,31.893693923950195,9.968559265136719
0,0,0,0,48.52189254760742,31.893810272216797,9.9686279296875
0,0,0,0,48.522483825683594,31.893951416015625,9.968704223632812
0,0,0,0,48.52342224121094,31.894132614135742,9.968864440917969
0,0,0,0,48.52409362792969,31.89432716369629,9.969017028808594
0,0,0,0,48.52486038208008,31.89445686340332,9.969207763671875
0,0,0,0,48.52579879760742,31.89468002319336,9.969497680664062
0,0,0,0,48.52656173706055,31.894765853881836,9.969802856445312
0,0,0,0,48.527244567871094,31.894943237304688,9.970176696777344
0,0,0,0,48.52826690673828,31.895042419433594,9.970703125
0,0,0,0,48.52897644042969,31.895160675048828,9.971145629882812
0,0,0,0,48.529693603515625,31.8951473236084,9.971611022949219
0,0,0,0,48.53055191040039,31.895221710205078,9.972213745117188
0,0,0,0,48.53119659423828,31.89520263671875,9.972618103027344
0,0,0,0,48.53181838989258,31.895227432250977,9.972969055175781
0,0,0,0,48.53262710571289,31.895166397094727,9.973388671875
0,0,0,0,48.533233642578125,31.895137786865234,9.973678588867188
0,0,0,0,48.53379440307617,31.89506721496582,9.973953247070312
0,0,0,0,48.534603118896484,31.894956588745117,9.974311828613281
0,0,0,0,48.53510284423828,31.894861221313477,9.974578857421875
0,0,0,0,48.535648345947266,31.894718170166016,9.974807739257812
0,0,0,0,48.53627395629883,31.894489288330078,9.975021362304688
0,0,0,0,48.536781311035156,31.89421272277832,9.97515869140625
0,0,0,0,48.53717041015625,31.894006729125977,9.975303649902344
0,0,0,0,48.53772735595703,31.893632888793945,9.9754638671875
0,0,0,0,48.53805923461914,31.893423080444336,9.97552490234375
0,0,0,0,48.538448333740234,31.893091201782227,9.975570678710938
0,0,0,0,48.53880310058594,31.892820358276367,9.975631713867188
0,0,0,0,48.53904342651367,31.892568588256836,9.975662231445312
0,0,0,0,48.53923416137695,31.892410278320312,9.975685119628906
0,0,0,0,48.53945541381836,31.892141342163086,9.975654602050781
0,0,0,0,48.5396614074707,31.891963958740234,9.975608825683594
0,0,0,0,48.53971862792969,31.891889572143555,9.975578308105469
0,0,0,0,48.53989028930664,31.89174461364746,9.975494384765625
0,0,0,0,48.53998947143555,31.89165496826172,9.975418090820312
0,0,0,0,48.5401611328125,31.891582489013672,9.975311279296875
0,0,0,0,48.54027557373047,31.891508102416992,9.975090026855469
0,0,0,0,48.54039001464844,31.89141845703125,9.974822998046875
0,0,0,0,48.54042434692383,31.891386032104492,9.974472045898438
0,0,0,0,48.540584564208984,31.891298294067383,9.973876953125
0,0,0,0,48.5406494140625,31.89132308959961,9.973358154296875
0,0,0,0,48.54081344604492,31.891281127929688,9.972747802734375
0,0,0,0,48.54094314575195,31.891313552856445,9.971893310546875
0,0,0,0,48.54109573364258,31.891300201416016,9.971199035644531
0,0,0,0,48.54120635986328,31.891435623168945,9.970443725585938
0,0,0,0,48.54142379760742,31.891555786132812,9.969383239746094
0,0,0,0,48.54155731201172,31.891740798950195,9.968559265136719
0,0,0,0,48.54170608520508,31.891849517822266,9.967658996582031
0,0,0,0,48.54184341430664,31.892051696777344,9.966407775878906
0,0,0,0,48.54191207885742,31.892202377319336,9.965141296386719
0,0,0,0,48.5419807434082,31.892221450805664,9.964523315429688
0,0,0,0,48.5419807434082,31.892248153686523,9.963310241699219
0,0,0,0,48.54196548461914,31.89219093322754,9.962158203125
0,0,0,0,48.54189682006836,31.89220428466797,9.961624145507812
0,0,0,0,48.54177474975586,31.892107009887695,9.960655212402344
0,0,0,0,48.541526794433594,31.892045974731445,9.959747314453125
0,0,0,0,48.54142761230469,31.891939163208008,9.959327697753906
0,0,0,0,48.54106521606445,31.891847610473633,9.958503723144531
0,0,0,0,48.540836334228516,31.891719818115234,9.957931518554688
0,0,0,0,48.54051208496094,31.891691207885742,9.957374572753906
0,0,0,0,48.54014587402344,31.89151954650879,9.956710815429688
0,0,0,0,48.53981399536133,31.891456604003906,9.956283569335938
0,0,0,0,48.539520263671875,31.89127540588379,9.955924987792969
0,0,0,0,48.53907012939453,31.891067504882812,9.955528259277344
0,0,0,0,48.538700103759766,31.890850067138672,9.955337524414062
0,0,0,0,48.53832244873047,31.890668869018555,9.95526123046875
0,0,0,0,48.53779602050781,31.89040756225586,9.955307006835938
0,0,0,0,48.537445068359375,31.890233993530273,9.955429077148438
0,0,0,0,48.53703308105469,31.89004898071289,9.955619812011719
0,0,0,0,48.536563873291016,31.889734268188477,9.955924987792969
0,0,0,0,48.53615188598633,31.889575958251953,9.956146240234375
0,0,0,0,48.53584289550781,31.889358520507812,9.956382751464844
0,0,0,0,48.53535461425781,31.889122009277344,9.956672668457031
0,0,0,0,48.53511047363281,31.88886070251465,9.956855773925781
0,0,0,0,48.53483963012695,31.88869285583496,9.957023620605469
0,0,0,0,48.534603118896484,31.88836097717285,9.957229614257812
0,0,0,0,48.53437805175781,31.888185501098633,9.957359313964844
0,0,0,0,48.53423309326172,31.887882232666016,9.957473754882812
0,0,0,0,48.53401565551758,31.88756561279297,9.957557678222656
0,0,0,0,48.53388595581055,31.88723373413086,9.957565307617188
0,0,0,0,48.53376007080078,31.886945724487305,9.957557678222656
0,0,0,0,48.53359603881836,31.886436462402344,9.957534790039062
0,0,0,0,48.53352355957031,31.88608741760254,9.957496643066406
0,0,0,0,48.533424377441406,31.885704040527344,9.957435607910156
0,0,0,0,48.53333282470703,31.88519859313965,9.957305908203125
0,0,0,0,48.5332145690918,31.884801864624023,9.957206726074219
0,0,0,0,48.53314208984375,31.88433837890625,9.957099914550781
0,0,0,0,48.53291702270508,31.883705139160156,9.957008361816406
0,0,0,0,48.532711029052734,31.882917404174805,9.95697021484375
0,0,0,0,48.53253173828125,31.882587432861328,9.956962585449219
0,0,0,0,48.53226852416992,31.88176918029785,9.957015991210938
0,0,0,0,48.53196716308594,31.881195068359375,9.957130432128906
0,0,0,0,48.531707763671875,31.880491256713867,9.957275390625
0,0,0,0,48.53120422363281,31.87963104248047,9.957550048828125
0,0,0,0,48.53082275390625,31.878896713256836,9.957809448242188
0,0,0,0,48.530372619628906,31.87824821472168,9.958084106445312
0,0,0,0,48.52978515625,31.877277374267578,9.958480834960938
0,0,0,0,48.529327392578125,31.876630783081055,9.958824157714844
0,0,0,0,48.52886199951172,31.875967025756836,9.959228515625
0,0,0,0,48.52822494506836,31.87514305114746,9.9598388671875
0,0,0,0,48.52770233154297,31.874521255493164,9.960281372070312
0,0,0,0,48.5272331237793,31.873926162719727,9.960700988769531
0,0,0,0,48.5265007019043,31.87313461303711,9.961189270019531
0,0,0,0,48.52599334716797,31.87254524230957,9.961517333984375
0,0,0,0,48.52539825439453,31.872058868408203,9.961807250976562
0,0,0,0,48.5246696472168,31.871374130249023,9.962142944335938
0,0,0,0,48.5240478515625,31.870933532714844,9.962295532226562
0,0,0,0,48.52352523803711,31.870458602905273,9.962409973144531
0,0,0,0,48.522708892822266,31.870006561279297,9.962501525878906
0,0,0,0,48.52214431762695,31.869617462158203,9.962516784667969
0,0,0,0,48.52153015136719,31.869335174560547,9.962486267089844
0,0,0,0,48.52080154418945,31.868928909301758,9.962425231933594
0,0,0,0,48.520267486572266,31.868709564208984,9.962394714355469
0,0,0,0,48.519779205322266,31.868412017822266,9.962371826171875
0,0,0,0,48.519126892089844,31.868125915527344,9.962371826171875
0,0,0,0,48.518672943115234,31.8679256439209,9.962394714355469
0,0,0,0,48.518287658691406,31.8677921295166,9.962455749511719
0,0,0,0,48.51775360107422,31.867597579956055,9.962570190429688
0,0,0,0,48.51743698120117,31.86744499206543,9.962684631347656
0,0,0,0,48.51707077026367,31.867324829101562,9.962783813476562
0,0,0,0,48.5167350769043,31.86713981628418,9.962890625
0,0,0,0,48.51643753051758,31.86705780029297,9.962997436523438
0,0,0,0,48.5162467956543,31.86690902709961,9.963104248046875
0,0,0,0,48.51591491699219,31.866844177246094,9.963211059570312
0,0,0,0,48.5157470703125,31.86676597595215,9.963302612304688
0,0,0,0,48.5155143737793,31.866806030273438,9.963394165039062
0,0,0,0,48.51534652709961,31.866769790649414,9.963516235351562
0,0,0,0,48.51522445678711,31.866880416870117,9.963645935058594
0,0,0,0,48.515193939208984,31.86692237854004,9.963722229003906
0,0,0,0,48.51514434814453,31.86713218688965,9.96392822265625
0,0,0,0,48.51516342163086,31.867259979248047,9.964141845703125
0,0,0,0,48.51521682739258,31.867469787597656,9.964385986328125
0,0,0,0,48.515323638916016,31.86771011352539,9.964775085449219
0,0,0,0,48.51548767089844,31.867883682250977,9.965126037597656
0,0,0,0,48.515625,31.868040084838867,9.965507507324219
0,0,0,0,48.51588821411133,31.868228912353516,9.965995788574219
0,0,0,0,48.51601791381836,31.86843490600586,9.966392517089844
0,0,0,0,48.516231536865234,31.868587493896484,9.966804504394531
0,0,0,0,48.51640701293945,31.868892669677734,9.9674072265625
0,0,0,0,48.516605377197266,31.86905860900879,9.967926025390625
0,0,0,0,48.51670837402344,31.869300842285156,9.968490600585938
0,0,0,0,48.51690673828125,31.869457244873047,9.969284057617188
0,0,0,0,48.5169677734375,31.869665145874023,9.969924926757812
0,0,0,0,48.51707458496094,31.86977195739746,9.970619201660156
0,0,0,0,48.517127990722656,31.870025634765625,9.971519470214844
0,0,0,0,48.51713562011719,31.870153427124023,9.972175598144531
0,0,0,0,48.517093658447266,31.87035369873047,9.972793579101562
0,0,0,0,48.51705551147461,31.87055015563965,9.9735107421875
0,0,0,0,48.51703643798828,31.870738983154297,9.973960876464844
0,0,0,0,48.51698303222656,31.870920181274414,9.974342346191406
0,0,0,0,48.516929626464844,31.8712158203125,9.974716186523438
0,0,0,0,48.516841888427734,31.871475219726562,9.974929809570312
0,0,0,0,48.51682662963867,31.871723175048828,9.975082397460938
0,0,0,0,48.5167121887207,31.872108459472656,9.975234985351562
0,0,0,0,48.516693115234375,31.872329711914062,9.975311279296875
0,0,0,0,48.516597747802734,31.87264060974121,9.975372314453125
0,0,0,0,48.5166015625,31.872949600219727,9.97540283203125
0,0,0,0,48.516563415527344,31.873252868652344,9.975425720214844
0,0,0,0,48.516624450683594,31.87346076965332,9.975479125976562
0,0,0,0,48.51664352416992,31.87384796142578,9.975593566894531
0,0,0,0,48.516719818115234,31.87404441833496,9.975723266601562
0,0,0,0,48.51677703857422,31.87432098388672,9.975883483886719
0,0,0,0,48.51691436767578,31.87459373474121,9.976097106933594
0,0,0,0,48.51710891723633,31.87489128112793,9.976310729980469
0,0,0,0,48.517208099365234,31.875038146972656,9.976409912109375
0,0,0,0,48.51747512817383,31.875385284423828,9.976608276367188
0,0,0,0,48.51768493652344,31.875627517700195,9.976760864257812
0,0,0,0,48.51798629760742,31.87589454650879,9.9769287109375
0,0,0,0,48.518348693847656,31.87625503540039,9.977134704589844
0,0,0,0,48.51873016357422,31.876493453979492,9.977325439453125
0,0,0,0,48.51905822753906,31.876794815063477,9.977523803710938
0,0,0,0,48.51963424682617,31.877119064331055,9.977867126464844
0,0,0,0,48.52001953125,31.87744903564453,9.978202819824219
0,0,0,0,48.52048873901367,31.877696990966797,9.978599548339844
0,0,0,0,48.52103805541992,31.878135681152344,9.979156494140625
0,0,0,0,48.52153778076172,31.87838363647461,9.979591369628906
0,0,0,0,48.52196502685547,31.878721237182617,9.980018615722656
0,0,0,0,48.52259826660156,31.879056930541992,9.98052978515625
0,0,0,0,48.52302932739258,31.87936782836914,9.9808349609375
0,0,0,0,48.52349090576172,31.879587173461914,9.981025695800781
0,0,0,0,48.52409744262695,31.879941940307617,9.981124877929688
0,0,0,0,48.524532318115234,31.880176544189453,9.981094360351562
0,0,0,0,48.52498245239258,31.880462646484375,9.98095703125
0,0,0,0,48.52553176879883,31.880834579467773,9.980644226074219
0,0,0,0,48.525962829589844,31.881053924560547,9.980300903320312
0,0,0,0,48.52629089355469,31.881256103515625,9.9798583984375
0,0,0,0,48.526771545410156,31.88146209716797,9.9791259765625
0,0,0,0,48.52705001831055,31.881675720214844,9.978515625
0,0,0,0,48.527408599853516,31.881792068481445,9.977851867675781
0,0,0,0,48.5277214050293,31.881996154785156,9.976882934570312
0,0,0,0,48.527984619140625,31.88206672668457,9.97613525390625
0,0,0,0,48.52811050415039,31.882240295410156,9.975364685058594
0,0,0,0,48.52830123901367,31.88231086730957,9.974273681640625
0,0,0,0,48.528350830078125,31.882444381713867,9.973396301269531
0,0,0,0,48.52842330932617,31.882484436035156,9.972518920898438
0,0,0,0,48.52836990356445,31.88265037536621,9.971397399902344
0,0,0,0,48.528236389160156,31.882802963256836,9.970321655273438
0,0,0,0,48.52818298339844,31.88290786743164,9.969810485839844
0,0,0,0,48.52796936035156,31.88312530517578,9.968856811523438
0,0,0,0,48.527793884277344,31.883312225341797,9.968208312988281
0,0,0,0,48.52754211425781,31.883520126342773,9.967613220214844
0,0,0,0,48.527183532714844,31.883859634399414,9.96685791015625
0,0,0,0,48.526798248291016,31.884174346923828,9.966361999511719
0,0,0,0,48.52647399902344,31.88445472717285,9.965927124023438
0,0,0,0,48.525882720947266,31.88494110107422,9.965438842773438
0,0,0,0,48.5255126953125,31.885251998901367,9.965126037597656
0,0,0,0,48.52505874633789,31.885671615600586,9.964805603027344
0,0,0,0,48.5245361328125,31.88612937927246,9.964347839355469
0,0,0,0,48.52407455444336,31.886545181274414,9.9639892578125
0,0,0,0,48.5236701965332,31.886842727661133,9.963638305664062
0,0,0,0,48.52309799194336,31.887317657470703,9.963127136230469
0,0,0,0,48.52268981933594,31.887598037719727,9.962699890136719
0,0,0,0,48.52223205566406,31.88797950744629,9.962226867675781
0,0,0,0,48.52163314819336,31.88844108581543,9.961494445800781
0,0,0,0,48.521217346191406,31.88882827758789,9.960868835449219
0,0,0,0,48.52074432373047,31.889183044433594,9.960212707519531
0,0,0,0,48.52010726928711,31.8896484375,9.959335327148438
0,0,0,0,48.519588470458984,31.890003204345703,9.958648681640625
0,0,0,0,48.51915740966797,31.890321731567383,9.95794677734375
0,0,0,0,48.5185546875,31.890771865844727,9.957038879394531
0,0,0,0,48.518245697021484,31.891036987304688,9.956436157226562
0,0,0,0,48.517879486083984,31.891359329223633,9.955894470214844
0,0,0,0,48.517547607421875,31.891691207885742,9.955245971679688
0,0,0,0,48.51724624633789,31.892030715942383,9.954795837402344
0,0,0,0,48.517032623291016,31.892250061035156,9.954383850097656
0,0,0,0,48.5167236328125,31.892648696899414,9.953971862792969
0,0,0,0,48.51659393310547,31.892845153808594,9.953742980957031
0,0,0,0,48.516448974609375,31.89313316345215,9.953575134277344
0,0,0,0,48.51634216308594,31.893404006958008,9.953468322753906
0,0,0,0,48.51625061035156,31.893651962280273,9.953460693359375
0,0,0,0,48.516151428222656,31.893831253051758,9.953498840332031
0,0,0,0,48.51603317260742,31.89409065246582,9.953620910644531
0,0,0,0,48.51593017578125,31.89426040649414,9.953750610351562
0,0,0,0,48.515933990478516,31.894412994384766,9.953903198242188
0,0,0,0,48.515899658203125,31.894628524780273,9.954193115234375
0,0,0,0,48.51593780517578,31.89474105834961,9.954521179199219
0,0,0,0,48.51590347290039,31.89484405517578,9.954902648925781
0,0,0,0,48.5159912109375,31.894851684570312,9.955482482910156
0,0,0,0,48.5159912109375,31.89487648010254,9.9559326171875
0,0,0,0,48.51605224609375,31.8947696685791,9.956367492675781
0,0,0,0,48.5159797668457,31.894742965698242,9.956954956054688
0,0,0,0,48.51595687866211,31.894643783569336,9.957405090332031
0,0,0,0,48.51585006713867,31.89461898803711,9.957855224609375
0,0,0,0,48.515743255615234,31.894418716430664,9.958419799804688
0,0,0,0,48.5156364440918,31.894237518310547,9.958930969238281
0,0,0,0,48.515594482421875,31.89410400390625,9.95916748046875
0,0,0,0,48.51558303833008,31.89385986328125,9.959587097167969
0,0,0,0,48.51560592651367,31.89358139038086,9.9598388671875
0,0,0,0,48.51569366455078,31.893301010131836,9.960052490234375
0,0,0,0,48.51580810546875,31.892868041992188,9.960258483886719
0,0,0,0,48.515960693359375,31.89251136779785,9.960357666015625
0,0,0,0,48.516082763671875,31.892141342163086,9.960418701171875
0,0,0,0,48.516448974609375,31.891550064086914,9.960418701171875
0,0,0,0,48.516693115234375,31.891130447387695,9.960395812988281
0,0,0,0,48.51704406738281,31.890642166137695,9.960334777832031
0,0,0,0,48.517486572265625,31.890031814575195,9.960220336914062
0,0,0,0,48.51792526245117,31.889446258544922,9.960090637207031
0,0,0,0,48.518287658691406,31.888948440551758,9.959953308105469
0,0,0,0,48.51885223388672,31.88813591003418,9.959793090820312
0,0,0,0,48.519222259521484,31.887598037719727,9.959686279296875
0,0,0,0,48.51961898803711,31.886964797973633,9.959579467773438
0,0,0,0,48.520084381103516,31.88629913330078,9.959487915039062
0,0,0,0,48.52041244506836,31.88574981689453,9.959465026855469
0,0,0,0,48.520755767822266,31.885269165039062,9.959480285644531
0,0,0,0,48.52118682861328,31.88458824157715,9.959541320800781
0,0,0,0,48.521541595458984,31.884082794189453,9.959625244140625
0,0,0,0,48.52181625366211,31.883569717407227,9.959724426269531
0,0,0,0,48.522216796875,31.88287925720215,9.959869384765625
0,0,0,0,48.522403717041016,31.882387161254883,9.960037231445312
0,0,0,0,48.52262496948242,31.881851196289062,9.960197448730469
0,0,0,0,48.52277755737305,31.8812313079834,9.96038818359375
0,0,0,0,48.5229606628418,31.880701065063477,9.960540771484375
0,0,0,0,48.52307891845703,31.8802433013916,9.960693359375
0,0,0,0,48.523338317871094,31.879497528076172,9.960914611816406
0,0,0,0,48.52348327636719,31.8790283203125,9.961090087890625
0,0,0,0,48.52370834350586,31.878440856933594,9.961296081542969
0,0,0,0,48.523948669433594,31.877782821655273,9.961540222167969
0,0,0,0,48.524147033691406,31.877239227294922,9.961685180664062
0,0,0,0,48.52432632446289,31.87682342529297,9.961822509765625
0,0,0,0,48.52459716796875,31.87622833251953,9.962013244628906
0,0,0,0,48.52486038208008,31.87583351135254,9.962104797363281
0,0,0,0,48.52511215209961,31.87544059753418,9.962181091308594
0,0,0,0,48.52546691894531,31.87500762939453,9.962249755859375
0,0,0,0,48.52570343017578,31.874706268310547,9.962257385253906
0,0,0,0,48.52606201171875,31.874422073364258,9.962242126464844
0,0,0,0,48.526519775390625,31.87417984008789,9.962188720703125
0,0,0,0,48.52695083618164,31.874008178710938,9.962150573730469
0,0,0,0,48.52730941772461,31.873966217041016,9.962127685546875
0,0,0,0,48.527889251708984,31.873903274536133,9.962135314941406
0,0,0,0,48.52827835083008,31.873966217041016,9.962142944335938
0,0,0,0,48.52879333496094,31.873987197875977,9.962150573730469
0,0,0,0,48.52941131591797,31.87417984008789,9.962173461914062
0,0,0,0,48.52994155883789,31.8742618560791,9.962181091308594
0,0,0,0,48.530433654785156,31.874406814575195,9.962188720703125
0,0,0,0,48.531150817871094,31.874496459960938,9.962173461914062
0,0,0,0,48.531707763671875,31.8746280670166,9.962150573730469
0,0,0,0,48.53226852416992,31.874723434448242,9.962127685546875
0,0,0,0,48.53303146362305,31.874923706054688,9.962066650390625
0,0,0,0,48.53355407714844,31.87504768371582,9.962020874023438
0,0,0,0,48.53408432006836,31.87513542175293,9.96197509765625
0,0,0,0,48.53466033935547,31.875255584716797,9.961936950683594
0,0,0,0,48.53511428833008,31.875307083129883,9.961952209472656
0,0,0,0,48.53546142578125,31.875381469726562,9.961982727050781
0,0,0,0,48.5360107421875,31.87541961669922,9.962059020996094
0,0,0,0,48.53628921508789,31.875499725341797,9.962112426757812
0,0,0,0,48.53657913208008,31.87546730041504,9.962173461914062
0,0,0,0,48.536739349365234,31.87548065185547,9.962287902832031
0,0,0,0,48.5368537902832,31.875335693359375,9.962440490722656
0,0,0,0,48.53685760498047,31.875303268432617,9.962539672851562
0,0,0,0,48.536861419677734,31.87506103515625,9.962776184082031
0,0,0,0,48.53678512573242,31.874895095825195,9.962974548339844
0,0,0,0,48.536678314208984,31.874643325805664,9.963211059570312
0,0,0,0,48.53643798828125,31.874414443969727,9.96356201171875
0,0,0,0,48.536216735839844,31.87417221069336,9.963790893554688
0,0,0,0,48.53599548339844,31.873918533325195,9.9639892578125
0,0,0,0,48.53567886352539,31.873525619506836,9.964210510253906
0,0,0,0,48.53549575805664,31.873228073120117,9.964347839355469
0,0,0,0,48.535255432128906,31.8729305267334,9.964431762695312
0,0,0,0,48.53502655029297,31.872493743896484,9.9644775390625
0,0,0,0,48.53477478027344,31.872207641601562,9.964492797851562
0,0,0,0,48.53465270996094,31.87184715270996,9.964462280273438
0,0,0,0,48.534481048583984,31.87140655517578,9.96435546875
0,0,0,0,48.53446960449219,31.870956420898438,9.964241027832031
0,0,0,0,48.53443145751953,31.870630264282227,9.964164733886719
0,0,0,0,48.53455352783203,31.870073318481445,9.964118957519531
0,0,0,0,48.534664154052734,31.86969566345215,9.964088439941406
0,0,0,0,48.534889221191406,31.86922264099121,9.964088439941406
0,0,0,0,48.53520202636719,31.868703842163086,9.964164733886719
0,0,0,0,48.53545379638672,31.868255615234375,9.964279174804688
0,0,0,0,48.53571319580078,31.867877960205078,9.964447021484375
0,0,0,0,48.536094665527344,31.867385864257812,9.964729309082031
0,0,0,0,48.536407470703125,31.86705780029297,9.964950561523438
0,0,0,0,48.536685943603516,31.866703033447266,9.965225219726562
0,0,0,0,48.537132263183594,31.8662166595459,9.96563720703125
0,0,0,0,48.53740310668945,31.86587905883789,9.965927124023438
0,0,0,0,48.53773498535156,31.86548614501953,9.9661865234375
0,0,0,0,48.53809356689453,31.864990234375,9.966484069824219
0,0,0,0,48.538414001464844,31.86452293395996,9.966682434082031
0,0,0,0,48.538631439208984,31.864131927490234,9.966842651367188
0,0,0,0,48.539005279541016,31.86348533630371,9.966972351074219
0,0,0,0,48.53923034667969,31.863080978393555,9.967041015625
0,0,0,0,48.539512634277344,31.86260223388672,9.967109680175781
0,0,0,0,48.53981399536133,31.862131118774414,9.967155456542969
0,0,0,0,48.54004669189453,31.86172103881836,9.9671630859375
0,0,0,0,48.54019546508789,31.861400604248047,9.967117309570312
0,0,0,0,48.54035186767578,31.86094093322754,9.967018127441406
0,0,0,0,48.540435791015625,31.860694885253906,9.9669189453125
0,0,0,0,48.54049301147461,31.860410690307617,9.966804504394531
0,0,0,0,48.54062271118164,31.860082626342773,9.966629028320312
0,0,0,0,48.54068374633789,31.85982894897461,9.966484069824219
0,0,0,0,48.54077911376953,31.85967254638672,9.9664306640625
0,0,0,0,48.54085159301758,31.85940933227539,9.966339111328125
0,0,0,0,48.54097366333008,31.859130859375,9.966255187988281
0,0,0,0,48.541015625,31.858943939208984,9.966148376464844
0,0,0,0,48.5411491394043,31.85863494873047,9.965972900390625
0,0,0,0,48.54115676879883,31.858469009399414,9.965835571289062
0,0,0,0,48.541202545166016,31.858200073242188,9.965721130371094
0,0,0,0,48.541099548339844,31.85797882080078,9.965614318847656
0,0,0,0,48.540985107421875,31.85776710510254,9.965560913085938
0,0,0,0,48.54076385498047,31.857690811157227,9.965538024902344
0,0,0,0,48.54037094116211,31.85760498046875,9.965583801269531
0,0,0,0,48.539981842041016,31.857685089111328,9.965660095214844
0,0,0,0,48.539493560791016,31.85773468017578,9.965736389160156
0,0,0,0,48.53868865966797,31.857952117919922,9.965888977050781
0,0,0,0,48.53795623779297,31.858152389526367,9.966033935546875
0,0,0,0,48.53720474243164,31.858396530151367,9.966171264648438
0,0,0,0,48.535987854003906,31.858745574951172,9.96630859375
0,0,0,0,48.53505325317383,31.859020233154297,9.96636962890625
0,0,0,0,48.533992767333984,31.859365463256836,9.966346740722656
0,0,0,0,48.53256607055664,31.85984230041504,9.966217041015625
0,0,0,0,48.531368255615234,31.86027717590332,9.966041564941406
0,0,0,0,48.53023147583008,31.860639572143555,9.965789794921875
0,0,0,0,48.52853775024414,31.861312866210938,9.965370178222656
0,0,0,0,48.52729415893555,31.861738204956055,9.964996337890625
0,0,0,0,48.52555847167969,31.862415313720703,9.964424133300781
0,0,0,0,48.52426528930664,31.862869262695312,9.963966369628906
0,0,0,0,48.522987365722656,31.863426208496094,9.963478088378906
0,0,0,0,48.52137756347656,31.864137649536133,9.962799072265625
0,0,0,0,48.51987075805664,31.86492156982422,9.96209716796875
0,0,0,0,48.51908874511719,31.865360260009766,9.961753845214844
0,0,0,0,48.51762390136719,31.866283416748047,9.96112060546875
0,0,0,0,48.51649475097656,31.86703109741211,9.960678100585938
0,0,0,0,48.515464782714844,31.867719650268555,9.960250854492188
0,0,0,0,48.514060974121094,31.86865234375,9.959732055664062
0,0,0,0,48.51314163208008,31.869281768798828,9.959358215332031
0,0,0,0,48.51217269897461,31.86998176574707,9.959014892578125
0,0,0,0,48.511043548583984,31.870845794677734,9.958663940429688
0,0,0,0,48.51014709472656,31.87157440185547,9.958450317382812
0,0,0,0,48.509342193603516,31.872201919555664,9.958251953125
0,0,0,0,48.50823974609375,31.87312889099121,9.958030700683594
0,0,0,0,48.50748062133789,31.873703002929688,9.957870483398438
0,0,0,0,48.50672912597656,31.87433433532715,9.957687377929688
0,0,0,0,48.505821228027344,31.875019073486328,9.957427978515625
0,0,0,0,48.50520706176758,31.87551498413086,9.957221984863281
0,0,0,0,48.504615783691406,31.875911712646484,9.957015991210938
0,0,0,0,48.50391387939453,31.87652587890625,9.95672607421875
0,0,0,0,48.50346374511719,31.876983642578125,9.956466674804688
0,0,0,0,48.50315475463867,31.87740135192871,9.956192016601562
0,0,0,0,48.5027961730957,31.877912521362305,9.955764770507812
0,0,0,0,48.502662658691406,31.878231048583984,9.955421447753906
0,0,0,0,48.502525329589844,31.878585815429688,9.955085754394531
0,0,0,0,48.5025634765625,31.879005432128906,9.954681396484375
0,0,0,0,48.502593994140625,31.879379272460938,9.954452514648438
0,0,0,0,48.50274658203125,31.879655838012695,9.954292297363281
0,0,0,0,48.502899169921875,31.880115509033203,9.95416259765625
0,0,0,0,48.503116607666016,31.880403518676758,9.954147338867188
0,0,0,0,48.5032844543457,31.880815505981445,9.954200744628906
0,0,0,0,48.50357437133789,31.881288528442383,9.954414367675781
0,0,0,0,48.5037727355957,31.8817195892334,9.95465087890625
0,0,0,0,48.503997802734375,31.88212013244629,9.954948425292969
0,0,0,0,48.50428009033203,31.8828125,9.95538330078125
0,0,0,0,48.504512786865234,31.88332748413086,9.955741882324219
0,0,0,0,48.504817962646484,31.88388442993164,9.956092834472656
0,0,0,0,48.50522994995117,31.88469886779785,9.956581115722656
0,0,0,0,48.505592346191406,31.885330200195312,9.957008361816406
0,0,0,0,48.50587844848633,31.88597297668457,9.957443237304688
0,0,0,0,48.50630187988281,31.886789321899414,9.958038330078125
0,0,0,0,48.50651931762695,31.8874568939209,9.958480834960938
0,0,0,0,48.506771087646484,31.888032913208008,9.958892822265625
0,0,0,0,48.50693130493164,31.888870239257812,9.959426879882812
0,0,0,0,48.50710678100586,31.88941192626953,9.959831237792969
0,0,0,0,48.507198333740234,31.89000701904297,9.960212707519531
0,0,0,0,48.50740432739258,31.890634536743164,9.960678100585938
0,0,0,0,48.507545471191406,31.89118194580078,9.960975646972656
0,0,0,0,48.50774383544922,31.891647338867188,9.961280822753906
0,0,0,0,48.50794982910156,31.892370223999023,9.961723327636719
0,0,0,0,48.508094787597656,31.89281463623047,9.962059020996094
0,0,0,0,48.50825119018555,31.893251419067383,9.96240234375
0,0,0,0,48.50843048095703,31.893630981445312,9.962844848632812
0,0,0,0,48.50857925415039,31.893842697143555,9.963142395019531
0,0,0,0,48.5086669921875,31.89398765563965,9.963424682617188
0,0,0,0,48.508827209472656,31.894113540649414,9.963768005371094
0,0,0,0,48.50886154174805,31.894166946411133,9.963996887207031
0,0,0,0,48.508975982666016,31.89410972595215,9.964179992675781
0,0,0,0,48.509037017822266,31.894023895263672,9.964393615722656
0,0,0,0,48.509151458740234,31.893877029418945,9.964546203613281
0,0,0,0,48.509178161621094,31.893796920776367,9.964729309082031
0,0,0,0,48.50932693481445,31.893447875976562,9.965049743652344
0,0,0,0,48.50936508178711,31.89332389831543,9.965164184570312
0,0,0,0,48.50947189331055,31.893051147460938,9.96533203125
0,0,0,0,48.50952911376953,31.892824172973633,9.965583801269531
0,0,0,0,48.509578704833984,31.89255714416504,9.965766906738281
0,0,0,0,48.50959777832031,31.892330169677734,9.9659423828125
0,0,0,0,48.509613037109375,31.89189910888672,9.966178894042969
0,0,0,0,48.50962829589844,31.8916015625,9.966346740722656
0,0,0,0,48.50961685180664,31.891263961791992,9.966499328613281
0,0,0,0,48.509639739990234,31.890825271606445,9.966697692871094
0,0,0,0,48.509605407714844,31.890493392944336,9.966865539550781
0,0,0,0,48.509605407714844,31.889970779418945,9.967079162597656
0,0,0,0,48.50950622558594,31.889636993408203,9.967208862304688
0,0,0,0,48.50946044921875,31.889205932617188,9.967330932617188
0,0,0,0,48.50929641723633,31.888872146606445,9.967422485351562
0,0,0,0,48.5091438293457,31.888309478759766,9.967498779296875
0,0,0,0,48.50896072387695,31.88796615600586,9.967506408691406
0,0,0,0,48.508846282958984,31.887495040893555,9.967521667480469
0,0,0,0,48.50862503051758,31.886972427368164,9.967460632324219
0,0,0,0,48.50849533081055,31.88651466369629,9.967361450195312
0,0,0,0,48.5083122253418,31.886173248291016,9.967185974121094
0,0,0,0,48.508121490478516,31.885648727416992,9.96685791015625
0,0,0,0,48.50798416137695,31.885292053222656,9.966575622558594
0,0,0,0,48.50786590576172,31.8848934173584,9.966255187988281
0,0,0,0,48.507755279541016,31.88439178466797,9.965797424316406
0,0,0,0,48.507659912109375,31.88400650024414,9.965461730957031
0,0,0,0,48.507625579833984,31.88361167907715,9.965164184570312
0,0,0,0,48.507545471191406,31.883047103881836,9.964859008789062
0,0,0,0,48.50755310058594,31.882556915283203,9.964706420898438
0,0,0,0,48.50750732421875,31.8819637298584,9.964614868164062
0,0,0,0,48.50756072998047,31.881423950195312,9.964584350585938
0,0,0,0,48.507545471191406,31.880962371826172,9.964591979980469
0,0,0,0,48.50766372680664,31.880401611328125,9.96466064453125
0,0,0,0,48.5078010559082,31.87973403930664,9.964874267578125
0,0,0,0,48.50801467895508,31.879131317138672,9.965065002441406
0,0,0,0,48.50820541381836,31.878602981567383,9.965255737304688
0,0,0,0,48.508548736572266,31.877822875976562,9.965538024902344
0,0,0,0,48.508785247802734,31.877342224121094,9.96575927734375
0,0,0,0,48.5090446472168,31.876821517944336,9.965972900390625
0,0,0,0,48.50937271118164,31.876201629638672,9.96630859375
0,0,0,0,48.50960922241211,31.875682830810547,9.966590881347656
0,0,0,0,48.50990295410156,31.875225067138672,9.966903686523438
0,0,0,0,48.51026916503906,31.874629974365234,9.967361450195312
0,0,0,0,48.51057815551758,31.87417984008789,9.967735290527344
0,0,0,0,48.51079559326172,31.873760223388672,9.968116760253906
0,0,0,0,48.51119613647461,31.8731746673584,9.968597412109375
0,0,0,0,48.511436462402344,31.872798919677734,9.968948364257812
0,0,0,0,48.51176452636719,31.87232780456543,9.96929931640625
0,0,0,0,48.51207733154297,31.871814727783203,9.969734191894531
0,0,0,0,48.51238250732422,31.871360778808594,9.970039367675781
0,0,0,0,48.51262283325195,31.871015548706055,9.970321655273438
0,0,0,0,48.51301956176758,31.87044334411621,9.970680236816406
0,0,0,0,48.51327896118164,31.870080947875977,9.97088623046875
0,0,0,0,48.51362228393555,31.869525909423828,9.971138000488281
0,0,0,0,48.51386642456055,31.869144439697266,9.971305847167969
0,0,0,0,48.51405715942383,31.86870574951172,9.971443176269531
0,0,0,0,48.514286041259766,31.868146896362305,9.971580505371094
0,0,0,0,48.51439666748047,31.867746353149414,9.971664428710938
0,0,0,0,48.514549255371094,31.867347717285156,9.971771240234375
0,0,0,0,48.514617919921875,31.86697006225586,9.971931457519531
0,0,0,0,48.51469039916992,31.86651611328125,9.972213745117188
0,0,0,0,48.51466751098633,31.86625862121582,9.972465515136719
0,0,0,0,48.514739990234375,31.86589241027832,9.972877502441406
0,0,0,0,48.51468276977539,31.865739822387695,9.973236083984375
0,0,0,0,48.51464080810547,31.865535736083984,9.973655700683594
0,0,0,0,48.51447677612305,31.86542510986328,9.974128723144531
0,0,0,0,48.51433181762695,31.86519432067871,9.974884033203125
0,0,0,0,48.514163970947266,31.865131378173828,9.975440979003906
0,0,0,0,48.51406478881836,31.86497688293457,9.975982666015625
0,0,0,0,48.51386260986328,31.864910125732422,9.976699829101562
0,0,0,0,48.51373291015625,31.864816665649414,9.977180480957031
0,0,0,0,48.5135498046875,31.864805221557617,9.977622985839844
0,0,0,0,48.51331329345703,31.864652633666992,9.978172302246094
0,0,0,0,48.51316452026367,31.86454963684082,9.978538513183594
0,0,0,0,48.51301956176758,31.864397048950195,9.978858947753906
0,0,0,0,48.51288604736328,31.864261627197266,9.979179382324219
0,0,0,0,48.512760162353516,31.864173889160156,9.979347229003906
0,0,0,0,48.512733459472656,31.864057540893555,9.979507446289062
0,0,0,0,48.512718200683594,31.86398696899414,9.979690551757812
0,0,0,0,48.512840270996094,31.863901138305664,9.979827880859375
0,0,0,0,48.512908935546875,31.863927841186523,9.979942321777344
0,0,0,0,48.51313400268555,31.863832473754883,9.980064392089844
0,0,0,0,48.51329040527344,31.86385726928711,9.980140686035156
0,0,0,0,48.51359558105469,31.86379051208496,9.980216979980469
0,0,0,0,48.51401138305664,31.86377716064453,9.980392456054688
0,0,0,0,48.51445007324219,31.863676071166992,9.980514526367188
0,0,0,0,48.514892578125,31.863664627075195,9.980659484863281
0,0,0,0,48.51559829711914,31.86355972290039,9.980857849121094
0,0,0,0,48.51619338989258,31.863561630249023,9.980972290039062
0,0,0,0,48.51683807373047,31.863496780395508,9.981063842773438
0,0,0,0,48.51774978637695,31.863431930541992,9.98114013671875
0,0,0,0,48.518436431884766,31.86334991455078,9.981155395507812
0,0,0,0,48.519203186035156,31.86327362060547,9.981109619140625
0,0,0,0,48.52017593383789,31.8631649017334,9.980949401855469
0,0,0,0,48.52096939086914,31.863025665283203,9.98077392578125
0,0,0,0,48.52192306518555,31.862876892089844,9.980506896972656
0,0,0,0,48.52271270751953,31.8626766204834,9.980270385742188
0,0,0,0,48.52341079711914,31.86257553100586,9.980033874511719
0,0,0,0,48.524192810058594,31.862394332885742,9.979835510253906
0,0,0,0,48.52506637573242,31.862295150756836,9.979583740234375
0,0,0,0,48.52574920654297,31.86211395263672,9.979408264160156
0,0,0,0,48.526363372802734,31.86203956604004,9.979263305664062
0,0,0,0,48.52722930908203,31.86185646057129,9.979141235351562
0,0,0,0,48.527835845947266,31.861774444580078,9.97906494140625
0,0,0,0,48.52846145629883,31.86158561706543,9.978996276855469
0,0,0,0,48.52928924560547,31.861377716064453,9.978874206542969
0,0,0,0,48.52988815307617,31.861156463623047,9.978782653808594
0,0,0,0,48.530517578125,31.860971450805664,9.978683471679688
0,0,0,0,48.531349182128906,31.860679626464844,9.978530883789062
0,0,0,0,48.53205871582031,31.860395431518555,9.978408813476562
0,0,0,0,48.532711029052734,31.860092163085938,9.978248596191406
0,0,0,0,48.533668518066406,31.859649658203125,9.977996826171875
0,0,0,0,48.53428268432617,31.859344482421875,9.977783203125
0,0,0,0,48.53495407104492,31.858972549438477,9.977577209472656
0,0,0,0,48.53567886352539,31.8585262298584,9.977302551269531
0,0,0,0,48.53627014160156,31.858097076416016,9.977104187011719
0,0,0,0,48.53678512573242,31.857772827148438,9.976921081542969
0,0,0,0,48.53752136230469,31.857255935668945,9.976737976074219
0,0,0,0,48.538002014160156,31.856962203979492,9.976638793945312
0,0,0,0,48.53847122192383,31.85658836364746,9.976577758789062
0,0,0,0,48.53892517089844,31.856178283691406,9.976539611816406
0,0,0,0,48.53919982910156,31.855844497680664,9.976570129394531
0,0,0,0,48.539424896240234,31.8555965423584,9.976638793945312
0,0,0,0,48.53965759277344,31.85523223876953,9.976776123046875
0,0,0,0,48.539859771728516,31.854995727539062,9.976905822753906
0,0,0,0,48.539981842041016,31.854755401611328,9.977020263671875
0,0,0,0,48.540157318115234,31.854415893554688,9.977180480957031
0,0,0,0,48.540184020996094,31.854185104370117,9.977272033691406
0,0,0,0,48.54027557373047,31.853912353515625,9.977317810058594
0,0,0,0,48.54030227661133,31.853647232055664,9.977348327636719
0,0,0,0,48.540401458740234,31.85338020324707,9.977378845214844
0,0,0,0,48.5404167175293,31.853195190429688,9.977424621582031
0,0,0,0,48.54056930541992,31.85289192199707,9.977439880371094
0,0,0,0,48.540618896484375,31.852758407592773,9.977439880371094
0,0,0,0,48.54075241088867,31.85253143310547,9.977401733398438
0,0,0,0,48.540916442871094,31.852354049682617,9.977241516113281
0,0,0,0,48.54105758666992,31.85216522216797,9.977081298828125
0,0,0,0,48.5411376953125,31.85206413269043,9.976913452148438
0,0,0,0,48.541259765625,31.851858139038086,9.97662353515625
0,0,0,0,48.54134750366211,31.85179901123047,9.97637939453125
0,0,0,0,48.5413932800293,31.85176658630371,9.976142883300781
0,0,0,0,48.541481018066406,31.851837158203125,9.975791931152344
0,0,0,0,48.54148864746094,31.851951599121094,9.975532531738281
0,0,0,0,48.541534423828125,31.852069854736328,9.97528076171875
0,0,0,0,48.541526794433594,31.852306365966797,9.97491455078125
0,0,0,0,48.54159164428711,31.852453231811523,9.974601745605469
0,0,0,0,48.54156494140625,31.852720260620117,9.974296569824219
0,0,0,0,48.541629791259766,31.853004455566406,9.973876953125
0,0,0,0,48.541622161865234,31.85331916809082,9.973548889160156
0,0,0,0,48.541725158691406,31.853572845458984,9.973213195800781
0,0,0,0,48.54179382324219,31.854093551635742,9.972686767578125
0,0,0,0,48.541873931884766,31.854434967041016,9.972267150878906
0,0,0,0,48.54189682006836,31.854848861694336,9.971824645996094
0,0,0,0,48.541954040527344,31.85525131225586,9.971267700195312
0,0,0,0,48.54198455810547,31.855609893798828,9.970817565917969
0,0,0,0,48.54199981689453,31.855915069580078,9.970306396484375
0,0,0,0,48.542015075683594,31.856382369995117,9.969612121582031
0,0,0,0,48.541988372802734,31.856719970703125,9.969078063964844
0,0,0,0,48.54201126098633,31.857147216796875,9.968315124511719
0,0,0,0,48.54195022583008,31.85747718811035,9.967735290527344
0,0,0,0,48.5419921875,31.857744216918945,9.967132568359375
0,0,0,0,48.54195022583008,31.85807228088379,9.966514587402344
0,0,0,0,48.5419807434082,31.85845375061035,9.965744018554688
0,0,0,0,48.54192352294922,31.858806610107422,9.965194702148438
0,0,0,0,48.54194259643555,31.859027862548828,9.964683532714844
0,0,0,0,48.54182052612305,31.859424591064453,9.964012145996094
0,0,0,0,48.5417366027832,31.859657287597656,9.963569641113281
0,0,0,0,48.5415153503418,31.860008239746094,9.963142395019531
0,0,0,0,48.5412712097168,31.860393524169922,9.962547302246094
0,0,0,0,48.5410041809082,31.860780715942383,9.962127685546875
0,0,0,0,48.54072189331055,31.861103057861328,9.961708068847656
0,0,0,0,48.54029846191406,31.86159324645996,9.961128234863281
0,0,0,0,48.539798736572266,31.862106323242188,9.9605712890625
0,0,0,0,48.53956604003906,31.862367630004883,9.960319519042969
0,0,0,0,48.53900146484375,31.862876892089844,9.959785461425781
0,0,0,0,48.53861999511719,31.86326026916504,9.959381103515625
0,0,0,0,48.538169860839844,31.863670349121094,9.958946228027344
0,0,0,0,48.5376091003418,31.864246368408203,9.958351135253906
0,0,0,0,48.537109375,31.86474609375,9.957916259765625
0,0,0,0,48.53669357299805,31.865171432495117,9.957489013671875
0,0,0,0,48.53602981567383,31.865812301635742,9.956932067871094
0,0,0,0,48.535614013671875,31.866174697875977,9.956573486328125
0,0,0,0,48.53512191772461,31.86663246154785,9.956214904785156
0,0,0,0,48.53455352783203,31.867128372192383,9.955718994140625
0,0,0,0,48.53407287597656,31.867597579956055,9.955375671386719
0,0,0,0,48.53363037109375,31.86794662475586,9.955039978027344
0,0,0,0,48.53300094604492,31.868507385253906,9.954627990722656
0,0,0,0,48.532562255859375,31.868864059448242,9.954338073730469
0,0,0,0,48.53214645385742,31.869295120239258,9.954086303710938
0,0,0,0,48.531612396240234,31.86977767944336,9.95379638671875
0,0,0,0,48.53128433227539,31.870115280151367,9.953598022460938
0,0,0,0,48.530799865722656,31.870616912841797,9.953315734863281
0,0,0,0,48.530517578125,31.870925903320312,9.953117370605469
0,0,0,0,48.53018569946289,31.871280670166016,9.952911376953125
0,0,0,0,48.52994918823242,31.871591567993164,9.95269775390625
0,0,0,0,48.52955627441406,31.87211036682129,9.952430725097656
0,0,0,0,48.52940368652344,31.872425079345703,9.952232360839844
0,0,0,0,48.52920913696289,31.8728084564209,9.952049255371094
0,0,0,0,48.529090881347656,31.873247146606445,9.951881408691406
0,0,0,0,48.52897644042969,31.873689651489258,9.951774597167969
0,0,0,0,48.528953552246094,31.874046325683594,9.951667785644531
0,0,0,0,48.528907775878906,31.874637603759766,9.951560974121094
0,0,0,0,48.52887725830078,31.875028610229492,9.9515380859375
0,0,0,0,48.52880096435547,31.87554168701172,9.951576232910156
0,0,0,0,48.52872848510742,31.8760929107666,9.951713562011719
0,0,0,0,48.528648376464844,31.876554489135742,9.951835632324219
0,0,0,0,48.52850341796875,31.877002716064453,9.951980590820312
0,0,0,0,48.52833557128906,31.877647399902344,9.952224731445312
0,0,0,0,48.52817153930664,31.878122329711914,9.952438354492188
0,0,0,0,48.52806091308594,31.8785400390625,9.952644348144531
0,0,0,0,48.52785110473633,31.879135131835938,9.952903747558594
0,0,0,0,48.52778625488281,31.879526138305664,9.953109741210938
0,0,0,0,48.52762985229492,31.879995346069336,9.953315734863281
0,0,0,0,48.52748489379883,31.88054656982422,9.953628540039062
0,0,0,0,48.52728271484375,31.88104248046875,9.953887939453125
0,0,0,0,48.52716064453125,31.881418228149414,9.954185485839844
0,0,0,0,48.52693557739258,31.881946563720703,9.95458984375
0,0,0,0,48.5268440246582,31.882173538208008,9.954902648925781
0,0,0,0,48.52671432495117,31.882469177246094,9.955238342285156
0,0,0,0,48.52656936645508,31.882740020751953,9.955665588378906
0,0,0,0,48.52643585205078,31.88300323486328,9.955978393554688
0,0,0,0,48.526302337646484,31.883182525634766,9.956283569335938
0,0,0,0,48.526153564453125,31.88347053527832,9.956649780273438
0,0,0,0,48.52604293823242,31.883630752563477,9.95684814453125
0,0,0,0,48.5259895324707,31.8837890625,9.95697021484375
0,0,0,0,48.52586364746094,31.884002685546875,9.957038879394531
0,0,0,0,48.5258674621582,31.884035110473633,9.957038879394531
0,0,0,0,48.52578353881836,31.884153366088867,9.956985473632812
0,0,0,0,48.5257568359375,31.88424301147461,9.956863403320312
0,0,0,0,48.52565383911133,31.884368896484375,9.956741333007812
0,0,0,0,48.525611877441406,31.884397506713867,9.956619262695312
0,0,0,0,48.52544021606445,31.884553909301758,9.956451416015625
0,0,0,0,48.525352478027344,31.884626388549805,9.956314086914062
0,0,0,0,48.52518081665039,31.884817123413086,9.956199645996094
0,0,0,0,48.52500915527344,31.884963989257812,9.956092834472656
0,0,0,0,48.52486038208008,31.88515853881836,9.95599365234375
0,0,0,0,48.5247802734375,31.885269165039062,9.955863952636719
0,0,0,0,48.524658203125,31.885494232177734,9.955665588378906
0,0,0,0,48.52458572387695,31.88559913635254,9.955528259277344
0,0,0,0,48.52450942993164,31.8857364654541,9.955352783203125
0,0,0,0,48.52440643310547,31.885841369628906,9.955146789550781
0,0,0,0,48.524410247802734,31.885879516601562,9.955039978027344
0,0,0,0,48.52433395385742,31.88591766357422,9.954948425292969
0,0,0,0,48.524314880371094,31.885969161987305,9.954856872558594
0,0,0,0,48.52423095703125,31.886045455932617,9.954833984375
0,0,0,0,48.52423095703125,31.88605308532715,9.954818725585938
0,0,0,0,48.52413558959961,31.886186599731445,9.954788208007812
0,0,0,0,48.52409362792969,31.88621711730957,9.954742431640625
0,0,0,0,48.523921966552734,31.886367797851562,9.954666137695312
0,0,0,0,48.52376937866211,31.88645362854004,9.954559326171875
0,0,0,0,48.523590087890625,31.886619567871094,9.954452514648438
0,0,0,0,48.5234375,31.8867244720459,9.954322814941406
0,0,0,0,48.52314376831055,31.886964797973633,9.954071044921875
0,0,0,0,48.52293014526367,31.88711166381836,9.953842163085938
0,0,0,0,48.52271270751953,31.8873291015625,9.953582763671875
0,0,0,0,48.522315979003906,31.8875732421875,9.953102111816406
0,0,0,0,48.522178649902344,31.88764190673828,9.952903747558594
0,0,0,0,48.52177810668945,31.887807846069336,9.952529907226562
0,0,0,0,48.52154541015625,31.887861251831055,9.952278137207031
0,0,0,0,48.521240234375,31.887941360473633,9.952033996582031
0,0,0,0,48.520992279052734,31.887956619262695,9.951805114746094
0,0,0,0,48.52058410644531,31.88799476623535,9.9515380859375
0,0,0,0,48.520355224609375,31.887937545776367,9.951377868652344
0,0,0,0,48.52003479003906,31.887935638427734,9.951217651367188
0,0,0,0,48.51969909667969,31.887781143188477,9.951011657714844
0,0,0,0,48.51940155029297,31.887710571289062,9.950874328613281
0,0,0,0,48.51918411254883,31.887523651123047,9.950706481933594
0,0,0,0,48.51879119873047,31.887296676635742,9.950439453125
0,0,0,0,48.51849365234375,31.887004852294922,9.950202941894531
0,0,0,0,48.51814651489258,31.886762619018555,9.949966430664062
0,0,0,0,48.517704010009766,31.886293411254883,9.949653625488281
0,0,0,0,48.517391204833984,31.885948181152344,9.94940185546875
0,0,0,0,48.51704788208008,31.885515213012695,9.949195861816406
0,0,0,0,48.51655197143555,31.884889602661133,9.948944091796875
0,0,0,0,48.51609802246094,31.88438606262207,9.948822021484375
0,0,0,0,48.515716552734375,31.883819580078125,9.948745727539062
0,0,0,0,48.515167236328125,31.883014678955078,9.948738098144531
0,0,0,0,48.51482391357422,31.882343292236328,9.948776245117188
0,0,0,0,48.5143928527832,31.881765365600586,9.948837280273438
0,0,0,0,48.51390075683594,31.880868911743164,9.948974609375
0,0,0,0,48.51348114013672,31.88025665283203,9.949111938476562
0,0,0,0,48.51317596435547,31.879535675048828,9.949272155761719
0,0,0,0,48.5126953125,31.87866973876953,9.949546813964844
0,0,0,0,48.51242446899414,31.87795066833496,9.949775695800781
0,0,0,0,48.512107849121094,31.877334594726562,9.950027465820312
0,0,0,0,48.51175308227539,31.876380920410156,9.950401306152344
0,0,0,0,48.511451721191406,31.875728607177734,9.950721740722656
0,0,0,0,48.511138916015625,31.874998092651367,9.951057434082031
0,0,0,0,48.510711669921875,31.874082565307617,9.951545715332031
0,0,0,0,48.5103759765625,31.873376846313477,9.951934814453125
0,0,0,0,48.51005172729492,31.872692108154297,9.952354431152344
0,0,0,0,48.5095329284668,31.871715545654297,9.952926635742188
0,0,0,0,48.50918960571289,31.870927810668945,9.953338623046875
0,0,0,0,48.508785247802734,31.87019157409668,9.953727722167969
0,0,0,0,48.508304595947266,31.869159698486328,9.954208374023438
0,0,0,0,48.50786590576172,31.868478775024414,9.954536437988281
0,0,0,0,48.50753402709961,31.867725372314453,9.954872131347656
0,0,0,0,48.50702667236328,31.86687469482422,9.955307006835938
0,0,0,0,48.50672912597656,31.866159439086914,9.955604553222656
0,0,0,0,48.50638198852539,31.865591049194336,9.955863952636719
0,0,0,0,48.50604248046875,31.86480712890625,9.956184387207031
0,0,0,0,48.50580596923828,31.86437225341797,9.956398010253906
0,0,0,0,48.50566482543945,31.863924026489258,9.956588745117188
0,0,0,0,48.505531311035156,31.863492965698242,9.956771850585938
0,0,0,0,48.50544738769531,31.863218307495117,9.956863403320312
0,0,0,0,48.50543212890625,31.86296844482422,9.956924438476562
0,0,0,0,48.50543212890625,31.86286735534668,9.956924438476562
0,0,0,0,48.505523681640625,31.862770080566406,9.956886291503906
0,0,0,0,48.50558090209961,31.862703323364258,9.956832885742188
0,0,0,0,48.50570297241211,31.862628936767578,9.956748962402344
0,0,0,0,48.505741119384766,31.862627029418945,9.956695556640625
0,0,0,0,48.5058708190918,31.862560272216797,9.9566650390625
0,0,0,0,48.505943298339844,31.862545013427734,9.956626892089844
0,0,0,0,48.50611114501953,31.862464904785156,9.95660400390625
0,0,0,0,48.50621795654297,31.862470626831055,9.956581115722656
0,0,0,0,48.506500244140625,31.86239242553711,9.956588745117188
0,0,0,0,48.506690979003906,31.86243438720703,9.956626892089844
0,0,0,0,48.50695037841797,31.862342834472656,9.956657409667969
0,0,0,0,48.50727844238281,31.862293243408203,9.956687927246094
0,0,0,0,48.507530212402344,31.862199783325195,9.956733703613281
0,0,0,0,48.50777816772461,31.8621768951416,9.956779479980469
0,0,0,0,48.50812911987305,31.86208152770996,9.956855773925781
0,0,0,0,48.508426666259766,31.862045288085938,9.956901550292969
0,0,0,0,48.50868606567383,31.86199378967285,9.956939697265625
0,0,0,0,48.50912094116211,31.861949920654297,9.957015991210938
0,0,0,0,48.5093994140625,31.861955642700195,9.957107543945312
0,0,0,0,48.509735107421875,31.86197280883789,9.957191467285156
0,0,0,0,48.51005172729492,31.862091064453125,9.957344055175781
0,0,0,0,48.51033020019531,31.86211585998535,9.957496643066406
0,0,0,0,48.5104866027832,31.862215042114258,9.957656860351562
0,0,0,0,48.51080322265625,31.86223602294922,9.957901000976562
0,0,0,0,48.510986328125,31.86233901977539,9.958099365234375
0,0,0,0,48.51124954223633,31.862314224243164,9.958290100097656
0,0,0,0,48.511558532714844,31.86236000061035,9.958518981933594
0,0,0,0,48.51182174682617,31.862285614013672,9.958656311035156
0,0,0,0,48.5120849609375,31.862293243408203,9.958778381347656
0,0,0,0,48.51251983642578,31.86222267150879,9.958946228027344
0,0,0,0,48.512847900390625,31.862180709838867,9.959091186523438
0,0,0,0,48.51316833496094,31.862098693847656,9.959251403808594
0,0,0,0,48.513671875,31.862018585205078,9.95947265625
0,0,0,0,48.5140266418457,31.861970901489258,9.959640502929688
0,0,0,0,48.51445770263672,31.861909866333008,9.959831237792969
0,0,0,0,48.51496124267578,31.861867904663086,9.960067749023438
0,0,0,0,48.51538848876953,31.861764907836914,9.960243225097656
0,0,0,0,48.51572799682617,31.86173439025879,9.960426330566406
0,0,0,0,48.51626968383789,31.861608505249023,9.960731506347656
0,0,0,0,48.5166015625,31.861608505249023,9.960975646972656
0,0,0,0,48.51701736450195,31.861539840698242,9.961250305175781
0,0,0,0,48.5174560546875,31.861610412597656,9.961692810058594
0,0,0,0,48.517818450927734,31.86164093017578,9.962059020996094
0,0,0,0,48.51811981201172,31.861854553222656,9.962409973144531
0,0,0,0,48.5185546875,31.86207389831543,9.962913513183594
0,0,0,0,48.518836975097656,31.862335205078125,9.96331787109375
0,0,0,0,48.519100189208984,31.862564086914062,9.963760375976562
0,0,0,0,48.519378662109375,31.863006591796875,9.964447021484375
0,0,0,0,48.51955032348633,31.86333656311035,9.964981079101562
0,0,0,0,48.51976013183594,31.86370849609375,9.965530395507812
0,0,0,0,48.519954681396484,31.864227294921875,9.966331481933594
0,0,0,0,48.520103454589844,31.864595413208008,9.966949462890625
0,0,0,0,48.520164489746094,31.865022659301758,9.967575073242188
0,0,0,0,48.520328521728516,31.865570068359375,9.968414306640625
0,0,0,0,48.5203742980957,31.866043090820312,9.969047546386719
0,0,0,0,48.520484924316406,31.866432189941406,9.969696044921875
0,0,0,0,48.5205078125,31.86705780029297,9.970542907714844
0,0,0,0,48.520565032958984,31.867448806762695,9.971145629882812
0,0,0,0,48.52052307128906,31.867950439453125,9.971755981445312
0,0,0,0,48.520503997802734,31.8685359954834,9.972587585449219
0,0,0,0,48.52042007446289,31.86907196044922,9.973228454589844
0,0,0,0,48.5203742980957,31.869508743286133,9.973899841308594
0,0,0,0,48.52029037475586,31.870162963867188,9.974761962890625
0,0,0,0,48.52020263671875,31.870603561401367,9.975379943847656
0,0,0,0,48.520145416259766,31.871055603027344,9.976005554199219
0,0,0,0,48.52008056640625,31.87155532836914,9.976844787597656
0,0,0,0,48.520118713378906,31.871862411499023,9.977462768554688
0,0,0,0,48.52011489868164,31.872169494628906,9.978050231933594
0,0,0,0,48.520233154296875,31.87250518798828,9.978782653808594
0,0,0,0,48.52027893066406,31.872756958007812,9.979270935058594
0,0,0,0,48.52043533325195,31.872943878173828,9.97967529296875
0,0,0,0,48.52057647705078,31.873271942138672,9.980125427246094
0,0,0,0,48.520790100097656,31.87342071533203,9.98040771484375
0,0,0,0,48.52092742919922,31.873611450195312,9.980644226074219
0,0,0,0,48.521240234375,31.87372589111328,9.980827331542969
0,0,0,0,48.52145767211914,31.87388038635254,9.980857849121094
0,0,0,0,48.52176284790039,31.87391471862793,9.980819702148438
0,0,0,0,48.52218246459961,31.874069213867188,9.980720520019531
0,0,0,0,48.52256774902344,31.874080657958984,9.980613708496094
0,0,0,0,48.52294158935547,31.874130249023438,9.980522155761719
0,0,0,0,48.523521423339844,31.87417221069336,9.980491638183594
0,0,0,0,48.523780822753906,31.87417221069336,9.980506896972656
0,0,0,0,48.52412033081055,31.87418556213379,9.980560302734375
0,0,0,0,48.52463150024414,31.87421989440918,9.980674743652344
0,0,0,0,48.52495574951172,31.874282836914062,9.980758666992188
0,0,0,0,48.5253791809082,31.87431526184082,9.980857849121094
0,0,0,0,48.52585983276367,31.874404907226562,9.980964660644531
0,0,0,0,48.52629089355469,31.874420166015625,9.981025695800781
0,0,0,0,48.526615142822266,31.874561309814453,9.981094360351562
0,0,0,0,48.52714157104492,31.87466812133789,9.981170654296875
0,0,0,0,48.52745819091797,31.87482261657715,9.981224060058594
0,0,0,0,48.5278434753418,31.87485694885254,9.981254577636719
0,0,0,0,48.528297424316406,31.875041961669922,9.981239318847656
0,0,0,0,48.528724670410156,31.87513542175293,9.981201171875
0,0,0,0,48.52912902832031,31.875354766845703,9.981109619140625
0,0,0,0,48.5297737121582,31.875600814819336,9.981002807617188
0,0,0,0,48.53031539916992,31.875886917114258,9.980926513671875
0,0,0,0,48.530887603759766,31.876163482666016,9.980842590332031
0,0,0,0,48.53175735473633,31.876609802246094,9.980697631835938
0,0,0,0,48.53238296508789,31.87697982788086,9.980567932128906
0,0,0,0,48.5330810546875,31.87737274169922,9.980445861816406
0,0,0,0,48.53397750854492,31.877962112426758,9.98028564453125
0,0,0,0,48.53474044799805,31.87837028503418,9.980133056640625
0,0,0,0,48.53540802001953,31.878868103027344,9.979972839355469
0,0,0,0,48.536373138427734,31.879518508911133,9.979789733886719
0,0,0,0,48.5369873046875,31.880126953125,9.979660034179688
0,0,0,0,48.53766632080078,31.880651473999023,9.979560852050781
0,0,0,0,48.53841018676758,31.881515502929688,9.979438781738281
0,0,0,0,48.53899002075195,31.882131576538086,9.979324340820312
0,0,0,0,48.53946304321289,31.88288688659668,9.979194641113281
0,0,0,0,48.540077209472656,31.883737564086914,9.979011535644531
0,0,0,0,48.540443420410156,31.884395599365234,9.97882080078125
0,0,0,0,48.54070281982422,31.88498878479004,9.978584289550781
0,0,0,0,48.54092788696289,31.8858699798584,9.978218078613281
0,0,0,0,48.54100799560547,31.886503219604492,9.977897644042969
0,0,0,0,48.541053771972656,31.887216567993164,9.977531433105469
0,0,0,0,48.54096603393555,31.888452529907227,9.976875305175781
0,0,0,0,48.54094696044922,31.888896942138672,9.976585388183594
0,0,0,0,48.540794372558594,31.889629364013672,9.976104736328125
0,0,0,0,48.54062271118164,31.89054298400879,9.975440979003906
0,0,0,0,48.54037857055664,31.891250610351562,9.974929809570312
0,0,0,0,48.54018020629883,31.891817092895508,9.974418640136719
0,0,0,0,48.53976058959961,31.892642974853516,9.973670959472656
0,0,0,0,48.53947448730469,31.893129348754883,9.973106384277344
0,0,0,0,48.53908157348633,31.8936710357666,9.972511291503906
0,0,0,0,48.53861618041992,31.894227981567383,9.971672058105469
0,0,0,0,48.538230895996094,31.89472198486328,9.971023559570312
0,0,0,0,48.53786849975586,31.895139694213867,9.970390319824219
0,0,0,0,48.5373649597168,31.89577865600586,9.969528198242188
0,0,0,0,48.536930084228516,31.89616584777832,9.9688720703125
0,0,0,0,48.53646469116211,31.896562576293945,9.968223571777344
0,0,0,0,48.535831451416016,31.896974563598633,9.967414855957031
0,0,0,0,48.53539276123047,31.89723014831543,9.966903686523438
0,0,0,0,48.534873962402344,31.897417068481445,9.96649169921875
0,0,0,0,48.53425598144531,31.897571563720703,9.96600341796875
0,0,0,0,48.533714294433594,31.897682189941406,9.965713500976562
0,0,0,0,48.533233642578125,31.897708892822266,9.965484619140625
0,0,0,0,48.5324821472168,31.897775650024414,9.965293884277344
0,0,0,0,48.53193283081055,31.897727966308594,9.965217590332031
0,0,0,0,48.5312385559082,31.897777557373047,9.9652099609375
0,0,0,0,48.53035354614258,31.897781372070312,9.965309143066406
0,0,0,0,48.529640197753906,31.89785385131836,9.965446472167969
0,0,0,0,48.528968811035156,31.89777374267578,9.965583801269531
0,0,0,0,48.52800369262695,31.897716522216797,9.965805053710938
0,0,0,0,48.527313232421875,31.897581100463867,9.966056823730469
0,0,0,0,48.526615142822266,31.89748764038086,9.966392517089844
0,0,0,0,48.52568435668945,31.89724349975586,9.9669189453125
0,0,0,0,48.524986267089844,31.89699935913086,9.967323303222656
0,0,0,0,48.524295806884766,31.896644592285156,9.967742919921875
0,0,0,0,48.523475646972656,31.896156311035156,9.968269348144531
0,0,0,0,48.5228271484375,31.895774841308594,9.9686279296875
0,0,0,0,48.522125244140625,31.895145416259766,9.969070434570312
0,0,0,0,48.52158737182617,31.894718170166016,9.969352722167969
0,0,0,0,48.521183013916016,31.89419937133789,9.969589233398438
0,0,0,0,48.5207405090332,31.893754959106445,9.969779968261719
0,0,0,0,48.52033233642578,31.893033981323242,9.969993591308594
0,0,0,0,48.5200309753418,31.892562866210938,9.970069885253906
0,0,0,0,48.51986312866211,31.891971588134766,9.97003173828125
0,0,0,0,48.51967239379883,31.891273498535156,9.969856262207031
0,0,0,0,48.5196647644043,31.890666961669922,9.969680786132812
0,0,0,0,48.519683837890625,31.89015769958496,9.969459533691406
0,0,0,0,48.51980209350586,31.889406204223633,9.96905517578125
0,0,0,0,48.519962310791016,31.88892364501953,9.968673706054688
0,0,0,0,48.520145416259766,31.88839340209961,9.968254089355469
0,0,0,0,48.52046203613281,31.88776969909668,9.967658996582031
0,0,0,0,48.520687103271484,31.88736915588379,9.967185974121094
0,0,0,0,48.5209846496582,31.887027740478516,9.966705322265625
0,0,0,0,48.52131652832031,31.88666534423828,9.966072082519531
0,0,0,0,48.5216178894043,31.88640785217285,9.965576171875
0,0,0,0,48.521812438964844,31.886247634887695,9.965110778808594
0,0,0,0,48.52212905883789,31.886001586914062,9.964523315429688
0,0,0,0,48.522274017333984,31.885963439941406,9.964088439941406
0,0,0,0,48.5224723815918,31.88587188720703,9.963653564453125
0,0,0,0,48.52265167236328,31.88587760925293,9.963111877441406
0,0,0,0,48.5228385925293,31.88579559326172,9.962783813476562
0,0,0,0,48.5229377746582,31.885807037353516,9.962486267089844
0,0,0,0,48.52309036254883,31.885704040527344,9.962135314941406
0,0,0,0,48.52320861816406,31.885700225830078,9.961898803710938
0,0,0,0,48.52336883544922,31.885652542114258,9.961669921875
0,0,0,0,48.5235595703125,31.88568115234375,9.961318969726562
0,0,0,0,48.52369689941406,31.885662078857422,9.961051940917969
0,0,0,0,48.523868560791016,31.885650634765625,9.960792541503906
0,0,0,0,48.5240592956543,31.885570526123047,9.960456848144531
0,0,0,0,48.52421569824219,31.885448455810547,9.960189819335938
0,0,0,0,48.5242919921875,31.885356903076172,9.959892272949219
0,0,0,0,48.524452209472656,31.885208129882812,9.959480285644531
0,0,0,0,48.52449035644531,31.885162353515625,9.959159851074219
0,0,0,0,48.524600982666016,31.885061264038086,9.95880126953125
0,0,0,0,48.5246696472168,31.885019302368164,9.958251953125
0,0,0,0,48.52479934692383,31.884906768798828,9.957794189453125
0,0,0,0,48.52485656738281,31.884916305541992,9.957313537597656
0,0,0,0,48.52499008178711,31.884794235229492,9.9566650390625
0,0,0,0,48.525028228759766,31.884756088256836,9.956192016601562
0,0,0,0,48.52510070800781,31.884624481201172,9.955711364746094
0,0,0,0,48.5251350402832,31.884586334228516,9.955047607421875
0,0,0,0,48.525142669677734,31.884492874145508,9.954597473144531
0,0,0,0,48.52511215209961,31.884462356567383,9.954177856445312
0,0,0,0,48.525001525878906,31.884424209594727,9.95367431640625
0,0,0,0,48.524932861328125,31.884443283081055,9.953330993652344
0,0,0,0,48.524818420410156,31.884469985961914,9.953025817871094
0,0,0,0,48.52467346191406,31.884540557861328,9.95263671875
0,0,0,0,48.52451705932617,31.884672164916992,9.952369689941406
0,0,0,0,48.524436950683594,31.88475799560547,9.952102661132812
0,0,0,0,48.524234771728516,31.884937286376953,9.951812744140625
0,0,0,0,48.52417755126953,31.885009765625,9.951629638671875
0,0,0,0,48.524044036865234,31.885194778442383,9.951469421386719
0,0,0,0,48.52394104003906,31.88534164428711,9.95135498046875
0,0,0,0,48.523780822753906,31.885543823242188,9.95135498046875
0,0,0,0,48.523681640625,31.885644912719727,9.951431274414062
0,0,0,0,48.52351379394531,31.885887145996094,9.951629638671875
0,0,0,0,48.5234260559082,31.8859806060791,9.951835632324219
0,0,0,0,48.52328872680664,31.886096954345703,9.952156066894531
0,0,0,0,48.5232048034668,31.886137008666992,9.952423095703125
0,0,0,0,48.523197174072266,31.886104583740234,9.952796936035156
0,0,0,0,48.52315902709961,31.88606834411621,9.953018188476562
0,0,0,0,48.523155212402344,31.885921478271484,9.953544616699219
0,0,0,0,48.52307891845703,31.885801315307617,9.954002380371094
0,0,0,0,48.52305221557617,31.88553810119629,9.95465087890625
0,0,0,0,48.52296829223633,31.88536834716797,9.95513916015625
0,0,0,0,48.52295684814453,31.885082244873047,9.955619812011719
0,0,0,0,48.52290344238281,31.88486099243164,9.956100463867188
0,0,0,0,48.52293395996094,31.884441375732422,9.956710815429688
0,0,0,0,48.522865295410156,31.884185791015625,9.957168579101562
0,0,0,0,48.52287292480469,31.88369369506836,9.957809448242188
0,0,0,0,48.52280807495117,31.88338279724121,9.958267211914062
0,0,0,0,48.52274703979492,31.882978439331055,9.958724975585938
0,0,0,0,48.52265548706055,31.882633209228516,9.959190368652344
0,0,0,0,48.522579193115234,31.88205337524414,9.959800720214844
0,0,0,0,48.52250671386719,31.88166618347168,9.960296630859375
0,0,0,0,48.52240753173828,31.881187438964844,9.960807800292969
0,0,0,0,48.52232360839844,31.88058853149414,9.961471557617188
0,0,0,0,48.52220916748047,31.88015365600586,9.961944580078125
0,0,0,0,48.52212142944336,31.879741668701172,9.96240234375
0,0,0,0,48.52195739746094,31.879240036010742,9.962913513183594
0,0,0,0,48.52190017700195,31.87884521484375,9.9632568359375
0,0,0,0,48.52173614501953,31.878511428833008,9.963546752929688
0,0,0,0,48.52161407470703,31.87801742553711,9.963836669921875
0,0,0,0,48.52149200439453,31.87775230407715,9.964004516601562
0,0,0,0,48.52151870727539,31.87738037109375,9.96417236328125
0,0,0,0,48.52153015136719,31.876981735229492,9.964393615722656
0,0,0,0,48.521629333496094,31.876611709594727,9.964546203613281
0,0,0,0,48.52170944213867,31.876331329345703,9.964691162109375
0,0,0,0,48.521949768066406,31.87586212158203,9.964897155761719
0,0,0,0,48.52214813232422,31.875608444213867,9.965072631835938
0,0,0,0,48.52239227294922,31.87529182434082,9.965263366699219
0,0,0,0,48.52288818359375,31.874858856201172,9.965599060058594
0,0,0,0,48.523101806640625,31.87468719482422,9.965721130371094
0,0,0,0,48.5235481262207,31.874399185180664,9.965965270996094
0,0,0,0,48.5241813659668,31.874008178710938,9.966316223144531
0,0,0,0,48.524776458740234,31.87371063232422,9.96661376953125
0,0,0,0,48.5253791809082,31.87340545654297,9.966957092285156
0,0,0,0,48.526390075683594,31.872873306274414,9.96746826171875
0,0,0,0,48.527122497558594,31.872499465942383,9.967842102050781
0,0,0,0,48.52798843383789,31.87205696105957,9.968223571777344
0,0,0,0,48.52939987182617,31.871456146240234,9.968849182128906
0,0,0,0,48.53000259399414,31.871183395385742,9.969078063964844
0,0,0,0,48.53083419799805,31.87091064453125,9.96942138671875
0,0,0,0,48.53201675415039,31.870458602905273,9.969894409179688
0,0,0,0,48.5328483581543,31.87021827697754,9.970268249511719
0,0,0,0,48.533687591552734,31.869916915893555,9.970657348632812
0,0,0,0,48.534698486328125,31.869653701782227,9.971176147460938
0,0,0,0,48.53538513183594,31.86948013305664,9.971572875976562
0,0,0,0,48.53602981567383,31.869388580322266,9.971992492675781
0,0,0,0,48.536800384521484,31.869234085083008,9.972557067871094
0,0,0,0,48.53736877441406,31.8691463470459,9.9730224609375
0,0,0,0,48.53785705566406,31.869089126586914,9.973472595214844
0,0,0,0,48.538490295410156,31.869056701660156,9.974044799804688
0,0,0,0,48.53886795043945,31.869094848632812,9.97442626953125
0,0,0,0,48.53927993774414,31.869112014770508,9.974739074707031
0,0,0,0,48.53961944580078,31.869230270385742,9.975067138671875
0,0,0,0,48.539878845214844,31.86932373046875,9.975257873535156
0,0,0,0,48.540008544921875,31.869531631469727,9.975372314453125
0,0,0,0,48.54023742675781,31.869731903076172,9.975395202636719
0,0,0,0,48.540340423583984,31.869997024536133,9.975318908691406
0,0,0,0,48.54046630859375,31.870174407958984,9.975181579589844
0,0,0,0,48.54051971435547,31.870576858520508,9.974899291992188
0,0,0,0,48.54055404663086,31.870824813842773,9.97467041015625
0,0,0,0,48.54054641723633,31.87116813659668,9.974388122558594
0,0,0,0,48.54054260253906,31.87152671813965,9.973983764648438
0,0,0,0,48.540531158447266,31.871814727783203,9.973655700683594
0,0,0,0,48.54048156738281,31.87203598022461,9.973281860351562
0,0,0,0,48.540443420410156,31.872329711914062,9.972747802734375
0,0,0,0,48.54035568237305,31.87253189086914,9.972320556640625
0,0,0,0,48.540348052978516,31.8726806640625,9.971916198730469
0,0,0,0,48.54031753540039,31.872814178466797,9.971458435058594
0,0,0,0,48.540374755859375,31.872798919677734,9.971138000488281
0,0,0,0,48.540374755859375,31.872800827026367,9.970848083496094
0,0,0,0,48.54047393798828,31.87264633178711,9.970504760742188
0,0,0,0,48.54047393798828,31.872556686401367,9.970306396484375
0,0,0,0,48.54054260253906,31.872312545776367,9.970138549804688
0,0,0,0,48.540557861328125,31.872045516967773,9.969955444335938
0,0,0,0,48.54063415527344,31.871728897094727,9.969818115234375
0,0,0,0,48.54069519042969,31.871509552001953,9.969680786132812
0,0,0,0,48.54084014892578,31.871095657348633,9.96954345703125
0,0,0,0,48.54095458984375,31.870830535888672,9.969474792480469
0,0,0,0,48.54110336303711,31.870542526245117,9.969413757324219
0,0,0,0,48.54138946533203,31.87027931213379,9.969337463378906
0,0,0,0,48.54161071777344,31.870098114013672,9.969261169433594
0,0,0,0,48.54186248779297,31.86992835998535,9.969161987304688
0,0,0,0,48.54212188720703,31.869733810424805,9.968994140625
0,0,0,0,48.5423698425293,31.869579315185547,9.968879699707031
0,0,0,0,48.54253387451172,31.869508743286133,9.968757629394531
0,0,0,0,48.54280471801758,31.869396209716797,9.968574523925781
0,0,0,0,48.54289627075195,31.869415283203125,9.968482971191406
0,0,0,0,48.543052673339844,31.869403839111328,9.968421936035156
0,0,0,0,48.54309844970703,31.869590759277344,9.968360900878906
0,0,0,0,48.54311752319336,31.86967658996582,9.968315124511719
0,0,0,0,48.54304122924805,31.869882583618164,9.968276977539062
0,0,0,0,48.54298400878906,31.87006378173828,9.968208312988281
0,0,0,0,48.54289245605469,31.870248794555664,9.9681396484375
0,0,0,0,48.54283142089844,31.87032127380371,9.968101501464844
0,0,0,0,48.54273986816406,31.87047576904297,9.967994689941406
0,0,0,0,48.54265594482422,31.870540618896484,9.967880249023438
0,0,0,0,48.54257583618164,31.870634078979492,9.967750549316406
0,0,0,0,48.54240798950195,31.8707218170166,9.967544555664062
0,0,0,0,48.54234313964844,31.870807647705078,9.967414855957031
0,0,0,0,48.5422248840332,31.870935440063477,9.967277526855469
0,0,0,0,48.54216766357422,31.87106704711914,9.967094421386719
0,0,0,0,48.54206085205078,31.871227264404297,9.966964721679688
0,0,0,0,48.54206466674805,31.871307373046875,9.96685791015625
0,0,0,0,48.5419921875,31.871566772460938,9.96673583984375
0,0,0,0,48.542022705078125,31.8716983795166,9.966690063476562
0,0,0,0,48.54195785522461,31.87192153930664,9.966659545898438
0,0,0,0,48.5419807434082,31.872085571289062,9.966651916503906
0,0,0,0,48.5419807434082,31.872262954711914,9.966629028320312
0,0,0,0,48.542022705078125,31.872323989868164,9.966590881347656
0,0,0,0,48.542076110839844,31.872461318969727,9.966560363769531
0,0,0,0,48.54212188720703,31.872468948364258,9.966514587402344
0,0,0,0,48.54215621948242,31.872520446777344,9.9664306640625
0,0,0,0,48.542171478271484,31.872526168823242,9.966239929199219
0,0,0,0,48.542205810546875,31.87252426147461,9.966056823730469
0,0,0,0,48.54218673706055,31.87251853942871,9.965827941894531
0,0,0,0,48.54219055175781,31.872465133666992,9.965507507324219
0,0,0,0,48.54212188720703,31.872451782226562,9.965301513671875
0,0,0,0,48.54213333129883,31.872392654418945,9.965133666992188
0,0,0,0,48.54203796386719,31.872365951538086,9.964958190917969
0,0,0,0,48.54203796386719,31.87225914001465,9.964851379394531
0,0,0,0,48.54191207885742,31.87224578857422,9.964813232421875
0,0,0,0,48.54184341430664,31.87213134765625,9.964851379394531
0,0,0,0,48.54172897338867,31.87216567993164,9.964912414550781
0,0,0,0,48.54166030883789,31.87211799621582,9.965003967285156
0,0,0,0,48.54146194458008,31.872196197509766,9.9652099609375
0,0,0,0,48.54127883911133,31.87220573425293,9.965362548828125
0,0,0,0,48.54096221923828,31.872331619262695,9.965606689453125
0,0,0,0,48.540687561035156,31.872421264648438,9.965827941894531
0,0,0,0,48.540428161621094,31.872526168823242,9.966064453125
0,0,0,0,48.540138244628906,31.872600555419922,9.966270446777344
0,0,0,0,48.53977584838867,31.872772216796875,9.966506958007812
0,0,0,0,48.5394287109375,31.872896194458008,9.966712951660156
0,0,0,0,48.53915023803711,31.872982025146484,9.966964721679688
0,0,0,0,48.53868865966797,31.873132705688477,9.967330932617188
0,0,0,0,48.53839111328125,31.873212814331055,9.967658996582031
0,0,0,0,48.53797912597656,31.873353958129883,9.968025207519531
0,0,0,0,48.537540435791016,31.87345314025879,9.968544006347656
0,0,0,0,48.53715133666992,31.873641967773438,9.96893310546875
0,0,0,0,48.53679656982422,31.87371063232422,9.969306945800781
0,0,0,0,48.536170959472656,31.87386131286621,9.969795227050781
0,0,0,0,48.53571319580078,31.873899459838867,9.970146179199219
0,0,0,0,48.535213470458984,31.8740291595459,9.970466613769531
0,0,0,0,48.5345573425293,31.874074935913086,9.970832824707031
0,0,0,0,48.53404235839844,31.874113082885742,9.9710693359375
0,0,0,0,48.533538818359375,31.874073028564453,9.971290588378906
0,0,0,0,48.532928466796875,31.874065399169922,9.971511840820312
0,0,0,0,48.532447814941406,31.874013900756836,9.971641540527344
0,0,0,0,48.532020568847656,31.873991012573242,9.971725463867188
0,0,0,0,48.531394958496094,31.873950958251953,9.971778869628906
0,0,0,0,48.53099060058594,31.87388801574707,9.971778869628906
0,0,0,0,48.53050994873047,31.87387466430664,9.971763610839844
0,0,0,0,48.52997970581055,31.873804092407227,9.971710205078125
0,0,0,0,48.52952194213867,31.87389373779297,9.971633911132812
0,0,0,0,48.529170989990234,31.873903274536133,9.971534729003906
0,0,0,0,48.52865219116211,31.874021530151367,9.971366882324219
0,0,0,0,48.52837371826172,31.874061584472656,9.971221923828125
0,0,0,0,48.52806091308594,31.874216079711914,9.971046447753906
0,0,0,0,48.527774810791016,31.874324798583984,9.970771789550781
0,0,0,0,48.5275764465332,31.874500274658203,9.970558166503906
0,0,0,0,48.5274543762207,31.874622344970703,9.9703369140625
0,0,0,0,48.527374267578125,31.874942779541016,9.97003173828125
0,0,0,0,48.52735137939453,31.875167846679688,9.969795227050781
0,0,0,0,48.52738571166992,31.875463485717773,9.969558715820312
0,0,0,0,48.52745819091797,31.875843048095703,9.96923828125
0,0,0,0,48.52758026123047,31.87615203857422,9.968971252441406
0,0,0,0,48.52762985229492,31.876516342163086,9.968696594238281
0,0,0,0,48.527740478515625,31.87701988220215,9.968307495117188
0,0,0,0,48.52773666381836,31.87745475769043,9.967987060546875
0,0,0,0,48.52780532836914,31.877840042114258,9.967674255371094
0,0,0,0,48.52774429321289,31.878387451171875,9.967247009277344
0,0,0,0,48.527732849121094,31.878671646118164,9.966934204101562
0,0,0,0,48.527618408203125,31.879039764404297,9.966651916503906
0,0,0,0,48.52751541137695,31.879362106323242,9.966316223144531
0,0,0,0,48.52736282348633,31.879634857177734,9.966064453125
0,0,0,0,48.52724838256836,31.87979507446289,9.965805053710938
0,0,0,0,48.52702713012695,31.88010025024414,9.965461730957031
0,0,0,0,48.52687072753906,31.88023567199707,9.9652099609375
0,0,0,0,48.52671432495117,31.880401611328125,9.964950561523438
0,0,0,0,48.5265007019043,31.880542755126953,9.964576721191406
0,0,0,0,48.52635192871094,31.8806209564209,9.96429443359375
0,0,0,0,48.526161193847656,31.880678176879883,9.9639892578125
0,0,0,0,48.525970458984375,31.880704879760742,9.96356201171875
0,0,0,0,48.52578353881836,31.880725860595703,9.963203430175781
0,0,0,0,48.52564239501953,31.880582809448242,9.962738037109375
0,0,0,0,48.525474548339844,31.880525588989258,9.962409973144531
0,0,0,0,48.52537536621094,31.88037109375,9.962074279785156
0,0,0,0,48.52517318725586,31.880308151245117,9.961753845214844
0,0,0,0,48.52498245239258,31.88011932373047,9.96136474609375
0,0,0,0,48.52476119995117,31.88002586364746,9.96112060546875
0,0,0,0,48.52461624145508,31.87980842590332,9.960899353027344
0,0,0,0,48.52434539794922,31.87960433959961,9.960586547851562
0,0,0,0,48.52417755126953,31.879379272460938,9.960380554199219
0,0,0,0,48.52400207519531,31.879255294799805,9.960197448730469
0,0,0,0,48.5238151550293,31.87902069091797,9.959983825683594
0,0,0,0,48.523677825927734,31.878894805908203,9.959823608398438
0,0,0,0,48.523521423339844,31.878738403320312,9.959686279296875
0,0,0,0,48.523338317871094,31.87857437133789,9.959487915039062
0,0,0,0,48.52315139770508,31.87848472595215,9.959304809570312
0,0,0,0,48.523040771484375,31.87840461730957,9.959114074707031
0,0,0,0,48.52286148071289,31.87836265563965,9.958839416503906
0,0,0,0,48.52280044555664,31.878341674804688,9.958610534667969
0,0,0,0,48.52268600463867,31.878440856933594,9.958381652832031
0,0,0,0,48.52273178100586,31.878536224365234,9.9580078125
0,0,0,0,48.522735595703125,31.878690719604492,9.957710266113281
0,0,0,0,48.522830963134766,31.87875747680664,9.957412719726562
0,0,0,0,48.52289581298828,31.878955841064453,9.957023620605469
0,0,0,0,48.5230598449707,31.878982543945312,9.956741333007812
0,0,0,0,48.52321243286133,31.87906837463379,9.95648193359375
0,0,0,0,48.52351760864258,31.87906265258789,9.956199645996094
0,0,0,0,48.52374267578125,31.879127502441406,9.956001281738281
0,0,0,0,48.52397155761719,31.879119873046875,9.955818176269531
0,0,0,0,48.524288177490234,31.87919044494629,9.955574035644531
0,0,0,0,48.524478912353516,31.879243850708008,9.955375671386719
0,0,0,0,48.52470397949219,31.879316329956055,9.955184936523438
0,0,0,0,48.52492904663086,31.879404067993164,9.954963684082031
0,0,0,0,48.52516555786133,31.879470825195312,9.954841613769531
0,0,0,0,48.52531814575195,31.879602432250977,9.954727172851562
0,0,0,0,48.52556610107422,31.879777908325195,9.95458984375
0,0,0,0,48.525638580322266,31.880008697509766,9.954452514648438
0,0,0,0,48.52576446533203,31.88017463684082,9.954277038574219
0,0,0,0,48.52579116821289,31.8804874420166,9.953956604003906
0,0,0,0,48.52582931518555,31.8806209564209,9.953651428222656
0,0,0,0,48.5257568359375,31.88085174560547,9.953277587890625
0,0,0,0,48.52569580078125,31.88105010986328,9.952705383300781
0,0,0,0,48.525634765625,31.881261825561523,9.952201843261719
0,0,0,0,48.525604248046875,31.8813533782959,9.951644897460938
0,0,0,0,48.52553176879883,31.881555557250977,9.950881958007812
0,0,0,0,48.52547836303711,31.881664276123047,9.950309753417969
0,0,0,0,48.52546691894531,31.881820678710938,9.949714660644531
0,0,0,0,48.525474548339844,31.881990432739258,9.948890686035156
0,0,0,0,48.52556228637695,31.882089614868164,9.948318481445312
0,0,0,0,48.5256462097168,31.8822078704834,9.947807312011719
0,0,0,0,48.52592086791992,31.882402420043945,9.947196960449219
0,0,0,0,48.526092529296875,31.882640838623047,9.94677734375
0,0,0,0,48.526344299316406,31.882816314697266,9.946388244628906
0,0,0,0,48.52662658691406,31.88315200805664,9.945930480957031
0,0,0,0,48.526912689208984,31.883310317993164,9.945709228515625
0,0,0,0,48.52711868286133,31.883594512939453,9.945556640625
0,0,0,0,48.527469635009766,31.883869171142578,9.945404052734375
0,0,0,0,48.527652740478516,31.884197235107422,9.945304870605469
0,0,0,0,48.527835845947266,31.88443946838379,9.945236206054688
0,0,0,0,48.52797317504883,31.884851455688477,9.945243835449219
0,0,0,0,48.52805709838867,31.885133743286133,9.945304870605469
0,0,0,0,48.528076171875,31.885494232177734,9.945404052734375
0,0,0,0,48.52802658081055,31.885854721069336,9.945587158203125
0,0,0,0,48.52798080444336,31.886093139648438,9.94573974609375
0,0,0,0,48.52784729003906,31.88631248474121,9.945884704589844
0,0,0,0,48.527645111083984,31.886613845825195,9.946044921875
0,0,0,0,48.527374267578125,31.886842727661133,9.946151733398438
0,0,0,0,48.52716064453125,31.886960983276367,9.946243286132812
0,0,0,0,48.52678298950195,31.887155532836914,9.946388244628906
0,0,0,0,48.52656936645508,31.887170791625977,9.946525573730469
0,0,0,0,48.526275634765625,31.88719367980957,9.94671630859375
0,0,0,0,48.525962829589844,31.887006759643555,9.947036743164062
0,0,0,0,48.52566146850586,31.886882781982422,9.94732666015625
0,0,0,0,48.52537155151367,31.886503219604492,9.947784423828125
0,0,0,0,48.525146484375,31.88618278503418,9.948188781738281
0,0,0,0,48.52495193481445,31.88570213317871,9.948623657226562
0,0,0,0,48.524723052978516,31.885234832763672,9.949066162109375
0,0,0,0,48.52451705932617,31.88445472717285,9.949668884277344
0,0,0,0,48.52439498901367,31.883886337280273,9.950180053710938
0,0,0,0,48.524288177490234,31.88324737548828,9.950752258300781
0,0,0,0,48.524166107177734,31.882396697998047,9.95159912109375
0,0,0,0,48.5240592956543,31.88172149658203,9.952308654785156
0,0,0,0,48.52406311035156,31.8809814453125,9.953048706054688
0,0,0,0,48.52401351928711,31.879993438720703,9.954017639160156
0,0,0,0,48.524044036865234,31.87919044494629,9.954765319824219
0,0,0,0,48.52400207519531,31.87843132019043,9.95550537109375
0,0,0,0,48.52406311035156,31.877288818359375,9.956474304199219
0,0,0,0,48.524085998535156,31.8764705657959,9.95721435546875
0,0,0,0,48.52419662475586,31.875534057617188,9.957962036132812
0,0,0,0,48.52421951293945,31.87441635131836,9.958976745605469
0,0,0,0,48.52426528930664,31.87353515625,9.959739685058594
0,0,0,0,48.52424240112305,31.87276840209961,9.960502624511719
0,0,0,0,48.524261474609375,31.87168312072754,9.961532592773438
0,0,0,0,48.5242805480957,31.870929718017578,9.9622802734375
0,0,0,0,48.52433776855469,31.870136260986328,9.962997436523438
0,0,0,0,48.52442169189453,31.869205474853516,9.963943481445312
0,0,0,0,48.52444839477539,31.868492126464844,9.964637756347656
0,0,0,0,48.52452087402344,31.867794036865234,9.96533203125
0,0,0,0,48.524593353271484,31.866853713989258,9.966239929199219
0,0,0,0,48.524723052978516,31.866127014160156,9.9669189453125
0,0,0,0,48.524784088134766,31.86543846130371,9.967628479003906
0,0,0,0,48.52497100830078,31.86448860168457,9.96856689453125
0,0,0,0,48.52505111694336,31.86386489868164,9.969276428222656
0,0,0,0,48.525238037109375,31.86316680908203,9.970016479492188
0,0,0,0,48.52553939819336,31.862157821655273,9.9713134765625
0,0,0,0,48.52568817138672,31.861738204956055,9.971847534179688
0,0,0,0,48.525848388671875,31.86126708984375,9.972679138183594
0,0,0,0,48.52610397338867,31.86060333251953,9.973770141601562
0,0,0,0,48.52625274658203,31.8602352142334,9.974533081054688
0,0,0,0,48.52643585205078,31.8597469329834,9.975479125976562
0,0,0,0,48.52655792236328,31.859458923339844,9.976112365722656
0,0,0,0,48.526668548583984,31.859174728393555,9.976669311523438
0,0,0,0,48.526824951171875,31.858938217163086,9.977157592773438
0,0,0,0,48.5269889831543,31.858633041381836,9.977706909179688
0,0,0,0,48.52714538574219,31.858423233032227,9.978050231933594
0,0,0,0,48.527252197265625,31.858230590820312,9.97833251953125
0,0,0,0,48.527488708496094,31.85797691345215,9.978607177734375
0,0,0,0,48.52765655517578,31.857881546020508,9.978721618652344
0,0,0,0,48.52793884277344,31.857717514038086,9.978759765625
0,0,0,0,48.52824401855469,31.857566833496094,9.978729248046875
0,0,0,0,48.52853012084961,31.857383728027344,9.978652954101562
0,0,0,0,48.52872848510742,31.857303619384766,9.978553771972656
0,0,0,0,48.529052734375,31.85706329345703,9.978416442871094
0,0,0,0,48.52922821044922,31.85701560974121,9.978324890136719
0,0,0,0,48.52948760986328,31.85691261291504,9.978279113769531
0,0,0,0,48.52964401245117,31.856914520263672,9.978302001953125
0,0,0,0,48.5297737121582,31.85686492919922,9.978340148925781
0,0,0,0,48.529842376708984,31.856897354125977,9.978431701660156
0,0,0,0,48.529903411865234,31.85688018798828,9.978630065917969
0,0,0,0,48.529945373535156,31.856914520263672,9.978775024414062
0,0,0,0,48.529911041259766,31.856948852539062,9.978919982910156
0,0,0,0,48.52988052368164,31.857070922851562,9.979057312011719
0,0,0,0,48.52977752685547,31.857196807861328,9.979110717773438
0,0,0,0,48.52972412109375,31.85727882385254,9.979110717773438
0,0,0,0,48.52950668334961,31.857452392578125,9.978958129882812
0,0,0,0,48.52935028076172,31.857545852661133,9.978752136230469
0,0,0,0,48.52908706665039,31.85772705078125,9.978507995605469
0,0,0,0,48.528751373291016,31.857887268066406,9.978157043457031
0,0,0,0,48.52840042114258,31.858095169067383,9.977882385253906
0,0,0,0,48.52812194824219,31.858217239379883,9.97760009765625
0,0,0,0,48.527652740478516,31.858482360839844,9.977180480957031
0,0,0,0,48.5273323059082,31.85858154296875,9.976821899414062
0,0,0,0,48.526954650878906,31.858762741088867,9.976455688476562
0,0,0,0,48.5264778137207,31.85891342163086,9.976005554199219
0,0,0,0,48.52616882324219,31.859071731567383,9.975639343261719
0,0,0,0,48.52588653564453,31.859188079833984,9.97528076171875
0,0,0,0,48.52554702758789,31.85940170288086,9.974807739257812
0,0,0,0,48.525325775146484,31.859567642211914,9.974411010742188
0,0,0,0,48.52522277832031,31.8597354888916,9.974014282226562
0,0,0,0,48.52511978149414,31.859966278076172,9.973464965820312
0,0,0,0,48.52519226074219,31.860082626342773,9.9730224609375
0,0,0,0,48.52525329589844,31.860258102416992,9.972541809082031
0,0,0,0,48.5255126953125,31.860393524169922,9.971900939941406
0,0,0,0,48.52568817138672,31.860536575317383,9.971405029296875
0,0,0,0,48.5260009765625,31.860572814941406,9.970901489257812
0,0,0,0,48.52642059326172,31.86073112487793,9.970230102539062
0,0,0,0,48.526832580566406,31.86078643798828,9.969734191894531
0,0,0,0,48.52719497680664,31.860916137695312,9.96923828125
0,0,0,0,48.52775955200195,31.860929489135742,9.968597412109375
0,0,0,0,48.52819061279297,31.86100959777832,9.968147277832031
0,0,0,0,48.52864074707031,31.861013412475586,9.967765808105469
0,0,0,0,48.52924728393555,31.861055374145508,9.967353820800781
0,0,0,0,48.529685974121094,31.861032485961914,9.967071533203125
0,0,0,0,48.530189514160156,31.861034393310547,9.966781616210938
0,0,0,0,48.53082275390625,31.86104965209961,9.966423034667969
0,0,0,0,48.5313835144043,31.861103057861328,9.966140747070312
0,0,0,0,48.53187561035156,31.861186981201172,9.965873718261719
0,0,0,0,48.53265380859375,31.861299514770508,9.965507507324219
0,0,0,0,48.53315353393555,31.861448287963867,9.965187072753906
0,0,0,0,48.53389358520508,31.86155128479004,9.9647216796875
0,0,0,0,48.53435134887695,31.8616943359375,9.96429443359375
0,0,0,0,48.534828186035156,31.861736297607422,9.963829040527344
0,0,0,0,48.53518295288086,31.861892700195312,9.963340759277344
0,0,0,0,48.5356559753418,31.861970901489258,9.962692260742188
0,0,0,0,48.53594207763672,31.862102508544922,9.962226867675781
0,0,0,0,48.53620910644531,31.86212921142578,9.961807250976562
0,0,0,0,48.53646469116211,31.862215042114258,9.961288452148438
0,0,0,0,48.536617279052734,31.862226486206055,9.960922241210938
0,0,0,0,48.5367431640625,31.862300872802734,9.960601806640625
0,0,0,0,48.5368537902832,31.862354278564453,9.960227966308594
0,0,0,0,48.536930084228516,31.862333297729492,9.960136413574219
0,0,0,0,48.53691482543945,31.86233901977539,9.960075378417969
0,0,0,0,48.53693771362305,31.86235237121582,9.960090637207031
0,0,0,0,48.536842346191406,31.862430572509766,9.960136413574219
0,0,0,0,48.53679656982422,31.862459182739258,9.960212707519531
0,0,0,0,48.5366325378418,31.862592697143555,9.960319519042969
0,0,0,0,48.53657531738281,31.862619400024414,9.96044921875
0,0,0,0,48.536468505859375,31.86274528503418,9.960594177246094
0,0,0,0,48.53646469116211,31.862869262695312,9.960807800292969
0,0,0,0,48.53639221191406,31.86306381225586,9.960983276367188
0,0,0,0,48.536380767822266,31.8631534576416,9.961181640625
0,0,0,0,48.53636169433594,31.863399505615234,9.961402893066406
0,0,0,0,48.536376953125,31.863521575927734,9.961494445800781
0,0,0,0,48.53636169433594,31.863727569580078,9.961585998535156
0,0,0,0,48.53630065917969,31.863969802856445,9.961692810058594
0,0,0,0,48.536285400390625,31.864166259765625,9.961753845214844
0,0,0,0,48.53627014160156,31.864290237426758,9.961746215820312
0,0,0,0,48.53629684448242,31.86443328857422,9.961677551269531
0,0,0,0,48.5362548828125,31.864501953125,9.961601257324219
0,0,0,0,48.53630447387695,31.864477157592773,9.961509704589844
0,0,0,0,48.53630447387695,31.864425659179688,9.961341857910156
0,0,0,0,48.536407470703125,31.8642578125,9.961212158203125
0,0,0,0,48.536441802978516,31.8641300201416,9.961090087890625
0,0,0,0,48.536563873291016,31.86383056640625,9.960899353027344
0,0,0,0,48.53654861450195,31.86366081237793,9.960731506347656
0,0,0,0,48.53656768798828,31.863386154174805,9.960533142089844
0,0,0,0,48.53643035888672,31.8631591796875,9.960258483886719
0,0,0,0,48.536319732666016,31.862911224365234,9.960090637207031
0,0,0,0,48.536155700683594,31.862760543823242,9.959930419921875
0,0,0,0,48.53593444824219,31.862422943115234,9.959815979003906
0,0,0,0,48.5357551574707,31.86221694946289,9.959793090820312
0,0,0,0,48.535518646240234,31.861928939819336,9.95977783203125
0,0,0,0,48.5351448059082,31.8615665435791,9.959724426269531
0,0,0,0,48.53474807739258,31.861310958862305,9.95965576171875
0,0,0,0,48.53437805175781,31.86107063293457,9.959609985351562
0,0,0,0,48.53371047973633,31.860740661621094,9.959640502929688
0,0,0,0,48.533226013183594,31.86043930053711,9.959709167480469
0,0,0,0,48.532596588134766,31.860179901123047,9.959785461425781
0,0,0,0,48.531803131103516,31.859819412231445,9.959930419921875
0,0,0,0,48.531097412109375,31.859643936157227,9.960090637207031
0,0,0,0,48.53042221069336,31.859363555908203,9.960273742675781
0,0,0,0,48.52942657470703,31.859060287475586,9.960525512695312
0,0,0,0,48.52847671508789,31.85871124267578,9.960762023925781
0,0,0,0,48.52799606323242,31.858604431152344,9.960884094238281
0,0,0,0,48.52708053588867,31.858293533325195,9.961158752441406
0,0,0,0,48.52638626098633,31.85808563232422,9.961395263671875
0,0,0,0,48.525733947753906,31.857803344726562,9.961631774902344
0,0,0,0,48.52491760253906,31.857486724853516,9.961891174316406
0,0,0,0,48.52431106567383,31.857206344604492,9.9620361328125
0,0,0,0,48.523780822753906,31.856948852539062,9.962173461914062
0,0,0,0,48.523075103759766,31.856571197509766,9.96234130859375
0,0,0,0,48.522640228271484,31.856266021728516,9.962448120117188
0,0,0,0,48.52217102050781,31.85599136352539,9.9625244140625
0,0,0,0,48.52168273925781,31.855566024780273,9.962593078613281
0,0,0,0,48.52129364013672,31.855289459228516,9.962623596191406
0,0,0,0,48.52102279663086,31.854890823364258,9.962654113769531
0,0,0,0,48.52058792114258,31.85439682006836,9.962669372558594
0,0,0,0,48.52037048339844,31.85395050048828,9.962638854980469
0,0,0,0,48.52012252807617,31.853666305541992,9.962615966796875
0,0,0,0,48.519874572753906,31.853246688842773,9.962600708007812
0,0,0,0,48.519657135009766,31.853031158447266,9.96258544921875
0,0,0,0,48.51951217651367,31.852767944335938,9.962547302246094
0,0,0,0,48.51937484741211,31.852596282958984,9.962509155273438
0,0,0,0,48.5192985534668,31.85247039794922,9.962478637695312
0,0,0,0,48.51923370361328,31.852375030517578,9.962409973144531
0,0,0,0,48.51915740966797,31.852380752563477,9.962348937988281
0,0,0,0,48.51915740966797,31.852397918701172,9.962257385253906
0,0,0,0,48.519100189208984,31.85240364074707,9.962127685546875
0,0,0,0,48.5190544128418,31.852394104003906,9.961891174316406
0,0,0,0,48.5189323425293,31.852458953857422,9.961685180664062
0,0,0,0,48.51888656616211,31.852474212646484,9.961456298828125
0,0,0,0,48.51873779296875,31.852548599243164,9.96112060546875
0,0,0,0,48.518699645996094,31.852523803710938,9.960830688476562
0,0,0,0,48.518577575683594,31.852630615234375,9.960525512695312
0,0,0,0,48.51848602294922,31.85270118713379,9.960128784179688
0,0,0,0,48.518367767333984,31.852834701538086,9.9598388671875
0,0,0,0,48.518333435058594,31.852886199951172,9.959579467773438
0,0,0,0,48.51823043823242,31.853145599365234,9.959251403808594
0,0,0,0,48.51816177368164,31.85333824157715,9.959053039550781
0,0,0,0,48.5180778503418,31.853662490844727,9.958877563476562
0,0,0,0,48.51795196533203,31.85405921936035,9.958717346191406
0,0,0,0,48.51789093017578,31.854427337646484,9.9586181640625
0,0,0,0,48.51778030395508,31.85481834411621,9.95855712890625
0,0,0,0,48.517677307128906,31.855426788330078,9.958526611328125
0,0,0,0,48.517547607421875,31.85595703125,9.958503723144531
0,0,0,0,48.517520904541016,31.856443405151367,9.958473205566406
0,0,0,0,48.51739501953125,31.857139587402344,9.958412170410156
0,0,0,0,48.517364501953125,31.85761070251465,9.958351135253906
0,0,0,0,48.51719284057617,31.85835075378418,9.95819091796875
0,0,0,0,48.51713180541992,31.85884666442871,9.9580078125
0,0,0,0,48.51702880859375,31.859472274780273,9.957832336425781
0,0,0,0,48.51701736450195,31.859983444213867,9.957672119140625
0,0,0,0,48.51688003540039,31.860790252685547,9.957443237304688
0,0,0,0,48.51676940917969,31.86135482788086,9.957252502441406
0,0,0,0,48.516578674316406,31.862037658691406,9.95703125
0,0,0,0,48.51637268066406,31.862871170043945,9.956680297851562
0,0,0,0,48.516239166259766,31.863536834716797,9.956398010253906
0,0,0,0,48.51609802246094,31.864164352416992,9.956123352050781
0,0,0,0,48.5158805847168,31.865070343017578,9.955680847167969
0,0,0,0,48.515628814697266,31.865800857543945,9.955329895019531
0,0,0,0,48.515384674072266,31.866554260253906,9.954978942871094
0,0,0,0,48.514949798583984,31.86764144897461,9.954513549804688
0,0,0,0,48.514671325683594,31.868432998657227,9.954185485839844
0,0,0,0,48.51428985595703,31.869314193725586,9.953887939453125
0,0,0,0,48.513858795166016,31.87042236328125,9.953521728515625
0,0,0,0,48.51345443725586,31.871379852294922,9.953269958496094
0,0,0,0,48.513023376464844,31.872529983520508,9.952957153320312
0,0,0,0,48.5125617980957,31.873716354370117,9.952705383300781
0,0,0,0,48.51232147216797,31.874282836914062,9.952598571777344
0,0,0,0,48.51190185546875,31.875234603881836,9.952461242675781
0,0,0,0,48.511417388916016,31.876371383666992,9.952346801757812
0,0,0,0,48.51103973388672,31.877267837524414,9.952316284179688
0,0,0,0,48.51068878173828,31.878108978271484,9.952384948730469
0,0,0,0,48.51021194458008,31.879329681396484,9.952583312988281
0,0,0,0,48.50985336303711,31.88018226623535,9.952796936035156
0,0,0,0,48.50952911376953,31.88102149963379,9.953094482421875
0,0,0,0,48.50907897949219,31.8820858001709,9.95361328125
0,0,0,0,48.50882339477539,31.882858276367188,9.9541015625
0,0,0,0,48.508514404296875,31.883638381958008,9.954681396484375
0,0,0,0,48.50818634033203,31.884578704833984,9.955574035644531
0,0,0,0,48.50790023803711,31.88532257080078,9.956275939941406
0,0,0,0,48.50772476196289,31.885976791381836,9.957046508789062
0,0,0,0,48.50736618041992,31.886953353881836,9.958145141601562
0,0,0,0,48.50714874267578,31.88759994506836,9.959053039550781
0,0,0,0,48.5068473815918,31.888309478759766,9.959983825683594
0,0,0,0,48.50650405883789,31.889122009277344,9.961257934570312
0,0,0,0,48.50621032714844,31.889772415161133,9.962203979492188
0,0,0,0,48.505977630615234,31.890295028686523,9.963104248046875
0,0,0,0,48.50565719604492,31.891056060791016,9.964286804199219
0,0,0,0,48.505435943603516,31.891536712646484,9.965118408203125
0,0,0,0,48.505245208740234,31.89203643798828,9.965888977050781
0,0,0,0,48.504981994628906,31.892595291137695,9.966804504394531
0,0,0,0,48.504852294921875,31.89298439025879,9.967475891113281
0,0,0,0,48.50471496582031,31.89337730407715,9.968124389648438
0,0,0,0,48.504695892333984,31.893863677978516,9.968971252441406
0,0,0,0,48.504669189453125,31.894264221191406,9.969581604003906
0,0,0,0,48.504764556884766,31.89461326599121,9.970199584960938
0,0,0,0,48.5048713684082,31.89512825012207,9.970970153808594
0,0,0,0,48.50507736206055,31.895435333251953,9.971527099609375
0,0,0,0,48.50524139404297,31.89580726623535,9.972076416015625
0,0,0,0,48.505645751953125,31.896163940429688,9.972808837890625
0,0,0,0,48.50596618652344,31.896503448486328,9.973304748535156
0,0,0,0,48.506370544433594,31.89670753479004,9.9737548828125
0,0,0,0,48.50689697265625,31.897077560424805,9.974258422851562
0,0,0,0,48.50731658935547,31.897258758544922,9.974639892578125
0,0,0,0,48.50776672363281,31.897491455078125,9.975006103515625
0,0,0,0,48.50838851928711,31.897674560546875,9.975479125976562
0,0,0,0,48.50889587402344,31.89784049987793,9.975799560546875
0,0,0,0,48.50939178466797,31.89799690246582,9.97607421875
0,0,0,0,48.5101318359375,31.898235321044922,9.976364135742188
0,0,0,0,48.51066207885742,31.8984375,9.976547241210938
0,0,0,0,48.51127624511719,31.898632049560547,9.9766845703125
0,0,0,0,48.512020111083984,31.898929595947266,9.976806640625
0,0,0,0,48.512630462646484,31.899072647094727,9.97686767578125
0,0,0,0,48.51313018798828,31.899267196655273,9.976898193359375
0,0,0,0,48.5139045715332,31.89945411682129,9.976921081542969
0,0,0,0,48.51443099975586,31.89970588684082,9.9769287109375
0,0,0,0,48.51504898071289,31.899898529052734,9.976913452148438
0,0,0,0,48.51582717895508,31.900264739990234,9.976829528808594
0,0,0,0,48.51646041870117,31.900476455688477,9.976768493652344
0,0,0,0,48.517051696777344,31.900850296020508,9.976737976074219
0,0,0,0,48.51788330078125,31.901283264160156,9.97674560546875
0,0,0,0,48.51852035522461,31.901630401611328,9.976760864257812
0,0,0,0,48.519351959228516,31.9019832611084,9.976760864257812
0,0,0,0,48.52001953125,31.902191162109375,9.97674560546875
0,0,0,0,48.5206298828125,31.902387619018555,9.976707458496094
0,0,0,0,48.521488189697266,31.90252685546875,9.976615905761719
0,0,0,0,48.52205276489258,31.90262222290039,9.976524353027344
0,0,0,0,48.52268981933594,31.90260887145996,9.976402282714844
0,0,0,0,48.5234489440918,31.90265655517578,9.976165771484375
0,0,0,0,48.52410125732422,31.902599334716797,9.975959777832031
0,0,0,0,48.524627685546875,31.902618408203125,9.975723266601562
0,0,0,0,48.52538299560547,31.902498245239258,9.975379943847656
0,0,0,0,48.5258903503418,31.902484893798828,9.975135803222656
0,0,0,0,48.526432037353516,31.90236473083496,9.974899291992188
0,0,0,0,48.52706527709961,31.902250289916992,9.974540710449219
0,0,0,0,48.52751922607422,31.902029037475586,9.9742431640625
0,0,0,0,48.527950286865234,31.901813507080078,9.97393798828125
0,0,0,0,48.528472900390625,31.901430130004883,9.973587036132812
0,0,0,0,48.528839111328125,31.901165008544922,9.973365783691406
0,0,0,0,48.52913284301758,31.900888442993164,9.97314453125
0,0,0,0,48.529537200927734,31.90049934387207,9.972854614257812
0,0,0,0,48.52973937988281,31.90022087097168,9.972625732421875
0,0,0,0,48.52997589111328,31.899869918823242,9.972366333007812
0,0,0,0,48.5301399230957,31.899396896362305,9.972038269042969
0,0,0,0,48.530303955078125,31.898910522460938,9.9718017578125
0,0,0,0,48.53031921386719,31.89847183227539,9.971549987792969
0,0,0,0,48.53041076660156,31.89775276184082,9.971206665039062
0,0,0,0,48.53041458129883,31.897201538085938,9.970924377441406
0,0,0,0,48.53046417236328,31.896499633789062,9.970634460449219
0,0,0,0,48.53038024902344,31.89560890197754,9.970184326171875
0,0,0,0,48.53030776977539,31.894832611083984,9.969795227050781
0,0,0,0,48.530174255371094,31.89408302307129,9.969383239746094
0,0,0,0,48.529972076416016,31.892980575561523,9.968833923339844
0,0,0,0,48.529823303222656,31.89215660095215,9.968406677246094
0,0,0,0,48.5296745300293,31.8912410736084,9.967979431152344
0,0,0,0,48.529476165771484,31.889986038208008,9.967391967773438
0,0,0,0,48.529266357421875,31.889047622680664,9.966941833496094
0,0,0,0,48.529144287109375,31.888103485107422,9.966476440429688
0,0,0,0,48.52892303466797,31.886903762817383,9.965835571289062
0,0,0,0,48.52882766723633,31.885974884033203,9.965362548828125
0,0,0,0,48.528682708740234,31.88513946533203,9.964920043945312
0,0,0,0,48.52865982055664,31.883955001831055,9.964393615722656
0,0,0,0,48.52863311767578,31.883159637451172,9.964019775390625
0,0,0,0,48.52870559692383,31.88230323791504,9.963653564453125
0,0,0,0,48.52873611450195,31.881315231323242,9.9632568359375
0,0,0,0,48.52889633178711,31.880504608154297,9.963035583496094
0,0,0,0,48.52904510498047,31.879798889160156,9.962844848632812
0,0,0,0,48.52933883666992,31.878772735595703,9.962646484375
0,0,0,0,48.52958679199219,31.878110885620117,9.96258544921875
0,0,0,0,48.52988815307617,31.877431869506836,9.962600708007812
0,0,0,0,48.53036880493164,31.876615524291992,9.962738037109375
0,0,0,0,48.53073501586914,31.876035690307617,9.962890625
0,0,0,0,48.531158447265625,31.87549591064453,9.963088989257812
0,0,0,0,48.53169631958008,31.874813079833984,9.963394165039062
0,0,0,0,48.532188415527344,31.874340057373047,9.963661193847656
0,0,0,0,48.5326042175293,31.87395668029785,9.963897705078125
0,0,0,0,48.53321838378906,31.873437881469727,9.964187622070312
0,0,0,0,48.53361129760742,31.8731632232666,9.964332580566406
0,0,0,0,48.53407287597656,31.872854232788086,9.964424133300781
0,0,0,0,48.53456497192383,31.872617721557617,9.964485168457031
0,0,0,0,48.53495788574219,31.87242317199707,9.964462280273438
0,0,0,0,48.535240173339844,31.87236976623535,9.964385986328125
0,0,0,0,48.53564453125,31.872251510620117,9.964286804199219
0,0,0,0,48.53591537475586,31.87228012084961,9.964202880859375
0,0,0,0,48.5362548828125,31.87224006652832,9.964096069335938
0,0,0,0,48.536643981933594,31.872297286987305,9.963973999023438
0,0,0,0,48.536888122558594,31.872291564941406,9.963905334472656
0,0,0,0,48.537139892578125,31.872329711914062,9.963851928710938
0,0,0,0,48.5374870300293,31.87235450744629,9.963790893554688
0,0,0,0,48.53778076171875,31.872358322143555,9.963737487792969
0,0,0,0,48.53801727294922,31.87236976623535,9.963699340820312
0,0,0,0,48.538387298583984,31.87238883972168,9.963668823242188
0,0,0,0,48.53859329223633,31.872453689575195,9.963691711425781
0,0,0,0,48.53889083862305,31.872465133666992,9.963760375976562
0,0,0,0,48.53913497924805,31.872604370117188,9.963859558105469
0,0,0,0,48.53934860229492,31.872652053833008,9.963943481445312
0,0,0,0,48.539459228515625,31.87278938293457,9.964057922363281
0,0,0,0,48.53965759277344,31.872879028320312,9.964248657226562
0,0,0,0,48.53976821899414,31.873044967651367,9.964385986328125
0,0,0,0,48.53994369506836,31.87312889099121,9.964515686035156
0,0,0,0,48.540096282958984,31.87335968017578,9.964698791503906
0,0,0,0,48.540191650390625,31.873477935791016,9.964820861816406
0,0,0,0,48.54026794433594,31.873687744140625,9.964927673339844
0,0,0,0,48.540348052978516,31.873897552490234,9.96502685546875
0,0,0,0,48.54039001464844,31.87405776977539,9.965072631835938
0,0,0,0,48.54034423828125,31.874164581298828,9.965118408203125
0,0,0,0,48.540218353271484,31.8742733001709,9.965194702148438
0,0,0,0,48.53998947143555,31.874330520629883,9.96527099609375
0,0,0,0,48.53977584838867,31.87433624267578,9.965347290039062
0,0,0,0,48.539302825927734,31.8743896484375,9.965446472167969
0,0,0,0,48.53893280029297,31.87434959411621,9.965538024902344
0,0,0,0,48.53842544555664,31.874364852905273,9.965652465820312
0,0,0,0,48.53778076171875,31.874225616455078,9.965789794921875
0,0,0,0,48.53717803955078,31.874116897583008,9.965850830078125
0,0,0,0,48.536582946777344,31.873868942260742,9.965904235839844
0,0,0,0,48.535614013671875,31.873632431030273,9.965950012207031
0,0,0,0,48.534568786621094,31.87335968017578,9.965980529785156
0,0,0,0,48.53401565551758,31.873268127441406,9.965980529785156
0,0,0,0,48.53289031982422,31.87299346923828,9.965972900390625
0,0,0,0,48.53201675415039,31.872827529907227,9.965980529785156
0,0,0,0,48.53110122680664,31.872617721557617,9.965988159179688
0,0,0,0,48.5298957824707,31.872373580932617,9.96600341796875
0,0,0,0,48.52894973754883,31.872177124023438,9.966041564941406
0,0,0,0,48.528072357177734,31.871999740600586,9.966064453125
0,0,0,0,48.526817321777344,31.87187385559082,9.966171264648438
0,0,0,0,48.52593231201172,31.87177276611328,9.96630859375
0,0,0,0,48.52495193481445,31.87175750732422,9.966484069824219
0,0,0,0,48.523685455322266,31.871688842773438,9.966835021972656
0,0,0,0,48.52269744873047,31.871763229370117,9.967132568359375
0,0,0,0,48.521846771240234,31.871776580810547,9.967475891113281
0,0,0,0,48.52065658569336,31.871957778930664,9.967948913574219
0,0,0,0,48.519798278808594,31.87203598022461,9.968315124511719
0,0,0,0,48.51888656616211,31.87224006652832,9.968727111816406
0,0,0,0,48.51776123046875,31.872417449951172,9.969276428222656
0,0,0,0,48.51690673828125,31.872638702392578,9.969688415527344
0,0,0,0,48.51608657836914,31.872814178466797,9.970100402832031
0,0,0,0,48.51498031616211,31.87310218811035,9.970626831054688
0,0,0,0,48.51411437988281,31.873260498046875,9.971000671386719
0,0,0,0,48.51331329345703,31.87342071533203,9.971359252929688
0,0,0,0,48.512245178222656,31.873647689819336,9.971839904785156
0,0,0,0,48.511573791503906,31.87381362915039,9.97216796875
0,0,0,0,48.51090621948242,31.873992919921875,9.972496032714844
0,0,0,0,48.51020812988281,31.87411880493164,9.972892761230469
0,0,0,0,48.509681701660156,31.874238967895508,9.973167419433594
0,0,0,0,48.50931167602539,31.87423324584961,9.97344970703125
0,0,0,0,48.508819580078125,31.874296188354492,9.973831176757812
0,0,0,0,48.50855255126953,31.874225616455078,9.974105834960938
0,0,0,0,48.50828170776367,31.87420654296875,9.974380493164062
0,0,0,0,48.50802993774414,31.874027252197266,9.974754333496094
0,0,0,0,48.507843017578125,31.873929977416992,9.975044250488281
0,0,0,0,48.50774383544922,31.873695373535156,9.975318908691406
0,0,0,0,48.50762939453125,31.873416900634766,9.975700378417969
0,0,0,0,48.50752258300781,31.873126983642578,9.975975036621094
0,0,0,0,48.507450103759766,31.872886657714844,9.976242065429688
0,0,0,0,48.507362365722656,31.872493743896484,9.976547241210938
0,0,0,0,48.507328033447266,31.872175216674805,9.976722717285156
0,0,0,0,48.50726318359375,31.871850967407227,9.976814270019531
0,0,0,0,48.50728225708008,31.871395111083984,9.976852416992188
0,0,0,0,48.50724792480469,31.87112045288086,9.976860046386719
0,0,0,0,48.50727462768555,31.87082290649414,9.976844787597656
0,0,0,0,48.507198333740234,31.870582580566406,9.976814270019531
0,0,0,0,48.50722122192383,31.870389938354492,9.976814270019531
0,0,0,0,48.50717544555664,31.870346069335938,9.976837158203125
0,0,0,0,48.507225036621094,31.87022590637207,9.976898193359375
0,0,0,0,48.507225036621094,31.870250701904297,9.9769287109375
0,0,0,0,48.50727844238281,31.870243072509766,9.976943969726562
0,0,0,0,48.50727081298828,31.870431900024414,9.976959228515625
0,0,0,0,48.50728225708008,31.870567321777344,9.976966857910156
0,0,0,0,48.50728225708008,31.870784759521484,9.976943969726562
0,0,0,0,48.50723648071289,31.871057510375977,9.976875305175781
0,0,0,0,48.50720977783203,31.871301651000977,9.976791381835938
0,0,0,0,48.507110595703125,31.871538162231445,9.976699829101562
0,0,0,0,48.50705337524414,31.871912002563477,9.9765625
0,0,0,0,48.50697708129883,31.87222671508789,9.976493835449219
0,0,0,0,48.50698471069336,31.87249755859375,9.976425170898438
0,0,0,0,48.50693893432617,31.87288475036621,9.976356506347656
0,0,0,0,48.506988525390625,31.873098373413086,9.97625732421875
0,0,0,0,48.5069465637207,31.873367309570312,9.97613525390625
0,0,0,0,48.50697326660156,31.87358856201172,9.9759521484375
0,0,0,0,48.506961822509766,31.87380599975586,9.975776672363281
0,0,0,0,48.50705337524414,31.873878479003906,9.975555419921875
0,0,0,0,48.50712203979492,31.8740177154541,9.975204467773438
0,0,0,0,48.507198333740234,31.874004364013672,9.97491455078125
0,0,0,0,48.50720977783203,31.874042510986328,9.974647521972656
0,0,0,0,48.50725555419922,31.87391471862793,9.974281311035156
0,0,0,0,48.50726318359375,31.873817443847656,9.973983764648438
0,0,0,0,48.50725555419922,31.8736515045166,9.973686218261719
0,0,0,0,48.507240295410156,31.873470306396484,9.973304748535156
0,0,0,0,48.50717544555664,31.873319625854492,9.9730224609375
0,0,0,0,48.507144927978516,31.87318992614746,9.972740173339844
0,0,0,0,48.507022857666016,31.87305450439453,9.972373962402344
0,0,0,0,48.50699234008789,31.872888565063477,9.972114562988281
0,0,0,0,48.50688934326172,31.87278175354004,9.971839904785156
0,0,0,0,48.506874084472656,31.872602462768555,9.971488952636719
0,0,0,0,48.506813049316406,31.87254524230957,9.971206665039062
0,0,0,0,48.50686264038086,31.872417449951172,9.970939636230469
0,0,0,0,48.50682830810547,31.87237548828125,9.970558166503906
0,0,0,0,48.50687026977539,31.872257232666016,9.970268249511719
0,0,0,0,48.50687789916992,31.872209548950195,9.969978332519531
0,0,0,0,48.506988525390625,31.87201690673828,9.969612121582031
0,0,0,0,48.50712966918945,31.871868133544922,9.969230651855469
0,0,0,0,48.5071907043457,31.871767044067383,9.96905517578125
0,0,0,0,48.507328033447266,31.871604919433594,9.968704223632812
0,0,0,0,48.507415771484375,31.87143898010254,9.968437194824219
0,0,0,0,48.507572174072266,31.871299743652344,9.968154907226562
0,0,0,0,48.50779724121094,31.871091842651367,9.967727661132812
0,0,0,0,48.507999420166016,31.87091636657715,9.967353820800781
0,0,0,0,48.508121490478516,31.87078857421875,9.966934204101562
0,0,0,0,48.50837326049805,31.870542526245117,9.966323852539062
0,0,0,0,48.50849914550781,31.870420455932617,9.965850830078125
0,0,0,0,48.50869369506836,31.870193481445312,9.965370178222656
0,0,0,0,48.50883865356445,31.869966506958008,9.964797973632812
0,0,0,0,48.508975982666016,31.86970329284668,9.964431762695312
0,0,0,0,48.509029388427734,31.86956787109375,9.964088439941406
0,0,0,0,48.50922775268555,31.869300842285156,9.963661193847656
0,0,0,0,48.50937271118164,31.86920928955078,9.963386535644531
0,0,0,0,48.509578704833984,31.86907386779785,9.963157653808594
0,0,0,0,48.50984191894531,31.869060516357422,9.96295166015625
0,0,0,0,48.51005172729492,31.86904525756836,9.962867736816406
0,0,0,0,48.510276794433594,31.86910629272461,9.962867736816406
0,0,0,0,48.510581970214844,31.86916732788086,9.962928771972656
0,0,0,0,48.51084518432617,31.869264602661133,9.962989807128906
0,0,0,0,48.511016845703125,31.8693904876709,9.963088989257812
0,0,0,0,48.51131820678711,31.869592666625977,9.963241577148438
0,0,0,0,48.5114860534668,31.869768142700195,9.963333129882812
0,0,0,0,48.51174545288086,31.869903564453125,9.963401794433594
0,0,0,0,48.51199722290039,31.87016487121582,9.963478088378906
0,0,0,0,48.51227951049805,31.87029266357422,9.963531494140625
0,0,0,0,48.51252365112305,31.870529174804688,9.96356201171875
0,0,0,0,48.512969970703125,31.870765686035156,9.963645935058594
0,0,0,0,48.51325225830078,31.871061325073242,9.963737487792969
0,0,0,0,48.51360321044922,31.871257781982422,9.963836669921875
0,0,0,0,48.5140380859375,31.87160301208496,9.963935852050781
0,0,0,0,48.51439666748047,31.871734619140625,9.963996887207031
0,0,0,0,48.514739990234375,31.87188720703125,9.964042663574219
0,0,0,0,48.51522445678711,31.871950149536133,9.964035034179688
0,0,0,0,48.515625,31.87200164794922,9.964012145996094
0,0,0,0,48.515995025634766,31.871959686279297,9.963943481445312
0,0,0,0,48.516563415527344,31.871797561645508,9.963851928710938
0,0,0,0,48.51695251464844,31.87163734436035,9.963737487792969
0,0,0,0,48.517425537109375,31.871416091918945,9.963584899902344
0,0,0,0,48.51797103881836,31.871118545532227,9.963264465332031
0,0,0,0,48.51844787597656,31.87080192565918,9.962898254394531
0,0,0,0,48.51883316040039,31.870529174804688,9.962448120117188
0,0,0,0,48.51946258544922,31.870073318481445,9.961753845214844
0,0,0,0,48.51985549926758,31.869794845581055,9.961189270019531
0,0,0,0,48.52032470703125,31.86940574645996,9.960609436035156
0,0,0,0,48.5208854675293,31.86897850036621,9.959785461425781
0,0,0,0,48.52131271362305,31.868589401245117,9.959182739257812
0,0,0,0,48.521705627441406,31.8682804107666,9.958602905273438
0,0,0,0,48.52226638793945,31.86775779724121,9.957855224609375
0,0,0,0,48.52284622192383,31.867279052734375,9.957168579101562
0,0,0,0,48.52308654785156,31.867053985595703,9.95684814453125
0,0,0,0,48.52354431152344,31.866655349731445,9.956283569335938
0,0,0,0,48.52391052246094,31.8663387298584,9.955772399902344
0,0,0,0,48.52415466308594,31.86615753173828,9.955520629882812
0,0,0,0,48.52449035644531,31.86589241027832,9.955024719238281
0,0,0,0,48.524757385253906,31.865692138671875,9.954689025878906
0,0,0,0,48.5248908996582,31.865585327148438,9.954391479492188
0,0,0,0,48.525142669677734,31.865428924560547,9.954002380371094
0,0,0,0,48.52524185180664,31.865446090698242,9.953727722167969
0,0,0,0,48.52541732788086,31.86541175842285,9.953514099121094
0,0,0,0,48.52556610107422,31.86554527282715,9.953269958496094
0,0,0,0,48.52573776245117,31.865619659423828,9.953125
0,0,0,0,48.525856018066406,31.865835189819336,9.952987670898438
0,0,0,0,48.52604675292969,31.86604118347168,9.952827453613281
0,0,0,0,48.52614974975586,31.86626625061035,9.952766418457031
0,0,0,0,48.52627182006836,31.866426467895508,9.952781677246094
0,0,0,0,48.52651596069336,31.866764068603516,9.952835083007812
0,0,0,0,48.526710510253906,31.86699676513672,9.952934265136719
0,0,0,0,48.5269660949707,31.867225646972656,9.953071594238281
0,0,0,0,48.52731704711914,31.86747169494629,9.953285217285156
0,0,0,0,48.527671813964844,31.867631912231445,9.953445434570312
0,0,0,0,48.52798843383789,31.8678035736084,9.953598022460938
0,0,0,0,48.528499603271484,31.867908477783203,9.953811645507812
0,0,0,0,48.52884292602539,31.868013381958008,9.954002380371094
0,0,0,0,48.52928924560547,31.86802864074707,9.954200744628906
0,0,0,0,48.529815673828125,31.868051528930664,9.954490661621094
0,0,0,0,48.530311584472656,31.867900848388672,9.954742431640625
0,0,0,0,48.530757904052734,31.867769241333008,9.954986572265625
0,0,0,0,48.53145980834961,31.867389678955078,9.95526123046875
0,0,0,0,48.53193283081055,31.867151260375977,9.955459594726562
0,0,0,0,48.532447814941406,31.86680030822754,9.95562744140625
0,0,0,0,48.53309631347656,31.866409301757812,9.955810546875
0,0,0,0,48.53357696533203,31.866037368774414,9.955886840820312
0,0,0,0,48.53402328491211,31.865690231323242,9.955924987792969
0,0,0,0,48.53458786010742,31.86519432067871,9.955909729003906
0,0,0,0,48.53498077392578,31.864816665649414,9.95587158203125
0,0,0,0,48.535282135009766,31.8643856048584,9.955802917480469
0,0,0,0,48.5356330871582,31.863737106323242,9.9556884765625
0,0,0,0,48.53580093383789,31.863296508789062,9.955619812011719
0,0,0,0,48.53601837158203,31.862815856933594,9.955558776855469
0,0,0,0,48.5361328125,31.862201690673828,9.955474853515625
0,0,0,0,48.536231994628906,31.86166763305664,9.955436706542969
0,0,0,0,48.536190032958984,31.861251831054688,9.95538330078125
0,0,0,0,48.53616714477539,31.860595703125,9.955253601074219
0,0,0,0,48.53602600097656,31.860177993774414,9.95513916015625
0,0,0,0,48.53591537475586,31.859697341918945,9.955039978027344
0,0,0,0,48.53570556640625,31.85923194885254,9.95489501953125
0,0,0,0,48.53556823730469,31.85881996154785,9.954765319824219
0,0,0,0,48.53540802001953,31.858474731445312,9.954643249511719
0,0,0,0,48.53517532348633,31.857967376708984,9.954498291015625
0,0,0,0,48.53500747680664,31.85763168334961,9.954368591308594
0,0,0,0,48.534786224365234,31.857254028320312,9.954277038574219
0,0,0,0,48.53451156616211,31.85679054260254,9.954208374023438
0,0,0,0,48.53428268432617,31.856435775756836,9.9542236328125
0,0,0,0,48.53413009643555,31.856056213378906,9.954292297363281
0,0,0,0,48.5338134765625,31.855621337890625,9.954498291015625
0,0,0,0,48.53362274169922,31.855249404907227,9.954704284667969
0,0,0,0,48.5333137512207,31.854978561401367,9.954933166503906
0,0,0,0,48.53300094604492,31.854564666748047,9.955307006835938
0,0,0,0,48.53269958496094,31.854352951049805,9.955657958984375
0,0,0,0,48.5324821472168,31.854049682617188,9.956024169921875
0,0,0,0,48.532135009765625,31.8537540435791,9.956558227539062
0,0,0,0,48.531925201416016,31.853429794311523,9.957015991210938
0,0,0,0,48.53168487548828,31.85318946838379,9.957527160644531
0,0,0,0,48.53141784667969,31.852767944335938,9.958297729492188
0,0,0,0,48.53123474121094,31.852497100830078,9.95892333984375
0,0,0,0,48.53102111816406,31.852153778076172,9.959564208984375
0,0,0,0,48.53076934814453,31.85171127319336,9.960487365722656
0,0,0,0,48.53052520751953,31.851360321044922,9.96124267578125
0,0,0,0,48.530330657958984,31.850976943969727,9.962043762207031
0,0,0,0,48.53002166748047,31.850494384765625,9.963165283203125
0,0,0,0,48.52989196777344,31.85007095336914,9.964035034179688
0,0,0,0,48.52971649169922,31.8497314453125,9.964897155761719
0,0,0,0,48.52960968017578,31.84922218322754,9.966072082519531
0,0,0,0,48.529476165771484,31.848920822143555,9.966987609863281
0,0,0,0,48.52944564819336,31.84853172302246,9.967857360839844
0,0,0,0,48.52932357788086,31.848154067993164,9.968971252441406
0,0,0,0,48.52926254272461,31.847810745239258,9.969772338867188
0,0,0,0,48.52910232543945,31.847604751586914,9.97052001953125
0,0,0,0,48.5289306640625,31.847312927246094,9.971427917480469
0,0,0,0,48.528717041015625,31.84720802307129,9.9720458984375
0,0,0,0,48.52848434448242,31.8470516204834,9.972587585449219
0,0,0,0,48.52812957763672,31.84695816040039,9.973220825195312
0,0,0,0,48.52779769897461,31.846899032592773,9.973670959472656
0,0,0,0,48.52745056152344,31.846893310546875,9.974098205566406
0,0,0,0,48.52685546875,31.846912384033203,9.974639892578125
0,0,0,0,48.52647018432617,31.84699821472168,9.975013732910156
0,0,0,0,48.5259895324707,31.847118377685547,9.975418090820312
0,0,0,0,48.52539825439453,31.84725570678711,9.976005554199219
0,0,0,0,48.52486801147461,31.847448348999023,9.976478576660156
0,0,0,0,48.524410247802734,31.84760856628418,9.976966857910156
0,0,0,0,48.52370071411133,31.84792137145996,9.977653503417969
0,0,0,0,48.52323532104492,31.84807586669922,9.978195190429688
0,0,0,0,48.52269744873047,31.848302841186523,9.978767395019531
0,0,0,0,48.522098541259766,31.84846305847168,9.979568481445312
0,0,0,0,48.5216178894043,31.8486328125,9.980140686035156
0,0,0,0,48.52116394042969,31.84870147705078,9.980712890625
0,0,0,0,48.52052307128906,31.84890365600586,9.981430053710938
0,0,0,0,48.52007293701172,31.848976135253906,9.981910705566406
0,0,0,0,48.519630432128906,31.849084854125977,9.9822998046875
0,0,0,0,48.51905059814453,31.849164962768555,9.982688903808594
0,0,0,0,48.51866149902344,31.84922981262207,9.982879638671875
0,0,0,0,48.51824188232422,31.849321365356445,9.983039855957031
0,0,0,0,48.51778793334961,31.849485397338867,9.983154296875
0,0,0,0,48.517425537109375,31.849679946899414,9.983146667480469
0,0,0,0,48.5172004699707,31.84981918334961,9.983078002929688
0,0,0,0,48.51685333251953,31.850093841552734,9.982879638671875
0,0,0,0,48.51671600341797,31.850255966186523,9.982666015625
0,0,0,0,48.516536712646484,31.850513458251953,9.982421875
0,0,0,0,48.51644515991211,31.85077476501465,9.982070922851562
0,0,0,0,48.51633834838867,31.8510684967041,9.981796264648438
0,0,0,0,48.51628875732422,31.851276397705078,9.981475830078125
0,0,0,0,48.51616668701172,31.851661682128906,9.980926513671875
0,0,0,0,48.51607894897461,31.851850509643555,9.980438232421875
0,0,0,0,48.5159797668457,31.85208511352539,9.97991943359375
0,0,0,0,48.51586151123047,31.85226058959961,9.979156494140625
0,0,0,0,48.51580047607422,31.852434158325195,9.978530883789062
0,0,0,0,48.515724182128906,31.852596282958984,9.977890014648438
0,0,0,0,48.515689849853516,31.852842330932617,9.977020263671875
0,0,0,0,48.51563262939453,31.85301971435547,9.976409912109375
0,0,0,0,48.515655517578125,31.85318374633789,9.975830078125
0,0,0,0,48.51563262939453,31.85344696044922,9.97509765625
0,0,0,0,48.515682220458984,31.853572845458984,9.974571228027344
0,0,0,0,48.51563262939453,31.853742599487305,9.97406005859375
0,0,0,0,48.51566696166992,31.85386848449707,9.97344970703125
0,0,0,0,48.515594482421875,31.854055404663086,9.973052978515625
0,0,0,0,48.51557540893555,31.854124069213867,9.972686767578125
0,0,0,0,48.51542282104492,31.854345321655273,9.972328186035156
0,0,0,0,48.515323638916016,31.854450225830078,9.972145080566406
0,0,0,0,48.51517868041992,31.854616165161133,9.9720458984375
0,0,0,0,48.51504135131836,31.8547306060791,9.972015380859375
0,0,0,0,48.51493835449219,31.854888916015625,9.972076416015625
0,0,0,0,48.51484680175781,31.85500144958496,9.972206115722656
0,0,0,0,48.514739990234375,31.855249404907227,9.972457885742188
0,0,0,0,48.5146598815918,31.85542106628418,9.972694396972656
0,0,0,0,48.514644622802734,31.855607986450195,9.972946166992188
0,0,0,0,48.51456832885742,31.855886459350586,9.973274230957031
0,0,0,0,48.51457595825195,31.85609245300293,9.973503112792969
0,0,0,0,48.51450729370117,31.856346130371094,9.973739624023438
0,0,0,0,48.514434814453125,31.856666564941406,9.97406005859375
0,0,0,0,48.514259338378906,31.85699462890625,9.974250793457031
0,0,0,0,48.514163970947266,31.857255935668945,9.974395751953125
0,0,0,0,48.513916015625,31.857728958129883,9.974586486816406
0,0,0,0,48.5137825012207,31.85801124572754,9.974723815917969
0,0,0,0,48.513580322265625,31.858409881591797,9.974822998046875
0,0,0,0,48.51338195800781,31.858863830566406,9.974945068359375
0,0,0,0,48.51320266723633,31.85930633544922,9.975006103515625
0,0,0,0,48.513023376464844,31.859683990478516,9.97503662109375
0,0,0,0,48.512725830078125,31.860305786132812,9.975028991699219
0,0,0,0,48.51247787475586,31.860782623291016,9.974967956542969
0,0,0,0,48.51225280761719,31.861309051513672,9.974899291992188
0,0,0,0,48.511898040771484,31.861980438232422,9.974807739257812
0,0,0,0,48.51171112060547,31.862443923950195,9.974739074707031
0,0,0,0,48.51142120361328,31.862905502319336,9.974617004394531
0,0,0,0,48.51112365722656,31.863462448120117,9.974372863769531
0,0,0,0,48.51084518432617,31.863916397094727,9.974159240722656
0,0,0,0,48.51067352294922,31.864316940307617,9.97393798828125
0,0,0,0,48.51036071777344,31.86501693725586,9.97357177734375
0,0,0,0,48.51021194458008,31.865495681762695,9.973251342773438
0,0,0,0,48.50996780395508,31.866100311279297,9.972877502441406
0,0,0,0,48.50971603393555,31.86688804626465,9.972312927246094
0,0,0,0,48.509429931640625,31.86783218383789,9.971694946289062
0,0,0,0,48.5092658996582,31.8682918548584,9.971343994140625
0,0,0,0,48.50887680053711,31.869352340698242,9.970603942871094
0,0,0,0,48.50857925415039,31.870105743408203,9.970039367675781
0,0,0,0,48.50828552246094,31.870891571044922,9.969467163085938
0,0,0,0,48.50790023803711,31.87190055847168,9.968643188476562
0,0,0,0,48.50765609741211,31.872678756713867,9.967987060546875
0,0,0,0,48.507362365722656,31.873443603515625,9.96734619140625
0,0,0,0,48.50703430175781,31.87444305419922,9.966468811035156
0,0,0,0,48.50675964355469,31.875232696533203,9.965805053710938
0,0,0,0,48.506561279296875,31.87595558166504,9.965141296386719
0,0,0,0,48.50619888305664,31.876935958862305,9.964302062988281
0,0,0,0,48.50602340698242,31.87757682800293,9.96368408203125
0,0,0,0,48.50578308105469,31.878314971923828,9.963050842285156
0,0,0,0,48.50560760498047,31.8791561126709,9.962257385253906
0,0,0,0,48.50547409057617,31.879823684692383,9.961685180664062
0,0,0,0,48.50545883178711,31.88036346435547,9.961105346679688
0,0,0,0,48.50545883178711,31.881128311157227,9.960433959960938
0,0,0,0,48.505550384521484,31.881572723388672,9.960052490234375
0,0,0,0,48.505680084228516,31.882055282592773,9.959754943847656
0,0,0,0,48.505950927734375,31.88260841369629,9.959503173828125
0,0,0,0,48.506202697753906,31.883037567138672,9.959388732910156
0,0,0,0,48.5064582824707,31.88341522216797,9.959320068359375
0,0,0,0,48.50688934326172,31.883935928344727,9.959312438964844
0,0,0,0,48.50719451904297,31.884366989135742,9.9593505859375
0,0,0,0,48.50760269165039,31.884733200073242,9.959403991699219
0,0,0,0,48.50813293457031,31.885221481323242,9.959480285644531
0,0,0,0,48.50862503051758,31.885496139526367,9.959548950195312
0,0,0,0,48.509037017822266,31.885818481445312,9.959609985351562
0,0,0,0,48.509700775146484,31.88614845275879,9.959701538085938
0,0,0,0,48.510135650634766,31.88644790649414,9.959754943847656
0,0,0,0,48.51065444946289,31.88663101196289,9.959785461425781
0,0,0,0,48.51131057739258,31.886985778808594,9.959831237792969
0,0,0,0,48.511905670166016,31.887187957763672,9.959869384765625
0,0,0,0,48.51249313354492,31.88751792907715,9.959892272949219
0,0,0,0,48.513309478759766,31.887868881225586,9.959892272949219
0,0,0,0,48.513938903808594,31.888160705566406,9.959861755371094
0,0,0,0,48.51457977294922,31.888385772705078,9.959815979003906
0,0,0,0,48.51545333862305,31.88878059387207,9.959724426269531
0,0,0,0,48.51608657836914,31.889053344726562,9.959632873535156
0,0,0,0,48.51677322387695,31.889310836791992,9.959503173828125
0,0,0,0,48.51759338378906,31.88961410522461,9.959281921386719
0,0,0,0,48.51826095581055,31.889789581298828,9.959121704101562
0,0,0,0,48.51884841918945,31.889984130859375,9.958992004394531
0,0,0,0,48.51970291137695,31.890161514282227,9.958869934082031
0,0,0,0,48.520233154296875,31.890371322631836,9.958816528320312
0,0,0,0,48.52083969116211,31.8905086517334,9.958778381347656
0,0,0,0,48.52153015136719,31.890817642211914,9.958747863769531
0,0,0,0,48.522090911865234,31.8909969329834,9.958763122558594
0,0,0,0,48.5225715637207,31.891305923461914,9.958755493164062
0,0,0,0,48.52326202392578,31.89162826538086,9.958732604980469
0,0,0,0,48.52372741699219,31.8919677734375,9.958694458007812
0,0,0,0,48.52421188354492,31.892229080200195,9.958648681640625
0,0,0,0,48.52482604980469,31.892677307128906,9.958595275878906
0,0,0,0,48.52524948120117,31.892993927001953,9.958534240722656
0,0,0,0,48.52567672729492,31.89336395263672,9.958450317382812
0,0,0,0,48.52616500854492,31.893817901611328,9.958282470703125
0,0,0,0,48.52653884887695,31.894126892089844,9.958137512207031
0,0,0,0,48.52680206298828,31.89447021484375,9.957992553710938
0,0,0,0,48.52720260620117,31.894933700561523,9.957771301269531
0,0,0,0,48.52739715576172,31.895341873168945,9.957603454589844
0,0,0,0,48.52762985229492,31.8956356048584,9.957420349121094
0,0,0,0,48.52775955200195,31.89608383178711,9.957206726074219
0,0,0,0,48.52783203125,31.89631462097168,9.957054138183594
0,0,0,0,48.527767181396484,31.896604537963867,9.956924438476562
0,0,0,0,48.527713775634766,31.896812438964844,9.956787109375
0,0,0,0,48.5275764465332,31.896970748901367,9.956703186035156
0,0,0,0,48.52744674682617,31.896984100341797,9.956680297851562
0,0,0,0,48.527191162109375,31.897031784057617,9.956695556640625
0,0,0,0,48.52695846557617,31.896934509277344,9.956764221191406
0,0,0,0,48.5267219543457,31.89685821533203,9.956878662109375
0,0,0,0,48.52639389038086,31.896678924560547,9.957099914550781
0,0,0,0,48.526187896728516,31.896528244018555,9.957344055175781
0,0,0,0,48.52590560913086,31.89631462097168,9.957618713378906
0,0,0,0,48.52561950683594,31.895917892456055,9.958015441894531
0,0,0,0,48.52537155151367,31.89557647705078,9.9583740234375
0,0,0,0,48.525203704833984,31.895164489746094,9.958793640136719
0,0,0,0,48.5249137878418,31.894603729248047,9.959426879882812
0,0,0,0,48.5247917175293,31.8940486907959,9.95989990234375
0,0,0,0,48.52460479736328,31.8935489654541,9.960342407226562
0,0,0,0,48.524471282958984,31.89276123046875,9.960952758789062
0,0,0,0,48.524330139160156,31.89202117919922,9.961578369140625
0,0,0,0,48.524295806884766,31.891586303710938,9.961883544921875
0,0,0,0,48.524192810058594,31.890775680541992,9.962425231933594
0,0,0,0,48.52419662475586,31.890077590942383,9.962799072265625
0,0,0,0,48.52418518066406,31.88947868347168,9.963150024414062
0,0,0,0,48.524192810058594,31.88860321044922,9.963516235351562
0,0,0,0,48.524200439453125,31.887975692749023,9.963760375976562
0,0,0,0,48.52423858642578,31.887279510498047,9.963981628417969
0,0,0,0,48.524356842041016,31.886323928833008,9.964202880859375
0,0,0,0,48.52440643310547,31.885618209838867,9.96429443359375
0,0,0,0,48.5245361328125,31.884902954101562,9.964332580566406
0,0,0,0,48.524658203125,31.88397789001465,9.964317321777344
0,0,0,0,48.524845123291016,31.88324737548828,9.964256286621094
0,0,0,0,48.52498245239258,31.882610321044922,9.964134216308594
0,0,0,0,48.52532196044922,31.881698608398438,9.963935852050781
0,0,0,0,48.52555847167969,31.88109016418457,9.963768005371094
0,0,0,0,48.5258903503418,31.880416870117188,9.963577270507812
0,0,0,0,48.52622604370117,31.879655838012695,9.96331787109375
0,0,0,0,48.52656173706055,31.878997802734375,9.963119506835938
0,0,0,0,48.52684020996094,31.87841796875,9.962875366210938
0,0,0,0,48.52723693847656,31.877544403076172,9.962570190429688
0,0,0,0,48.52748107910156,31.876943588256836,9.962326049804688
0,0,0,0,48.527713775634766,31.87627410888672,9.962081909179688
0,0,0,0,48.52798080444336,31.875415802001953,9.961723327636719
0,0,0,0,48.52809524536133,31.874778747558594,9.961441040039062
0,0,0,0,48.528221130371094,31.874204635620117,9.961174011230469
0,0,0,0,48.528316497802734,31.873512268066406,9.960792541503906
0,0,0,0,48.5284538269043,31.872974395751953,9.960517883300781
0,0,0,0,48.52852249145508,31.87247085571289,9.960258483886719
0,0,0,0,48.52871322631836,31.87179946899414,9.959976196289062
0,0,0,0,48.52880096435547,31.871400833129883,9.959762573242188
0,0,0,0,48.52900314331055,31.870922088623047,9.95953369140625
0,0,0,0,48.52916717529297,31.870437622070312,9.959205627441406
0,0,0,0,48.529361724853516,31.87004852294922,9.958953857421875
0,0,0,0,48.52953338623047,31.869783401489258,9.958694458007812
0,0,0,0,48.52984619140625,31.86935043334961,9.958335876464844
0,0,0,0,48.530067443847656,31.86912727355957,9.958061218261719
0,0,0,0,48.53034591674805,31.868818283081055,9.957748413085938
0,0,0,0,48.53067398071289,31.868532180786133,9.957305908203125
0,0,0,0,48.530906677246094,31.868322372436523,9.956954956054688
0,0,0,0,48.531150817871094,31.868181228637695,9.956619262695312
0,0,0,0,48.53145217895508,31.867948532104492,9.956207275390625
0,0,0,0,48.53172302246094,31.867794036865234,9.955917358398438
0,0,0,0,48.531925201416016,31.86765480041504,9.955657958984375
0,0,0,0,48.53224563598633,31.867446899414062,9.955406188964844
0,0,0,0,48.53239822387695,31.86739158630371,9.955276489257812
0,0,0,0,48.53262710571289,31.867265701293945,9.955184936523438
0,0,0,0,48.532840728759766,31.867124557495117,9.955101013183594
0,0,0,0,48.533050537109375,31.866905212402344,9.955032348632812
0,0,0,0,48.533203125,31.86672019958496,9.95489501953125
0,0,0,0,48.53334045410156,31.866514205932617,9.954765319824219
0,0,0,0,48.53341293334961,31.86634635925293,9.954666137695312
0,0,0,0,48.533531188964844,31.866044998168945,9.954635620117188
0,0,0,0,48.533634185791016,31.865747451782227,9.954681396484375
0,0,0,0,48.53374099731445,31.865432739257812,9.954757690429688
0,0,0,0,48.53382110595703,31.865182876586914,9.954864501953125
0,0,0,0,48.53390121459961,31.86478614807129,9.955055236816406
0,0,0,0,48.53398513793945,31.864511489868164,9.955207824707031
0,0,0,0,48.53400421142578,31.86421775817871,9.955360412597656
0,0,0,0,48.534088134765625,31.863866806030273,9.955589294433594
0,0,0,0,48.53407287597656,31.86365509033203,9.955787658691406
0,0,0,0,48.53410720825195,31.86341094970703,9.955955505371094
0,0,0,0,48.53407669067383,31.863197326660156,9.956192016601562
0,0,0,0,48.53413772583008,31.863025665283203,9.956398010253906
0,0,0,0,48.53410720825195,31.862964630126953,9.95660400390625
0,0,0,0,48.534156799316406,31.862838745117188,9.956916809082031
0,0,0,0,48.53412628173828,31.862871170043945,9.957199096679688
0,0,0,0,48.5341682434082,31.862834930419922,9.957504272460938
0,0,0,0,48.53415298461914,31.862998962402344,9.957969665527344
0,0,0,0,48.5341682434082,31.863100051879883,9.958381652832031
0,0,0,0,48.53418731689453,31.863304138183594,9.958824157714844
0,0,0,0,48.53426742553711,31.863513946533203,9.959434509277344
0,0,0,0,48.53431701660156,31.86372947692871,9.959930419921875
0,0,0,0,48.534366607666016,31.86391258239746,9.960441589355469
0,0,0,0,48.53445816040039,31.86421012878418,9.961143493652344
0,0,0,0,48.53447723388672,31.864538192749023,9.961807250976562
0,0,0,0,48.5345344543457,31.864652633666992,9.962120056152344
0,0,0,0,48.534542083740234,31.864965438842773,9.962722778320312
0,0,0,0,48.53461456298828,31.86517333984375,9.963104248046875
0,0,0,0,48.5345458984375,31.86542510986328,9.963462829589844
0,0,0,0,48.53449249267578,31.86566162109375,9.963897705078125
0,0,0,0,48.53432083129883,31.865983963012695,9.96429443359375
0,0,0,0,48.53424835205078,31.866085052490234,9.964492797851562
0,0,0,0,48.53398132324219,31.86638641357422,9.964881896972656
0,0,0,0,48.53378677368164,31.86648941040039,9.965194702148438
0,0,0,0,48.533512115478516,31.866682052612305,9.965553283691406
0,0,0,0,48.53315353393555,31.866859436035156,9.966033935546875
0,0,0,0,48.53286361694336,31.867090225219727,9.966377258300781
0,0,0,0,48.532569885253906,31.867277145385742,9.966690063476562
0,0,0,0,48.53213882446289,31.867673873901367,9.967124938964844
0,0,0,0,48.531776428222656,31.86799430847168,9.967430114746094
0,0,0,0,48.531436920166016,31.868366241455078,9.967720031738281
0,0,0,0,48.530879974365234,31.86890411376953,9.968162536621094
0,0,0,0,48.530479431152344,31.86931610107422,9.968513488769531
0,0,0,0,48.52997970581055,31.869831085205078,9.968864440917969
0,0,0,0,48.52936553955078,31.870540618896484,9.969345092773438
0,0,0,0,48.52880096435547,31.871196746826172,9.969696044921875
0,0,0,0,48.52830505371094,31.871828079223633,9.970054626464844
0,0,0,0,48.527530670166016,31.872844696044922,9.970527648925781
0,0,0,0,48.527000427246094,31.87352752685547,9.970840454101562
0,0,0,0,48.52638244628906,31.87434196472168,9.971115112304688
0,0,0,0,48.52565002441406,31.8753719329834,9.971389770507812
0,0,0,0,48.52509689331055,31.876249313354492,9.971542358398438
0,0,0,0,48.52458190917969,31.877092361450195,9.971664428710938
0,0,0,0,48.523887634277344,31.878334045410156,9.971809387207031
0,0,0,0,48.52337646484375,31.879247665405273,9.971900939941406
0,0,0,0,48.522891998291016,31.880197525024414,9.97198486328125
0,0,0,0,48.52223205566406,31.88143539428711,9.9720458984375
0,0,0,0,48.52178192138672,31.882341384887695,9.972023010253906
0,0,0,0,48.52125549316406,31.883264541625977,9.971969604492188
0,0,0,0,48.520652770996094,31.884416580200195,9.971847534179688
0,0,0,0,48.52010726928711,31.88525390625,9.971755981445312
0,0,0,0,48.519630432128906,31.8859806060791,9.971649169921875
0,0,0,0,48.51893997192383,31.886930465698242,9.97149658203125
0,0,0,0,48.51850509643555,31.887502670288086,9.971382141113281
0,0,0,0,48.51797103881836,31.888113021850586,9.971267700195312
0,0,0,0,48.51736831665039,31.888687133789062,9.971153259277344
0,0,0,0,48.51689910888672,31.889122009277344,9.971046447753906
0,0,0,0,48.5164909362793,31.88937759399414,9.970939636230469
0,0,0,0,48.51588821411133,31.88973045349121,9.970794677734375
0,0,0,0,48.51546096801758,31.88985252380371,9.970695495605469
0,0,0,0,48.515071868896484,31.889978408813477,9.970603942871094
0,0,0,0,48.51463317871094,31.890043258666992,9.970466613769531
0,0,0,0,48.51438903808594,31.89007568359375,9.970382690429688
0,0,0,0,48.5141716003418,31.890056610107422,9.970306396484375
0,0,0,0,48.51405334472656,31.889978408813477,9.970176696777344
0,0,0,0,48.51398468017578,31.889877319335938,9.970054626464844
0,0,0,0,48.51403045654297,31.889713287353516,9.969894409179688
0,0,0,0,48.514102935791016,31.889467239379883,9.969612121582031
0,0,0,0,48.5142936706543,31.889179229736328,9.969375610351562
0,0,0,0,48.51445770263672,31.888957977294922,9.9691162109375
0,0,0,0,48.514854431152344,31.888513565063477,9.968757629394531
0,0,0,0,48.515132904052734,31.888248443603516,9.968490600585938
0,0,0,0,48.51552200317383,31.887928009033203,9.968254089355469
0,0,0,0,48.51598358154297,31.887710571289062,9.967994689941406
0,0,0,0,48.51640319824219,31.88750648498535,9.967826843261719
0,0,0,0,48.51682662963867,31.88743019104004,9.967674255371094
0,0,0,0,48.51742172241211,31.887285232543945,9.967536926269531
0,0,0,0,48.51787567138672,31.887248992919922,9.967437744140625
0,0,0,0,48.518310546875,31.88722038269043,9.967323303222656
0,0,0,0,48.51891326904297,31.887264251708984,9.967155456542969
0,0,0,0,48.51933670043945,31.887371063232422,9.967010498046875
0,0,0,0,48.519805908203125,31.88751983642578,9.966827392578125
0,0,0,0,48.52028274536133,31.887788772583008,9.966590881347656
0,0,0,0,48.52066421508789,31.887968063354492,9.966415405273438
0,0,0,0,48.52093505859375,31.888261795043945,9.966232299804688
0,0,0,0,48.5213508605957,31.888641357421875,9.965950012207031
0,0,0,0,48.52156448364258,31.889022827148438,9.965713500976562
0,0,0,0,48.52181625366211,31.889326095581055,9.965446472167969
0,0,0,0,48.52199935913086,31.889856338500977,9.965034484863281
0,0,0,0,48.52213668823242,31.890193939208984,9.964637756347656
0,0,0,0,48.522220611572266,31.890640258789062,9.964210510253906
0,0,0,0,48.52235794067383,31.89116859436035,9.963592529296875
0,0,0,0,48.522422790527344,31.891674041748047,9.96307373046875
0,0,0,0,48.522491455078125,31.892147064208984,9.962532043457031
0,0,0,0,48.52256393432617,31.892854690551758,9.961715698242188
0,0,0,0,48.522579193115234,31.89339256286621,9.961105346679688
0,0,0,0,48.52260971069336,31.893957138061523,9.96051025390625
0,0,0,0,48.52259063720703,31.894634246826172,9.95977783203125
0,0,0,0,48.522621154785156,31.895069122314453,9.959251403808594
0,0,0,0,48.52255630493164,31.895517349243164,9.958770751953125
0,0,0,0,48.52250289916992,31.896066665649414,9.958145141601562
0,0,0,0,48.52234649658203,31.896501541137695,9.957679748535156
0,0,0,0,48.52224349975586,31.896833419799805,9.957229614257812
0,0,0,0,48.52195358276367,31.89728355407715,9.9566650390625
0,0,0,0,48.52173614501953,31.897497177124023,9.95623779296875
0,0,0,0,48.521400451660156,31.897756576538086,9.955825805664062
0,0,0,0,48.521026611328125,31.8979434967041,9.955207824707031
0,0,0,0,48.52070999145508,31.89813232421875,9.954719543457031
0,0,0,0,48.520450592041016,31.898229598999023,9.954238891601562
0,0,0,0,48.520076751708984,31.898420333862305,9.953582763671875
0,0,0,0,48.519805908203125,31.89850425720215,9.953102111816406
0,0,0,0,48.519554138183594,31.898643493652344,9.952651977539062
0,0,0,0,48.51923370361328,31.898714065551758,9.952140808105469
0,0,0,0,48.51905822753906,31.89874839782715,9.951789855957031
0,0,0,0,48.51884460449219,31.898807525634766,9.951446533203125
0,0,0,0,48.518653869628906,31.89887237548828,9.951019287109375
0,0,0,0,48.518463134765625,31.898941040039062,9.95074462890625
0,0,0,0,48.518402099609375,31.898927688598633,9.950492858886719
0,0,0,0,48.51823425292969,31.89897918701172,9.950157165527344
0,0,0,0,48.51820373535156,31.898921966552734,9.949920654296875
0,0,0,0,48.51811218261719,31.898969650268555,9.949676513671875
0,0,0,0,48.51815414428711,31.89897918701172,9.949378967285156
0,0,0,0,48.518165588378906,31.899078369140625,9.949195861816406
0,0,0,0,48.51829147338867,31.899093627929688,9.949066162109375
0,0,0,0,48.518463134765625,31.899261474609375,9.948982238769531
0,0,0,0,48.51863479614258,31.899370193481445,9.948966979980469
0,0,0,0,48.518821716308594,31.89954948425293,9.948966979980469
0,0,0,0,48.51909637451172,31.899730682373047,9.948966979980469
0,0,0,0,48.519290924072266,31.899900436401367,9.948982238769531
0,0,0,0,48.519405364990234,31.900028228759766,9.948959350585938
0,0,0,0,48.519554138183594,31.900178909301758,9.948875427246094
0,0,0,0,48.51957321166992,31.900272369384766,9.94879150390625
0,0,0,0,48.51963424682617,31.900270462036133,9.948692321777344
0,0,0,0,48.519615173339844,31.900249481201172,9.948516845703125
0,0,0,0,48.51966857910156,31.90013313293457,9.948394775390625
0,0,0,0,48.51960754394531,31.900096893310547,9.948280334472656
0,0,0,0,48.51961898803711,31.899932861328125,9.948104858398438
0,0,0,0,48.51958465576172,31.899879455566406,9.947998046875
0,0,0,0,48.5196533203125,31.89967155456543,9.947914123535156
0,0,0,0,48.5196533203125,31.899442672729492,9.947799682617188
0,0,0,0,48.519683837890625,31.899154663085938,9.94769287109375
0,0,0,0,48.51968765258789,31.898921966552734,9.947586059570312
0,0,0,0,48.51970672607422,31.89846420288086,9.947471618652344
0,0,0,0,48.51970672607422,31.898122787475586,9.947441101074219
0,0,0,0,48.519649505615234,31.897687911987305,9.94744873046875
0,0,0,0,48.519535064697266,31.897092819213867,9.947502136230469
0,0,0,0,48.51940155029297,31.896608352661133,9.947593688964844
0,0,0,0,48.51934814453125,31.89608383178711,9.947708129882812
0,0,0,0,48.51918029785156,31.89535140991211,9.947860717773438
0,0,0,0,48.51909255981445,31.894739151000977,9.947982788085938
0,0,0,0,48.5189094543457,31.894187927246094,9.948127746582031
0,0,0,0,48.518795013427734,31.893388748168945,9.9483642578125
0,0,0,0,48.518653869628906,31.892864227294922,9.948562622070312
0,0,0,0,48.518592834472656,31.892236709594727,9.948814392089844
0,0,0,0,48.518470764160156,31.891572952270508,9.949180603027344
0,0,0,0,48.51845169067383,31.890981674194336,9.949501037597656
0,0,0,0,48.51838684082031,31.89048957824707,9.949851989746094
0,0,0,0,48.518436431884766,31.88974380493164,9.950340270996094
0,0,0,0,48.51847457885742,31.889244079589844,9.950714111328125
0,0,0,0,48.51852798461914,31.88866424560547,9.95111083984375
0,0,0,0,48.51860427856445,31.887943267822266,9.951667785644531
0,0,0,0,48.51864242553711,31.88737678527832,9.952079772949219
0,0,0,0,48.51872253417969,31.88686180114746,9.952522277832031
0,0,0,0,48.5188102722168,31.886219024658203,9.953140258789062
0,0,0,0,48.51895523071289,31.885770797729492,9.953643798828125
0,0,0,0,48.519065856933594,31.885412216186523,9.954200744628906
0,0,0,0,48.519386291503906,31.88496208190918,9.954971313476562
0,0,0,0,48.51959228515625,31.884767532348633,9.955574035644531
0,0,0,0,48.519935607910156,31.884544372558594,9.956222534179688
0,0,0,0,48.5203742980957,31.884366989135742,9.957122802734375
0,0,0,0,48.52079772949219,31.88416290283203,9.95782470703125
0,0,0,0,48.52116775512695,31.884061813354492,9.958534240722656
0,0,0,0,48.52174758911133,31.883859634399414,9.959449768066406
0,0,0,0,48.52227783203125,31.883689880371094,9.960311889648438
0,0,0,0,48.52253723144531,31.88357162475586,9.960739135742188
0,0,0,0,48.52306365966797,31.88344383239746,9.961570739746094
0,0,0,0,48.523399353027344,31.8832950592041,9.962165832519531
0,0,0,0,48.52370834350586,31.883180618286133,9.962738037109375
0,0,0,0,48.52410125732422,31.88295555114746,9.963424682617188
0,0,0,0,48.524444580078125,31.882761001586914,9.963836669921875
0,0,0,0,48.524715423583984,31.882577896118164,9.964164733886719
0,0,0,0,48.525150299072266,31.88237953186035,9.964523315429688
0,0,0,0,48.525367736816406,31.88231658935547,9.964729309082031
0,0,0,0,48.52562713623047,31.8821964263916,9.964866638183594
0,0,0,0,48.52581787109375,31.882139205932617,9.964981079101562
0,0,0,0,48.52598190307617,31.882049560546875,9.965072631835938
0,0,0,0,48.52600860595703,31.882049560546875,9.965141296386719
0,0,0,0,48.52607727050781,31.881919860839844,9.965156555175781
0,0,0,0,48.5260124206543,31.881898880004883,9.965126037597656
0,0,0,0,48.52598571777344,31.881790161132812,9.965065002441406
0,0,0,0,48.525814056396484,31.881704330444336,9.964950561523438
0,0,0,0,48.525630950927734,31.881547927856445,9.964859008789062
0,0,0,0,48.52538299560547,31.881484985351562,9.964767456054688
0,0,0,0,48.52500534057617,31.881317138671875,9.964691162109375
0,0,0,0,48.524715423583984,31.881200790405273,9.964645385742188
0,0,0,0,48.52437973022461,31.881053924560547,9.964622497558594
0,0,0,0,48.52399444580078,31.880887985229492,9.964584350585938
0,0,0,0,48.523624420166016,31.880794525146484,9.96453857421875
0,0,0,0,48.52334213256836,31.880678176879883,9.964485168457031
0,0,0,0,48.522926330566406,31.880584716796875,9.964454650878906
0,0,0,0,48.522708892822266,31.88045883178711,9.964454650878906
0,0,0,0,48.522430419921875,31.880409240722656,9.964485168457031
0,0,0,0,48.52216720581055,31.880216598510742,9.964530944824219
0,0,0,0,48.52192687988281,31.880146026611328,9.964607238769531
0,0,0,0,48.52180480957031,31.879955291748047,9.964714050292969
0,0,0,0,48.52161407470703,31.87984275817871,9.96484375
0,0,0,0,48.52159881591797,31.879695892333984,9.964935302734375
0,0,0,0,48.521610260009766,31.87961769104004,9.965049743652344
0,0,0,0,48.521732330322266,31.879371643066406,9.965202331542969
0,0,0,0,48.521888732910156,31.87921142578125,9.965301513671875
0,0,0,0,48.52204513549805,31.87900733947754,9.965354919433594
0,0,0,0,48.52229690551758,31.878761291503906,9.965385437011719
0,0,0,0,48.52247619628906,31.878562927246094,9.965423583984375
0,0,0,0,48.522735595703125,31.878368377685547,9.965461730957031
0,0,0,0,48.52303695678711,31.878129959106445,9.965522766113281
0,0,0,0,48.523338317871094,31.87784194946289,9.965599060058594
0,0,0,0,48.52353286743164,31.877580642700195,9.965675354003906
0,0,0,0,48.52389907836914,31.87712860107422,9.965766906738281
0,0,0,0,48.52406692504883,31.87683868408203,9.965835571289062
0,0,0,0,48.524288177490234,31.87644386291504,9.96588134765625
0,0,0,0,48.52444839477539,31.875961303710938,9.965927124023438
0,0,0,0,48.52462387084961,31.87542724609375,9.965911865234375
0,0,0,0,48.52474594116211,31.874935150146484,9.965873718261719
0,0,0,0,48.5249137878418,31.874156951904297,9.9658203125
0,0,0,0,48.52497100830078,31.873619079589844,9.965812683105469
0,0,0,0,48.5250244140625,31.87299346923828,9.965812683105469
0,0,0,0,48.52500915527344,31.872188568115234,9.965827941894531
0,0,0,0,48.52492904663086,31.871549606323242,9.965835571289062
0,0,0,0,48.52486038208008,31.870927810668945,9.965896606445312
0,0,0,0,48.52465057373047,31.870075225830078,9.966079711914062
0,0,0,0,48.524505615234375,31.869430541992188,9.966278076171875
0,0,0,0,48.52424240112305,31.868846893310547,9.966529846191406
0,0,0,0,48.52396011352539,31.868053436279297,9.966987609863281
0,0,0,0,48.523685455322266,31.8675537109375,9.967414855957031
0,0,0,0,48.523494720458984,31.86699676513672,9.967910766601562
0,0,0,0,48.52318572998047,31.86634635925293,9.9686279296875
0,0,0,0,48.523006439208984,31.865814208984375,9.969200134277344
0,0,0,0,48.522762298583984,31.865432739257812,9.969764709472656
0,0,0,0,48.5225715637207,31.86486053466797,9.970504760742188
0,0,0,0,48.52242660522461,31.86443328857422,9.971199035644531
0,0,0,0,48.52238464355469,31.86421012878418,9.971527099609375
0,0,0,0,48.52231216430664,31.863927841186523,9.972129821777344
0,0,0,0,48.52232360839844,31.863731384277344,9.972526550292969
0,0,0,0,48.52237319946289,31.86362075805664,9.972869873046875
0,0,0,0,48.52245330810547,31.86347198486328,9.973220825195312
0,0,0,0,48.522621154785156,31.8633975982666,9.973442077636719
0,0,0,0,48.52278518676758,31.863367080688477,9.973640441894531
0,0,0,0,48.523109436035156,31.863384246826172,9.973861694335938
0,0,0,0,48.523311614990234,31.86347007751465,9.974014282226562
0,0,0,0,48.52360534667969,31.863523483276367,9.974159240722656
0,0,0,0,48.52389144897461,31.86370277404785,9.97430419921875
0,0,0,0,48.52417755126953,31.86378288269043,9.974380493164062
0,0,0,0,48.524383544921875,31.86395835876465,9.974418640136719
0,0,0,0,48.52476119995117,31.864076614379883,9.974403381347656
0,0,0,0,48.52497100830078,31.864233016967773,9.974388122558594
0,0,0,0,48.525211334228516,31.864294052124023,9.974372863769531
0,0,0,0,48.52544021606445,31.86447525024414,9.974380493164062
0,0,0,0,48.52564239501953,31.864524841308594,9.974349975585938
0,0,0,0,48.52582931518555,31.864606857299805,9.97430419921875
0,0,0,0,48.52607345581055,31.86457061767578,9.974212646484375
0,0,0,0,48.52626037597656,31.86455726623535,9.974143981933594
0,0,0,0,48.526432037353516,31.864534378051758,9.974082946777344
0,0,0,0,48.526702880859375,31.864564895629883,9.974037170410156
0,0,0,0,48.5268440246582,31.864606857299805,9.974014282226562
0,0,0,0,48.527042388916016,31.86459732055664,9.974014282226562
0,0,0,0,48.52719497680664,31.864654541015625,9.974029541015625
0,0,0,0,48.527347564697266,31.864646911621094,9.97406005859375
0,0,0,0,48.527408599853516,31.864734649658203,9.974090576171875
0,0,0,0,48.527549743652344,31.864742279052734,9.974174499511719
0,0,0,0,48.52755355834961,31.864782333374023,9.974281311035156
0,0,0,0,48.527626037597656,31.864700317382812,9.974418640136719
0,0,0,0,48.527610778808594,31.86466407775879,9.974624633789062
0,0,0,0,48.527626037597656,31.864547729492188,9.97479248046875
0,0,0,0,48.527591705322266,31.8644962310791,9.974967956542969
0,0,0,0,48.52756118774414,31.864336013793945,9.97528076171875
0,0,0,0,48.52751922607422,31.86427116394043,9.975578308105469
0,0,0,0,48.52749252319336,31.864137649536133,9.975921630859375
0,0,0,0,48.52747344970703,31.864002227783203,9.976509094238281
0,0,0,0,48.52742004394531,31.863927841186523,9.976974487304688
0,0,0,0,48.527442932128906,31.863866806030273,9.977455139160156
0,0,0,0,48.527469635009766,31.863842010498047,9.978080749511719
0,0,0,0,48.527591705322266,31.863845825195312,9.978538513183594
0,0,0,0,48.52764129638672,31.86394500732422,9.97900390625
0,0,0,0,48.52782440185547,31.86408233642578,9.97967529296875
0,0,0,0,48.52790832519531,31.86432456970215,9.980178833007812
0,0,0,0,48.528076171875,31.864530563354492,9.980674743652344
0,0,0,0,48.52821731567383,31.86497688293457,9.981292724609375
0,0,0,0,48.52837371826172,31.8652400970459,9.981719970703125
0,0,0,0,48.528446197509766,31.8656063079834,9.982093811035156
0,0,0,0,48.5285758972168,31.86601448059082,9.982536315917969
0,0,0,0,48.52863311767578,31.866413116455078,9.982833862304688
0,0,0,0,48.52870559692383,31.86674690246582,9.983108520507812
0,0,0,0,48.52874755859375,31.867286682128906,9.983421325683594
0,0,0,0,48.528785705566406,31.8676815032959,9.983612060546875
0,0,0,0,48.5288200378418,31.86811065673828,9.983772277832031
0,0,0,0,48.52878952026367,31.868696212768555,9.984016418457031
0,0,0,0,48.5287971496582,31.869131088256836,9.984230041503906
0,0,0,0,48.528743743896484,31.86963653564453,9.98443603515625
0,0,0,0,48.528751373291016,31.870296478271484,9.984718322753906
0,0,0,0,48.52867126464844,31.870868682861328,9.984916687011719
0,0,0,0,48.528656005859375,31.871360778808594,9.985122680664062
0,0,0,0,48.52848815917969,31.87211036682129,9.985404968261719
0,0,0,0,48.528411865234375,31.87258529663086,9.985626220703125
0,0,0,0,48.52823257446289,31.873193740844727,9.985824584960938
0,0,0,0,48.52808380126953,31.87392234802246,9.986068725585938
0,0,0,0,48.52792739868164,31.874561309814453,9.986167907714844
0,0,0,0,48.527793884277344,31.875106811523438,9.986198425292969
0,0,0,0,48.52756118774414,31.875844955444336,9.986167907714844
0,0,0,0,48.52735137939453,31.8763484954834,9.986091613769531
0,0,0,0,48.52714920043945,31.876924514770508,9.985946655273438
0,0,0,0,48.52690887451172,31.877620697021484,9.985687255859375
0,0,0,0,48.526763916015625,31.87813377380371,9.985450744628906
0,0,0,0,48.52655792236328,31.87864112854004,9.985153198242188
0,0,0,0,48.52634048461914,31.879270553588867,9.984703063964844
0,0,0,0,48.52610778808594,31.879793167114258,9.984367370605469
0,0,0,0,48.52596664428711,31.880268096923828,9.984031677246094
0,0,0,0,48.525718688964844,31.880952835083008,9.983612060546875
0,0,0,0,48.525577545166016,31.881385803222656,9.98333740234375
0,0,0,0,48.52531433105469,31.88187599182129,9.983047485351562
0,0,0,0,48.525020599365234,31.88237953186035,9.982666015625
0,0,0,0,48.5247688293457,31.8828182220459,9.982353210449219
0,0,0,0,48.52459716796875,31.883127212524414,9.982009887695312
0,0,0,0,48.524330139160156,31.88361930847168,9.981544494628906
0,0,0,0,48.52418899536133,31.88389778137207,9.981185913085938
0,0,0,0,48.52399826049805,31.88422393798828,9.98077392578125
0,0,0,0,48.52373504638672,31.884540557861328,9.98016357421875
0,0,0,0,48.52357482910156,31.884767532348633,9.979690551757812
0,0,0,0,48.523399353027344,31.884965896606445,9.979179382324219
0,0,0,0,48.523231506347656,31.885221481323242,9.978469848632812
0,0,0,0,48.52309036254883,31.885385513305664,9.9779052734375
0,0,0,0,48.523067474365234,31.88548469543457,9.977302551269531
0,0,0,0,48.522979736328125,31.885597229003906,9.976425170898438
0,0,0,0,48.523033142089844,31.885568618774414,9.975723266601562
0,0,0,0,48.52301788330078,31.885602951049805,9.974990844726562
0,0,0,0,48.523101806640625,31.885526657104492,9.974029541015625
0,0,0,0,48.52311325073242,31.885520935058594,9.973297119140625
0,0,0,0,48.523216247558594,31.885398864746094,9.972526550292969
0,0,0,0,48.52326583862305,31.885358810424805,9.971511840820312
0,0,0,0,48.523353576660156,31.88521385192871,9.970573425292969
0,0,0,0,48.52340316772461,31.885160446166992,9.970138549804688
0,0,0,0,48.523521423339844,31.884910583496094,9.969352722167969
0,0,0,0,48.52360534667969,31.884754180908203,9.968833923339844
0,0,0,0,48.523681640625,31.88453483581543,9.968368530273438
0,0,0,0,48.523841857910156,31.884267807006836,9.967781066894531
0,0,0,0,48.52392578125,31.88405418395996,9.96734619140625
0,0,0,0,48.52403259277344,31.883888244628906,9.9669189453125
0,0,0,0,48.52401351928711,31.883750915527344,9.966346740722656
0,0,0,0,48.524009704589844,31.883644104003906,9.965888977050781
0,0,0,0,48.52389144897461,31.883602142333984,9.965438842773438
0,0,0,0,48.52378845214844,31.883567810058594,9.964820861816406
0,0,0,0,48.52357864379883,31.883668899536133,9.964378356933594
0,0,0,0,48.5234260559082,31.883705139160156,9.963951110839844
0,0,0,0,48.52309036254883,31.88390350341797,9.96337890625
0,0,0,0,48.52286148071289,31.883981704711914,9.962982177734375
0,0,0,0,48.522499084472656,31.88416862487793,9.962600708007812
0,0,0,0,48.52199172973633,31.884349822998047,9.962120056152344
0,0,0,0,48.52153396606445,31.884578704833984,9.961769104003906
0,0,0,0,48.521060943603516,31.88475227355957,9.961380004882812
0,0,0,0,48.52037048339844,31.885061264038086,9.960830688476562
0,0,0,0,48.51979446411133,31.885242462158203,9.960433959960938
0,0,0,0,48.51920700073242,31.88543701171875,9.960029602050781
0,0,0,0,48.51835632324219,31.885576248168945,9.959457397460938
0,0,0,0,48.51778030395508,31.885629653930664,9.959030151367188
0,0,0,0,48.51715087890625,31.885700225830078,9.9586181640625
0,0,0,0,48.51641845703125,31.885730743408203,9.958053588867188
0,0,0,0,48.51583480834961,31.88578987121582,9.957679748535156
0,0,0,0,48.51532745361328,31.885746002197266,9.957344055175781
0,0,0,0,48.51453399658203,31.885738372802734,9.956932067871094
0,0,0,0,48.51398849487305,31.8856143951416,9.956687927246094
0,0,0,0,48.513362884521484,31.88554573059082,9.956520080566406
0,0,0,0,48.51258850097656,31.88535499572754,9.956413269042969
0,0,0,0,48.51197052001953,31.885326385498047,9.956405639648438
0,0,0,0,48.51141357421875,31.885225296020508,9.956398010253906
0,0,0,0,48.5106201171875,31.88515281677246,9.956413269042969
0,0,0,0,48.5100212097168,31.88506317138672,9.956451416015625
0,0,0,0,48.50942611694336,31.885040283203125,9.956512451171875
0,0,0,0,48.50865173339844,31.88496971130371,9.956642150878906
0,0,0,0,48.508121490478516,31.88493537902832,9.956756591796875
0,0,0,0,48.50751495361328,31.884878158569336,9.956863403320312
0,0,0,0,48.5068244934082,31.884794235229492,9.95697021484375
0,0,0,0,48.50628662109375,31.8847713470459,9.956993103027344
0,0,0,0,48.50586700439453,31.884681701660156,9.95697021484375
0,0,0,0,48.50530242919922,31.884599685668945,9.956901550292969
0,0,0,0,48.505008697509766,31.884471893310547,9.956832885742188
0,0,0,0,48.50468063354492,31.88439178466797,9.956680297851562
0,0,0,0,48.50439453125,31.884183883666992,9.956413269042969
0,0,0,0,48.504146575927734,31.884105682373047,9.956199645996094
0,0,0,0,48.50400161743164,31.88390350341797,9.955963134765625
0,0,0,0,48.503807067871094,31.883743286132812,9.955673217773438
0,0,0,0,48.50370788574219,31.883527755737305,9.955459594726562
0,0,0,0,48.50359344482422,31.88336181640625,9.955230712890625
0,0,0,0,48.50348663330078,31.883056640625,9.954933166503906
0,0,0,0,48.503440856933594,31.882863998413086,9.954704284667969
0,0,0,0,48.50334548950195,31.882659912109375,9.954475402832031
0,0,0,0,48.50322341918945,31.88239097595215,9.954177856445312
0,0,0,0,48.503082275390625,31.882177352905273,9.954002380371094
0,0,0,0,48.503021240234375,31.881881713867188,9.953910827636719
0,0,0,0,48.502906799316406,31.88152503967285,9.953910827636719
0,0,0,0,48.502933502197266,31.881189346313477,9.953971862792969
0,0,0,0,48.50291442871094,31.880891799926758,9.954124450683594
0,0,0,0,48.5030632019043,31.880399703979492,9.9544677734375
0,0,0,0,48.5031623840332,31.88011932373047,9.954788208007812
0,0,0,0,48.503387451171875,31.879728317260742,9.955184936523438
0,0,0,0,48.5036506652832,31.879337310791016,9.955795288085938
0,0,0,0,48.50390625,31.878978729248047,9.956306457519531
0,0,0,0,48.504146575927734,31.878725051879883,9.956886291503906
0,0,0,0,48.50453186035156,31.878263473510742,9.95770263671875
0,0,0,0,48.504817962646484,31.87798500061035,9.9583740234375
0,0,0,0,48.50511932373047,31.87767791748047,9.959068298339844
0,0,0,0,48.50556182861328,31.87734031677246,9.9599609375
0,0,0,0,48.505859375,31.877071380615234,9.960609436035156
0,0,0,0,48.506202697753906,31.876800537109375,9.961257934570312
0,0,0,0,48.50660705566406,31.876474380493164,9.962051391601562
0,0,0,0,48.50700378417969,31.876201629638672,9.962593078613281
0,0,0,0,48.5073356628418,31.87596321105957,9.963111877441406
0,0,0,0,48.50787353515625,31.87558937072754,9.963775634765625
0,0,0,0,48.5081901550293,31.875411987304688,9.9642333984375
0,0,0,0,48.50859451293945,31.875125885009766,9.964630126953125
0,0,0,0,48.509029388427734,31.874845504760742,9.965087890625
0,0,0,0,48.5093879699707,31.874568939208984,9.965423583984375
0,0,0,0,48.50968551635742,31.8743953704834,9.965705871582031
0,0,0,0,48.510223388671875,31.874032974243164,9.965988159179688
0,0,0,0,48.510616302490234,31.87382698059082,9.966171264648438
0,0,0,0,48.511077880859375,31.87354850769043,9.966361999511719
0,0,0,0,48.511749267578125,31.873249053955078,9.966629028320312
0,0,0,0,48.512290954589844,31.872962951660156,9.966835021972656
0,0,0,0,48.51286315917969,31.872690200805664,9.967041015625
0,0,0,0,48.51361846923828,31.872282028198242,9.967353820800781
0,0,0,0,48.514244079589844,31.871938705444336,9.967628479003906
0,0,0,0,48.514827728271484,31.871604919433594,9.96795654296875
0,0,0,0,48.515716552734375,31.871070861816406,9.968429565429688
0,0,0,0,48.516361236572266,31.87071418762207,9.968788146972656
0,0,0,0,48.51713943481445,31.87028694152832,9.969154357910156
0,0,0,0,48.51810073852539,31.86975860595703,9.969612121582031
0,0,0,0,48.518917083740234,31.869253158569336,9.969940185546875
0,0,0,0,48.51969528198242,31.868825912475586,9.970252990722656
0,0,0,0,48.52085494995117,31.86814308166504,9.970611572265625
0,0,0,0,48.52167892456055,31.867719650268555,9.970855712890625
0,0,0,0,48.5225715637207,31.867223739624023,9.971054077148438
0,0,0,0,48.523719787597656,31.866657257080078,9.971229553222656
0,0,0,0,48.524574279785156,31.866199493408203,9.971290588378906
0,0,0,0,48.52543258666992,31.865854263305664,9.971290588378906
0,0,0,0,48.52656555175781,31.865421295166016,9.971206665039062
0,0,0,0,48.52745056152344,31.86516761779785,9.9710693359375
0,0,0,0,48.52827072143555,31.864971160888672,9.970855712890625
0,0,0,0,48.52940368652344,31.86478042602539,9.970489501953125
0,0,0,0,48.53015899658203,31.864721298217773,9.970161437988281
0,0,0,0,48.53095626831055,31.864641189575195,9.969818115234375
0,0,0,0,48.53181457519531,31.864591598510742,9.9693603515625
0,0,0,0,48.53248596191406,31.86446762084961,9.968971252441406
0,0,0,0,48.53303527832031,31.864452362060547,9.96856689453125
0,0,0,0,48.53379821777344,31.864320755004883,9.968048095703125
0,0,0,0,48.53426742553711,31.864334106445312,9.967681884765625
0,0,0,0,48.53483581542969,31.864259719848633,9.96722412109375
0,0,0,0,48.535179138183594,31.864276885986328,9.966865539550781
0,0,0,0,48.535484313964844,31.864234924316406,9.966522216796875
0,0,0,0,48.53572463989258,31.864273071289062,9.966239929199219
0,0,0,0,48.5359992980957,31.86423110961914,9.965950012207031
0,0,0,0,48.53618621826172,31.864206314086914,9.965774536132812
0,0,0,0,48.53632736206055,31.864112854003906,9.965652465820312
0,0,0,0,48.53655242919922,31.863998413085938,9.965568542480469
0,0,0,0,48.53665542602539,31.86391258239746,9.965530395507812
0,0,0,0,48.53681182861328,31.863819122314453,9.965522766113281
0,0,0,0,48.536903381347656,31.863723754882812,9.965522766113281
0,0,0,0,48.5369987487793,31.86362648010254,9.96551513671875
0,0,0,0,48.53699493408203,31.86363410949707,9.965499877929688
0,0,0,0,48.537052154541016,31.863569259643555,9.965484619140625
0,0,0,0,48.536983489990234,31.86359977722168,9.965469360351562
0,0,0,0,48.53693389892578,31.863571166992188,9.965507507324219
0,0,0,0,48.53669738769531,31.863740921020508,9.965553283691406
0,0,0,0,48.53647994995117,31.863861083984375,9.965576171875
0,0,0,0,48.536163330078125,31.864118576049805,9.965606689453125
0,0,0,0,48.53572082519531,31.864429473876953,9.965667724609375
0,0,0,0,48.53533935546875,31.864763259887695,9.9656982421875
0,0,0,0,48.5349235534668,31.86507797241211,9.965713500976562
0,0,0,0,48.534358978271484,31.865633010864258,9.965774536132812
0,0,0,0,48.533897399902344,31.866046905517578,9.965850830078125
0,0,0,0,48.533485412597656,31.86644744873047,9.965995788574219
0,0,0,0,48.532875061035156,31.866905212402344,9.966232299804688
0,0,0,0,48.53249740600586,31.8671875,9.966400146484375
0,0,0,0,48.53204345703125,31.867483139038086,9.966567993164062
0,0,0,0,48.53155517578125,31.867767333984375,9.966827392578125
0,0,0,0,48.53114700317383,31.86798095703125,9.967048645019531
0,0,0,0,48.53089141845703,31.86806297302246,9.967300415039062
0,0,0,0,48.53055191040039,31.86827278137207,9.9676513671875
0,0,0,0,48.53038787841797,31.86835479736328,9.967903137207031
0,0,0,0,48.530181884765625,31.868560791015625,9.968147277832031
0,0,0,0,48.53003692626953,31.868770599365234,9.968475341796875
0,0,0,0,48.52989959716797,31.869022369384766,9.96875
0,0,0,0,48.529754638671875,31.869234085083008,9.96905517578125
0,0,0,0,48.529563903808594,31.869646072387695,9.969505310058594
0,0,0,0,48.529415130615234,31.869911193847656,9.969879150390625
0,0,0,0,48.52927780151367,31.87018585205078,9.970268249511719
0,0,0,0,48.52907943725586,31.870513916015625,9.970771789550781
0,0,0,0,48.528995513916016,31.870763778686523,9.971122741699219
0,0,0,0,48.52884292602539,31.87103271484375,9.971427917480469
0,0,0,0,48.52870559692383,31.871326446533203,9.971755981445312
0,0,0,0,48.52851867675781,31.87158203125,9.971939086914062
0,0,0,0,48.528404235839844,31.87175941467285,9.9720458984375
0,0,0,0,48.52814483642578,31.87198257446289,9.972122192382812
0,0,0,0,48.52799987792969,31.872028350830078,9.972137451171875
0,0,0,0,48.527767181396484,31.872127532958984,9.972099304199219
0,0,0,0,48.52756118774414,31.872055053710938,9.971946716308594
0,0,0,0,48.52739334106445,31.872026443481445,9.971771240234375
0,0,0,0,48.527278900146484,31.871889114379883,9.971549987792969
0,0,0,0,48.52705001831055,31.87179183959961,9.971168518066406
0,0,0,0,48.526878356933594,31.871658325195312,9.9708251953125
0,0,0,0,48.526695251464844,31.871570587158203,9.970436096191406
0,0,0,0,48.52643585205078,31.871395111083984,9.969902038574219
0,0,0,0,48.52627944946289,31.87128257751465,9.969482421875
0,0,0,0,48.52606201171875,31.871156692504883,9.969017028808594
0,0,0,0,48.52577209472656,31.870988845825195,9.968330383300781
0,0,0,0,48.525428771972656,31.87088394165039,9.967765808105469
0,0,0,0,48.525150299072266,31.870718002319336,9.967178344726562
0,0,0,0,48.52464294433594,31.87053108215332,9.966316223144531
0,0,0,0,48.52431106567383,31.870332717895508,9.96563720703125
0,0,0,0,48.523860931396484,31.870237350463867,9.964920043945312
0,0,0,0,48.52333068847656,31.8699951171875,9.96392822265625
0,0,0,0,48.52287673950195,31.869829177856445,9.963142395019531
0,0,0,0,48.52250289916992,31.8695011138916,9.962318420410156
0,0,0,0,48.5218620300293,31.869123458862305,9.961158752441406
0,0,0,0,48.521419525146484,31.868743896484375,9.960304260253906
0,0,0,0,48.52097702026367,31.868444442749023,9.959480285644531
0,0,0,0,48.52044677734375,31.867938995361328,9.958419799804688
0,0,0,0,48.52006530761719,31.867586135864258,9.957656860351562
0,0,0,0,48.519649505615234,31.867158889770508,9.956916809082031
0,0,0,0,48.519161224365234,31.866588592529297,9.955986022949219
0,0,0,0,48.518733978271484,31.866188049316406,9.955307006835938
0,0,0,0,48.51836013793945,31.865779876708984,9.954666137695312
0,0,0,0,48.517791748046875,31.865249633789062,9.953872680664062
0,0,0,0,48.517425537109375,31.864826202392578,9.953361511230469
0,0,0,0,48.51695251464844,31.864486694335938,9.952919006347656
0,0,0,0,48.516475677490234,31.86398696899414,9.952430725097656
0,0,0,0,48.516090393066406,31.86372184753418,9.952156066894531
0,0,0,0,48.51580047607422,31.86338996887207,9.951972961425781
0,0,0,0,48.51534652709961,31.863115310668945,9.95184326171875
0,0,0,0,48.51507568359375,31.86286735534668,9.951820373535156
0,0,0,0,48.514793395996094,31.862756729125977,9.951873779296875
0,0,0,0,48.514522552490234,31.86263656616211,9.952033996582031
0,0,0,0,48.514347076416016,31.8626708984375,9.952186584472656
0,0,0,0,48.51417922973633,31.862674713134766,9.952377319335938
0,0,0,0,48.51398468017578,31.862796783447266,9.952667236328125
0,0,0,0,48.51384735107422,31.8629150390625,9.952903747558594
0,0,0,0,48.51380157470703,31.863039016723633,9.95318603515625
0,0,0,0,48.513694763183594,31.863170623779297,9.95355224609375
0,0,0,0,48.513671875,31.863250732421875,9.953811645507812
0,0,0,0,48.513572692871094,31.86338233947754,9.954063415527344
0,0,0,0,48.51358413696289,31.863506317138672,9.954414367675781
0,0,0,0,48.513511657714844,31.86366844177246,9.954658508300781
0,0,0,0,48.5135383605957,31.863750457763672,9.954902648925781
0,0,0,0,48.513484954833984,31.863981246948242,9.955238342285156
0,0,0,0,48.51352310180664,31.864110946655273,9.955490112304688
0,0,0,0,48.513492584228516,31.864362716674805,9.955741882324219
0,0,0,0,48.51350021362305,31.86463165283203,9.956077575683594
0,0,0,0,48.51347351074219,31.864883422851562,9.956352233886719
0,0,0,0,48.513484954833984,31.865041732788086,9.956642150878906
0,0,0,0,48.51348876953125,31.865293502807617,9.95709228515625
0,0,0,0,48.51350402832031,31.86539649963379,9.957489013671875
0,0,0,0,48.5135498046875,31.865497589111328,9.957923889160156
0,0,0,0,48.51357650756836,31.865564346313477,9.958595275878906
0,0,0,0,48.513633728027344,31.86560821533203,9.959175109863281
0,0,0,0,48.51362228393555,31.865657806396484,9.95977783203125
0,0,0,0,48.51368713378906,31.865633010864258,9.960655212402344
0,0,0,0,48.51366424560547,31.865633010864258,9.961326599121094
0,0,0,0,48.51372146606445,31.865528106689453,9.962020874023438
0,0,0,0,48.513710021972656,31.86542320251465,9.962944030761719
0,0,0,0,48.513763427734375,31.865198135375977,9.963623046875
0,0,0,0,48.51371765136719,31.865026473999023,9.964286804199219
0,0,0,0,48.513736724853516,31.864633560180664,9.965141296386719
0,0,0,0,48.513694763183594,31.864410400390625,9.965736389160156
0,0,0,0,48.513694763183594,31.864107131958008,9.966270446777344
0,0,0,0,48.513587951660156,31.86383628845215,9.966941833496094
0,0,0,0,48.51346206665039,31.863569259643555,9.967384338378906
0,0,0,0,48.51325607299805,31.86335563659668,9.967826843261719
0,0,0,0,48.51295471191406,31.8630313873291,9.968360900878906
0,0,0,0,48.51274490356445,31.862844467163086,9.968711853027344
0,0,0,0,48.5124626159668,31.8626651763916,9.969039916992188
0,0,0,0,48.51210021972656,31.862472534179688,9.96942138671875
0,0,0,0,48.51175308227539,31.862388610839844,9.969657897949219
0,0,0,0,48.511322021484375,31.86224937438965,9.969863891601562
0,0,0,0,48.510887145996094,31.86226463317871,9.969940185546875
0,0,0,0,48.51052474975586,31.862224578857422,9.969993591308594
0,0,0,0,48.509944915771484,31.862342834472656,9.970100402832031
0,0,0,0,48.5095329284668,31.862396240234375,9.970191955566406
0,0,0,0,48.50904846191406,31.862573623657227,9.970306396484375
0,0,0,0,48.50848388671875,31.86276626586914,9.970527648925781
0,0,0,0,48.50806427001953,31.86301040649414,9.970718383789062
0,0,0,0,48.507713317871094,31.86324119567871,9.970932006835938
0,0,0,0,48.507320404052734,31.863731384277344,9.971244812011719
0,0,0,0,48.50704574584961,31.864185333251953,9.971534729003906
0,0,0,0,48.50685119628906,31.86473274230957,9.971817016601562
0,0,0,0,48.506614685058594,31.865501403808594,9.972198486328125
0,0,0,0,48.50652313232422,31.86614418029785,9.972480773925781
0,0,0,0,48.506412506103516,31.866859436035156,9.972740173339844
0,0,0,0,48.50639343261719,31.867916107177734,9.973030090332031
0,0,0,0,48.506351470947266,31.86882972717285,9.973243713378906
0,0,0,0,48.506431579589844,31.869714736938477,9.973457336425781
0,0,0,0,48.50647735595703,31.871074676513672,9.97369384765625
0,0,0,0,48.50661849975586,31.872058868408203,9.973831176757812
0,0,0,0,48.50667190551758,31.87316131591797,9.973953247070312
0,0,0,0,48.50682067871094,31.874549865722656,9.97406005859375
0,0,0,0,48.50690460205078,31.875690460205078,9.974082946777344
0,0,0,0,48.50703048706055,31.876741409301758,9.974029541015625
0,0,0,0,48.50716781616211,31.878202438354492,9.973854064941406
0,0,0,0,48.50727081298828,31.879243850708008,9.9736328125
0,0,0,0,48.50735855102539,31.880332946777344,9.973335266113281
0,0,0,0,48.50746154785156,31.881711959838867,9.972862243652344
0,0,0,0,48.50758361816406,31.882722854614258,9.972465515136719
0,0,0,0,48.50764846801758,31.88370132446289,9.972038269042969
0,0,0,0,48.5078125,31.8848876953125,9.971382141113281
0,0,0,0,48.50788879394531,31.8857364654541,9.970840454101562
0,0,0,0,48.50804901123047,31.8864803314209,9.970268249511719
0,0,0,0,48.50819778442383,31.887474060058594,9.969482421875
0,0,0,0,48.50838851928711,31.888059616088867,9.968902587890625
0,0,0,0,48.50852584838867,31.88885498046875,9.968147277832031
0,0,0,0,48.50869369506836,31.88930892944336,9.967613220214844
0,0,0,0,48.508846282958984,31.889856338500977,9.967048645019531
0,0,0,0,48.50908660888672,31.890291213989258,9.966468811035156
0,0,0,0,48.50933074951172,31.890949249267578,9.965705871582031
0,0,0,0,48.50950622558594,31.89136505126953,9.965126037597656
0,0,0,0,48.5096435546875,31.8918399810791,9.964576721191406
0,0,0,0,48.50986099243164,31.8923282623291,9.963874816894531
0,0,0,0,48.51005554199219,31.89268684387207,9.963371276855469
0,0,0,0,48.51023483276367,31.893016815185547,9.962913513183594
0,0,0,0,48.51050567626953,31.89348030090332,9.962348937988281
0,0,0,0,48.51068115234375,31.89382553100586,9.961967468261719
0,0,0,0,48.51093292236328,31.894128799438477,9.961647033691406
0,0,0,0,48.511226654052734,31.894563674926758,9.961280822753906
0,0,0,0,48.51155090332031,31.894838333129883,9.961029052734375
0,0,0,0,48.51192855834961,31.895326614379883,9.960762023925781
0,0,0,0,48.51232147216797,31.89556121826172,9.960578918457031
0,0,0,0,48.5126838684082,31.895854949951172,9.96038818359375
0,0,0,0,48.513160705566406,31.896032333374023,9.960189819335938
0,0,0,0,48.513763427734375,31.896312713623047,9.95989990234375
0,0,0,0,48.514312744140625,31.896390914916992,9.95965576171875
0,0,0,0,48.514854431152344,31.89651870727539,9.959449768066406
0,0,0,0,48.5156135559082,31.896526336669922,9.959190368652344
0,0,0,0,48.51618194580078,31.896533966064453,9.958999633789062
0,0,0,0,48.516754150390625,31.89647102355957,9.958839416503906
0,0,0,0,48.51753234863281,31.89638900756836,9.958656311035156
0,0,0,0,48.51807403564453,31.89628028869629,9.958526611328125
0,0,0,0,48.518672943115234,31.896169662475586,9.958427429199219
0,0,0,0,48.51961135864258,31.895946502685547,9.958282470703125
0,0,0,0,48.52002716064453,31.895803451538086,9.958221435546875
0,0,0,0,48.520545959472656,31.895666122436523,9.958114624023438
0,0,0,0,48.52131271362305,31.895374298095703,9.957962036132812
0,0,0,0,48.521820068359375,31.895225524902344,9.9578857421875
0,0,0,0,48.522430419921875,31.89503288269043,9.957839965820312
0,0,0,0,48.523162841796875,31.894912719726562,9.957870483398438
0,0,0,0,48.523738861083984,31.894746780395508,9.957984924316406
0,0,0,0,48.52421569824219,31.894702911376953,9.958175659179688
0,0,0,0,48.5249137878418,31.894540786743164,9.958518981933594
0,0,0,0,48.52541732788086,31.894474029541016,9.958839416503906
0,0,0,0,48.52592849731445,31.894309997558594,9.959213256835938
0,0,0,0,48.52661895751953,31.89415740966797,9.959785461425781
0,0,0,0,48.5271110534668,31.893983840942383,9.960273742675781
0,0,0,0,48.52762222290039,31.893823623657227,9.960792541503906
0,0,0,0,48.52827072143555,31.89352798461914,9.961517333984375
0,0,0,0,48.52880859375,31.893281936645508,9.962081909179688
0,0,0,0,48.52925109863281,31.89303970336914,9.962661743164062
0,0,0,0,48.53003692626953,31.89253807067871,9.963714599609375
0,0,0,0,48.53028869628906,31.89236831665039,9.964149475097656
0,0,0,0,48.530738830566406,31.891983032226562,9.964805603027344
0,0,0,0,48.531227111816406,31.891508102416992,9.965644836425781
0,0,0,0,48.53164291381836,31.8911075592041,9.966255187988281
0,0,0,0,48.53200912475586,31.890819549560547,9.966850280761719
0,0,0,0,48.53257369995117,31.890350341796875,9.967613220214844
0,0,0,0,48.53297805786133,31.890077590942383,9.968109130859375
0,0,0,0,48.53342056274414,31.889739990234375,9.968521118164062
0,0,0,0,48.533931732177734,31.88938331604004,9.968986511230469
0,0,0,0,48.534297943115234,31.889062881469727,9.969284057617188
0,0,0,0,48.53464889526367,31.888805389404297,9.969528198242188
0,0,0,0,48.535099029541016,31.888385772705078,9.96978759765625
0,0,0,0,48.53548049926758,31.888099670410156,9.969932556152344
0,0,0,0,48.53580856323242,31.8878116607666,9.97003173828125
0,0,0,0,48.53633117675781,31.88740348815918,9.970138549804688
0,0,0,0,48.53666687011719,31.887109756469727,9.970207214355469
0,0,0,0,48.537078857421875,31.88675308227539,9.970268249511719
0,0,0,0,48.537559509277344,31.886337280273438,9.970390319824219
0,0,0,0,48.53799057006836,31.885940551757812,9.970512390136719
0,0,0,0,48.538326263427734,31.885602951049805,9.970680236816406
0,0,0,0,48.538856506347656,31.885047912597656,9.970947265625
0,0,0,0,48.5391845703125,31.884679794311523,9.971153259277344
0,0,0,0,48.53961181640625,31.884180068969727,9.97137451171875
0,0,0,0,48.5401496887207,31.883615493774414,9.971664428710938
0,0,0,0,48.540584564208984,31.883106231689453,9.971878051757812
0,0,0,0,48.5410041809082,31.8826961517334,9.972099304199219
0,0,0,0,48.541542053222656,31.882064819335938,9.972396850585938
0,0,0,0,48.5419807434082,31.881614685058594,9.972602844238281
0,0,0,0,48.5423469543457,31.88113784790039,9.972816467285156
0,0,0,0,48.542816162109375,31.880496978759766,9.973106384277344
0,0,0,0,48.543121337890625,31.880027770996094,9.973320007324219
0,0,0,0,48.54347229003906,31.879552841186523,9.973518371582031
0,0,0,0,48.54383850097656,31.87894058227539,9.9737548828125
0,0,0,0,48.54417419433594,31.87841796875,9.973892211914062
0,0,0,0,48.54441452026367,31.877952575683594,9.973968505859375
0,0,0,0,48.54484939575195,31.87726402282715,9.973983764648438
0,0,0,0,48.54510498046875,31.876846313476562,9.973884582519531
0,0,0,0,48.54545211791992,31.87632942199707,9.97369384765625
0,0,0,0,48.54582214355469,31.875764846801758,9.973342895507812
0,0,0,0,48.54608917236328,31.875261306762695,9.973007202148438
0,0,0,0,48.546268463134766,31.874881744384766,9.972633361816406
0,0,0,0,48.546512603759766,31.874267578125,9.9720458984375
0,0,0,0,48.54669189453125,31.873855590820312,9.971534729003906
0,0,0,0,48.54682922363281,31.87339973449707,9.970985412597656
0,0,0,0,48.54691696166992,31.87293815612793,9.970237731933594
0,0,0,0,48.54691696166992,31.872617721557617,9.969650268554688
0,0,0,0,48.54692840576172,31.872318267822266,9.969108581542969
0,0,0,0,48.546871185302734,31.871906280517578,9.968452453613281
0,0,0,0,48.54685974121094,31.87159538269043,9.967979431152344
0,0,0,0,48.54672622680664,31.87137222290039,9.967521667480469
0,0,0,0,48.54661178588867,31.87102508544922,9.967010498046875
0,0,0,0,48.54643630981445,31.870853424072266,9.966690063476562
0,0,0,0,48.546382904052734,31.87059783935547,9.966423034667969
0,0,0,0,48.54618835449219,31.870393753051758,9.966110229492188
0,0,0,0,48.54612731933594,31.870166778564453,9.965896606445312
0,0,0,0,48.545997619628906,31.870038986206055,9.965705871582031
0,0,0,0,48.54587936401367,31.869752883911133,9.96551513671875
0,0,0,0,48.54579162597656,31.869625091552734,9.965415954589844
0,0,0,0,48.54574203491211,31.86945152282715,9.965362548828125
0,0,0,0,48.545684814453125,31.869304656982422,9.965370178222656
0,0,0,0,48.54566955566406,31.869140625,9.965408325195312
0,0,0,0,48.54573059082031,31.869020462036133,9.965461730957031
0,0,0,0,48.54581069946289,31.868858337402344,9.965560913085938
0,0,0,0,48.54595184326172,31.868749618530273,9.965705871582031
0,0,0,0,48.54607009887695,31.868703842163086,9.965888977050781
0,0,0,0,48.54634475708008,31.868640899658203,9.966232299804688
0,0,0,0,48.5465087890625,31.868619918823242,9.966537475585938
0,0,0,0,48.54679870605469,31.868520736694336,9.966888427734375
0,0,0,0,48.54713821411133,31.868480682373047,9.967353820800781
0,0,0,0,48.54746627807617,31.86839485168457,9.967681884765625
0,0,0,0,48.54771041870117,31.868440628051758,9.968002319335938
0,0,0,0,48.54811477661133,31.86842918395996,9.968406677246094
0,0,0,0,48.54837417602539,31.868545532226562,9.968681335449219
0,0,0,0,48.5486946105957,31.868568420410156,9.968902587890625
0,0,0,0,48.54903030395508,31.868751525878906,9.969078063964844
0,0,0,0,48.549259185791016,31.868864059448242,9.96917724609375
0,0,0,0,48.54946517944336,31.869081497192383,9.969268798828125
0,0,0,0,48.54964828491211,31.869333267211914,9.969429016113281
0,0,0,0,48.5497932434082,31.869504928588867,9.96954345703125
0,0,0,0,48.54984664916992,31.869678497314453,9.969619750976562
0,0,0,0,48.54996109008789,31.86992645263672,9.9697265625
0,0,0,0,48.54998016357422,31.870140075683594,9.969810485839844
0,0,0,0,48.550045013427734,31.870302200317383,9.969894409179688
0,0,0,0,48.54998779296875,31.870574951171875,9.970024108886719
0,0,0,0,48.549991607666016,31.870737075805664,9.970130920410156
0,0,0,0,48.54988479614258,31.870969772338867,9.97021484375
0,0,0,0,48.549747467041016,31.871139526367188,9.970291137695312
0,0,0,0,48.549537658691406,31.871309280395508,9.970329284667969
0,0,0,0,48.54936218261719,31.87135124206543,9.970352172851562
0,0,0,0,48.54897689819336,31.871492385864258,9.970329284667969
0,0,0,0,48.54865264892578,31.871511459350586,9.970321655273438
0,0,0,0,48.54825973510742,31.87157440185547,9.970283508300781
0,0,0,0,48.54768371582031,31.87151336669922,9.970169067382812
0,0,0,0,48.5472297668457,31.87148094177246,9.970069885253906
0,0,0,0,48.546730041503906,31.87139129638672,9.969940185546875
0,0,0,0,48.5460319519043,31.87129783630371,9.969703674316406
0,0,0,0,48.54545211791992,31.871240615844727,9.969505310058594
0,0,0,0,48.544921875,31.871196746826172,9.969314575195312
0,0,0,0,48.54412078857422,31.871225357055664,9.969070434570312
0,0,0,0,48.54358673095703,31.8712215423584,9.9688720703125
0,0,0,0,48.54294204711914,31.87128448486328,9.968658447265625
0,0,0,0,48.54216003417969,31.871322631835938,9.9683837890625
0,0,0,0,48.54144287109375,31.871448516845703,9.968147277832031
0,0,0,0,48.540740966796875,31.871484756469727,9.967887878417969
0,0,0,0,48.5396842956543,31.871625900268555,9.967544555664062
0,0,0,0,48.53892517089844,31.87167739868164,9.967323303222656
0,0,0,0,48.53812789916992,31.871841430664062,9.967094421386719
0,0,0,0,48.53712463378906,31.87196159362793,9.966796875
0,0,0,0,48.536373138427734,31.87210464477539,9.966598510742188
0,0,0,0,48.53563690185547,31.872211456298828,9.966423034667969
0,0,0,0,48.53469467163086,31.872432708740234,9.966255187988281
0,0,0,0,48.5339469909668,31.87258529663086,9.966117858886719
0,0,0,0,48.53322219848633,31.872753143310547,9.96600341796875
0,0,0,0,48.53219985961914,31.87298011779785,9.965805053710938
0,0,0,0,48.531494140625,31.873144149780273,9.965621948242188
0,0,0,0,48.53068923950195,31.873363494873047,9.965400695800781
0,0,0,0,48.52973175048828,31.87358856201172,9.965034484863281
0,0,0,0,48.52893829345703,31.87384033203125,9.964698791503906
0,0,0,0,48.52821731567383,31.874004364013672,9.96429443359375
0,0,0,0,48.527191162109375,31.874279022216797,9.963706970214844
0,0,0,0,48.52650451660156,31.87436866760254,9.963249206542969
0,0,0,0,48.5257682800293,31.874530792236328,9.962745666503906
0,0,0,0,48.524906158447266,31.87459373474121,9.962005615234375
0,0,0,0,48.52405548095703,31.8746280670166,9.961257934570312
0,0,0,0,48.52363967895508,31.874605178833008,9.960884094238281
0,0,0,0,48.5228385925293,31.874622344970703,9.960121154785156
0,0,0,0,48.52225112915039,31.87459945678711,9.9595947265625
0,0,0,0,48.52172088623047,31.874605178833008,9.9591064453125
0,0,0,0,48.52098846435547,31.8745174407959,9.958534240722656
0,0,0,0,48.520484924316406,31.874420166015625,9.958168029785156
0,0,0,0,48.51995086669922,31.87430763244629,9.957832336425781
0,0,0,0,48.51933288574219,31.874101638793945,9.957427978515625
0,0,0,0,48.51881408691406,31.873966217041016,9.95709228515625
0,0,0,0,48.51839065551758,31.87373924255371,9.956718444824219
0,0,0,0,48.51779556274414,31.873485565185547,9.956130981445312
0,0,0,0,48.517452239990234,31.87322235107422,9.955657958984375
0,0,0,0,48.51704025268555,31.873046875,9.955146789550781
0,0,0,0,48.516624450683594,31.87268829345703,9.954452514648438
0,0,0,0,48.51626968383789,31.872514724731445,9.953948974609375
0,0,0,0,48.51597595214844,31.872243881225586,9.953453063964844
0,0,0,0,48.51557540893555,31.871997833251953,9.952842712402344
0,0,0,0,48.51530838012695,31.871776580810547,9.952392578125
0,0,0,0,48.51505661010742,31.871633529663086,9.951988220214844
0,0,0,0,48.51473617553711,31.871376037597656,9.951515197753906
0,0,0,0,48.51449966430664,31.871179580688477,9.951194763183594
0,0,0,0,48.514217376708984,31.87096405029297,9.950935363769531
0,0,0,0,48.5139274597168,31.870662689208984,9.950698852539062
0,0,0,0,48.51369094848633,31.870437622070312,9.9505615234375
0,0,0,0,48.51357650756836,31.870174407958984,9.950477600097656
0,0,0,0,48.51336669921875,31.869888305664062,9.950454711914062
0,0,0,0,48.513309478759766,31.869606018066406,9.950523376464844
0,0,0,0,48.5131721496582,31.869394302368164,9.950645446777344
0,0,0,0,48.513099670410156,31.868995666503906,9.950912475585938
0,0,0,0,48.512969970703125,31.86870002746582,9.951255798339844
0,0,0,0,48.512935638427734,31.868492126464844,9.951454162597656
0,0,0,0,48.51284408569336,31.868188858032227,9.951904296875
0,0,0,0,48.51280212402344,31.86789321899414,9.952301025390625
0,0,0,0,48.512718200683594,31.867658615112305,9.952743530273438
0,0,0,0,48.51265335083008,31.867218017578125,9.953384399414062
0,0,0,0,48.512603759765625,31.866928100585938,9.953895568847656
0,0,0,0,48.51253890991211,31.866607666015625,9.954444885253906
0,0,0,0,48.51249694824219,31.866220474243164,9.955215454101562
0,0,0,0,48.512428283691406,31.865903854370117,9.955795288085938
0,0,0,0,48.512420654296875,31.86553382873535,9.956375122070312
0,0,0,0,48.512325286865234,31.865036010742188,9.957107543945312
0,0,0,0,48.5123405456543,31.864580154418945,9.957618713378906
0,0,0,0,48.51228332519531,31.864154815673828,9.958106994628906
0,0,0,0,48.51232147216797,31.863460540771484,9.958709716796875
0,0,0,0,48.512290954589844,31.86298942565918,9.9591064453125
0,0,0,0,48.512359619140625,31.862390518188477,9.959457397460938
0,0,0,0,48.512359619140625,31.861658096313477,9.959907531738281
0,0,0,0,48.512451171875,31.860836029052734,9.960365295410156
0,0,0,0,48.512508392333984,31.860450744628906,9.960594177246094
0,0,0,0,48.5126953125,31.85961151123047,9.961021423339844
0,0,0,0,48.512813568115234,31.859037399291992,9.9613037109375
0,0,0,0,48.512939453125,31.858415603637695,9.961601257324219
0,0,0,0,48.51319122314453,31.857707977294922,9.961936950683594
0,0,0,0,48.51333999633789,31.85717010498047,9.96209716796875
0,0,0,0,48.51351547241211,31.8566837310791,9.96221923828125
0,0,0,0,48.513641357421875,31.85605812072754,9.962356567382812
0,0,0,0,48.5137939453125,31.855485916137695,9.962448120117188
0,0,0,0,48.5137825012207,31.85525894165039,9.962486267089844
0,0,0,0,48.51375198364258,31.854747772216797,9.962562561035156
0,0,0,0,48.513607025146484,31.854494094848633,9.962654113769531
0,0,0,0,48.513511657714844,31.854202270507812,9.96270751953125
0,0,0,0,48.51320266723633,31.853984832763672,9.962760925292969
0,0,0,0,48.51299285888672,31.853788375854492,9.962799072265625
0,0,0,0,48.51270294189453,31.853715896606445,9.962791442871094
0,0,0,0,48.51240921020508,31.853546142578125,9.962799072265625
0,0,0,0,48.512176513671875,31.853498458862305,9.962821960449219
0,0,0,0,48.511985778808594,31.853397369384766,9.962875366210938
0,0,0,0,48.51169967651367,31.85337257385254,9.962928771972656
0,0,0,0,48.5114631652832,31.85332489013672,9.962974548339844
0,0,0,0,48.51124954223633,31.85335922241211,9.963035583496094
0,0,0,0,48.510887145996094,31.853452682495117,9.963119506835938
0,0,0,0,48.510623931884766,31.853544235229492,9.963249206542969
0,0,0,0,48.51031494140625,31.853639602661133,9.963409423828125
0,0,0,0,48.5099983215332,31.853694915771484,9.963691711425781
0,0,0,0,48.50972366333008,31.853755950927734,9.963935852050781
0,0,0,0,48.5095329284668,31.853748321533203,9.96417236328125
0,0,0,0,48.509178161621094,31.853818893432617,9.96453857421875
0,0,0,0,48.50897979736328,31.85378646850586,9.964836120605469
0,0,0,0,48.508705139160156,31.853857040405273,9.965141296386719
0,0,0,0,48.5084114074707,31.853862762451172,9.965621948242188
0,0,0,0,48.50814437866211,31.853958129882812,9.966011047363281
0,0,0,0,48.507938385009766,31.853958129882812,9.966407775878906
0,0,0,0,48.507667541503906,31.854137420654297,9.966903686523438
0,0,0,0,48.507503509521484,31.854228973388672,9.967239379882812
0,0,0,0,48.50735092163086,31.854394912719727,9.967521667480469
0,0,0,0,48.507232666015625,31.854528427124023,9.9678955078125
0,0,0,0,48.5072135925293,31.854660034179688,9.968147277832031
0,0,0,0,48.50721740722656,31.85483741760254,9.968376159667969
0,0,0,0,48.50735092163086,31.855175018310547,9.968643188476562
0,0,0,0,48.50742721557617,31.855504989624023,9.968833923339844
0,0,0,0,48.507606506347656,31.85582160949707,9.969047546386719
0,0,0,0,48.50784683227539,31.856325149536133,9.969253540039062
0,0,0,0,48.508121490478516,31.85666847229004,9.969367980957031
0,0,0,0,48.50831985473633,31.857120513916016,9.969459533691406
0,0,0,0,48.50871276855469,31.85763168334961,9.969581604003906
0,0,0,0,48.50896072387695,31.858125686645508,9.96966552734375
0,0,0,0,48.50933074951172,31.858566284179688,9.969741821289062
0,0,0,0,48.50975799560547,31.859336853027344,9.969833374023438
0,0,0,0,48.510101318359375,31.859907150268555,9.969886779785156
0,0,0,0,48.51041030883789,31.86062240600586,9.969955444335938
0,0,0,0,48.51082992553711,31.861614227294922,9.97003173828125
0,0,0,0,48.5111198425293,31.862485885620117,9.970115661621094
0,0,0,0,48.51136016845703,31.863374710083008,9.97021484375
0,0,0,0,48.51171112060547,31.864646911621094,9.970344543457031
0,0,0,0,48.51189041137695,31.86565399169922,9.970443725585938
0,0,0,0,48.51209259033203,31.866680145263672,9.970558166503906
0,0,0,0,48.512237548828125,31.86809539794922,9.970733642578125
0,0,0,0,48.51249694824219,31.869457244873047,9.970901489257812
0,0,0,0,48.51255798339844,31.87019920349121,9.970985412597656
0,0,0,0,48.51272964477539,31.871530532836914,9.971183776855469
0,0,0,0,48.51278305053711,31.872581481933594,9.97137451171875
0,0,0,0,48.512935638427734,31.87350082397461,9.971611022949219
0,0,0,0,48.51304244995117,31.874805450439453,9.97198486328125
0,0,0,0,48.513145446777344,31.875661849975586,9.972328186035156
0,0,0,0,48.51317596435547,31.87655258178711,9.972663879394531
0,0,0,0,48.51325225830078,31.87752914428711,9.973075866699219
0,0,0,0,48.51327896118164,31.878259658813477,9.973365783691406
0,0,0,0,48.51329803466797,31.87887191772461,9.973617553710938
0,0,0,0,48.51331329345703,31.87960433959961,9.97393798828125
0,0,0,0,48.5132942199707,31.88006591796875,9.97418212890625
0,0,0,0,48.51329803466797,31.880508422851562,9.974411010742188
0,0,0,0,48.51327896118164,31.881010055541992,9.974678039550781
0,0,0,0,48.51333999633789,31.881275177001953,9.974845886230469
0,0,0,0,48.513343811035156,31.881519317626953,9.974967956542969
0,0,0,0,48.513450622558594,31.881702423095703,9.97503662109375
0,0,0,0,48.5134391784668,31.88180923461914,9.975028991699219
0,0,0,0,48.51353454589844,31.881746292114258,9.974967956542969
0,0,0,0,48.51359558105469,31.881669998168945,9.974807739257812
0,0,0,0,48.51372528076172,31.88147735595703,9.974632263183594
0,0,0,0,48.5138053894043,31.88134765625,9.974433898925781
0,0,0,0,48.5140266418457,31.881027221679688,9.974113464355469
0,0,0,0,48.51420211791992,31.88084602355957,9.973861694335938
0,0,0,0,48.51445007324219,31.88057518005371,9.973587036132812
0,0,0,0,48.51475524902344,31.88032341003418,9.973175048828125
0,0,0,0,48.514991760253906,31.880098342895508,9.972854614257812
0,0,0,0,48.515281677246094,31.879919052124023,9.972511291503906
0,0,0,0,48.51567459106445,31.879703521728516,9.97198486328125
0,0,0,0,48.51599884033203,31.87958526611328,9.971588134765625
0,0,0,0,48.51626205444336,31.87948226928711,9.971221923828125
0,0,0,0,48.51667785644531,31.879350662231445,9.970817565917969
0,0,0,0,48.51691818237305,31.879343032836914,9.970565795898438
0,0,0,0,48.517250061035156,31.87933349609375,9.970329284667969
0,0,0,0,48.517601013183594,31.87946319580078,9.970039367675781
0,0,0,0,48.517906188964844,31.879535675048828,9.969879150390625
0,0,0,0,48.518123626708984,31.879762649536133,9.969741821289062
0,0,0,0,48.5184440612793,31.880022048950195,9.969650268554688
0,0,0,0,48.518592834472656,31.880313873291016,9.969650268554688
0,0,0,0,48.518768310546875,31.88054847717285,9.9697265625
0,0,0,0,48.51887130737305,31.880998611450195,9.969863891601562
0,0,0,0,48.51892852783203,31.881282806396484,9.970016479492188
0,0,0,0,48.518951416015625,31.881633758544922,9.970207214355469
0,0,0,0,48.51896286010742,31.88200569152832,9.970504760742188
0,0,0,0,48.518951416015625,31.88231086730957,9.970756530761719
0,0,0,0,48.5189094543457,31.88260841369629,9.971023559570312
0,0,0,0,48.51888656616211,31.882970809936523,9.971351623535156
0,0,0,0,48.518795013427734,31.883249282836914,9.971549987792969
0,0,0,0,48.518795013427734,31.883506774902344,9.971710205078125
0,0,0,0,48.51876449584961,31.883880615234375,9.971900939941406
0,0,0,0,48.518856048583984,31.884037017822266,9.972000122070312
0,0,0,0,48.51890563964844,31.884214401245117,9.972099304199219
0,0,0,0,48.519134521484375,31.884258270263672,9.972198486328125
0,0,0,0,48.519325256347656,31.88431739807129,9.972267150878906
0,0,0,0,48.51960754394531,31.884227752685547,9.972320556640625
0,0,0,0,48.519954681396484,31.884145736694336,9.972396850585938
0,0,0,0,48.5202751159668,31.884002685546875,9.972442626953125
0,0,0,0,48.52058029174805,31.883930206298828,9.972488403320312
0,0,0,0,48.52104949951172,31.883750915527344,9.97259521484375
0,0,0,0,48.52144241333008,31.883657455444336,9.972663879394531
0,0,0,0,48.521827697753906,31.883501052856445,9.972732543945312
0,0,0,0,48.52238082885742,31.883323669433594,9.97283935546875
0,0,0,0,48.522743225097656,31.88318634033203,9.972930908203125
0,0,0,0,48.52315902709961,31.883020401000977,9.9730224609375
0,0,0,0,48.52357864379883,31.88278579711914,9.973152160644531
0,0,0,0,48.523956298828125,31.882549285888672,9.973228454589844
0,0,0,0,48.52423095703125,31.882362365722656,9.973304748535156
0,0,0,0,48.524715423583984,31.88197135925293,9.973396301269531
0,0,0,0,48.52497863769531,31.881717681884766,9.97344970703125
0,0,0,0,48.52530288696289,31.881343841552734,9.973487854003906
0,0,0,0,48.525596618652344,31.880908966064453,9.973564147949219
0,0,0,0,48.525814056396484,31.880447387695312,9.973648071289062
0,0,0,0,48.52591323852539,31.880022048950195,9.973747253417969
0,0,0,0,48.52600860595703,31.879270553588867,9.973907470703125
0,0,0,0,48.526004791259766,31.878734588623047,9.974037170410156
0,0,0,0,48.52598190307617,31.878128051757812,9.974159240722656
0,0,0,0,48.52588653564453,31.877370834350586,9.974311828613281
0,0,0,0,48.525787353515625,31.876758575439453,9.97442626953125
0,0,0,0,48.52574157714844,31.876140594482422,9.974525451660156
0,0,0,0,48.52564239501953,31.875280380249023,9.974647521972656
0,0,0,0,48.52562713623047,31.874311447143555,9.974678039550781
0,0,0,0,48.52556610107422,31.87385368347168,9.974662780761719
0,0,0,0,48.525634765625,31.872827529907227,9.974624633789062
0,0,0,0,48.52566146850586,31.872093200683594,9.974601745605469
0,0,0,0,48.52579879760742,31.87125587463379,9.974594116210938
0,0,0,0,48.52595901489258,31.870193481445312,9.974609375
0,0,0,0,48.526187896728516,31.869325637817383,9.974639892578125
0,0,0,0,48.5263671875,31.868579864501953,9.974662780761719
0,0,0,0,48.526710510253906,31.86750602722168,9.974685668945312
0,0,0,0,48.52695846557617,31.866830825805664,9.9747314453125
0,0,0,0,48.52726364135742,31.866119384765625,9.974761962890625
0,0,0,0,48.52764892578125,31.86524772644043,9.9747314453125
0,0,0,0,48.52798080444336,31.86433982849121,9.974655151367188
0,0,0,0,48.52817916870117,31.863908767700195,9.974609375
0,0,0,0,48.52857208251953,31.86306381225586,9.974464416503906
0,0,0,0,48.528907775878906,31.862485885620117,9.974296569824219
0,0,0,0,48.52918243408203,31.861957550048828,9.974136352539062
0,0,0,0,48.52958679199219,31.86127471923828,9.973930358886719
0,0,0,0,48.52980041503906,31.86086082458496,9.973770141601562
0,0,0,0,48.530059814453125,31.86045265197754,9.973594665527344
0,0,0,0,48.53024673461914,31.86001205444336,9.973365783691406
0,0,0,0,48.530418395996094,31.859628677368164,9.973213195800781
0,0,0,0,48.530460357666016,31.859357833862305,9.973075866699219
0,0,0,0,48.53059387207031,31.85891342163086,9.972930908203125
0,0,0,0,48.53063201904297,31.858659744262695,9.972877502441406
0,0,0,0,48.530704498291016,31.85832405090332,9.972885131835938
0,0,0,0,48.53071594238281,31.85807228088379,9.972969055175781
0,0,0,0,48.53071975708008,31.857879638671875,9.973068237304688
0,0,0,0,48.53071594238281,31.8577823638916,9.97320556640625
0,0,0,0,48.53070831298828,31.857666015625,9.973381042480469
0,0,0,0,48.53071975708008,31.8576602935791,9.973541259765625
0,0,0,0,48.530696868896484,31.857650756835938,9.97369384765625
0,0,0,0,48.5306510925293,31.85770034790039,9.973861694335938
0,0,0,0,48.53052520751953,31.857830047607422,9.973968505859375
0,0,0,0,48.530452728271484,31.857942581176758,9.974052429199219
0,0,0,0,48.53022766113281,31.858163833618164,9.974136352539062
0,0,0,0,48.529998779296875,31.858341217041016,9.974113464355469
0,0,0,0,48.529815673828125,31.85849952697754,9.974044799804688
0,0,0,0,48.52951431274414,31.858718872070312,9.973838806152344
0,0,0,0,48.529178619384766,31.858993530273438,9.973640441894531
0,0,0,0,48.52888107299805,31.85919952392578,9.973411560058594
0,0,0,0,48.52839279174805,31.859621047973633,9.973052978515625
0,0,0,0,48.5280647277832,31.859867095947266,9.972694396972656
0,0,0,0,48.52773666381836,31.860233306884766,9.972267150878906
0,0,0,0,48.52732467651367,31.860698699951172,9.971710205078125
0,0,0,0,48.52702331542969,31.861167907714844,9.971275329589844
0,0,0,0,48.52669906616211,31.86161994934082,9.970832824707031
0,0,0,0,48.52631378173828,31.862302780151367,9.970176696777344
0,0,0,0,48.52602767944336,31.862865447998047,9.969627380371094
0,0,0,0,48.52585220336914,31.863496780395508,9.969070434570312
0,0,0,0,48.52555465698242,31.86437225341797,9.9683837890625
0,0,0,0,48.52547073364258,31.864974975585938,9.96795654296875
0,0,0,0,48.525360107421875,31.865631103515625,9.967605590820312
0,0,0,0,48.52543640136719,31.86646270751953,9.967330932617188
0,0,0,0,48.525489807128906,31.867177963256836,9.967208862304688
0,0,0,0,48.52568435668945,31.867795944213867,9.967117309570312
0,0,0,0,48.525943756103516,31.868680953979492,9.967071533203125
0,0,0,0,48.52623748779297,31.86921501159668,9.967079162597656
0,0,0,0,48.52651596069336,31.869855880737305,9.967109680175781
0,0,0,0,48.52699279785156,31.870601654052734,9.967185974121094
0,0,0,0,48.52733612060547,31.871204376220703,9.967262268066406
0,0,0,0,48.527687072753906,31.87175178527832,9.967330932617188
0,0,0,0,48.528099060058594,31.872549057006836,9.967430114746094
0,0,0,0,48.52836227416992,31.87310791015625,9.967498779296875
0,0,0,0,48.52865219116211,31.873674392700195,9.967575073242188
0,0,0,0,48.52893829345703,31.874422073364258,9.967697143554688
0,0,0,0,48.529170989990234,31.87496566772461,9.967803955078125
0,0,0,0,48.5293083190918,31.875547409057617,9.967948913574219
0,0,0,0,48.529518127441406,31.876237869262695,9.968154907226562
0,0,0,0,48.52960968017578,31.876794815063477,9.968338012695312
0,0,0,0,48.52976989746094,31.87727165222168,9.968528747558594
0,0,0,0,48.52984619140625,31.877975463867188,9.968803405761719
0,0,0,0,48.529945373535156,31.878416061401367,9.969047546386719
0,0,0,0,48.52992630004883,31.878910064697266,9.969284057617188
0,0,0,0,48.52996826171875,31.879444122314453,9.969596862792969
0,0,0,0,48.529930114746094,31.879947662353516,9.969810485839844
0,0,0,0,48.52992248535156,31.880346298217773,9.969993591308594
0,0,0,0,48.52984619140625,31.880939483642578,9.970191955566406
0,0,0,0,48.52972412109375,31.88136863708496,9.970268249511719
0,0,0,0,48.529605865478516,31.881877899169922,9.970283508300781
0,0,0,0,48.52938461303711,31.882537841796875,9.970184326171875
0,0,0,0,48.52924346923828,31.88315773010254,9.969978332519531
0,0,0,0,48.529117584228516,31.883480072021484,9.969863891601562
0,0,0,0,48.5289192199707,31.88405990600586,9.969581604003906
0,0,0,0,48.52869415283203,31.88450813293457,9.969352722167969
0,0,0,0,48.52853012084961,31.88486099243164,9.969108581542969
0,0,0,0,48.5281867980957,31.885372161865234,9.968734741210938
0,0,0,0,48.527984619140625,31.885656356811523,9.968391418457031
0,0,0,0,48.527687072753906,31.885986328125,9.967994689941406
0,0,0,0,48.5273551940918,31.886266708374023,9.967422485351562
0,0,0,0,48.527042388916016,31.886545181274414,9.9669189453125
0,0,0,0,48.52678298950195,31.886707305908203,9.966392517089844
0,0,0,0,48.52641296386719,31.88698387145996,9.965675354003906
0,0,0,0,48.52615737915039,31.887104034423828,9.965133666992188
0,0,0,0,48.525901794433594,31.88730239868164,9.964591979980469
0,0,0,0,48.52558517456055,31.88746452331543,9.963836669921875
0,0,0,0,48.525367736816406,31.887605667114258,9.9632568359375
0,0,0,0,48.525108337402344,31.887680053710938,9.962692260742188
0,0,0,0,48.52482223510742,31.88779067993164,9.961967468261719
0,0,0,0,48.52457809448242,31.88788414001465,9.961471557617188
0,0,0,0,48.52443313598633,31.88790512084961,9.961036682128906
0,0,0,0,48.524173736572266,31.887920379638672,9.960601806640625
0,0,0,0,48.524070739746094,31.887874603271484,9.960357666015625
0,0,0,0,48.52392578125,31.887922286987305,9.960174560546875
0,0,0,0,48.52389144897461,31.887901306152344,9.96002197265625
0,0,0,0,48.52387237548828,31.88797950744629,9.959953308105469
0,0,0,0,48.523902893066406,31.887981414794922,9.959938049316406
0,0,0,0,48.52395248413086,31.88817024230957,9.959945678710938
0,0,0,0,48.524070739746094,31.888288497924805,9.959991455078125
0,0,0,0,48.52416229248047,31.888511657714844,9.960060119628906
0,0,0,0,48.52432632446289,31.888751983642578,9.960174560546875
0,0,0,0,48.524452209472656,31.889009475708008,9.960273742675781
0,0,0,0,48.524574279785156,31.889230728149414,9.960411071777344
0,0,0,0,48.52477264404297,31.889591217041016,9.960586547851562
0,0,0,0,48.524906158447266,31.889848709106445,9.960685729980469
0,0,0,0,48.52511978149414,31.890092849731445,9.960716247558594
0,0,0,0,48.525325775146484,31.89043617248535,9.960716247558594
0,0,0,0,48.525535583496094,31.89065933227539,9.960708618164062
0,0,0,0,48.52566146850586,31.890928268432617,9.960678100585938
0,0,0,0,48.525936126708984,31.891183853149414,9.960609436035156
0,0,0,0,48.52608871459961,31.891420364379883,9.960548400878906
0,0,0,0,48.52632522583008,31.891572952270508,9.960479736328125
0,0,0,0,48.52651596069336,31.89191246032715,9.960365295410156
0,0,0,0,48.52671432495117,31.89204216003418,9.960296630859375
0,0,0,0,48.526851654052734,31.892234802246094,9.960205078125
0,0,0,0,48.52709197998047,31.89234161376953,9.960052490234375
0,0,0,0,48.527225494384766,31.892459869384766,9.959892272949219
0,0,0,0,48.52735900878906,31.892471313476562,9.959709167480469
0,0,0,0,48.527503967285156,31.89250946044922,9.959373474121094
0,0,0,0,48.52752685546875,31.892471313476562,9.958961486816406
0,0,0,0,48.527565002441406,31.892410278320312,9.958740234375
0,0,0,0,48.52751159667969,31.892274856567383,9.958274841308594
0,0,0,0,48.5274658203125,31.892105102539062,9.95794677734375
0,0,0,0,48.52729034423828,31.891942977905273,9.957656860351562
0,0,0,0,48.527076721191406,31.89160919189453,9.957313537597656
0,0,0,0,48.52680587768555,31.891366958618164,9.957107543945312
0,0,0,0,48.52660369873047,31.891002655029297,9.956954956054688
0,0,0,0,48.52621078491211,31.890586853027344,9.956771850585938
0,0,0,0,48.52595138549805,31.890165328979492,9.956657409667969
0,0,0,0,48.525596618652344,31.889806747436523,9.956550598144531
0,0,0,0,48.525177001953125,31.889232635498047,9.956428527832031
0,0,0,0,48.524784088134766,31.888872146606445,9.956390380859375
0,0,0,0,48.52442169189453,31.888446807861328,9.9564208984375
0,0,0,0,48.52390670776367,31.887907028198242,9.956535339355469
0,0,0,0,48.52354049682617,31.887414932250977,9.956695556640625
0,0,0,0,48.52320098876953,31.886945724487305,9.956939697265625
0,0,0,0,48.522762298583984,31.88623809814453,9.957305908203125
0,0,0,0,48.522518157958984,31.885684967041016,9.957572937011719
0,0,0,0,48.522239685058594,31.8851261138916,9.957839965820312
0,0,0,0,48.52193069458008,31.88431739807129,9.958206176757812
0,0,0,0,48.521644592285156,31.883684158325195,9.958473205566406
0,0,0,0,48.52144241333008,31.88298988342285,9.958732604980469
0,0,0,0,48.5211181640625,31.882108688354492,9.959098815917969
0,0,0,0,48.520965576171875,31.8813533782959,9.959365844726562
0,0,0,0,48.52073669433594,31.880640029907227,9.959625244140625
0,0,0,0,48.520591735839844,31.879514694213867,9.959938049316406
0,0,0,0,48.52044677734375,31.87870216369629,9.960151672363281
0,0,0,0,48.520355224609375,31.877775192260742,9.96038818359375
0,0,0,0,48.52013397216797,31.8765869140625,9.960716247558594
0,0,0,0,48.51998519897461,31.875633239746094,9.960968017578125
0,0,0,0,48.519832611083984,31.87474250793457,9.961196899414062
0,0,0,0,48.519649505615234,31.87343978881836,9.96148681640625
0,0,0,0,48.51951217651367,31.872455596923828,9.961715698242188
0,0,0,0,48.51934051513672,31.87145233154297,9.961952209472656
0,0,0,0,48.51914978027344,31.870119094848633,9.962287902832031
0,0,0,0,48.51897430419922,31.86909294128418,9.96258544921875
0,0,0,0,48.51887130737305,31.868038177490234,9.962913513183594
0,0,0,0,48.518653869628906,31.866680145263672,9.963340759277344
0,0,0,0,48.518550872802734,31.865623474121094,9.963630676269531
0,0,0,0,48.51835250854492,31.864639282226562,9.963882446289062
0,0,0,0,48.518280029296875,31.86324119567871,9.964164733886719
0,0,0,0,48.518226623535156,31.86231231689453,9.964324951171875
0,0,0,0,48.51826095581055,31.861297607421875,9.964431762695312
0,0,0,0,48.51824951171875,31.86002540588379,9.964561462402344
0,0,0,0,48.518367767333984,31.858963012695312,9.964630126953125
0,0,0,0,48.51847457885742,31.857990264892578,9.964668273925781
0,0,0,0,48.51863098144531,31.85661506652832,9.964683532714844
0,0,0,0,48.518760681152344,31.855701446533203,9.964698791503906
0,0,0,0,48.518890380859375,31.85478973388672,9.964706420898438
0,0,0,0,48.51911926269531,31.85367202758789,9.964729309082031
0,0,0,0,48.519283294677734,31.852876663208008,9.964736938476562
0,0,0,0,48.51950454711914,31.85212516784668,9.964706420898438
0,0,0,0,48.5197639465332,31.851198196411133,9.964691162109375
0,0,0,0,48.5200309753418,31.85050392150879,9.964714050292969
0,0,0,0,48.52021408081055,31.84990882873535,9.964775085449219
0,0,0,0,48.520565032958984,31.849102020263672,9.964935302734375
0,0,0,0,48.5208740234375,31.84845542907715,9.965194702148438
0,0,0,0,48.5211067199707,31.848112106323242,9.965324401855469
0,0,0,0,48.521507263183594,31.84761619567871,9.96563720703125
0,0,0,0,48.5218620300293,31.847213745117188,9.965957641601562
0,0,0,0,48.52212142944336,31.846906661987305,9.96630859375
0,0,0,0,48.522518157958984,31.846418380737305,9.966751098632812
0,0,0,0,48.52276611328125,31.846166610717773,9.967048645019531
0,0,0,0,48.523033142089844,31.84585952758789,9.967323303222656
0,0,0,0,48.52336120605469,31.8455867767334,9.967674255371094
0,0,0,0,48.5235595703125,31.84539031982422,9.967887878417969
0,0,0,0,48.52378845214844,31.845251083374023,9.968055725097656
0,0,0,0,48.52407455444336,31.84510612487793,9.968284606933594
0,0,0,0,48.524349212646484,31.844985961914062,9.968467712402344
0,0,0,0,48.5245475769043,31.844877243041992,9.968650817871094
0,0,0,0,48.524879455566406,31.844730377197266,9.968894958496094
0,0,0,0,48.525054931640625,31.844655990600586,9.969078063964844
0,0,0,0,48.52532196044922,31.844501495361328,9.969276428222656
0,0,0,0,48.52558898925781,31.844404220581055,9.969558715820312
0,0,0,0,48.525856018066406,31.84424591064453,9.969779968261719
0,0,0,0,48.52602005004883,31.844146728515625,9.970039367675781
0,0,0,0,48.526283264160156,31.84389877319336,9.970436096191406
0,0,0,0,48.52644729614258,31.843774795532227,9.97076416015625
0,0,0,0,48.52665710449219,31.843523025512695,9.971153259277344
0,0,0,0,48.526885986328125,31.84326171875,9.971717834472656
0,0,0,0,48.5270881652832,31.843006134033203,9.97216796875
0,0,0,0,48.52741622924805,31.84272575378418,9.972801208496094
0,0,0,0,48.52760314941406,31.84254264831543,9.973243713378906
0,0,0,0,48.52784729003906,31.842329025268555,9.973670959472656
0,0,0,0,48.52804946899414,31.842121124267578,9.974113464355469
0,0,0,0,48.52839660644531,31.841930389404297,9.974678039550781
0,0,0,0,48.52857971191406,31.84191131591797,9.975074768066406
0,0,0,0,48.528812408447266,31.841922760009766,9.975425720214844
0,0,0,0,48.529029846191406,31.842077255249023,9.975830078125
0,0,0,0,48.52924728393555,31.842166900634766,9.976097106933594
0,0,0,0,48.52939224243164,31.84237289428711,9.976325988769531
0,0,0,0,48.52964782714844,31.842620849609375,9.9765625
0,0,0,0,48.52974319458008,31.84295654296875,9.976715087890625
0,0,0,0,48.529884338378906,31.84324073791504,9.976860046386719
0,0,0,0,48.5300178527832,31.843767166137695,9.976974487304688
0,0,0,0,48.53013229370117,31.844097137451172,9.97698974609375
0,0,0,0,48.53022766113281,31.844512939453125,9.976936340332031
0,0,0,0,48.53041458129883,31.84508514404297,9.976821899414062
0,0,0,0,48.53061294555664,31.845605850219727,9.976692199707031
0,0,0,0,48.530799865722656,31.846097946166992,9.97650146484375
0,0,0,0,48.531131744384766,31.846786499023438,9.976127624511719
0,0,0,0,48.53135681152344,31.847354888916016,9.975830078125
0,0,0,0,48.53166198730469,31.84792137145996,9.975502014160156
0,0,0,0,48.532005310058594,31.84874725341797,9.9749755859375
0,0,0,0,48.5323600769043,31.849306106567383,9.974525451660156
0,0,0,0,48.53265380859375,31.849971771240234,9.974037170410156
0,0,0,0,48.53310775756836,31.850799560546875,9.973358154296875
0,0,0,0,48.53335952758789,31.851490020751953,9.972824096679688
0,0,0,0,48.53366470336914,31.852073669433594,9.972244262695312
0,0,0,0,48.5339241027832,31.852975845336914,9.971450805664062
0,0,0,0,48.53410720825195,31.853561401367188,9.970870971679688
0,0,0,0,48.534210205078125,31.854211807250977,9.970283508300781
0,0,0,0,48.53437805175781,31.854963302612305,9.969482421875
0,0,0,0,48.53449249267578,31.85558319091797,9.968879699707031
0,0,0,0,48.53456497192383,31.856143951416016,9.968276977539062
0,0,0,0,48.53468322753906,31.856952667236328,9.967475891113281
0,0,0,0,48.53476333618164,31.857563018798828,9.966911315917969
0,0,0,0,48.5349006652832,31.85820198059082,9.966384887695312
0,0,0,0,48.53504943847656,31.859046936035156,9.965812683105469
0,0,0,0,48.53525161743164,31.859603881835938,9.965446472167969
0,0,0,0,48.53541946411133,31.860219955444336,9.965133666992188
0,0,0,0,48.535762786865234,31.860946655273438,9.964813232421875
0,0,0,0,48.53596496582031,31.861547470092773,9.964645385742188
0,0,0,0,48.53627395629883,31.86202621459961,9.964553833007812
0,0,0,0,48.53660583496094,31.86273956298828,9.964546203613281
0,0,0,0,48.53693771362305,31.863183975219727,9.964576721191406
0,0,0,0,48.537200927734375,31.863733291625977,9.964607238769531
0,0,0,0,48.53759765625,31.864389419555664,9.964622497558594
0,0,0,0,48.537841796875,31.86496925354004,9.964630126953125
0,0,0,0,48.5380744934082,31.865488052368164,9.964599609375
0,0,0,0,48.53832244873047,31.866289138793945,9.964492797851562
0,0,0,0,48.538455963134766,31.86682891845703,9.964363098144531
0,0,0,0,48.5385856628418,31.86737823486328,9.96417236328125
0,0,0,0,48.5386848449707,31.868059158325195,9.9638671875
0,0,0,0,48.538780212402344,31.86851692199707,9.963569641113281
0,0,0,0,48.53875732421875,31.868976593017578,9.963226318359375
0,0,0,0,48.53872299194336,31.869497299194336,9.962692260742188
0,0,0,0,48.538551330566406,31.869922637939453,9.962226867675781
0,0,0,0,48.53839874267578,31.870269775390625,9.96173095703125
0,0,0,0,48.53799057006836,31.870786666870117,9.961044311523438
0,0,0,0,48.537532806396484,31.871177673339844,9.960365295410156
0,0,0,0,48.537235260009766,31.871421813964844,9.96002197265625
0,0,0,0,48.536643981933594,31.871789932250977,9.959320068359375
0,0,0,0,48.53614807128906,31.872156143188477,9.958778381347656
0,0,0,0,48.53569412231445,31.872425079345703,9.958236694335938
0,0,0,0,48.53498458862305,31.872879028320312,9.95745849609375
0,0,0,0,48.534427642822266,31.873132705688477,9.956863403320312
0,0,0,0,48.533843994140625,31.873428344726562,9.956260681152344
0,0,0,0,48.53304672241211,31.873788833618164,9.955474853515625
0,0,0,0,48.53249740600586,31.87405014038086,9.954933166503906
0,0,0,0,48.53190231323242,31.8742733001709,9.954429626464844
0,0,0,0,48.53120040893555,31.87451934814453,9.953857421875
0,0,0,0,48.53062057495117,31.87472152709961,9.953498840332031
0,0,0,0,48.530120849609375,31.874847412109375,9.95318603515625
0,0,0,0,48.52931594848633,31.87505531311035,9.952804565429688
0,0,0,0,48.52877426147461,31.875099182128906,9.95257568359375
0,0,0,0,48.528167724609375,31.875192642211914,9.952354431152344
0,0,0,0,48.5274772644043,31.87514305114746,9.952064514160156
0,0,0,0,48.526912689208984,31.875131607055664,9.951889038085938
0,0,0,0,48.52643585205078,31.874998092651367,9.951759338378906
0,0,0,0,48.5257682800293,31.8748722076416,9.951637268066406
0,0,0,0,48.52531051635742,31.874691009521484,9.951583862304688
0,0,0,0,48.52481460571289,31.87455177307129,9.951530456542969
0,0,0,0,48.52415084838867,31.874217987060547,9.951553344726562
0,0,0,0,48.523677825927734,31.87395477294922,9.951629638671875
0,0,0,0,48.52317810058594,31.873638153076172,9.9517822265625
0,0,0,0,48.52255630493164,31.873245239257812,9.952041625976562
0,0,0,0,48.52207565307617,31.872957229614258,9.9522705078125
0,0,0,0,48.52168273925781,31.87265396118164,9.952522277832031
0,0,0,0,48.5211067199707,31.872339248657227,9.952880859375
0,0,0,0,48.52079772949219,31.87209129333496,9.953132629394531
0,0,0,0,48.5203971862793,31.871931076049805,9.953376770019531
0,0,0,0,48.519935607910156,31.87169647216797,9.953712463378906
0,0,0,0,48.51953125,31.871665954589844,9.953987121582031
0,0,0,0,48.519187927246094,31.871625900268555,9.954238891601562
0,0,0,0,48.51860809326172,31.871734619140625,9.954498291015625
0,0,0,0,48.518028259277344,31.87178611755371,9.954681396484375
0,0,0,0,48.51774215698242,31.871875762939453,9.954750061035156
0,0,0,0,48.51718521118164,31.872011184692383,9.954864501953125
0,0,0,0,48.516624450683594,31.872241973876953,9.954933166503906
0,0,0,0,48.516326904296875,31.872356414794922,9.954978942871094
0,0,0,0,48.51576614379883,31.87264633178711,9.955070495605469
0,0,0,0,48.51530456542969,31.87289810180664,9.955169677734375
0,0,0,0,48.514896392822266,31.873180389404297,9.955307006835938
0,0,0,0,48.51432800292969,31.87356185913086,9.955497741699219
0,0,0,0,48.51396560668945,31.873865127563477,9.955650329589844
0,0,0,0,48.513553619384766,31.874265670776367,9.955810546875
0,0,0,0,48.51310729980469,31.874767303466797,9.955978393554688
0,0,0,0,48.51272964477539,31.875232696533203,9.956016540527344
0,0,0,0,48.51237869262695,31.875782012939453,9.955947875976562
0,0,0,0,48.51211929321289,31.87628936767578,9.955818176269531
0,0,0,0,48.51194381713867,31.87670135498047,9.955635070800781
0,0,0,0,48.51171112060547,31.877201080322266,9.955390930175781
0,0,0,0,48.511497497558594,31.877710342407227,9.955001831054688
0,0,0,0,48.511356353759766,31.878170013427734,9.95465087890625
0,0,0,0,48.51123809814453,31.87856101989746,9.95428466796875
0,0,0,0,48.51109313964844,31.879165649414062,9.953788757324219
0,0,0,0,48.51099395751953,31.879619598388672,9.953399658203125
0,0,0,0,48.510929107666016,31.880115509033203,9.953025817871094
0,0,0,0,48.510860443115234,31.880760192871094,9.95257568359375
0,0,0,0,48.51090621948242,31.88119888305664,9.952224731445312
0,0,0,0,48.51093673706055,31.88162612915039,9.951866149902344
0,0,0,0,48.5111198425293,31.882108688354492,9.951408386230469
0,0,0,0,48.511234283447266,31.882478713989258,9.951095581054688
0,0,0,0,48.511478424072266,31.882740020751953,9.950782775878906
0,0,0,0,48.51176452636719,31.883163452148438,9.950325012207031
0,0,0,0,48.51216506958008,31.883438110351562,9.949874877929688
0,0,0,0,48.51233673095703,31.883625030517578,9.949676513671875
0,0,0,0,48.512794494628906,31.88381576538086,9.949310302734375
0,0,0,0,48.51308822631836,31.884033203125,9.94903564453125
0,0,0,0,48.513404846191406,31.884170532226562,9.948806762695312
0,0,0,0,48.51376724243164,31.884492874145508,9.948554992675781
0,0,0,0,48.514137268066406,31.88482093811035,9.948318481445312
0,0,0,0,48.514366149902344,31.885007858276367,9.948219299316406
0,0,0,0,48.5147819519043,31.885318756103516,9.948043823242188
0,0,0,0,48.515106201171875,31.885576248168945,9.947952270507812
0,0,0,0,48.51539993286133,31.88582992553711,9.947860717773438
0,0,0,0,48.51581573486328,31.886144638061523,9.947731018066406
0,0,0,0,48.51603698730469,31.88640022277832,9.947601318359375
0,0,0,0,48.51632308959961,31.886585235595703,9.947425842285156
0,0,0,0,48.516605377197266,31.886947631835938,9.947151184082031
0,0,0,0,48.51689147949219,31.88716697692871,9.946929931640625
0,0,0,0,48.517093658447266,31.887462615966797,9.946723937988281
0,0,0,0,48.51744842529297,31.887775421142578,9.94647216796875
0,0,0,0,48.51765060424805,31.888126373291016,9.946342468261719
0,0,0,0,48.51793670654297,31.888364791870117,9.946250915527344
0,0,0,0,48.518280029296875,31.8887882232666,9.946205139160156
0,0,0,0,48.518585205078125,31.889049530029297,9.946235656738281
0,0,0,0,48.518856048583984,31.889371871948242,9.946327209472656
0,0,0,0,48.51925277709961,31.88968849182129,9.946571350097656
0,0,0,0,48.51958465576172,31.889936447143555,9.946815490722656
0,0,0,0,48.51991271972656,31.890138626098633,9.94708251953125
0,0,0,0,48.520423889160156,31.890417098999023,9.947525024414062
0,0,0,0,48.52078628540039,31.89061737060547,9.947898864746094
0,0,0,0,48.521236419677734,31.89076042175293,9.948326110839844
0,0,0,0,48.52178955078125,31.890939712524414,9.948951721191406
0,0,0,0,48.522300720214844,31.890981674194336,9.949447631835938
0,0,0,0,48.52273941040039,31.891021728515625,9.949958801269531
0,0,0,0,48.523460388183594,31.89090919494629,9.950607299804688
0,0,0,0,48.52396011352539,31.890846252441406,9.951080322265625
0,0,0,0,48.524539947509766,31.8906307220459,9.9515380859375
0,0,0,0,48.525230407714844,31.890380859375,9.952178955078125
0,0,0,0,48.525779724121094,31.89011573791504,9.952659606933594
0,0,0,0,48.526275634765625,31.889928817749023,9.953102111816406
0,0,0,0,48.52695083618164,31.8895320892334,9.953666687011719
0,0,0,0,48.52741622924805,31.88922119140625,9.9541015625
0,0,0,0,48.52785873413086,31.88880157470703,9.95452880859375
0,0,0,0,48.52843475341797,31.888242721557617,9.955093383789062
0,0,0,0,48.52882766723633,31.887767791748047,9.955467224121094
0,0,0,0,48.52928924560547,31.887239456176758,9.955795288085938
0,0,0,0,48.52981948852539,31.886484146118164,9.956192016601562
0,0,0,0,48.53028106689453,31.88583755493164,9.956459045410156
0,0,0,0,48.530670166015625,31.885204315185547,9.956718444824219
0,0,0,0,48.53131866455078,31.884244918823242,9.957069396972656
0,0,0,0,48.53175735473633,31.883560180664062,9.95733642578125
0,0,0,0,48.53227996826172,31.88275718688965,9.957603454589844
0,0,0,0,48.53287124633789,31.881792068481445,9.957939147949219
0,0,0,0,48.533531188964844,31.880788803100586,9.958221435546875
0,0,0,0,48.5338249206543,31.8803768157959,9.958358764648438
0,0,0,0,48.534461975097656,31.879474639892578,9.958595275878906
0,0,0,0,48.5349006652832,31.87889862060547,9.958763122558594
0,0,0,0,48.535362243652344,31.87826919555664,9.958969116210938
0,0,0,0,48.535945892333984,31.877614974975586,9.959274291992188
0,0,0,0,48.53636932373047,31.877168655395508,9.959518432617188
0,0,0,0,48.536808013916016,31.876768112182617,9.95977783203125
0,0,0,0,48.5373420715332,31.87622833251953,9.960113525390625
0,0,0,0,48.53778076171875,31.875852584838867,9.960357666015625
0,0,0,0,48.53815460205078,31.87552261352539,9.9605712890625
0,0,0,0,48.53866958618164,31.875133514404297,9.960777282714844
0,0,0,0,48.538902282714844,31.874923706054688,9.960906982421875
0,0,0,0,48.53919219970703,31.874637603759766,9.961097717285156
0,0,0,0,48.539432525634766,31.874309539794922,9.961380004882812
0,0,0,0,48.539649963378906,31.873987197875977,9.961639404296875
0,0,0,0,48.53973388671875,31.873779296875,9.961883544921875
0,0,0,0,48.53986740112305,31.87343406677246,9.962158203125
0,0,0,0,48.539859771728516,31.873273849487305,9.962379455566406
0,0,0,0,48.539878845214844,31.873016357421875,9.96258544921875
0,0,0,0,48.53978729248047,31.87279510498047,9.962844848632812
0,0,0,0,48.539695739746094,31.87259292602539,9.963043212890625
0,0,0,0,48.53959274291992,31.872478485107422,9.963203430175781
0,0,0,0,48.53940963745117,31.872299194335938,9.963401794433594
0,0,0,0,48.53926467895508,31.872215270996094,9.963516235351562
0,0,0,0,48.539024353027344,31.872127532958984,9.963638305664062
0,0,0,0,48.53871536254883,31.872037887573242,9.963813781738281
0,0,0,0,48.53840255737305,31.87202262878418,9.96392822265625
0,0,0,0,48.538143157958984,31.871984481811523,9.964019775390625
0,0,0,0,48.537681579589844,31.87194061279297,9.964111328125
0,0,0,0,48.53740692138672,31.871828079223633,9.964149475097656
0,0,0,0,48.53704833984375,31.871776580810547,9.96417236328125
0,0,0,0,48.53665542602539,31.871572494506836,9.964202880859375
0,0,0,0,48.53628921508789,31.87151336669922,9.964225769042969
0,0,0,0,48.535980224609375,31.871374130249023,9.964210510253906
0,0,0,0,48.5355110168457,31.871322631835938,9.964195251464844
0,0,0,0,48.535179138183594,31.87120246887207,9.964195251464844
0,0,0,0,48.53480529785156,31.871177673339844,9.964202880859375
0,0,0,0,48.53433609008789,31.871042251586914,9.964279174804688
0,0,0,0,48.53403854370117,31.87098503112793,9.96435546875
0,0,0,0,48.53376007080078,31.870891571044922,9.964469909667969
0,0,0,0,48.533424377441406,31.87079620361328,9.964653015136719
0,0,0,0,48.533138275146484,31.87074089050293,9.964828491210938
0,0,0,0,48.532928466796875,31.870670318603516,9.965042114257812
0,0,0,0,48.53261947631836,31.870582580566406,9.965362548828125
0,0,0,0,48.53247833251953,31.870458602905273,9.965652465820312
0,0,0,0,48.532264709472656,31.8703670501709,9.965980529785156
0,0,0,0,48.53213882446289,31.870197296142578,9.966484069824219
0,0,0,0,48.53196716308594,31.870101928710938,9.966896057128906
0,0,0,0,48.53189468383789,31.8698787689209,9.967315673828125
0,0,0,0,48.53174591064453,31.869680404663086,9.967926025390625
0,0,0,0,48.53170394897461,31.869441986083984,9.9683837890625
0,0,0,0,48.53162384033203,31.869291305541992,9.968856811523438
0,0,0,0,48.531593322753906,31.86896324157715,9.969535827636719
0,0,0,0,48.53154373168945,31.868806838989258,9.970054626464844
0,0,0,0,48.531517028808594,31.86861228942871,9.9705810546875
0,0,0,0,48.53147888183594,31.8684024810791,9.9713134765625
0,0,0,0,48.53141784667969,31.868268966674805,9.9720458984375
0,0,0,0,48.53143310546875,31.868186950683594,9.972419738769531
0,0,0,0,48.53135681152344,31.868072509765625,9.973091125488281
0,0,0,0,48.531333923339844,31.86795425415039,9.973533630371094
0,0,0,0,48.53122329711914,31.867902755737305,9.973945617675781
0,0,0,0,48.531124114990234,31.867786407470703,9.974464416503906
0,0,0,0,48.531002044677734,31.86774253845215,9.974761962890625
0,0,0,0,48.53099060058594,31.867603302001953,9.975006103515625
0,0,0,0,48.5308952331543,31.867557525634766,9.97528076171875
0,0,0,0,48.53089141845703,31.86746597290039,9.975440979003906
0,0,0,0,48.53083038330078,31.86746597290039,9.975555419921875
0,0,0,0,48.53086471557617,31.86741828918457,9.975662231445312
0,0,0,0,48.530860900878906,31.867469787597656,9.975692749023438
0,0,0,0,48.5308837890625,31.867431640625,9.975715637207031
0,0,0,0,48.530860900878906,31.867435455322266,9.975669860839844
0,0,0,0,48.53083038330078,31.867380142211914,9.975608825683594
0,0,0,0,48.530853271484375,31.867361068725586,9.975540161132812
0,0,0,0,48.53089904785156,31.867334365844727,9.975433349609375
0,0,0,0,48.531002044677734,31.867319107055664,9.975349426269531
0,0,0,0,48.531063079833984,31.867313385009766,9.975257873535156
0,0,0,0,48.531246185302734,31.867273330688477,9.975189208984375
0,0,0,0,48.531333923339844,31.867311477661133,9.975135803222656
0,0,0,0,48.531524658203125,31.867300033569336,9.975082397460938
0,0,0,0,48.53166198730469,31.86733055114746,9.975074768066406
0,0,0,0,48.53181076049805,31.8673152923584,9.975112915039062
0,0,0,0,48.5318489074707,31.867441177368164,9.975181579589844
0,0,0,0,48.5319709777832,31.867599487304688,9.975303649902344
0,0,0,0,48.53199005126953,31.86783790588379,9.975410461425781
0,0,0,0,48.53202819824219,31.868017196655273,9.975517272949219
0,0,0,0,48.53199005126953,31.86842918395996,9.975685119628906
0,0,0,0,48.531944274902344,31.86874771118164,9.975837707519531
0,0,0,0,48.531864166259766,31.86919403076172,9.975982666015625
0,0,0,0,48.53173065185547,31.869827270507812,9.976158142089844
0,0,0,0,48.531593322753906,31.870403289794922,9.976249694824219
0,0,0,0,48.531349182128906,31.871042251586914,9.976325988769531
0,0,0,0,48.53097152709961,31.87200355529785,9.976409912109375
0,0,0,0,48.530582427978516,31.872783660888672,9.976394653320312
0,0,0,0,48.530242919921875,31.8735294342041,9.976303100585938
0,0,0,0,48.52962875366211,31.874576568603516,9.97613525390625
0,0,0,0,48.529212951660156,31.875301361083984,9.975982666015625
0,0,0,0,48.528663635253906,31.876110076904297,9.975822448730469
0,0,0,0,48.52802658081055,31.877090454101562,9.975616455078125
0,0,0,0,48.52748489379883,31.877925872802734,9.975448608398438
0,0,0,0,48.527042388916016,31.878665924072266,9.975303649902344
0,0,0,0,48.52639389038086,31.87975311279297,9.975143432617188
0,0,0,0,48.52595901489258,31.880521774291992,9.975059509277344
0,0,0,0,48.5255241394043,31.88138198852539,9.974998474121094
0,0,0,0,48.52497100830078,31.88245964050293,9.9749755859375
0,0,0,0,48.52457809448242,31.88331413269043,9.9749755859375
0,0,0,0,48.524169921875,31.88412094116211,9.974960327148438
0,0,0,0,48.523651123046875,31.885208129882812,9.974868774414062
0,0,0,0,48.523223876953125,31.88604736328125,9.974739074707031
0,0,0,0,48.52288055419922,31.886898040771484,9.974502563476562
0,0,0,0,48.52239227294922,31.888044357299805,9.974044799804688
0,0,0,0,48.52214050292969,31.88881492614746,9.973625183105469
0,0,0,0,48.521820068359375,31.88960838317871,9.97314453125
0,0,0,0,48.52153778076172,31.890512466430664,9.972412109375
0,0,0,0,48.52130889892578,31.891250610351562,9.971809387207031
0,0,0,0,48.52119827270508,31.891862869262695,9.971183776855469
0,0,0,0,48.520957946777344,31.89276885986328,9.970283508300781
0,0,0,0,48.52083969116211,31.893320083618164,9.969581604003906
0,0,0,0,48.52067947387695,31.89389991760254,9.968879699707031
0,0,0,0,48.520503997802734,31.894542694091797,9.967933654785156
0,0,0,0,48.520362854003906,31.895069122314453,9.967239379882812
0,0,0,0,48.52022171020508,31.89553451538086,9.966552734375
0,0,0,0,48.51997756958008,31.896167755126953,9.965736389160156
0,0,0,0,48.519752502441406,31.89656639099121,9.965217590332031
0,0,0,0,48.51955795288086,31.89694595336914,9.964775085449219
0,0,0,0,48.519222259521484,31.897457122802734,9.964332580566406
0,0,0,0,48.518985748291016,31.897777557373047,9.964118957519531
0,0,0,0,48.518646240234375,31.898107528686523,9.963981628417969
0,0,0,0,48.51823806762695,31.898414611816406,9.963958740234375
0,0,0,0,48.51787567138672,31.898685455322266,9.964012145996094
0,0,0,0,48.51762390136719,31.898866653442383,9.964096069335938
0,0,0,0,48.51718521118164,31.899181365966797,9.964256286621094
0,0,0,0,48.51692581176758,31.899333953857422,9.96441650390625
0,0,0,0,48.51662063598633,31.89957618713379,9.964599609375
0,0,0,0,48.516300201416016,31.899810791015625,9.964866638183594
0,0,0,0,48.51605224609375,31.900102615356445,9.965049743652344
0,0,0,0,48.515892028808594,31.900325775146484,9.965225219726562
0,0,0,0,48.51569366455078,31.9007511138916,9.965484619140625
0,0,0,0,48.51555633544922,31.901025772094727,9.965713500976562
0,0,0,0,48.51546859741211,31.901378631591797,9.965972900390625
0,0,0,0,48.5153923034668,31.901853561401367,9.966278076171875
0,0,0,0,48.515438079833984,31.9022274017334,9.966468811035156
0,0,0,0,48.51546859741211,31.902631759643555,9.966644287109375
0,0,0,0,48.515628814697266,31.903160095214844,9.96685791015625
0,0,0,0,48.51569747924805,31.90361213684082,9.966987609863281
0,0,0,0,48.51587677001953,31.904006958007812,9.967063903808594
0,0,0,0,48.51602554321289,31.904603958129883,9.967117309570312
0,0,0,0,48.5162353515625,31.905086517333984,9.967056274414062
0,0,0,0,48.516334533691406,31.90536880493164,9.966995239257812
0,0,0,0,48.51664352416992,31.905752182006836,9.966880798339844
0,0,0,0,48.516845703125,31.90607261657715,9.966781616210938
0,0,0,0,48.51711654663086,31.90627098083496,9.966659545898438
0,0,0,0,48.517459869384766,31.906539916992188,9.966476440429688
0,0,0,0,48.51777648925781,31.906578063964844,9.966331481933594
0,0,0,0,48.518123626708984,31.906641006469727,9.9661865234375
0,0,0,0,48.51861572265625,31.906597137451172,9.965980529785156
0,0,0,0,48.51904296875,31.906526565551758,9.965835571289062
0,0,0,0,48.51946258544922,31.906394958496094,9.965713500976562
0,0,0,0,48.52009201049805,31.906139373779297,9.965553283691406
0,0,0,0,48.52048873901367,31.90589141845703,9.965423583984375
0,0,0,0,48.52095413208008,31.905529022216797,9.965263366699219
0,0,0,0,48.521453857421875,31.905027389526367,9.965034484863281
0,0,0,0,48.52186965942383,31.904541015625,9.964874267578125
0,0,0,0,48.5222053527832,31.90411376953125,9.964706420898438
0,0,0,0,48.522735595703125,31.90338706970215,9.964485168457031
0,0,0,0,48.52303695678711,31.902841567993164,9.964279174804688
0,0,0,0,48.52342987060547,31.902130126953125,9.964080810546875
0,0,0,0,48.523868560791016,31.901227951049805,9.96380615234375
0,0,0,0,48.52421569824219,31.900426864624023,9.963592529296875
0,0,0,0,48.52449417114258,31.899658203125,9.96337890625
0,0,0,0,48.524906158447266,31.898448944091797,9.963088989257812
0,0,0,0,48.525211334228516,31.89752769470215,9.962837219238281
0,0,0,0,48.52546310424805,31.89651870727539,9.96258544921875
0,0,0,0,48.52583312988281,31.895156860351562,9.962303161621094
0,0,0,0,48.52608871459961,31.894119262695312,9.96209716796875
0,0,0,0,48.52640151977539,31.893051147460938,9.9619140625
0,0,0,0,48.52674102783203,31.891597747802734,9.961715698242188
0,0,0,0,48.5270881652832,31.890405654907227,9.96160888671875
0,0,0,0,48.52737808227539,31.88929557800293,9.961524963378906
0,0,0,0,48.52792739868164,31.88772964477539,9.961448669433594
0,0,0,0,48.528358459472656,31.886621475219727,9.961433410644531
0,0,0,0,48.52890396118164,31.885421752929688,9.961433410644531
0,0,0,0,48.529579162597656,31.883975982666016,9.961502075195312
0,0,0,0,48.530357360839844,31.882478713989258,9.961624145507812
0,0,0,0,48.53071975708008,31.881797790527344,9.961715698242188
0,0,0,0,48.531455993652344,31.880388259887695,9.961967468261719
0,0,0,0,48.53199005126953,31.879430770874023,9.962242126464844
0,0,0,0,48.53252410888672,31.878433227539062,9.962562561035156
0,0,0,0,48.53324890136719,31.877206802368164,9.963119506835938
0,0,0,0,48.533756256103516,31.876310348510742,9.963607788085938
0,0,0,0,48.53428268432617,31.875469207763672,9.964118957519531
0,0,0,0,48.53495407104492,31.874406814575195,9.964820861816406
0,0,0,0,48.535552978515625,31.873645782470703,9.965362548828125
0,0,0,0,48.536075592041016,31.872995376586914,9.965896606445312
0,0,0,0,48.5368537902832,31.872159957885742,9.966567993164062
0,0,0,0,48.53737258911133,31.8717041015625,9.967025756835938
0,0,0,0,48.53798294067383,31.871238708496094,9.967430114746094
0,0,0,0,48.538692474365234,31.870824813842773,9.967864990234375
0,0,0,0,48.53927230834961,31.87049674987793,9.968162536621094
0,0,0,0,48.53976058959961,31.870290756225586,9.968437194824219
0,0,0,0,48.54045104980469,31.869991302490234,9.968780517578125
0,0,0,0,48.540889739990234,31.869915008544922,9.969093322753906
0,0,0,0,48.541316986083984,31.869813919067383,9.969413757324219
0,0,0,0,48.54181671142578,31.869821548461914,9.969825744628906
0,0,0,0,48.5421257019043,31.86977195739746,9.970100402832031
0,0,0,0,48.54240036010742,31.86977195739746,9.970367431640625
0,0,0,0,48.542686462402344,31.8697509765625,9.970718383789062
0,0,0,0,48.54292678833008,31.869749069213867,9.97100830078125
0,0,0,0,48.54307556152344,31.869752883911133,9.9713134765625
0,0,0,0,48.54328155517578,31.869701385498047,9.971748352050781
0,0,0,0,48.5433235168457,31.869714736938477,9.972084045410156
0,0,0,0,48.54339599609375,31.869651794433594,9.972450256347656
0,0,0,0,48.543338775634766,31.86964225769043,9.972946166992188
0,0,0,0,48.54335403442383,31.869600296020508,9.973358154296875
0,0,0,0,48.54329299926758,31.86967658996582,9.973770141601562
0,0,0,0,48.54337692260742,31.86972999572754,9.974342346191406
0,0,0,0,48.54342269897461,31.869840621948242,9.974769592285156
0,0,0,0,48.54353713989258,31.869848251342773,9.975181579589844
0,0,0,0,48.543678283691406,31.86990737915039,9.975662231445312
0,0,0,0,48.543853759765625,31.869873046875,9.976020812988281
0,0,0,0,48.5440559387207,31.869943618774414,9.976371765136719
0,0,0,0,48.54440689086914,31.86997413635254,9.976783752441406
0,0,0,0,48.54475402832031,31.869998931884766,9.977088928222656
0,0,0,0,48.54509353637695,31.869977951049805,9.977432250976562
0,0,0,0,48.5456428527832,31.869935989379883,9.977890014648438
0,0,0,0,48.5460319519043,31.869916915893555,9.978225708007812
0,0,0,0,48.5465087890625,31.86989402770996,9.978523254394531
0,0,0,0,48.54703903198242,31.86990737915039,9.978889465332031
0,0,0,0,48.54750442504883,31.86985206604004,9.979164123535156
0,0,0,0,48.547889709472656,31.869876861572266,9.97943115234375
0,0,0,0,48.54852294921875,31.86981964111328,9.979782104492188
0,0,0,0,48.548912048339844,31.869863510131836,9.980033874511719
0,0,0,0,48.54933166503906,31.869829177856445,9.980300903320312
0,0,0,0,48.549747467041016,31.86992073059082,9.980636596679688
0,0,0,0,48.5500373840332,31.86993408203125,9.980857849121094
0,0,0,0,48.550235748291016,31.87002182006836,9.981063842773438
0,0,0,0,48.55045700073242,31.8700008392334,9.981292724609375
0,0,0,0,48.55059814453125,31.87000846862793,9.9814453125
0,0,0,0,48.55071258544922,31.86992835998535,9.981597900390625
0,0,0,0,48.5508918762207,31.869829177856445,9.981803894042969
0,0,0,0,48.55100631713867,31.86968231201172,9.982017517089844
0,0,0,0,48.551109313964844,31.869579315185547,9.982086181640625
0,0,0,0,48.551116943359375,31.869449615478516,9.982192993164062
0,0,0,0,48.551109313964844,31.869272232055664,9.982246398925781
0,0,0,0,48.55104446411133,31.86925506591797,9.982284545898438
0,0,0,0,48.550987243652344,31.86916732788086,9.982383728027344
0,0,0,0,48.55082321166992,31.86923599243164,9.982498168945312
0,0,0,0,48.55070877075195,31.869232177734375,9.982627868652344
0,0,0,0,48.5504264831543,31.869338989257812,9.982826232910156
0,0,0,0,48.550235748291016,31.869386672973633,9.983001708984375
0,0,0,0,48.549957275390625,31.869558334350586,9.983184814453125
0,0,0,0,48.54959487915039,31.869674682617188,9.983413696289062
0,0,0,0,48.54927062988281,31.86980628967285,9.983604431152344
0,0,0,0,48.54893493652344,31.869869232177734,9.983795166015625
0,0,0,0,48.54841232299805,31.870040893554688,9.9840087890625
0,0,0,0,48.54791259765625,31.870145797729492,9.984100341796875
0,0,0,0,48.547386169433594,31.87027931213379,9.984138488769531
0,0,0,0,48.54655838012695,31.870418548583984,9.984100341796875
0,0,0,0,48.54594421386719,31.870487213134766,9.983940124511719
0,0,0,0,48.54518508911133,31.87055015563965,9.983642578125
0,0,0,0,48.544189453125,31.870540618896484,9.983078002929688
0,0,0,0,48.543296813964844,31.87055778503418,9.9825439453125
0,0,0,0,48.5424690246582,31.87047004699707,9.981918334960938
0,0,0,0,48.541259765625,31.8703670501709,9.980941772460938
0,0,0,0,48.540409088134766,31.870149612426758,9.980110168457031
0,0,0,0,48.539493560791016,31.870019912719727,9.979225158691406
0,0,0,0,48.538360595703125,31.869707107543945,9.978057861328125
0,0,0,0,48.53749084472656,31.86953353881836,9.97723388671875
0,0,0,0,48.536678314208984,31.869243621826172,9.976448059082031
0,0,0,0,48.53556442260742,31.86891746520996,9.975479125976562
0,0,0,0,48.53474426269531,31.86862564086914,9.974830627441406
0,0,0,0,48.53395462036133,31.86834716796875,9.9742431640625
0,0,0,0,48.53293228149414,31.867938995361328,9.973487854003906
0,0,0,0,48.53202819824219,31.867599487304688,9.972816467285156
0,0,0,0,48.53154373168945,31.86748504638672,9.9725341796875
0,0,0,0,48.530731201171875,31.86722183227539,9.972053527832031
0,0,0,0,48.53009033203125,31.86711883544922,9.971717834472656
0,0,0,0,48.52955627441406,31.86700439453125,9.971412658691406
0,0,0,0,48.52878952026367,31.867013931274414,9.971061706542969
0,0,0,0,48.5283317565918,31.866975784301758,9.970863342285156
0,0,0,0,48.52782440185547,31.86705780029297,9.970718383789062
0,0,0,0,48.527320861816406,31.8670597076416,9.970596313476562
0,0,0,0,48.52696990966797,31.86713409423828,9.970535278320312
0,0,0,0,48.52670669555664,31.867116928100586,9.970466613769531
0,0,0,0,48.526363372802734,31.86720848083496,9.970367431640625
0,0,0,0,48.526180267333984,31.86723518371582,9.970314025878906
0,0,0,0,48.52606964111328,31.867341995239258,9.97021484375
0,0,0,0,48.52601623535156,31.867427825927734,9.970100402832031
0,0,0,0,48.52603530883789,31.867555618286133,9.970008850097656
0,0,0,0,48.52605438232422,31.867673873901367,9.969886779785156
0,0,0,0,48.52615737915039,31.867908477783203,9.969688415527344
0,0,0,0,48.52618408203125,31.868133544921875,9.969482421875
0,0,0,0,48.526309967041016,31.86834716796875,9.969253540039062
0,0,0,0,48.52643585205078,31.86874771118164,9.968841552734375
0,0,0,0,48.526611328125,31.869028091430664,9.968475341796875
0,0,0,0,48.52671432495117,31.869396209716797,9.968025207519531
0,0,0,0,48.52699279785156,31.869823455810547,9.967369079589844
0,0,0,0,48.52726364135742,31.87032127380371,9.966690063476562
0,0,0,0,48.52744674682617,31.870494842529297,9.966354370117188
0,0,0,0,48.527687072753906,31.87091827392578,9.965705871582031
0,0,0,0,48.52783966064453,31.871131896972656,9.965240478515625
0,0,0,0,48.52790069580078,31.871395111083984,9.96478271484375
0,0,0,0,48.52798080444336,31.871627807617188,9.964210510253906
0,0,0,0,48.52801513671875,31.8718318939209,9.96380615234375
0,0,0,0,48.52800750732422,31.871976852416992,9.963424682617188
0,0,0,0,48.52797317504883,31.872116088867188,9.962944030761719
0,0,0,0,48.52787399291992,31.87214469909668,9.962608337402344
0,0,0,0,48.52780532836914,31.872161865234375,9.9622802734375
0,0,0,0,48.527584075927734,31.872190475463867,9.961875915527344
0,0,0,0,48.52737808227539,31.87211036682129,9.961563110351562
0,0,0,0,48.52720260620117,31.87210464477539,9.961456298828125
0,0,0,0,48.526973724365234,31.8719425201416,9.961311340332031
0,0,0,0,48.526710510253906,31.871885299682617,9.961257934570312
0,0,0,0,48.52652359008789,31.871740341186523,9.961235046386719
0,0,0,0,48.52616500854492,31.871658325195312,9.961318969726562
0,0,0,0,48.52596664428711,31.871538162231445,9.961456298828125
0,0,0,0,48.52572250366211,31.87152671813965,9.961631774902344
0,0,0,0,48.525474548339844,31.871410369873047,9.961906433105469
0,0,0,0,48.525272369384766,31.871381759643555,9.962120056152344
0,0,0,0,48.52510070800781,31.871278762817383,9.962326049804688
0,0,0,0,48.524906158447266,31.871231079101562,9.962631225585938
0,0,0,0,48.52476501464844,31.871170043945312,9.962875366210938
0,0,0,0,48.52467727661133,31.871129989624023,9.963104248046875
0,0,0,0,48.52452087402344,31.871034622192383,9.963386535644531
0,0,0,0,48.52445983886719,31.870946884155273,9.963546752929688
0,0,0,0,48.52432632446289,31.87089729309082,9.963623046875
0,0,0,0,48.52421951293945,31.87076759338379,9.963623046875
0,0,0,0,48.5240478515625,31.87073516845703,9.963577270507812
0,0,0,0,48.52392578125,31.870635986328125,9.963409423828125
0,0,0,0,48.523773193359375,31.870651245117188,9.963180541992188
0,0,0,0,48.52367401123047,31.87055778503418,9.962875366210938
0,0,0,0,48.52350997924805,31.87051010131836,9.962188720703125
0,0,0,0,48.52345657348633,31.8704776763916,9.961845397949219
0,0,0,0,48.523380279541016,31.870481491088867,9.961265563964844
0,0,0,0,48.523319244384766,31.870378494262695,9.960433959960938
0,0,0,0,48.52326583862305,31.870315551757812,9.959808349609375
0,0,0,0,48.523193359375,31.87018585205078,9.959205627441406
0,0,0,0,48.523170471191406,31.870054244995117,9.95843505859375
0,0,0,0,48.523101806640625,31.869976043701172,9.957878112792969
0,0,0,0,48.523075103759766,31.869903564453125,9.957321166992188
0,0,0,0,48.52295684814453,31.869842529296875,9.956550598144531
0,0,0,0,48.5229606628418,31.869781494140625,9.955963134765625
0,0,0,0,48.52288055419922,31.869823455810547,9.955360412597656
0,0,0,0,48.522865295410156,31.869848251342773,9.954513549804688
0,0,0,0,48.52276611328125,31.869991302490234,9.953880310058594
0,0,0,0,48.52271270751953,31.870086669921875,9.95330810546875
0,0,0,0,48.52248764038086,31.870342254638672,9.95263671875
0,0,0,0,48.52235412597656,31.870450973510742,9.952239990234375
0,0,0,0,48.522132873535156,31.87067985534668,9.951957702636719
0,0,0,0,48.52183532714844,31.870895385742188,9.951751708984375
0,0,0,0,48.52157974243164,31.871112823486328,9.951705932617188
0,0,0,0,48.52131271362305,31.871273040771484,9.951728820800781
0,0,0,0,48.52098083496094,31.871564865112305,9.951759338378906
0,0,0,0,48.52069091796875,31.871795654296875,9.951774597167969
0,0,0,0,48.52033233642578,31.87212562561035,9.951789855957031
0,0,0,0,48.519962310791016,31.872459411621094,9.951736450195312
0,0,0,0,48.51968765258789,31.872737884521484,9.95166015625
0,0,0,0,48.519344329833984,31.873050689697266,9.951583862304688
0,0,0,0,48.51899719238281,31.873371124267578,9.951522827148438
0,0,0,0,48.518653869628906,31.87369728088379,9.951530456542969
0,0,0,0,48.518402099609375,31.87395477294922,9.951553344726562
0,0,0,0,48.517913818359375,31.874420166015625,9.951667785644531
0,0,0,0,48.51774978637695,31.874530792236328,9.951751708984375
0,0,0,0,48.517478942871094,31.874801635742188,9.951919555664062
0,0,0,0,48.5172233581543,31.875062942504883,9.952247619628906
0,0,0,0,48.51702880859375,31.875320434570312,9.952529907226562
0,0,0,0,48.516876220703125,31.87548828125,9.95281982421875
0,0,0,0,48.51667022705078,31.87583351135254,9.9532470703125
0,0,0,0,48.516517639160156,31.876096725463867,9.953582763671875
0,0,0,0,48.516361236572266,31.87643814086914,9.953926086425781
0,0,0,0,48.51616287231445,31.876901626586914,9.954414367675781
0,0,0,0,48.516082763671875,31.877275466918945,9.954795837402344
0,0,0,0,48.515968322753906,31.87771224975586,9.955230712890625
0,0,0,0,48.51591491699219,31.878334045410156,9.955841064453125
0,0,0,0,48.51581954956055,31.878875732421875,9.956306457519531
0,0,0,0,48.515865325927734,31.879356384277344,9.956764221191406
0,0,0,0,48.51592254638672,31.880033493041992,9.957328796386719
0,0,0,0,48.516136169433594,31.8806095123291,9.957832336425781
0,0,0,0,48.51620101928711,31.88096809387207,9.958061218261719
0,0,0,0,48.51641082763672,31.88154411315918,9.958442687988281
0,0,0,0,48.51655960083008,31.882041931152344,9.958671569824219
0,0,0,0,48.516868591308594,31.882577896118164,9.958915710449219
0,0,0,0,48.517147064208984,31.88302993774414,9.959053039550781
0,0,0,0,48.51742935180664,31.883405685424805,9.959144592285156
0,0,0,0,48.51771545410156,31.883804321289062,9.959190368652344
0,0,0,0,48.51813507080078,31.884273529052734,9.959205627441406
0,0,0,0,48.51849365234375,31.88463020324707,9.959182739257812
0,0,0,0,48.51882553100586,31.884939193725586,9.959152221679688
0,0,0,0,48.51929473876953,31.885330200195312,9.959129333496094
0,0,0,0,48.519569396972656,31.88567352294922,9.959144592285156
0,0,0,0,48.520050048828125,31.886045455932617,9.95916748046875
0,0,0,0,48.52033996582031,31.886367797851562,9.959205627441406
0,0,0,0,48.520748138427734,31.88658905029297,9.959281921386719
0,0,0,0,48.52109146118164,31.886905670166016,9.959396362304688
0,0,0,0,48.52164077758789,31.88725471496582,9.959548950195312
0,0,0,0,48.521976470947266,31.88762092590332,9.95965576171875
0,0,0,0,48.522403717041016,31.88787841796875,9.95977783203125
0,0,0,0,48.52309036254883,31.88839340209961,9.959945678710938
0,0,0,0,48.52339172363281,31.888578414916992,9.960014343261719
0,0,0,0,48.52388000488281,31.888944625854492,9.960121154785156
0,0,0,0,48.52461242675781,31.889326095581055,9.960281372070312
0,0,0,0,48.52518081665039,31.8896427154541,9.960441589355469
0,0,0,0,48.525726318359375,31.88992691040039,9.960609436035156
0,0,0,0,48.52648162841797,31.890302658081055,9.960853576660156
0,0,0,0,48.52699279785156,31.890592575073242,9.961021423339844
0,0,0,0,48.52753448486328,31.89088249206543,9.961158752441406
0,0,0,0,48.52815628051758,31.89133644104004,9.961341857910156
0,0,0,0,48.5286979675293,31.891658782958984,9.961463928222656
0,0,0,0,48.52914047241211,31.892019271850586,9.9615478515625
0,0,0,0,48.529815673828125,31.89236068725586,9.961639404296875
0,0,0,0,48.53022766113281,31.89264678955078,9.961723327636719
0,0,0,0,48.5306510925293,31.892784118652344,9.961807250976562
0,0,0,0,48.53102111816406,31.892990112304688,9.961952209472656
0,0,0,0,48.53130340576172,31.893014907836914,9.962112426757812
0,0,0,0,48.531497955322266,31.89311408996582,9.962295532226562
0,0,0,0,48.53174591064453,31.893115997314453,9.962600708007812
0,0,0,0,48.531883239746094,31.893157958984375,9.962852478027344
0,0,0,0,48.53199005126953,31.893083572387695,9.963119506835938
0,0,0,0,48.53205108642578,31.89301109313965,9.963531494140625
0,0,0,0,48.53204345703125,31.892932891845703,9.963859558105469
0,0,0,0,48.53204345703125,31.892850875854492,9.964202880859375
0,0,0,0,48.531978607177734,31.89269256591797,9.964645385742188
0,0,0,0,48.53197479248047,31.89251136779785,9.964981079101562
0,0,0,0,48.53187942504883,31.892322540283203,9.965347290039062
0,0,0,0,48.53184127807617,31.891969680786133,9.965850830078125
0,0,0,0,48.531734466552734,31.8917236328125,9.96624755859375
0,0,0,0,48.531700134277344,31.891368865966797,9.966629028320312
0,0,0,0,48.53154754638672,31.890954971313477,9.967155456542969
0,0,0,0,48.531490325927734,31.890491485595703,9.967536926269531
0,0,0,0,48.53134536743164,31.890073776245117,9.9678955078125
0,0,0,0,48.53117752075195,31.889345169067383,9.9683837890625
0,0,0,0,48.531005859375,31.888811111450195,9.968719482421875
0,0,0,0,48.5308837890625,31.888166427612305,9.969032287597656
0,0,0,0,48.53067398071289,31.887388229370117,9.969398498535156
0,0,0,0,48.530513763427734,31.88675880432129,9.969642639160156
0,0,0,0,48.53034973144531,31.886192321777344,9.969841003417969
0,0,0,0,48.530086517333984,31.885452270507812,9.970054626464844
0,0,0,0,48.52989196777344,31.884883880615234,9.970176696777344
0,0,0,0,48.52962112426758,31.88434410095215,9.970314025878906
0,0,0,0,48.52934265136719,31.88361167907715,9.970512390136719
0,0,0,0,48.52904510498047,31.883102416992188,9.970710754394531
0,0,0,0,48.52881622314453,31.882488250732422,9.970924377441406
0,0,0,0,48.52836608886719,31.881731033325195,9.97125244140625
0,0,0,0,48.52808380126953,31.881103515625,9.971527099609375
0,0,0,0,48.5277214050293,31.880552291870117,9.971870422363281
0,0,0,0,48.5273551940918,31.879703521728516,9.972358703613281
0,0,0,0,48.52703094482422,31.879161834716797,9.972724914550781
0,0,0,0,48.526763916015625,31.87851333618164,9.973106384277344
0,0,0,0,48.52635955810547,31.87773895263672,9.973609924316406
0,0,0,0,48.52609634399414,31.877065658569336,9.973930358886719
0,0,0,0,48.52585983276367,31.876447677612305,9.974220275878906
0,0,0,0,48.52560043334961,31.87551498413086,9.974563598632812
0,0,0,0,48.52543258666992,31.874820709228516,9.974784851074219
0,0,0,0,48.52524948120117,31.874082565307617,9.974960327148438
0,0,0,0,48.525108337402344,31.873109817504883,9.975128173828125
0,0,0,0,48.52497100830078,31.872419357299805,9.975250244140625
0,0,0,0,48.524940490722656,31.8716983795166,9.975341796875
0,0,0,0,48.524864196777344,31.870851516723633,9.975486755371094
0,0,0,0,48.524967193603516,31.870141983032227,9.975631713867188
0,0,0,0,48.52503204345703,31.86952018737793,9.975799560546875
0,0,0,0,48.52532958984375,31.86861228942871,9.976104736328125
0,0,0,0,48.525569915771484,31.868009567260742,9.976364135742188
0,0,0,0,48.525917053222656,31.867284774780273,9.976608276367188
0,0,0,0,48.52634811401367,31.866411209106445,9.976959228515625
0,0,0,0,48.52677917480469,31.865650177001953,9.977226257324219
0,0,0,0,48.52719497680664,31.864938735961914,9.977516174316406
0,0,0,0,48.527801513671875,31.863929748535156,9.977874755859375
0,0,0,0,48.52827453613281,31.863210678100586,9.978134155273438
0,0,0,0,48.52875900268555,31.862462997436523,9.978355407714844
0,0,0,0,48.529476165771484,31.861600875854492,9.978622436523438
0,0,0,0,48.52997970581055,31.861007690429688,9.978805541992188
0,0,0,0,48.53057861328125,31.860437393188477,9.978973388671875
0,0,0,0,48.53131866455078,31.859756469726562,9.979171752929688
0,0,0,0,48.5319709777832,31.859233856201172,9.979331970214844
0,0,0,0,48.53255844116211,31.858823776245117,9.979476928710938
0,0,0,0,48.533424377441406,31.858285903930664,9.979637145996094
0,0,0,0,48.53398132324219,31.858015060424805,9.979728698730469
0,0,0,0,48.53456497192383,31.857681274414062,9.979766845703125
0,0,0,0,48.53518295288086,31.85742950439453,9.97979736328125
0,0,0,0,48.535648345947266,31.857208251953125,9.979804992675781
0,0,0,0,48.53599548339844,31.85711097717285,9.979820251464844
0,0,0,0,48.53642654418945,31.85688018798828,9.979866027832031
0,0,0,0,48.536659240722656,31.85679054260254,9.979896545410156
0,0,0,0,48.53684616088867,31.85666275024414,9.979896545410156
0,0,0,0,48.53705978393555,31.856582641601562,9.979827880859375
0,0,0,0,48.53713607788086,31.85652732849121,9.979774475097656
0,0,0,0,48.537208557128906,31.856523513793945,9.979698181152344
0,0,0,0,48.5372314453125,31.856544494628906,9.979621887207031
0,0,0,0,48.53727722167969,31.856565475463867,9.979576110839844
0,0,0,0,48.537235260009766,31.85665512084961,9.979545593261719
0,0,0,0,48.537261962890625,31.856704711914062,9.9794921875
0,0,0,0,48.537208557128906,31.856815338134766,9.979423522949219
0,0,0,0,48.53725051879883,31.85688018798828,9.979331970214844
0,0,0,0,48.5372200012207,31.857099533081055,9.979202270507812
0,0,0,0,48.5372200012207,31.857187271118164,9.979110717773438
0,0,0,0,48.53709411621094,31.85736656188965,9.979019165039062
0,0,0,0,48.536949157714844,31.85750389099121,9.978904724121094
0,0,0,0,48.53676223754883,31.857669830322266,9.978805541992188
0,0,0,0,48.536582946777344,31.85776138305664,9.978675842285156
0,0,0,0,48.53631591796875,31.85796546936035,9.978477478027344
0,0,0,0,48.53611373901367,31.858091354370117,9.97833251953125
0,0,0,0,48.535919189453125,31.858278274536133,9.978195190429688
0,0,0,0,48.53567123413086,31.8585205078125,9.977996826171875
0,0,0,0,48.53557586669922,31.858707427978516,9.977821350097656
0,0,0,0,48.535465240478516,31.858932495117188,9.977638244628906
0,0,0,0,48.53544998168945,31.859230041503906,9.977371215820312
0,0,0,0,48.53541564941406,31.85948944091797,9.977096557617188
0,0,0,0,48.53550338745117,31.85968780517578,9.976753234863281
0,0,0,0,48.535579681396484,31.86005401611328,9.97625732421875
0,0,0,0,48.53572082519531,31.86026954650879,9.975852966308594
0,0,0,0,48.5357780456543,31.860563278198242,9.975410461425781
0,0,0,0,48.53594970703125,31.860822677612305,9.974761962890625
0,0,0,0,48.5359992980957,31.86107063293457,9.9742431640625
0,0,0,0,48.53610610961914,31.861234664916992,9.973678588867188
0,0,0,0,48.53620147705078,31.861536026000977,9.972854614257812
0,0,0,0,48.53628921508789,31.861705780029297,9.972198486328125
0,0,0,0,48.536354064941406,31.861961364746094,9.971542358398438
0,0,0,0,48.53647994995117,31.862234115600586,9.970657348632812
0,0,0,0,48.53662872314453,31.862468719482422,9.969932556152344
0,0,0,0,48.53675842285156,31.862674713134766,9.969169616699219
0,0,0,0,48.536949157714844,31.862985610961914,9.968109130859375
0,0,0,0,48.537071228027344,31.863285064697266,9.967323303222656
0,0,0,0,48.537296295166016,31.86357307434082,9.966529846191406
0,0,0,0,48.53754425048828,31.8640193939209,9.965461730957031
0,0,0,0,48.537837982177734,31.86429786682129,9.964668273925781
0,0,0,0,48.538177490234375,31.86481285095215,9.963630676269531
0,0,0,0,48.53852844238281,31.865137100219727,9.962860107421875
0,0,0,0,48.5388298034668,31.865558624267578,9.962104797363281
0,0,0,0,48.53920364379883,31.865863800048828,9.96136474609375
0,0,0,0,48.539588928222656,31.866413116455078,9.960472106933594
0,0,0,0,48.5399169921875,31.86676788330078,9.959892272949219
0,0,0,0,48.54018783569336,31.867176055908203,9.959388732910156
0,0,0,0,48.54059982299805,31.86758804321289,9.95880126953125
0,0,0,0,48.540897369384766,31.8679256439209,9.958427429199219
0,0,0,0,48.541160583496094,31.868209838867188,9.958114624023438
0,0,0,0,48.5415153503418,31.868627548217773,9.957733154296875
0,0,0,0,48.541744232177734,31.868976593017578,9.957443237304688
0,0,0,0,48.54204559326172,31.869327545166016,9.9571533203125
0,0,0,0,48.542354583740234,31.869770050048828,9.956748962402344
0,0,0,0,48.54262924194336,31.87007713317871,9.956428527832031
0,0,0,0,48.54280471801758,31.87044334411621,9.956069946289062
0,0,0,0,48.54309844970703,31.870830535888672,9.955558776855469
0,0,0,0,48.54325485229492,31.87120246887207,9.9552001953125
0,0,0,0,48.54348373413086,31.871469497680664,9.954864501953125
0,0,0,0,48.543701171875,31.871952056884766,9.954383850097656
0,0,0,0,48.54393768310547,31.87226104736328,9.954017639160156
0,0,0,0,48.54410934448242,31.87267303466797,9.953659057617188
0,0,0,0,48.544429779052734,31.87311553955078,9.95318603515625
0,0,0,0,48.544654846191406,31.873498916625977,9.952850341796875
0,0,0,0,48.54489517211914,31.8737735748291,9.952499389648438
0,0,0,0,48.545196533203125,31.874174118041992,9.951988220214844
0,0,0,0,48.54539108276367,31.87445831298828,9.9515380859375
0,0,0,0,48.54561996459961,31.874736785888672,9.951072692871094
0,0,0,0,48.54582977294922,31.875089645385742,9.950424194335938
0,0,0,0,48.54602813720703,31.875347137451172,9.949935913085938
0,0,0,0,48.546138763427734,31.87565803527832,9.949432373046875
0,0,0,0,48.546348571777344,31.87598991394043,9.948753356933594
0,0,0,0,48.54640579223633,31.87628936767578,9.948280334472656
0,0,0,0,48.546539306640625,31.876554489135742,9.947708129882812
0,0,0,0,48.54652404785156,31.876794815063477,9.947303771972656
0,0,0,0,48.54659652709961,31.876922607421875,9.946907043457031
0,0,0,0,48.54660415649414,31.877155303955078,9.946540832519531
0,0,0,0,48.54668426513672,31.877357482910156,9.946151733398438
0,0,0,0,48.54673767089844,31.87758445739746,9.945892333984375
0,0,0,0,48.54679870605469,31.877727508544922,9.945663452148438
0,0,0,0,48.54684829711914,31.878005981445312,9.945358276367188
0,0,0,0,48.546817779541016,31.87811851501465,9.945274353027344
0,0,0,0,48.546791076660156,31.878299713134766,9.9451904296875
0,0,0,0,48.546730041503906,31.878454208374023,9.945182800292969
0,0,0,0,48.54671859741211,31.87854766845703,9.945236206054688
0,0,0,0,48.546634674072266,31.878643035888672,9.945350646972656
0,0,0,0,48.5465202331543,31.878671646118164,9.945632934570312
0,0,0,0,48.54632568359375,31.87868309020996,9.945938110351562
0,0,0,0,48.546199798583984,31.87862205505371,9.946319580078125
0,0,0,0,48.54587936401367,31.87860679626465,9.946891784667969
0,0,0,0,48.54567337036133,31.878480911254883,9.947372436523438
0,0,0,0,48.54536056518555,31.8784236907959,9.947853088378906
0,0,0,0,48.544979095458984,31.878185272216797,9.948486328125
0,0,0,0,48.54460906982422,31.878047943115234,9.948921203613281
0,0,0,0,48.544288635253906,31.8778076171875,9.949348449707031
0,0,0,0,48.543800354003906,31.877609252929688,9.949905395507812
0,0,0,0,48.54346466064453,31.87737464904785,9.950302124023438
0,0,0,0,48.54311752319336,31.87718391418457,9.95068359375
0,0,0,0,48.542686462402344,31.876873016357422,9.951171875
0,0,0,0,48.54240798950195,31.876672744750977,9.951507568359375
0,0,0,0,48.54209899902344,31.87645149230957,9.95184326171875
0,0,0,0,48.541725158691406,31.876203536987305,9.952262878417969
0,0,0,0,48.54137420654297,31.87605857849121,9.952552795410156
0,0,0,0,48.54107666015625,31.87592315673828,9.95281982421875
0,0,0,0,48.540531158447266,31.875837326049805,9.953178405761719
0,0,0,0,48.54015350341797,31.875764846801758,9.953422546386719
0,0,0,0,48.5396842956543,31.875831604003906,9.953651428222656
0,0,0,0,48.5389518737793,31.875934600830078,9.953994750976562
0,0,0,0,48.53862380981445,31.87605857849121,9.954154968261719
0,0,0,0,48.53818893432617,31.876174926757812,9.954399108886719
0,0,0,0,48.53750228881836,31.876508712768555,9.954704284667969
0,0,0,0,48.53700256347656,31.876689910888672,9.95489501953125
0,0,0,0,48.53641891479492,31.8769588470459,9.955078125
0,0,0,0,48.53567886352539,31.87721824645996,9.955368041992188
0,0,0,0,48.53516387939453,31.877458572387695,9.955596923828125
0,0,0,0,48.53466796875,31.877660751342773,9.955841064453125
0,0,0,0,48.53406524658203,31.87798309326172,9.956207275390625
0,0,0,0,48.53360366821289,31.87820816040039,9.956520080566406
0,0,0,0,48.53321075439453,31.878398895263672,9.956871032714844
0,0,0,0,48.532684326171875,31.87864875793457,9.957344055175781
0,0,0,0,48.53236770629883,31.878782272338867,9.957717895507812
0,0,0,0,48.53196716308594,31.878952026367188,9.958061218261719
0,0,0,0,48.531558990478516,31.8790340423584,9.95843505859375
0,0,0,0,48.531192779541016,31.879138946533203,9.958694458007812
0,0,0,0,48.53093719482422,31.879114151000977,9.958992004394531
0,0,0,0,48.53058624267578,31.879140853881836,9.959403991699219
0,0,0,0,48.53045654296875,31.879051208496094,9.959724426269531
0,0,0,0,48.53031539916992,31.879026412963867,9.9600830078125
0,0,0,0,48.53022766113281,31.87881088256836,9.960594177246094
0,0,0,0,48.53019714355469,31.878694534301758,9.960922241210938
0,0,0,0,48.530216217041016,31.87847900390625,9.961227416992188
0,0,0,0,48.5302734375,31.878217697143555,9.961578369140625
0,0,0,0,48.53028869628906,31.877967834472656,9.961807250976562
0,0,0,0,48.530311584472656,31.877721786499023,9.962013244628906
0,0,0,0,48.5302619934082,31.877336502075195,9.962234497070312
0,0,0,0,48.530296325683594,31.87702751159668,9.96234130859375
0,0,0,0,48.53026580810547,31.876737594604492,9.962432861328125
0,0,0,0,48.53030014038086,31.876317977905273,9.962600708007812
0,0,0,0,48.530242919921875,31.875995635986328,9.962799072265625
0,0,0,0,48.53025436401367,31.875782012939453,9.962905883789062
0,0,0,0,48.5301628112793,31.875463485717773,9.963180541992188
0,0,0,0,48.530147552490234,31.875102996826172,9.963424682617188
0,0,0,0,48.53004455566406,31.874832153320312,9.963676452636719
0,0,0,0,48.52997589111328,31.874380111694336,9.963996887207031
0,0,0,0,48.529850006103516,31.87415313720703,9.964202880859375
0,0,0,0,48.52973175048828,31.87384796142578,9.964385986328125
0,0,0,0,48.52952194213867,31.873552322387695,9.964569091796875
0,0,0,0,48.52937698364258,31.87333106994629,9.964675903320312
0,0,0,0,48.52924346923828,31.873212814331055,9.964752197265625
0,0,0,0,48.52903747558594,31.873044967651367,9.964790344238281
0,0,0,0,48.52892303466797,31.872928619384766,9.964790344238281
0,0,0,0,48.52872085571289,31.872817993164062,9.964759826660156
0,0,0,0,48.528465270996094,31.872697830200195,9.964668273925781
0,0,0,0,48.52818298339844,31.872655868530273,9.964584350585938
0,0,0,0,48.52796173095703,31.872560501098633,9.964508056640625
0,0,0,0,48.52753829956055,31.872493743896484,9.964431762695312
0,0,0,0,48.52727508544922,31.872365951538086,9.964370727539062
0,0,0,0,48.52684783935547,31.8723087310791,9.964286804199219
0,0,0,0,48.52655792236328,31.872196197509766,9.9642333984375
0,0,0,0,48.52623748779297,31.872211456298828,9.964179992675781
0,0,0,0,48.5260124206543,31.87214469909668,9.964088439941406
0,0,0,0,48.52568817138672,31.87213897705078,9.96392822265625
0,0,0,0,48.52548599243164,31.87205696105957,9.963760375976562
0,0,0,0,48.52528762817383,31.87205696105957,9.96356201171875
0,0,0,0,48.5250129699707,31.87200927734375,9.963264465332031
0,0,0,0,48.52482604980469,31.872045516967773,9.963005065917969
0,0,0,0,48.52458190917969,31.872081756591797,9.962730407714844
0,0,0,0,48.52430725097656,31.872207641601562,9.962364196777344
0,0,0,0,48.52406311035156,31.872346878051758,9.962089538574219
0,0,0,0,48.52388381958008,31.872461318969727,9.961807250976562
0,0,0,0,48.52356719970703,31.87264060974121,9.961456298828125
0,0,0,0,48.52340316772461,31.87272834777832,9.961227416992188
0,0,0,0,48.523128509521484,31.872848510742188,9.961021423339844
0,0,0,0,48.5228271484375,31.87287139892578,9.96075439453125
0,0,0,0,48.52254867553711,31.872947692871094,9.9605712890625
0,0,0,0,48.52233123779297,31.872873306274414,9.960433959960938
0,0,0,0,48.52195739746094,31.87282943725586,9.960342407226562
0,0,0,0,48.52169418334961,31.872716903686523,9.960342407226562
0,0,0,0,48.52139663696289,31.872648239135742,9.960350036621094
0,0,0,0,48.521018981933594,31.87240219116211,9.960411071777344
0,0,0,0,48.520751953125,31.87224769592285,9.960487365722656
0,0,0,0,48.52046203613281,31.872047424316406,9.960586547851562
0,0,0,0,48.520076751708984,31.871841430664062,9.960739135742188
0,0,0,0,48.51975631713867,31.87169647216797,9.960830688476562
0,0,0,0,48.5194091796875,31.87151527404785,9.960960388183594
0,0,0,0,48.51907730102539,31.871471405029297,9.961051940917969
0,0,0,0,48.518856048583984,31.87136459350586,9.961112976074219
0,0,0,0,48.5185546875,31.871347427368164,9.961151123046875
0,0,0,0,48.5182991027832,31.871335983276367,9.961158752441406
0,0,0,0,48.51803207397461,31.871440887451172,9.961135864257812
0,0,0,0,48.51777267456055,31.871505737304688,9.961074829101562
0,0,0,0,48.51755905151367,31.871658325195312,9.961006164550781
0,0,0,0,48.5174446105957,31.871767044067383,9.960952758789062
0,0,0,0,48.517295837402344,31.872026443481445,9.960945129394531
0,0,0,0,48.51714324951172,31.872276306152344,9.960990905761719
0,0,0,0,48.51701354980469,31.87251091003418,9.961067199707031
0,0,0,0,48.516910552978516,31.872690200805664,9.961235046386719
0,0,0,0,48.516788482666016,31.87301254272461,9.9615478515625
0,0,0,0,48.51667022705078,31.873212814331055,9.96185302734375
0,0,0,0,48.516571044921875,31.873361587524414,9.962242126464844
0,0,0,0,48.516357421875,31.873422622680664,9.962905883789062
0,0,0,0,48.51619338989258,31.873367309570312,9.9635009765625
0,0,0,0,48.51591873168945,31.87330436706543,9.964157104492188
0,0,0,0,48.51560592651367,31.873151779174805,9.965080261230469
0,0,0,0,48.51526641845703,31.873058319091797,9.965812683105469
0,0,0,0,48.51497268676758,31.872880935668945,9.966552734375
0,0,0,0,48.5144157409668,31.872745513916016,9.967597961425781
0,0,0,0,48.51408004760742,31.872581481933594,9.968360900878906
0,0,0,0,48.513694763183594,31.872495651245117,9.96905517578125
0,0,0,0,48.513275146484375,31.872297286987305,9.969955444335938
0,0,0,0,48.51293182373047,31.872262954711914,9.970603942871094
0,0,0,0,48.512672424316406,31.87217903137207,9.971199035644531
0,0,0,0,48.51233673095703,31.872211456298828,9.971916198730469
0,0,0,0,48.51212692260742,31.872215270996094,9.972389221191406
0,0,0,0,48.51194763183594,31.87230682373047,9.972785949707031
0,0,0,0,48.51169967651367,31.87240982055664,9.973281860351562
0,0,0,0,48.511566162109375,31.872512817382812,9.973648071289062
0,0,0,0,48.51138687133789,31.87261199951172,9.974014282226562
0,0,0,0,48.51121139526367,31.87274169921875,9.974472045898438
0,0,0,0,48.511009216308594,31.872886657714844,9.974761962890625
0,0,0,0,48.51090621948242,31.872983932495117,9.975028991699219
0,0,0,0,48.51071548461914,31.873130798339844,9.975311279296875
0,0,0,0,48.51063919067383,31.873132705688477,9.975509643554688
0,0,0,0,48.510475158691406,31.873226165771484,9.9757080078125
0,0,0,0,48.510372161865234,31.87331199645996,9.975936889648438
0,0,0,0,48.51026916503906,31.873497009277344,9.976097106933594
0,0,0,0,48.510196685791016,31.873586654663086,9.97625732421875
0,0,0,0,48.51002502441406,31.873842239379883,9.976478576660156
0,0,0,0,48.509971618652344,31.873920440673828,9.976570129394531
0,0,0,0,48.5098876953125,31.874099731445312,9.976699829101562
0,0,0,0,48.509788513183594,31.874256134033203,9.976821899414062
0,0,0,0,48.50969314575195,31.874378204345703,9.976844787597656
0,0,0,0,48.50957489013672,31.87443733215332,9.976799011230469
0,0,0,0,48.50938034057617,31.87446403503418,9.976631164550781
0,0,0,0,48.509212493896484,31.874492645263672,9.976547241210938
0,0,0,0,48.509029388427734,31.874492645263672,9.976409912109375
0,0,0,0,48.50867462158203,31.874528884887695,9.976234436035156
0,0,0,0,48.50849914550781,31.87448501586914,9.976089477539062
0,0,0,0,48.508262634277344,31.874488830566406,9.9759521484375
0,0,0,0,48.508079528808594,31.874406814575195,9.975799560546875
0,0,0,0,48.50791549682617,31.874433517456055,9.9757080078125
0,0,0,0,48.507843017578125,31.874357223510742,9.97564697265625
0,0,0,0,48.507659912109375,31.874309539794922,9.975555419921875
0,0,0,0,48.507572174072266,31.874168395996094,9.975440979003906
0,0,0,0,48.5074462890625,31.874052047729492,9.975189208984375
0,0,0,0,48.50738525390625,31.873920440673828,9.97491455078125
0,0,0,0,48.507362365722656,31.873817443847656,9.974617004394531
0,0,0,0,48.507347106933594,31.873641967773438,9.97430419921875
0,0,0,0,48.507320404052734,31.87334632873535,9.9737548828125
0,0,0,0,48.50724792480469,31.873231887817383,9.973518371582031
0,0,0,0,48.507205963134766,31.87302017211914,9.973129272460938
0,0,0,0,48.50709915161133,31.872751235961914,9.972541809082031
0,0,0,0,48.50707244873047,31.872560501098633,9.972068786621094
0,0,0,0,48.506954193115234,31.872411727905273,9.971572875976562
0,0,0,0,48.5068473815918,31.872108459472656,9.970878601074219
0,0,0,0,48.5067024230957,31.87194061279297,9.970314025878906
0,0,0,0,48.50665283203125,31.871681213378906,9.969718933105469
0,0,0,0,48.50648880004883,31.87141227722168,9.96893310546875
0,0,0,0,48.50642013549805,31.871126174926758,9.968360900878906
0,0,0,0,48.50630187988281,31.870941162109375,9.967811584472656
0,0,0,0,48.506282806396484,31.870540618896484,9.967117309570312
0,0,0,0,48.506256103515625,31.87029457092285,9.966629028320312
0,0,0,0,48.506282806396484,31.86998176574707,9.966178894042969
0,0,0,0,48.50635528564453,31.869659423828125,9.965583801269531
0,0,0,0,48.50643539428711,31.869403839111328,9.965156555175781
0,0,0,0,48.5066032409668,31.86907958984375,9.964614868164062
0,0,0,0,48.5067138671875,31.868810653686523,9.964187622070312
0,0,0,0,48.506935119628906,31.868488311767578,9.963768005371094
0,0,0,0,48.50712966918945,31.86818504333496,9.963325500488281
0,0,0,0,48.50749206542969,31.867759704589844,9.962791442871094
0,0,0,0,48.50767517089844,31.86749839782715,9.962425231933594
0,0,0,0,48.507911682128906,31.86717414855957,9.962081909179688
0,0,0,0,48.50808334350586,31.866867065429688,9.961654663085938
0,0,0,0,48.50827407836914,31.86661148071289,9.96136474609375
0,0,0,0,48.50836944580078,31.866485595703125,9.961105346679688
0,0,0,0,48.50857162475586,31.866287231445312,9.960823059082031
0,0,0,0,48.50867462158203,31.866262435913086,9.960617065429688
0,0,0,0,48.50879669189453,31.86616325378418,9.960411071777344
0,0,0,0,48.50887680053711,31.86617660522461,9.960121154785156
0,0,0,0,48.5089225769043,31.866186141967773,9.959892272949219
0,0,0,0,48.50894546508789,31.86626625061035,9.959640502929688
0,0,0,0,48.508949279785156,31.866344451904297,9.959335327148438
0,0,0,0,48.508995056152344,31.866453170776367,9.959121704101562
0,0,0,0,48.50898361206055,31.86658477783203,9.958908081054688
0,0,0,0,48.50901794433594,31.866798400878906,9.958602905273438
0,0,0,0,48.50899124145508,31.86701774597168,9.9583740234375
0,0,0,0,48.50907516479492,31.86721420288086,9.95819091796875
0,0,0,0,48.509090423583984,31.86754035949707,9.957977294921875
0,0,0,0,48.509178161621094,31.867713928222656,9.957862854003906
0,0,0,0,48.50917434692383,31.867971420288086,9.957794189453125
0,0,0,0,48.509281158447266,31.868215560913086,9.957771301269531
0,0,0,0,48.50930404663086,31.868465423583984,9.957801818847656
0,0,0,0,48.50938034057617,31.868629455566406,9.957870483398438
0,0,0,0,48.5093994140625,31.868946075439453,9.957984924316406
0,0,0,0,48.50943374633789,31.869115829467773,9.95806884765625
0,0,0,0,48.5094108581543,31.86937141418457,9.958152770996094
0,0,0,0,48.50935745239258,31.869630813598633,9.958244323730469
0,0,0,0,48.50929260253906,31.869800567626953,9.958305358886719
0,0,0,0,48.50920104980469,31.86995506286621,9.958389282226562
0,0,0,0,48.509124755859375,31.87030792236328,9.958625793457031
0,0,0,0,48.509071350097656,31.870487213134766,9.958740234375
0,0,0,0,48.50909423828125,31.870725631713867,9.958915710449219
0,0,0,0,48.50907897949219,31.871084213256836,9.959114074707031
0,0,0,0,48.509132385253906,31.87131118774414,9.959197998046875
0,0,0,0,48.509071350097656,31.871604919433594,9.959243774414062
0,0,0,0,48.50910949707031,31.871967315673828,9.959182739257812
0,0,0,0,48.50909423828125,31.872133255004883,9.959121704101562
0,0,0,0,48.509151458740234,31.87226676940918,9.958961486816406
0,0,0,0,48.50912857055664,31.872577667236328,9.958763122558594
0,0,0,0,48.509151458740234,31.872751235961914,9.958633422851562
0,0,0,0,48.509193420410156,31.873109817504883,9.958480834960938
0,0,0,0,48.5092658996582,31.873348236083984,9.958366394042969
0,0,0,0,48.50935745239258,31.873619079589844,9.958267211914062
0,0,0,0,48.50945281982422,31.873865127563477,9.958183288574219
0,0,0,0,48.509559631347656,31.874271392822266,9.958061218261719
0,0,0,0,48.50960922241211,31.87456512451172,9.9580078125
0,0,0,0,48.5097541809082,31.87493324279785,9.957984924316406
0,0,0,0,48.50978088378906,31.875263214111328,9.957939147949219
0,0,0,0,48.50992202758789,31.875537872314453,9.9578857421875
0,0,0,0,48.50996780395508,31.875858306884766,9.957832336425781
0,0,0,0,48.510108947753906,31.876211166381836,9.957794189453125
0,0,0,0,48.510154724121094,31.876508712768555,9.957771301269531
0,0,0,0,48.51030349731445,31.876726150512695,9.957786560058594
0,0,0,0,48.51044845581055,31.877073287963867,9.957855224609375
0,0,0,0,48.510650634765625,31.877235412597656,9.957923889160156
0,0,0,0,48.51081848144531,31.877485275268555,9.958038330078125
0,0,0,0,48.51112747192383,31.87766456604004,9.958274841308594
0,0,0,0,48.511356353759766,31.877819061279297,9.958511352539062
0,0,0,0,48.511722564697266,31.877958297729492,9.958877563476562
0,0,0,0,48.512081146240234,31.87807273864746,9.95916748046875
0,0,0,0,48.51243209838867,31.87814712524414,9.95947265625
0,0,0,0,48.51283264160156,31.87824249267578,9.959770202636719
0,0,0,0,48.51338195800781,31.878347396850586,9.960189819335938
0,0,0,0,48.51388168334961,31.878433227539062,9.960487365722656
0,0,0,0,48.51431655883789,31.87851905822754,9.960830688476562
0,0,0,0,48.5150032043457,31.87856101989746,9.961334228515625
0,0,0,0,48.51545715332031,31.878652572631836,9.961708068847656
0,0,0,0,48.516029357910156,31.878698348999023,9.962043762207031
0,0,0,0,48.51667022705078,31.878829956054688,9.962471008300781
0,0,0,0,48.517147064208984,31.878862380981445,9.962814331054688
0,0,0,0,48.51749801635742,31.879005432128906,9.963119506835938
0,0,0,0,48.51801300048828,31.879135131835938,9.963493347167969
0,0,0,0,48.518314361572266,31.87933349609375,9.963768005371094
0,0,0,0,48.51865005493164,31.87942886352539,9.964042663574219
0,0,0,0,48.51902389526367,31.879627227783203,9.964439392089844
0,0,0,0,48.5192756652832,31.87969207763672,9.964775085449219
0,0,0,0,48.51953125,31.879785537719727,9.965118408203125
0,0,0,0,48.519840240478516,31.879772186279297,9.965621948242188
0,0,0,0,48.52006912231445,31.879730224609375,9.966041564941406
0,0,0,0,48.52021026611328,31.879650115966797,9.966461181640625
0,0,0,0,48.520416259765625,31.879486083984375,9.967079162597656
0,0,0,0,48.52046203613281,31.879362106323242,9.967514038085938
0,0,0,0,48.52054214477539,31.879169464111328,9.967926025390625
0,0,0,0,48.52055358886719,31.878889083862305,9.968597412109375
0,0,0,0,48.520591735839844,31.878734588623047,9.968856811523438
0,0,0,0,48.520545959472656,31.878639221191406,9.969245910644531
0,0,0,0,48.52056121826172,31.878353118896484,9.96966552734375
0,0,0,0,48.52050018310547,31.87819480895996,9.969924926757812
0,0,0,0,48.52048110961914,31.877920150756836,9.970176696777344
0,0,0,0,48.52042007446289,31.877653121948242,9.970504760742188
0,0,0,0,48.52040100097656,31.87735939025879,9.970718383789062
0,0,0,0,48.52035903930664,31.877086639404297,9.970870971679688
0,0,0,0,48.52033615112305,31.876630783081055,9.971023559570312
0,0,0,0,48.520355224609375,31.876304626464844,9.971115112304688
0,0,0,0,48.520355224609375,31.875898361206055,9.971183776855469
0,0,0,0,48.52042007446289,31.875293731689453,9.971290588378906
0,0,0,0,48.520469665527344,31.874839782714844,9.971397399902344
0,0,0,0,48.52062225341797,31.87437629699707,9.971527099609375
0,0,0,0,48.52078628540039,31.873748779296875,9.9716796875
0,0,0,0,48.52096939086914,31.873205184936523,9.971763610839844
0,0,0,0,48.52107238769531,31.872705459594727,9.971832275390625
0,0,0,0,48.52130889892578,31.87192153930664,9.971847534179688
0,0,0,0,48.52139663696289,31.871362686157227,9.971824645996094
0,0,0,0,48.521568298339844,31.870519638061523,9.971748352050781
0,0,0,0,48.521671295166016,31.869979858398438,9.971649169921875
0,0,0,0,48.521785736083984,31.869354248046875,9.971534729003906
0,0,0,0,48.52181625366211,31.868839263916016,9.971450805664062
0,0,0,0,48.521854400634766,31.868087768554688,9.971382141113281
0,0,0,0,48.52185821533203,31.867595672607422,9.971328735351562
0,0,0,0,48.52183532714844,31.867063522338867,9.971305847167969
0,0,0,0,48.52177810668945,31.86642074584961,9.971343994140625
0,0,0,0,48.521663665771484,31.86595344543457,9.971389770507812
0,0,0,0,48.521575927734375,31.865528106689453,9.971458435058594
0,0,0,0,48.5213508605957,31.865026473999023,9.971588134765625
0,0,0,0,48.52122116088867,31.86467933654785,9.971694946289062
0,0,0,0,48.52101135253906,31.864423751831055,9.971794128417969
0,0,0,0,48.52074432373047,31.864009857177734,9.971916198730469
0,0,0,0,48.52060317993164,31.86391258239746,9.971946716308594
0,0,0,0,48.52049255371094,31.863666534423828,9.972000122070312
0,0,0,0,48.5202751159668,31.86345100402832,9.972068786621094
0,0,0,0,48.5201530456543,31.863248825073242,9.972129821777344
0,0,0,0,48.51991653442383,31.86317253112793,9.972183227539062
0,0,0,0,48.51969909667969,31.863014221191406,9.9722900390625
0,0,0,0,48.51952362060547,31.862987518310547,9.972373962402344
0,0,0,0,48.5193977355957,31.8629093170166,9.972465515136719
0,0,0,0,48.51921081542969,31.86289405822754,9.972602844238281
0,0,0,0,48.51906967163086,31.86282730102539,9.972709655761719
0,0,0,0,48.518951416015625,31.862783432006836,9.972801208496094
0,0,0,0,48.5187873840332,31.86272430419922,9.972892761230469
0,0,0,0,48.51872253417969,31.86269187927246,9.972946166992188
0,0,0,0,48.51860427856445,31.8626766204834,9.97296142578125
0,0,0,0,48.5185661315918,31.862655639648438,9.972930908203125
0,0,0,0,48.518497467041016,31.86269760131836,9.972831726074219
0,0,0,0,48.518550872802734,31.862668991088867,9.972679138183594
0,0,0,0,48.518531799316406,31.862682342529297,9.972412109375
0,0,0,0,48.518619537353516,31.862594604492188,9.972190856933594
0,0,0,0,48.51865005493164,31.86258316040039,9.971939086914062
0,0,0,0,48.518836975097656,31.862443923950195,9.971611022949219
0,0,0,0,48.51896286010742,31.862422943115234,9.971366882324219
0,0,0,0,48.519161224365234,31.86229705810547,9.971115112304688
0,0,0,0,48.519378662109375,31.86220932006836,9.970809936523438
0,0,0,0,48.519561767578125,31.862045288085938,9.970634460449219
0,0,0,0,48.519737243652344,31.86191177368164,9.970481872558594
0,0,0,0,48.52000427246094,31.86165428161621,9.97027587890625
0,0,0,0,48.52021408081055,31.86147689819336,9.970115661621094
0,0,0,0,48.5203742980957,31.86127281188965,9.969963073730469
0,0,0,0,48.5206298828125,31.860965728759766,9.969856262207031
0,0,0,0,48.52073669433594,31.860729217529297,9.969856262207031
0,0,0,0,48.52092361450195,31.860448837280273,9.969894409179688
0,0,0,0,48.521080017089844,31.860109329223633,9.970054626464844
0,0,0,0,48.5212516784668,31.859798431396484,9.970230102539062
0,0,0,0,48.521331787109375,31.85959243774414,9.970420837402344
0,0,0,0,48.52154541015625,31.859132766723633,9.970855712890625
0,0,0,0,48.52159118652344,31.859012603759766,9.971015930175781
0,0,0,0,48.521705627441406,31.858741760253906,9.971290588378906
0,0,0,0,48.52178955078125,31.858489990234375,9.971626281738281
0,0,0,0,48.52190399169922,31.858257293701172,9.971839904785156
0,0,0,0,48.521995544433594,31.858139038085938,9.972015380859375
0,0,0,0,48.522151947021484,31.85798454284668,9.972183227539062
0,0,0,0,48.522274017333984,31.857938766479492,9.972274780273438
0,0,0,0,48.52237319946289,31.85790252685547,9.972320556640625
0,0,0,0,48.522579193115234,31.857975006103516,9.97235107421875
0,0,0,0,48.52272415161133,31.858110427856445,9.972373962402344
0,0,0,0,48.523014068603516,31.858278274536133,9.972419738769531
0,0,0,0,48.52315902709961,31.85850715637207,9.972457885742188
0,0,0,0,48.523406982421875,31.858718872070312,9.972541809082031
0,0,0,0,48.52363204956055,31.859180450439453,9.972694396972656
0,0,0,0,48.52387619018555,31.859516143798828,9.972808837890625
0,0,0,0,48.52406692504883,31.86001968383789,9.972915649414062
0,0,0,0,48.52434539794922,31.860498428344727,9.972999572753906
0,0,0,0,48.52463912963867,31.861286163330078,9.973014831542969
0,0,0,0,48.524940490722656,31.86185073852539,9.972991943359375
0,0,0,0,48.525211334228516,31.862545013427734,9.972923278808594
0,0,0,0,48.52573013305664,31.86370086669922,9.972755432128906
0,0,0,0,48.52598190307617,31.86415672302246,9.972663879394531
0,0,0,0,48.52635955810547,31.864778518676758,9.972549438476562
0,0,0,0,48.52687454223633,31.86565589904785,9.972450256347656
0,0,0,0,48.52723693847656,31.866296768188477,9.972404479980469
0,0,0,0,48.52766036987305,31.86698341369629,9.972381591796875
0,0,0,0,48.528160095214844,31.867904663085938,9.972396850585938
0,0,0,0,48.52861022949219,31.868562698364258,9.972419738769531
0,0,0,0,48.52897262573242,31.869266510009766,9.972457885742188
0,0,0,0,48.52947998046875,31.87019920349121,9.9725341796875
0,0,0,0,48.5297737121582,31.87093162536621,9.97259521484375
0,0,0,0,48.5301513671875,31.871566772460938,9.972587585449219
0,0,0,0,48.5305061340332,31.87252426147461,9.972465515136719
0,0,0,0,48.53082275390625,31.87314796447754,9.972274780273438
0,0,0,0,48.531028747558594,31.873863220214844,9.971954345703125
0,0,0,0,48.53132629394531,31.874723434448242,9.971359252929688
0,0,0,0,48.5314826965332,31.875450134277344,9.970794677734375
0,0,0,0,48.53165054321289,31.876415252685547,9.969917297363281
0,0,0,0,48.531768798828125,31.87717056274414,9.969223022460938
0,0,0,0,48.53181076049805,31.877880096435547,9.968482971191406
0,0,0,0,48.531822204589844,31.878604888916016,9.967727661132812
0,0,0,0,48.53175354003906,31.879520416259766,9.966690063476562
0,0,0,0,48.53170394897461,31.880189895629883,9.965904235839844
0,0,0,0,48.53152847290039,31.880868911743164,9.965133666992188
0,0,0,0,48.531288146972656,31.8817195892334,9.96405029296875
0,0,0,0,48.53098678588867,31.882394790649414,9.963218688964844
0,0,0,0,48.53071594238281,31.88298988342285,9.962371826171875
0,0,0,0,48.5301628112793,31.88386344909668,9.961280822753906
0,0,0,0,48.52976989746094,31.8844051361084,9.960548400878906
0,0,0,0,48.52927017211914,31.88496971130371,9.959877014160156
0,0,0,0,48.52870559692383,31.88554573059082,9.959129333496094
0,0,0,0,48.52819061279297,31.886018753051758,9.95867919921875
0,0,0,0,48.52771759033203,31.886356353759766,9.958305358886719
0,0,0,0,48.5270881652832,31.886857986450195,9.957939147949219
0,0,0,0,48.52666091918945,31.88711166381836,9.957756042480469
0,0,0,0,48.5262336730957,31.88735580444336,9.957687377929688
0,0,0,0,48.52565383911133,31.887544631958008,9.957763671875
0,0,0,0,48.52521514892578,31.887643814086914,9.9578857421875
0,0,0,0,48.524723052978516,31.88768196105957,9.958038330078125
0,0,0,0,48.52410125732422,31.88763427734375,9.958259582519531
0,0,0,0,48.52354431152344,31.88761329650879,9.958419799804688
0,0,0,0,48.52303695678711,31.887529373168945,9.958549499511719
0,0,0,0,48.522071838378906,31.8873348236084,9.958732604980469
0,0,0,0,48.52172088623047,31.887170791625977,9.958786010742188
0,0,0,0,48.521095275878906,31.88699722290039,9.958839416503906
0,0,0,0,48.520347595214844,31.886638641357422,9.958900451660156
0,0,0,0,48.51973342895508,31.886411666870117,9.958953857421875
0,0,0,0,48.51924133300781,31.886075973510742,9.959022521972656
0,0,0,0,48.518577575683594,31.885700225830078,9.959136962890625
0,0,0,0,48.518131256103516,31.88530731201172,9.959243774414062
0,0,0,0,48.51768112182617,31.884981155395508,9.959365844726562
0,0,0,0,48.51713180541992,31.884490966796875,9.959564208984375
0,0,0,0,48.51677703857422,31.884185791015625,9.959724426269531
0,0,0,0,48.51644515991211,31.883859634399414,9.959884643554688
0,0,0,0,48.5161018371582,31.883466720581055,9.960113525390625
0,0,0,0,48.51579284667969,31.88315200805664,9.960289001464844
0,0,0,0,48.51555252075195,31.882829666137695,9.960441589355469
0,0,0,0,48.51515579223633,31.882488250732422,9.960609436035156
0,0,0,0,48.51490783691406,31.882244110107422,9.960708618164062
0,0,0,0,48.51459884643555,31.882104873657227,9.960784912109375
0,0,0,0,48.51430892944336,31.88190460205078,9.960891723632812
0,0,0,0,48.513973236083984,31.881866455078125,9.960960388183594
0,0,0,0,48.51369094848633,31.88178062438965,9.961051940917969
0,0,0,0,48.513187408447266,31.88182830810547,9.961212158203125
0,0,0,0,48.51284408569336,31.881784439086914,9.961372375488281
0,0,0,0,48.512413024902344,31.881845474243164,9.961555480957031
0,0,0,0,48.51185607910156,31.881824493408203,9.961814880371094
0,0,0,0,48.511444091796875,31.881885528564453,9.962020874023438
0,0,0,0,48.51103973388672,31.881898880004883,9.96221923828125
0,0,0,0,48.51044464111328,31.881986618041992,9.962478637695312
0,0,0,0,48.50994110107422,31.88201332092285,9.962661743164062
0,0,0,0,48.50934600830078,31.882062911987305,9.962890625
0,0,0,0,48.50869369506836,31.882183074951172,9.963043212890625
0,0,0,0,48.508426666259766,31.8822078704834,9.963119506835938
0,0,0,0,48.507930755615234,31.882326126098633,9.963226318359375
0,0,0,0,48.50740432739258,31.88248634338379,9.96337890625
0,0,0,0,48.50700759887695,31.88264274597168,9.963508605957031
0,0,0,0,48.506771087646484,31.882709503173828,9.963645935058594
0,0,0,0,48.506378173828125,31.88291358947754,9.963859558105469
0,0,0,0,48.50615310668945,31.883018493652344,9.964073181152344
0,0,0,0,48.50587463378906,31.883220672607422,9.964302062988281
0,0,0,0,48.505592346191406,31.883350372314453,9.964584350585938
0,0,0,0,48.5053596496582,31.88348960876465,9.964767456054688
0,0,0,0,48.505104064941406,31.883575439453125,9.964996337890625
0,0,0,0,48.50495147705078,31.883665084838867,9.965179443359375
0,0,0,0,48.504764556884766,31.883710861206055,9.965370178222656
0,0,0,0,48.50459289550781,31.883825302124023,9.965530395507812
0,0,0,0,48.50437545776367,31.88389778137207,9.965705871582031
0,0,0,0,48.5042610168457,31.883956909179688,9.965805053710938
0,0,0,0,48.504051208496094,31.884052276611328,9.965866088867188
0,0,0,0,48.50377655029297,31.884145736694336,9.965957641601562
0,0,0,0,48.50349044799805,31.884239196777344,9.966026306152344
0,0,0,0,48.50325393676758,31.88423728942871,9.966094970703125
0,0,0,0,48.50282287597656,31.884273529052734,9.966194152832031
0,0,0,0,48.50259017944336,31.884235382080078,9.966239929199219
0,0,0,0,48.502262115478516,31.88427734375,9.966270446777344
0,0,0,0,48.50191116333008,31.884206771850586,9.966270446777344
0,0,0,0,48.50159454345703,31.884199142456055,9.966224670410156
0,0,0,0,48.5013427734375,31.884077072143555,9.966148376464844
0,0,0,0,48.5008544921875,31.883953094482422,9.965980529785156
0,0,0,0,48.50065231323242,31.883872985839844,9.965896606445312
0,0,0,0,48.50039291381836,31.88376235961914,9.965782165527344
0,0,0,0,48.5001106262207,31.883493423461914,9.965583801269531
0,0,0,0,48.50000762939453,31.883289337158203,9.965408325195312
0,0,0,0,48.49991989135742,31.883024215698242,9.9652099609375
0,0,0,0,48.499961853027344,31.88257598876953,9.96490478515625
0,0,0,0,48.499977111816406,31.882234573364258,9.964668273925781
0,0,0,0,48.50017166137695,31.881633758544922,9.964332580566406
0,0,0,0,48.5003662109375,31.88104820251465,9.964004516601562
0,0,0,0,48.50054168701172,31.88066291809082,9.963859558105469
0,0,0,0,48.50074768066406,31.880136489868164,9.963630676269531
0,0,0,0,48.50120544433594,31.87934112548828,9.96331787109375
0,0,0,0,48.50154113769531,31.87881851196289,9.963119506835938
0,0,0,0,48.50200653076172,31.878211975097656,9.962936401367188
0,0,0,0,48.50263214111328,31.877521514892578,9.962699890136719
0,0,0,0,48.50321960449219,31.87693977355957,9.962501525878906
0,0,0,0,48.50383758544922,31.876482009887695,9.962318420410156
0,0,0,0,48.504756927490234,31.875823974609375,9.962158203125
0,0,0,0,48.5054931640625,31.875356674194336,9.962104797363281
0,0,0,0,48.506221771240234,31.874828338623047,9.962081909179688
0,0,0,0,48.507240295410156,31.874164581298828,9.962104797363281
0,0,0,0,48.507999420166016,31.87366485595703,9.962173461914062
0,0,0,0,48.50883102416992,31.873167037963867,9.962249755859375
0,0,0,0,48.509864807128906,31.87252426147461,9.962394714355469
0,0,0,0,48.51064682006836,31.871976852416992,9.962562561035156
0,0,0,0,48.511322021484375,31.871479034423828,9.962760925292969
0,0,0,0,48.51234436035156,31.870756149291992,9.963096618652344
0,0,0,0,48.51304244995117,31.870271682739258,9.963401794433594
0,0,0,0,48.51383590698242,31.869678497314453,9.963729858398438
0,0,0,0,48.514808654785156,31.86896514892578,9.964157104492188
0,0,0,0,48.5156135559082,31.868324279785156,9.964462280273438
0,0,0,0,48.51637268066406,31.86777687072754,9.964744567871094
0,0,0,0,48.517417907714844,31.866966247558594,9.965110778808594
0,0,0,0,48.518184661865234,31.86640167236328,9.965339660644531
0,0,0,0,48.51896286010742,31.865772247314453,9.965538024902344
0,0,0,0,48.51997375488281,31.86499786376953,9.965782165527344
0,0,0,0,48.52069091796875,31.864418029785156,9.965950012207031
0,0,0,0,48.52144241333008,31.8638916015625,9.96612548828125
0,0,0,0,48.52239227294922,31.86324119567871,9.966354370117188
0,0,0,0,48.52313995361328,31.862756729125977,9.966537475585938
0,0,0,0,48.52378463745117,31.862333297729492,9.966712951660156
0,0,0,0,48.52472686767578,31.861778259277344,9.966987609863281
0,0,0,0,48.52533721923828,31.861530303955078,9.967216491699219
0,0,0,0,48.526248931884766,31.86117935180664,9.967521667480469
0,0,0,0,48.52687454223633,31.86104393005371,9.96771240234375
0,0,0,0,48.52757263183594,31.860855102539062,9.967887878417969
0,0,0,0,48.52821731567383,31.860803604125977,9.968032836914062
0,0,0,0,48.52915573120117,31.860652923583984,9.96820068359375
0,0,0,0,48.52982711791992,31.860652923583984,9.968307495117188
0,0,0,0,48.530513763427734,31.860605239868164,9.968376159667969
0,0,0,0,48.531341552734375,31.86062240600586,9.968452453613281
0,0,0,0,48.531890869140625,31.86060333251953,9.968536376953125
0,0,0,0,48.53241729736328,31.860639572143555,9.968605041503906
0,0,0,0,48.53305435180664,31.860639572143555,9.968597412109375
0,0,0,0,48.53354263305664,31.860637664794922,9.968559265136719
0,0,0,0,48.53396224975586,31.860645294189453,9.968528747558594
0,0,0,0,48.534576416015625,31.860637664794922,9.968490600585938
0,0,0,0,48.53495788574219,31.86065101623535,9.968406677246094
0,0,0,0,48.53541564941406,31.860584259033203,9.968246459960938
0,0,0,0,48.53593444824219,31.860551834106445,9.967918395996094
0,0,0,0,48.536373138427734,31.860443115234375,9.96759033203125
0,0,0,0,48.536720275878906,31.86041831970215,9.9671630859375
0,0,0,0,48.53721618652344,31.86025047302246,9.96649169921875
0,0,0,0,48.53749084472656,31.860204696655273,9.9659423828125
0,0,0,0,48.53788757324219,31.860048294067383,9.965126037597656
0,0,0,0,48.53821563720703,31.859975814819336,9.964469909667969
0,0,0,0,48.538516998291016,31.859827041625977,9.96380615234375
0,0,0,0,48.53882598876953,31.859750747680664,9.963157653808594
0,0,0,0,48.53926086425781,31.859540939331055,9.962356567382812
0,0,0,0,48.539608001708984,31.859399795532227,9.961807250976562
0,0,0,0,48.5399169921875,31.859237670898438,9.9613037109375
0,0,0,0,48.54045104980469,31.8590145111084,9.960533142089844
0,0,0,0,48.54062271118164,31.85896873474121,9.96026611328125
0,0,0,0,48.541080474853516,31.858814239501953,9.9598388671875
0,0,0,0,48.54130935668945,31.85880470275879,9.959587097167969
0,0,0,0,48.5416145324707,31.85873794555664,9.959396362304688
0,0,0,0,48.541812896728516,31.858762741088867,9.959236145019531
0,0,0,0,48.5421028137207,31.858762741088867,9.959075927734375
0,0,0,0,48.54219055175781,31.85890007019043,9.959014892578125
0,0,0,0,48.542301177978516,31.85900115966797,9.958999633789062
0,0,0,0,48.542293548583984,31.859296798706055,9.959022521972656
0,0,0,0,48.542293548583984,31.8594970703125,9.959030151367188
0,0,0,0,48.54225158691406,31.85984992980957,9.959037780761719
0,0,0,0,48.542205810546875,31.860355377197266,9.959053039550781
0,0,0,0,48.54216003417969,31.860807418823242,9.959037780761719
0,0,0,0,48.542118072509766,31.861248016357422,9.958999633789062
0,0,0,0,48.54204177856445,31.86212730407715,9.958839416503906
0,0,0,0,48.54194641113281,31.862546920776367,9.958747863769531
0,0,0,0,48.5418815612793,31.863168716430664,9.958633422851562
0,0,0,0,48.541751861572266,31.864290237426758,9.958427429199219
0,0,0,0,48.541748046875,31.864728927612305,9.958358764648438
0,0,0,0,48.541622161865234,31.86547088623047,9.958259582519531
0,0,0,0,48.54151153564453,31.866376876831055,9.958221435546875
0,0,0,0,48.54130554199219,31.867136001586914,9.958221435546875
0,0,0,0,48.54115295410156,31.8677921295166,9.958206176757812
0,0,0,0,48.540809631347656,31.86872673034668,9.958213806152344
0,0,0,0,48.540565490722656,31.86932373046875,9.958251953125
0,0,0,0,48.54023361206055,31.8700008392334,9.958297729492188
0,0,0,0,48.539772033691406,31.870765686035156,9.958419799804688
0,0,0,0,48.53936767578125,31.871374130249023,9.95855712890625
0,0,0,0,48.53896713256836,31.87191390991211,9.95867919921875
0,0,0,0,48.53841781616211,31.87271499633789,9.958847045898438
0,0,0,0,48.53795623779297,31.87331199645996,9.959007263183594
0,0,0,0,48.53752136230469,31.873939514160156,9.959205627441406
0,0,0,0,48.53695297241211,31.874746322631836,9.959518432617188
0,0,0,0,48.5366096496582,31.87533950805664,9.959800720214844
0,0,0,0,48.536190032958984,31.87596893310547,9.960098266601562
0,0,0,0,48.535728454589844,31.876739501953125,9.9605712890625
0,0,0,0,48.535335540771484,31.87740135192871,9.960975646972656
0,0,0,0,48.5350341796875,31.87798309326172,9.961395263671875
0,0,0,0,48.53453063964844,31.878822326660156,9.962020874023438
0,0,0,0,48.534263610839844,31.879337310791016,9.962486267089844
0,0,0,0,48.533935546875,31.879913330078125,9.962974548339844
0,0,0,0,48.533599853515625,31.88052749633789,9.963623046875
0,0,0,0,48.53334426879883,31.880977630615234,9.964126586914062
0,0,0,0,48.533164978027344,31.881296157836914,9.964599609375
0,0,0,0,48.532859802246094,31.88178825378418,9.965171813964844
0,0,0,0,48.532615661621094,31.882068634033203,9.965553283691406
0,0,0,0,48.53239822387695,31.882356643676758,9.965850830078125
0,0,0,0,48.53213119506836,31.882652282714844,9.966140747070312
0,0,0,0,48.53193283081055,31.882858276367188,9.966300964355469
0,0,0,0,48.53166961669922,31.88302993774414,9.966415405273438
0,0,0,0,48.53140640258789,31.883195877075195,9.966552734375
0,0,0,0,48.531124114990234,31.883337020874023,9.966667175292969
0,0,0,0,48.53092575073242,31.883377075195312,9.966804504394531
0,0,0,0,48.530521392822266,31.883405685424805,9.967048645019531
0,0,0,0,48.530277252197266,31.88330078125,9.967300415039062
0,0,0,0,48.52994918823242,31.883220672607422,9.967552185058594
0,0,0,0,48.529598236083984,31.882978439331055,9.9678955078125
0,0,0,0,48.52931213378906,31.882831573486328,9.968170166015625
0,0,0,0,48.52909851074219,31.882587432861328,9.968437194824219
0,0,0,0,48.52875900268555,31.882333755493164,9.968826293945312
0,0,0,0,48.528526306152344,31.882097244262695,9.969123840332031
0,0,0,0,48.52826690673828,31.88190460205078,9.969406127929688
0,0,0,0,48.52793884277344,31.881563186645508,9.9697265625
0,0,0,0,48.52770233154297,31.881336212158203,9.969940185546875
0,0,0,0,48.527442932128906,31.881120681762695,9.970146179199219
0,0,0,0,48.5271110534668,31.880855560302734,9.970413208007812
0,0,0,0,48.52680206298828,31.88066864013672,9.970626831054688
0,0,0,0,48.52658462524414,31.880447387695312,9.9708251953125
0,0,0,0,48.52621841430664,31.880260467529297,9.971122741699219
0,0,0,0,48.52605438232422,31.880084991455078,9.971328735351562
0,0,0,0,48.52587127685547,31.87999725341797,9.971504211425781
0,0,0,0,48.525787353515625,31.879772186279297,9.971786499023438
0,0,0,0,48.52568435668945,31.879703521728516,9.972030639648438
0,0,0,0,48.5256462097168,31.879581451416016,9.972320556640625
0,0,0,0,48.52552032470703,31.879562377929688,9.972740173339844
0,0,0,0,48.52549362182617,31.879501342773438,9.973037719726562
0,0,0,0,48.525455474853516,31.87953758239746,9.973289489746094
0,0,0,0,48.52546691894531,31.879528045654297,9.973617553710938
0,0,0,0,48.52549743652344,31.879581451416016,9.973861694335938
0,0,0,0,48.52552032470703,31.879613876342773,9.974128723144531
0,0,0,0,48.525611877441406,31.8797607421875,9.974525451660156
0,0,0,0,48.52567672729492,31.879886627197266,9.974807739257812
0,0,0,0,48.52583694458008,31.88001823425293,9.975082397460938
0,0,0,0,48.526031494140625,31.88022232055664,9.975440979003906
0,0,0,0,48.52629089355469,31.880355834960938,9.975677490234375
0,0,0,0,48.5264892578125,31.880535125732422,9.975875854492188
0,0,0,0,48.5268669128418,31.880714416503906,9.976081848144531
0,0,0,0,48.527122497558594,31.880918502807617,9.976226806640625
0,0,0,0,48.52747344970703,31.88099479675293,9.976348876953125
0,0,0,0,48.527923583984375,31.88113021850586,9.976608276367188
0,0,0,0,48.52809524536133,31.881103515625,9.976737976074219
0,0,0,0,48.528324127197266,31.881126403808594,9.976943969726562
0,0,0,0,48.52862548828125,31.881006240844727,9.977210998535156
0,0,0,0,48.528751373291016,31.880979537963867,9.977371215820312
0,0,0,0,48.52882766723633,31.8808536529541,9.977531433105469
0,0,0,0,48.528873443603516,31.880699157714844,9.977729797363281
0,0,0,0,48.52882385253906,31.88051986694336,9.977836608886719
0,0,0,0,48.52875518798828,31.880237579345703,9.977920532226562
0,0,0,0,48.52857971191406,31.880023956298828,9.977951049804688
0,0,0,0,48.528411865234375,31.879745483398438,9.977973937988281
0,0,0,0,48.52810287475586,31.879497528076172,9.977973937988281
0,0,0,0,48.52766418457031,31.879098892211914,9.977943420410156
0,0,0,0,48.5272102355957,31.87883949279785,9.977928161621094
0,0,0,0,48.52682876586914,31.878490447998047,9.977920532226562
0,0,0,0,48.52617645263672,31.878137588500977,9.977828979492188
0,0,0,0,48.52568054199219,31.877790451049805,9.977691650390625
0,0,0,0,48.52491760253906,31.87742805480957,9.977455139160156
0,0,0,0,48.52436828613281,31.87710189819336,9.977249145507812
0,0,0,0,48.523773193359375,31.8768367767334,9.97698974609375
0,0,0,0,48.523216247558594,31.87647247314453,9.976707458496094
0,0,0,0,48.522430419921875,31.87610626220703,9.976280212402344
0,0,0,0,48.5218391418457,31.875804901123047,9.975944519042969
0,0,0,0,48.52128219604492,31.875545501708984,9.975593566894531
0,0,0,0,48.5205192565918,31.87516212463379,9.975135803222656
0,0,0,0,48.52003479003906,31.87487030029297,9.974830627441406
0,0,0,0,48.51949691772461,31.874610900878906,9.974555969238281
0,0,0,0,48.51874923706055,31.874223709106445,9.974166870117188
0,0,0,0,48.518428802490234,31.874128341674805,9.974044799804688
0,0,0,0,48.51807403564453,31.873931884765625,9.973899841308594
0,0,0,0,48.51752853393555,31.873756408691406,9.973800659179688
0,0,0,0,48.517173767089844,31.87359619140625,9.973800659179688
0,0,0,0,48.516746520996094,31.87360191345215,9.973892211914062
0,0,0,0,48.51629638671875,31.87356185913086,9.974143981933594
0,0,0,0,48.51590347290039,31.87364959716797,9.974388122558594
0,0,0,0,48.51559066772461,31.873659133911133,9.974693298339844
0,0,0,0,48.51502990722656,31.873781204223633,9.975257873535156
0,0,0,0,48.51478576660156,31.873798370361328,9.975486755371094
0,0,0,0,48.51443099975586,31.873882293701172,9.975799560546875
0,0,0,0,48.5140380859375,31.873889923095703,9.976142883300781
0,0,0,0,48.51378631591797,31.8739070892334,9.97637939453125
0,0,0,0,48.51353073120117,31.873872756958008,9.976600646972656
0,0,0,0,48.51322937011719,31.873804092407227,9.976821899414062
0,0,0,0,48.5129508972168,31.873754501342773,9.976921081542969
0,0,0,0,48.512779235839844,31.87363052368164,9.976959228515625
0,0,0,0,48.5124397277832,31.873369216918945,9.976898193359375
0,0,0,0,48.51234436035156,31.873184204101562,9.976852416992188
0,0,0,0,48.5120964050293,31.872955322265625,9.976821899414062
0,0,0,0,48.511837005615234,31.87255859375,9.976821899414062
0,0,0,0,48.511600494384766,31.872285842895508,9.976829528808594
0,0,0,0,48.51144027709961,31.87188148498535,9.976905822753906
0,0,0,0,48.51115036010742,31.87125587463379,9.977157592773438
0,0,0,0,48.51103973388672,31.870956420898438,9.977287292480469
0,0,0,0,48.5108642578125,31.87057113647461,9.9775390625
0,0,0,0,48.51069259643555,31.869915008544922,9.977928161621094
0,0,0,0,48.510581970214844,31.869487762451172,9.978256225585938
0,0,0,0,48.51048278808594,31.869009017944336,9.978645324707031
0,0,0,0,48.51036834716797,31.868253707885742,9.979400634765625
0,0,0,0,48.510292053222656,31.86797332763672,9.979721069335938
0,0,0,0,48.51026916503906,31.86753273010254,9.980247497558594
0,0,0,0,48.51020812988281,31.866830825805664,9.981163024902344
0,0,0,0,48.5102653503418,31.866491317749023,9.981536865234375
0,0,0,0,48.51033401489258,31.865921020507812,9.98223876953125
0,0,0,0,48.51051330566406,31.86540985107422,9.982681274414062
0,0,0,0,48.51061248779297,31.865007400512695,9.983024597167969
0,0,0,0,48.510807037353516,31.86452865600586,9.983261108398438
0,0,0,0,48.510990142822266,31.864017486572266,9.983428955078125
0,0,0,0,48.5112190246582,31.863574981689453,9.983451843261719
0,0,0,0,48.51137161254883,31.863245010375977,9.983390808105469
0,0,0,0,48.51160430908203,31.86269187927246,9.983207702636719
0,0,0,0,48.511741638183594,31.862350463867188,9.983001708984375
0,0,0,0,48.511871337890625,31.861976623535156,9.9827880859375
0,0,0,0,48.51203536987305,31.861583709716797,9.982421875
0,0,0,0,48.51212692260742,31.861268997192383,9.982086181640625
0,0,0,0,48.512229919433594,31.861005783081055,9.981704711914062
0,0,0,0,48.512351989746094,31.860652923583984,9.981155395507812
0,0,0,0,48.51247787475586,31.86040687561035,9.980720520019531
0,0,0,0,48.51249313354492,31.860185623168945,9.980270385742188
0,0,0,0,48.512550354003906,31.85989761352539,9.979637145996094
0,0,0,0,48.51246643066406,31.85976219177246,9.979110717773438
0,0,0,0,48.512420654296875,31.859588623046875,9.978584289550781
0,0,0,0,48.5121955871582,31.859498977661133,9.977897644042969
0,0,0,0,48.512062072753906,31.85940933227539,9.9774169921875
0,0,0,0,48.51179885864258,31.859453201293945,9.976982116699219
0,0,0,0,48.51145553588867,31.859447479248047,9.976432800292969
0,0,0,0,48.51107406616211,31.85955047607422,9.975990295410156
0,0,0,0,48.51070785522461,31.859617233276367,9.975578308105469
0,0,0,0,48.509952545166016,31.859848022460938,9.974945068359375
0,0,0,0,48.50960922241211,31.859947204589844,9.974693298339844
0,0,0,0,48.509098052978516,31.86012077331543,9.974311828613281
0,0,0,0,48.508392333984375,31.860301971435547,9.973800659179688
0,0,0,0,48.50790786743164,31.860441207885742,9.973381042480469
0,0,0,0,48.50739669799805,31.860572814941406,9.972915649414062
0,0,0,0,48.50687026977539,31.860708236694336,9.9722900390625
0,0,0,0,48.50647735595703,31.86084747314453,9.971832275390625
0,0,0,0,48.50619125366211,31.86094093322754,9.971366882324219
0,0,0,0,48.50578689575195,31.86113166809082,9.97076416015625
0,0,0,0,48.5056037902832,31.861167907714844,9.970314025878906
0,0,0,0,48.50539016723633,31.86122703552246,9.969879150390625
0,0,0,0,48.5052604675293,31.86115074157715,9.969306945800781
0,0,0,0,48.505126953125,31.86117172241211,9.968902587890625
0,0,0,0,48.50510787963867,31.861080169677734,9.968513488769531
0,0,0,0,48.50514221191406,31.86102294921875,9.968009948730469
0,0,0,0,48.505271911621094,31.860897064208984,9.967628479003906
0,0,0,0,48.505435943603516,31.860822677612305,9.967247009277344
0,0,0,0,48.50575637817383,31.860637664794922,9.966758728027344
0,0,0,0,48.50606918334961,31.86052131652832,9.966407775878906
0,0,0,0,48.50640106201172,31.860366821289062,9.966056823730469
0,0,0,0,48.50692367553711,31.860179901123047,9.965576171875
0,0,0,0,48.50729751586914,31.860042572021484,9.965194702148438
0,0,0,0,48.507877349853516,31.859779357910156,9.964630126953125
0,0,0,0,48.508216857910156,31.859619140625,9.964210510253906
0,0,0,0,48.508636474609375,31.85936737060547,9.963775634765625
0,0,0,0,48.50897979736328,31.859220504760742,9.963310241699219
0,0,0,0,48.509578704833984,31.858993530273438,9.962730407714844
0,0,0,0,48.50996780395508,31.858951568603516,9.962318420410156
0,0,0,0,48.51042556762695,31.85883903503418,9.961921691894531
0,0,0,0,48.51093673706055,31.85887908935547,9.96142578125
0,0,0,0,48.51137924194336,31.85887908935547,9.961067199707031
0,0,0,0,48.51177215576172,31.859004974365234,9.960762023925781
0,0,0,0,48.51231384277344,31.859134674072266,9.960395812988281
0,0,0,0,48.512760162353516,31.85934066772461,9.960189819335938
0,0,0,0,48.51320266723633,31.85955238342285,9.960067749023438
0,0,0,0,48.51380920410156,31.85993003845215,9.960029602050781
0,0,0,0,48.51424026489258,31.860248565673828,9.960113525390625
0,0,0,0,48.51490020751953,31.860733032226562,9.960342407226562
0,0,0,0,48.515350341796875,31.8612060546875,9.960548400878906
0,0,0,0,48.51588821411133,31.861675262451172,9.960769653320312
0,0,0,0,48.51653289794922,31.862438201904297,9.961105346679688
0,0,0,0,48.51709747314453,31.863019943237305,9.96142578125
0,0,0,0,48.51759338378906,31.863731384277344,9.961776733398438
0,0,0,0,48.51833724975586,31.864591598510742,9.962287902832031
0,0,0,0,48.518863677978516,31.865337371826172,9.962692260742188
0,0,0,0,48.51943588256836,31.86600685119629,9.963104248046875
0,0,0,0,48.519954681396484,31.866796493530273,9.963493347167969
0,0,0,0,48.520904541015625,31.868038177490234,9.964118957519531
0,0,0,0,48.521305084228516,31.86854362487793,9.964347839355469
0,0,0,0,48.52205276489258,31.86952781677246,9.964698791503906
0,0,0,0,48.52263259887695,31.870264053344727,9.964881896972656
0,0,0,0,48.52314376831055,31.870939254760742,9.964996337890625
0,0,0,0,48.52364730834961,31.87162208557129,9.965042114257812
0,0,0,0,48.524208068847656,31.87249183654785,9.964973449707031
0,0,0,0,48.524658203125,31.87310218811035,9.964813232421875
0,0,0,0,48.525089263916016,31.873916625976562,9.96441650390625
0,0,0,0,48.52545166015625,31.87443733215332,9.964042663574219
0,0,0,0,48.52571487426758,31.8749942779541,9.963615417480469
0,0,0,0,48.5261344909668,31.875640869140625,9.962982177734375
0,0,0,0,48.526371002197266,31.876203536987305,9.962425231933594
0,0,0,0,48.52668762207031,31.876651763916016,9.961822509765625
0,0,0,0,48.52692794799805,31.87720489501953,9.961174011230469
0,0,0,0,48.527366638183594,31.877826690673828,9.96026611328125
0,0,0,0,48.527652740478516,31.878374099731445,9.959571838378906
0,0,0,0,48.527992248535156,31.87882423400879,9.958831787109375
0,0,0,0,48.5284423828125,31.879493713378906,9.957756042480469
0,0,0,0,48.528785705566406,31.87994956970215,9.956878662109375
0,0,0,0,48.52908706665039,31.88045883178711,9.955955505371094
0,0,0,0,48.529422760009766,31.881027221679688,9.954666137695312
0,0,0,0,48.529685974121094,31.881418228149414,9.953689575195312
0,0,0,0,48.52985382080078,31.881790161132812,9.952705383300781
0,0,0,0,48.53007888793945,31.882251739501953,9.951438903808594
0,0,0,0,48.53012466430664,31.88261604309082,9.950515747070312
0,0,0,0,48.53022766113281,31.882888793945312,9.949623107910156
0,0,0,0,48.53030776977539,31.88336753845215,9.948173522949219
0,0,0,0,48.530372619628906,31.883499145507812,9.947616577148438
0,0,0,0,48.530399322509766,31.883798599243164,9.946830749511719
0,0,0,0,48.53047561645508,31.884090423583984,9.945846557617188
0,0,0,0,48.530433654785156,31.884368896484375,9.945144653320312
0,0,0,0,48.530460357666016,31.884519577026367,9.944511413574219
0,0,0,0,48.53046798706055,31.884841918945312,9.943756103515625
0,0,0,0,48.530494689941406,31.885026931762695,9.943229675292969
0,0,0,0,48.53047561645508,31.88531494140625,9.942718505859375
0,0,0,0,48.53047561645508,31.885616302490234,9.942138671875
0,0,0,0,48.53053283691406,31.885831832885742,9.941787719726562
0,0,0,0,48.53056716918945,31.88600730895996,9.941490173339844
0,0,0,0,48.53067398071289,31.88627815246582,9.941177368164062
0,0,0,0,48.5307502746582,31.886516571044922,9.941009521484375
0,0,0,0,48.53092956542969,31.886730194091797,9.940872192382812
0,0,0,0,48.531105041503906,31.886981964111328,9.94073486328125
0,0,0,0,48.53133773803711,31.887062072753906,9.940666198730469
0,0,0,0,48.53151321411133,31.887155532836914,9.940650939941406
0,0,0,0,48.53192901611328,31.887126922607422,9.940689086914062
0,0,0,0,48.53219985961914,31.88710594177246,9.940757751464844
0,0,0,0,48.53256607055664,31.886947631835938,9.940879821777344
0,0,0,0,48.53299331665039,31.886770248413086,9.941116333007812
0,0,0,0,48.53336715698242,31.886533737182617,9.941368103027344
0,0,0,0,48.533714294433594,31.886354446411133,9.941658020019531
0,0,0,0,48.53437042236328,31.88593864440918,9.942268371582031
0,0,0,0,48.53468322753906,31.88578987121582,9.942535400390625
0,0,0,0,48.535240173339844,31.885486602783203,9.943092346191406
0,0,0,0,48.535675048828125,31.885282516479492,9.943534851074219
0,0,0,0,48.53602600097656,31.88509178161621,9.9439697265625
0,0,0,0,48.53641891479492,31.884923934936523,9.944412231445312
0,0,0,0,48.53681564331055,31.884740829467773,9.945053100585938
0,0,0,0,48.53715133666992,31.884607315063477,9.945549011230469
0,0,0,0,48.53736114501953,31.884540557861328,9.946060180664062
0,0,0,0,48.537628173828125,31.88442611694336,9.946784973144531
0,0,0,0,48.53769302368164,31.88445281982422,9.9473876953125
0,0,0,0,48.53779220581055,31.88442611694336,9.948051452636719
0,0,0,0,48.53770446777344,31.884552001953125,9.948997497558594
0,0,0,0,48.53761672973633,31.88463020324707,9.949737548828125
0,0,0,0,48.537445068359375,31.884862899780273,9.95050048828125
0,0,0,0,48.53727340698242,31.885169982910156,9.95159912109375
0,0,0,0,48.537086486816406,31.885494232177734,9.95245361328125
0,0,0,0,48.53693771362305,31.885738372802734,9.953330993652344
0,0,0,0,48.5367317199707,31.886152267456055,9.954536437988281
0,0,0,0,48.536590576171875,31.886415481567383,9.955429077148438
0,0,0,0,48.5364990234375,31.886674880981445,9.956298828125
0,0,0,0,48.53641891479492,31.886991500854492,9.957389831542969
0,0,0,0,48.53644943237305,31.887224197387695,9.958152770996094
0,0,0,0,48.536399841308594,31.887462615966797,9.958885192871094
0,0,0,0,48.53641891479492,31.88774299621582,9.959823608398438
0,0,0,0,48.53636169433594,31.88801383972168,9.96044921875
0,0,0,0,48.53640365600586,31.88819694519043,9.960983276367188
0,0,0,0,48.536373138427734,31.88846778869629,9.961524963378906
0,0,0,0,48.536415100097656,31.8885498046875,9.961807250976562
0,0,0,0,48.5363655090332,31.888708114624023,9.962043762207031
0,0,0,0,48.53639602661133,31.888757705688477,9.962257385253906
0,0,0,0,48.536399841308594,31.888822555541992,9.962333679199219
0,0,0,0,48.53648376464844,31.888792037963867,9.962356567382812
0,0,0,0,48.53657150268555,31.88880157470703,9.962371826171875
0,0,0,0,48.53665542602539,31.888736724853516,9.962394714355469
0,0,0,0,48.5367546081543,31.888694763183594,9.962440490722656
0,0,0,0,48.536903381347656,31.888565063476562,9.962501525878906
0,0,0,0,48.537044525146484,31.88848304748535,9.962539672851562
0,0,0,0,48.53709411621094,31.888383865356445,9.962547302246094
0,0,0,0,48.53721237182617,31.88822364807129,9.962478637695312
0,0,0,0,48.5372428894043,31.888084411621094,9.962364196777344
0,0,0,0,48.53736114501953,31.88785743713379,9.962211608886719
0,0,0,0,48.53742218017578,31.8875675201416,9.961982727050781
0,0,0,0,48.53749084472656,31.887224197387695,9.961769104003906
0,0,0,0,48.53744888305664,31.88692855834961,9.961509704589844
0,0,0,0,48.53749084472656,31.886375427246094,9.961082458496094
0,0,0,0,48.53743362426758,31.886016845703125,9.960762023925781
0,0,0,0,48.53742599487305,31.88555335998535,9.960418701171875
0,0,0,0,48.53731155395508,31.885013580322266,9.959945678710938
0,0,0,0,48.537227630615234,31.884552001953125,9.9595947265625
0,0,0,0,48.53710174560547,31.884174346923828,9.959274291992188
0,0,0,0,48.53694152832031,31.88363265991211,9.95892333984375
0,0,0,0,48.536800384521484,31.883289337158203,9.958740234375
0,0,0,0,48.53661346435547,31.882938385009766,9.9586181640625
0,0,0,0,48.53639221191406,31.882553100585938,9.958473205566406
0,0,0,0,48.53617858886719,31.882308959960938,9.958419799804688
0,0,0,0,48.536041259765625,31.882076263427734,9.958381652832031
0,0,0,0,48.53578567504883,31.881805419921875,9.958389282226562
0,0,0,0,48.53567886352539,31.881563186645508,9.958473205566406
0,0,0,0,48.535499572753906,31.881412506103516,9.9586181640625
0,0,0,0,48.53539276123047,31.881135940551758,9.958885192871094
0,0,0,0,48.5352668762207,31.88099479675293,9.959144592285156
0,0,0,0,48.535240173339844,31.880752563476562,9.959434509277344
0,0,0,0,48.535133361816406,31.880538940429688,9.959854125976562
0,0,0,0,48.53512954711914,31.880308151245117,9.960182189941406
0,0,0,0,48.535118103027344,31.880090713500977,9.960617065429688
0,0,0,0,48.535133361816406,31.879928588867188,9.960945129394531
0,0,0,0,48.535125732421875,31.879844665527344,9.961273193359375
0,0,0,0,48.53505325317383,31.879764556884766,9.961669921875
0,0,0,0,48.535011291503906,31.87975311279297,9.961944580078125
0,0,0,0,48.53489303588867,31.8797664642334,9.962196350097656
0,0,0,0,48.5347900390625,31.879823684692383,9.962455749511719
0,0,0,0,48.53459167480469,31.87991714477539,9.962593078613281
0,0,0,0,48.534427642822266,31.879966735839844,9.962684631347656
0,0,0,0,48.534027099609375,31.88009262084961,9.962730407714844
0,0,0,0,48.53376007080078,31.88010597229004,9.962738037109375
0,0,0,0,48.53336715698242,31.88018226623535,9.962684631347656
0,0,0,0,48.53289031982422,31.880138397216797,9.9625244140625
0,0,0,0,48.53243637084961,31.880165100097656,9.962387084960938
0,0,0,0,48.53202819824219,31.880104064941406,9.962249755859375
0,0,0,0,48.53144073486328,31.880123138427734,9.962127685546875
0,0,0,0,48.531044006347656,31.880064010620117,9.962043762207031
0,0,0,0,48.5306282043457,31.880046844482422,9.961936950683594
0,0,0,0,48.53008270263672,31.87989044189453,9.961814880371094
0,0,0,0,48.52970886230469,31.87982940673828,9.961738586425781
0,0,0,0,48.52932357788086,31.879716873168945,9.961685180664062
0,0,0,0,48.52888870239258,31.879545211791992,9.961738586425781
0,0,0,0,48.528526306152344,31.879444122314453,9.961837768554688
0,0,0,0,48.52824783325195,31.879323959350586,9.961990356445312
0,0,0,0,48.52779006958008,31.879240036010742,9.962310791015625
0,0,0,0,48.527530670166016,31.879121780395508,9.962638854980469
0,0,0,0,48.52717208862305,31.879079818725586,9.962997436523438
0,0,0,0,48.52680969238281,31.878887176513672,9.963516235351562
0,0,0,0,48.52650451660156,31.87883186340332,9.963905334472656
0,0,0,0,48.52627182006836,31.878705978393555,9.964324951171875
0,0,0,0,48.52592849731445,31.878616333007812,9.964874267578125
0,0,0,0,48.52574920654297,31.87845230102539,9.965309143066406
0,0,0,0,48.525535583496094,31.878366470336914,9.965789794921875
0,0,0,0,48.525264739990234,31.878135681152344,9.966468811035156
0,0,0,0,48.52508544921875,31.878013610839844,9.967002868652344
0,0,0,0,48.52490234375,31.877870559692383,9.967567443847656
0,0,0,0,48.52470779418945,31.8778076171875,9.96832275390625
0,0,0,0,48.5245475769043,31.877803802490234,9.9688720703125
0,0,0,0,48.52443313598633,31.8778133392334,9.969406127929688
0,0,0,0,48.524208068847656,31.877887725830078,9.970077514648438
0,0,0,0,48.52412033081055,31.877925872802734,9.9705810546875
0,0,0,0,48.52397918701172,31.878023147583008,9.971046447753906
0,0,0,0,48.52392578125,31.87807273864746,9.971656799316406
0,0,0,0,48.523826599121094,31.878183364868164,9.97210693359375
0,0,0,0,48.52384567260742,31.878204345703125,9.972587585449219
0,0,0,0,48.52375411987305,31.878313064575195,9.973197937011719
0,0,0,0,48.52374267578125,31.878326416015625,9.973625183105469
0,0,0,0,48.52370071411133,31.878463745117188,9.974044799804688
0,0,0,0,48.52370071411133,31.878562927246094,9.974586486816406
0,0,0,0,48.523681640625,31.878725051879883,9.974967956542969
0,0,0,0,48.523681640625,31.87882423400879,9.97528076171875
0,0,0,0,48.5236930847168,31.8790340423584,9.975654602050781
0,0,0,0,48.523704528808594,31.879201889038086,9.975898742675781
0,0,0,0,48.523746490478516,31.879404067993164,9.976081848144531
0,0,0,0,48.52379608154297,31.879674911499023,9.976242065429688
0,0,0,0,48.523895263671875,31.879844665527344,9.976287841796875
0,0,0,0,48.523921966552734,31.880041122436523,9.976295471191406
0,0,0,0,48.52406311035156,31.88021469116211,9.976318359375
0,0,0,0,48.52408218383789,31.88037872314453,9.976303100585938
0,0,0,0,48.52416229248047,31.880416870117188,9.976234436035156
0,0,0,0,48.52417755126953,31.880516052246094,9.976097106933594
0,0,0,0,48.524234771728516,31.880481719970703,9.975975036621094
0,0,0,0,48.524200439453125,31.880489349365234,9.975807189941406
0,0,0,0,48.524192810058594,31.880319595336914,9.975555419921875
0,0,0,0,48.52413558959961,31.880237579345703,9.975357055664062
0,0,0,0,48.52412414550781,31.880050659179688,9.975151062011719
0,0,0,0,48.5240592956543,31.879854202270508,9.974838256835938
0,0,0,0,48.52399444580078,31.879627227783203,9.974617004394531
0,0,0,0,48.52392578125,31.879459381103516,9.974395751953125
0,0,0,0,48.52383041381836,31.879209518432617,9.974082946777344
0,0,0,0,48.523826599121094,31.879030227661133,9.973808288574219
0,0,0,0,48.523746490478516,31.878849029541016,9.973495483398438
0,0,0,0,48.52366256713867,31.87860107421875,9.972999572753906
0,0,0,0,48.52347946166992,31.87845230102539,9.972610473632812
0,0,0,0,48.52334976196289,31.878297805786133,9.972244262695312
0,0,0,0,48.523033142089844,31.878211975097656,9.971755981445312
0,0,0,0,48.522830963134766,31.87809181213379,9.971412658691406
0,0,0,0,48.522560119628906,31.878061294555664,9.971092224121094
0,0,0,0,48.52235412597656,31.87792205810547,9.970680236816406
0,0,0,0,48.52216339111328,31.877918243408203,9.970306396484375
0,0,0,0,48.52210998535156,31.877880096435547,9.970146179199219
0,0,0,0,48.52199172973633,31.877927780151367,9.969894409179688
0,0,0,0,48.52199172973633,31.877971649169922,9.969741821289062
0,0,0,0,48.52202224731445,31.87811279296875,9.969612121582031
0,0,0,0,48.52219772338867,31.878267288208008,9.969551086425781
0,0,0,0,48.522403717041016,31.878446578979492,9.96954345703125
0,0,0,0,48.52260208129883,31.878633499145508,9.96954345703125
0,0,0,0,48.52292251586914,31.87891960144043,9.969558715820312
0,0,0,0,48.52313232421875,31.879159927368164,9.9696044921875
0,0,0,0,48.5234375,31.879383087158203,9.96966552734375
0,0,0,0,48.52378463745117,31.879772186279297,9.969741821289062
0,0,0,0,48.52412033081055,31.880037307739258,9.969757080078125
0,0,0,0,48.524375915527344,31.880399703979492,9.969741821289062
0,0,0,0,48.52485275268555,31.880809783935547,9.969650268554688
0,0,0,0,48.52516174316406,31.881210327148438,9.969497680664062
0,0,0,0,48.525535583496094,31.88152313232422,9.969306945800781
0,0,0,0,48.525909423828125,31.88204002380371,9.969017028808594
0,0,0,0,48.526329040527344,31.882505416870117,9.968681335449219
0,0,0,0,48.526519775390625,31.882787704467773,9.968528747558594
0,0,0,0,48.5269660949707,31.883285522460938,9.968208312988281
0,0,0,0,48.527339935302734,31.88373374938965,9.967933654785156
0,0,0,0,48.527828216552734,31.884258270263672,9.96759033203125
0,0,0,0,48.52836227416992,31.884721755981445,9.96728515625
0,0,0,0,48.528568267822266,31.88497543334961,9.967124938964844
0,0,0,0,48.52898025512695,31.885303497314453,9.966865539550781
0,0,0,0,48.52952575683594,31.88566017150879,9.966567993164062
0,0,0,0,48.5300178527832,31.8858642578125,9.966407775878906
0,0,0,0,48.53044891357422,31.886137008666992,9.966300964355469
0,0,0,0,48.5311279296875,31.886444091796875,9.966239929199219
0,0,0,0,48.531585693359375,31.88672637939453,9.966224670410156
0,0,0,0,48.532169342041016,31.886926651000977,9.96624755859375
0,0,0,0,48.532840728759766,31.887290954589844,9.966331481933594
0,0,0,0,48.53341293334961,31.887449264526367,9.966445922851562
0,0,0,0,48.53392791748047,31.887704849243164,9.966598510742188
0,0,0,0,48.53470993041992,31.88793182373047,9.96685791015625
0,0,0,0,48.5352668762207,31.888137817382812,9.967056274414062
0,0,0,0,48.535858154296875,31.8883056640625,9.967231750488281
0,0,0,0,48.53663635253906,31.888633728027344,9.967437744140625
0,0,0,0,48.53719711303711,31.888835906982422,9.967559814453125
0,0,0,0,48.5378303527832,31.88906478881836,9.967674255371094
0,0,0,0,48.53870391845703,31.889328002929688,9.967803955078125
0,0,0,0,48.539466857910156,31.889516830444336,9.967864990234375
0,0,0,0,48.540184020996094,31.889739990234375,9.967918395996094
0,0,0,0,48.54117965698242,31.889984130859375,9.967933654785156
0,0,0,0,48.54180145263672,31.89021110534668,9.967872619628906
0,0,0,0,48.54249572753906,31.890342712402344,9.967765808105469
0,0,0,0,48.543296813964844,31.890552520751953,9.96759033203125
0,0,0,0,48.54395294189453,31.890621185302734,9.9674072265625
0,0,0,0,48.54450988769531,31.89077377319336,9.967193603515625
0,0,0,0,48.54530334472656,31.890871047973633,9.966896057128906
0,0,0,0,48.54609298706055,31.891036987304688,9.966545104980469
0,0,0,0,48.5464973449707,31.89107322692871,9.966346740722656
0,0,0,0,48.547279357910156,31.891216278076172,9.965873718261719
0,0,0,0,48.54784393310547,31.891267776489258,9.965476989746094
0,0,0,0,48.54841232299805,31.89134407043457,9.965065002441406
0,0,0,0,48.549110412597656,31.891353607177734,9.964431762695312
0,0,0,0,48.549617767333984,31.891374588012695,9.963943481445312
0,0,0,0,48.55006408691406,31.89140510559082,9.963432312011719
0,0,0,0,48.550724029541016,31.8914852142334,9.962715148925781
0,0,0,0,48.551124572753906,31.891603469848633,9.962112426757812
0,0,0,0,48.55156707763672,31.891685485839844,9.961494445800781
0,0,0,0,48.55198669433594,31.891891479492188,9.960670471191406
0,0,0,0,48.55231857299805,31.892005920410156,9.960037231445312
0,0,0,0,48.5525016784668,31.892229080200195,9.959426879882812
0,0,0,0,48.55272674560547,31.892494201660156,9.958694458007812
0,0,0,0,48.55276870727539,31.892778396606445,9.958198547363281
0,0,0,0,48.55284881591797,31.892942428588867,9.957740783691406
0,0,0,0,48.55282211303711,31.893310546875,9.957176208496094
0,0,0,0,48.552772521972656,31.893583297729492,9.956832885742188
0,0,0,0,48.55262756347656,31.89398765563965,9.956520080566406
0,0,0,0,48.552345275878906,31.894479751586914,9.956161499023438
0,0,0,0,48.552093505859375,31.894880294799805,9.955947875976562
0,0,0,0,48.551788330078125,31.895252227783203,9.955772399902344
0,0,0,0,48.551395416259766,31.89579200744629,9.955543518066406
0,0,0,0,48.551025390625,31.896224975585938,9.95538330078125
0,0,0,0,48.55067825317383,31.896665573120117,9.955207824707031
0,0,0,0,48.550052642822266,31.8973388671875,9.954910278320312
0,0,0,0,48.54963684082031,31.89783477783203,9.954658508300781
0,0,0,0,48.54911422729492,31.898399353027344,9.954414367675781
0,0,0,0,48.54851150512695,31.89900779724121,9.954063415527344
0,0,0,0,48.5479621887207,31.899490356445312,9.953765869140625
0,0,0,0,48.54747009277344,31.899789810180664,9.953460693359375
0,0,0,0,48.546730041503906,31.900205612182617,9.953079223632812
0,0,0,0,48.5462532043457,31.900381088256836,9.952835083007812
0,0,0,0,48.54576110839844,31.90059471130371,9.952613830566406
0,0,0,0,48.5451774597168,31.900739669799805,9.952346801757812
0,0,0,0,48.544776916503906,31.900880813598633,9.952186584472656
0,0,0,0,48.54437255859375,31.900949478149414,9.952056884765625
0,0,0,0,48.54384231567383,31.901031494140625,9.951942443847656
0,0,0,0,48.543277740478516,31.901094436645508,9.951866149902344
0,0,0,0,48.543052673339844,31.901084899902344,9.951820373535156
0,0,0,0,48.54251480102539,31.901111602783203,9.951667785644531
0,0,0,0,48.542179107666016,31.90106964111328,9.951530456542969
0,0,0,0,48.54179382324219,31.90104866027832,9.951370239257812
0,0,0,0,48.541378021240234,31.900894165039062,9.951141357421875
0,0,0,0,48.540985107421875,31.90077018737793,9.950973510742188
0,0,0,0,48.54069519042969,31.90049934387207,9.950820922851562
0,0,0,0,48.540218353271484,31.900146484375,9.950691223144531
0,0,0,0,48.5399284362793,31.899763107299805,9.950691223144531
0,0,0,0,48.53956985473633,31.899433135986328,9.950736999511719
0,0,0,0,48.53913116455078,31.898826599121094,9.950836181640625
0,0,0,0,48.53870391845703,31.898202896118164,9.950981140136719
0,0,0,0,48.538490295410156,31.897863388061523,9.951087951660156
0,0,0,0,48.5380973815918,31.897197723388672,9.951332092285156
0,0,0,0,48.537811279296875,31.896610260009766,9.951545715332031
0,0,0,0,48.53755569458008,31.896005630493164,9.951789855957031
0,0,0,0,48.53718185424805,31.89513397216797,9.952140808105469
0,0,0,0,48.53696060180664,31.89446258544922,9.952438354492188
0,0,0,0,48.53666687011719,31.893795013427734,9.952796936035156
0,0,0,0,48.53635787963867,31.89278793334961,9.953369140625
0,0,0,0,48.536033630371094,31.89204978942871,9.953880310058594
0,0,0,0,48.535789489746094,31.89122200012207,9.954444885253906
0,0,0,0,48.53533935546875,31.89013671875,9.955253601074219
0,0,0,0,48.53504943847656,31.88920783996582,9.955909729003906
0,0,0,0,48.53466033935547,31.888317108154297,9.956596374511719
0,0,0,0,48.534244537353516,31.88692855834961,9.957542419433594
0,0,0,0,48.53392028808594,31.885887145996094,9.958259582519531
0,0,0,0,48.533660888671875,31.884740829467773,9.958992004394531
0,0,0,0,48.53329086303711,31.883331298828125,9.959976196289062
0,0,0,0,48.533023834228516,31.882266998291016,9.960731506347656
0,0,0,0,48.53278732299805,31.881269454956055,9.961463928222656
0,0,0,0,48.532474517822266,31.87989616394043,9.962379455566406
0,0,0,0,48.53230285644531,31.87889289855957,9.962982177734375
0,0,0,0,48.532108306884766,31.87792205810547,9.963493347167969
0,0,0,0,48.531978607177734,31.876699447631836,9.963996887207031
0,0,0,0,48.531829833984375,31.875871658325195,9.964248657226562
0,0,0,0,48.53178024291992,31.875030517578125,9.964370727539062
0,0,0,0,48.53166580200195,31.87404441833496,9.964370727539062
0,0,0,0,48.53170394897461,31.873268127441406,9.964271545410156
0,0,0,0,48.53171157836914,31.87261390686035,9.964080810546875
0,0,0,0,48.531898498535156,31.871700286865234,9.963829040527344
0,0,0,0,48.53200149536133,31.871110916137695,9.963623046875
0,0,0,0,48.53219223022461,31.87042236328125,9.963417053222656
0,0,0,0,48.53239059448242,31.869625091552734,9.963188171386719
0,0,0,0,48.53254699707031,31.86899757385254,9.963027954101562
0,0,0,0,48.532676696777344,31.86847686767578,9.962882995605469
0,0,0,0,48.53282928466797,31.86777687072754,9.962753295898438
0,0,0,0,48.53293991088867,31.867328643798828,9.962692260742188
0,0,0,0,48.533016204833984,31.866918563842773,9.962608337402344
0,0,0,0,48.533103942871094,31.86647605895996,9.962448120117188
0,0,0,0,48.53308868408203,31.8662109375,9.962265014648438
0,0,0,0,48.5330924987793,31.866008758544922,9.962066650390625
0,0,0,0,48.53303527832031,31.865869522094727,9.961784362792969
0,0,0,0,48.5330810546875,31.86579704284668,9.961585998535156
0,0,0,0,48.53299331665039,31.86585807800293,9.961395263671875
0,0,0,0,48.53290939331055,31.86587905883789,9.961212158203125
0,0,0,0,48.53276443481445,31.865978240966797,9.961029052734375
0,0,0,0,48.532718658447266,31.865982055664062,9.9609375
0,0,0,0,48.53251647949219,31.8660945892334,9.960792541503906
0,0,0,0,48.532386779785156,31.8660888671875,9.960731506347656
0,0,0,0,48.53221130371094,31.86618423461914,9.960700988769531
0,0,0,0,48.53197479248047,31.866252899169922,9.960693359375
0,0,0,0,48.531742095947266,31.866382598876953,9.960708618164062
0,0,0,0,48.53147506713867,31.866470336914062,9.960700988769531
0,0,0,0,48.53110885620117,31.866666793823242,9.960655212402344
0,0,0,0,48.53076934814453,31.866802215576172,9.960563659667969
0,0,0,0,48.53045654296875,31.866933822631836,9.96044921875
0,0,0,0,48.52993392944336,31.867107391357422,9.960319519042969
0,0,0,0,48.529605865478516,31.86720848083496,9.960212707519531
0,0,0,0,48.529197692871094,31.867347717285156,9.960105895996094
0,0,0,0,48.52873992919922,31.867473602294922,9.959938049316406
0,0,0,0,48.528282165527344,31.867612838745117,9.959808349609375
0,0,0,0,48.52787399291992,31.86766242980957,9.959671020507812
0,0,0,0,48.527198791503906,31.867769241333008,9.959480285644531
0,0,0,0,48.52676010131836,31.86776351928711,9.959335327148438
0,0,0,0,48.52629089355469,31.867843627929688,9.959182739257812
0,0,0,0,48.52582931518555,31.867828369140625,9.958969116210938
0,0,0,0,48.52550506591797,31.867889404296875,9.95880126953125
0,0,0,0,48.525238037109375,31.867839813232422,9.958641052246094
0,0,0,0,48.52492141723633,31.86784553527832,9.958450317382812
0,0,0,0,48.52474594116211,31.867778778076172,9.958305358886719
0,0,0,0,48.52465057373047,31.867700576782227,9.958183288574219
0,0,0,0,48.52454376220703,31.867521286010742,9.958061218261719
0,0,0,0,48.52452850341797,31.867341995239258,9.958000183105469
0,0,0,0,48.52448272705078,31.867202758789062,9.957954406738281
0,0,0,0,48.52454376220703,31.86699104309082,9.957908630371094
0,0,0,0,48.5245475769043,31.86687469482422,9.957901000976562
0,0,0,0,48.524658203125,31.86665153503418,9.957870483398438
0,0,0,0,48.52470779418945,31.86642074584961,9.957847595214844
0,0,0,0,48.52482223510742,31.866188049316406,9.957832336425781
0,0,0,0,48.524845123291016,31.866064071655273,9.95782470703125
0,0,0,0,48.52490997314453,31.865793228149414,9.957847595214844
0,0,0,0,48.524871826171875,31.86564064025879,9.957901000976562
0,0,0,0,48.52487564086914,31.865398406982422,9.957962036132812
0,0,0,0,48.52482223510742,31.86518669128418,9.958091735839844
0,0,0,0,48.52477264404297,31.864965438842773,9.958229064941406
0,0,0,0,48.52470779418945,31.86477279663086,9.958351135253906
0,0,0,0,48.52459716796875,31.864490509033203,9.958526611328125
0,0,0,0,48.524532318115234,31.8642520904541,9.958702087402344
0,0,0,0,48.52439880371094,31.864011764526367,9.958915710449219
0,0,0,0,48.5242805480957,31.863666534423828,9.959266662597656
0,0,0,0,48.52412033081055,31.863445281982422,9.959571838378906
0,0,0,0,48.524017333984375,31.86319351196289,9.959930419921875
0,0,0,0,48.5237922668457,31.862943649291992,9.960411071777344
0,0,0,0,48.523685455322266,31.86272621154785,9.960777282714844
0,0,0,0,48.523460388183594,31.862606048583984,9.961128234863281
0,0,0,0,48.52322769165039,31.862293243408203,9.961601257324219
0,0,0,0,48.52299880981445,31.862089157104492,9.9619140625
0,0,0,0,48.52284240722656,31.861757278442383,9.962196350097656
0,0,0,0,48.52257537841797,31.86139678955078,9.962509155273438
0,0,0,0,48.52240753173828,31.86102867126465,9.96270751953125
0,0,0,0,48.522220611572266,31.8607120513916,9.962860107421875
0,0,0,0,48.52198028564453,31.860193252563477,9.963050842285156
0,0,0,0,48.52180862426758,31.85985565185547,9.963188171386719
0,0,0,0,48.5216064453125,31.859540939331055,9.963310241699219
0,0,0,0,48.52136993408203,31.859189987182617,9.963516235351562
0,0,0,0,48.52114486694336,31.858993530273438,9.963668823242188
0,0,0,0,48.52100372314453,31.858816146850586,9.963821411132812
0,0,0,0,48.520748138427734,31.858684539794922,9.964035034179688
0,0,0,0,48.5206298828125,31.858596801757812,9.964225769042969
0,0,0,0,48.52043914794922,31.858654022216797,9.964424133300781
0,0,0,0,48.52027893066406,31.858713150024414,9.964706420898438
0,0,0,0,48.52007293701172,31.858875274658203,9.96490478515625
0,0,0,0,48.5198974609375,31.858999252319336,9.965095520019531
0,0,0,0,48.51954650878906,31.859399795532227,9.965286254882812
0,0,0,0,48.519287109375,31.85967445373535,9.965385437011719
0,0,0,0,48.518943786621094,31.860078811645508,9.965423583984375
0,0,0,0,48.51847457885742,31.86061668395996,9.96539306640625
0,0,0,0,48.51808166503906,31.861129760742188,9.965370178222656
0,0,0,0,48.51762771606445,31.861621856689453,9.96533203125
0,0,0,0,48.516971588134766,31.862363815307617,9.965240478515625
0,0,0,0,48.51640319824219,31.86295509338379,9.965156555175781
0,0,0,0,48.51587677001953,31.863582611083984,9.965080261230469
0,0,0,0,48.51508712768555,31.864404678344727,9.965080261230469
0,0,0,0,48.514339447021484,31.865236282348633,9.965202331542969
0,0,0,0,48.513912200927734,31.865711212158203,9.965293884277344
0,0,0,0,48.513179779052734,31.866558074951172,9.965538024902344
0,0,0,0,48.51260757446289,31.867233276367188,9.965751647949219
0,0,0,0,48.51218032836914,31.86779022216797,9.965972900390625
0,0,0,0,48.511573791503906,31.86854362487793,9.966323852539062
0,0,0,0,48.51123046875,31.868959426879883,9.96661376953125
0,0,0,0,48.51083755493164,31.869401931762695,9.9669189453125
0,0,0,0,48.51045227050781,31.8697509765625,9.967376708984375
0,0,0,0,48.51017379760742,31.869972229003906,9.967758178710938
0,0,0,0,48.509944915771484,31.870079040527344,9.968177795410156
0,0,0,0,48.50962829589844,31.87028694152832,9.968803405761719
0,0,0,0,48.509422302246094,31.870380401611328,9.969329833984375
0,0,0,0,48.50923156738281,31.870437622070312,9.969879150390625
0,0,0,0,48.50896453857422,31.870439529418945,9.970634460449219
0,0,0,0,48.5087776184082,31.870407104492188,9.971267700195312
0,0,0,0,48.508480072021484,31.870365142822266,9.971900939941406
0,0,0,0,48.508182525634766,31.87021827697754,9.972671508789062
0,0,0,0,48.50790786743164,31.8701229095459,9.973220825195312
0,0,0,0,48.50775146484375,31.869953155517578,9.973762512207031
0,0,0,0,48.50748825073242,31.869768142700195,9.974433898925781
0,0,0,0,48.50739669799805,31.86951446533203,9.974906921386719
0,0,0,0,48.50725173950195,31.86933135986328,9.975349426269531
0,0,0,0,48.50716781616211,31.86901092529297,9.975860595703125
0,0,0,0,48.507041931152344,31.868860244750977,9.976211547851562
0,0,0,0,48.50693130493164,31.86863136291504,9.976493835449219
0,0,0,0,48.5067253112793,31.86845588684082,9.976715087890625
0,0,0,0,48.5066032409668,31.86830711364746,9.976799011230469
0,0,0,0,48.50648498535156,31.868242263793945,9.976776123046875
0,0,0,0,48.50635528564453,31.868106842041016,9.976615905761719
0,0,0,0,48.50633239746094,31.868051528930664,9.976432800292969
0,0,0,0,48.50628662109375,31.868032455444336,9.976188659667969
0,0,0,0,48.506317138671875,31.86804962158203,9.975837707519531
0,0,0,0,48.506290435791016,31.868125915527344,9.975540161132812
0,0,0,0,48.506351470947266,31.868148803710938,9.975196838378906
0,0,0,0,48.50632095336914,31.868227005004883,9.974662780761719
0,0,0,0,48.50639343261719,31.868234634399414,9.974227905273438
0,0,0,0,48.50639343261719,31.868324279785156,9.973762512207031
0,0,0,0,48.50651931762695,31.868345260620117,9.973106384277344
0,0,0,0,48.50658416748047,31.86841583251953,9.972618103027344
0,0,0,0,48.50675582885742,31.868366241455078,9.972129821777344
0,0,0,0,48.50699234008789,31.8684024810791,9.971473693847656
0,0,0,0,48.507240295410156,31.868377685546875,9.970970153808594
0,0,0,0,48.50748825073242,31.86844253540039,9.970481872558594
0,0,0,0,48.507930755615234,31.868427276611328,9.969871520996094
0,0,0,0,48.50832748413086,31.868417739868164,9.969413757324219
0,0,0,0,48.50872039794922,31.868318557739258,9.96893310546875
0,0,0,0,48.50934600830078,31.8681583404541,9.96832275390625
0,0,0,0,48.509769439697266,31.868000030517578,9.967910766601562
0,0,0,0,48.510250091552734,31.867809295654297,9.967529296875
0,0,0,0,48.51084899902344,31.867570877075195,9.967079162597656
0,0,0,0,48.51141357421875,31.867280960083008,9.966812133789062
0,0,0,0,48.51192855834961,31.867021560668945,9.966583251953125
0,0,0,0,48.51272201538086,31.86656951904297,9.966293334960938
0,0,0,0,48.51324462890625,31.866273880004883,9.966102600097656
0,0,0,0,48.51387023925781,31.865867614746094,9.965927124023438
0,0,0,0,48.51465606689453,31.865432739257812,9.965744018554688
0,0,0,0,48.51527404785156,31.865032196044922,9.965621948242188
0,0,0,0,48.515811920166016,31.86469841003418,9.96551513671875
0,0,0,0,48.51652908325195,31.864124298095703,9.965461730957031
0,0,0,0,48.51704406738281,31.86376953125,9.965461730957031
0,0,0,0,48.51755905151367,31.86336898803711,9.965522766113281
0,0,0,0,48.51820373535156,31.862871170043945,9.965682983398438
0,0,0,0,48.518646240234375,31.86246109008789,9.9658203125
0,0,0,0,48.51913070678711,31.8620548248291,9.965957641601562
0,0,0,0,48.51976013183594,31.861507415771484,9.9661865234375
0,0,0,0,48.520294189453125,31.8610897064209,9.966323852539062
0,0,0,0,48.52074432373047,31.860721588134766,9.966423034667969
0,0,0,0,48.52145767211914,31.86018943786621,9.966529846191406
0,0,0,0,48.52191162109375,31.85987663269043,9.966575622558594
0,0,0,0,48.52245330810547,31.859487533569336,9.966567993164062
0,0,0,0,48.52311325073242,31.85912322998047,9.966506958007812
0,0,0,0,48.52363586425781,31.85878562927246,9.966445922851562
0,0,0,0,48.5240592956543,31.85855484008789,9.966354370117188
0,0,0,0,48.524654388427734,31.85811996459961,9.966239929199219
0,0,0,0,48.52503204345703,31.857879638671875,9.966140747070312
0,0,0,0,48.52539825439453,31.857606887817383,9.966026306152344
0,0,0,0,48.52580261230469,31.857383728027344,9.965843200683594
0,0,0,0,48.52606201171875,31.857206344604492,9.965675354003906
0,0,0,0,48.52634811401367,31.857093811035156,9.965507507324219
0,0,0,0,48.52670669555664,31.856956481933594,9.965301513671875
0,0,0,0,48.527034759521484,31.856895446777344,9.965171813964844
0,0,0,0,48.52730941772461,31.856861114501953,9.965065002441406
0,0,0,0,48.52773666381836,31.85679054260254,9.964973449707031
0,0,0,0,48.527976989746094,31.856760025024414,9.964935302734375
0,0,0,0,48.52832794189453,31.856658935546875,9.96490478515625
0,0,0,0,48.52872848510742,31.85663604736328,9.964874267578125
0,0,0,0,48.52913284301758,31.856531143188477,9.964897155761719
0,0,0,0,48.52952575683594,31.85649871826172,9.964950561523438
0,0,0,0,48.53023147583008,31.856342315673828,9.965049743652344
0,0,0,0,48.53076171875,31.856300354003906,9.965126037597656
0,0,0,0,48.53139114379883,31.85613250732422,9.965240478515625
0,0,0,0,48.532196044921875,31.8559513092041,9.965431213378906
0,0,0,0,48.53282928466797,31.855710983276367,9.965629577636719
0,0,0,0,48.53349304199219,31.855512619018555,9.965873718261719
0,0,0,0,48.53434753417969,31.855199813842773,9.966270446777344
0,0,0,0,48.53501510620117,31.85498809814453,9.966606140136719
0,0,0,0,48.53563690185547,31.854766845703125,9.966995239257812
0,0,0,0,48.536502838134766,31.854446411132812,9.967567443847656
0,0,0,0,48.53706741333008,31.854206085205078,9.968048095703125
0,0,0,0,48.53771209716797,31.853906631469727,9.968589782714844
0,0,0,0,48.5384407043457,31.853527069091797,9.969398498535156
0,0,0,0,48.53901672363281,31.8531551361084,9.970001220703125
0,0,0,0,48.53945541381836,31.852867126464844,9.970649719238281
0,0,0,0,48.540035247802734,31.8524227142334,9.971603393554688
0,0,0,0,48.54037094116211,31.852174758911133,9.97235107421875
0,0,0,0,48.54072570800781,31.851842880249023,9.973114013671875
0,0,0,0,48.5410041809082,31.851518630981445,9.974105834960938
0,0,0,0,48.54116439819336,31.851228713989258,9.974777221679688
0,0,0,0,48.54124450683594,31.850982666015625,9.975395202636719
0,0,0,0,48.54136276245117,31.85051918029785,9.976142883300781
0,0,0,0,48.54142379760742,31.850200653076172,9.976600646972656
0,0,0,0,48.54142761230469,31.849838256835938,9.976974487304688
0,0,0,0,48.54135513305664,31.849409103393555,9.977317810058594
0,0,0,0,48.54119873046875,31.849090576171875,9.977508544921875
0,0,0,0,48.54106903076172,31.848758697509766,9.977615356445312
0,0,0,0,48.540802001953125,31.848339080810547,9.977684020996094
0,0,0,0,48.5406608581543,31.848018646240234,9.977699279785156
0,0,0,0,48.54045104980469,31.847753524780273,9.977676391601562
0,0,0,0,48.54023361206055,31.847335815429688,9.977584838867188
0,0,0,0,48.54001998901367,31.847137451171875,9.977447509765625
0,0,0,0,48.53993606567383,31.84688949584961,9.977241516113281
0,0,0,0,48.539791107177734,31.846729278564453,9.9769287109375
0,0,0,0,48.539772033691406,31.846590042114258,9.976669311523438
0,0,0,0,48.53975296020508,31.84657859802246,9.976364135742188
0,0,0,0,48.539852142333984,31.846500396728516,9.97589111328125
0,0,0,0,48.539947509765625,31.84649085998535,9.975494384765625
0,0,0,0,48.54008102416992,31.846420288085938,9.975120544433594
0,0,0,0,48.54030227661133,31.846378326416016,9.974601745605469
0,0,0,0,48.54043960571289,31.84630012512207,9.974250793457031
0,0,0,0,48.54060745239258,31.8461856842041,9.973907470703125
0,0,0,0,48.540740966796875,31.84600257873535,9.973487854003906
0,0,0,0,48.540897369384766,31.845829010009766,9.97320556640625
0,0,0,0,48.54100799560547,31.84569549560547,9.972930908203125
0,0,0,0,48.541297912597656,31.845447540283203,9.9725341796875
0,0,0,0,48.541465759277344,31.84531021118164,9.972221374511719
0,0,0,0,48.54171371459961,31.845081329345703,9.971885681152344
0,0,0,0,48.54193115234375,31.844810485839844,9.971397399902344
0,0,0,0,48.54214096069336,31.844524383544922,9.971031188964844
0,0,0,0,48.542266845703125,31.844318389892578,9.970657348632812
0,0,0,0,48.542484283447266,31.843896865844727,9.970199584960938
0,0,0,0,48.542572021484375,31.8436222076416,9.969894409179688
0,0,0,0,48.54264831542969,31.8432559967041,9.969589233398438
0,0,0,0,48.542625427246094,31.842893600463867,9.969215393066406
0,0,0,0,48.54255676269531,31.842618942260742,9.968948364257812
0,0,0,0,48.54249572753906,31.842430114746094,9.968681335449219
0,0,0,0,48.542320251464844,31.84223747253418,9.968338012695312
0,0,0,0,48.54219436645508,31.842159271240234,9.96807861328125
0,0,0,0,48.54195785522461,31.842153549194336,9.967803955078125
0,0,0,0,48.541683197021484,31.842199325561523,9.967391967773438
0,0,0,0,48.5413818359375,31.842348098754883,9.967025756835938
0,0,0,0,48.54112243652344,31.84246063232422,9.966621398925781
0,0,0,0,48.540626525878906,31.842693328857422,9.965995788574219
0,0,0,0,48.54032516479492,31.842830657958984,9.965507507324219
0,0,0,0,48.53994369506836,31.843067169189453,9.964996337890625
0,0,0,0,48.539520263671875,31.843246459960938,9.964317321777344
0,0,0,0,48.53915023803711,31.84344482421875,9.963798522949219
0,0,0,0,48.538822174072266,31.84356689453125,9.96331787109375
0,0,0,0,48.53831481933594,31.843881607055664,9.96270751953125
0,0,0,0,48.53791809082031,31.844066619873047,9.962242126464844
0,0,0,0,48.537498474121094,31.84432601928711,9.961753845214844
0,0,0,0,48.53687286376953,31.844606399536133,9.961112976074219
0,0,0,0,48.5363883972168,31.844831466674805,9.960639953613281
0,0,0,0,48.535823822021484,31.845016479492188,9.960128784179688
0,0,0,0,48.53508758544922,31.84528350830078,9.95941162109375
0,0,0,0,48.53445816040039,31.845516204833984,9.958847045898438
0,0,0,0,48.53390121459961,31.845705032348633,9.958290100097656
0,0,0,0,48.532997131347656,31.84601402282715,9.957565307617188
0,0,0,0,48.5323600769043,31.846193313598633,9.957054138183594
0,0,0,0,48.531620025634766,31.846471786499023,9.956565856933594
0,0,0,0,48.53071594238281,31.846786499023438,9.955970764160156
0,0,0,0,48.52997970581055,31.8471622467041,9.955535888671875
0,0,0,0,48.52933120727539,31.847429275512695,9.955101013183594
0,0,0,0,48.52842330932617,31.847898483276367,9.95452880859375
0,0,0,0,48.52778625488281,31.84819221496582,9.954116821289062
0,0,0,0,48.52717971801758,31.84857940673828,9.953681945800781
0,0,0,0,48.52646255493164,31.849014282226562,9.953117370605469
0,0,0,0,48.52598571777344,31.84941864013672,9.952682495117188
0,0,0,0,48.52553176879883,31.84980010986328,9.952239990234375
0,0,0,0,48.52499008178711,31.850383758544922,9.95166015625
0,0,0,0,48.524436950683594,31.851024627685547,9.951171875
0,0,0,0,48.52423858642578,31.8513240814209,9.950950622558594
0,0,0,0,48.52375411987305,31.852008819580078,9.9505615234375
0,0,0,0,48.52350997924805,31.852502822875977,9.950309753417969
0,0,0,0,48.52320098876953,31.853059768676758,9.950088500976562
0,0,0,0,48.52291488647461,31.853778839111328,9.949844360351562
0,0,0,0,48.52265167236328,31.85445785522461,9.94970703125
0,0,0,0,48.522491455078125,31.855077743530273,9.949623107910156
0,0,0,0,48.5222053527832,31.8560791015625,9.949539184570312
0,0,0,0,48.52208709716797,31.856809616088867,9.94952392578125
0,0,0,0,48.521942138671875,31.85765838623047,9.94952392578125
0,0,0,0,48.52185821533203,31.858749389648438,9.9495849609375
0,0,0,0,48.521793365478516,31.859617233276367,9.94964599609375
0,0,0,0,48.521766662597656,31.860403060913086,9.949745178222656
0,0,0,0,48.521785736083984,31.861501693725586,9.949958801269531
0,0,0,0,48.52178192138672,31.86229705810547,9.950157165527344
0,0,0,0,48.521820068359375,31.86309051513672,9.950363159179688
0,0,0,0,48.521812438964844,31.864086151123047,9.950645446777344
0,0,0,0,48.5218620300293,31.864782333374023,9.950813293457031
0,0,0,0,48.5218505859375,31.865522384643555,9.950958251953125
0,0,0,0,48.52191925048828,31.866458892822266,9.951126098632812
0,0,0,0,48.521915435791016,31.867456436157227,9.951240539550781
0,0,0,0,48.52195739746094,31.86787223815918,9.951263427734375
0,0,0,0,48.521934509277344,31.868844985961914,9.951301574707031
0,0,0,0,48.52195739746094,31.869491577148438,9.951362609863281
0,0,0,0,48.52189254760742,31.870243072509766,9.951431274414062
0,0,0,0,48.521888732910156,31.871143341064453,9.951553344726562
0,0,0,0,48.5218391418457,31.87189483642578,9.951728820800781
0,0,0,0,48.52180480957031,31.87256622314453,9.951988220214844
0,0,0,0,48.521663665771484,31.87357521057129,9.952415466308594
0,0,0,0,48.52155303955078,31.874290466308594,9.952796936035156
0,0,0,0,48.52145767211914,31.875015258789062,9.953216552734375
0,0,0,0,48.52127456665039,31.875965118408203,9.953826904296875
0,0,0,0,48.52118682861328,31.876672744750977,9.954299926757812
0,0,0,0,48.521026611328125,31.877384185791016,9.954788208007812
0,0,0,0,48.52085494995117,31.8783016204834,9.955467224121094
0,0,0,0,48.52067565917969,31.87904167175293,9.956031799316406
0,0,0,0,48.520606994628906,31.87969398498535,9.956611633300781
0,0,0,0,48.520477294921875,31.880571365356445,9.957366943359375
0,0,0,0,48.52048110961914,31.881103515625,9.957893371582031
0,0,0,0,48.5203971862793,31.881685256958008,9.958396911621094
0,0,0,0,48.520442962646484,31.88228988647461,9.95904541015625
0,0,0,0,48.52048873901367,31.882774353027344,9.959503173828125
0,0,0,0,48.520591735839844,31.88311004638672,9.959938049316406
0,0,0,0,48.52066421508789,31.883617401123047,9.960472106933594
0,0,0,0,48.520729064941406,31.8839111328125,9.960845947265625
0,0,0,0,48.52079391479492,31.88426399230957,9.961189270019531
0,0,0,0,48.52090072631836,31.884681701660156,9.961647033691406
0,0,0,0,48.52101516723633,31.884992599487305,9.962005615234375
0,0,0,0,48.52110290527344,31.8852596282959,9.962387084960938
0,0,0,0,48.521244049072266,31.88555335998535,9.962905883789062
0,0,0,0,48.521297454833984,31.885732650756836,9.96331787109375
0,0,0,0,48.52144241333008,31.885818481445312,9.963768005371094
0,0,0,0,48.521522521972656,31.885913848876953,9.964431762695312
0,0,0,0,48.521644592285156,31.885847091674805,9.964981079101562
0,0,0,0,48.521663665771484,31.88580894470215,9.965560913085938
0,0,0,0,48.5217399597168,31.88560676574707,9.966392517089844
0,0,0,0,48.52170944213867,31.88550567626953,9.967277526855469
0,0,0,0,48.52171325683594,31.885414123535156,9.967727661132812
0,0,0,0,48.52168273925781,31.885353088378906,9.968666076660156
0,0,0,0,48.52172088623047,31.88525390625,9.969375610351562
0,0,0,0,48.521759033203125,31.885231018066406,9.970069885253906
0,0,0,0,48.5218505859375,31.885089874267578,9.970947265625
0,0,0,0,48.52195739746094,31.88504409790039,9.971611022949219
0,0,0,0,48.52207565307617,31.88496208190918,9.972267150878906
0,0,0,0,48.52230453491211,31.884916305541992,9.973136901855469
0,0,0,0,48.52241897583008,31.884897232055664,9.973724365234375
0,0,0,0,48.52259826660156,31.8848876953125,9.974250793457031
0,0,0,0,48.52274703979492,31.884910583496094,9.974868774414062
0,0,0,0,48.522911071777344,31.884897232055664,9.975265502929688
0,0,0,0,48.52298355102539,31.88498878479004,9.9755859375
0,0,0,0,48.52315139770508,31.88508415222168,9.975830078125
0,0,0,0,48.523170471191406,31.885236740112305,9.975914001464844
0,0,0,0,48.52323532104492,31.88528823852539,9.975944519042969
0,0,0,0,48.52322769165039,31.88541030883789,9.975845336914062
0,0,0,0,48.523231506347656,31.885385513305664,9.975677490234375
0,0,0,0,48.52314376831055,31.885414123535156,9.975433349609375
0,0,0,0,48.52305221557617,31.885272979736328,9.97503662109375
0,0,0,0,48.522926330566406,31.88520622253418,9.974685668945312
0,0,0,0,48.5228157043457,31.88505744934082,9.974258422851562
0,0,0,0,48.52267074584961,31.884918212890625,9.973602294921875
0,0,0,0,48.522518157958984,31.884767532348633,9.973037719726562
0,0,0,0,48.52241134643555,31.884626388549805,9.972450256347656
0,0,0,0,48.52225875854492,31.884418487548828,9.971672058105469
0,0,0,0,48.522216796875,31.884267807006836,9.971107482910156
0,0,0,0,48.522132873535156,31.88414192199707,9.970565795898438
0,0,0,0,48.522125244140625,31.883922576904297,9.969879150390625
0,0,0,0,48.52206802368164,31.883813858032227,9.9693603515625
0,0,0,0,48.522151947021484,31.883655548095703,9.968826293945312
0,0,0,0,48.522186279296875,31.883575439453125,9.968070983886719
0,0,0,0,48.52231216430664,31.883451461791992,9.967498779296875
0,0,0,0,48.52236557006836,31.8834228515625,9.966926574707031
0,0,0,0,48.522544860839844,31.883272171020508,9.9661865234375
0,0,0,0,48.522647857666016,31.883258819580078,9.965644836425781
0,0,0,0,48.522830963134766,31.88321876525879,9.965118408203125
0,0,0,0,48.523040771484375,31.883344650268555,9.964454650878906
0,0,0,0,48.523193359375,31.883466720581055,9.963973999023438
0,0,0,0,48.52338790893555,31.88367462158203,9.963508605957031
0,0,0,0,48.523677825927734,31.884002685546875,9.962898254394531
0,0,0,0,48.524009704589844,31.884279251098633,9.962478637695312
0,0,0,0,48.524330139160156,31.88458824157715,9.96209716796875
0,0,0,0,48.52482223510742,31.885028839111328,9.961631774902344
0,0,0,0,48.52515411376953,31.885480880737305,9.961296081542969
0,0,0,0,48.525569915771484,31.885852813720703,9.960990905761719
0,0,0,0,48.526031494140625,31.88642120361328,9.960617065429688
0,0,0,0,48.52646255493164,31.886796951293945,9.960357666015625
0,0,0,0,48.526824951171875,31.887285232543945,9.960090637207031
0,0,0,0,48.52743148803711,31.887853622436523,9.959701538085938
0,0,0,0,48.52781677246094,31.88838768005371,9.959365844726562
0,0,0,0,48.52825164794922,31.888864517211914,9.959014892578125
0,0,0,0,48.52878189086914,31.889657974243164,9.958564758300781
0,0,0,0,48.5291748046875,31.89019775390625,9.958251953125
0,0,0,0,48.529537200927734,31.890819549560547,9.957893371582031
0,0,0,0,48.529945373535156,31.891603469848633,9.957405090332031
0,0,0,0,48.530235290527344,31.892240524291992,9.957046508789062
0,0,0,0,48.53046417236328,31.892906188964844,9.956695556640625
0,0,0,0,48.53081130981445,31.893796920776367,9.956306457519531
0,0,0,0,48.53098678588867,31.89449119567871,9.9560546875
0,0,0,0,48.53123092651367,31.8951358795166,9.955848693847656
0,0,0,0,48.53146743774414,31.896059036254883,9.955696105957031
0,0,0,0,48.53171920776367,31.89669418334961,9.955650329589844
0,0,0,0,48.53186798095703,31.89737319946289,9.95562744140625
0,0,0,0,48.53211975097656,31.898193359375,9.955696105957031
0,0,0,0,48.53224182128906,31.89887809753418,9.955802917480469
0,0,0,0,48.53242111206055,31.899436950683594,9.955963134765625
0,0,0,0,48.532569885253906,31.900239944458008,9.956184387207031
0,0,0,0,48.53272247314453,31.900707244873047,9.95635986328125
0,0,0,0,48.53282928466797,31.901220321655273,9.95654296875
0,0,0,0,48.53296661376953,31.90176010131836,9.956771850585938
0,0,0,0,48.533058166503906,31.902122497558594,9.956932067871094
0,0,0,0,48.53312683105469,31.902379989624023,9.95709228515625
0,0,0,0,48.53318786621094,31.902687072753906,9.957305908203125
0,0,0,0,48.53315353393555,31.902868270874023,9.957450866699219
0,0,0,0,48.53315734863281,31.903018951416016,9.95758056640625
0,0,0,0,48.5330696105957,31.90316390991211,9.957763671875
0,0,0,0,48.533077239990234,31.9031982421875,9.957984924316406
0,0,0,0,48.53303146362305,31.903257369995117,9.958122253417969
0,0,0,0,48.53306579589844,31.903249740600586,9.958381652832031
0,0,0,0,48.53300857543945,31.90330696105957,9.958580017089844
0,0,0,0,48.53303909301758,31.903291702270508,9.958755493164062
0,0,0,0,48.53301239013672,31.90338706970215,9.958938598632812
0,0,0,0,48.533058166503906,31.903392791748047,9.95904541015625
0,0,0,0,48.53305435180664,31.90353012084961,9.959129333496094
0,0,0,0,48.533164978027344,31.903608322143555,9.959243774414062
0,0,0,0,48.53325271606445,31.903717041015625,9.959297180175781
0,0,0,0,48.533390045166016,31.90374755859375,9.959327697753906
0,0,0,0,48.53355407714844,31.903884887695312,9.959327697753906
0,0,0,0,48.53360366821289,31.903982162475586,9.959304809570312
0,0,0,0,48.53366470336914,31.904163360595703,9.959281921386719
0,0,0,0,48.533695220947266,31.90443992614746,9.959228515625
0,0,0,0,48.53371810913086,31.904705047607422,9.959236145019531
0,0,0,0,48.53363037109375,31.905065536499023,9.95928955078125
0,0,0,0,48.53355026245117,31.90559196472168,9.95941162109375
0,0,0,0,48.53335189819336,31.906084060668945,9.95953369140625
0,0,0,0,48.53316879272461,31.906518936157227,9.959678649902344
0,0,0,0,48.53273391723633,31.90720558166504,9.959915161132812
0,0,0,0,48.53239822387695,31.90765953063965,9.960113525390625
0,0,0,0,48.53192138671875,31.908191680908203,9.960304260253906
0,0,0,0,48.53128433227539,31.90874481201172,9.9605712890625
0,0,0,0,48.53071594238281,31.909225463867188,9.960762023925781
0,0,0,0,48.5301628112793,31.909603118896484,9.960945129394531
0,0,0,0,48.529380798339844,31.910104751586914,9.961151123046875
0,0,0,0,48.528785705566406,31.910402297973633,9.961250305175781
0,0,0,0,48.5281867980957,31.91069221496582,9.961341857910156
0,0,0,0,48.527435302734375,31.911001205444336,9.961418151855469
0,0,0,0,48.52694320678711,31.91121482849121,9.961448669433594
0,0,0,0,48.526432037353516,31.911375045776367,9.961463928222656
0,0,0,0,48.52585983276367,31.91143035888672,9.961524963378906
0,0,0,0,48.52537536621094,31.91145133972168,9.961563110351562
0,0,0,0,48.52498245239258,31.911388397216797,9.961601257324219
0,0,0,0,48.52432632446289,31.911317825317383,9.961654663085938
0,0,0,0,48.523895263671875,31.911130905151367,9.961692810058594
0,0,0,0,48.52336502075195,31.910993576049805,9.961746215820312
0,0,0,0,48.52275848388672,31.910608291625977,9.961814880371094
0,0,0,0,48.522247314453125,31.910320281982422,9.961860656738281
0,0,0,0,48.52183151245117,31.909887313842773,9.961929321289062
0,0,0,0,48.52128601074219,31.909334182739258,9.962028503417969
0,0,0,0,48.52094268798828,31.908817291259766,9.962112426757812
0,0,0,0,48.52061462402344,31.908342361450195,9.962181091308594
0,0,0,0,48.52029037475586,31.90762710571289,9.962318420410156
0,0,0,0,48.52013397216797,31.90709114074707,9.962425231933594
0,0,0,0,48.51997375488281,31.906511306762695,9.962516784667969
0,0,0,0,48.519874572753906,31.90568733215332,9.962669372558594
0,0,0,0,48.519805908203125,31.905073165893555,9.962837219238281
0,0,0,0,48.51981735229492,31.904428482055664,9.963058471679688
0,0,0,0,48.519737243652344,31.903596878051758,9.963417053222656
0,0,0,0,48.51973342895508,31.902910232543945,9.963661193847656
0,0,0,0,48.5196418762207,31.90229034423828,9.963920593261719
0,0,0,0,48.5196418762207,31.901342391967773,9.964302062988281
0,0,0,0,48.519569396972656,31.900659561157227,9.964591979980469
0,0,0,0,48.51957321166992,31.899869918823242,9.964874267578125
0,0,0,0,48.51955032348633,31.898887634277344,9.965164184570312
0,0,0,0,48.519615173339844,31.898059844970703,9.965339660644531
0,0,0,0,48.51964569091797,31.897321701049805,9.965461730957031
0,0,0,0,48.519752502441406,31.896196365356445,9.965583801269531
0,0,0,0,48.519832611083984,31.895414352416992,9.965660095214844
0,0,0,0,48.51991271972656,31.89458465576172,9.965736389160156
0,0,0,0,48.52008056640625,31.893552780151367,9.965858459472656
0,0,0,0,48.520179748535156,31.892776489257812,9.965950012207031
0,0,0,0,48.520320892333984,31.892047882080078,9.966049194335938
0,0,0,0,48.520442962646484,31.891101837158203,9.9661865234375
0,0,0,0,48.52058410644531,31.89035987854004,9.966255187988281
0,0,0,0,48.52064514160156,31.889680862426758,9.966293334960938
0,0,0,0,48.520790100097656,31.888715744018555,9.966323852539062
0,0,0,0,48.520782470703125,31.888080596923828,9.966323852539062
0,0,0,0,48.52083206176758,31.887348175048828,9.966300964355469
0,0,0,0,48.52072525024414,31.8864688873291,9.966209411621094
0,0,0,0,48.52067947387695,31.885751724243164,9.966148376464844
0,0,0,0,48.520565032958984,31.88511848449707,9.966056823730469
0,0,0,0,48.520423889160156,31.884136199951172,9.965965270996094
0,0,0,0,48.52027130126953,31.883480072021484,9.965965270996094
0,0,0,0,48.520118713378906,31.882797241210938,9.96600341796875
0,0,0,0,48.519893646240234,31.882028579711914,9.966072082519531
0,0,0,0,48.51972961425781,31.881484985351562,9.966171264648438
0,0,0,0,48.519596099853516,31.88099479675293,9.96630859375
0,0,0,0,48.51932144165039,31.880409240722656,9.966484069824219
0,0,0,0,48.51911926269531,31.8800048828125,9.966590881347656
0,0,0,0,48.51885986328125,31.879657745361328,9.9666748046875
0,0,0,0,48.51860809326172,31.879209518432617,9.966720581054688
0,0,0,0,48.51834487915039,31.87893295288086,9.966690063476562
0,0,0,0,48.51816177368164,31.878572463989258,9.966606140136719
0,0,0,0,48.51777267456055,31.878122329711914,9.966415405273438
0,0,0,0,48.51752853393555,31.877687454223633,9.966232299804688
0,0,0,0,48.51719284057617,31.877378463745117,9.965980529785156
0,0,0,0,48.516788482666016,31.876846313476562,9.965606689453125
0,0,0,0,48.51639175415039,31.876502990722656,9.965316772460938
0,0,0,0,48.51601791381836,31.8760986328125,9.964996337890625
0,0,0,0,48.51546859741211,31.875743865966797,9.964561462402344
0,0,0,0,48.51500701904297,31.87543487548828,9.964210510253906
0,0,0,0,48.514488220214844,31.875179290771484,9.963851928710938
0,0,0,0,48.513797760009766,31.874839782714844,9.963348388671875
0,0,0,0,48.51332092285156,31.874635696411133,9.962974548339844
0,0,0,0,48.51279067993164,31.874414443969727,9.962600708007812
0,0,0,0,48.512142181396484,31.874101638793945,9.962081909179688
0,0,0,0,48.511409759521484,31.873872756958008,9.961616516113281
0,0,0,0,48.51108932495117,31.873706817626953,9.961410522460938
0,0,0,0,48.51036071777344,31.873476028442383,9.961051940917969
0,0,0,0,48.50992965698242,31.873254776000977,9.960823059082031
0,0,0,0,48.50943374633789,31.87311363220215,9.960609436035156
0,0,0,0,48.508880615234375,31.872831344604492,9.960357666015625
0,0,0,0,48.50847625732422,31.872722625732422,9.960220336914062
0,0,0,0,48.50821304321289,31.87253189086914,9.960151672363281
0,0,0,0,48.507911682128906,31.872385025024414,9.960182189941406
0,0,0,0,48.50778579711914,31.872203826904297,9.96026611328125
0,0,0,0,48.507713317871094,31.87207794189453,9.960418701171875
0,0,0,0,48.50775146484375,31.871829986572266,9.96075439453125
0,0,0,0,48.507877349853516,31.871633529663086,9.961112976074219
0,0,0,0,48.50802993774414,31.871408462524414,9.961524963378906
0,0,0,0,48.50836181640625,31.871110916137695,9.962135314941406
0,0,0,0,48.508628845214844,31.870893478393555,9.962615966796875
0,0,0,0,48.50901412963867,31.870647430419922,9.963119506835938
0,0,0,0,48.509521484375,31.870349884033203,9.963829040527344
0,0,0,0,48.51003646850586,31.87008285522461,9.964401245117188
0,0,0,0,48.51051330566406,31.869884490966797,9.964996337890625
0,0,0,0,48.511322021484375,31.8695125579834,9.9658203125
0,0,0,0,48.511898040771484,31.86928367614746,9.966445922851562
0,0,0,0,48.5125846862793,31.868938446044922,9.967033386230469
0,0,0,0,48.51348876953125,31.8685302734375,9.967803955078125
0,0,0,0,48.51422119140625,31.86812973022461,9.968368530273438
0,0,0,0,48.514930725097656,31.867801666259766,9.9688720703125
0,0,0,0,48.51612091064453,31.867122650146484,9.969619750976562
0,0,0,0,48.516910552978516,31.866682052612305,9.970008850097656
0,0,0,0,48.51740264892578,31.866397857666016,9.970260620117188
0,0,0,0,48.51844787597656,31.865856170654297,9.970771789550781
0,0,0,0,48.51924514770508,31.865461349487305,9.971168518066406
0,0,0,0,48.520111083984375,31.86508560180664,9.971595764160156
0,0,0,0,48.521183013916016,31.86467742919922,9.972190856933594
0,0,0,0,48.522029876708984,31.864383697509766,9.972625732421875
0,0,0,0,48.52281188964844,31.864221572875977,9.973030090332031
0,0,0,0,48.523983001708984,31.864015579223633,9.973541259765625
0,0,0,0,48.52477264404297,31.863996505737305,9.973892211914062
0,0,0,0,48.525638580322266,31.86391258239746,9.974205017089844
0,0,0,0,48.52667999267578,31.863964080810547,9.974578857421875
0,0,0,0,48.5274543762207,31.86395263671875,9.974830627441406
0,0,0,0,48.52815628051758,31.864084243774414,9.975105285644531
0,0,0,0,48.52909469604492,31.864267349243164,9.975486755371094
0,0,0,0,48.52973175048828,31.864561080932617,9.975814819335938
0,0,0,0,48.530364990234375,31.864849090576172,9.976150512695312
0,0,0,0,48.53109359741211,31.865381240844727,9.976570129394531
0,0,0,0,48.53159713745117,31.86580467224121,9.97686767578125
0,0,0,0,48.53213882446289,31.866342544555664,9.977134704589844
0,0,0,0,48.53281784057617,31.867143630981445,9.977401733398438
0,0,0,0,48.53339767456055,31.867786407470703,9.977569580078125
0,0,0,0,48.53390884399414,31.86852264404297,9.977729797363281
0,0,0,0,48.53468704223633,31.869564056396484,9.977973937988281
0,0,0,0,48.53519058227539,31.87041473388672,9.978141784667969
0,0,0,0,48.535743713378906,31.871185302734375,9.978286743164062
0,0,0,0,48.5363655090332,31.87234115600586,9.978416442871094
0,0,0,0,48.53688430786133,31.873172760009766,9.978469848632812
0,0,0,0,48.53728103637695,31.87409210205078,9.978477478027344
0,0,0,0,48.53782272338867,31.87518882751465,9.978424072265625
0,0,0,0,48.53828811645508,31.876298904418945,9.978302001953125
0,0,0,0,48.53852462768555,31.876806259155273,9.978218078613281
0,0,0,0,48.53896713256836,31.877910614013672,9.978019714355469
0,0,0,0,48.539283752441406,31.878705978393555,9.977851867675781
0,0,0,0,48.5395393371582,31.879528045654297,9.977684020996094
0,0,0,0,48.53981399536133,31.880529403686523,9.977424621582031
0,0,0,0,48.540061950683594,31.881244659423828,9.977180480957031
0,0,0,0,48.540252685546875,31.881919860839844,9.976890563964844
0,0,0,0,48.54053497314453,31.882783889770508,9.976448059082031
0,0,0,0,48.540626525878906,31.883440017700195,9.976066589355469
0,0,0,0,48.540802001953125,31.8840274810791,9.975654602050781
0,0,0,0,48.54096221923828,31.884824752807617,9.975082397460938
0,0,0,0,48.541141510009766,31.885303497314453,9.974647521972656
0,0,0,0,48.54122543334961,31.885807037353516,9.974174499511719
0,0,0,0,48.541412353515625,31.88627815246582,9.973541259765625
0,0,0,0,48.541507720947266,31.886642456054688,9.973052978515625
0,0,0,0,48.54167938232422,31.88688850402832,9.972587585449219
0,0,0,0,48.541839599609375,31.887279510498047,9.972000122070312
0,0,0,0,48.5419921875,31.887487411499023,9.971603393554688
0,0,0,0,48.54214096069336,31.887758255004883,9.971221923828125
0,0,0,0,48.54233169555664,31.888042449951172,9.970718383789062
0,0,0,0,48.54246520996094,31.88827896118164,9.970367431640625
0,0,0,0,48.54253387451172,31.888456344604492,9.970054626464844
0,0,0,0,48.54263687133789,31.88869285583496,9.969657897949219
0,0,0,0,48.542606353759766,31.888874053955078,9.969406127929688
0,0,0,0,48.542598724365234,31.8890323638916,9.969192504882812
0,0,0,0,48.542449951171875,31.889297485351562,9.968948364257812
0,0,0,0,48.542381286621094,31.889429092407227,9.968795776367188
0,0,0,0,48.54216766357422,31.889644622802734,9.96868896484375
0,0,0,0,48.541866302490234,31.889892578125,9.968544006347656
0,0,0,0,48.541526794433594,31.89018440246582,9.968437194824219
0,0,0,0,48.54121780395508,31.89037322998047,9.968345642089844
0,0,0,0,48.5406379699707,31.89069938659668,9.968185424804688
0,0,0,0,48.54020690917969,31.890840530395508,9.968055725097656
0,0,0,0,48.539695739746094,31.891042709350586,9.967910766601562
0,0,0,0,48.5390510559082,31.891212463378906,9.967689514160156
0,0,0,0,48.538578033447266,31.89139175415039,9.967514038085938
0,0,0,0,48.53811264038086,31.891511917114258,9.967330932617188
0,0,0,0,48.537532806396484,31.891752243041992,9.967063903808594
0,0,0,0,48.53703689575195,31.89194679260254,9.96685791015625
0,0,0,0,48.536563873291016,31.892131805419922,9.966682434082031
0,0,0,0,48.535850524902344,31.892396926879883,9.966537475585938
0,0,0,0,48.535362243652344,31.892597198486328,9.966476440429688
0,0,0,0,48.53476333618164,31.89289093017578,9.966453552246094
0,0,0,0,48.53403091430664,31.893259048461914,9.966484069824219
0,0,0,0,48.5334358215332,31.893566131591797,9.966575622558594
0,0,0,0,48.53297805786133,31.893770217895508,9.966751098632812
0,0,0,0,48.53229522705078,31.894132614135742,9.967056274414062
0,0,0,0,48.5318603515625,31.89434814453125,9.967292785644531
0,0,0,0,48.531375885009766,31.894662857055664,9.967521667480469
0,0,0,0,48.530845642089844,31.894947052001953,9.967796325683594
0,0,0,0,48.530452728271484,31.895219802856445,9.967994689941406
0,0,0,0,48.530086517333984,31.89541244506836,9.968215942382812
0,0,0,0,48.52959442138672,31.895721435546875,9.968513488769531
0,0,0,0,48.529212951660156,31.89590835571289,9.968772888183594
0,0,0,0,48.52889633178711,31.896148681640625,9.969062805175781
0,0,0,0,48.528480529785156,31.896425247192383,9.969482421875
0,0,0,0,48.52825164794922,31.896608352661133,9.969825744628906
0,0,0,0,48.52796936035156,31.896791458129883,9.970176696777344
0,0,0,0,48.52771759033203,31.8969783782959,9.970619201660156
0,0,0,0,48.527530670166016,31.897138595581055,9.970947265625
0,0,0,0,48.52743911743164,31.897199630737305,9.971244812011719
0,0,0,0,48.5272102355957,31.897350311279297,9.971580505371094
0,0,0,0,48.527122497558594,31.897396087646484,9.971786499023438
0,0,0,0,48.5269775390625,31.897533416748047,9.971923828125
0,0,0,0,48.52689743041992,31.897647857666016,9.972000122070312
0,0,0,0,48.52680587768555,31.8978271484375,9.971992492675781
0,0,0,0,48.5267448425293,31.897911071777344,9.971931457519531
0,0,0,0,48.526588439941406,31.898082733154297,9.971771240234375
0,0,0,0,48.52647018432617,31.898141860961914,9.971572875976562
0,0,0,0,48.526371002197266,31.898250579833984,9.971305847167969
0,0,0,0,48.52621841430664,31.898338317871094,9.970840454101562
0,0,0,0,48.5261116027832,31.89838981628418,9.970466613769531
0,0,0,0,48.52595520019531,31.8984317779541,9.970054626464844
0,0,0,0,48.52581024169922,31.898439407348633,9.969413757324219
0,0,0,0,48.525630950927734,31.898447036743164,9.968910217285156
0,0,0,0,48.525550842285156,31.89837074279785,9.968437194824219
0,0,0,0,48.525352478027344,31.8983154296875,9.967887878417969
0,0,0,0,48.52524185180664,31.898174285888672,9.967521667480469
0,0,0,0,48.525028228759766,31.89806365966797,9.967216491699219
0,0,0,0,48.52479934692383,31.897790908813477,9.966903686523438
0,0,0,0,48.524532318115234,31.89766502380371,9.966751098632812
0,0,0,0,48.52431106567383,31.897457122802734,9.966667175292969
0,0,0,0,48.52388381958008,31.897289276123047,9.966590881347656
0,0,0,0,48.523521423339844,31.897090911865234,9.966545104980469
0,0,0,0,48.52313995361328,31.896974563598633,9.966476440429688
0,0,0,0,48.522701263427734,31.896772384643555,9.966339111328125
0,0,0,0,48.522377014160156,31.89666175842285,9.966209411621094
0,0,0,0,48.52204132080078,31.896526336669922,9.966049194335938
0,0,0,0,48.521663665771484,31.89636993408203,9.965805053710938
0,0,0,0,48.521358489990234,31.89626121520996,9.965576171875
0,0,0,0,48.521148681640625,31.896089553833008,9.96533203125
0,0,0,0,48.52090072631836,31.895832061767578,9.964981079101562
0,0,0,0,48.52083969116211,31.895544052124023,9.964691162109375
0,0,0,0,48.520729064941406,31.89531707763672,9.964385986328125
0,0,0,0,48.5207405090332,31.89490509033203,9.9639892578125
0,0,0,0,48.520721435546875,31.8946475982666,9.963722229003906
0,0,0,0,48.520809173583984,31.894287109375,9.963531494140625
0,0,0,0,48.52083969116211,31.893892288208008,9.963348388671875
0,0,0,0,48.52091979980469,31.89349937438965,9.963226318359375
0,0,0,0,48.52095031738281,31.893165588378906,9.963111877441406
0,0,0,0,48.521026611328125,31.892616271972656,9.962921142578125
0,0,0,0,48.52104949951172,31.8922176361084,9.962738037109375
0,0,0,0,48.521060943603516,31.891727447509766,9.962547302246094
0,0,0,0,48.52112579345703,31.891067504882812,9.962211608886719
0,0,0,0,48.52117156982422,31.890573501586914,9.961906433105469
0,0,0,0,48.521270751953125,31.890077590942383,9.961555480957031
0,0,0,0,48.52137756347656,31.889392852783203,9.961044311523438
0,0,0,0,48.52154541015625,31.88882827758789,9.960617065429688
0,0,0,0,48.52164077758789,31.888277053833008,9.960212707519531
0,0,0,0,48.52183532714844,31.887428283691406,9.959770202636719
0,0,0,0,48.52191925048828,31.886812210083008,9.95941162109375
0,0,0,0,48.522090911865234,31.88608169555664,9.959030151367188
0,0,0,0,48.522220611572266,31.885208129882812,9.958518981933594
0,0,0,0,48.522377014160156,31.884469985961914,9.958137512207031
0,0,0,0,48.52244567871094,31.883827209472656,9.957756042480469
0,0,0,0,48.5225830078125,31.88286781311035,9.957290649414062
0,0,0,0,48.52264404296875,31.88221549987793,9.956962585449219
0,0,0,0,48.52272033691406,31.88151741027832,9.956649780273438
0,0,0,0,48.522769927978516,31.88072395324707,9.956230163574219
0,0,0,0,48.52279281616211,31.88011932373047,9.9559326171875
0,0,0,0,48.52280807495117,31.879581451416016,9.95562744140625
0,0,0,0,48.522762298583984,31.87888526916504,9.955230712890625
0,0,0,0,48.52274703979492,31.878402709960938,9.954978942871094
0,0,0,0,48.52263259887695,31.877988815307617,9.954727172851562
0,0,0,0,48.52252960205078,31.877456665039062,9.95440673828125
0,0,0,0,48.52235794067383,31.877164840698242,9.954193115234375
0,0,0,0,48.52227020263672,31.876834869384766,9.954002380371094
0,0,0,0,48.522071838378906,31.8765926361084,9.953788757324219
0,0,0,0,48.52199935913086,31.87639045715332,9.953666687011719
0,0,0,0,48.5218505859375,31.876323699951172,9.953582763671875
0,0,0,0,48.52178955078125,31.876211166381836,9.953544616699219
0,0,0,0,48.521705627441406,31.87624168395996,9.953521728515625
0,0,0,0,48.52170181274414,31.87620735168457,9.953536987304688
0,0,0,0,48.52165603637695,31.876304626464844,9.953598022460938
0,0,0,0,48.52163314819336,31.87632942199707,9.953659057617188
0,0,0,0,48.5216178894043,31.87645149230957,9.953651428222656
0,0,0,0,48.52159881591797,31.876596450805664,9.95361328125
0,0,0,0,48.52161407470703,31.87674331665039,9.95355224609375
0,0,0,0,48.52161407470703,31.876874923706055,9.953445434570312
0,0,0,0,48.52168273925781,31.87708854675293,9.953208923339844
0,0,0,0,48.52165985107422,31.877281188964844,9.952980041503906
0,0,0,0,48.521705627441406,31.87740707397461,9.952751159667969
0,0,0,0,48.52168655395508,31.87758445739746,9.95245361328125
0,0,0,0,48.52174758911133,31.87761688232422,9.952232360839844
0,0,0,0,48.521751403808594,31.877717971801758,9.9520263671875
0,0,0,0,48.5218620300293,31.87772560119629,9.951728820800781
0,0,0,0,48.5218620300293,31.877790451049805,9.951492309570312
0,0,0,0,48.52191162109375,31.877763748168945,9.951255798339844
0,0,0,0,48.521888732910156,31.877817153930664,9.95098876953125
0,0,0,0,48.52190399169922,31.877779006958008,9.950820922851562
0,0,0,0,48.52186965942383,31.877788543701172,9.950668334960938
0,0,0,0,48.52182388305664,31.87774085998535,9.950485229492188
0,0,0,0,48.52178955078125,31.877735137939453,9.950332641601562
0,0,0,0,48.52173614501953,31.877660751342773,9.950202941894531
0,0,0,0,48.521663665771484,31.877580642700195,9.950111389160156
0,0,0,0,48.521549224853516,31.877521514892578,9.950096130371094
0,0,0,0,48.52147674560547,31.877464294433594,9.95013427734375
0,0,0,0,48.52129364013672,31.87738609313965,9.950225830078125
0,0,0,0,48.52122116088867,31.877275466918945,9.950325012207031
0,0,0,0,48.521060943603516,31.877220153808594,9.950408935546875
0,0,0,0,48.5209846496582,31.877050399780273,9.950523376464844
0,0,0,0,48.52085876464844,31.8769588470459,9.950675964355469
0,0,0,0,48.520782470703125,31.87672996520996,9.950889587402344
0,0,0,0,48.52057647705078,31.876487731933594,9.951271057128906
0,0,0,0,48.52045440673828,31.87621307373047,9.95159912109375
0,0,0,0,48.52027893066406,31.87599754333496,9.951942443847656
0,0,0,0,48.52008819580078,31.875595092773438,9.952430725097656
0,0,0,0,48.5199089050293,31.875370025634766,9.952842712402344
0,0,0,0,48.51972961425781,31.875076293945312,9.953292846679688
0,0,0,0,48.51954650878906,31.87474822998047,9.95391845703125
0,0,0,0,48.5193977355957,31.874492645263672,9.954383850097656
0,0,0,0,48.51931381225586,31.874252319335938,9.954872131347656
0,0,0,0,48.51914596557617,31.873912811279297,9.955513000488281
0,0,0,0,48.519081115722656,31.87361717224121,9.955986022949219
0,0,0,0,48.518951416015625,31.87335777282715,9.956443786621094
0,0,0,0,48.518863677978516,31.87295150756836,9.957061767578125
0,0,0,0,48.51870346069336,31.87269401550293,9.95751953125
0,0,0,0,48.51860046386719,31.872344970703125,9.957984924316406
0,0,0,0,48.5183219909668,31.871992111206055,9.958534240722656
0,0,0,0,48.51818084716797,31.871658325195312,9.958892822265625
0,0,0,0,48.517967224121094,31.871431350708008,9.959205627441406
0,0,0,0,48.51774215698242,31.871049880981445,9.959518432617188
0,0,0,0,48.517539978027344,31.870872497558594,9.959671020507812
0,0,0,0,48.51738357543945,31.87065315246582,9.95977783203125
0,0,0,0,48.51718521118164,31.870460510253906,9.959861755371094
0,0,0,0,48.51701736450195,31.870275497436523,9.959884643554688
0,0,0,0,48.516841888427734,31.870136260986328,9.959869384765625
0,0,0,0,48.5166130065918,31.869949340820312,9.959815979003906
0,0,0,0,48.51649475097656,31.869827270507812,9.959762573242188
0,0,0,0,48.51628494262695,31.8697452545166,9.959732055664062
0,0,0,0,48.5160026550293,31.86968231201172,9.959732055664062
0,0,0,0,48.515663146972656,31.869701385498047,9.959732055664062
0,0,0,0,48.515377044677734,31.869670867919922,9.959754943847656
0,0,0,0,48.51483917236328,31.869747161865234,9.959815979003906
0,0,0,0,48.514488220214844,31.8697566986084,9.959892272949219
0,0,0,0,48.514060974121094,31.86983871459961,9.959999084472656
0,0,0,0,48.5135612487793,31.869863510131836,9.960182189941406
0,0,0,0,48.513118743896484,31.869962692260742,9.960342407226562
0,0,0,0,48.51273727416992,31.869962692260742,9.960525512695312
0,0,0,0,48.51216506958008,31.87006950378418,9.960853576660156
0,0,0,0,48.511714935302734,31.870119094848633,9.961135864257812
0,0,0,0,48.51124954223633,31.870235443115234,9.961418151855469
0,0,0,0,48.510650634765625,31.87028694152832,9.9617919921875
0,0,0,0,48.51020050048828,31.870328903198242,9.962074279785156
0,0,0,0,48.50967025756836,31.87037467956543,9.962371826171875
0,0,0,0,48.50899124145508,31.870492935180664,9.962745666503906
0,0,0,0,48.50840759277344,31.8706111907959,9.962989807128906
0,0,0,0,48.507911682128906,31.870695114135742,9.963211059570312
0,0,0,0,48.50714111328125,31.870861053466797,9.963447570800781
0,0,0,0,48.506614685058594,31.870927810668945,9.963569641113281
0,0,0,0,48.50598907470703,31.871055603027344,9.963638305664062
0,0,0,0,48.505252838134766,31.87112045288086,9.963691711425781
0,0,0,0,48.50461959838867,31.871232986450195,9.963699340820312
0,0,0,0,48.504066467285156,31.87123680114746,9.963691711425781
0,0,0,0,48.50325393676758,31.87129783630371,9.963615417480469
0,0,0,0,48.5026741027832,31.87127113342285,9.963531494140625
0,0,0,0,48.5020751953125,31.871335983276367,9.963424682617188
0,0,0,0,48.501338958740234,31.871305465698242,9.9632568359375
0,0,0,0,48.50082015991211,31.87128257751465,9.963127136230469
0,0,0,0,48.500328063964844,31.87123680114746,9.963005065917969
0,0,0,0,48.49974822998047,31.871206283569336,9.962860107421875
0,0,0,0,48.499290466308594,31.871192932128906,9.962783813476562
0,0,0,0,48.49891662597656,31.871152877807617,9.962730407714844
0,0,0,0,48.49840545654297,31.871109008789062,9.962669372558594
0,0,0,0,48.498165130615234,31.871017456054688,9.962654113769531
0,0,0,0,48.49787139892578,31.870988845825195,9.962623596191406
0,0,0,0,48.497596740722656,31.870830535888672,9.962638854980469
0,0,0,0,48.49736785888672,31.870763778686523,9.962684631347656
0,0,0,0,48.49726486206055,31.8705997467041,9.962760925292969
0,0,0,0,48.49708557128906,31.870500564575195,9.962890625
0,0,0,0,48.49704360961914,31.870361328125,9.963020324707031
0,0,0,0,48.49699020385742,31.870298385620117,9.963180541992188
0,0,0,0,48.49699401855469,31.87010383605957,9.963401794433594
0,0,0,0,48.49699783325195,31.870052337646484,9.96356201171875
0,0,0,0,48.49703598022461,31.869972229003906,9.963699340820312
0,0,0,0,48.497135162353516,31.86993408203125,9.963882446289062
0,0,0,0,48.49722671508789,31.86989402770996,9.964012145996094
0,0,0,0,48.49740219116211,31.869873046875,9.964134216308594
0,0,0,0,48.49761962890625,31.869873046875,9.964263916015625
0,0,0,0,48.49786376953125,31.869863510131836,9.964347839355469
0,0,0,0,48.498043060302734,31.869943618774414,9.964424133300781
0,0,0,0,48.498451232910156,31.8700008392334,9.9644775390625
0,0,0,0,48.498756408691406,31.870086669921875,9.964447021484375
0,0,0,0,48.499202728271484,31.870088577270508,9.964370727539062
0,0,0,0,48.499794006347656,31.8702335357666,9.964195251464844
0,0,0,0,48.50031280517578,31.87028694152832,9.964035034179688
0,0,0,0,48.500770568847656,31.870460510253906,9.963859558105469
0,0,0,0,48.50147247314453,31.87061882019043,9.963645935058594
0,0,0,0,48.50198745727539,31.87079620361328,9.9635009765625
0,0,0,0,48.50255584716797,31.870912551879883,9.963409423828125
0,0,0,0,48.5033073425293,31.87116241455078,9.963340759277344
0,0,0,0,48.50389862060547,31.871335983276367,9.96331787109375
0,0,0,0,48.504512786865234,31.871530532836914,9.963310241699219
0,0,0,0,48.50533676147461,31.87171173095703,9.963325500488281
0,0,0,0,48.50604248046875,31.87181282043457,9.963348388671875
0,0,0,0,48.50667953491211,31.8719539642334,9.963409423828125
0,0,0,0,48.507606506347656,31.872150421142578,9.963531494140625
0,0,0,0,48.50825119018555,31.872371673583984,9.963691711425781
0,0,0,0,48.509273529052734,31.872629165649414,9.963935852050781
0,0,0,0,48.50996780395508,31.87294578552246,9.964149475097656
0,0,0,0,48.51071548461914,31.87320327758789,9.964385986328125
0,0,0,0,48.51138687133789,31.873554229736328,9.964645385742188
0,0,0,0,48.51240158081055,31.873926162719727,9.964996337890625
0,0,0,0,48.51312255859375,31.874290466308594,9.965263366699219
0,0,0,0,48.51389694213867,31.87457847595215,9.965538024902344
0,0,0,0,48.51487731933594,31.875091552734375,9.965911865234375
0,0,0,0,48.515621185302734,31.87544822692871,9.966209411621094
0,0,0,0,48.51638412475586,31.875869750976562,9.966499328613281
0,0,0,0,48.51738357543945,31.87637710571289,9.966865539550781
0,0,0,0,48.51813888549805,31.876750946044922,9.967124938964844
0,0,0,0,48.518821716308594,31.877117156982422,9.967376708984375
0,0,0,0,48.51974868774414,31.87762451171875,9.96771240234375
0,0,0,0,48.52035903930664,31.878034591674805,9.967948913574219
0,0,0,0,48.52102279663086,31.878402709960938,9.968193054199219
0,0,0,0,48.52183532714844,31.87899398803711,9.968521118164062
0,0,0,0,48.52252960205078,31.87938117980957,9.968795776367188
0,0,0,0,48.52312088012695,31.87982749938965,9.969039916992188
0,0,0,0,48.52398681640625,31.880306243896484,9.969306945800781
0,0,0,0,48.52455139160156,31.880704879760742,9.969444274902344
0,0,0,0,48.525184631347656,31.880949020385742,9.96954345703125
0,0,0,0,48.525901794433594,31.881296157836914,9.969635009765625
0,0,0,0,48.52641677856445,31.881433486938477,9.969680786132812
0,0,0,0,48.52683639526367,31.881610870361328,9.9697265625
0,0,0,0,48.527339935302734,31.881681442260742,9.969810485839844
0,0,0,0,48.527679443359375,31.88173484802246,9.96990966796875
0,0,0,0,48.527957916259766,31.881732940673828,9.969993591308594
0,0,0,0,48.52828598022461,31.881729125976562,9.970062255859375
0,0,0,0,48.52842330932617,31.881675720214844,9.970108032226562
0,0,0,0,48.528602600097656,31.88158416748047,9.970146179199219
0,0,0,0,48.528656005859375,31.881498336791992,9.970138549804688
0,0,0,0,48.52866744995117,31.88139533996582,9.9700927734375
0,0,0,0,48.52852249145508,31.881322860717773,9.970039367675781
0,0,0,0,48.52836990356445,31.881122589111328,9.970001220703125
0,0,0,0,48.52812576293945,31.881044387817383,9.969963073730469
0,0,0,0,48.52791976928711,31.880874633789062,9.969902038574219
0,0,0,0,48.52753829956055,31.880720138549805,9.969795227050781
0,0,0,0,48.527339935302734,31.880525588989258,9.969673156738281
0,0,0,0,48.527095794677734,31.880416870117188,9.969505310058594
0,0,0,0,48.526885986328125,31.880178451538086,9.969230651855469
0,0,0,0,48.52676010131836,31.88008689880371,9.969009399414062
0,0,0,0,48.52667236328125,31.879919052124023,9.96881103515625
0,0,0,0,48.52653121948242,31.879745483398438,9.968582153320312
0,0,0,0,48.52638244628906,31.879589080810547,9.968437194824219
0,0,0,0,48.52629089355469,31.87941551208496,9.96832275390625
0,0,0,0,48.526092529296875,31.879196166992188,9.968254089355469
0,0,0,0,48.526004791259766,31.878990173339844,9.968238830566406
0,0,0,0,48.52583312988281,31.8787899017334,9.968269348144531
0,0,0,0,48.52571487426758,31.878469467163086,9.9683837890625
0,0,0,0,48.52555847167969,31.878299713134766,9.968505859375
0,0,0,0,48.52549743652344,31.878055572509766,9.968635559082031
0,0,0,0,48.525306701660156,31.877864837646484,9.96881103515625
0,0,0,0,48.525264739990234,31.877681732177734,9.968948364257812
0,0,0,0,48.525177001953125,31.877614974975586,9.969093322753906
0,0,0,0,48.525142669677734,31.877471923828125,9.96942138671875
0,0,0,0,48.525169372558594,31.877477645874023,9.969581604003906
0,0,0,0,48.52526092529297,31.877445220947266,9.969833374023438
0,0,0,0,48.5254020690918,31.87755584716797,9.970161437988281
0,0,0,0,48.5255126953125,31.877666473388672,9.970436096191406
0,0,0,0,48.52566146850586,31.877878189086914,9.970748901367188
0,0,0,0,48.52585220336914,31.878206253051758,9.971153259277344
0,0,0,0,48.526031494140625,31.878528594970703,9.971458435058594
0,0,0,0,48.526123046875,31.87891387939453,9.971794128417969
0,0,0,0,48.52627944946289,31.879474639892578,9.972244262695312
0,0,0,0,48.526283264160156,31.879989624023438,9.97259521484375
0,0,0,0,48.52631378173828,31.880495071411133,9.972908020019531
0,0,0,0,48.52615737915039,31.8812313079834,9.973304748535156
0,0,0,0,48.52601623535156,31.881702423095703,9.973602294921875
0,0,0,0,48.52572250366211,31.88225746154785,9.973922729492188
0,0,0,0,48.525367736816406,31.882896423339844,9.974342346191406
0,0,0,0,48.5250358581543,31.883460998535156,9.974655151367188
0,0,0,0,48.52476501464844,31.88394546508789,9.9749755859375
0,0,0,0,48.52433395385742,31.884658813476562,9.975379943847656
0,0,0,0,48.5240364074707,31.885116577148438,9.975685119628906
0,0,0,0,48.523773193359375,31.885637283325195,9.9759521484375
0,0,0,0,48.5234489440918,31.88626480102539,9.976242065429688
0,0,0,0,48.523231506347656,31.886703491210938,9.976402282714844
0,0,0,0,48.52289962768555,31.887292861938477,9.97662353515625
0,0,0,0,48.522701263427734,31.887691497802734,9.976753234863281
0,0,0,0,48.522403717041016,31.888093948364258,9.97686767578125
0,0,0,0,48.52205276489258,31.888545989990234,9.977012634277344
0,0,0,0,48.52168655395508,31.888946533203125,9.977127075195312
0,0,0,0,48.52135467529297,31.889232635498047,9.977264404296875
0,0,0,0,48.52074432373047,31.889625549316406,9.977447509765625
0,0,0,0,48.52030563354492,31.88979148864746,9.9775390625
0,0,0,0,48.51975631713867,31.890031814575195,9.977615356445312
0,0,0,0,48.51905822753906,31.890172958374023,9.977699279785156
0,0,0,0,48.51823425292969,31.8902645111084,9.977737426757812
0,0,0,0,48.517765045166016,31.890254974365234,9.977737426757812
0,0,0,0,48.516822814941406,31.890300750732422,9.977676391601562
0,0,0,0,48.5161018371582,31.890241622924805,9.977577209472656
0,0,0,0,48.515411376953125,31.89016342163086,9.977432250976562
0,0,0,0,48.514408111572266,31.889982223510742,9.977188110351562
0,0,0,0,48.51367950439453,31.88979721069336,9.976974487304688
0,0,0,0,48.51285171508789,31.889598846435547,9.976730346679688
0,0,0,0,48.51180648803711,31.889232635498047,9.97637939453125
0,0,0,0,48.51093673706055,31.888988494873047,9.976104736328125
0,0,0,0,48.51018142700195,31.888626098632812,9.975814819335938
0,0,0,0,48.50910186767578,31.888179779052734,9.975372314453125
0,0,0,0,48.50839614868164,31.88772964477539,9.974998474121094
0,0,0,0,48.50764465332031,31.887359619140625,9.974586486816406
0,0,0,0,48.506771087646484,31.886734008789062,9.974014282226562
0,0,0,0,48.5061149597168,31.886329650878906,9.973541259765625
0,0,0,0,48.50552749633789,31.885852813720703,9.973052978515625
0,0,0,0,48.50477981567383,31.885295867919922,9.972366333007812
0,0,0,0,48.50430679321289,31.88481330871582,9.971855163574219
0,0,0,0,48.50389099121094,31.884403228759766,9.971343994140625
0,0,0,0,48.50344467163086,31.883827209472656,9.970687866210938
0,0,0,0,48.50321578979492,31.883390426635742,9.970199584960938
0,0,0,0,48.50298309326172,31.882911682128906,9.969718933105469
0,0,0,0,48.502845764160156,31.882274627685547,9.969100952148438
0,0,0,0,48.5026969909668,31.881839752197266,9.968673706054688
0,0,0,0,48.50264358520508,31.881336212158203,9.968292236328125
0,0,0,0,48.50250244140625,31.880699157714844,9.967826843261719
0,0,0,0,48.50249481201172,31.880117416381836,9.967460632324219
0,0,0,0,48.5024299621582,31.87958526611328,9.96710205078125
0,0,0,0,48.502471923828125,31.878759384155273,9.966606140136719
0,0,0,0,48.50248718261719,31.878183364868164,9.966239929199219
0,0,0,0,48.50260925292969,31.877490997314453,9.965888977050781
0,0,0,0,48.50273895263672,31.876659393310547,9.965476989746094
0,0,0,0,48.50288009643555,31.87598419189453,9.965202331542969
0,0,0,0,48.502994537353516,31.875362396240234,9.964973449707031
0,0,0,0,48.50315856933594,31.874361038208008,9.964714050292969
0,0,0,0,48.50334167480469,31.873300552368164,9.964485168457031
0,0,0,0,48.50339126586914,31.872758865356445,9.964408874511719
0,0,0,0,48.503543853759766,31.871597290039062,9.964324951171875
0,0,0,0,48.50360107421875,31.870723724365234,9.964302062988281
0,0,0,0,48.50371170043945,31.869842529296875,9.964324951171875
0,0,0,0,48.503787994384766,31.868736267089844,9.964447021484375
0,0,0,0,48.503944396972656,31.867876052856445,9.964576721191406
0,0,0,0,48.50402069091797,31.867084503173828,9.9647216796875
0,0,0,0,48.50424575805664,31.86591148376465,9.964912414550781
0,0,0,0,48.504364013671875,31.86509132385254,9.965072631835938
0,0,0,0,48.50457763671875,31.864177703857422,9.965255737304688
0,0,0,0,48.50479507446289,31.863088607788086,9.965530395507812
0,0,0,0,48.505043029785156,31.862207412719727,9.965751647949219
0,0,0,0,48.505287170410156,31.861459732055664,9.965995788574219
0,0,0,0,48.505680084228516,31.86046028137207,9.966331481933594
0,0,0,0,48.505958557128906,31.859844207763672,9.966552734375
0,0,0,0,48.50621795654297,31.85919761657715,9.966743469238281
0,0,0,0,48.50654220581055,31.858449935913086,9.966896057128906
0,0,0,0,48.50674819946289,31.857961654663086,9.966941833496094
0,0,0,0,48.50700378417969,31.857542037963867,9.966926574707031
0,0,0,0,48.50730514526367,31.857088088989258,9.966850280761719
0,0,0,0,48.507591247558594,31.856781005859375,9.966766357421875
0,0,0,0,48.50779342651367,31.856584548950195,9.966712951660156
0,0,0,0,48.508148193359375,31.85630989074707,9.966667175292969
0,0,0,0,48.508331298828125,31.856231689453125,9.966659545898438
0,0,0,0,48.508583068847656,31.856142044067383,9.966659545898438
0,0,0,0,48.50880432128906,31.85616683959961,9.966644287109375
0,0,0,0,48.50902557373047,31.85612678527832,9.966575622558594
0,0,0,0,48.50917434692383,31.85618782043457,9.966499328613281
0,0,0,0,48.509464263916016,31.856184005737305,9.966346740722656
0,0,0,0,48.509674072265625,31.85624122619629,9.966217041015625
0,0,0,0,48.509910583496094,31.856201171875,9.966041564941406
0,0,0,0,48.510231018066406,31.856199264526367,9.965667724609375
0,0,0,0,48.510467529296875,31.856122970581055,9.965240478515625
0,0,0,0,48.5107421875,31.85605812072754,9.964714050292969
0,0,0,0,48.51109313964844,31.855907440185547,9.963783264160156
0,0,0,0,48.51144790649414,31.855741500854492,9.962860107421875
0,0,0,0,48.51175308227539,31.85556411743164,9.961685180664062
0,0,0,0,48.51228332519531,31.855308532714844,9.9595947265625
0,0,0,0,48.51266860961914,31.85515594482422,9.957618713378906
0,0,0,0,48.513206481933594,31.854928970336914,9.955307006835938
0,0,0,0,48.513858795166016,31.854707717895508,9.95172119140625
0,0,0,0,48.51441955566406,31.854476928710938,9.948661804199219
0,0,0,0,48.51491165161133,31.854351043701172,9.945243835449219
0,0,0,0,48.51567840576172,31.85409927368164,9.940147399902344
0,0,0,0,48.51616668701172,31.85401725769043,9.935943603515625
0,0,0,0,48.5167121887207,31.85385513305664,9.931427001953125
0,0,0,0,48.51737594604492,31.853803634643555,9.924880981445312
0,0,0,0,48.51785659790039,31.853771209716797,9.919609069824219
0,0,0,0,48.51834487915039,31.85381507873535,9.914093017578125
0,0,0,0,48.518978118896484,31.853878021240234,9.906463623046875
0,0,0,0,48.51948165893555,31.85398292541504,9.900581359863281
0,0,0,0,48.519920349121094,31.85413932800293,9.89459228515625
0,0,0,0,48.52058792114258,31.85445213317871,9.886428833007812
0,0,0,0,48.52116012573242,31.854896545410156,9.87811279296875
0,0,0,0,48.5214958190918,31.85508918762207,9.8739013671875
0,0,0,0,48.52202606201172,31.8555965423584,9.865333557128906
0,0,0,0,48.52250289916992,31.85593605041504,9.858757019042969
0,0,0,0,48.52289962768555,31.856382369995117,9.852073669433594
0,0,0,0,48.52353286743164,31.856903076171875,9.843055725097656
0,0,0,0,48.52397537231445,31.857391357421875,9.836227416992188
0,0,0,0,48.52449417114258,31.857805252075195,9.829345703125
0,0,0,0,48.52513122558594,31.85850715637207,9.820098876953125
0,0,0,0,48.52561950683594,31.859018325805664,9.813102722167969
0,0,0,0,48.52607727050781,31.859621047973633,9.806098937988281
0,0,0,0,48.5267333984375,31.860366821289062,9.79669189453125
0,0,0,0,48.527217864990234,31.86096954345703,9.78961181640625
0,0,0,0,48.52767562866211,31.86155128479004,9.782516479492188
0,0,0,0,48.5283317565918,31.86235809326172,9.772994995117188
0,0,0,0,48.5288200378418,31.862993240356445,9.76580810546875
0,0,0,0,48.5294075012207,31.86357307434082,9.758567810058594
0,0,0,0,48.530120849609375,31.864320755004883,9.748825073242188
0,0,0,0,48.530731201171875,31.86478614807129,9.741462707519531
0,0,0,0,48.53123092651367,31.865270614624023,9.7340087890625
0,0,0,0,48.53199768066406,31.865732192993164,9.723892211914062
0,0,0,0,48.53250503540039,31.86609649658203,9.716178894042969
0,0,0,0,48.53309631347656,31.866352081298828,9.708366394042969
0,0,0,0,48.53377151489258,31.866727828979492,9.697830200195312
0,0,0,0,48.53432083129883,31.866905212402344,9.689849853515625
0,0,0,0,48.534812927246094,31.867143630981445,9.681793212890625
0,0,0,0,48.5355110168457,31.86729621887207,9.670974731445312
0,0,0,0,48.536014556884766,31.867401123046875,9.662811279296875
0,0,0,0,48.53652572631836,31.867403030395508,9.654632568359375
0,0,0,0,48.53715133666992,31.867408752441406,9.643669128417969
0,0,0,0,48.537559509277344,31.867385864257812,9.635414123535156
0,0,0,0,48.53800964355469,31.867351531982422,9.62713623046875
0,0,0,0,48.53852462768555,31.8673152923584,9.616058349609375
0,0,0,0,48.53895568847656,31.86724853515625,9.607749938964844
0,0,0,0,48.53929138183594,31.867223739624023,9.59942626953125
0,0,0,0,48.53977966308594,31.867176055908203,9.588287353515625
0,0,0,0,48.5400505065918,31.867233276367188,9.579925537109375
0,0,0,0,48.540409088134766,31.86720848083496,9.571556091308594
0,0,0,0,48.54079818725586,31.86725425720215,9.560379028320312
0,0,0,0,48.54113006591797,31.86720085144043,9.551963806152344
0,0,0,0,48.541358947753906,31.867223739624023,9.543525695800781
0,0,0,0,48.54169464111328,31.86711883544922,9.532272338867188
0,0,0,0,48.54188919067383,31.867101669311523,9.523880004882812
0,0,0,0,48.54208755493164,31.867027282714844,9.515495300292969
0,0,0,0,48.54226303100586,31.86701202392578,9.504356384277344
0,0,0,0,48.54233169555664,31.866975784301758,9.49603271484375
0,0,0,0,48.54241180419922,31.866973876953125,9.48773193359375
0,0,0,0,48.54244613647461,31.866926193237305,9.476654052734375
0,0,0,0,48.54251480102539,31.866926193237305,9.468360900878906
0,0,0,0,48.54252624511719,31.86697769165039,9.460060119628906
0,0,0,0,48.5426139831543,31.86707305908203,9.448974609375
0,0,0,0,48.54259490966797,31.867237091064453,9.440620422363281
0,0,0,0,48.54262924194336,31.867385864257812,9.432266235351562
0,0,0,0,48.542518615722656,31.867769241333008,9.421112060546875
0,0,0,0,48.542510986328125,31.86802864074707,9.412757873535156
0,0,0,0,48.54241180419922,31.8684139251709,9.404373168945312
0,0,0,0,48.54237747192383,31.8689022064209,9.393096923828125
0,0,0,0,48.54231262207031,31.869394302368164,9.38458251953125
0,0,0,0,48.54232406616211,31.869848251342773,9.376022338867188
0,0,0,0,48.542259216308594,31.870559692382812,9.364555358886719
0,0,0,0,48.54220962524414,31.871055603027344,9.355903625488281
0,0,0,0,48.542144775390625,31.87162971496582,9.347221374511719
0,0,0,0,48.54204177856445,31.87241554260254,9.335601806640625
0,0,0,0,48.5420036315918,31.87308692932129,9.326866149902344
0,0,0,0,48.541934967041016,31.873798370361328,9.318107604980469
0,0,0,0,48.54192352294922,31.87506675720215,9.303390502929688
0,0,0,0,48.541900634765625,31.875642776489258,9.297477722167969
0,0,0,0,48.5419921875,31.8764591217041,9.288604736328125
0,0,0,0,48.54207229614258,31.87764549255371,9.276748657226562
0,0,0,0,48.54221725463867,31.878498077392578,9.267852783203125
0,0,0,0,48.54228591918945,31.87944793701172,9.258979797363281
0,0,0,0,48.54254913330078,31.880624771118164,9.247123718261719
0,0,0,0,48.542747497558594,31.8815975189209,9.238227844238281
0,0,0,0,48.54303741455078,31.882488250732422,9.229393005371094
0,0,0,0,48.54336929321289,31.883737564086914,9.217681884765625
0,0,0,0,48.543697357177734,31.884592056274414,9.20892333984375
0,0,0,0,48.54402160644531,31.885528564453125,9.200248718261719
0,0,0,0,48.544498443603516,31.886690139770508,9.18878173828125
0,0,0,0,48.544891357421875,31.887596130371094,9.180259704589844
0,0,0,0,48.54528045654297,31.888437271118164,9.171783447265625
0,0,0,0,48.54581069946289,31.889545440673828,9.160560607910156
0,0,0,0,48.5461540222168,31.890361785888672,9.152191162109375
0,0,0,0,48.54652404785156,31.891151428222656,9.143867492675781
0,0,0,0,48.546871185302734,31.89217758178711,9.1328125
0,0,0,0,48.54721450805664,31.89305877685547,9.12176513671875
0,0,0,0,48.54730224609375,31.89352798461914,9.116218566894531
0,0,0,0,48.547569274902344,31.89427947998047,9.105079650878906
0,0,0,0,48.54765319824219,31.894859313964844,9.0966796875
0,0,0,0,48.547794342041016,31.89529800415039,9.088233947753906
0,0,0,0,48.5478515625,31.89591407775879,9.076919555664062
0,0,0,0,48.547908782958984,31.89624786376953,9.068428039550781
0,0,0,0,48.54788589477539,31.89664649963379,9.059890747070312
0,0,0,0,48.54790115356445,31.897058486938477,9.048408508300781
0,0,0,0,48.54792022705078,31.89740753173828,9.039726257324219
0,0,0,0,48.54795455932617,31.897676467895508,9.030990600585938
0,0,0,0,48.5479850769043,31.898056030273438,9.019195556640625
0,0,0,0,48.548004150390625,31.8983211517334,9.010276794433594
0,0,0,0,48.548072814941406,31.8985595703125,9.001304626464844
0,0,0,0,48.54807662963867,31.89874839782715,8.989242553710938
0,0,0,0,48.548133850097656,31.898805618286133,8.980117797851562
0,0,0,0,48.548095703125,31.898855209350586,8.970939636230469
0,0,0,0,48.54811477661133,31.89887809753418,8.958564758300781
0,0,0,0,48.54805374145508,31.89893913269043,8.949188232421875
0,0,0,0,48.54808807373047,31.898883819580078,8.939773559570312
0,0,0,0,48.54800033569336,31.898881912231445,8.927169799804688
0,0,0,0,48.548004150390625,31.898799896240234,8.917716979980469
0,0,0,0,48.54791259765625,31.898805618286133,8.908287048339844
0,0,0,0,48.54779052734375,31.89870262145996,8.895744323730469
0,0,0,0,48.54764175415039,31.898693084716797,8.886337280273438
0,0,0,0,48.54751968383789,31.898595809936523,8.876922607421875
0,0,0,0,48.54730224609375,31.89854621887207,8.864364624023438
0,0,0,0,48.54706573486328,31.898473739624023,8.851852416992188
0,0,0,0,48.54698181152344,31.898435592651367,8.845596313476562
0,0,0,0,48.5467414855957,31.89836311340332,8.833076477050781
0,0,0,0,48.54659652709961,31.898317337036133,8.823753356933594
0,0,0,0,48.5463752746582,31.898284912109375,8.81451416015625
0,0,0,0,48.54612731933594,31.89821434020996,8.802276611328125
0,0,0,0,48.5458984375,31.898244857788086,8.793136596679688
0,0,0,0,48.54576110839844,31.898216247558594,8.784042358398438
0,0,0,0,48.54545593261719,31.898202896118164,8.77197265625
0,0,0,0,48.545196533203125,31.898038864135742,8.760002136230469
0,0,0,0,48.54502487182617,31.897981643676758,8.754051208496094
0,0,0,0,48.54472732543945,31.89767074584961,8.742256164550781
0,0,0,0,48.544464111328125,31.897478103637695,8.733551025390625
0,0,0,0,48.544219970703125,31.897151947021484,8.724952697753906
0,0,0,0,48.54380798339844,31.896800994873047,8.713577270507812
0,0,0,0,48.54349899291992,31.89644432067871,8.705032348632812
0,0,0,0,48.54319381713867,31.89608383178711,8.696487426757812
0,0,0,0,48.54280471801758,31.895483016967773,8.685081481933594
0,0,0,0,48.542545318603516,31.8950138092041,8.676521301269531
0,0,0,0,48.54224395751953,31.894519805908203,8.667930603027344
0,0,0,0,48.54189682006836,31.893848419189453,8.656440734863281
0,0,0,0,48.54154586791992,31.893327713012695,8.647773742675781
0,0,0,0,48.54127502441406,31.892711639404297,8.639068603515625
0,0,0,0,48.54085922241211,31.89185333251953,8.627365112304688
0,0,0,0,48.540626525878906,31.891077041625977,8.6185302734375
0,0,0,0,48.54029083251953,31.890336990356445,8.609634399414062
0,0,0,0,48.53987503051758,31.889225006103516,8.597686767578125
0,0,0,0,48.53943634033203,31.88840103149414,8.588706970214844
0,0,0,0,48.5390510559082,31.887441635131836,8.579696655273438
0,0,0,0,48.5384635925293,31.886205673217773,8.567604064941406
0,0,0,0,48.53803634643555,31.88518714904785,8.558525085449219
0,0,0,0,48.53754425048828,31.88426399230957,8.549468994140625
0,0,0,0,48.53694152832031,31.88295555114746,8.537391662597656
0,0,0,0,48.53649139404297,31.882017135620117,8.528327941894531
0,0,0,0,48.5359992980957,31.881071090698242,8.519256591796875
0,0,0,0,48.535343170166016,31.879859924316406,8.507194519042969
0,0,0,0,48.53479766845703,31.879003524780273,8.498184204101562
0,0,0,0,48.53428649902344,31.878173828125,8.48919677734375
0,0,0,0,48.533294677734375,31.87688636779785,8.474311828613281
0,0,0,0,48.532928466796875,31.8763484954834,8.468399047851562
0,0,0,0,48.532283782958984,31.875667572021484,8.459571838378906
0,0,0,0,48.53152084350586,31.874755859375,8.447868347167969
0,0,0,0,48.5308837890625,31.87419319152832,8.439102172851562
0,0,0,0,48.53033447265625,31.873594284057617,8.430351257324219
0,0,0,0,48.52955627441406,31.8729305267334,8.418708801269531
0,0,0,0,48.52880096435547,31.872236251831055,8.407005310058594
0,0,0,0,48.52840805053711,31.8719425201416,8.401130676269531
0,0,0,0,48.527687072753906,31.871274948120117,8.389320373535156
0,0,0,0,48.52715301513672,31.870895385742188,8.38043212890625
0,0,0,0,48.526634216308594,31.870525360107422,8.37152099609375
0,0,0,0,48.525917053222656,31.87019920349121,8.359512329101562
0,0,0,0,48.5253791809082,31.870019912719727,8.350425720214844
0,0,0,0,48.52492141723633,31.86992073059082,8.341270446777344
0,0,0,0,48.524269104003906,31.869834899902344,8.328964233398438
0,0,0,0,48.523860931396484,31.869794845581055,8.319648742675781
0,0,0,0,48.523406982421875,31.869855880737305,8.310279846191406
0,0,0,0,48.52296447753906,31.869951248168945,8.297767639160156
0,0,0,0,48.52260971069336,31.87010383605957,8.288337707519531
0,0,0,0,48.52240753173828,31.870220184326172,8.278907775878906
0,0,0,0,48.522056579589844,31.870508193969727,8.266342163085938
0,0,0,0,48.52189254760742,31.870635986328125,8.256912231445312
0,0,0,0,48.52171325683594,31.870891571044922,8.247428894042969
0,0,0,0,48.521541595458984,31.871158599853516,8.234748840332031
0,0,0,0,48.52137756347656,31.871471405029297,8.225234985351562
0,0,0,0,48.52124786376953,31.871707916259766,8.215682983398438
0,0,0,0,48.521060943603516,31.872055053710938,8.202919006347656
0,0,0,0,48.52091598510742,31.87227439880371,8.193344116210938
0,0,0,0,48.520790100097656,31.87256622314453,8.183753967285156
0,0,0,0,48.520606994628906,31.872962951660156,8.170997619628906
0,0,0,0,48.52052307128906,31.873367309570312,8.158195495605469
0,0,0,0,48.52045822143555,31.873592376708984,8.151786804199219
0,0,0,0,48.52046585083008,31.873987197875977,8.139007568359375
0,0,0,0,48.520469665527344,31.87441635131836,8.126319885253906
0,0,0,0,48.52054214477539,31.874568939208984,8.120010375976562
0,0,0,0,48.52061080932617,31.87495231628418,8.107490539550781
0,0,0,0,48.520751953125,31.87514305114746,8.098213195800781
0,0,0,0,48.520835876464844,31.875377655029297,8.089035034179688
0,0,0,0,48.521053314208984,31.875497817993164,8.076934814453125
0,0,0,0,48.52117156982422,31.87560272216797,8.067970275878906
0,0,0,0,48.521366119384766,31.875619888305664,8.059051513671875
0,0,0,0,48.52161407470703,31.87567710876465,8.047218322753906
0,0,0,0,48.52182388305664,31.875606536865234,8.038406372070312
0,0,0,0,48.522037506103516,31.87557029724121,8.029647827148438
0,0,0,0,48.52238082885742,31.875425338745117,8.018043518066406
0,0,0,0,48.52265930175781,31.87531852722168,8.009368896484375
0,0,0,0,48.52294158935547,31.87517738342285,8.000770568847656
0,0,0,0,48.523441314697266,31.87495231628418,7.989372253417969
0,0,0,0,48.52397155761719,31.874675750732422,7.97796630859375
0,0,0,0,48.52430725097656,31.87447166442871,7.9722442626953125
0,0,0,0,48.52486801147461,31.874141693115234,7.960777282714844
0,0,0,0,48.525352478027344,31.873821258544922,7.9521636962890625
0,0,0,0,48.525718688964844,31.87356948852539,7.9435272216796875
0,0,0,0,48.5262565612793,31.873172760009766,7.931968688964844
0,0,0,0,48.526554107666016,31.872968673706055,7.9232635498046875
0,0,0,0,48.52687454223633,31.8726806640625,7.9145660400390625
0,0,0,0,48.52719497680664,31.87244415283203,7.902976989746094
0,0,0,0,48.52745056152344,31.87224006652832,7.894256591796875
0,0,0,0,48.52764892578125,31.87213897705078,7.885498046875
0,0,0,0,48.527957916259766,31.871946334838867,7.873756408691406
0,0,0,0,48.52815628051758,31.871889114379883,7.864906311035156
0,0,0,0,48.52829360961914,31.871816635131836,7.8560028076171875
0,0,0,0,48.528446197509766,31.871826171875,7.84405517578125
0,0,0,0,48.52845764160156,31.871870040893555,7.835052490234375
0,0,0,0,48.52845764160156,31.87189483642578,7.826042175292969
0,0,0,0,48.528377532958984,31.871923446655273,7.814033508300781
0,0,0,0,48.528316497802734,31.871856689453125,7.8019866943359375
0,0,0,0,48.52820587158203,31.871858596801758,7.7959442138671875
0,0,0,0,48.52806854248047,31.871767044067383,7.7838592529296875
0,0,0,0,48.527896881103516,31.87174415588379,7.774749755859375
0,0,0,0,48.52779006958008,31.871606826782227,7.765594482421875
0,0,0,0,48.52750778198242,31.871503829956055,7.753318786621094
0,0,0,0,48.52734375,31.871288299560547,7.7440643310546875
0,0,0,0,48.52711868286133,31.87111473083496,7.734825134277344
0,0,0,0,48.52695846557617,31.87074851989746,7.722526550292969
0,0,0,0,48.526885986328125,31.870525360107422,7.713294982910156
0,0,0,0,48.526885986328125,31.870248794555664,7.704109191894531
0,0,0,0,48.52695083618164,31.869976043701172,7.691925048828125
0,0,0,0,48.527015686035156,31.869810104370117,7.682807922363281
0,0,0,0,48.52713394165039,31.86971664428711,7.6737213134765625
0,0,0,0,48.52728271484375,31.869598388671875,7.6616363525390625
0,0,0,0,48.527462005615234,31.869543075561523,7.6526031494140625
0,0,0,0,48.5275993347168,31.869596481323242,7.643585205078125
0,0,0,0,48.527915954589844,31.869659423828125,7.6315765380859375
0,0,0,0,48.52806091308594,31.86976432800293,7.622550964355469
0,0,0,0,48.52827453613281,31.869815826416016,7.613487243652344
0,0,0,0,48.52848815917969,31.86996841430664,7.601371765136719
0,0,0,0,48.528724670410156,31.870004653930664,7.59228515625
0,0,0,0,48.52891540527344,31.870136260986328,7.5832366943359375
0,0,0,0,48.52925109863281,31.870193481445312,7.571258544921875
0,0,0,0,48.52943420410156,31.87030792236328,7.5623626708984375
0,0,0,0,48.5296516418457,31.87034797668457,7.5535736083984375
0,0,0,0,48.529850006103516,31.870498657226562,7.541961669921875
0,0,0,0,48.52994918823242,31.870515823364258,7.5333099365234375
0,0,0,0,48.529998779296875,31.87055778503418,7.524696350097656
0,0,0,0,48.530033111572266,31.87059783935547,7.513252258300781
0,0,0,0,48.53007507324219,31.870643615722656,7.50469970703125
0,0,0,0,48.530029296875,31.870683670043945,7.496185302734375
0,0,0,0,48.52997589111328,31.87074851989746,7.484832763671875
0,0,0,0,48.529850006103516,31.87083625793457,7.476341247558594
0,0,0,0,48.529815673828125,31.870851516723633,7.467872619628906
0,0,0,0,48.52967834472656,31.870925903320312,7.456611633300781
0,0,0,0,48.52961349487305,31.87091827392578,7.4453582763671875
0,0,0,0,48.529541015625,31.870990753173828,7.4397125244140625
0,0,0,0,48.52950668334961,31.871042251586914,7.4283599853515625
0,0,0,0,48.52943420410156,31.871200561523438,7.419830322265625
0,0,0,0,48.52941131591797,31.87129020690918,7.4113311767578125
0,0,0,0,48.5293083190918,31.87152862548828,7.399971008300781
0,0,0,0,48.52924346923828,31.87168312072754,7.391448974609375
0,0,0,0,48.529170989990234,31.87191390991211,7.3829345703125
0,0,0,0,48.5290412902832,31.872188568115234,7.371551513671875
0,0,0,0,48.528968811035156,31.872432708740234,7.362983703613281
0,0,0,0,48.52886962890625,31.87266731262207,7.354377746582031
0,0,0,0,48.528770446777344,31.873027801513672,7.342826843261719
0,0,0,0,48.52860641479492,31.873350143432617,7.334144592285156
0,0,0,0,48.52849578857422,31.873645782470703,7.325431823730469
0,0,0,0,48.52827453613281,31.87406349182129,7.3137664794921875
0,0,0,0,48.52817153930664,31.874296188354492,7.305015563964844
0,0,0,0,48.52798080444336,31.874542236328125,7.296272277832031
0,0,0,0,48.52781677246094,31.874736785888672,7.2845916748046875
0,0,0,0,48.527610778808594,31.87490463256836,7.2758026123046875
0,0,0,0,48.5274543762207,31.874927520751953,7.266990661621094
0,0,0,0,48.527103424072266,31.874975204467773,7.2551727294921875
0,0,0,0,48.52687072753906,31.874897003173828,7.24627685546875
0,0,0,0,48.52657699584961,31.874839782714844,7.237335205078125
0,0,0,0,48.526206970214844,31.874610900878906,7.225395202636719
0,0,0,0,48.525917053222656,31.874454498291016,7.216438293457031
0,0,0,0,48.525482177734375,31.87421226501465,7.2044830322265625
0,0,0,0,48.52519607543945,31.8740234375,7.195487976074219
0,0,0,0,48.52481460571289,31.873817443847656,7.186500549316406
0,0,0,0,48.52449035644531,31.873586654663086,7.1775360107421875
0,0,0,0,48.52397537231445,31.873302459716797,7.165519714355469
0,0,0,0,48.52364730834961,31.873106002807617,7.156440734863281
0,0,0,0,48.523216247558594,31.873014450073242,7.147300720214844
0,0,0,0,48.522735595703125,31.872880935668945,7.135040283203125
0,0,0,0,48.52229309082031,31.87293815612793,7.1257781982421875
0,0,0,0,48.521949768066406,31.872974395751953,7.116485595703125
0,0,0,0,48.52143096923828,31.87320899963379,7.104057312011719
0,0,0,0,48.5211181640625,31.873382568359375,7.094718933105469
0,0,0,0,48.520748138427734,31.87366485595703,7.08538818359375
0,0,0,0,48.52030563354492,31.87397575378418,7.072868347167969
0,0,0,0,48.51997375488281,31.874284744262695,7.063438415527344
0,0,0,0,48.51967239379883,31.874561309814453,7.0540008544921875
0,0,0,0,48.51929473876953,31.875030517578125,7.0413818359375
0,0,0,0,48.51901626586914,31.875381469726562,7.031929016113281
0,0,0,0,48.51881408691406,31.875795364379883,7.022468566894531
0,0,0,0,48.518524169921875,31.876359939575195,7.0098876953125
0,0,0,0,48.518333435058594,31.876785278320312,7.00042724609375
0,0,0,0,48.51806640625,31.87725067138672,6.990936279296875
0,0,0,0,48.517818450927734,31.87785530090332,6.978218078613281
0,0,0,0,48.51754379272461,31.87836456298828,6.968719482421875
0,0,0,0,48.517356872558594,31.87881088256836,6.9592437744140625
0,0,0,0,48.51701736450195,31.879457473754883,6.946617126464844
0,0,0,0,48.516849517822266,31.879846572875977,6.937171936035156
0,0,0,0,48.516624450683594,31.88033103942871,6.927764892578125
0,0,0,0,48.516475677490234,31.880823135375977,6.915275573730469
0,0,0,0,48.516326904296875,31.881221771240234,6.905937194824219
0,0,0,0,48.51620101928711,31.881494522094727,6.8965911865234375
0,0,0,0,48.5159912109375,31.881900787353516,6.884147644042969
0,0,0,0,48.51585388183594,31.88215446472168,6.874824523925781
0,0,0,0,48.51572799682617,31.88243293762207,6.865478515625
0,0,0,0,48.51559066772461,31.882659912109375,6.853019714355469
0,0,0,0,48.515541076660156,31.882776260375977,6.8436737060546875
0,0,0,0,48.51546859741211,31.88287353515625,6.8343505859375
0,0,0,0,48.515464782714844,31.882970809936523,6.821983337402344
0,0,0,0,48.515403747558594,31.883071899414062,6.8127288818359375
0,0,0,0,48.51539611816406,31.883079528808594,6.803520202636719
0,0,0,0,48.515262603759766,31.88309097290039,6.79132080078125
0,0,0,0,48.515193939208984,31.88298225402832,6.782196044921875
0,0,0,0,48.515010833740234,31.882902145385742,6.773101806640625
0,0,0,0,48.514835357666016,31.882619857788086,6.7611236572265625
0,0,0,0,48.514617919921875,31.882436752319336,6.752265930175781
0,0,0,0,48.514427185058594,31.882123947143555,6.7434844970703125
0,0,0,0,48.51408386230469,31.881778717041016,6.7318572998046875
0,0,0,0,48.51384353637695,31.881471633911133,6.723213195800781
0,0,0,0,48.51357650756836,31.88123893737793,6.714607238769531
0,0,0,0,48.51325225830078,31.880863189697266,6.703147888183594
0,0,0,0,48.51307678222656,31.880613327026367,6.694526672363281
0,0,0,0,48.51287841796875,31.880369186401367,6.685874938964844
0,0,0,0,48.5127067565918,31.880094528198242,6.6742706298828125
0,0,0,0,48.512569427490234,31.87993812561035,6.6655731201171875
0,0,0,0,48.51251220703125,31.87977409362793,6.656883239746094
0,0,0,0,48.51240158081055,31.879623413085938,6.645256042480469
0,0,0,0,48.512451171875,31.879438400268555,6.6336212158203125
0,0,0,0,48.51244354248047,31.879423141479492,6.6277923583984375
0,0,0,0,48.51260757446289,31.879287719726562,6.6161346435546875
0,0,0,0,48.512699127197266,31.879289627075195,6.60736083984375
0,0,0,0,48.51288604736328,31.879255294799805,6.598609924316406
0,0,0,0,48.5130615234375,31.879384994506836,6.5869903564453125
0,0,0,0,48.51321792602539,31.879440307617188,6.578330993652344
0,0,0,0,48.513309478759766,31.87957763671875,6.569694519042969
0,0,0,0,48.513458251953125,31.879669189453125,6.558197021484375
0,0,0,0,48.51362228393555,31.879741668701172,6.54669189453125
0,0,0,0,48.5136833190918,31.8797664642334,6.540931701660156
0,0,0,0,48.51388168334961,31.87984848022461,6.529365539550781
0,0,0,0,48.51397705078125,31.879878997802734,6.5206298828125
0,0,0,0,48.51411056518555,31.879911422729492,6.511863708496094
0,0,0,0,48.514163970947266,31.879993438720703,6.5001373291015625
0,0,0,0,48.51424026489258,31.879993438720703,6.4913330078125
0,0,0,0,48.51419448852539,31.880043029785156,6.482536315917969
0,0,0,0,48.51424789428711,31.880014419555664,6.4708099365234375
0,0,0,0,48.51421356201172,31.880081176757812,6.462005615234375
0,0,0,0,48.51426696777344,31.880029678344727,6.453208923339844
0,0,0,0,48.514259338378906,31.8800048828125,6.441505432128906
0,0,0,0,48.51435470581055,31.879884719848633,6.432716369628906
0,0,0,0,48.5143928527832,31.879858016967773,6.423896789550781
0,0,0,0,48.514488220214844,31.879671096801758,6.412147521972656
0,0,0,0,48.51454544067383,31.879531860351562,6.403327941894531
0,0,0,0,48.514652252197266,31.879310607910156,6.394523620605469
0,0,0,0,48.51491928100586,31.878986358642578,6.382781982421875
0,0,0,0,48.515159606933594,31.878681182861328,6.37396240234375
0,0,0,0,48.515438079833984,31.878368377685547,6.365081787109375
0,0,0,0,48.515846252441406,31.877912521362305,6.353172302246094
0,0,0,0,48.516258239746094,31.877531051635742,6.3441925048828125
0,0,0,0,48.516666412353516,31.877206802368164,6.335136413574219
0,0,0,0,48.51737594604492,31.876745223999023,6.323005676269531
0,0,0,0,48.517879486083984,31.87645721435547,6.3138885498046875
0,0,0,0,48.51851272583008,31.876083374023438,6.304771423339844
0,0,0,0,48.51930618286133,31.875715255737305,6.2925872802734375
0,0,0,0,48.52000045776367,31.875396728515625,6.283409118652344
0,0,0,0,48.52069854736328,31.875205993652344,6.274192810058594
0,0,0,0,48.521759033203125,31.874910354614258,6.261909484863281
0,0,0,0,48.52252960205078,31.874771118164062,6.252716064453125
0,0,0,0,48.523311614990234,31.874570846557617,6.2435302734375
0,0,0,0,48.52429962158203,31.874420166015625,6.231437683105469
0,0,0,0,48.525001525878906,31.874244689941406,6.222496032714844
0,0,0,0,48.525699615478516,31.874095916748047,6.213645935058594
0,0,0,0,48.52659225463867,31.873844146728516,6.201988220214844
0,0,0,0,48.52723693847656,31.8736572265625,6.193367004394531
0,0,0,0,48.52780532836914,31.873470306396484,6.1847686767578125
0,0,0,0,48.528621673583984,31.873191833496094,6.173332214355469
0,0,0,0,48.52914810180664,31.873048782348633,6.164741516113281
0,0,0,0,48.529754638671875,31.87286949157715,6.156135559082031
0,0,0,0,48.5303955078125,31.872739791870117,6.1446380615234375
0,0,0,0,48.53089904785156,31.87261390686035,6.136016845703125
0,0,0,0,48.531280517578125,31.872608184814453,6.1274261474609375
0,0,0,0,48.531864166259766,31.872554779052734,6.116020202636719
0,0,0,0,48.53226852416992,31.872589111328125,6.107475280761719
0,0,0,0,48.5327262878418,31.872556686401367,6.098976135253906
0,0,0,0,48.53324890136719,31.87263298034668,6.087638854980469
0,0,0,0,48.53365707397461,31.872621536254883,6.079109191894531
0,0,0,0,48.53403854370117,31.872650146484375,6.0705718994140625
0,0,0,0,48.5345573425293,31.872573852539062,6.059196472167969
0,0,0,0,48.53494644165039,31.872499465942383,6.0506591796875
0,0,0,0,48.53529739379883,31.87240982055664,6.0421295166015625
0,0,0,0,48.5357780456543,31.87234115600586,6.030769348144531
0,0,0,0,48.536048889160156,31.8723201751709,6.022224426269531
0,0,0,0,48.53639221191406,31.87226676940918,6.013664245605469
0,0,0,0,48.536739349365234,31.87223243713379,6.002227783203125
0,0,0,0,48.53703308105469,31.87214469909668,5.993598937988281
0,0,0,0,48.53721618652344,31.87208366394043,5.984931945800781
0,0,0,0,48.537513732910156,31.871856689453125,5.97332763671875
0,0,0,0,48.537654876708984,31.871761322021484,5.964591979980469
0,0,0,0,48.537864685058594,31.8715877532959,5.955818176269531
0,0,0,0,48.537994384765625,31.871417999267578,5.9440765380859375
0,0,0,0,48.53810119628906,31.87118911743164,5.935264587402344
0,0,0,0,48.538169860839844,31.87103271484375,5.92645263671875
0,0,0,0,48.53828430175781,31.8707332611084,5.9146575927734375
0,0,0,0,48.53835678100586,31.870574951171875,5.905769348144531
0,0,0,0,48.538414001464844,31.87038230895996,5.896820068359375
0,0,0,0,48.53847122192383,31.87018585205078,5.884834289550781
0,0,0,0,48.53847885131836,31.87004852294922,5.87579345703125
0,0,0,0,48.538536071777344,31.869935989379883,5.86669921875
0,0,0,0,48.53855895996094,31.86979866027832,5.854591369628906
0,0,0,0,48.53865051269531,31.86970329284668,5.845489501953125
0,0,0,0,48.538673400878906,31.869709014892578,5.836387634277344
0,0,0,0,48.53883743286133,31.869726181030273,5.82427978515625
0,0,0,0,48.53889846801758,31.869848251342773,5.8152313232421875
0,0,0,0,48.539039611816406,31.869930267333984,5.806205749511719
0,0,0,0,48.539146423339844,31.870210647583008,5.7942047119140625
0,0,0,0,48.53929138183594,31.8703670501709,5.785224914550781
0,0,0,0,48.539371490478516,31.870630264282227,5.7762603759765625
0,0,0,0,48.5395393371582,31.870887756347656,5.764274597167969
0,0,0,0,48.539649963378906,31.871156692504883,5.755287170410156
0,0,0,0,48.539791107177734,31.871360778808594,5.746246337890625
0,0,0,0,48.53996276855469,31.871742248535156,5.7341156005859375
0,0,0,0,48.540069580078125,31.872011184692383,5.7249603271484375
0,0,0,0,48.54018783569336,31.8723201751709,5.71575927734375
0,0,0,0,48.5402946472168,31.87270164489746,5.703453063964844
0,0,0,0,48.54039001464844,31.872961044311523,5.6941986083984375
0,0,0,0,48.540374755859375,31.87323760986328,5.684906005859375
0,0,0,0,48.540409088134766,31.873550415039062,5.672462463378906
0,0,0,0,48.54032516479492,31.873859405517578,5.663116455078125
0,0,0,0,48.5402946472168,31.874134063720703,5.653717041015625
0,0,0,0,48.54011917114258,31.874614715576172,5.6410675048828125
0,0,0,0,48.540000915527344,31.874927520751953,5.631500244140625
0,0,0,0,48.53974151611328,31.875356674194336,5.6219024658203125
0,0,0,0,48.539390563964844,31.87582778930664,5.609062194824219
0,0,0,0,48.53900909423828,31.876216888427734,5.599449157714844
0,0,0,0,48.538631439208984,31.876482009887695,5.5898590087890625
0,0,0,0,48.53801345825195,31.876890182495117,5.5771026611328125
0,0,0,0,48.53748321533203,31.87713623046875,5.567573547363281
0,0,0,0,48.53690719604492,31.877418518066406,5.558052062988281
0,0,0,0,48.536094665527344,31.877744674682617,5.54541015625
0,0,0,0,48.53548812866211,31.877971649169922,5.5359649658203125
0,0,0,0,48.53479766845703,31.87819480895996,5.526580810546875
0,0,0,0,48.53390884399414,31.878520965576172,5.514183044433594
0,0,0,0,48.53315734863281,31.87883758544922,5.504981994628906
0,0,0,0,48.5324821472168,31.879117965698242,5.495841979980469
0,0,0,0,48.53145217895508,31.879535675048828,5.483711242675781
0,0,0,0,48.530731201171875,31.879751205444336,5.474617004394531
0,0,0,0,48.5298957824707,31.880043029785156,5.4655303955078125
0,0,0,0,48.528846740722656,31.880308151245117,5.453460693359375
0,0,0,0,48.52798843383789,31.88054656982422,5.444389343261719
0,0,0,0,48.527191162109375,31.880661010742188,5.435340881347656
0,0,0,0,48.52607727050781,31.880884170532227,5.4232635498046875
0,0,0,0,48.52525329589844,31.880983352661133,5.4141998291015625
0,0,0,0,48.52442169189453,31.881162643432617,5.4051361083984375
0,0,0,0,48.523372650146484,31.881351470947266,5.393074035644531
0,0,0,0,48.522666931152344,31.881553649902344,5.3840484619140625
0,0,0,0,48.52200698852539,31.881742477416992,5.3750457763671875
0,0,0,0,48.521240234375,31.88200569152832,5.363014221191406
0,0,0,0,48.5206298828125,31.882211685180664,5.3539886474609375
0,0,0,0,48.5201301574707,31.88239097595215,5.344993591308594
0,0,0,0,48.51948165893555,31.882631301879883,5.3330535888671875
0,0,0,0,48.519161224365234,31.882713317871094,5.324188232421875
0,0,0,0,48.51883316040039,31.882877349853516,5.315406799316406
0,0,0,0,48.518592834472656,31.882972717285156,5.30377197265625
0,0,0,0,48.51841735839844,31.88314437866211,5.2950592041015625
0,0,0,0,48.51836013793945,31.883228302001953,5.286338806152344
0,0,0,0,48.518253326416016,31.883441925048828,5.274658203125
0,0,0,0,48.51824188232422,31.883556365966797,5.2658538818359375
0,0,0,0,48.518218994140625,31.883758544921875,5.257011413574219
0,0,0,0,48.51829147338867,31.8839168548584,5.2451934814453125
0,0,0,0,48.51837921142578,31.884082794189453,5.236320495605469
0,0,0,0,48.51851272583008,31.884199142456055,5.227424621582031
0,0,0,0,48.5187873840332,31.884401321411133,5.2154998779296875
0,0,0,0,48.51899337768555,31.884571075439453,5.206489562988281
0,0,0,0,48.51923370361328,31.884740829467773,5.1974639892578125
0,0,0,0,48.519466400146484,31.88495445251465,5.185340881347656
0,0,0,0,48.51969909667969,31.885072708129883,5.176177978515625
0,0,0,0,48.51984405517578,31.885255813598633,5.166954040527344
0,0,0,0,48.52011489868164,31.88542938232422,5.1545867919921875
0,0,0,0,48.520233154296875,31.885616302490234,5.1452789306640625
0,0,0,0,48.52041244506836,31.88570213317871,5.135932922363281
0,0,0,0,48.520530700683594,31.88591766357422,5.1234893798828125
0,0,0,0,48.52064895629883,31.886011123657227,5.114158630371094
0,0,0,0,48.52068328857422,31.886184692382812,5.1048431396484375
0,0,0,0,48.5207405090332,31.886308670043945,5.092437744140625
0,0,0,0,48.52069091796875,31.886463165283203,5.0831146240234375
0,0,0,0,48.520626068115234,31.886577606201172,5.073799133300781
0,0,0,0,48.52049255371094,31.886837005615234,5.061370849609375
0,0,0,0,48.520362854003906,31.887025833129883,5.052070617675781
0,0,0,0,48.52023696899414,31.887258529663086,5.042793273925781
0,0,0,0,48.520050048828125,31.887529373168945,5.030487060546875
0,0,0,0,48.520015716552734,31.887725830078125,5.021240234375
0,0,0,0,48.519954681396484,31.887950897216797,5.0120086669921875
0,0,0,0,48.51995849609375,31.88823127746582,4.9997711181640625
0,0,0,0,48.51988983154297,31.888504028320312,4.990631103515625
0,0,0,0,48.51993942260742,31.88868522644043,4.9814605712890625
0,0,0,0,48.519920349121094,31.888994216918945,4.969230651855469
0,0,0,0,48.519954681396484,31.889142990112305,4.9600982666015625
0,0,0,0,48.5198860168457,31.88935089111328,4.9510345458984375
0,0,0,0,48.51987838745117,31.889497756958008,4.939018249511719
0,0,0,0,48.51980972290039,31.889650344848633,4.930030822753906
0,0,0,0,48.51979064941406,31.88971519470215,4.92108154296875
0,0,0,0,48.51974868774414,31.8898868560791,4.909149169921875
0,0,0,0,48.51974105834961,31.88992691040039,4.9001922607421875
0,0,0,0,48.519752502441406,31.890010833740234,4.891227722167969
0,0,0,0,48.51980209350586,31.890066146850586,4.879280090332031
0,0,0,0,48.51988983154297,31.89011573791504,4.870323181152344
0,0,0,0,48.51992416381836,31.89014434814453,4.86138916015625
0,0,0,0,48.52001953125,31.890209197998047,4.8494873046875
0,0,0,0,48.52001190185547,31.890308380126953,4.840553283691406
0,0,0,0,48.52006149291992,31.890390396118164,4.831573486328125
0,0,0,0,48.52000045776367,31.890602111816406,4.819587707519531
0,0,0,0,48.51999282836914,31.890705108642578,4.810600280761719
0,0,0,0,48.51987838745117,31.890911102294922,4.8015899658203125
0,0,0,0,48.519752502441406,31.891124725341797,4.789558410644531
0,0,0,0,48.51953125,31.891389846801758,4.780548095703125
0,0,0,0,48.51933670043945,31.891603469848633,4.7715606689453125
0,0,0,0,48.5190315246582,31.89201545715332,4.759605407714844
0,0,0,0,48.518768310546875,31.89244842529297,4.7476959228515625
0,0,0,0,48.51869583129883,31.89271354675293,4.74176025390625
0,0,0,0,48.51859664916992,31.893177032470703,4.729927062988281
0,0,0,0,48.51854705810547,31.893539428710938,4.721046447753906
0,0,0,0,48.518489837646484,31.89383888244629,4.712181091308594
0,0,0,0,48.51850128173828,31.89425277709961,4.700370788574219
0,0,0,0,48.518497467041016,31.8945369720459,4.691535949707031
0,0,0,0,48.51858901977539,31.894765853881836,4.682701110839844
0,0,0,0,48.518638610839844,31.89504623413086,4.670928955078125
0,0,0,0,48.51874542236328,31.895172119140625,4.662101745605469
0,0,0,0,48.51877975463867,31.895357131958008,4.653289794921875
0,0,0,0,48.51896667480469,31.895519256591797,4.641517639160156
0,0,0,0,48.51905059814453,31.89570426940918,4.632698059082031
0,0,0,0,48.51923751831055,31.895769119262695,4.623870849609375
0,0,0,0,48.519405364990234,31.89594078063965,4.612113952636719
0,0,0,0,48.519596099853516,31.89596939086914,4.603324890136719
0,0,0,0,48.51976013183594,31.896020889282227,4.594551086425781
0,0,0,0,48.520042419433594,31.895917892456055,4.582855224609375
0,0,0,0,48.52024841308594,31.895811080932617,4.574104309082031
0,0,0,0,48.5204963684082,31.89558219909668,4.565345764160156
0,0,0,0,48.5208854675293,31.895265579223633,4.553642272949219
0,0,0,0,48.52115249633789,31.89497947692871,4.544883728027344
0,0,0,0,48.52146911621094,31.89467430114746,4.536109924316406
0,0,0,0,48.52184295654297,31.894222259521484,4.5244293212890625
0,0,0,0,48.52219009399414,31.893831253051758,4.51568603515625
0,0,0,0,48.5224609375,31.893442153930664,4.506935119628906
0,0,0,0,48.522972106933594,31.892810821533203,4.495201110839844
0,0,0,0,48.523338317871094,31.892375946044922,4.486351013183594
0,0,0,0,48.523799896240234,31.8918399810791,4.47747802734375
0,0,0,0,48.5242919921875,31.891212463378906,4.4656219482421875
0,0,0,0,48.52473449707031,31.890653610229492,4.4567108154296875
0,0,0,0,48.52510452270508,31.890167236328125,4.447784423828125
0,0,0,0,48.52567672729492,31.88942527770996,4.435791015625
0,0,0,0,48.526241302490234,31.888750076293945,4.4237060546875
0,0,0,0,48.52651596069336,31.888408660888672,4.4176483154296875
0,0,0,0,48.52708053588867,31.887775421142578,4.40545654296875
0,0,0,0,48.527503967285156,31.887231826782227,4.396263122558594
0,0,0,0,48.527992248535156,31.886714935302734,4.387016296386719
0,0,0,0,48.528682708740234,31.886018753051758,4.3746185302734375
0,0,0,0,48.529296875,31.88549041748047,4.3652801513671875
0,0,0,0,48.52987289428711,31.884977340698242,4.355918884277344
0,0,0,0,48.53072738647461,31.884231567382812,4.3434295654296875
0,0,0,0,48.53129196166992,31.88373374938965,4.334022521972656
0,0,0,0,48.53190612792969,31.8831844329834,4.3246002197265625
0,0,0,0,48.5325813293457,31.88256072998047,4.311973571777344
0,0,0,0,48.53312301635742,31.88200569152832,4.302421569824219
0,0,0,0,48.53355026245117,31.88154411315918,4.2928314208984375
0,0,0,0,48.53412628173828,31.88081169128418,4.280006408691406
0,0,0,0,48.53446578979492,31.88032341003418,4.2703399658203125
0,0,0,0,48.53486251831055,31.879764556884766,4.260673522949219
0,0,0,0,48.53532409667969,31.879138946533203,4.2477874755859375
0,0,0,0,48.53567123413086,31.878646850585938,4.2381439208984375
0,0,0,0,48.53597640991211,31.878198623657227,4.2285308837890625
0,0,0,0,48.53633117675781,31.877573013305664,4.215782165527344
0,0,0,0,48.53670883178711,31.87698745727539,4.203094482421875
0,0,0,0,48.53684997558594,31.876728057861328,4.196754455566406
0,0,0,0,48.53721618652344,31.87618637084961,4.18408203125
0,0,0,0,48.53742980957031,31.875844955444336,4.174598693847656
0,0,0,0,48.53767395019531,31.87546157836914,4.165184020996094
0,0,0,0,48.53786849975586,31.875043869018555,4.152801513671875
0,0,0,0,48.53807830810547,31.874664306640625,4.143623352050781
0,0,0,0,48.5382080078125,31.87436294555664,4.134552001953125
0,0,0,0,48.53844451904297,31.873802185058594,4.12255859375
0,0,0,0,48.53848648071289,31.873464584350586,4.113624572753906
0,0,0,0,48.53854751586914,31.87303924560547,4.1047515869140625
0,0,0,0,48.53851318359375,31.872583389282227,4.09295654296875
0,0,0,0,48.53847122192383,31.872175216674805,4.084144592285156
0,0,0,0,48.53834915161133,31.87184715270996,4.07537841796875
0,0,0,0,48.538169860839844,31.871328353881836,4.063751220703125
0,0,0,0,48.53800582885742,31.8709659576416,4.0550689697265625
0,0,0,0,48.53779602050781,31.870580673217773,4.0464324951171875
0,0,0,0,48.537498474121094,31.870058059692383,4.03497314453125
0,0,0,0,48.53716278076172,31.86969566345215,4.026374816894531
0,0,0,0,48.53683853149414,31.869312286376953,4.0177764892578125
0,0,0,0,48.53621292114258,31.868854522705078,4.0063323974609375
0,0,0,0,48.5357666015625,31.868473052978516,3.9978256225585938
0,0,0,0,48.535221099853516,31.868160247802734,3.9893341064453125
0,0,0,0,48.534542083740234,31.86761474609375,3.9780731201171875
0,0,0,0,48.5339241027832,31.867286682128906,3.96966552734375
0,0,0,0,48.53334045410156,31.866872787475586,3.9613189697265625
0,0,0,0,48.532440185546875,31.866445541381836,3.9502182006835938
0,0,0,0,48.53179931640625,31.866064071655273,3.94189453125
0,0,0,0,48.53111267089844,31.865785598754883,3.9335479736328125
0,0,0,0,48.53019714355469,31.865276336669922,3.9223861694335938
0,0,0,0,48.52949142456055,31.864933013916016,3.9139785766601562
0,0,0,0,48.528778076171875,31.864521026611328,3.9055633544921875
0,0,0,0,48.527793884277344,31.8640193939209,3.8943099975585938
0,0,0,0,48.52700424194336,31.863649368286133,3.8858489990234375
0,0,0,0,48.52623748779297,31.863300323486328,3.877349853515625
0,0,0,0,48.52511215209961,31.86284828186035,3.8659820556640625
0,0,0,0,48.524314880371094,31.862489700317383,3.8574447631835938
0,0,0,0,48.52348709106445,31.862136840820312,3.8488693237304688
0,0,0,0,48.52251434326172,31.86157989501953,3.8373260498046875
0,0,0,0,48.52173614501953,31.861215591430664,3.8285980224609375
0,0,0,0,48.52106857299805,31.86075782775879,3.819793701171875
0,0,0,0,48.52013397216797,31.860265731811523,3.8079681396484375
0,0,0,0,48.519508361816406,31.859813690185547,3.7990264892578125
0,0,0,0,48.51880645751953,31.85944175720215,3.7900390625
0,0,0,0,48.51792526245117,31.85883903503418,3.778045654296875
0,0,0,0,48.517242431640625,31.858430862426758,3.7690505981445312
0,0,0,0,48.5166130065918,31.857954025268555,3.7600173950195312
0,0,0,0,48.51576614379883,31.85746192932129,3.7479400634765625
0,0,0,0,48.51510238647461,31.857078552246094,3.7388839721679688
0,0,0,0,48.51448059082031,31.856718063354492,3.7297897338867188
0,0,0,0,48.513694763183594,31.856216430664062,3.7176361083984375
0,0,0,0,48.51320266723633,31.855825424194336,3.7085037231445312
0,0,0,0,48.51266860961914,31.85545539855957,3.6993331909179688
0,0,0,0,48.51206588745117,31.85497283935547,3.6870269775390625
0,0,0,0,48.51158142089844,31.854694366455078,3.677734375
0,0,0,0,48.511234283447266,31.8543643951416,3.66839599609375
0,0,0,0,48.51076889038086,31.8540096282959,3.6559295654296875
0,0,0,0,48.51055908203125,31.853734970092773,3.6465988159179688
0,0,0,0,48.51033020019531,31.853609085083008,3.6372909545898438
0,0,0,0,48.51017379760742,31.853424072265625,3.6248855590820312
0,0,0,0,48.5100212097168,31.8533992767334,3.6156005859375
0,0,0,0,48.50992202758789,31.853315353393555,3.6063156127929688
0,0,0,0,48.509830474853516,31.853313446044922,3.5938339233398438
0,0,0,0,48.509822845458984,31.853235244750977,3.5844192504882812
0,0,0,0,48.50982666015625,31.85320472717285,3.5749740600585938
0,0,0,0,48.509849548339844,31.853124618530273,3.5623703002929688
0,0,0,0,48.5098991394043,31.853073120117188,3.5529251098632812
0,0,0,0,48.509918212890625,31.853010177612305,3.5435028076171875
0,0,0,0,48.510009765625,31.852930068969727,3.5309982299804688
0,0,0,0,48.51001739501953,31.852888107299805,3.521697998046875
0,0,0,0,48.510108947753906,31.852783203125,3.512420654296875
0,0,0,0,48.51016616821289,31.852693557739258,3.50006103515625
0,0,0,0,48.510276794433594,31.852556228637695,3.490814208984375
0,0,0,0,48.51029968261719,31.85251808166504,3.48162841796875
0,0,0,0,48.51044845581055,31.852367401123047,3.4694290161132812
0,0,0,0,48.510555267333984,31.8523006439209,3.4572906494140625
0,0,0,0,48.51063537597656,31.85222625732422,3.4512405395507812
0,0,0,0,48.5107307434082,31.852224349975586,3.4391403198242188
0,0,0,0,48.51084899902344,31.8521785736084,3.430084228515625
0,0,0,0,48.51094055175781,31.85222053527832,3.4210205078125
0,0,0,0,48.51106262207031,31.85223960876465,3.4089202880859375
0,0,0,0,48.51116180419922,31.85231590270996,3.3998184204101562
0,0,0,0,48.51124572753906,31.852375030517578,3.3906936645507812
0,0,0,0,48.511417388916016,31.852506637573242,3.37847900390625
0,0,0,0,48.51150894165039,31.85268211364746,3.3692779541015625
0,0,0,0,48.511661529541016,31.852876663208008,3.3600616455078125
0,0,0,0,48.511783599853516,31.853212356567383,3.3478012084960938
0,0,0,0,48.511940002441406,31.85340118408203,3.3386306762695312
0,0,0,0,48.51200866699219,31.85367202758789,3.3294601440429688
0,0,0,0,48.51216506958008,31.854007720947266,3.3172607421875
0,0,0,0,48.512229919433594,31.854475021362305,3.3050765991210938
0,0,0,0,48.51229476928711,31.854665756225586,3.2989883422851562
0,0,0,0,48.51229476928711,31.855182647705078,3.2867660522460938
0,0,0,0,48.512306213378906,31.855506896972656,3.277587890625
0,0,0,0,48.51224136352539,31.855920791625977,3.2684402465820312
0,0,0,0,48.51220703125,31.856346130371094,3.2563095092773438
0,0,0,0,48.512168884277344,31.8566951751709,3.2472763061523438
0,0,0,0,48.51213073730469,31.856996536254883,3.2382965087890625
0,0,0,0,48.5120849609375,31.857528686523438,3.226348876953125
0,0,0,0,48.512054443359375,31.857934951782227,3.2174301147460938
0,0,0,0,48.512081146240234,31.858354568481445,3.2085418701171875
0,0,0,0,48.512088775634766,31.85892677307129,3.1967239379882812
0,0,0,0,48.51217269897461,31.859342575073242,3.1878662109375
0,0,0,0,48.51219177246094,31.859785079956055,3.1790084838867188
0,0,0,0,48.512306213378906,31.86034393310547,3.1672286987304688
0,0,0,0,48.5123176574707,31.8608455657959,3.1584548950195312
0,0,0,0,48.51243209838867,31.86131477355957,3.1497268676757812
0,0,0,0,48.51248550415039,31.862092971801758,3.1380996704101562
0,0,0,0,48.51255416870117,31.862842559814453,3.1265182495117188
0,0,0,0,48.512542724609375,31.863277435302734,3.1207351684570312
0,0,0,0,48.512535095214844,31.86402130126953,3.1091995239257812
0,0,0,0,48.51247024536133,31.864635467529297,3.1005859375
0,0,0,0,48.51241683959961,31.865184783935547,3.0920028686523438
0,0,0,0,48.512290954589844,31.866012573242188,3.0805816650390625
0,0,0,0,48.512168884277344,31.86659812927246,3.072021484375
0,0,0,0,48.51204299926758,31.867223739624023,3.0634613037109375
0,0,0,0,48.51179885864258,31.868057250976562,3.0521392822265625
0,0,0,0,48.51163864135742,31.868680953979492,3.04364013671875
0,0,0,0,48.51141357421875,31.869348526000977,3.0351028442382812
0,0,0,0,48.51115798950195,31.8702335357666,3.0236740112304688
0,0,0,0,48.51087951660156,31.870956420898438,3.0150527954101562
0,0,0,0,48.51069641113281,31.87161636352539,3.00640869140625
0,0,0,0,48.51033020019531,31.872602462768555,2.9948348999023438
0,0,0,0,48.510066986083984,31.8732852935791,2.9861297607421875
0,0,0,0,48.50972366333008,31.874032974243164,2.9774246215820312
0,0,0,0,48.5093879699707,31.87492561340332,2.9658355712890625
0,0,0,0,48.509098052978516,31.87566375732422,2.95709228515625
0,0,0,0,48.5089111328125,31.876285552978516,2.94830322265625
0,0,0,0,48.508663177490234,31.877124786376953,2.9365158081054688
0,0,0,0,48.50851821899414,31.87763786315918,2.92767333984375
0,0,0,0,48.50838851928711,31.878198623657227,2.918853759765625
0,0,0,0,48.508262634277344,31.87881851196289,2.9071426391601562
0,0,0,0,48.508209228515625,31.87925148010254,2.8983917236328125
0,0,0,0,48.50812911987305,31.87964630126953,2.8896560668945312
0,0,0,0,48.508079528808594,31.880123138427734,2.8780593872070312
0,0,0,0,48.50798797607422,31.8804988861084,2.869415283203125
0,0,0,0,48.507999420166016,31.880807876586914,2.860748291015625
0,0,0,0,48.50794982910156,31.8812255859375,2.849212646484375
0,0,0,0,48.50800704956055,31.881433486938477,2.840576171875
0,0,0,0,48.50799560546875,31.8817081451416,2.8319625854492188
0,0,0,0,48.50811767578125,31.8819580078125,2.8205032348632812
0,0,0,0,48.508148193359375,31.882198333740234,2.811920166015625
0,0,0,0,48.50823211669922,31.882287979125977,2.8033294677734375
0,0,0,0,48.50824737548828,31.882457733154297,2.79193115234375
0,0,0,0,48.508243560791016,31.882488250732422,2.7834014892578125
0,0,0,0,48.50816345214844,31.882600784301758,2.7748794555664062
0,0,0,0,48.50806427001953,31.882658004760742,2.7635116577148438
0,0,0,0,48.50798416137695,31.88274383544922,2.754974365234375
0,0,0,0,48.50788497924805,31.882787704467773,2.7464447021484375
0,0,0,0,48.50776672363281,31.882844924926758,2.7351226806640625
0,0,0,0,48.50761413574219,31.88286781311035,2.7266387939453125
0,0,0,0,48.50749969482422,31.882850646972656,2.7181625366210938
0,0,0,0,48.50724792480469,31.882856369018555,2.7068862915039062
0,0,0,0,48.50709915161133,31.882831573486328,2.6984329223632812
0,0,0,0,48.506858825683594,31.882850646972656,2.6899490356445312
0,0,0,0,48.50666046142578,31.882762908935547,2.6785736083984375
0,0,0,0,48.506439208984375,31.882766723632812,2.6700210571289062
0,0,0,0,48.50633239746094,31.88266372680664,2.6614303588867188
0,0,0,0,48.50617980957031,31.882587432861328,2.6499481201171875
0,0,0,0,48.50616455078125,31.88246726989746,2.6413116455078125
0,0,0,0,48.50614547729492,31.882488250732422,2.6326828002929688
0,0,0,0,48.5062255859375,31.8824405670166,2.6212081909179688
0,0,0,0,48.50636672973633,31.88248062133789,2.6126174926757812
0,0,0,0,48.50656509399414,31.882478713989258,2.6040267944335938
0,0,0,0,48.5069465637207,31.8825626373291,2.5925369262695312
0,0,0,0,48.50725173950195,31.882610321044922,2.5838623046875
0,0,0,0,48.50764465332031,31.88265037536621,2.5751266479492188
0,0,0,0,48.50817108154297,31.882646560668945,2.5634002685546875
0,0,0,0,48.508689880371094,31.88261604309082,2.5545578002929688
0,0,0,0,48.50914001464844,31.882627487182617,2.545654296875
0,0,0,0,48.50984191894531,31.882591247558594,2.5337295532226562
0,0,0,0,48.51031494140625,31.88263511657715,2.5247421264648438
0,0,0,0,48.51089859008789,31.882598876953125,2.5157241821289062
0,0,0,0,48.51156234741211,31.882631301879883,2.5035858154296875
0,0,0,0,48.51213455200195,31.882612228393555,2.4944229125976562
0,0,0,0,48.512672424316406,31.88271141052246,2.485260009765625
0,0,0,0,48.513519287109375,31.882705688476562,2.4730148315429688
0,0,0,0,48.51413345336914,31.882781982421875,2.4638137817382812
0,0,0,0,48.51476287841797,31.882783889770508,2.4546051025390625
0,0,0,0,48.51557540893555,31.88286018371582,2.4423065185546875
0,0,0,0,48.516143798828125,31.882888793945312,2.4330673217773438
0,0,0,0,48.516727447509766,31.882932662963867,2.4238052368164062
0,0,0,0,48.5174674987793,31.88290023803711,2.411376953125
0,0,0,0,48.51806640625,31.882837295532227,2.4019851684570312
0,0,0,0,48.51858901977539,31.882787704467773,2.3925323486328125
0,0,0,0,48.51932144165039,31.882644653320312,2.3798370361328125
0,0,0,0,48.51979446411133,31.882556915283203,2.3702774047851562
0,0,0,0,48.520362854003906,31.882349014282227,2.3606491088867188
0,0,0,0,48.52098846435547,31.882064819335938,2.347747802734375
0,0,0,0,48.52147674560547,31.88174819946289,2.3380584716796875
0,0,0,0,48.52186584472656,31.881498336791992,2.3283462524414062
0,0,0,0,48.522422790527344,31.88104248046875,2.3153076171875
0,0,0,0,48.52275466918945,31.880802154541016,2.3054733276367188
0,0,0,0,48.523128509521484,31.880449295043945,2.2956085205078125
0,0,0,0,48.52355194091797,31.880077362060547,2.282470703125
0,0,0,0,48.52387619018555,31.879762649536133,2.272613525390625
0,0,0,0,48.52416229248047,31.879493713378906,2.262786865234375
0,0,0,0,48.524513244628906,31.8790340423584,2.249725341796875
0,0,0,0,48.524803161621094,31.878681182861328,2.2400054931640625
0,0,0,0,48.52503204345703,31.878311157226562,2.2303466796875
0,0,0,0,48.52536392211914,31.877872467041016,2.2175369262695312
0,0,0,0,48.5255012512207,31.87759017944336,2.207977294921875
0,0,0,0,48.52568054199219,31.877267837524414,2.1984634399414062
0,0,0,0,48.52577590942383,31.876941680908203,2.1858596801757812
0,0,0,0,48.52589797973633,31.876657485961914,2.1764755249023438
0,0,0,0,48.525909423828125,31.876440048217773,2.1671066284179688
0,0,0,0,48.526004791259766,31.876022338867188,2.1546630859375
0,0,0,0,48.52598571777344,31.875776290893555,2.1453781127929688
0,0,0,0,48.52603530883789,31.875452041625977,2.136138916015625
0,0,0,0,48.52601623535156,31.87515640258789,2.12384033203125
0,0,0,0,48.52607727050781,31.874887466430664,2.1146163940429688
0,0,0,0,48.526100158691406,31.874710083007812,2.105377197265625
0,0,0,0,48.52619552612305,31.874406814575195,2.0930862426757812
0,0,0,0,48.52630615234375,31.874231338500977,2.0839004516601562
0,0,0,0,48.52643585205078,31.874046325683594,2.07470703125
0,0,0,0,48.526668548583984,31.87388801574707,2.0624465942382812
0,0,0,0,48.52683639526367,31.873775482177734,2.0532455444335938
0,0,0,0,48.5270881652832,31.87364959716797,2.0440444946289062
0,0,0,0,48.52739715576172,31.87351417541504,2.03173828125
0,0,0,0,48.52771759033203,31.873363494873047,2.0224533081054688
0,0,0,0,48.527950286865234,31.873281478881836,2.013153076171875
0,0,0,0,48.528358459472656,31.87313461303711,2.0007400512695312
0,0,0,0,48.528568267822266,31.87315559387207,1.991424560546875
0,0,0,0,48.52886199951172,31.87310218811035,1.9821395874023438
0,0,0,0,48.52912521362305,31.87308692932129,1.969818115234375
0,0,0,0,48.52933120727539,31.87295150756836,1.9605789184570312
0,0,0,0,48.529441833496094,31.872879028320312,1.9513320922851562
0,0,0,0,48.529624938964844,31.872657775878906,1.9390182495117188
0,0,0,0,48.52971649169922,31.872528076171875,1.9297561645507812
0,0,0,0,48.52977752685547,31.872316360473633,1.9204864501953125
0,0,0,0,48.52980422973633,31.87208366394043,1.9080963134765625
0,0,0,0,48.52975845336914,31.871906280517578,1.8987884521484375
0,0,0,0,48.52975845336914,31.87176513671875,1.8894805908203125
0,0,0,0,48.529720306396484,31.871562957763672,1.8770217895507812
0,0,0,0,48.52973937988281,31.871368408203125,1.8676223754882812
0,0,0,0,48.5296630859375,31.871217727661133,1.8581771850585938
0,0,0,0,48.52960968017578,31.8709659576416,1.8455581665039062
0,0,0,0,48.52949523925781,31.870820999145508,1.8360595703125
0,0,0,0,48.529457092285156,31.870616912841797,1.8265762329101562
0,0,0,0,48.529300689697266,31.870378494262695,1.8139419555664062
0,0,0,0,48.52924346923828,31.870098114013672,1.8044967651367188
0,0,0,0,48.52910614013672,31.869918823242188,1.7951126098632812
0,0,0,0,48.52903747558594,31.869535446166992,1.7826766967773438
0,0,0,0,48.528926849365234,31.869306564331055,1.7733612060546875
0,0,0,0,48.52885437011719,31.868999481201172,1.7640380859375
0,0,0,0,48.52874755859375,31.868717193603516,1.7515945434570312
0,0,0,0,48.528709411621094,31.868473052978516,1.7422943115234375
0,0,0,0,48.52871322631836,31.868288040161133,1.733062744140625
0,0,0,0,48.52873229980469,31.867982864379883,1.7208328247070312
0,0,0,0,48.52885437011719,31.867765426635742,1.711669921875
0,0,0,0,48.52894973754883,31.86757469177246,1.7025222778320312
0,0,0,0,48.52914810180664,31.86730194091797,1.6903610229492188
0,0,0,0,48.529239654541016,31.86711311340332,1.6812896728515625
0,0,0,0,48.52943420410156,31.866870880126953,1.6722564697265625
0,0,0,0,48.52961730957031,31.866655349731445,1.660186767578125
0,0,0,0,48.529815673828125,31.866422653198242,1.6511077880859375
0,0,0,0,48.529903411865234,31.866273880004883,1.6420059204101562
0,0,0,0,48.53010177612305,31.866010665893555,1.6298599243164062
0,0,0,0,48.53013229370117,31.865921020507812,1.6207504272460938
0,0,0,0,48.53017044067383,31.86577606201172,1.611663818359375
0,0,0,0,48.53008270263672,31.865734100341797,1.5995864868164062
0,0,0,0,48.52999496459961,31.865657806396484,1.5905990600585938
0,0,0,0,48.52984619140625,31.865652084350586,1.5816116333007812
0,0,0,0,48.529632568359375,31.865602493286133,1.5696258544921875
0,0,0,0,48.529457092285156,31.865591049194336,1.5606155395507812
0,0,0,0,48.52922439575195,31.86553192138672,1.55157470703125
0,0,0,0,48.52894973754883,31.86542510986328,1.5395355224609375
0,0,0,0,48.528656005859375,31.86532974243164,1.5305328369140625
0,0,0,0,48.528438568115234,31.865188598632812,1.5215530395507812
0,0,0,0,48.52804946899414,31.865034103393555,1.5096435546875
0,0,0,0,48.52782440185547,31.864824295043945,1.5007553100585938
0,0,0,0,48.52751541137695,31.86463165283203,1.49188232421875
0,0,0,0,48.52719497680664,31.864259719848633,1.480072021484375
0,0,0,0,48.52688980102539,31.864051818847656,1.471221923828125
0,0,0,0,48.52668380737305,31.86374855041504,1.4623794555664062
0,0,0,0,48.52632141113281,31.863393783569336,1.4506454467773438
0,0,0,0,48.52610778808594,31.863037109375,1.4419174194335938
0,0,0,0,48.52585983276367,31.862716674804688,1.43328857421875
0,0,0,0,48.52558898925781,31.86220359802246,1.421875
0,0,0,0,48.525394439697266,31.86188316345215,1.4133529663085938
0,0,0,0,48.525211334228516,31.861543655395508,1.40484619140625
0,0,0,0,48.524967193603516,31.8612003326416,1.3935775756835938
0,0,0,0,48.52473449707031,31.860960006713867,1.3851852416992188
0,0,0,0,48.524574279785156,31.860736846923828,1.3768310546875
0,0,0,0,48.5243034362793,31.86053466796875,1.3657379150390625
0,0,0,0,48.5241584777832,31.86039161682129,1.3574676513671875
0,0,0,0,48.52389907836914,31.86033821105957,1.34918212890625
0,0,0,0,48.523624420166016,31.860227584838867,1.338165283203125
0,0,0,0,48.523353576660156,31.86021614074707,1.3299179077148438
0,0,0,0,48.523197174072266,31.86013412475586,1.3216629028320312
0,0,0,0,48.52291488647461,31.860092163085938,1.3106155395507812
0,0,0,0,48.52267837524414,31.86001968383789,1.2995529174804688
0,0,0,0,48.52256393432617,31.860036849975586,1.29400634765625
0,0,0,0,48.52241516113281,31.85995864868164,1.2828826904296875
0,0,0,0,48.522335052490234,31.859989166259766,1.2744674682617188
0,0,0,0,48.52224349975586,31.859970092773438,1.2660446166992188
0,0,0,0,48.52212142944336,31.86001968383789,1.2548141479492188
0,0,0,0,48.522029876708984,31.86005401611328,1.2435684204101562
0,0,0,0,48.522056579589844,31.860069274902344,1.2379150390625
0,0,0,0,48.52201843261719,31.860118865966797,1.2265243530273438
0,0,0,0,48.522037506103516,31.860124588012695,1.217926025390625
0,0,0,0,48.521995544433594,31.86014175415039,1.2092666625976562
0,0,0,0,48.5220832824707,31.86008644104004,1.1976394653320312
0,0,0,0,48.52207565307617,31.860103607177734,1.1888504028320312
0,0,0,0,48.52215576171875,31.860063552856445,1.1799850463867188
0,0,0,0,48.522125244140625,31.86006736755371,1.1680679321289062
0,0,0,0,48.522159576416016,31.859968185424805,1.1590805053710938
0,0,0,0,48.5221061706543,31.859922409057617,1.150054931640625
0,0,0,0,48.522098541259766,31.859750747680664,1.1380233764648438
0,0,0,0,48.52208709716797,31.85970115661621,1.1290206909179688
0,0,0,0,48.52211380004883,31.859569549560547,1.1200485229492188
0,0,0,0,48.5220947265625,31.859460830688477,1.108154296875
0,0,0,0,48.5220832824707,31.85934066772461,1.0992813110351562
0,0,0,0,48.52205276489258,31.859254837036133,1.0904312133789062
0,0,0,0,48.521968841552734,31.859153747558594,1.078643798828125
0,0,0,0,48.52192687988281,31.859085083007812,1.0697860717773438
0,0,0,0,48.521820068359375,31.8590087890625,1.0608901977539062
0,0,0,0,48.52165222167969,31.85887336730957,1.0489349365234375
0,0,0,0,48.52138137817383,31.858793258666992,1.0399398803710938
0,0,0,0,48.52114486694336,31.85865592956543,1.0308837890625
0,0,0,0,48.520668029785156,31.8585147857666,1.0186996459960938
0,0,0,0,48.520381927490234,31.85832977294922,1.009490966796875
0,0,0,0,48.519981384277344,31.85822868347168,1.000213623046875
0,0,0,0,48.519508361816406,31.85797691345215,0.9877471923828125
0,0,0,0,48.519100189208984,31.857868194580078,0.9783172607421875
0,0,0,0,48.51876449584961,31.857715606689453,0.9688491821289062
0,0,0,0,48.51820373535156,31.857641220092773,0.9561767578125
0,0,0,0,48.51776123046875,31.85753631591797,0.9466552734375
0,0,0,0,48.517295837402344,31.857576370239258,0.9371490478515625
0,0,0,0,48.516639709472656,31.857677459716797,0.9244613647460938
0,0,0,0,48.516178131103516,31.85780906677246,0.9149703979492188
0,0,0,0,48.51569747924805,31.857995986938477,0.905487060546875
0,0,0,0,48.515140533447266,31.858366012573242,0.8928604125976562
0,0,0,0,48.514644622802734,31.85875129699707,0.883392333984375
0,0,0,0,48.51423263549805,31.859148025512695,0.8739547729492188
0,0,0,0,48.513607025146484,31.859798431396484,0.8613967895507812
0,0,0,0,48.51322937011719,31.860280990600586,0.8519973754882812
0,0,0,0,48.512786865234375,31.860849380493164,0.842559814453125
0,0,0,0,48.51232147216797,31.861528396606445,0.829925537109375
0,0,0,0,48.51193618774414,31.86214256286621,0.8204345703125
0,0,0,0,48.51166534423828,31.862682342529297,0.8109359741210938
0,0,0,0,48.51128005981445,31.863525390625,0.7982940673828125
0,0,0,0,48.51106643676758,31.864124298095703,0.7887954711914062
0,0,0,0,48.51083755493164,31.864824295043945,0.7793045043945312
0,0,0,0,48.51063919067383,31.86566162109375,0.7667160034179688
0,0,0,0,48.510475158691406,31.86654281616211,0.7542266845703125
0,0,0,0,48.51035690307617,31.866979598999023,0.7480316162109375
0,0,0,0,48.510189056396484,31.86785316467285,0.7357177734375
0,0,0,0,48.51003646850586,31.868488311767578,0.726531982421875
0,0,0,0,48.50996780395508,31.86911964416504,0.7173690795898438
0,0,0,0,48.5097541809082,31.87018394470215,0.7022018432617188
0,0,0,0,48.509708404541016,31.87059211730957,0.6961746215820312
0,0,0,0,48.50956726074219,31.871292114257812,0.6871337890625
0,0,0,0,48.509464263916016,31.872133255004883,0.6750869750976562
0,0,0,0,48.509307861328125,31.87285614013672,0.6660308837890625
0,0,0,0,48.50925064086914,31.873512268066406,0.6569366455078125
0,0,0,0,48.509063720703125,31.87449073791504,0.6447677612304688
0,0,0,0,48.508975982666016,31.875102996826172,0.6356353759765625
0,0,0,0,48.508827209472656,31.875762939453125,0.62646484375
0,0,0,0,48.50872802734375,31.876514434814453,0.6141815185546875
0,0,0,0,48.50863265991211,31.87710189819336,0.6049346923828125
0,0,0,0,48.50856399536133,31.87757682800293,0.5956497192382812
0,0,0,0,48.50848388671875,31.87822151184082,0.5832977294921875
0,0,0,0,48.50844192504883,31.87864112854004,0.5740280151367188
0,0,0,0,48.50843048095703,31.879039764404297,0.5647811889648438
0,0,0,0,48.50836944580078,31.879480361938477,0.5525054931640625
0,0,0,0,48.50840377807617,31.879762649536133,0.5433502197265625
0,0,0,0,48.508399963378906,31.880043029785156,0.53424072265625
0,0,0,0,48.508544921875,31.880338668823242,0.5221328735351562
0,0,0,0,48.508663177490234,31.880578994750977,0.5130615234375
0,0,0,0,48.5088996887207,31.880704879760742,0.5040206909179688
0,0,0,0,48.5091438293457,31.880891799926758,0.4920196533203125
0,0,0,0,48.50942611694336,31.88093376159668,0.48305511474609375
0,0,0,0,48.50969314575195,31.881057739257812,0.47412872314453125
0,0,0,0,48.510250091552734,31.881101608276367,0.46233367919921875
0,0,0,0,48.510650634765625,31.881179809570312,0.45360565185546875
0,0,0,0,48.511104583740234,31.88117790222168,0.44493865966796875
0,0,0,0,48.511695861816406,31.881254196166992,0.43346405029296875
0,0,0,0,48.51213836669922,31.88127326965332,0.42493438720703125
0,0,0,0,48.512603759765625,31.881351470947266,0.41643524169921875
0,0,0,0,48.5131721496582,31.88144302368164,0.40506744384765625
0,0,0,0,48.51363754272461,31.88153839111328,0.39647674560546875
0,0,0,0,48.514034271240234,31.88164710998535,0.3878631591796875
0,0,0,0,48.514652252197266,31.881834030151367,0.3762664794921875
0,0,0,0,48.51503372192383,31.882081985473633,0.36749267578125
0,0,0,0,48.51548385620117,31.882314682006836,0.35868072509765625
0,0,0,0,48.51597213745117,31.882726669311523,0.3468017578125
0,0,0,0,48.51637649536133,31.882966995239258,0.3378143310546875
0,0,0,0,48.516658782958984,31.883304595947266,0.328765869140625
0,0,0,0,48.517059326171875,31.883651733398438,0.31658935546875
0,0,0,0,48.51726150512695,31.884004592895508,0.30739593505859375
0,0,0,0,48.51750564575195,31.88429069519043,0.29816436767578125
0,0,0,0,48.51773452758789,31.884775161743164,0.2857513427734375
0,0,0,0,48.51790237426758,31.88507652282715,0.2764129638671875
0,0,0,0,48.518009185791016,31.885446548461914,0.267059326171875
0,0,0,0,48.51811218261719,31.885875701904297,0.25460052490234375
0,0,0,0,48.51817321777344,31.8862361907959,0.24530792236328125
0,0,0,0,48.518150329589844,31.886621475219727,0.236053466796875
0,0,0,0,48.51807403564453,31.887184143066406,0.22379302978515625
0,0,0,0,48.51793670654297,31.88759422302246,0.2146759033203125
0,0,0,0,48.51783752441406,31.88794708251953,0.20560455322265625
0,0,0,0,48.517608642578125,31.888452529907227,0.19355010986328125
0,0,0,0,48.51750946044922,31.888748168945312,0.18459320068359375
0,0,0,0,48.517330169677734,31.88909149169922,0.1757049560546875
0,0,0,0,48.517208099365234,31.889394760131836,0.1639404296875
0,0,0,0,48.51701354980469,31.88963508605957,0.1551971435546875
0,0,0,0,48.51690673828125,31.88974952697754,0.1464691162109375
0,0,0,0,48.51670455932617,31.889942169189453,0.1348419189453125
0,0,0,0,48.51659393310547,31.889982223510742,0.1261138916015625
0,0,0,0,48.51643753051758,31.890077590942383,0.11737823486328125
0,0,0,0,48.516300201416016,31.890043258666992,0.1056976318359375
0,0,0,0,48.51619338989258,31.889997482299805,0.09688568115234375
0,0,0,0,48.5161018371582,31.88982391357422,0.08805084228515625
0,0,0,0,48.51597213745117,31.889490127563477,0.0763092041015625
0,0,0,0,48.51586151123047,31.88915252685547,0.06751251220703125
0,0,0,0,48.51583480834961,31.888761520385742,0.0587005615234375
0,0,0,0,48.5157470703125,31.888193130493164,0.04688262939453125
0,0,0,0,48.51577377319336,31.887479782104492,0.0350494384765625
0,0,0,0,48.515750885009766,31.887163162231445,0.02912139892578125
0,0,0,0,48.515830993652344,31.88643455505371,0.01726531982421875
0,0,0,0,48.515838623046875,31.885967254638672,0.00836944580078125
0,0,0,0,48.515953063964844,31.885393142700195,-0.00054931640625
0,0,0,0,48.51602554321289,31.884756088256836,-0.01242828369140625
0,0,0,0,48.51614761352539,31.884191513061523,-0.02130126953125
0,0,0,0,48.51618957519531,31.88371467590332,-0.03015899658203125
0,0,0,0,48.51629638671875,31.882946014404297,-0.0419921875
0,0,0,0,48.51630783081055,31.882381439208984,-0.05063629150390625
0,0,0,0,48.5152473449707,31.881248474121094,-0.05529022216796875
0,0,0,0,48.51369857788086,31.880176544189453,-0.05701446533203125
0,0,0,0,48.51271438598633,31.879886627197266,-0.055999755859375
0,0,0,0,48.511566162109375,31.879701614379883,-0.0547637939453125
0,0,0,0,48.509700775146484,31.879289627075195,-0.05301666259765625
0,0,0,0,48.50810623168945,31.8787784576416,-0.05194091796875
0,0,0,0,48.50578689575195,31.87824249267578,-0.05164337158203125
0,0,0,0,48.504512786865234,31.878005981445312,-0.05229949951171875
0,0,0,0,48.50343704223633,31.8778018951416,-0.053192138671875
0,0,0,0,48.501853942871094,31.87739372253418,-0.05438995361328125
0,0,0,0,48.50087356567383,31.8770751953125,-0.05469512939453125
0,0,0,0,48.50022888183594,31.876863479614258,-0.05442047119140625
0,0,0,0,48.49944305419922,31.876739501953125,-0.05394744873046875
0,0,0,0,48.4989013671875,31.87668228149414,-0.05350494384765625
0,0,0,0,48.49837112426758,31.87664222717285,-0.05304718017578125
0,0,0,0,48.49772262573242,31.876602172851562,-0.052398681640625
0,0,0,0,48.49729919433594,31.876535415649414,-0.05187225341796875
0,0,0,0,48.49679183959961,31.876434326171875,-0.05112457275390625
0,0,0,0,48.4964485168457,31.876319885253906,-0.050567626953125
0,0,0,0,48.49613571166992,31.876230239868164,-0.05001068115234375
0,0,0,0,48.4958381652832,31.876094818115234,-0.049468994140625
0,0,0,0,48.49549102783203,31.875972747802734,-0.048736572265625
0,0,0,0,48.4952507019043,31.875883102416992,-0.04816436767578125
0,0,0,0,48.49505615234375,31.875823974609375,-0.04758453369140625
0,0,0,0,48.49480056762695,31.87571907043457,-0.04680633544921875
0,0,0,0,48.494625091552734,31.87566566467285,-0.04622650146484375
0,0,0,0,48.49445724487305,31.8756046295166,-0.045623779296875
0,0,0,0,48.49427795410156,31.87551498413086,-0.0447998046875
0,0,0,0,48.49415969848633,31.87546730041504,-0.044097900390625
0,0,0,0,48.494083404541016,31.875431060791016,-0.04338836669921875
0,0,0,0,48.4940185546875,31.875429153442383,-0.0424041748046875
0,0,0,0,48.49397277832031,31.875415802001953,-0.0417022705078125
0,0,0,0,48.49398422241211,31.875417709350586,-0.041015625
0,0,0,0,48.494102478027344,31.875425338745117,-0.04016876220703125
0,0,0,0,48.494232177734375,31.87542724609375,-0.03955078125
0,0,0,0,48.494422912597656,31.87539291381836,-0.0389556884765625
0,0,0,0,48.4947395324707,31.87535285949707,-0.038177490234375
0,0,0,0,48.495018005371094,31.875307083129883,-0.03763580322265625
0,0,0,0,48.49534225463867,31.875272750854492,-0.03713226318359375
0,0,0,0,48.495784759521484,31.875221252441406,-0.0365142822265625
0,0,0,0,48.49614334106445,31.875185012817383,-0.03607940673828125
0,0,0,0,48.49648666381836,31.87516212463379,-0.03563690185546875
0,0,0,0,48.49699401855469,31.875112533569336,-0.035003662109375
0,0,0,0,48.49739074707031,31.87508773803711,-0.03446197509765625
0,0,0,0,48.497798919677734,31.875032424926758,-0.03389739990234375
0,0,0,0,48.498321533203125,31.87494659423828,-0.0330963134765625
0,0,0,0,48.49871063232422,31.87483787536621,-0.03252410888671875
0,0,0,0,48.499061584472656,31.874723434448242,-0.03195953369140625
0,0,0,0,48.499515533447266,31.874479293823242,-0.031280517578125
0,0,0,0,48.49980163574219,31.874269485473633,-0.0308074951171875
0,0,0,0,48.50004959106445,31.87401008605957,-0.0303802490234375
0,0,0,0,48.500328063964844,31.873674392700195,-0.02982330322265625
0,0,0,0,48.50053787231445,31.873395919799805,-0.02945709228515625
0,0,0,0,48.500770568847656,31.873125076293945,-0.02912139892578125
0,0,0,0,48.50112533569336,31.87272834777832,-0.02869415283203125
0,0,0,0,48.50140380859375,31.87246322631836,-0.0284576416015625
0,0,0,0,48.501670837402344,31.872180938720703,-0.02826690673828125
0,0,0,0,48.502010345458984,31.871829986572266,-0.028106689453125
0,0,0,0,48.502254486083984,31.87158203125,-0.02801513671875
0,0,0,0,48.502506256103516,31.871335983276367,-0.02796173095703125
0,0,0,0,48.502872467041016,31.87101173400879,-0.0279693603515625
0,0,0,0,48.50299835205078,31.87090301513672,-0.02802276611328125
0,0,0,0,48.50315856933594,31.87078857421875,-0.02812957763671875
0,0,0,0,48.50333786010742,31.87065315246582,-0.02838897705078125
0,0,0,0,48.50344467163086,31.870595932006836,-0.02862548828125
0,0,0,0,48.503517150878906,31.870534896850586,-0.028900146484375
0,0,0,0,48.5035400390625,31.870542526245117,-0.0293121337890625
0,0,0,0,48.5035400390625,31.870548248291016,-0.02965545654296875
0,0,0,0,48.50352478027344,31.870628356933594,-0.0299835205078125
0,0,0,0,48.50342559814453,31.87077522277832,-0.030426025390625
0,0,0,0,48.50325393676758,31.87093734741211,-0.0307769775390625
0,0,0,0,48.50302505493164,31.871068954467773,-0.03112030029296875
0,0,0,0,48.50263977050781,31.871257781982422,-0.03157806396484375
0,0,0,0,48.502281188964844,31.871383666992188,-0.03189849853515625
0,0,0,0,48.50189208984375,31.871530532836914,-0.03221893310546875
0,0,0,0,48.5013313293457,31.871719360351562,-0.03260040283203125
0,0,0,0,48.50094223022461,31.871829986572266,-0.03287506103515625
0,0,0,0,48.50053787231445,31.871929168701172,-0.0331268310546875
0,0,0,0,48.500003814697266,31.87198829650879,-0.03345489501953125
0,0,0,0,48.4996452331543,31.872055053710938,-0.0336151123046875
0,0,0,0,48.49934005737305,31.872081756591797,-0.03374481201171875
0,0,0,0,48.49898910522461,31.872089385986328,-0.03387451171875
0,0,0,0,48.49876022338867,31.872087478637695,-0.03392791748046875
0,0,0,0,48.498558044433594,31.872142791748047,-0.0339508056640625
0,0,0,0,48.49833679199219,31.87223243713379,-0.03395843505859375
0,0,0,0,48.49819564819336,31.872295379638672,-0.033935546875
0,0,0,0,48.49806213378906,31.872316360473633,-0.03385162353515625
0,0,0,0,48.497886657714844,31.872390747070312,-0.03369140625
0,0,0,0,48.49773406982422,31.872461318969727,-0.03350067138671875
0,0,0,0,48.497562408447266,31.872568130493164,-0.03328704833984375
0,0,0,0,48.49730682373047,31.872697830200195,-0.032958984375
0,0,0,0,48.497135162353516,31.87276840209961,-0.03270721435546875
0,0,0,0,48.49696350097656,31.87285614013672,-0.03240966796875
0,0,0,0,48.49673843383789,31.873001098632812,-0.031982421875
0,0,0,0,48.496551513671875,31.873153686523438,-0.0316619873046875
0,0,0,0,48.49639892578125,31.873289108276367,-0.03134918212890625
0,0,0,0,48.49619674682617,31.873491287231445,-0.03094482421875
0,0,0,0,48.496055603027344,31.873626708984375,-0.03066253662109375
0,0,0,0,48.495906829833984,31.87378692626953,-0.0303802490234375
0,0,0,0,48.49574279785156,31.873950958251953,-0.030059814453125
0,0,0,0,48.49565124511719,31.874086380004883,-0.02986907958984375
0,0,0,0,48.49555206298828,31.874195098876953,-0.0296630859375
0,0,0,0,48.49542999267578,31.874298095703125,-0.0293731689453125
0,0,0,0,48.495384216308594,31.87432098388672,-0.02911376953125
0,0,0,0,48.495357513427734,31.874338150024414,-0.0288238525390625
0,0,0,0,48.49533462524414,31.874277114868164,-0.02832794189453125
0,0,0,0,48.495361328125,31.87424087524414,-0.027923583984375
0,0,0,0,48.49543762207031,31.874183654785156,-0.0274505615234375
0,0,0,0,48.49558639526367,31.87411880493164,-0.02679443359375
0,0,0,0,48.495731353759766,31.87405014038086,-0.02630615234375
0,0,0,0,48.495906829833984,31.87392234802246,-0.02587127685546875
0,0,0,0,48.496097564697266,31.873701095581055,-0.0253143310546875
0,0,0,0,48.49624252319336,31.87348175048828,-0.02490997314453125
0,0,0,0,48.49638366699219,31.873266220092773,-0.0245361328125
0,0,0,0,48.49662780761719,31.87289047241211,-0.02413177490234375
0,0,0,0,48.49684143066406,31.87259864807129,-0.02384185791015625
0,0,0,0,48.49705505371094,31.872285842895508,-0.02355194091796875
0,0,0,0,48.49734878540039,31.871906280517578,-0.0231475830078125
0,0,0,0,48.49755859375,31.87159538269043,-0.0228271484375
0,0,0,0,48.49774932861328,31.87131690979004,-0.02252960205078125
0,0,0,0,48.497920989990234,31.870927810668945,-0.022186279296875
0,0,0,0,48.49803161621094,31.870656967163086,-0.02193450927734375
0,0,0,0,48.49809265136719,31.870397567749023,-0.02169036865234375
0,0,0,0,48.49811935424805,31.87010955810547,-0.021392822265625
0,0,0,0,48.49811553955078,31.869922637939453,-0.02117919921875
0,0,0,0,48.49810028076172,31.869768142700195,-0.02100372314453125
0,0,0,0,48.498046875,31.869646072387695,-0.020782470703125
0,0,0,0,48.497962951660156,31.869600296020508,-0.02065277099609375
0,0,0,0,48.49785232543945,31.869598388671875,-0.02050018310546875
0,0,0,0,48.49767303466797,31.869590759277344,-0.020294189453125
0,0,0,0,48.497501373291016,31.86958885192871,-0.020111083984375
0,0,0,0,48.49734115600586,31.869556427001953,-0.0199127197265625
0,0,0,0,48.49715805053711,31.86954116821289,-0.01959228515625
0,0,0,0,48.497047424316406,31.86948013305664,-0.0193328857421875
0,0,0,0,48.496986389160156,31.869426727294922,-0.01905059814453125
0,0,0,0,48.497005462646484,31.869211196899414,-0.01868438720703125
0,0,0,0,48.49711227416992,31.86899185180664,-0.01836395263671875
0,0,0,0,48.49727249145508,31.868732452392578,-0.01801300048828125
0,0,0,0,48.49758529663086,31.868328094482422,-0.01752471923828125
0,0,0,0,48.497840881347656,31.867952346801758,-0.01714324951171875
0,0,0,0,48.498165130615234,31.86752700805664,-0.0167388916015625
0,0,0,0,48.498634338378906,31.866893768310547,-0.01611328125
0,0,0,0,48.498931884765625,31.866439819335938,-0.01569366455078125
0,0,0,0,48.499176025390625,31.866050720214844,-0.01525115966796875
0,0,0,0,48.499427795410156,31.8656005859375,-0.01470947265625
0,0,0,0,48.499568939208984,31.86532974243164,-0.0143280029296875
0,0,0,0,48.49971008300781,31.86509132385254,-0.01399993896484375
0,0,0,0,48.499847412109375,31.864864349365234,-0.01360321044921875
0,0,0,0,48.49992752075195,31.86477279663086,-0.013397216796875
0,0,0,0,48.49993896484375,31.864797592163086,-0.01324462890625
0,0,0,0,48.49989318847656,31.864892959594727,-0.01324462890625
0,0,0,0,48.49976348876953,31.865087509155273,-0.0134124755859375
0,0,0,0,48.499542236328125,31.865379333496094,-0.0136566162109375
0,0,0,0,48.49901580810547,31.86602210998535,-0.01416778564453125
0,0,0,0,48.49848556518555,31.866680145263672,-0.01467132568359375
0,0,0,0,48.49785614013672,31.867462158203125,-0.01526641845703125
0,0,0,0,48.4969367980957,31.868661880493164,-0.016204833984375
0,0,0,0,48.49677658081055,31.86918067932129,-0.01659393310546875
0,0,0,0,48.496795654296875,31.869556427001953,-0.01690673828125
0,0,0,0,48.496910095214844,31.8699951171875,-0.0173492431640625
0,0,0,0,48.49702835083008,31.87030792236328,-0.01764678955078125
0,0,0,0,48.49721145629883,31.870548248291016,-0.01789093017578125
0,0,0,0,48.49752426147461,31.87078857421875,-0.01816558837890625
0,0,0,0,48.49789810180664,31.8708438873291,-0.018341064453125
0,0,0,0,48.49829864501953,31.870853424072266,-0.01849365234375
0,0,0,0,48.498924255371094,31.870765686035156,-0.01868438720703125
0,0,0,0,48.499427795410156,31.87067413330078,-0.018829345703125
0,0,0,0,48.499977111816406,31.870500564575195,-0.018951416015625
0,0,0,0,48.50070571899414,31.870250701904297,-0.01908111572265625
0,0,0,0,48.501251220703125,31.87005615234375,-0.01915740966796875
0,0,0,0,48.50175857543945,31.869871139526367,-0.01926422119140625
0,0,0,0,48.50244140625,31.869598388671875,-0.01932525634765625
0,0,0,0,48.50291442871094,31.869373321533203,-0.01929473876953125
0,0,0,0,48.50334930419922,31.869157791137695,-0.01921844482421875
0,0,0,0,48.50386428833008,31.868854522705078,-0.019073486328125
0,0,0,0,48.504207611083984,31.86867332458496,-0.01892852783203125
0,0,0,0,48.50457000732422,31.868492126464844,-0.01880645751953125
0,0,0,0,48.505008697509766,31.868263244628906,-0.01866912841796875
0,0,0,0,48.50535202026367,31.86805534362793,-0.01860809326171875
0,0,0,0,48.50564956665039,31.867860794067383,-0.01860809326171875
0,0,0,0,48.50608825683594,31.867549896240234,-0.018707275390625
0,0,0,0,48.50641632080078,31.867332458496094,-0.018798828125
0,0,0,0,48.50676345825195,31.8670654296875,-0.01888275146484375
0,0,0,0,48.507144927978516,31.866697311401367,-0.01900482177734375
0,0,0,0,48.50741195678711,31.866357803344727,-0.01912689208984375
0,0,0,0,48.507633209228516,31.866012573242188,-0.01924896240234375
0,0,0,0,48.50788879394531,31.865556716918945,-0.01940155029296875
0,0,0,0,48.5080451965332,31.865224838256836,-0.01950836181640625
0,0,0,0,48.5081901550293,31.864877700805664,-0.01963043212890625
0,0,0,0,48.50835037231445,31.86441993713379,-0.0198516845703125
0,0,0,0,48.5084228515625,31.864091873168945,-0.02005767822265625
0,0,0,0,48.50848388671875,31.863754272460938,-0.0202789306640625
0,0,0,0,48.508514404296875,31.863357543945312,-0.02069091796875
0,0,0,0,48.50853729248047,31.863067626953125,-0.02100372314453125
0,0,0,0,48.50850296020508,31.86283302307129,-0.02132415771484375
0,0,0,0,48.50843048095703,31.862483978271484,-0.0218353271484375
0,0,0,0,48.50836181640625,31.862361907958984,-0.02202606201171875
0,0,0,0,48.508262634277344,31.862144470214844,-0.02227020263671875
0,0,0,0,48.508087158203125,31.861867904663086,-0.02254486083984375
0,0,0,0,48.50794982910156,31.861631393432617,-0.022735595703125
0,0,0,0,48.507774353027344,31.86141014099121,-0.02294158935546875
0,0,0,0,48.507568359375,31.86106300354004,-0.02321624755859375
0,0,0,0,48.50740051269531,31.860811233520508,-0.02341461181640625
0,0,0,0,48.50724792480469,31.86053466796875,-0.023590087890625
0,0,0,0,48.50700759887695,31.860170364379883,-0.0238189697265625
0,0,0,0,48.50682067871094,31.8598575592041,-0.02400970458984375
0,0,0,0,48.506622314453125,31.859548568725586,-0.02417755126953125
0,0,0,0,48.50636291503906,31.859119415283203,-0.02437591552734375
0,0,0,0,48.50615310668945,31.858768463134766,-0.024505615234375
0,0,0,0,48.50594711303711,31.858423233032227,-0.02460479736328125
0,0,0,0,48.50570297241211,31.85798454284668,-0.0247344970703125
0,0,0,0,48.50552749633789,31.85767364501953,-0.02484130859375
0,0,0,0,48.5053596496582,31.85738754272461,-0.02497100830078125
0,0,0,0,48.5051155090332,31.8570556640625,-0.0251922607421875
0,0,0,0,48.50492477416992,31.856828689575195,-0.02535247802734375
0,0,0,0,48.50469970703125,31.856639862060547,-0.0255126953125
0,0,0,0,48.50434494018555,31.856464385986328,-0.02567291259765625
0,0,0,0,48.50408935546875,31.85639762878418,-0.02571868896484375
0,0,0,0,48.50381088256836,31.85639190673828,-0.02574920654296875
0,0,0,0,48.503414154052734,31.856416702270508,-0.02573394775390625
0,0,0,0,48.50309371948242,31.8564510345459,-0.0256805419921875
0,0,0,0,48.50265884399414,31.856504440307617,-0.025543212890625
0,0,0,0,48.5023307800293,31.856536865234375,-0.02541351318359375
0,0,0,0,48.50204086303711,31.856595993041992,-0.02526092529296875
0,0,0,0,48.50178146362305,31.856670379638672,-0.025115966796875
0,0,0,0,48.501461029052734,31.856849670410156,-0.02490234375
0,0,0,0,48.50120162963867,31.856977462768555,-0.0247650146484375
0,0,0,0,48.50098419189453,31.857112884521484,-0.024627685546875
0,0,0,0,48.5007209777832,31.857364654541016,-0.02442169189453125
0,0,0,0,48.50054168701172,31.85757827758789,-0.0242462158203125
0,0,0,0,48.500328063964844,31.857837677001953,-0.02404022216796875
0,0,0,0,48.50000762939453,31.858251571655273,-0.0237274169921875
0,0,0,0,48.49976348876953,31.858570098876953,-0.02352142333984375
0,0,0,0,48.49949645996094,31.858882904052734,-0.02335357666015625
0,0,0,0,48.499141693115234,31.85929298400879,-0.02310943603515625
0,0,0,0,48.49888229370117,31.859588623046875,-0.022918701171875
0,0,0,0,48.49860382080078,31.859886169433594,-0.022735595703125
0,0,0,0,48.49819564819336,31.86032485961914,-0.0225067138671875
0,0,0,0,48.497901916503906,31.860679626464844,-0.0223388671875
0,0,0,0,48.497615814208984,31.861045837402344,-0.02220916748046875
0,0,0,0,48.497230529785156,31.861536026000977,-0.0220947265625
0,0,0,0,48.49693298339844,31.861894607543945,-0.0220184326171875
0,0,0,0,48.49663543701172,31.862274169921875,-0.02196502685546875
0,0,0,0,48.49626541137695,31.8627872467041,-0.02193450927734375
0,0,0,0,48.49599838256836,31.8631534576416,-0.02190399169921875
0,0,0,0,48.49577713012695,31.863523483276367,-0.0218505859375
0,0,0,0,48.495506286621094,31.86402130126953,-0.02175140380859375
0,0,0,0,48.49530792236328,31.864408493041992,-0.02170562744140625
0,0,0,0,48.495018005371094,31.864948272705078,-0.021636962890625
0,0,0,0,48.494781494140625,31.86536407470703,-0.02156829833984375
0,0,0,0,48.494544982910156,31.86577606201172,-0.0214691162109375
0,0,0,0,48.49424743652344,31.866321563720703,-0.0212860107421875
0,0,0,0,48.49401092529297,31.866756439208984,-0.0211334228515625
0,0,0,0,48.493743896484375,31.867191314697266,-0.02098846435546875
0,0,0,0,48.49345779418945,31.867639541625977,-0.02082061767578125
0,0,0,0,48.4930534362793,31.868244171142578,-0.02054595947265625
0,0,0,0,48.49274444580078,31.86869239807129,-0.02032470703125
0,0,0,0,48.49245071411133,31.869136810302734,-0.02008819580078125
0,0,0,0,48.49208450317383,31.869693756103516,-0.01979827880859375
0,0,0,0,48.491825103759766,31.87010383605957,-0.01959991455078125
0,0,0,0,48.49156188964844,31.87050437927246,-0.01937103271484375
0,0,0,0,48.49125289916992,31.8709659576416,-0.019012451171875
0,0,0,0,48.49103927612305,31.871246337890625,-0.01873016357421875
0,0,0,0,48.49085998535156,31.871501922607422,-0.018463134765625
0,0,0,0,48.490657806396484,31.87180519104004,-0.01807403564453125
0,0,0,0,48.49053955078125,31.871978759765625,-0.01779937744140625
0,0,0,0,48.490447998046875,31.872106552124023,-0.017578125
0,0,0,0,48.49034881591797,31.87221336364746,-0.01737213134765625
0,0,0,0,48.49032974243164,31.87225341796875,-0.01725006103515625
0,0,0,0,48.490333557128906,31.872276306152344,-0.01715087890625
0,0,0,0,48.490333557128906,31.872262954711914,-0.01703643798828125
0,0,0,0,48.49032211303711,31.872241973876953,-0.01697540283203125
0,0,0,0,48.490325927734375,31.87217140197754,-0.01691436767578125
0,0,0,0,48.49034881591797,31.872074127197266,-0.0168304443359375
0,0,0,0,48.49036407470703,31.872013092041016,-0.0167694091796875
0,0,0,0,48.490394592285156,31.871965408325195,-0.0167236328125
0,0,0,0,48.49047088623047,31.87188720703125,-0.01663970947265625
0,0,0,0,48.49054718017578,31.87181854248047,-0.01657867431640625
0,0,0,0,48.490638732910156,31.871723175048828,-0.01654052734375
0,0,0,0,48.490814208984375,31.871593475341797,-0.01650238037109375
0,0,0,0,48.49099349975586,31.871498107910156,-0.01648712158203125
0,0,0,0,48.491188049316406,31.871395111083984,-0.016448974609375
0,0,0,0,48.491458892822266,31.871219635009766,-0.0164031982421875
0,0,0,0,48.49167251586914,31.87106704711914,-0.016357421875
0,0,0,0,48.491878509521484,31.870922088623047,-0.016326904296875
0,0,0,0,48.4921760559082,31.870752334594727,-0.01631927490234375
0,0,0,0,48.492393493652344,31.8705997467041,-0.016357421875
0,0,0,0,48.492591857910156,31.870431900024414,-0.01642608642578125
0,0,0,0,48.492820739746094,31.870216369628906,-0.01656341552734375
0,0,0,0,48.49299240112305,31.87008285522461,-0.01668548583984375
0,0,0,0,48.4931526184082,31.869966506958008,-0.0167999267578125
0,0,0,0,48.493412017822266,31.86980438232422,-0.0169219970703125
0,0,0,0,48.493614196777344,31.869688034057617,-0.01702117919921875
0,0,0,0,48.49382400512695,31.86957359313965,-0.01711273193359375
0,0,0,0,48.49413299560547,31.869386672973633,-0.01720428466796875
0,0,0,0,48.49435806274414,31.869230270385742,-0.01725006103515625
0,0,0,0,48.49456024169922,31.869047164916992,-0.0172576904296875
0,0,0,0,48.49475860595703,31.868759155273438,-0.017242431640625
0,0,0,0,48.49485778808594,31.868547439575195,-0.01721954345703125
0,0,0,0,48.49491882324219,31.86835289001465,-0.01720428466796875
0,0,0,0,48.4949951171875,31.86811065673828,-0.01718902587890625
0,0,0,0,48.49502944946289,31.867982864379883,-0.01718902587890625
0,0,0,0,48.4950065612793,31.867897033691406,-0.01721954345703125
0,0,0,0,48.494956970214844,31.86787223815918,-0.01723480224609375
0,0,0,0,48.494903564453125,31.867870330810547,-0.01723480224609375
0,0,0,0,48.494834899902344,31.867868423461914,-0.01723480224609375
0,0,0,0,48.49468994140625,31.867855072021484,-0.0172576904296875
0,0,0,0,48.4945182800293,31.867830276489258,-0.01731109619140625
0,0,0,0,48.49433135986328,31.867782592773438,-0.01737213134765625
0,0,0,0,48.49408721923828,31.86766815185547,-0.0174407958984375
0,0,0,0,48.493900299072266,31.867586135864258,-0.01751708984375
0,0,0,0,48.49372100830078,31.867477416992188,-0.01763916015625
0,0,0,0,48.49351119995117,31.867273330688477,-0.01784515380859375
0,0,0,0,48.49336242675781,31.867103576660156,-0.0180511474609375
0,0,0,0,48.49321365356445,31.86695671081543,-0.01828765869140625
0,0,0,0,48.49300765991211,31.866802215576172,-0.0186004638671875
0,0,0,0,48.49286651611328,31.866701126098633,-0.0188140869140625
0,0,0,0,48.49277877807617,31.86658477783203,-0.01900482177734375
0,0,0,0,48.492713928222656,31.866437911987305,-0.019256591796875
0,0,0,0,48.492698669433594,31.866323471069336,-0.0194549560546875
0,0,0,0,48.492706298828125,31.86620330810547,-0.0196533203125
0,0,0,0,48.49272537231445,31.86604118347168,-0.019927978515625
0,0,0,0,48.492759704589844,31.865928649902344,-0.02010345458984375
0,0,0,0,48.49281692504883,31.865795135498047,-0.020263671875
0,0,0,0,48.49293899536133,31.865583419799805,-0.02045440673828125
0,0,0,0,48.493072509765625,31.865415573120117,-0.0205535888671875
0,0,0,0,48.49324035644531,31.865257263183594,-0.020660400390625
0,0,0,0,48.49346923828125,31.86507797241211,-0.02075958251953125
0,0,0,0,48.49365234375,31.864971160888672,-0.02081298828125
0,0,0,0,48.49385452270508,31.864856719970703,-0.02082061767578125
0,0,0,0,48.494163513183594,31.86469078063965,-0.02075958251953125
0,0,0,0,48.49441146850586,31.864585876464844,-0.02068328857421875
0,0,0,0,48.49473571777344,31.864482879638672,-0.02054595947265625
0,0,0,0,48.49497604370117,31.864408493041992,-0.02037811279296875
0,0,0,0,48.49522018432617,31.864362716674805,-0.0201416015625
0,0,0,0,48.495460510253906,31.864349365234375,-0.01984405517578125
0,0,0,0,48.49576950073242,31.864351272583008,-0.01941680908203125
0,0,0,0,48.49598693847656,31.86435890197754,-0.019073486328125
0,0,0,0,48.49617385864258,31.8643798828125,-0.0186920166015625
0,0,0,0,48.49636459350586,31.86444091796875,-0.018157958984375
0,0,0,0,48.49652862548828,31.8644962310791,-0.017730712890625
0,0,0,0,48.49666213989258,31.864572525024414,-0.01728057861328125
0,0,0,0,48.49680709838867,31.86475372314453,-0.01663970947265625
0,0,0,0,48.49687194824219,31.864919662475586,-0.01617431640625
0,0,0,0,48.49690628051758,31.865102767944336,-0.01572418212890625
0,0,0,0,48.496978759765625,31.86536979675293,-0.01513671875
0,0,0,0,48.497032165527344,31.8655948638916,-0.01473236083984375
0,0,0,0,48.49707794189453,31.865846633911133,-0.014373779296875
0,0,0,0,48.497161865234375,31.86618995666504,-0.013946533203125
0,0,0,0,48.497215270996094,31.86644172668457,-0.01366424560546875
0,0,0,0,48.49726867675781,31.866689682006836,-0.013427734375
0,0,0,0,48.49736022949219,31.866968154907227,-0.01323699951171875
0,0,0,0,48.497413635253906,31.867176055908203,-0.01317596435546875
0,0,0,0,48.497467041015625,31.867393493652344,-0.01317596435546875
0,0,0,0,48.49751281738281,31.867650985717773,-0.01317596435546875
0,0,0,0,48.497493743896484,31.867813110351562,-0.013214111328125
0,0,0,0,48.49746322631836,31.86793327331543,-0.0132904052734375
0,0,0,0,48.497432708740234,31.868051528930664,-0.01340484619140625
0,0,0,0,48.497432708740234,31.868091583251953,-0.01352691650390625
0,0,0,0,48.49742126464844,31.868118286132812,-0.0136566162109375
0,0,0,0,48.49738311767578,31.8681640625,-0.01389312744140625
0,0,0,0,48.49737548828125,31.86818504333496,-0.01415252685546875
0,0,0,0,48.497398376464844,31.86818504333496,-0.01447296142578125
0,0,0,0,48.4974479675293,31.868175506591797,-0.01493072509765625
0,0,0,0,48.497493743896484,31.868162155151367,-0.01529693603515625
0,0,0,0,48.49755096435547,31.868139266967773,-0.01568603515625
0,0,0,0,48.497642517089844,31.868091583251953,-0.016265869140625
0,0,0,0,48.497745513916016,31.868066787719727,-0.01671600341796875
0,0,0,0,48.49790573120117,31.868051528930664,-0.01715850830078125
0,0,0,0,48.4981575012207,31.86803436279297,-0.0177154541015625
0,0,0,0,48.49833679199219,31.867998123168945,-0.0181121826171875
0,0,0,0,48.49849319458008,31.867935180664062,-0.01853179931640625
0,0,0,0,48.49866485595703,31.86782455444336,-0.01910400390625
0,0,0,0,48.498783111572266,31.867746353149414,-0.01953887939453125
0,0,0,0,48.49886703491211,31.867687225341797,-0.0199737548828125
0,0,0,0,48.498966217041016,31.867618560791016,-0.02056121826171875
0,0,0,0,48.49903106689453,31.86757469177246,-0.020965576171875
0,0,0,0,48.49908447265625,31.867511749267578,-0.02146148681640625
0,0,0,0,48.49907302856445,31.867454528808594,-0.0218048095703125
0,0,0,0,48.499019622802734,31.86739158630371,-0.022125244140625
0,0,0,0,48.49895095825195,31.8673152923584,-0.02243804931640625
0,0,0,0,48.498870849609375,31.867183685302734,-0.022857666015625
0,0,0,0,48.49879837036133,31.86709213256836,-0.02320098876953125
0,0,0,0,48.498695373535156,31.867000579833984,-0.02355194091796875
0,0,0,0,48.49857711791992,31.866893768310547,-0.02400970458984375
0,0,0,0,48.49850845336914,31.866830825805664,-0.02436065673828125
0,0,0,0,48.4984130859375,31.86678695678711,-0.02471923828125
0,0,0,0,48.49824523925781,31.866792678833008,-0.0251922607421875
0,0,0,0,48.49809265136719,31.866830825805664,-0.02552032470703125
0,0,0,0,48.497947692871094,31.86687469482422,-0.0258636474609375
0,0,0,0,48.49777603149414,31.8669376373291,-0.0262908935546875
0,0,0,0,48.49764633178711,31.86697769165039,-0.02657318115234375
0,0,0,0,48.49751281738281,31.867015838623047,-0.026824951171875
0,0,0,0,48.49729919433594,31.867080688476562,-0.02713775634765625
0,0,0,0,48.49715042114258,31.86710548400879,-0.0273284912109375
0,0,0,0,48.49702453613281,31.867130279541016,-0.02748870849609375
0,0,0,0,48.496883392333984,31.867185592651367,-0.02768707275390625
0,0,0,0,48.4968147277832,31.86725616455078,-0.02783203125
0,0,0,0,48.496768951416016,31.867340087890625,-0.027984619140625
0,0,0,0,48.496707916259766,31.86740493774414,-0.02817535400390625
0,0,0,0,48.496665954589844,31.86743927001953,-0.028289794921875
0,0,0,0,48.4965934753418,31.86747932434082,-0.02838897705078125
0,0,0,0,48.4964485168457,31.867570877075195,-0.02851104736328125
0,0,0,0,48.49629592895508,31.867660522460938,-0.028594970703125
0,0,0,0,48.49613571166992,31.86777114868164,-0.02864837646484375
0,0,0,0,48.49591064453125,31.867944717407227,-0.02866363525390625
0,0,0,0,48.49574661254883,31.868070602416992,-0.0286407470703125
0,0,0,0,48.495567321777344,31.868192672729492,-0.02858734130859375
0,0,0,0,48.49526596069336,31.868362426757812,-0.02845001220703125
0,0,0,0,48.495147705078125,31.868408203125,-0.02837371826171875
0,0,0,0,48.49496841430664,31.868459701538086,-0.0282440185546875
0,0,0,0,48.49469757080078,31.868453979492188,-0.028076171875
0,0,0,0,48.49448013305664,31.868406295776367,-0.02793121337890625
0,0,0,0,48.49422836303711,31.868330001831055,-0.02777862548828125
0,0,0,0,48.49380874633789,31.868200302124023,-0.02753448486328125
0,0,0,0,48.493446350097656,31.868114471435547,-0.02735137939453125
0,0,0,0,48.493080139160156,31.868032455444336,-0.02715301513671875
0,0,0,0,48.49259567260742,31.867950439453125,-0.02685546875
0,0,0,0,48.49221420288086,31.86789321899414,-0.02661895751953125
0,0,0,0,48.491695404052734,31.867839813232422,-0.02629852294921875
0,0,0,0,48.49134063720703,31.86780548095703,-0.02605438232421875
0,0,0,0,48.491004943847656,31.86775779724121,-0.02579498291015625
0,0,0,0,48.49070358276367,31.86770248413086,-0.0255279541015625
0,0,0,0,48.49034118652344,31.867626190185547,-0.02515411376953125
0,0,0,0,48.4901237487793,31.86757469177246,-0.02483367919921875
0,0,0,0,48.489925384521484,31.867549896240234,-0.0244903564453125
0,0,0,0,48.48969268798828,31.86751365661621,-0.024017333984375
0,0,0,0,48.48953628540039,31.86749839782715,-0.02362823486328125
0,0,0,0,48.48939895629883,31.867473602294922,-0.023223876953125
0,0,0,0,48.48925018310547,31.867448806762695,-0.02265167236328125
0,0,0,0,48.489173889160156,31.867431640625,-0.02222442626953125
0,0,0,0,48.489051818847656,31.867422103881836,-0.02181243896484375
0,0,0,0,48.488773345947266,31.86739730834961,-0.02126312255859375
0,0,0,0,48.4885139465332,31.86736488342285,-0.020843505859375
0,0,0,0,48.488243103027344,31.867340087890625,-0.02040863037109375
0,0,0,0,48.487876892089844,31.867263793945312,-0.01981353759765625
0,0,0,0,48.48761749267578,31.86720848083496,-0.019378662109375
0,0,0,0,48.48737335205078,31.867185592651367,-0.01894378662109375
0,0,0,0,48.48704528808594,31.86713409423828,-0.0183868408203125
0,0,0,0,48.48676681518555,31.86711883544922,-0.01796722412109375
0,0,0,0,48.48647689819336,31.867130279541016,-0.017547607421875
0,0,0,0,48.4860954284668,31.867176055908203,-0.0169525146484375
0,0,0,0,48.48581314086914,31.867237091064453,-0.016510009765625
0,0,0,0,48.48550796508789,31.867328643798828,-0.016082763671875
0,0,0,0,48.48505783081055,31.867429733276367,-0.01552581787109375
0,0,0,0,48.4847297668457,31.867521286010742,-0.015167236328125
0,0,0,0,48.48443603515625,31.867639541625977,-0.01482391357421875
0,0,0,0,48.484092712402344,31.8677978515625,-0.01441192626953125
0,0,0,0,48.483882904052734,31.867904663085938,-0.01418304443359375
0,0,0,0,48.48370361328125,31.86798858642578,-0.0139923095703125
0,0,0,0,48.48354721069336,31.868114471435547,-0.01380157470703125
0,0,0,0,48.48347473144531,31.868188858032227,-0.01374053955078125
0,0,0,0,48.48346710205078,31.86825942993164,-0.01371002197265625
0,0,0,0,48.4835205078125,31.86834716796875,-0.01364898681640625
0,0,0,0,48.48360061645508,31.86841583251953,-0.01360321044921875
0,0,0,0,48.483699798583984,31.868499755859375,-0.0135650634765625
0,0,0,0,48.48387145996094,31.868619918823242,-0.0135650634765625
0,0,0,0,48.48400115966797,31.868722915649414,-0.01360321044921875
0,0,0,0,48.48413848876953,31.86882972717285,-0.013671875
0,0,0,0,48.48432922363281,31.86897087097168,-0.013824462890625
0,0,0,0,48.48446273803711,31.869070053100586,-0.01401519775390625
0,0,0,0,48.48456954956055,31.869144439697266,-0.01428985595703125
0,0,0,0,48.48467254638672,31.869247436523438,-0.0147552490234375
0,0,0,0,48.48469924926758,31.869342803955078,-0.01513671875
0,0,0,0,48.48470687866211,31.86948013305664,-0.015533447265625
0,0,0,0,48.48476791381836,31.86968231201172,-0.01607513427734375
0,0,0,0,48.484859466552734,31.869808197021484,-0.01653289794921875
0,0,0,0,48.48497009277344,31.869932174682617,-0.01700592041015625
0,0,0,0,48.485103607177734,31.87013053894043,-0.0176849365234375
0,0,0,0,48.48518753051758,31.870302200317383,-0.01821136474609375
0,0,0,0,48.485286712646484,31.870471954345703,-0.018707275390625
0,0,0,0,48.48542404174805,31.870689392089844,-0.0193328857421875
0,0,0,0,48.48553466796875,31.8708438873291,-0.019744873046875
0,0,0,0,48.48564910888672,31.8709774017334,-0.02010345458984375
0,0,0,0,48.4858283996582,31.871129989624023,-0.0205230712890625
0,0,0,0,48.485958099365234,31.871200561523438,-0.0208282470703125
0,0,0,0,48.48607635498047,31.87125587463379,-0.02111053466796875
0,0,0,0,48.486244201660156,31.871309280395508,-0.02149200439453125
0,0,0,0,48.48637008666992,31.871313095092773,-0.02178955078125
0,0,0,0,48.48648452758789,31.87130355834961,-0.022125244140625
0,0,0,0,48.486602783203125,31.871253967285156,-0.022613525390625
0,0,0,0,48.48666763305664,31.87122344970703,-0.02297210693359375
0,0,0,0,48.48672866821289,31.871150970458984,-0.02332305908203125
0,0,0,0,48.48683547973633,31.870988845825195,-0.02375030517578125
0,0,0,0,48.486942291259766,31.870851516723633,-0.02407073974609375
0,0,0,0,48.48705291748047,31.870725631713867,-0.024383544921875
0,0,0,0,48.487239837646484,31.87054443359375,-0.02480316162109375
0,0,0,0,48.48740005493164,31.87043571472168,-0.02509307861328125
0,0,0,0,48.48758316040039,31.87034797668457,-0.02532196044921875
0,0,0,0,48.487831115722656,31.8702449798584,-0.02557373046875
0,0,0,0,48.488014221191406,31.87017250061035,-0.0257568359375
0,0,0,0,48.48818588256836,31.87010383605957,-0.0259246826171875
0,0,0,0,48.48837661743164,31.870018005371094,-0.0261383056640625
0,0,0,0,48.488487243652344,31.86996078491211,-0.02628326416015625
0,0,0,0,48.48859405517578,31.86989974975586,-0.02643585205078125
0,0,0,0,48.48872375488281,31.869813919067383,-0.02661895751953125
0,0,0,0,48.488792419433594,31.869773864746094,-0.02675628662109375
0,0,0,0,48.48884201049805,31.8697566986084,-0.02692413330078125
0,0,0,0,48.4888916015625,31.8697452545166,-0.0272216796875
0,0,0,0,48.48890686035156,31.86976432800293,-0.0274810791015625
0,0,0,0,48.488922119140625,31.869796752929688,-0.02774810791015625
0,0,0,0,48.48890686035156,31.869871139526367,-0.02808380126953125
0,0,0,0,48.488895416259766,31.869953155517578,-0.0283050537109375
0,0,0,0,48.488914489746094,31.870044708251953,-0.0285186767578125
0,0,0,0,48.48890686035156,31.8702335357666,-0.02877044677734375
0,0,0,0,48.488861083984375,31.87036895751953,-0.02892303466796875
0,0,0,0,48.48881530761719,31.870494842529297,-0.02907562255859375
0,0,0,0,48.48870849609375,31.870683670043945,-0.0292510986328125
0,0,0,0,48.48862075805664,31.8708438873291,-0.02935791015625
0,0,0,0,48.48851776123047,31.870986938476562,-0.02942657470703125
0,0,0,0,48.48838424682617,31.87118911743164,-0.02947235107421875
0,0,0,0,48.48830032348633,31.87131690979004,-0.02948760986328125
0,0,0,0,48.488243103027344,31.87141227722168,-0.029510498046875
0,0,0,0,48.48820495605469,31.871490478515625,-0.02951812744140625
0,0,0,0,48.4881706237793,31.87152671813965,-0.0294952392578125
0,0,0,0,48.48812484741211,31.871545791625977,-0.0294647216796875
0,0,0,0,48.488033294677734,31.87158203125,-0.02939605712890625
0,0,0,0,48.48798751831055,31.871606826782227,-0.02931976318359375
0,0,0,0,48.48796844482422,31.87165069580078,-0.0292205810546875
0,0,0,0,48.487945556640625,31.871721267700195,-0.02902984619140625
0,0,0,0,48.48795700073242,31.871801376342773,-0.0288238525390625
0,0,0,0,48.48801040649414,31.871917724609375,-0.02858734130859375
0,0,0,0,48.488075256347656,31.872085571289062,-0.0282440185546875
0,0,0,0,48.488128662109375,31.872228622436523,-0.02797698974609375
0,0,0,0,48.48819351196289,31.872365951538086,-0.0277099609375
0,0,0,0,48.48832321166992,31.872535705566406,-0.0273895263671875
0,0,0,0,48.48847579956055,31.872682571411133,-0.0271453857421875
0,0,0,0,48.4886589050293,31.872859954833984,-0.02691650390625
0,0,0,0,48.48895263671875,31.873119354248047,-0.02660369873046875
0,0,0,0,48.48920440673828,31.87331199645996,-0.026397705078125
0,0,0,0,48.489471435546875,31.87350845336914,-0.0262298583984375
0,0,0,0,48.4898567199707,31.87378692626953,-0.02600860595703125
0,0,0,0,48.49014663696289,31.873992919921875,-0.02585601806640625
0,0,0,0,48.490440368652344,31.87419319152832,-0.02571868896484375
0,0,0,0,48.490840911865234,31.874469757080078,-0.02550506591796875
0,0,0,0,48.49113464355469,31.874675750732422,-0.0253448486328125
0,0,0,0,48.49142837524414,31.874914169311523,-0.02520751953125
0,0,0,0,48.4918098449707,31.875246047973633,-0.0250701904296875
0,0,0,0,48.492122650146484,31.875492095947266,-0.02498626708984375
0,0,0,0,48.49247360229492,31.875747680664062,-0.0249176025390625
0,0,0,0,48.49296188354492,31.876087188720703,-0.02481842041015625
0,0,0,0,48.49335861206055,31.876333236694336,-0.02471160888671875
0,0,0,0,48.49376678466797,31.876554489135742,-0.02455902099609375
0,0,0,0,48.49434280395508,31.876842498779297,-0.0242919921875
0,0,0,0,48.49496078491211,31.87712860107422,-0.02398681640625
0,0,0,0,48.495296478271484,31.877275466918945,-0.0238189697265625
0,0,0,0,48.49600601196289,31.877552032470703,-0.02344512939453125
0,0,0,0,48.49656677246094,31.877744674682617,-0.02313995361328125
0,0,0,0,48.49711227416992,31.877918243408203,-0.02281951904296875
0,0,0,0,48.49787902832031,31.87812042236328,-0.02242279052734375
0,0,0,0,48.49848556518555,31.878252029418945,-0.02213287353515625
0,0,0,0,48.499122619628906,31.878387451171875,-0.0218353271484375
0,0,0,0,48.4999885559082,31.878555297851562,-0.02144622802734375
0,0,0,0,48.50064468383789,31.878662109375,-0.0211639404296875
0,0,0,0,48.50130844116211,31.878780364990234,-0.0208740234375
0,0,0,0,48.5021858215332,31.878969192504883,-0.02046966552734375
0,0,0,0,48.502830505371094,31.87912940979004,-0.02013397216796875
0,0,0,0,48.50347137451172,31.879301071166992,-0.0197601318359375
0,0,0,0,48.504276275634766,31.87955665588379,-0.0192108154296875
0,0,0,0,48.50485610961914,31.879758834838867,-0.018768310546875
0,0,0,0,48.50541687011719,31.879976272583008,-0.01833343505859375
0,0,0,0,48.50609588623047,31.880313873291016,-0.01776885986328125
0,0,0,0,48.506587982177734,31.88057518005371,-0.017333984375
0,0,0,0,48.50706481933594,31.880815505981445,-0.01689910888671875
0,0,0,0,48.50764846801758,31.881105422973633,-0.01634979248046875
0,0,0,0,48.508052825927734,31.881284713745117,-0.01598358154296875
0,0,0,0,48.508426666259766,31.881458282470703,-0.015655517578125
0,0,0,0,48.508872985839844,31.881650924682617,-0.01528167724609375
0,0,0,0,48.509159088134766,31.88176727294922,-0.0150299072265625
0,0,0,0,48.50941848754883,31.881864547729492,-0.0148162841796875
0,0,0,0,48.509788513183594,31.881973266601562,-0.01459503173828125
0,0,0,0,48.510032653808594,31.88205909729004,-0.0144805908203125
0,0,0,0,48.510231018066406,31.88215446472168,-0.0143585205078125
0,0,0,0,48.51039123535156,31.882293701171875,-0.0141754150390625
0,0,0,0,48.51045227050781,31.88237953186035,-0.014007568359375
0,0,0,0,48.51047897338867,31.88245964050293,-0.01381683349609375
0,0,0,0,48.510433197021484,31.882558822631836,-0.01352691650390625
0,0,0,0,48.5103874206543,31.882572174072266,-0.01325225830078125
0,0,0,0,48.510337829589844,31.88252830505371,-0.012939453125
0,0,0,0,48.51024627685547,31.882387161254883,-0.01248931884765625
0,0,0,0,48.510135650634766,31.882217407226562,-0.01213836669921875
0,0,0,0,48.510009765625,31.88200569152832,-0.01178741455078125
0,0,0,0,48.50982666015625,31.881702423095703,-0.01131439208984375
0,0,0,0,48.50965118408203,31.881431579589844,-0.0109710693359375
0,0,0,0,48.509456634521484,31.881120681762695,-0.01061248779296875
0,0,0,0,48.509185791015625,31.88069725036621,-0.01007080078125
0,0,0,0,48.50897216796875,31.8803768157959,-0.00966644287109375
0,0,0,0,48.50877380371094,31.880035400390625,-0.00923919677734375
0,0,0,0,48.50852966308594,31.879608154296875,-0.00865936279296875
0,0,0,0,48.508338928222656,31.879322052001953,-0.00823974609375
0,0,0,0,48.508113861083984,31.879037857055664,-0.00783538818359375
0,0,0,0,48.507789611816406,31.878643035888672,-0.00738525390625
0,0,0,0,48.50757598876953,31.878314971923828,-0.00713348388671875
0,0,0,0,48.50735092163086,31.877967834472656,-0.00688934326171875
0,0,0,0,48.5070686340332,31.877473831176758,-0.00656890869140625
0,0,0,0,48.50688171386719,31.877098083496094,-0.006317138671875
0,0,0,0,48.506736755371094,31.876712799072266,-0.0060882568359375
0,0,0,0,48.506591796875,31.876134872436523,-0.00582122802734375
0,0,0,0,48.506492614746094,31.875661849975586,-0.005645751953125
0,0,0,0,48.50640106201172,31.875171661376953,-0.00551605224609375
0,0,0,0,48.506309509277344,31.8745059967041,-0.005401611328125
0,0,0,0,48.50624465942383,31.87397003173828,-0.005340576171875
0,0,0,0,48.50617980957031,31.87343978881836,-0.0052642822265625
0,0,0,0,48.506072998046875,31.872737884521484,-0.0051727294921875
0,0,0,0,48.505985260009766,31.872222900390625,-0.0051116943359375
0,0,0,0,48.50589370727539,31.871706008911133,-0.00505828857421875
0,0,0,0,48.505733489990234,31.871068954467773,-0.004974365234375
0,0,0,0,48.505592346191406,31.87057876586914,-0.00492095947265625
0,0,0,0,48.50542068481445,31.870065689086914,-0.00489044189453125
0,0,0,0,48.50521469116211,31.86939811706543,-0.00496673583984375
0,0,0,0,48.505043029785156,31.86894416809082,-0.00510406494140625
0,0,0,0,48.50483703613281,31.868494033813477,-0.00525665283203125
0,0,0,0,48.50456237792969,31.86792755126953,-0.00551605224609375
0,0,0,0,48.504398345947266,31.867530822753906,-0.00574493408203125
0,0,0,0,48.504241943359375,31.86715316772461,-0.0059814453125
0,0,0,0,48.50402069091797,31.866657257080078,-0.006317138671875
0,0,0,0,48.50388717651367,31.866287231445312,-0.00659942626953125
0,0,0,0,48.5037956237793,31.86594581604004,-0.00689697265625
0,0,0,0,48.50367736816406,31.86553382873535,-0.00728607177734375
0,0,0,0,48.503562927246094,31.865222930908203,-0.007598876953125
0,0,0,0,48.50343322753906,31.864938735961914,-0.00787353515625
0,0,0,0,48.503196716308594,31.864662170410156,-0.00823211669921875
0,0,0,0,48.50300598144531,31.864492416381836,-0.0084991455078125
0,0,0,0,48.502811431884766,31.864341735839844,-0.0087890625
0,0,0,0,48.50251388549805,31.864154815673828,-0.00921630859375
0,0,0,0,48.50226974487305,31.86406707763672,-0.0095672607421875
0,0,0,0,48.502017974853516,31.864055633544922,-0.00994110107421875
0,0,0,0,48.501644134521484,31.86410140991211,-0.01043701171875
0,0,0,0,48.501365661621094,31.864152908325195,-0.0108184814453125
0,0,0,0,48.50106430053711,31.864206314086914,-0.01116180419921875
0,0,0,0,48.500648498535156,31.864301681518555,-0.01157379150390625
0,0,0,0,48.500343322753906,31.864376068115234,-0.0118560791015625
0,0,0,0,48.50006103515625,31.864452362060547,-0.01212310791015625
0,0,0,0,48.49972152709961,31.864574432373047,-0.012420654296875
0,0,0,0,48.49949645996094,31.864683151245117,-0.0126190185546875
0,0,0,0,48.499298095703125,31.864795684814453,-0.012786865234375
0,0,0,0,48.499053955078125,31.864898681640625,-0.01288604736328125
0,0,0,0,48.49885559082031,31.864933013916016,-0.01288604736328125
0,0,0,0,48.49863052368164,31.864940643310547,-0.0128021240234375
0,0,0,0,48.49833297729492,31.864965438842773,-0.0125885009765625
0,0,0,0,48.49811553955078,31.864978790283203,-0.012359619140625
0,0,0,0,48.497886657714844,31.864948272705078,-0.01210784912109375
0,0,0,0,48.4975471496582,31.864906311035156,-0.01171112060546875
0,0,0,0,48.497283935546875,31.864896774291992,-0.01136016845703125
0,0,0,0,48.497032165527344,31.864883422851562,-0.0110015869140625
0,0,0,0,48.49668884277344,31.864858627319336,-0.0105133056640625
0,0,0,0,48.49642562866211,31.864826202392578,-0.0101165771484375
0,0,0,0,48.496185302734375,31.864791870117188,-0.009735107421875
0,0,0,0,48.49592208862305,31.864715576171875,-0.00922393798828125
0,0,0,0,48.49574661254883,31.86465072631836,-0.008819580078125
0,0,0,0,48.495574951171875,31.864593505859375,-0.0084228515625
0,0,0,0,48.495338439941406,31.86453628540039,-0.00792694091796875
0,0,0,0,48.495201110839844,31.864524841308594,-0.007568359375
0,0,0,0,48.495086669921875,31.864513397216797,-0.00719451904296875
0,0,0,0,48.49494171142578,31.864456176757812,-0.00672149658203125
0,0,0,0,48.49485778808594,31.86439323425293,-0.00640869140625
0,0,0,0,48.49478530883789,31.864347457885742,-0.0061492919921875
0,0,0,0,48.49467849731445,31.86431884765625,-0.00585174560546875
0,0,0,0,48.494625091552734,31.864286422729492,-0.00567626953125
0,0,0,0,48.49457931518555,31.864233016967773,-0.00555419921875
0,0,0,0,48.494503021240234,31.86414909362793,-0.0054168701171875
0,0,0,0,48.49440383911133,31.864078521728516,-0.00530242919921875
0,0,0,0,48.49427032470703,31.863998413085938,-0.00521087646484375
0,0,0,0,48.49408721923828,31.863874435424805,-0.0051422119140625
0,0,0,0,48.49391555786133,31.863779067993164,-0.0051422119140625
0,0,0,0,48.49374008178711,31.86368751525879,-0.0051727294921875
0,0,0,0,48.493473052978516,31.863555908203125,-0.00524139404296875
0,0,0,0,48.49323272705078,31.86345100402832,-0.00531005859375
0,0,0,0,48.492958068847656,31.86333656311035,-0.0053863525390625
0,0,0,0,48.49253845214844,31.863174438476562,-0.00551605224609375
0,0,0,0,48.492210388183594,31.86304473876953,-0.005615234375
0,0,0,0,48.49189376831055,31.86290168762207,-0.00574493408203125
0,0,0,0,48.49150848388672,31.862701416015625,-0.0058746337890625
0,0,0,0,48.491233825683594,31.862581253051758,-0.0059661865234375
0,0,0,0,48.49099349975586,31.86248016357422,-0.00603485107421875
0,0,0,0,48.490726470947266,31.862390518188477,-0.006072998046875
0,0,0,0,48.49055480957031,31.86234474182129,-0.00609588623046875
0,0,0,0,48.49039077758789,31.862285614013672,-0.0061187744140625
0,0,0,0,48.49020004272461,31.86215591430664,-0.0061798095703125
0,0,0,0,48.49006652832031,31.862035751342773,-0.0062255859375
0,0,0,0,48.48999786376953,31.861902236938477,-0.00627899169921875
0,0,0,0,48.4899787902832,31.86172866821289,-0.00635528564453125
0,0,0,0,48.489990234375,31.86161231994629,-0.00643157958984375
0,0,0,0,48.49001693725586,31.86151885986328,-0.00653076171875
0,0,0,0,48.49010467529297,31.86140251159668,-0.00670623779296875
0,0,0,0,48.49018478393555,31.86129379272461,-0.00685882568359375
0,0,0,0,48.49031448364258,31.861177444458008,-0.0070343017578125
0,0,0,0,48.490543365478516,31.861013412475586,-0.0072784423828125
0,0,0,0,48.490745544433594,31.860889434814453,-0.0074462890625
0,0,0,0,48.49097442626953,31.86074447631836,-0.0076141357421875
0,0,0,0,48.49134063720703,31.860553741455078,-0.0077972412109375
0,0,0,0,48.49163055419922,31.860401153564453,-0.00794219970703125
0,0,0,0,48.491943359375,31.8602237701416,-0.00811767578125
0,0,0,0,48.492408752441406,31.860008239746094,-0.0083465576171875
0,0,0,0,48.492774963378906,31.859882354736328,-0.00852203369140625
0,0,0,0,48.493167877197266,31.859792709350586,-0.00868988037109375
0,0,0,0,48.493717193603516,31.859697341918945,-0.008941650390625
0,0,0,0,48.49411392211914,31.859668731689453,-0.0091094970703125
0,0,0,0,48.49448776245117,31.859647750854492,-0.0092620849609375
0,0,0,0,48.49494552612305,31.859642028808594,-0.0094451904296875
0,0,0,0,48.49528503417969,31.859691619873047,-0.00952911376953125
0,0,0,0,48.49565124511719,31.85978889465332,-0.00962066650390625
0,0,0,0,48.49616241455078,31.859968185424805,-0.00969696044921875
0,0,0,0,48.49657440185547,31.8601131439209,-0.009735107421875
0,0,0,0,48.49699783325195,31.860240936279297,-0.0097808837890625
0,0,0,0,48.49755096435547,31.860395431518555,-0.00981903076171875
0,0,0,0,48.497962951660156,31.860515594482422,-0.0098419189453125
0,0,0,0,48.49833679199219,31.860614776611328,-0.00983428955078125
0,0,0,0,48.49878692626953,31.86077880859375,-0.00984954833984375
0,0,0,0,48.49909210205078,31.86088752746582,-0.0098876953125
0,0,0,0,48.4993782043457,31.861000061035156,-0.00994110107421875
0,0,0,0,48.49974822998047,31.86118507385254,-0.01001739501953125
0,0,0,0,48.500003814697266,31.861337661743164,-0.01009368896484375
0,0,0,0,48.50022888183594,31.86152458190918,-0.0101470947265625
0,0,0,0,48.500465393066406,31.861852645874023,-0.010223388671875
0,0,0,0,48.50061798095703,31.862123489379883,-0.01030731201171875
0,0,0,0,48.50076675415039,31.86239242553711,-0.0104217529296875
0,0,0,0,48.50094985961914,31.862777709960938,-0.0105743408203125
0,0,0,0,48.50105667114258,31.863046646118164,-0.0106964111328125
0,0,0,0,48.501155853271484,31.863313674926758,-0.01084136962890625
0,0,0,0,48.50125503540039,31.863649368286133,-0.0110321044921875
0,0,0,0,48.50132369995117,31.86386489868164,-0.01116943359375
0,0,0,0,48.50138854980469,31.86403465270996,-0.01137542724609375
0,0,0,0,48.50145721435547,31.864206314086914,-0.01171875
0,0,0,0,48.501487731933594,31.86432456970215,-0.0119781494140625
0,0,0,0,48.50151443481445,31.86445426940918,-0.01221466064453125
0,0,0,0,48.50149917602539,31.864643096923828,-0.01253509521484375
0,0,0,0,48.501441955566406,31.86480140686035,-0.0127410888671875
0,0,0,0,48.50135803222656,31.86496925354004,-0.012939453125
0,0,0,0,48.501216888427734,31.865264892578125,-0.01319122314453125
0,0,0,0,48.501068115234375,31.865530014038086,-0.01338958740234375
0,0,0,0,48.50090408325195,31.865829467773438,-0.01358795166015625
0,0,0,0,48.50065612792969,31.86627769470215,-0.0138397216796875
0,0,0,0,48.50048828125,31.86662483215332,-0.0140228271484375
0,0,0,0,48.500328063964844,31.86695671081543,-0.0141754150390625
0,0,0,0,48.5001106262207,31.867341995239258,-0.01436614990234375
0,0,0,0,48.49993133544922,31.867639541625977,-0.014495849609375
0,0,0,0,48.4997444152832,31.867956161499023,-0.01461029052734375
0,0,0,0,48.499473571777344,31.868345260620117,-0.01470947265625
0,0,0,0,48.49928665161133,31.868572235107422,-0.0147857666015625
0,0,0,0,48.49909591674805,31.868764877319336,-0.01488494873046875
0,0,0,0,48.498878479003906,31.86900520324707,-0.01502227783203125
0,0,0,0,48.4987678527832,31.869182586669922,-0.01514434814453125
0,0,0,0,48.49867630004883,31.86932945251465,-0.01528167724609375
0,0,0,0,48.4985466003418,31.869522094726562,-0.01551055908203125
0,0,0,0,48.49848175048828,31.869667053222656,-0.01572418212890625
0,0,0,0,48.498443603515625,31.86981964111328,-0.01593780517578125
0,0,0,0,48.49839782714844,31.869998931884766,-0.01618194580078125
0,0,0,0,48.498382568359375,31.87013816833496,-0.016357421875
0,0,0,0,48.49838638305664,31.870271682739258,-0.01654815673828125
0,0,0,0,48.49840545654297,31.87043571472168,-0.01685333251953125
0,0,0,0,48.49842071533203,31.870532989501953,-0.017120361328125
0,0,0,0,48.49845504760742,31.870624542236328,-0.01743316650390625
0,0,0,0,48.498538970947266,31.870784759521484,-0.01792144775390625
0,0,0,0,48.49860763549805,31.870927810668945,-0.0183258056640625
0,0,0,0,48.49867630004883,31.871068954467773,-0.01876068115234375
0,0,0,0,48.49871063232422,31.87124252319336,-0.0193328857421875
0,0,0,0,48.49870681762695,31.8713436126709,-0.01976776123046875
0,0,0,0,48.49868392944336,31.87145233154297,-0.02019500732421875
0,0,0,0,48.49864196777344,31.871557235717773,-0.020751953125
0,0,0,0,48.49860763549805,31.871583938598633,-0.0211639404296875
0,0,0,0,48.49854278564453,31.871593475341797,-0.02169036865234375
0,0,0,0,48.49849319458008,31.87160873413086,-0.02208709716796875
0,0,0,0,48.498443603515625,31.87165641784668,-0.02245330810546875
0,0,0,0,48.49842071533203,31.8717041015625,-0.0228118896484375
0,0,0,0,48.49837112426758,31.87177085876465,-0.02325439453125
0,0,0,0,48.49831008911133,31.87179946899414,-0.0235595703125
0,0,0,0,48.498226165771484,31.871828079223633,-0.02387237548828125
0,0,0,0,48.49809646606445,31.871877670288086,-0.0242767333984375
0,0,0,0,48.497955322265625,31.871936798095703,-0.02455902099609375
0,0,0,0,48.49779510498047,31.871990203857422,-0.02484893798828125
0,0,0,0,48.49758529663086,31.872106552124023,-0.02527618408203125
0,0,0,0,48.49740982055664,31.87224006652832,-0.02562713623046875
0,0,0,0,48.49725341796875,31.87241554260254,-0.02602386474609375
0,0,0,0,48.497066497802734,31.872678756713867,-0.02654266357421875
0,0,0,0,48.496917724609375,31.872894287109375,-0.0269012451171875
0,0,0,0,48.49675750732422,31.87315559387207,-0.02722930908203125
0,0,0,0,48.49649429321289,31.873533248901367,-0.0275726318359375
0,0,0,0,48.49628448486328,31.873849868774414,-0.02776336669921875
0,0,0,0,48.49608612060547,31.87418556213379,-0.0279083251953125
0,0,0,0,48.49577331542969,31.874692916870117,-0.02801513671875
0,0,0,0,48.49552917480469,31.87506103515625,-0.0280609130859375
0,0,0,0,48.49528121948242,31.875394821166992,-0.0280609130859375
0,0,0,0,48.494911193847656,31.875829696655273,-0.028076171875
0,0,0,0,48.49464416503906,31.876140594482422,-0.02808380126953125
0,0,0,0,48.494384765625,31.876432418823242,-0.028045654296875
0,0,0,0,48.494049072265625,31.87675666809082,-0.0279541015625
0,0,0,0,48.49383544921875,31.876937866210938,-0.027862548828125
0,0,0,0,48.4936408996582,31.87710189819336,-0.02774810791015625
0,0,0,0,48.4934196472168,31.877323150634766,-0.027587890625
0,0,0,0,48.4932746887207,31.87748146057129,-0.0274505615234375
0,0,0,0,48.49313735961914,31.87762451171875,-0.02730560302734375
0,0,0,0,48.49302291870117,31.877849578857422,-0.02707672119140625
0,0,0,0,48.493003845214844,31.87804412841797,-0.02685546875
0,0,0,0,48.4930305480957,31.878223419189453,-0.0265960693359375
0,0,0,0,48.4930534362793,31.878459930419922,-0.0261993408203125
0,0,0,0,48.493064880371094,31.878639221191406,-0.02590179443359375
0,0,0,0,48.49309539794922,31.878820419311523,-0.02562713623046875
0,0,0,0,48.49317169189453,31.878999710083008,-0.0252838134765625
0,0,0,0,48.493228912353516,31.879106521606445,-0.025054931640625
0,0,0,0,48.49327850341797,31.879180908203125,-0.0248260498046875
0,0,0,0,48.49331283569336,31.879241943359375,-0.0246124267578125
0,0,0,0,48.493324279785156,31.87920570373535,-0.02451324462890625
0,0,0,0,48.49333190917969,31.87913703918457,-0.02446746826171875
0,0,0,0,48.49329376220703,31.879039764404297,-0.02448272705078125
0,0,0,0,48.49325180053711,31.878950119018555,-0.0245513916015625
0,0,0,0,48.493186950683594,31.878847122192383,-0.02465057373046875
0,0,0,0,48.493064880371094,31.878646850585938,-0.02484130859375
0,0,0,0,48.49295425415039,31.87848472595215,-0.025054931640625
0,0,0,0,48.49284362792969,31.878318786621094,-0.025360107421875
0,0,0,0,48.49273681640625,31.87806510925293,-0.02588653564453125
0,0,0,0,48.4926872253418,31.877853393554688,-0.0263519287109375
0,0,0,0,48.4926643371582,31.877634048461914,-0.0268707275390625
0,0,0,0,48.49266815185547,31.87738037109375,-0.0276031494140625
0,0,0,0,48.49272155761719,31.8772029876709,-0.02814483642578125
0,0,0,0,48.49280548095703,31.877017974853516,-0.0286407470703125
0,0,0,0,48.492950439453125,31.87677764892578,-0.02919769287109375
0,0,0,0,48.493080139160156,31.876611709594727,-0.0295257568359375
0,0,0,0,48.493228912353516,31.876487731933594,-0.02983856201171875
0,0,0,0,48.4934196472168,31.87639045715332,-0.030181884765625
0,0,0,0,48.493587493896484,31.87639808654785,-0.0303497314453125
0,0,0,0,48.4937744140625,31.876455307006836,-0.03041839599609375
0,0,0,0,48.494056701660156,31.8765869140625,-0.03040313720703125
0,0,0,0,48.49430465698242,31.876720428466797,-0.03034210205078125
0,0,0,0,48.494544982910156,31.87688446044922,-0.03026580810546875
0,0,0,0,48.49489212036133,31.877077102661133,-0.03009796142578125
0,0,0,0,48.495140075683594,31.87721824645996,-0.02993011474609375
0,0,0,0,48.49543762207031,31.877391815185547,-0.02971649169921875
0,0,0,0,48.495601654052734,31.877492904663086,-0.02953338623046875
0,0,0,0,48.49573516845703,31.877559661865234,-0.0293426513671875
0,0,0,0,48.49582290649414,31.877595901489258,-0.029144287109375
0,0,0,0,48.49586868286133,31.877643585205078,-0.02886199951171875
0,0,0,0,48.495887756347656,31.87763786315918,-0.02864837646484375
0,0,0,0,48.495880126953125,31.87761688232422,-0.0284271240234375
0,0,0,0,48.495792388916016,31.87755584716797,-0.02809906005859375
0,0,0,0,48.495697021484375,31.87748908996582,-0.027801513671875
0,0,0,0,48.495628356933594,31.877426147460938,-0.02750396728515625
0,0,0,0,48.49554443359375,31.877288818359375,-0.0271148681640625
0,0,0,0,48.49546813964844,31.8771915435791,-0.02684783935546875
0,0,0,0,48.495361328125,31.877098083496094,-0.02660369873046875
0,0,0,0,48.4951057434082,31.876869201660156,-0.02628326416015625
0,0,0,0,48.494991302490234,31.87679100036621,-0.02617645263671875
0,0,0,0,48.494781494140625,31.876697540283203,-0.02599334716796875
0,0,0,0,48.49443435668945,31.876646041870117,-0.02576446533203125
0,0,0,0,48.49415969848633,31.87664031982422,-0.0255889892578125
0,0,0,0,48.4938850402832,31.87664031982422,-0.02541351318359375
0,0,0,0,48.493499755859375,31.87662696838379,-0.02523040771484375
0,0,0,0,48.493194580078125,31.876609802246094,-0.025146484375
0,0,0,0,48.492897033691406,31.8765811920166,-0.02508544921875
0,0,0,0,48.49250411987305,31.87653350830078,-0.02504730224609375
0,0,0,0,48.49221420288086,31.876476287841797,-0.02504730224609375
0,0,0,0,48.491939544677734,31.876441955566406,-0.0250244140625
0,0,0,0,48.491554260253906,31.87643051147461,-0.0250091552734375
0,0,0,0,48.49129104614258,31.87644386291504,-0.02503204345703125
0,0,0,0,48.49106979370117,31.87649917602539,-0.02506256103515625
0,0,0,0,48.4908561706543,31.87657356262207,-0.025115966796875
0,0,0,0,48.49073028564453,31.876611709594727,-0.02520751953125
0,0,0,0,48.490631103515625,31.876646041870117,-0.025299072265625
0,0,0,0,48.49052047729492,31.876697540283203,-0.025421142578125
0,0,0,0,48.49045181274414,31.87672996520996,-0.02552032470703125
0,0,0,0,48.49040222167969,31.876731872558594,-0.0255889892578125
0,0,0,0,48.490360260009766,31.87670135498047,-0.02565765380859375
0,0,0,0,48.4903678894043,31.87664794921875,-0.025726318359375
0,0,0,0,48.490394592285156,31.8765926361084,-0.025787353515625
0,0,0,0,48.49045181274414,31.876516342163086,-0.02587127685546875
0,0,0,0,48.49052047729492,31.876462936401367,-0.0259246826171875
0,0,0,0,48.49064636230469,31.876405715942383,-0.0259857177734375
0,0,0,0,48.49085235595703,31.876352310180664,-0.02610015869140625
0,0,0,0,48.490997314453125,31.876314163208008,-0.02618408203125
0,0,0,0,48.49112319946289,31.87628173828125,-0.026275634765625
0,0,0,0,48.49127960205078,31.87624740600586,-0.026397705078125
0,0,0,0,48.49138259887695,31.876195907592773,-0.02648162841796875
0,0,0,0,48.491477966308594,31.876123428344727,-0.02655029296875
0,0,0,0,48.4915771484375,31.876049041748047,-0.02667999267578125
0,0,0,0,48.49162292480469,31.875999450683594,-0.02680206298828125
0,0,0,0,48.491641998291016,31.87594985961914,-0.0269317626953125
0,0,0,0,48.49164962768555,31.875896453857422,-0.02710723876953125
0,0,0,0,48.491661071777344,31.87587547302246,-0.02724456787109375
0,0,0,0,48.491661071777344,31.875850677490234,-0.0273895263671875
0,0,0,0,48.491661071777344,31.87584114074707,-0.02762603759765625
0,0,0,0,48.49165725708008,31.875850677490234,-0.02782440185546875
0,0,0,0,48.49163055419922,31.875858306884766,-0.02802276611328125
0,0,0,0,48.49155807495117,31.875900268554688,-0.0282135009765625
0,0,0,0,48.49148178100586,31.875925064086914,-0.02834320068359375
0,0,0,0,48.49143981933594,31.87593650817871,-0.02846527099609375
0,0,0,0,48.49139404296875,31.875951766967773,-0.02855682373046875
0,0,0,0,48.4913444519043,31.875947952270508,-0.0285797119140625
0,0,0,0,48.49129104614258,31.875953674316406,-0.02857208251953125
0,0,0,0,48.49116516113281,31.876001358032227,-0.02846527099609375
0,0,0,0,48.491050720214844,31.876049041748047,-0.0283203125
0,0,0,0,48.49094772338867,31.876113891601562,-0.0281219482421875
0,0,0,0,48.490806579589844,31.876243591308594,-0.02782440185546875
0,0,0,0,48.49069595336914,31.87638282775879,-0.02752685546875
0,0,0,0,48.49060821533203,31.87653923034668,-0.027191162109375
0,0,0,0,48.490478515625,31.876726150512695,-0.02672576904296875
0,0,0,0,48.490394592285156,31.876832962036133,-0.02637481689453125
0,0,0,0,48.490318298339844,31.876943588256836,-0.02606201171875
0,0,0,0,48.49021911621094,31.877071380615234,-0.02564239501953125
0,0,0,0,48.490150451660156,31.877134323120117,-0.025360107421875
0,0,0,0,48.490089416503906,31.87716293334961,-0.02515411376953125
0,0,0,0,48.49000549316406,31.87714958190918,-0.024932861328125
0,0,0,0,48.4899787902832,31.877099990844727,-0.02478790283203125
0,0,0,0,48.4899787902832,31.87701988220215,-0.02463531494140625
0,0,0,0,48.4900016784668,31.876861572265625,-0.02443695068359375
0,0,0,0,48.49002456665039,31.876724243164062,-0.0242919921875
0,0,0,0,48.49004364013672,31.876554489135742,-0.02413177490234375
0,0,0,0,48.49005126953125,31.87629508972168,-0.02387237548828125
0,0,0,0,48.49006652832031,31.876123428344727,-0.02367401123046875
0,0,0,0,48.490081787109375,31.87598419189453,-0.02349090576171875
0,0,0,0,48.49010467529297,31.875802993774414,-0.02324676513671875
0,0,0,0,48.490150451660156,31.875646591186523,-0.02301788330078125
0,0,0,0,48.49018478393555,31.87546157836914,-0.02276611328125
0,0,0,0,48.49020767211914,31.875198364257812,-0.0224151611328125
0,0,0,0,48.490234375,31.874980926513672,-0.0221405029296875
0,0,0,0,48.49026870727539,31.87476921081543,-0.021881103515625
0,0,0,0,48.490318298339844,31.874509811401367,-0.0215606689453125
0,0,0,0,48.49034118652344,31.87434196472168,-0.0212860107421875
0,0,0,0,48.49040222167969,31.87417984008789,-0.0209503173828125
0,0,0,0,48.490516662597656,31.873991012573242,-0.02040863037109375
0,0,0,0,48.49064636230469,31.873868942260742,-0.01996612548828125
0,0,0,0,48.49079513549805,31.873748779296875,-0.01947784423828125
0,0,0,0,48.49102783203125,31.873607635498047,-0.0187835693359375
0,0,0,0,48.49123001098633,31.873517990112305,-0.01822662353515625
0,0,0,0,48.49142074584961,31.873443603515625,-0.0176849365234375
0,0,0,0,48.49171447753906,31.87335968017578,-0.01700592041015625
0,0,0,0,48.49195861816406,31.87332534790039,-0.01654052734375
0,0,0,0,48.49223327636719,31.873308181762695,-0.0161285400390625
0,0,0,0,48.49259948730469,31.8732852935791,-0.0156402587890625
0,0,0,0,48.49283218383789,31.873271942138672,-0.0153656005859375
0,0,0,0,48.49302291870117,31.873260498046875,-0.01511383056640625
0,0,0,0,48.49323654174805,31.873266220092773,-0.01483917236328125
0,0,0,0,48.49334716796875,31.873275756835938,-0.01470947265625
0,0,0,0,48.49345397949219,31.87330436706543,-0.0146331787109375
0,0,0,0,48.493568420410156,31.873321533203125,-0.0145721435546875
0,0,0,0,48.49360275268555,31.873323440551758,-0.01453399658203125
0,0,0,0,48.49362564086914,31.873355865478516,-0.01450347900390625
0,0,0,0,48.49362564086914,31.873416900634766,-0.01453399658203125
0,0,0,0,48.49361038208008,31.873483657836914,-0.01457977294921875
0,0,0,0,48.49360656738281,31.873546600341797,-0.01465606689453125
0,0,0,0,48.49359893798828,31.873641967773438,-0.0147705078125
0,0,0,0,48.49361038208008,31.87370491027832,-0.0148468017578125
0,0,0,0,48.493621826171875,31.87376594543457,-0.01490020751953125
0,0,0,0,48.49365234375,31.873855590820312,-0.0149078369140625
0,0,0,0,48.49368667602539,31.873912811279297,-0.01490020751953125
0,0,0,0,48.49374771118164,31.873977661132812,-0.0148773193359375
0,0,0,0,48.49384307861328,31.87408447265625,-0.01483917236328125
0,0,0,0,48.493927001953125,31.874149322509766,-0.01479339599609375
0,0,0,0,48.49401092529297,31.87421417236328,-0.01471710205078125
0,0,0,0,48.49413299560547,31.874256134033203,-0.01458740234375
0,0,0,0,48.4942512512207,31.874269485473633,-0.01453399658203125
0,0,0,0,48.494380950927734,31.874292373657227,-0.01454925537109375
0,0,0,0,48.494571685791016,31.87438201904297,-0.01467132568359375
0,0,0,0,48.49464416503906,31.87443733215332,-0.01471710205078125
0,0,0,0,48.4947509765625,31.87453269958496,-0.014801025390625
0,0,0,0,48.49488067626953,31.87465476989746,-0.0148773193359375
0,0,0,0,48.494972229003906,31.87474250793457,-0.014923095703125
0,0,0,0,48.49505615234375,31.874828338623047,-0.0150146484375
0,0,0,0,48.49517059326172,31.87493896484375,-0.01514434814453125
0,0,0,0,48.495243072509766,31.874996185302734,-0.01525115966796875
0,0,0,0,48.495296478271484,31.875024795532227,-0.015350341796875
0,0,0,0,48.495338439941406,31.875009536743164,-0.015533447265625
0,0,0,0,48.49535369873047,31.87495994567871,-0.015716552734375
0,0,0,0,48.495391845703125,31.87488555908203,-0.0159149169921875
0,0,0,0,48.495460510253906,31.874753952026367,-0.0162353515625
0,0,0,0,48.495521545410156,31.874637603759766,-0.01650238037109375
0,0,0,0,48.4955940246582,31.874500274658203,-0.016754150390625
0,0,0,0,48.495689392089844,31.874338150024414,-0.01702880859375
0,0,0,0,48.495750427246094,31.874235153198242,-0.0172119140625
0,0,0,0,48.495784759521484,31.874143600463867,-0.01741790771484375
0,0,0,0,48.49580383300781,31.874065399169922,-0.0177001953125
0,0,0,0,48.49580764770508,31.874034881591797,-0.017913818359375
0,0,0,0,48.49578857421875,31.874040603637695,-0.01813507080078125
0,0,0,0,48.4957275390625,31.87407112121582,-0.01837158203125
0,0,0,0,48.495697021484375,31.874135971069336,-0.018524169921875
0,0,0,0,48.49566650390625,31.87418556213379,-0.01866912841796875
0,0,0,0,48.49563980102539,31.874223709106445,-0.0188446044921875
0,0,0,0,48.49563980102539,31.874271392822266,-0.01894378662109375
0,0,0,0,48.495662689208984,31.874311447143555,-0.01905059814453125
0,0,0,0,48.49574279785156,31.874361038208008,-0.019195556640625
0,0,0,0,48.49584197998047,31.874393463134766,-0.0193328857421875
0,0,0,0,48.49595260620117,31.87441635131836,-0.01947021484375
0,0,0,0,48.49607467651367,31.874435424804688,-0.01961517333984375
0,0,0,0,48.49616241455078,31.874435424804688,-0.019683837890625
0,0,0,0,48.49624252319336,31.874441146850586,-0.01975250244140625
0,0,0,0,48.496341705322266,31.874418258666992,-0.01981353759765625
0,0,0,0,48.49640655517578,31.874401092529297,-0.019805908203125
0,0,0,0,48.49646759033203,31.874343872070312,-0.0197906494140625
0,0,0,0,48.49655532836914,31.87419319152832,-0.01975250244140625
0,0,0,0,48.49656677246094,31.874042510986328,-0.01972198486328125
0,0,0,0,48.49656677246094,31.873876571655273,-0.01971435546875
0,0,0,0,48.49659729003906,31.87364959716797,-0.019744873046875
0,0,0,0,48.49660110473633,31.873464584350586,-0.01972198486328125
0,0,0,0,48.49660873413086,31.87327003479004,-0.0196533203125
0,0,0,0,48.496620178222656,31.873001098632812,-0.01953125
0,0,0,0,48.49660110473633,31.872817993164062,-0.0193939208984375
0,0,0,0,48.49659729003906,31.872650146484375,-0.019256591796875
0,0,0,0,48.49663543701172,31.872446060180664,-0.01908111572265625
0,0,0,0,48.49668884277344,31.872270584106445,-0.0189361572265625
0,0,0,0,48.49673080444336,31.872081756591797,-0.0187835693359375
0,0,0,0,48.49673843383789,31.871828079223633,-0.01857757568359375
0,0,0,0,48.496742248535156,31.87161636352539,-0.018402099609375
0,0,0,0,48.496726989746094,31.87140655517578,-0.01824951171875
0,0,0,0,48.4967041015625,31.871145248413086,-0.01804351806640625
0,0,0,0,48.49667739868164,31.87095069885254,-0.017913818359375
0,0,0,0,48.496673583984375,31.870773315429688,-0.0178070068359375
0,0,0,0,48.496646881103516,31.87038803100586,-0.01766204833984375
0,0,0,0,48.49663162231445,31.870223999023438,-0.017608642578125
0,0,0,0,48.49662780761719,31.869966506958008,-0.01753997802734375
0,0,0,0,48.49661636352539,31.86959457397461,-0.01740264892578125
0,0,0,0,48.49662399291992,31.869295120239258,-0.0172882080078125
0,0,0,0,48.49666213989258,31.868976593017578,-0.0171661376953125
0,0,0,0,48.496761322021484,31.86855697631836,-0.01702880859375
0,0,0,0,48.49685287475586,31.868234634399414,-0.0169219970703125
0,0,0,0,48.4969482421875,31.86792755126953,-0.0167999267578125
0,0,0,0,48.49710464477539,31.86754035949707,-0.01662445068359375
0,0,0,0,48.49726486206055,31.867246627807617,-0.0164794921875
0,0,0,0,48.4974365234375,31.86695671081543,-0.01629638671875
0,0,0,0,48.49766540527344,31.86656379699707,-0.01604461669921875
0,0,0,0,48.49784851074219,31.866302490234375,-0.01587677001953125
0,0,0,0,48.498050689697266,31.866058349609375,-0.01569366455078125
0,0,0,0,48.49835968017578,31.865764617919922,-0.01543426513671875
0,0,0,0,48.498592376708984,31.865554809570312,-0.0152587890625
0,0,0,0,48.49881362915039,31.865360260009766,-0.01509857177734375
0,0,0,0,48.49918746948242,31.865097045898438,-0.014862060546875
0,0,0,0,48.49934387207031,31.865001678466797,-0.0147705078125
0,0,0,0,48.49959182739258,31.8648738861084,-0.01462554931640625
0,0,0,0,48.49991226196289,31.864749908447266,-0.0144500732421875
0,0,0,0,48.50011444091797,31.86466407775879,-0.0143280029296875
0,0,0,0,48.50027847290039,31.864593505859375,-0.01422882080078125
0,0,0,0,48.50046920776367,31.864519119262695,-0.014129638671875
0,0,0,0,48.5006103515625,31.86444664001465,-0.014068603515625
0,0,0,0,48.500755310058594,31.864389419555664,-0.0140228271484375
0,0,0,0,48.500919342041016,31.864336013793945,-0.01396942138671875
0,0,0,0,48.50101089477539,31.864276885986328,-0.01393890380859375
0,0,0,0,48.501121520996094,31.864200592041016,-0.01387786865234375
0,0,0,0,48.501277923583984,31.86408805847168,-0.01380157470703125
0,0,0,0,48.50138854980469,31.86402130126953,-0.013763427734375
0,0,0,0,48.50147247314453,31.863956451416016,-0.01372528076171875
0,0,0,0,48.50157928466797,31.863872528076172,-0.0136871337890625
0,0,0,0,48.501678466796875,31.863815307617188,-0.01367950439453125
0,0,0,0,48.50177001953125,31.86372947692871,-0.013702392578125
0,0,0,0,48.50185775756836,31.8636531829834,-0.01372528076171875
0,0,0,0,48.501956939697266,31.86355209350586,-0.0137939453125
0,0,0,0,48.502071380615234,31.863452911376953,-0.01390838623046875
0,0,0,0,48.50221633911133,31.86334800720215,-0.014129638671875
0,0,0,0,48.502323150634766,31.86326026916504,-0.0143280029296875
0,0,0,0,48.50239181518555,31.8631591796875,-0.0145263671875
0,0,0,0,48.502464294433594,31.863039016723633,-0.01483154296875
0,0,0,0,48.502525329589844,31.862957000732422,-0.015106201171875
0,0,0,0,48.50259780883789,31.862855911254883,-0.0153961181640625
0,0,0,0,48.502716064453125,31.862728118896484,-0.01576995849609375
0,0,0,0,48.50283432006836,31.862655639648438,-0.0160369873046875
0,0,0,0,48.502960205078125,31.862550735473633,-0.01628875732421875
0,0,0,0,48.50315856933594,31.862401962280273,-0.01660919189453125
0,0,0,0,48.503326416015625,31.862279891967773,-0.01689910888671875
0,0,0,0,48.50350570678711,31.862163543701172,-0.0172271728515625
0,0,0,0,48.503753662109375,31.86200714111328,-0.01776123046875
0,0,0,0,48.50393295288086,31.86187171936035,-0.01821136474609375
0,0,0,0,48.50420379638672,31.861719131469727,-0.0188446044921875
0,0,0,0,48.50445556640625,31.861614227294922,-0.01932525634765625
0,0,0,0,48.50474548339844,31.861513137817383,-0.01981353759765625
0,0,0,0,48.50506591796875,31.861434936523438,-0.020263671875
0,0,0,0,48.50548553466797,31.861364364624023,-0.020782470703125
0,0,0,0,48.50580978393555,31.861324310302734,-0.0211181640625
0,0,0,0,48.50611877441406,31.86131477355957,-0.02144622802734375
0,0,0,0,48.50650405883789,31.861331939697266,-0.02184295654296875
0,0,0,0,48.5068359375,31.861385345458984,-0.022125244140625
0,0,0,0,48.507198333740234,31.861467361450195,-0.0224151611328125
0,0,0,0,48.50770950317383,31.861602783203125,-0.0227813720703125
0,0,0,0,48.50808334350586,31.86171531677246,-0.02303314208984375
0,0,0,0,48.50856018066406,31.861923217773438,-0.0233612060546875
0,0,0,0,48.50891876220703,31.86210060119629,-0.02362060546875
0,0,0,0,48.509254455566406,31.86227798461914,-0.0238800048828125
0,0,0,0,48.509578704833984,31.862472534179688,-0.02413177490234375
0,0,0,0,48.50997543334961,31.862730026245117,-0.02452850341796875
0,0,0,0,48.5102424621582,31.862903594970703,-0.02484130859375
0,0,0,0,48.510467529296875,31.86309814453125,-0.0251617431640625
0,0,0,0,48.51075744628906,31.86341667175293,-0.02558135986328125
0,0,0,0,48.5109748840332,31.863664627075195,-0.02591705322265625
0,0,0,0,48.51116180419922,31.86393165588379,-0.02628326416015625
0,0,0,0,48.51130676269531,31.864337921142578,-0.02675628662109375
0,0,0,0,48.51139450073242,31.864662170410156,-0.027130126953125
0,0,0,0,48.5114631652832,31.864967346191406,-0.0275421142578125
0,0,0,0,48.51146697998047,31.865371704101562,-0.02809906005859375
0,0,0,0,48.51137924194336,31.865657806396484,-0.028533935546875
0,0,0,0,48.51124954223633,31.86593246459961,-0.0289764404296875
0,0,0,0,48.51103210449219,31.866281509399414,-0.02959442138671875
0,0,0,0,48.51088333129883,31.86649513244629,-0.03005218505859375
0,0,0,0,48.510719299316406,31.8666934967041,-0.0305023193359375
0,0,0,0,48.51047134399414,31.866928100585938,-0.03106689453125
0,0,0,0,48.51025390625,31.86709976196289,-0.03141021728515625
0,0,0,0,48.51003646850586,31.867258071899414,-0.0317230224609375
0,0,0,0,48.509735107421875,31.867403030395508,-0.03212738037109375
0,0,0,0,48.50948715209961,31.86750030517578,-0.03240966796875
0,0,0,0,48.50924301147461,31.867570877075195,-0.0326690673828125
0,0,0,0,48.50891876220703,31.867603302001953,-0.03298187255859375
0,0,0,0,48.508689880371094,31.867591857910156,-0.03316497802734375
0,0,0,0,48.508480072021484,31.867549896240234,-0.03331756591796875
0,0,0,0,48.508262634277344,31.867477416992188,-0.03350067138671875
0,0,0,0,48.50814437866211,31.867395401000977,-0.0336151123046875
0,0,0,0,48.50803756713867,31.86728286743164,-0.03369903564453125
0,0,0,0,48.50792694091797,31.86711311340332,-0.03379058837890625
0,0,0,0,48.50786590576172,31.86697769165039,-0.03383636474609375
0,0,0,0,48.507835388183594,31.866804122924805,-0.03386688232421875
0,0,0,0,48.507850646972656,31.866539001464844,-0.03395843505859375
