Some, but not all, publishers are offering QoSReliabilityPolicy.RELIABLE. Falling back to QoSReliabilityPolicy.BEST_EFFORT as it will connect to all publishers
x: 1.6969807147979736
y: -0.5786584615707397
z: 1.7310867309570312
---
x: 1.753812313079834
y: -0.5742059946060181
z: 1.7327728271484375
---
x: 1.8106496334075928
y: -0.569660484790802
z: 1.7344436645507812
---
x: 1.8866751194000244
y: -0.5637035965919495
z: 1.736602783203125
---
x: 1.9437426328659058
y: -0.5591408610343933
z: 1.7381820678710938
---
x: 2.0008721351623535
y: -0.5546923279762268
z: 1.73974609375
---
x: 2.0770926475524902
y: -0.548686683177948
z: 1.7417526245117188
---
x: 2.134303092956543
y: -0.5442085266113281
z: 1.7432479858398438
---
x: 2.191577434539795
y: -0.53972989320755
z: 1.7447052001953125
---
x: 2.267888307571411
y: -0.5338293313980103
z: 1.7466659545898438
---
x: 2.325103759765625
y: -0.529453456401825
z: 1.7481155395507812
---
x: 2.382188558578491
y: -0.5250650644302368
z: 1.7495346069335938
---
x: 2.4582607746124268
y: -0.5192829370498657
z: 1.751373291015625
---
x: 2.5151329040527344
y: -0.5149365067481995
z: 1.7527313232421875
---
x: 2.57205867767334
y: -0.5106476545333862
z: 1.7540359497070312
---
x: 2.647794008255005
y: -0.504910945892334
z: 1.7556686401367188
---
x: 2.70460844039917
y: -0.500707745552063
z: 1.7568359375
---
x: 2.761281967163086
y: -0.4964418411254883
z: 1.75799560546875
---
x: 2.8368630409240723
y: -0.49090707302093506
z: 1.7595367431640625
---
x: 2.8934881687164307
y: -0.4867148995399475
z: 1.7607269287109375
---
x: 2.9501235485076904
y: -0.482685387134552
z: 1.761932373046875
---
x: 3.0255112648010254
y: -0.4772855341434479
z: 1.7635650634765625
---
x: 3.0820505619049072
y: -0.4733390212059021
z: 1.7647857666015625
---
x: 3.138582468032837
y: -0.4693776071071625
z: 1.7659912109375
---
x: 3.2139251232147217
y: -0.4642315208911896
z: 1.7676162719726562
---
x: 3.270423412322998
y: -0.46039626002311707
z: 1.7688827514648438
---
x: 3.3268380165100098
y: -0.45660048723220825
z: 1.770172119140625
---
x: 3.4020352363586426
y: -0.45152753591537476
z: 1.7719268798828125
---
x: 3.45835280418396
y: -0.4477123022079468
z: 1.7733001708984375
---
x: 3.514734983444214
y: -0.44395911693573
z: 1.7746810913085938
---
x: 3.5898208618164062
y: -0.43894410133361816
z: 1.7765274047851562
---
x: 3.6462156772613525
y: -0.4352726340293884
z: 1.7779464721679688
---
x: 3.702493906021118
y: -0.43152838945388794
z: 1.7794036865234375
---
x: 3.777622699737549
y: -0.42665746808052063
z: 1.7813796997070312
---
x: 3.8339264392852783
y: -0.42292526364326477
z: 1.7829208374023438
---
x: 3.8903086185455322
y: -0.4193042814731598
z: 1.7844924926757812
---
x: 3.9653985500335693
y: -0.4143977165222168
z: 1.7865982055664062
---
x: 4.021722316741943
y: -0.41081035137176514
z: 1.7881317138671875
---
x: 4.077971458435059
y: -0.4071285128593445
z: 1.7896804809570312
---
x: 4.152995586395264
y: -0.402303010225296
z: 1.7917633056640625
---
x: 4.209266662597656
y: -0.3986436128616333
z: 1.7932968139648438
---
x: 4.2655229568481445
y: -0.3950454294681549
z: 1.7947998046875
---
x: 4.340540409088135
y: -0.39020541310310364
z: 1.7967453002929688
---
x: 4.396721363067627
y: -0.38658419251441956
z: 1.79815673828125
---
x: 4.4529619216918945
y: -0.38302385807037354
z: 1.7995223999023438
---
x: 4.527832508087158
y: -0.3782903254032135
z: 1.8012619018554688
---
x: 4.584016799926758
y: -0.3748471736907959
z: 1.802490234375
---
x: 4.640078544616699
y: -0.37136825919151306
z: 1.8036956787109375
---
x: 4.714835166931152
y: -0.3668840527534485
z: 1.8052749633789062
---
x: 4.770780563354492
y: -0.3634783923625946
z: 1.80645751953125
---
x: 4.826797962188721
y: -0.36019715666770935
z: 1.8075637817382812
---
x: 4.901202201843262
y: -0.355785608291626
z: 1.809051513671875
---
x: 4.9568190574646
y: -0.35260745882987976
z: 1.810333251953125
---
x: 5.012199401855469
y: -0.34936103224754333
z: 1.8117218017578125
---
x: 5.0859198570251465
y: -0.3452233076095581
z: 1.8136749267578125
---
x: 5.141077041625977
y: -0.34212613105773926
z: 1.8151931762695312
---
x: 5.196156024932861
y: -0.33910396695137024
z: 1.8167724609375
---
x: 5.269516944885254
y: -0.3350431025028229
z: 1.8189315795898438
---
x: 5.324521541595459
y: -0.33202672004699707
z: 1.8205642700195312
---
x: 5.37962007522583
y: -0.32900235056877136
z: 1.8221893310546875
---
x: 5.453195095062256
y: -0.325024276971817
z: 1.8242721557617188
---
x: 5.508565902709961
y: -0.32207590341567993
z: 1.8257980346679688
---
x: 5.563953876495361
y: -0.31912097334861755
z: 1.82733154296875
---
x: 5.638017177581787
y: -0.315275639295578
z: 1.829437255859375
---
x: 5.693620204925537
y: -0.31230467557907104
z: 1.8310012817382812
---
x: 5.749457359313965
y: -0.30942100286483765
z: 1.8325347900390625
---
x: 5.8239641189575195
y: -0.3054560720920563
z: 1.8345108032226562
---
x: 5.880048751831055
y: -0.3025265038013458
z: 1.8359222412109375
---
x: 5.9361491203308105
y: -0.29949209094047546
z: 1.8373031616210938
---
x: 6.011157035827637
y: -0.29555603861808777
z: 1.8390350341796875
---
x: 6.067434310913086
y: -0.2925370931625366
z: 1.8402252197265625
---
x: 6.123775482177734
y: -0.2895973324775696
z: 1.8413619995117188
---
x: 6.198941230773926
y: -0.28555557131767273
z: 1.8427963256835938
---
x: 6.255383014678955
y: -0.28253158926963806
z: 1.8438034057617188
---
x: 6.311914443969727
y: -0.2794487476348877
z: 1.8447723388671875
---
x: 6.387416839599609
y: -0.27539879083633423
z: 1.84600830078125
---
x: 6.444149494171143
y: -0.27235695719718933
z: 1.846923828125
---
x: 6.500871658325195
y: -0.2693048417568207
z: 1.8478240966796875
---
x: 6.576656818389893
y: -0.26521387696266174
z: 1.8489761352539062
---
x: 6.633483409881592
y: -0.26207438111305237
z: 1.849822998046875
---
x: 6.690427303314209
y: -0.25901103019714355
z: 1.8507308959960938
---
x: 6.7662353515625
y: -0.2548390328884125
z: 1.852020263671875
---
x: 6.823139667510986
y: -0.25179731845855713
z: 1.8530426025390625
---
x: 6.8799567222595215
y: -0.24867035448551178
z: 1.8540878295898438
---
x: 6.955837249755859
y: -0.24459314346313477
z: 1.8555450439453125
---
x: 7.012711048126221
y: -0.24141407012939453
z: 1.8566818237304688
---
x: 7.069647789001465
y: -0.23831704258918762
z: 1.8578414916992188
---
x: 7.14552640914917
y: -0.23407799005508423
z: 1.8593521118164062
---
x: 7.202503204345703
y: -0.2309034764766693
z: 1.8604507446289062
---
x: 7.278541564941406
y: -0.22663117945194244
z: 1.8619232177734375
---
x: 7.335571765899658
y: -0.22344709932804108
z: 1.8630523681640625
---
x: 7.3926920890808105
y: -0.2202627807855606
z: 1.8641738891601562
---
x: 7.468853950500488
y: -0.2159808725118637
z: 1.8656463623046875
---
x: 7.526076316833496
y: -0.2127920687198639
z: 1.86676025390625
---
x: 7.5831732749938965
y: -0.20954976975917816
z: 1.8679122924804688
---
x: 7.659430980682373
y: -0.20525632798671722
z: 1.8694686889648438
---
x: 7.716575622558594
y: -0.20191431045532227
z: 1.8706283569335938
---
x: 7.773809432983398
y: -0.19867250323295593
z: 1.871734619140625
---
x: 7.850090026855469
y: -0.19425833225250244
z: 1.8731460571289062
---
x: 7.907390117645264
y: -0.19104750454425812
z: 1.874114990234375
---
x: 7.964618682861328
y: -0.18774420022964478
z: 1.8750152587890625
---
x: 8.040962219238281
y: -0.1834283024072647
z: 1.876129150390625
---
x: 8.098160743713379
y: -0.18011285364627838
z: 1.8768768310546875
---
x: 8.155357360839844
y: -0.17688195407390594
z: 1.8775558471679688
---
x: 8.231572151184082
y: -0.17244334518909454
z: 1.8784103393554688
---
x: 8.288705825805664
y: -0.16918188333511353
z: 1.8789825439453125
---
x: 8.3458890914917
y: -0.16590051352977753
z: 1.8795089721679688
---
x: 8.422039985656738
y: -0.16155901551246643
z: 1.8800735473632812
---
x: 8.479070663452148
y: -0.15833573043346405
z: 1.8804244995117188
---
x: 8.535821914672852
y: -0.15508852899074554
z: 1.8807220458984375
---
x: 8.61116886138916
y: -0.1508568525314331
z: 1.8810501098632812
---
x: 8.66721248626709
y: -0.1476619988679886
z: 1.8812713623046875
---
x: 8.722930908203125
y: -0.14455361664295197
z: 1.8814849853515625
---
x: 8.796348571777344
y: -0.14033256471157074
z: 1.8817367553710938
---
x: 8.850807189941406
y: -0.13729862868785858
z: 1.88189697265625
---
x: 8.904463768005371
y: -0.1341705024242401
z: 1.8820877075195312
---
x: 8.974748611450195
y: -0.13019049167633057
z: 1.88238525390625
---
x: 9.02629566192627
y: -0.1272103190422058
z: 1.8826217651367188
---
x: 9.076824188232422
y: -0.12438006699085236
z: 1.8828659057617188
---
x: 9.142339706420898
y: -0.12053801864385605
z: 1.8831939697265625
---
x: 9.1900634765625
y: -0.11776591092348099
z: 1.8834152221679688
---
x: 9.236494064331055
y: -0.11499161273241043
z: 1.8835830688476562
---
x: 9.296285629272461
y: -0.11140737682580948
z: 1.88372802734375
---
x: 9.339510917663574
y: -0.10875773429870605
z: 1.8838043212890625
---
x: 9.381217002868652
y: -0.10613954812288284
z: 1.8838043212890625
---
x: 9.434619903564453
y: -0.10272052884101868
z: 1.8837432861328125
---
x: 9.47283935546875
y: -0.1001165360212326
z: 1.8836669921875
---
x: 9.509618759155273
y: -0.09756976366043091
z: 1.883575439453125
---
x: 9.556166648864746
y: -0.09407982975244522
z: 1.8835067749023438
---
x: 9.589347839355469
y: -0.09151912480592728
z: 1.8836593627929688
---
x: 9.620865821838379
y: -0.08851521462202072
z: 1.8839340209960938
---
x: 9.66054916381836
y: -0.08355303108692169
z: 1.8844528198242188
---
x: 9.688485145568848
y: -0.07908501476049423
z: 1.8849029541015625
---
x: 9.715025901794434
y: -0.07426923513412476
z: 1.885467529296875
---
x: 9.748116493225098
y: -0.06682410836219788
z: 1.8863296508789062
---
x: 9.771339416503906
y: -0.06052109971642494
z: 1.8870468139648438
---
x: 9.793177604675293
y: -0.05359736829996109
z: 1.8878326416015625
---
x: 9.820292472839355
y: -0.04373021423816681
z: 1.8889923095703125
---
x: 9.839192390441895
y: -0.035626158118247986
z: 1.8899002075195312
---
x: 9.856846809387207
y: -0.026908528059720993
z: 1.8908462524414062
---
x: 9.878549575805664
y: -0.014372034929692745
z: 1.8921737670898438
---
x: 9.893441200256348
y: -0.004309933632612228
z: 1.8932037353515625
---
x: 9.90732479095459
y: 0.006270053330808878
z: 1.8942947387695312
---
x: 9.924155235290527
y: 0.0213211290538311
z: 1.8957672119140625
---
x: 9.935683250427246
y: 0.03325158357620239
z: 1.89691162109375
---
x: 9.946142196655273
y: 0.04580123722553253
z: 1.8980789184570312
---
x: 9.958778381347656
y: 0.06328737735748291
z: 1.899658203125
---
x: 9.967183113098145
y: 0.07706565409898758
z: 1.9008255004882812
---
x: 9.974853515625
y: 0.09123411774635315
z: 1.9020156860351562
---
x: 9.983768463134766
y: 0.1109561026096344
z: 1.9037017822265625
---
x: 9.989606857299805
y: 0.1262310892343521
z: 1.9050750732421875
---
x: 9.994681358337402
y: 0.14214733242988586
z: 1.9065322875976562
---
x: 10.000452995300293
y: 0.16427992284297943
z: 1.9087295532226562
---
x: 10.004008293151855
y: 0.18171900510787964
z: 1.9105224609375
---
x: 10.0069580078125
y: 0.1998077929019928
z: 1.9124374389648438
---
x: 10.010004997253418
y: 0.22516930103302002
z: 1.9151763916015625
---
x: 10.0115966796875
y: 0.24515031278133392
z: 1.917388916015625
---
x: 10.01272201538086
y: 0.26601824164390564
z: 1.9197540283203125
---
x: 10.013471603393555
y: 0.2952338457107544
z: 1.9231643676757812
---
x: 10.013596534729004
y: 0.31821951270103455
z: 1.9258880615234375
---
x: 10.01320743560791
y: 0.34226366877555847
z: 1.9287109375
---
x: 10.012212753295898
y: 0.3759033679962158
z: 1.932647705078125
---
x: 10.011035919189453
y: 0.4024523198604584
z: 1.9356918334960938
---
x: 10.00965404510498
y: 0.4300096929073334
z: 1.938812255859375
---
x: 10.007282257080078
y: 0.4686014950275421
z: 1.9429931640625
---
x: 10.005311965942383
y: 0.49876803159713745
z: 1.9460983276367188
---
x: 10.003081321716309
y: 0.5301477313041687
z: 1.94921875
---
x: 9.999950408935547
y: 0.5736174583435059
z: 1.9534149169921875
---
x: 9.997440338134766
y: 0.6076300740242004
z: 1.9565582275390625
---
x: 9.994847297668457
y: 0.6427377462387085
z: 1.9596939086914062
---
x: 9.99127197265625
y: 0.6914688944816589
z: 1.9638290405273438
---
x: 9.988539695739746
y: 0.7293576002120972
z: 1.9669189453125
---
x: 9.98587417602539
y: 0.7684676647186279
z: 1.9699935913085938
---
x: 9.982331275939941
y: 0.8224504590034485
z: 1.9741058349609375
---
x: 9.979799270629883
y: 0.8642887473106384
z: 1.9771804809570312
---
x: 9.977249145507812
y: 0.9072099328041077
z: 1.9802322387695312
---
x: 9.974018096923828
y: 0.965900719165802
z: 1.9843521118164062
---
x: 9.97162914276123
y: 1.0110197067260742
z: 1.987457275390625
---
x: 9.969443321228027
y: 1.05692720413208
z: 1.9906387329101562
---
x: 9.966582298278809
y: 1.1195577383041382
z: 1.9950180053710938
---
x: 9.964581489562988
y: 1.1674948930740356
z: 1.9984207153320312
---
x: 9.96257209777832
y: 1.2163723707199097
z: 2.0018692016601562
---
x: 9.960091590881348
y: 1.2824912071228027
z: 2.0066070556640625
---
x: 9.958247184753418
y: 1.3328795433044434
z: 2.01025390625
---
x: 9.956514358520508
y: 1.3837584257125854
z: 2.0140151977539062
---
x: 9.954258918762207
y: 1.4525758028030396
z: 2.0191726684570312
---
x: 9.952672958374023
y: 1.504786729812622
z: 2.02313232421875
---
x: 9.951190948486328
y: 1.5576080083847046
z: 2.0271377563476562
---
x: 9.949358940124512
y: 1.628849744796753
z: 2.0325851440429688
---
x: 9.948176383972168
y: 1.6829044818878174
z: 2.0367050170898438
---
x: 9.947065353393555
y: 1.7373828887939453
z: 2.0408172607421875
---
x: 9.945836067199707
y: 1.8106553554534912
z: 2.0462570190429688
---
x: 9.944966316223145
y: 1.8661085367202759
z: 2.0503387451171875
---
x: 9.944290161132812
y: 1.9219070672988892
z: 2.0544204711914062
---
x: 9.943490028381348
y: 1.9968894720077515
z: 2.0597991943359375
---
x: 9.943108558654785
y: 2.0533547401428223
z: 2.0637893676757812
---
x: 9.942731857299805
y: 2.110078811645508
z: 2.0677413940429688
---
x: 9.942463874816895
y: 2.185889482498169
z: 2.0729827880859375
---
x: 9.942273139953613
y: 2.243039608001709
z: 2.0768966674804688
---
x: 9.942195892333984
y: 2.3002116680145264
z: 2.0807571411132812
---
x: 9.942056655883789
y: 2.376579523086548
z: 2.0857696533203125
---
x: 9.941991806030273
y: 2.4337496757507324
z: 2.0895156860351562
---
x: 9.941896438598633
y: 2.490987777709961
z: 2.0932083129882812
---
x: 9.941737174987793
y: 2.567232608795166
z: 2.0980148315429688
---
x: 9.941617965698242
y: 2.6242642402648926
z: 2.1015167236328125
---
x: 9.94149398803711
y: 2.680919885635376
z: 2.10491943359375
---
x: 9.94136905670166
y: 2.756006956100464
z: 2.1092758178710938
---
x: 9.941197395324707
y: 2.8120062351226807
z: 2.112457275390625
---
x: 9.941099166870117
y: 2.8676857948303223
z: 2.1156082153320312
---
x: 9.940866470336914
y: 2.9414522647857666
z: 2.1197586059570312
---
x: 9.940731048583984
y: 2.9963760375976562
z: 2.1229248046875
---
x: 9.940460205078125
y: 3.0511975288391113
z: 2.1261215209960938
---
x: 9.94021224975586
y: 3.1240386962890625
z: 2.1304244995117188
---
x: 9.939969062805176
y: 3.1784889698028564
z: 2.1337203979492188
---
x: 9.93980598449707
y: 3.2325124740600586
z: 2.1370849609375
---
x: 9.939492225646973
y: 3.3042807579040527
z: 2.1417236328125
---
x: 9.939326286315918
y: 3.357879638671875
z: 2.1452713012695312
---
x: 9.939132690429688
y: 3.411454200744629
z: 2.1488723754882812
---
x: 9.939004898071289
y: 3.4825894832611084
z: 2.1537094116210938
---
x: 9.938952445983887
y: 3.535884141921997
z: 2.1574020385742188
---
x: 9.938937187194824
y: 3.5891189575195312
z: 2.161163330078125
---
x: 9.938985824584961
y: 3.6603288650512695
z: 2.1662521362304688
---
x: 9.939030647277832
y: 3.713911294937134
z: 2.170166015625
---
x: 9.939166069030762
y: 3.7677135467529297
z: 2.17413330078125
---
x: 9.939352989196777
y: 3.839836835861206
z: 2.1795425415039062
---
x: 9.93960189819336
y: 3.8942415714263916
z: 2.1836700439453125
---
x: 9.939838409423828
y: 3.9490275382995605
z: 2.1878509521484375
---
x: 9.940302848815918
y: 4.022521495819092
z: 2.1935195922851562
---
x: 9.940592765808105
y: 4.0781049728393555
z: 2.19781494140625
---
x: 9.94095230102539
y: 4.133945941925049
z: 2.2021865844726562
---
x: 9.94129467010498
y: 4.208923816680908
z: 2.2080535888671875
---
x: 9.9415864944458
y: 4.265349864959717
z: 2.2124862670898438
---
x: 9.941832542419434
y: 4.322101593017578
z: 2.2169647216796875
---
x: 9.94227409362793
y: 4.397999286651611
z: 2.2229843139648438
---
x: 9.94257926940918
y: 4.455246448516846
z: 2.227508544921875
---
x: 9.942935943603516
y: 4.512594699859619
z: 2.2320175170898438
---
x: 9.943451881408691
y: 4.589386463165283
z: 2.2379837036132812
---
x: 9.943862915039062
y: 4.6470818519592285
z: 2.2424392700195312
---
x: 9.944334983825684
y: 4.704922199249268
z: 2.246856689453125
---
x: 9.945012092590332
y: 4.78212308883667
z: 2.2527618408203125
---
x: 9.94562816619873
y: 4.84008264541626
z: 2.2572479248046875
---
x: 9.946211814880371
y: 4.898144721984863
z: 2.2617721557617188
---
x: 9.947159767150879
y: 4.975644588470459
z: 2.2678451538085938
---
x: 9.947859764099121
y: 5.033895969390869
z: 2.2724456787109375
---
x: 9.948684692382812
y: 5.092135429382324
z: 2.2770843505859375
---
x: 9.949689865112305
y: 5.169942378997803
z: 2.2833404541015625
---
x: 9.950535774230957
y: 5.228279113769531
z: 2.2880477905273438
---
x: 9.95132827758789
y: 5.286740303039551
z: 2.2927780151367188
---
x: 9.952507019042969
y: 5.364536285400391
z: 2.2991180419921875
---
x: 9.953349113464355
y: 5.422949314117432
z: 2.303863525390625
---
x: 9.954222679138184
y: 5.481271743774414
z: 2.30865478515625
---
x: 9.955342292785645
y: 5.559156894683838
z: 2.315032958984375
---
x: 9.95621109008789
y: 5.617502212524414
z: 2.3198165893554688
---
x: 9.957085609436035
y: 5.6758904457092285
z: 2.3246002197265625
---
x: 9.95827579498291
y: 5.7536797523498535
z: 2.3310012817382812
---
x: 9.959226608276367
y: 5.812054634094238
z: 2.3358306884765625
---
x: 9.960129737854004
y: 5.870421409606934
z: 2.3407135009765625
---
x: 9.961359024047852
y: 5.948235988616943
z: 2.3472671508789062
---
x: 9.962209701538086
y: 6.0066094398498535
z: 2.352203369140625
---
x: 9.963122367858887
y: 6.0649309158325195
z: 2.3571853637695312
---
x: 9.964181900024414
y: 6.142764091491699
z: 2.3638992309570312
---
x: 9.964999198913574
y: 6.201091289520264
z: 2.3689651489257812
---
x: 9.965680122375488
y: 6.259539604187012
z: 2.3740234375
---
x: 9.9666109085083
y: 6.337345123291016
z: 2.3807296752929688
---
x: 9.967168807983398
y: 6.395661354064941
z: 2.3856658935546875
---
x: 9.967777252197266
y: 6.453676700592041
z: 2.3904953002929688
---
x: 9.968484878540039
y: 6.530716896057129
z: 2.396759033203125
---
x: 9.969005584716797
y: 6.587972640991211
z: 2.4012908935546875
---
x: 9.969461441040039
y: 6.644810199737549
z: 2.4056243896484375
---
x: 9.970074653625488
y: 6.719543933868408
z: 2.4110031127929688
---
x: 9.970521926879883
y: 6.774794101715088
z: 2.4147186279296875
---
x: 9.970925331115723
y: 6.829179763793945
z: 2.4181747436523438
---
x: 9.971439361572266
y: 6.900301933288574
z: 2.42236328125
---
x: 9.971744537353516
y: 6.952475070953369
z: 2.4251861572265625
---
x: 9.972087860107422
y: 7.003474235534668
z: 2.4277114868164062
---
x: 9.972460746765137
y: 7.069603443145752
z: 2.430633544921875
---
x: 9.972786903381348
y: 7.117677688598633
z: 2.4324798583984375
---
x: 9.972979545593262
y: 7.164506435394287
z: 2.4341049194335938
---
x: 9.973247528076172
y: 7.224623203277588
z: 2.4358367919921875
---
x: 9.973283767700195
y: 7.268007755279541
z: 2.4368438720703125
---
x: 9.973309516906738
y: 7.309732913970947
z: 2.437591552734375
---
x: 9.97317886352539
y: 7.362940788269043
z: 2.4382476806640625
---
x: 9.973014831542969
y: 7.400837421417236
z: 2.4384689331054688
---
x: 9.972715377807617
y: 7.437175750732422
z: 2.4384841918945312
---
x: 9.97219181060791
y: 7.48296594619751
z: 2.4382247924804688
---
x: 9.97158145904541
y: 7.51548433303833
z: 2.4379196166992188
---
x: 9.970763206481934
y: 7.546367168426514
z: 2.4375228881835938
---
x: 9.969293594360352
y: 7.585272789001465
z: 2.4368515014648438
---
x: 9.96774673461914
y: 7.6127448081970215
z: 2.4363021850585938
---
x: 9.965723037719727
y: 7.638849258422852
z: 2.435760498046875
---
x: 9.961976051330566
y: 7.6715087890625
z: 2.4350738525390625
---
x: 9.958420753479004
y: 7.694412708282471
z: 2.4345855712890625
---
x: 9.954024314880371
y: 7.716078758239746
z: 2.4341583251953125
---
x: 9.947023391723633
y: 7.742966651916504
z: 2.4337081909179688
---
x: 9.940771102905273
y: 7.7618255615234375
z: 2.433441162109375
---
x: 9.93380069732666
y: 7.779458045959473
z: 2.4332046508789062
---
x: 9.923141479492188
y: 7.801339626312256
z: 2.4329299926757812
---
x: 9.914275169372559
y: 7.816366672515869
z: 2.4327239990234375
---
x: 9.904524803161621
y: 7.83043098449707
z: 2.43255615234375
---
x: 9.890355110168457
y: 7.847504615783691
z: 2.4323654174804688
---
x: 9.878801345825195
y: 7.8592209815979
z: 2.4322586059570312
---
x: 9.866571426391602
y: 7.869905948638916
z: 2.4321975708007812
---
x: 9.844674110412598
y: 7.885853290557861
z: 2.4322433471679688
---
x: 9.835424423217773
y: 7.891622543334961
z: 2.432281494140625
---
x: 9.82116413116455
y: 7.899639129638672
z: 2.4323806762695312
---
x: 9.801281929016113
y: 7.909156322479248
z: 2.432586669921875
---
x: 9.785755157470703
y: 7.915517807006836
z: 2.4327774047851562
---
x: 9.769618034362793
y: 7.92125940322876
z: 2.4329910278320312
---
x: 9.747394561767578
y: 7.927891254425049
z: 2.4332809448242188
---
x: 9.730021476745605
y: 7.932250499725342
z: 2.4334335327148438
---
x: 9.712126731872559
y: 7.936059951782227
z: 2.4335479736328125
---
x: 9.687150001525879
y: 7.940480709075928
z: 2.4335250854492188
---
x: 9.667664527893066
y: 7.943170547485352
z: 2.4333648681640625
---
x: 9.647324562072754
y: 7.945526123046875
z: 2.4330368041992188
---
x: 9.618982315063477
y: 7.947995662689209
z: 2.4323577880859375
---
x: 9.5966157913208
y: 7.949558258056641
z: 2.431640625
---
x: 9.573356628417969
y: 7.950652599334717
z: 2.4307632446289062
---
x: 9.540740966796875
y: 7.951688766479492
z: 2.4292984008789062
---
x: 9.515084266662598
y: 7.952062606811523
z: 2.428009033203125
---
x: 9.488322257995605
y: 7.95220947265625
z: 2.4265670776367188
---
x: 9.450905799865723
y: 7.951890468597412
z: 2.4244613647460938
---
x: 9.42155933380127
y: 7.9513726234436035
z: 2.4227371215820312
---
x: 9.391033172607422
y: 7.950656414031982
z: 2.4208984375
---
x: 9.348609924316406
y: 7.949461460113525
z: 2.418304443359375
---
x: 9.315380096435547
y: 7.948408126831055
z: 2.41619873046875
---
x: 9.281059265136719
y: 7.947178363800049
z: 2.4140167236328125
---
x: 9.233365058898926
y: 7.945380687713623
z: 2.4108963012695312
---
x: 9.196273803710938
y: 7.94381046295166
z: 2.4084396362304688
---
x: 9.157925605773926
y: 7.94219970703125
z: 2.4058990478515625
---
x: 9.105088233947754
y: 7.9398016929626465
z: 2.4024505615234375
---
x: 9.064071655273438
y: 7.937948226928711
z: 2.399810791015625
---
x: 9.022024154663086
y: 7.935925006866455
z: 2.3971405029296875
---
x: 8.964205741882324
y: 7.933283805847168
z: 2.3934555053710938
---
x: 8.919648170471191
y: 7.93121862411499
z: 2.3906402587890625
---
x: 8.873998641967773
y: 7.929224967956543
z: 2.3878097534179688
---
x: 8.81168270111084
y: 7.926450252532959
z: 2.3840484619140625
---
x: 8.763886451721191
y: 7.924406051635742
z: 2.3812408447265625
---
x: 8.715176582336426
y: 7.9223408699035645
z: 2.3784103393554688
---
x: 8.649004936218262
y: 7.9196577072143555
z: 2.37451171875
---
x: 8.598433494567871
y: 7.917686939239502
z: 2.3715057373046875
---
x: 8.54722785949707
y: 7.915726661682129
z: 2.3684844970703125
---
x: 8.4779052734375
y: 7.913214206695557
z: 2.364349365234375
---
x: 8.425296783447266
y: 7.911355495452881
z: 2.361175537109375
---
x: 8.372075080871582
y: 7.909598350524902
z: 2.3579254150390625
---
x: 8.300454139709473
y: 7.907246112823486
z: 2.353515625
---
x: 8.246153831481934
y: 7.905601501464844
z: 2.3501510620117188
---
x: 8.19153118133545
y: 7.903879165649414
z: 2.3467254638671875
---
x: 8.11804485321045
y: 7.901682376861572
z: 2.34210205078125
---
x: 8.062591552734375
y: 7.899967193603516
z: 2.3386154174804688
---
x: 8.006780624389648
y: 7.898324489593506
z: 2.3351211547851562
---
x: 7.932062149047852
y: 7.89600133895874
z: 2.3304290771484375
---
x: 7.87576150894165
y: 7.894287586212158
z: 2.32696533203125
---
x: 7.819319248199463
y: 7.892491817474365
z: 2.32354736328125
---
x: 7.744029998779297
y: 7.890171051025391
z: 2.3189010620117188
---
x: 7.687537670135498
y: 7.888415336608887
z: 2.31536865234375
---
x: 7.6310505867004395
y: 7.886679172515869
z: 2.31182861328125
---
x: 7.555610656738281
y: 7.884382247924805
z: 2.30712890625
---
x: 7.499056339263916
y: 7.882701873779297
z: 2.3036041259765625
---
x: 7.442415237426758
y: 7.881127834320068
z: 2.30010986328125
---
x: 7.366916179656982
y: 7.879116058349609
z: 2.2955169677734375
---
x: 7.310185432434082
y: 7.877748489379883
z: 2.2920989990234375
---
x: 7.253498077392578
y: 7.876325607299805
z: 2.2886962890625
---
x: 7.177727222442627
y: 7.874617099761963
z: 2.2841339111328125
---
x: 7.120924949645996
y: 7.873310565948486
z: 2.2807464599609375
---
x: 7.063998222351074
y: 7.872145175933838
z: 2.2773895263671875
---
x: 6.988095283508301
y: 7.870547771453857
z: 2.27294921875
---
x: 6.931076526641846
y: 7.869435787200928
z: 2.2696762084960938
---
x: 6.874067306518555
y: 7.868257522583008
z: 2.2664794921875
---
x: 6.79803466796875
y: 7.866841793060303
z: 2.2623214721679688
---
x: 6.74105167388916
y: 7.865765571594238
z: 2.2592697143554688
---
x: 6.68413782119751
y: 7.864753246307373
z: 2.2562713623046875
---
x: 6.608238697052002
y: 7.863381862640381
z: 2.252410888671875
---
x: 6.551397800445557
y: 7.862395286560059
z: 2.2496414184570312
---
x: 6.494529724121094
y: 7.861461639404297
z: 2.2469711303710938
---
x: 6.418858051300049
y: 7.8602166175842285
z: 2.2435684204101562
---
x: 6.362072467803955
y: 7.859323024749756
z: 2.241119384765625
---
x: 6.305359840393066
y: 7.858377933502197
z: 2.2387542724609375
---
x: 6.229569435119629
y: 7.8572306632995605
z: 2.2357101440429688
---
x: 6.1727213859558105
y: 7.856326103210449
z: 2.2335968017578125
---
x: 6.115769863128662
y: 7.855513095855713
z: 2.2316131591796875
---
x: 6.040024757385254
y: 7.854324817657471
z: 2.2289962768554688
---
x: 5.983220100402832
y: 7.853489398956299
z: 2.22705078125
---
x: 5.926510334014893
y: 7.852556228637695
z: 2.2251663208007812
---
x: 5.8509135246276855
y: 7.851416110992432
z: 2.2226638793945312
---
x: 5.794271469116211
y: 7.850487232208252
z: 2.2208480834960938
---
x: 5.737675189971924
y: 7.849610805511475
z: 2.2191009521484375
---
x: 5.662352085113525
y: 7.84833288192749
z: 2.216796875
---
x: 5.605993747711182
y: 7.847410202026367
z: 2.2150650024414062
---
x: 5.549699783325195
y: 7.846487522125244
z: 2.213287353515625
---
x: 5.474855899810791
y: 7.845308780670166
z: 2.2109298706054688
---
x: 5.418827533721924
y: 7.844444274902344
z: 2.2092132568359375
---
x: 5.363206386566162
y: 7.843552112579346
z: 2.207427978515625
---
x: 5.289518356323242
y: 7.842435359954834
z: 2.2047882080078125
---
x: 5.234622001647949
y: 7.841563701629639
z: 2.20263671875
---
x: 5.179835796356201
y: 7.840780258178711
z: 2.2003707885742188
---
x: 5.107175350189209
y: 7.839663028717041
z: 2.1971588134765625
---
x: 5.052763938903809
y: 7.838893413543701
z: 2.1946792602539062
---
x: 4.998563289642334
y: 7.838040351867676
z: 2.192169189453125
---
x: 4.926533222198486
y: 7.8371052742004395
z: 2.1885986328125
---
x: 4.87272834777832
y: 7.836363315582275
z: 2.185791015625
---
x: 4.818928241729736
y: 7.835717678070068
z: 2.182952880859375
---
x: 4.7472991943359375
y: 7.834840774536133
z: 2.1790618896484375
---
x: 4.693591594696045
y: 7.834253787994385
z: 2.1761322021484375
---
x: 4.639892101287842
y: 7.833621978759766
z: 2.173248291015625
---
x: 4.568370819091797
y: 7.8328399658203125
z: 2.1692657470703125
---
x: 4.514699935913086
y: 7.832290172576904
z: 2.1661529541015625
---
x: 4.4610514640808105
y: 7.83180046081543
z: 2.1629409790039062
---
x: 4.389326572418213
y: 7.831242561340332
z: 2.158538818359375
---
x: 4.3354597091674805
y: 7.830794811248779
z: 2.1551742553710938
---
x: 4.2813873291015625
y: 7.8304338455200195
z: 2.1517715454101562
---
x: 4.209158897399902
y: 7.829928398132324
z: 2.1471786499023438
---
x: 4.154664516448975
y: 7.829657554626465
z: 2.1436996459960938
---
x: 4.100031852722168
y: 7.829349994659424
z: 2.1401901245117188
---
x: 4.0267486572265625
y: 7.829091548919678
z: 2.135406494140625
---
x: 3.97159743309021
y: 7.828855514526367
z: 2.13177490234375
---
x: 3.916196823120117
y: 7.828777313232422
z: 2.1281051635742188
---
x: 3.842085361480713
y: 7.828644275665283
z: 2.123199462890625
---
x: 3.7862768173217773
y: 7.828682899475098
z: 2.1195144653320312
---
x: 3.730356454849243
y: 7.828712463378906
z: 2.115875244140625
---
x: 3.6555895805358887
y: 7.828927516937256
z: 2.111083984375
---
x: 3.5993382930755615
y: 7.829095363616943
z: 2.1075286865234375
---
x: 3.543020486831665
y: 7.829301834106445
z: 2.1040267944335938
---
x: 3.4677555561065674
y: 7.829652786254883
z: 2.099456787109375
---
x: 3.4112627506256104
y: 7.829995632171631
z: 2.0961074829101562
---
x: 3.354625940322876
y: 7.830417156219482
z: 2.09283447265625
---
x: 3.279104471206665
y: 7.831003665924072
z: 2.0885848999023438
---
x: 3.2223432064056396
y: 7.831528186798096
z: 2.0854721069335938
---
x: 3.1656298637390137
y: 7.831987380981445
z: 2.0824661254882812
---
x: 3.0898666381835938
y: 7.832714080810547
z: 2.078582763671875
---
x: 3.0330965518951416
y: 7.83314323425293
z: 2.0757827758789062
---
x: 2.9762485027313232
y: 7.833602428436279
z: 2.073089599609375
---
x: 2.900521755218506
y: 7.834047317504883
z: 2.0697097778320312
---
x: 2.84366512298584
y: 7.834456443786621
z: 2.0673446655273438
---
x: 2.7867743968963623
y: 7.834713935852051
z: 2.0651473999023438
---
x: 2.7108054161071777
y: 7.835114002227783
z: 2.0624160766601562
---
x: 2.6538026332855225
y: 7.835366725921631
z: 2.0605316162109375
---
x: 2.5967750549316406
y: 7.835641860961914
z: 2.05877685546875
---
x: 2.5206894874572754
y: 7.835952281951904
z: 2.0565643310546875
---
x: 2.4636518955230713
y: 7.836180210113525
z: 2.0549774169921875
---
x: 2.4065513610839844
y: 7.836395740509033
z: 2.0534896850585938
---
x: 2.3304638862609863
y: 7.8366594314575195
z: 2.0516510009765625
---
x: 2.2733404636383057
y: 7.836916446685791
z: 2.0503616333007812
---
x: 2.216310501098633
y: 7.837090015411377
z: 2.0491256713867188
---
x: 2.1401801109313965
y: 7.837414741516113
z: 2.0475387573242188
---
x: 2.083181619644165
y: 7.837587356567383
z: 2.04632568359375
---
x: 2.0260989665985107
y: 7.837894439697266
z: 2.04510498046875
---
x: 1.9500612020492554
y: 7.838239669799805
z: 2.0434494018554688
---
x: 1.8930095434188843
y: 7.838557720184326
z: 2.042144775390625
---
x: 1.8360055685043335
y: 7.838768482208252
z: 2.0408096313476562
---
x: 1.7599139213562012
y: 7.839217662811279
z: 2.0389633178710938
---
x: 1.7028721570968628
y: 7.839513778686523
z: 2.037506103515625
---
x: 1.6458396911621094
y: 7.839885234832764
z: 2.0359573364257812
---
x: 1.5508265495300293
y: 7.840495586395264
z: 2.0331954956054688
---
x: 1.5128858089447021
y: 7.840734958648682
z: 2.032073974609375
---
x: 1.4559656381607056
y: 7.841098785400391
z: 2.0303268432617188
---
x: 1.3802952766418457
y: 7.841623783111572
z: 2.0279617309570312
---
x: 1.3237345218658447
y: 7.842044830322266
z: 2.026153564453125
---
x: 1.2675498723983765
y: 7.842429161071777
z: 2.0243453979492188
---
x: 1.1932309865951538
y: 7.842994213104248
z: 2.0219268798828125
---
x: 1.1381977796554565
y: 7.843359470367432
z: 2.0200729370117188
---
x: 1.08375084400177
y: 7.84381103515625
z: 2.0181732177734375
---
x: 1.012404441833496
y: 7.844343185424805
z: 2.0155487060546875
---
x: 0.9598116278648376
y: 7.844825267791748
z: 2.0135650634765625
---
x: 0.9082807898521423
y: 7.845222473144531
z: 2.0115509033203125
---
x: 0.8411900401115417
y: 7.845888137817383
z: 2.008819580078125
---
x: 0.792273223400116
y: 7.846298694610596
z: 2.006683349609375
---
x: 0.7445631623268127
y: 7.846794605255127
z: 2.0045623779296875
---
x: 0.683059811592102
y: 7.847375869750977
z: 2.0017166137695312
---
x: 0.6385784149169922
y: 7.8478779792785645
z: 1.9995193481445312
---
x: 0.5955451130867004
y: 7.848327159881592
z: 1.9972991943359375
---
x: 0.540509045124054
y: 7.848937034606934
z: 1.9943313598632812
---
x: 0.5009242296218872
y: 7.849400520324707
z: 1.9921035766601562
---
x: 0.4628719091415405
y: 7.849893569946289
z: 1.9898757934570312
---
x: 0.414372980594635
y: 7.850571155548096
z: 1.9870071411132812
---
x: 0.3797822892665863
y: 7.851020812988281
z: 1.9849395751953125
---
x: 0.3465777635574341
y: 7.851503372192383
z: 1.9829483032226562
---
x: 0.30463626980781555
y: 7.852046966552734
z: 1.9804153442382812
---
x: 0.274749755859375
y: 7.8525261878967285
z: 1.9786376953125
---
x: 0.24635055661201477
y: 7.852910041809082
z: 1.976959228515625
---
x: 0.21051526069641113
y: 7.853588104248047
z: 1.974884033203125
---
x: 0.1852622628211975
y: 7.8540520668029785
z: 1.9734268188476562
---
x: 0.1612747311592102
y: 7.854617595672607
z: 1.9720993041992188
---
x: 0.13139502704143524
y: 7.855233192443848
z: 1.97039794921875
---
x: 0.11045641452074051
y: 7.855800628662109
z: 1.9692153930664062
---
x: 0.09075406938791275
y: 7.8563032150268555
z: 1.968109130859375
---
x: 0.06627162545919418
y: 7.857069492340088
z: 1.9667282104492188
---
x: 0.049188870936632156
y: 7.857609272003174
z: 1.965789794921875
---
x: 0.033223289996385574
y: 7.858157634735107
z: 1.9649581909179688
---
x: 0.013565458357334137
y: 7.85885763168335
z: 1.9640121459960938
---
x: 6.907609349582344e-05
y: 7.859335899353027
z: 1.9634552001953125
---
x: -0.012562081217765808
y: 7.859842300415039
z: 1.963043212890625
---
x: -0.027922483161091805
y: 7.860440254211426
z: 1.9626998901367188
---
x: -0.03850811347365379
y: 7.8609185218811035
z: 1.96258544921875
---
x: -0.04820670187473297
y: 7.861301898956299
z: 1.96258544921875
---
x: -0.06011320278048515
y: 7.861920356750488
z: 1.9627914428710938
---
x: -0.06816751509904861
y: 7.862297058105469
z: 1.96307373046875
---
x: -0.07564213126897812
y: 7.862763404846191
z: 1.9634475708007812
---
x: -0.08458281308412552
y: 7.863253593444824
z: 1.964019775390625
---
x: -0.09067488461732864
y: 7.863701343536377
z: 1.9645004272460938
---
x: -0.09622490406036377
y: 7.864065647125244
z: 1.9650421142578125
---
x: -0.10288318991661072
y: 7.864635467529297
z: 1.96575927734375
---
x: -0.10732568800449371
y: 7.865013122558594
z: 1.9662857055664062
---
x: -0.11131444573402405
y: 7.865442276000977
z: 1.9668045043945312
---
x: -0.1160028949379921
y: 7.865957260131836
z: 1.96746826171875
---
x: -0.11900746822357178
y: 7.866367340087891
z: 1.9679718017578125
---
x: -0.12168306112289429
y: 7.86678409576416
z: 1.968505859375
---
x: -0.1246219351887703
y: 7.8672661781311035
z: 1.9692459106445312
---
x: -0.12655214965343475
y: 7.867669582366943
z: 1.9698104858398438
---
x: -0.12814153730869293
y: 7.86802864074707
z: 1.97039794921875
---
x: -0.12996713817119598
y: 7.868658542633057
z: 1.9712371826171875
---
x: -0.1309761106967926
y: 7.869081974029541
z: 1.97186279296875
---
x: -0.131820946931839
y: 7.8696370124816895
z: 1.9724960327148438
---
x: -0.13255929946899414
y: 7.870365142822266
z: 1.9733428955078125
---
x: -0.13295355439186096
y: 7.871070861816406
z: 1.973968505859375
---
x: -0.13310354948043823
y: 7.871716499328613
z: 1.9745712280273438
---
x: -0.1330784559249878
y: 7.872737407684326
z: 1.9753189086914062
---
x: -0.13291433453559875
y: 7.873454570770264
z: 1.9758453369140625
---
x: -0.1326645463705063
y: 7.874233245849609
z: 1.9763565063476562
---
x: -0.1322072148323059
y: 7.875166893005371
z: 1.97705078125
---
x: -0.1317702829837799
y: 7.875875949859619
z: 1.9775543212890625
---
x: -0.1313580423593521
y: 7.876502990722656
z: 1.9780120849609375
---
x: -0.13073977828025818
y: 7.877285480499268
z: 1.9785919189453125
---
x: -0.13032744824886322
y: 7.877870082855225
z: 1.978973388671875
---
x: -0.1298617124557495
y: 7.8784098625183105
z: 1.9793243408203125
---
x: -0.1293247640132904
y: 7.879134178161621
z: 1.9796829223632812
---
x: -0.12886199355125427
y: 7.879593849182129
z: 1.9799118041992188
---
x: -0.1284727305173874
y: 7.880092144012451
z: 1.9800872802734375
---
x: -0.12782976031303406
y: 7.880668640136719
z: 1.9802703857421875
---
x: -0.1273798793554306
y: 7.8811798095703125
z: 1.9803695678710938
---
x: -0.12682285904884338
y: 7.881573677062988
z: 1.9804306030273438
---
x: -0.12615163624286652
y: 7.882180690765381
z: 1.9805374145507812
---
x: -0.12561196088790894
y: 7.882554531097412
z: 1.980621337890625
---
x: -0.12511803209781647
y: 7.883016586303711
z: 1.9806976318359375
---
x: -0.12440413981676102
y: 7.883481979370117
z: 1.980743408203125
---
x: -0.123893603682518
y: 7.883857727050781
z: 1.9807510375976562
---
x: -0.12340924888849258
y: 7.8841705322265625
z: 1.9807510375976562
---
x: -0.122739776968956
y: 7.884633541107178
z: 1.9807662963867188
---
x: -0.1222815290093422
y: 7.884988307952881
z: 1.9808120727539062
---
x: -0.12178697437047958
y: 7.885331153869629
z: 1.9808425903320312
---
x: -0.12121312320232391
y: 7.885781288146973
z: 1.9809112548828125
---
x: -0.12073173373937607
y: 7.886072158813477
z: 1.9809646606445312
---
x: -0.1203422024846077
y: 7.886397838592529
z: 1.9810333251953125
---
x: -0.11973302066326141
y: 7.886692523956299
z: 1.98114013671875
---
x: -0.11932965368032455
y: 7.886932849884033
z: 1.9811859130859375
---
x: -0.11880934238433838
y: 7.887051582336426
z: 1.9812240600585938
---
x: -0.11820335686206818
y: 7.8873372077941895
z: 1.981201171875
---
x: -0.11768799275159836
y: 7.88743782043457
z: 1.98114013671875
---
x: -0.11723603308200836
y: 7.887649059295654
z: 1.9810028076171875
---
x: -0.11658178269863129
y: 7.887819766998291
z: 1.9806747436523438
---
x: -0.11609405279159546
y: 7.887990474700928
z: 1.9803619384765625
---
x: -0.11558811366558075
y: 7.888126373291016
z: 1.9799575805664062
---
x: -0.114926777780056
y: 7.888413906097412
z: 1.9793014526367188
---
x: -0.114435575902462
y: 7.888562202453613
z: 1.9787979125976562
---
x: -0.11393250524997711
y: 7.88871955871582
z: 1.9782943725585938
---
x: -0.11333918571472168
y: 7.888906002044678
z: 1.9775924682617188
---
x: -0.11284134536981583
y: 7.889037609100342
z: 1.9771041870117188
---
x: -0.11239801347255707
y: 7.889215469360352
z: 1.9766693115234375
---
x: -0.11170472204685211
y: 7.889428615570068
z: 1.97613525390625
---
x: -0.11126067489385605
y: 7.889645099639893
z: 1.9757461547851562
---
x: -0.11072303354740143
y: 7.889792442321777
z: 1.9754104614257812
---
x: -0.11010691523551941
y: 7.890031814575195
z: 1.97503662109375
---
x: -0.10959630459547043
y: 7.890143394470215
z: 1.9748077392578125
---
x: -0.1091645359992981
y: 7.89036750793457
z: 1.9746246337890625
---
x: -0.10849829763174057
y: 7.890532970428467
z: 1.9744110107421875
---
x: -0.10806088894605637
y: 7.8907270431518555
z: 1.9742584228515625
---
x: -0.10757318884134293
y: 7.890859127044678
z: 1.9741134643554688
---
x: -0.10697970539331436
y: 7.891185760498047
z: 1.9740066528320312
---
x: -0.10654256492853165
y: 7.8913702964782715
z: 1.9739761352539062
---
x: -0.10610085725784302
y: 7.891574382781982
z: 1.97393798828125
---
x: -0.1054750308394432
y: 7.891767978668213
z: 1.9738998413085938
---
x: -0.10497309267520905
y: 7.891859531402588
z: 1.9738616943359375
---
x: -0.10452790558338165
y: 7.891917705535889
z: 1.9738006591796875
---
x: -0.10388915985822678
y: 7.8919196128845215
z: 1.9737091064453125
---
x: -0.1034926250576973
y: 7.891900062561035
z: 1.9736099243164062
---
x: -0.10302945226430893
y: 7.891773223876953
z: 1.9735260009765625
---
x: -0.1025209128856659
y: 7.89162015914917
z: 1.973388671875
---
x: -0.10206881910562515
y: 7.891379356384277
z: 1.9732284545898438
---
x: -0.1017221137881279
y: 7.891197681427002
z: 1.9730606079101562
---
x: -0.10117679089307785
y: 7.890798091888428
z: 1.9728622436523438
---
x: -0.10082316398620605
y: 7.890595436096191
z: 1.9726943969726562
---
x: -0.1003812626004219
y: 7.890288829803467
z: 1.9725189208984375
---
x: -0.09982309490442276
y: 7.8899617195129395
z: 1.9722518920898438
---
x: -0.09936041384935379
y: 7.889604568481445
z: 1.9720382690429688
---
x: -0.09893933683633804
y: 7.889310359954834
z: 1.9718170166015625
---
x: -0.09841528534889221
y: 7.888840675354004
z: 1.9715194702148438
---
x: -0.09802135080099106
y: 7.888523101806641
z: 1.9712905883789062
---
x: -0.09765858948230743
y: 7.888188362121582
z: 1.9710540771484375
---
x: -0.0971391573548317
y: 7.887753009796143
z: 1.9707260131835938
---
x: -0.0968199074268341
y: 7.887406826019287
z: 1.9704666137695312
---
x: -0.09643396735191345
y: 7.886999607086182
z: 1.9702224731445312
---
x: -0.09602122008800507
y: 7.8864521980285645
z: 1.9699630737304688
---
x: -0.0956975445151329
y: 7.885953426361084
z: 1.9698486328125
---
x: -0.09545695781707764
y: 7.885503768920898
z: 1.96978759765625
---
x: -0.09501060843467712
y: 7.884805679321289
z: 1.9698333740234375
---
x: -0.09478447586297989
y: 7.884327411651611
z: 1.9699020385742188
---
x: -0.09450831264257431
y: 7.88371467590332
z: 1.969970703125
---
x: -0.09424669295549393
y: 7.883059978485107
z: 1.9701156616210938
---
x: -0.09398919343948364
y: 7.882534027099609
z: 1.970306396484375
---
x: -0.09378519654273987
y: 7.8821187019348145
z: 1.9705352783203125
---
x: -0.09352884441614151
y: 7.8814921379089355
z: 1.9709320068359375
---
x: -0.09334695339202881
y: 7.8810858726501465
z: 1.9712982177734375
---
x: -0.09317751228809357
y: 7.880620002746582
z: 1.9716873168945312
---
x: -0.09295544773340225
y: 7.880065441131592
z: 1.9721527099609375
---
x: -0.09285816550254822
y: 7.879627704620361
z: 1.9724502563476562
---
x: -0.09273723512887955
y: 7.879204273223877
z: 1.9727554321289062
---
x: -0.09265530854463577
y: 7.878654479980469
z: 1.9731521606445312
---
x: -0.09256115555763245
y: 7.878195285797119
z: 1.9734115600585938
---
x: -0.09259830415248871
y: 7.877838134765625
z: 1.9736251831054688
---
x: -0.09255725890398026
y: 7.877355575561523
z: 1.9738082885742188
---
x: -0.09257525205612183
y: 7.877074241638184
z: 1.9738998413085938
---
x: -0.09247901290655136
y: 7.876702785491943
z: 1.973907470703125
---
x: -0.09242713451385498
y: 7.876374244689941
z: 1.973846435546875
---
x: -0.09233222156763077
y: 7.876014709472656
z: 1.9737930297851562
---
x: -0.0923118069767952
y: 7.875737190246582
z: 1.973724365234375
---
x: -0.09218235313892365
y: 7.875242710113525
z: 1.9736099243164062
---
x: -0.09212347120046616
y: 7.874920845031738
z: 1.9734954833984375
---
x: -0.09203904122114182
y: 7.874510765075684
z: 1.973358154296875
---
x: -0.09192166477441788
y: 7.87407922744751
z: 1.9731674194335938
---
x: -0.09184948354959488
y: 7.873764991760254
z: 1.9730072021484375
---
x: -0.09174809604883194
y: 7.873526096343994
z: 1.9728240966796875
---
x: -0.09161702543497086
y: 7.873202800750732
z: 1.972564697265625
---
x: -0.09143880754709244
y: 7.872930526733398
z: 1.97235107421875
---
x: -0.09129831194877625
y: 7.872678756713867
z: 1.9721298217773438
---
x: -0.09097135066986084
y: 7.8722991943359375
z: 1.971832275390625
---
x: -0.09073756635189056
y: 7.872059345245361
z: 1.9715805053710938
---
x: -0.09035510569810867
y: 7.871744155883789
z: 1.9713516235351562
---
x: -0.08987021446228027
y: 7.871450901031494
z: 1.9710769653320312
---
x: -0.08942073583602905
y: 7.871153354644775
z: 1.9708786010742188
---
x: -0.08904333412647247
y: 7.870944976806641
z: 1.970672607421875
---
x: -0.0884343758225441
y: 7.870604038238525
z: 1.97039794921875
---
x: -0.08795823156833649
y: 7.870495319366455
z: 1.9702072143554688
---
x: -0.08744760602712631
y: 7.870328903198242
z: 1.97003173828125
---
x: -0.08679104596376419
y: 7.870180606842041
z: 1.9698333740234375
---
x: -0.08626483380794525
y: 7.8700175285339355
z: 1.9697113037109375
---
x: -0.08573272824287415
y: 7.869927883148193
z: 1.969635009765625
---
x: -0.08498471975326538
y: 7.86973762512207
z: 1.9695358276367188
---
x: -0.08438162505626678
y: 7.869616985321045
z: 1.9694366455078125
---
x: -0.08384491503238678
y: 7.869534492492676
z: 1.9693756103515625
---
x: -0.08305561542510986
y: 7.8694562911987305
z: 1.9693222045898438
---
x: -0.08251020312309265
y: 7.869441032409668
z: 1.969268798828125
---
x: -0.0818575769662857
y: 7.86937952041626
z: 1.9691925048828125
---
x: -0.08106942474842072
y: 7.869377136230469
z: 1.9691390991210938
---
x: -0.08039237558841705
y: 7.869304656982422
z: 1.969146728515625
---
x: -0.07980582118034363
y: 7.869327068328857
z: 1.9691696166992188
---
x: -0.0788567066192627
y: 7.869261741638184
z: 1.969207763671875
---
x: -0.07820255309343338
y: 7.869325637817383
z: 1.969207763671875
---
x: -0.07750406116247177
y: 7.869301795959473
z: 1.969207763671875
---
x: -0.07664766162633896
y: 7.8693623542785645
z: 1.96923828125
---
x: -0.07596208900213242
y: 7.869317531585693
z: 1.9692916870117188
---
x: -0.07527639716863632
y: 7.869333744049072
z: 1.9693450927734375
---
x: -0.07438353449106216
y: 7.869243144989014
z: 1.9694747924804688
---
x: -0.07377631962299347
y: 7.869190216064453
z: 1.969573974609375
---
x: -0.07322291284799576
y: 7.869080066680908
z: 1.9696731567382812
---
x: -0.07248324900865555
y: 7.868967533111572
z: 1.9697723388671875
---
x: -0.07201555371284485
y: 7.868884086608887
z: 1.9698257446289062
---
x: -0.07148776948451996
y: 7.868772029876709
z: 1.9698867797851562
---
x: -0.07088904082775116
y: 7.868616580963135
z: 1.9699478149414062
---
x: -0.07032891362905502
y: 7.868427276611328
z: 1.9700164794921875
---
x: -0.06982632726430893
y: 7.8683013916015625
z: 1.9701080322265625
---
x: -0.06907731294631958
y: 7.868014812469482
z: 1.9702606201171875
---
x: -0.06856361031532288
y: 7.867868423461914
z: 1.9704208374023438
---
x: -0.06795333325862885
y: 7.867635726928711
z: 1.9706192016601562
---
x: -0.06721223890781403
y: 7.867399215698242
z: 1.9709091186523438
---
x: -0.06660854071378708
y: 7.867136478424072
z: 1.9711456298828125
---
x: -0.06604181230068207
y: 7.866980075836182
z: 1.9713516235351562
---
x: -0.06527641415596008
y: 7.866675853729248
z: 1.9716415405273438
---
x: -0.06474301218986511
y: 7.866490840911865
z: 1.97186279296875
---
x: -0.06421311944723129
y: 7.86622953414917
z: 1.972076416015625
---
x: -0.06352496892213821
y: 7.865956783294678
z: 1.972381591796875
---
x: -0.06310247629880905
y: 7.865728855133057
z: 1.9726104736328125
---
x: -0.06267701834440231
y: 7.86551570892334
z: 1.9728317260742188
---
x: -0.06222984194755554
y: 7.865235328674316
z: 1.97314453125
---
x: -0.06188797950744629
y: 7.864980220794678
z: 1.9733734130859375
---
x: -0.06170717626810074
y: 7.864782333374023
z: 1.9735870361328125
---
x: -0.06145218014717102
y: 7.864492416381836
z: 1.9738616943359375
---
x: -0.06138593703508377
y: 7.864328384399414
z: 1.9740142822265625
---
x: -0.06127230450510979
y: 7.864093780517578
z: 1.9741287231445312
---
x: -0.06124496087431908
y: 7.863931179046631
z: 1.9742279052734375
---
x: -0.061163824051618576
y: 7.863711833953857
z: 1.974273681640625
---
x: -0.06115207448601723
y: 7.863578796386719
z: 1.974273681640625
---
x: -0.061083320528268814
y: 7.863276481628418
z: 1.9741668701171875
---
x: -0.061093829572200775
y: 7.863133430480957
z: 1.97406005859375
---
x: -0.061090704053640366
y: 7.862930774688721
z: 1.97393798828125
---
x: -0.06112777069211006
y: 7.86273717880249
z: 1.9737014770507812
---
x: -0.06119873747229576
y: 7.8625640869140625
z: 1.9734878540039062
---
x: -0.061221666634082794
y: 7.862443923950195
z: 1.9732131958007812
---
x: -0.06132093071937561
y: 7.862218856811523
z: 1.972869873046875
---
x: -0.061396896839141846
y: 7.862039089202881
z: 1.97265625
---
x: -0.061539214104413986
y: 7.861902236938477
z: 1.9724349975585938
---
x: -0.06162611022591591
y: 7.8617119789123535
z: 1.9721603393554688
---
x: -0.06175433471798897
y: 7.8616485595703125
z: 1.97198486328125
---
x: -0.061781007796525955
y: 7.861537456512451
z: 1.9718551635742188
---
x: -0.061826299875974655
y: 7.861486911773682
z: 1.97174072265625
---
x: -0.06178642809391022
y: 7.861425399780273
z: 1.9717178344726562
---
x: -0.06177886202931404
y: 7.861448287963867
z: 1.9717178344726562
---
x: -0.061588674783706665
y: 7.861363887786865
z: 1.9717636108398438
---
x: -0.061450421810150146
y: 7.861379623413086
z: 1.9718246459960938
---
x: -0.06126934662461281
y: 7.861287593841553
z: 1.9719085693359375
---
x: -0.061052728444337845
y: 7.861266613006592
z: 1.9720611572265625
---
x: -0.06090569123625755
y: 7.861161708831787
z: 1.9722137451171875
---
x: -0.060755353420972824
y: 7.861105442047119
z: 1.9724197387695312
---
x: -0.060560327023267746
y: 7.860971927642822
z: 1.9728164672851562
---
x: -0.06035314500331879
y: 7.860855579376221
z: 1.9731826782226562
---
x: -0.06020529568195343
y: 7.86070442199707
z: 1.9735794067382812
---
x: -0.05996743217110634
y: 7.860475063323975
z: 1.9740829467773438
---
x: -0.05987827107310295
y: 7.860308647155762
z: 1.9744720458984375
---
x: -0.059749096632003784
y: 7.860101699829102
z: 1.9748611450195312
---
x: -0.05972900241613388
y: 7.8598551750183105
z: 1.9753570556640625
---
x: -0.05966508015990257
y: 7.859594821929932
z: 1.9757003784179688
---
x: -0.05973364785313606
y: 7.859419345855713
z: 1.9759674072265625
---
x: -0.05976537615060806
y: 7.859070301055908
z: 1.9762496948242188
---
x: -0.05990743264555931
y: 7.858912944793701
z: 1.9764022827148438
---
x: -0.06003052368760109
y: 7.858672618865967
z: 1.9765243530273438
---
x: -0.060344960540533066
y: 7.858479976654053
z: 1.9766693115234375
---
x: -0.06062789261341095
y: 7.858270168304443
z: 1.9767532348632812
---
x: -0.06099388748407364
y: 7.858199596405029
z: 1.976837158203125
---
x: -0.061535488814115524
y: 7.858076572418213
z: 1.9769363403320312
---
x: -0.061967045068740845
y: 7.8580322265625
z: 1.9770126342773438
---
x: -0.062464915215969086
y: 7.857962608337402
z: 1.977081298828125
---
x: -0.06317834556102753
y: 7.857943534851074
z: 1.977142333984375
---
x: -0.06381237506866455
y: 7.857937335968018
z: 1.9771652221679688
---
x: -0.06443186849355698
y: 7.857868671417236
z: 1.9771957397460938
---
x: -0.06532737612724304
y: 7.857821941375732
z: 1.9772262573242188
---
x: -0.06595096737146378
y: 7.857735633850098
z: 1.9772796630859375
---
x: -0.06668493151664734
y: 7.857719421386719
z: 1.9773178100585938
---
x: -0.06758780032396317
y: 7.857579708099365
z: 1.977325439453125
---
x: -0.06832830607891083
y: 7.857549667358398
z: 1.977294921875
---
x: -0.0689987763762474
y: 7.857418060302734
z: 1.9772415161132812
---
x: -0.06998954713344574
y: 7.857293605804443
z: 1.9770965576171875
---
x: -0.07067317515611649
y: 7.857087135314941
z: 1.9769210815429688
---
x: -0.07138535380363464
y: 7.856953144073486
z: 1.9766921997070312
---
x: -0.07227383553981781
y: 7.856605529785156
z: 1.97625732421875
---
x: -0.07297628372907639
y: 7.856429576873779
z: 1.9758453369140625
---
x: -0.07365918904542923
y: 7.856208801269531
z: 1.9753875732421875
---
x: -0.07452385872602463
y: 7.856036186218262
z: 1.9747238159179688
---
x: -0.07520999014377594
y: 7.855939865112305
z: 1.9741744995117188
---
x: -0.07583258301019669
y: 7.855871200561523
z: 1.9735794067382812
---
x: -0.0766620859503746
y: 7.855848789215088
z: 1.9727706909179688
---
x: -0.07718169689178467
y: 7.855848789215088
z: 1.9721755981445312
---
x: -0.07776788622140884
y: 7.855937480926514
z: 1.9715423583984375
---
x: -0.07843690365552902
y: 7.856089115142822
z: 1.9706344604492188
---
x: -0.0789949893951416
y: 7.856322765350342
z: 1.9699325561523438
---
x: -0.07943763583898544
y: 7.856511116027832
z: 1.9692153930664062
---
x: -0.08008009940385818
y: 7.856921672821045
z: 1.9682998657226562
---
x: -0.08049117773771286
y: 7.8571906089782715
z: 1.9676437377929688
---
x: -0.0809686928987503
y: 7.857582092285156
z: 1.967010498046875
---
x: -0.08152513951063156
y: 7.858022689819336
z: 1.9662551879882812
---
x: -0.08198826014995575
y: 7.858422756195068
z: 1.9657745361328125
---
x: -0.08240613341331482
y: 7.8587517738342285
z: 1.9653244018554688
---
x: -0.08295086771249771
y: 7.859277248382568
z: 1.9648361206054688
---
x: -0.0833863615989685
y: 7.859621047973633
z: 1.964599609375
---
x: -0.08384421467781067
y: 7.859997749328613
z: 1.9644699096679688
---
x: -0.084527388215065
y: 7.860445976257324
z: 1.9644546508789062
---
x: -0.08497700095176697
y: 7.860762119293213
z: 1.9645156860351562
---
x: -0.08549538999795914
y: 7.861109733581543
z: 1.9646759033203125
---
x: -0.08609610795974731
y: 7.861533164978027
z: 1.9650497436523438
---
x: -0.08660614490509033
y: 7.861882209777832
z: 1.9654083251953125
---
x: -0.08701339364051819
y: 7.862137794494629
z: 1.9658203125
---
x: -0.08762837201356888
y: 7.862562656402588
z: 1.9664077758789062
---
x: -0.08799789100885391
y: 7.8628058433532715
z: 1.9668731689453125
---
x: -0.08842360228300095
y: 7.863133430480957
z: 1.967376708984375
---
x: -0.08885703235864639
y: 7.863404750823975
z: 1.9680328369140625
---
x: -0.08919724076986313
y: 7.863687515258789
z: 1.9684677124023438
---
x: -0.08946364372968674
y: 7.863864898681641
z: 1.9688720703125
---
x: -0.08982957154512405
y: 7.864202976226807
z: 1.9693145751953125
---
x: -0.09005123376846313
y: 7.864380836486816
z: 1.9695587158203125
---
x: -0.09024356305599213
y: 7.864609718322754
z: 1.9696884155273438
---
x: -0.09041493386030197
y: 7.864775657653809
z: 1.9697265625
---
x: -0.09046631306409836
y: 7.8648905754089355
z: 1.9696578979492188
---
x: -0.09050709754228592
y: 7.864992141723633
z: 1.9695663452148438
---
x: -0.0904485434293747
y: 7.865201473236084
z: 1.9693603515625
---
x: -0.09043114632368088
y: 7.865442276000977
z: 1.9691619873046875
---
x: -0.09031720459461212
y: 7.865666389465332
z: 1.9689483642578125
---
x: -0.09018459171056747
y: 7.866087436676025
z: 1.9686203002929688
---
x: -0.08998119086027145
y: 7.866390228271484
z: 1.968353271484375
---
x: -0.08984274417161942
y: 7.866790771484375
z: 1.9680862426757812
---
x: -0.0895286574959755
y: 7.867232322692871
z: 1.96771240234375
---
x: -0.08932223916053772
y: 7.867613792419434
z: 1.9674530029296875
---
x: -0.08904477953910828
y: 7.8678388595581055
z: 1.9672317504882812
---
x: -0.08876973390579224
y: 7.868206024169922
z: 1.9670181274414062
---
x: -0.08857301622629166
y: 7.868368625640869
z: 1.9669113159179688
---
x: -0.08842818439006805
y: 7.868561267852783
z: 1.9668655395507812
---
x: -0.08826219290494919
y: 7.868704795837402
z: 1.966888427734375
---
x: -0.08814951777458191
y: 7.868850231170654
z: 1.9669570922851562
---
x: -0.08809759467840195
y: 7.86897087097168
z: 1.9670181274414062
---
x: -0.08807136118412018
y: 7.869083404541016
z: 1.967132568359375
---
x: -0.08812425285577774
y: 7.86913537979126
z: 1.9672164916992188
---
x: -0.08812467753887177
y: 7.869160175323486
z: 1.9672927856445312
---
x: -0.08824732899665833
y: 7.869236469268799
z: 1.9673614501953125
---
x: -0.08827657997608185
y: 7.8692498207092285
z: 1.967376708984375
---
x: -0.08840643614530563
y: 7.869345188140869
z: 1.9673614501953125
---
x: -0.0885360911488533
y: 7.869418621063232
z: 1.9673233032226562
---
x: -0.08871424943208694
y: 7.869587421417236
z: 1.9672698974609375
---
x: -0.08882489055395126
y: 7.869678974151611
z: 1.9672012329101562
---
x: -0.0890517383813858
y: 7.8699822425842285
z: 1.967041015625
---
x: -0.08917686343193054
y: 7.87019681930542
z: 1.9669113159179688
---
x: -0.08934028446674347
y: 7.870555400848389
z: 1.9667892456054688
---
x: -0.08950551599264145
y: 7.87095308303833
z: 1.9666519165039062
---
x: -0.08964459598064423
y: 7.871341705322266
z: 1.9665451049804688
---
x: -0.08978680521249771
y: 7.871674060821533
z: 1.9664459228515625
---
x: -0.08998263627290726
y: 7.872265338897705
z: 1.9663543701171875
---
x: -0.09015001356601715
y: 7.872718334197998
z: 1.966339111328125
---
x: -0.09024886786937714
y: 7.873220920562744
z: 1.9663543701171875
---
x: -0.09042755514383316
y: 7.873946189880371
z: 1.966400146484375
---
x: -0.09049428999423981
y: 7.874510288238525
z: 1.9664306640625
---
x: -0.09064652770757675
y: 7.8751115798950195
z: 1.9664382934570312
---
x: -0.09070540219545364
y: 7.87588357925415
z: 1.966461181640625
---
x: -0.0908069983124733
y: 7.87654447555542
z: 1.9665298461914062
---
x: -0.09079628437757492
y: 7.877139568328857
z: 1.96661376953125
---
x: -0.09086526185274124
y: 7.8780083656311035
z: 1.966766357421875
---
x: -0.09082385152578354
y: 7.87855863571167
z: 1.9669036865234375
---
x: -0.09081428498029709
y: 7.879207134246826
z: 1.9670791625976562
---
x: -0.09068094938993454
y: 7.879974365234375
z: 1.9673614501953125
---
x: -0.090583935379982
y: 7.880621910095215
z: 1.9676132202148438
---
x: -0.09042001515626907
y: 7.88115930557251
z: 1.9679641723632812
---
x: -0.09023476392030716
y: 7.881889343261719
z: 1.9684982299804688
---
x: -0.09008415043354034
y: 7.882355213165283
z: 1.9689712524414062
---
x: -0.08986344188451767
y: 7.882798194885254
z: 1.9694595336914062
---
x: -0.08950839191675186
y: 7.883305549621582
z: 1.9701614379882812
---
x: -0.08911791443824768
y: 7.883637428283691
z: 1.970733642578125
---
x: -0.08874482661485672
y: 7.883944034576416
z: 1.9713592529296875
---
x: -0.08807703852653503
y: 7.884264945983887
z: 1.9722137451171875
---
x: -0.08759275823831558
y: 7.884520053863525
z: 1.9728546142578125
---
x: -0.0869612768292427
y: 7.88466215133667
z: 1.9735031127929688
---
x: -0.08616416156291962
y: 7.884848117828369
z: 1.9743118286132812
---
x: -0.08546779304742813
y: 7.884860992431641
z: 1.9748458862304688
---
x: -0.08484168350696564
y: 7.88494873046875
z: 1.9752655029296875
---
x: -0.08391518890857697
y: 7.884953498840332
z: 1.9757461547851562
---
x: -0.08326837420463562
y: 7.885011196136475
z: 1.9760208129882812
---
x: -0.08258768916130066
y: 7.884970664978027
z: 1.9762039184570312
---
x: -0.0817495584487915
y: 7.885036468505859
z: 1.9763565063476562
---
x: -0.08112719655036926
y: 7.884974002838135
z: 1.9764175415039062
---
x: -0.08051738888025284
y: 7.884963512420654
z: 1.9764785766601562
---
x: -0.07969266921281815
y: 7.8848419189453125
z: 1.9765243530273438
---
x: -0.07900476455688477
y: 7.884755611419678
z: 1.976531982421875
---
x: -0.07835536450147629
y: 7.884614944458008
z: 1.9765548706054688
---
x: -0.07737738639116287
y: 7.8844313621521
z: 1.9765472412109375
---
x: -0.07667647302150726
y: 7.884372711181641
z: 1.9765243530273438
---
x: -0.07588054239749908
y: 7.884316921234131
z: 1.97650146484375
---
x: -0.0748402327299118
y: 7.884314060211182
z: 1.9764556884765625
---
x: -0.07395099848508835
y: 7.884288787841797
z: 1.9764556884765625
---
x: -0.07310314476490021
y: 7.884373664855957
z: 1.976470947265625
---
x: -0.0718037486076355
y: 7.884390354156494
z: 1.9764785766601562
---
x: -0.07087017595767975
y: 7.884490966796875
z: 1.9764862060546875
---
x: -0.06987906247377396
y: 7.884512901306152
z: 1.976531982421875
---
x: -0.06859663128852844
y: 7.884644031524658
z: 1.97662353515625
---
x: -0.06756465882062912
y: 7.884647846221924
z: 1.9767379760742188
---
x: -0.06655029207468033
y: 7.884718418121338
z: 1.9769058227539062
---
x: -0.06519248336553574
y: 7.884683132171631
z: 1.9771652221679688
---
x: -0.06417400389909744
y: 7.8846659660339355
z: 1.9774169921875
---
x: -0.06318458914756775
y: 7.884581089019775
z: 1.9777145385742188
---
x: -0.06191536411643028
y: 7.884479522705078
z: 1.9781341552734375
---
x: -0.06103109195828438
y: 7.884401321411133
z: 1.9784317016601562
---
x: -0.060100242495536804
y: 7.884282112121582
z: 1.9786911010742188
---
x: -0.058944221585989
y: 7.884079456329346
z: 1.9790267944335938
---
x: -0.05801137909293175
y: 7.883836269378662
z: 1.9792556762695312
---
x: -0.05715027078986168
y: 7.883633613586426
z: 1.9794692993164062
---
x: -0.05588632822036743
y: 7.883235454559326
z: 1.9797210693359375
---
x: -0.05499744042754173
y: 7.882987976074219
z: 1.9798812866210938
---
x: -0.0540323443710804
y: 7.882607936859131
z: 1.9800033569335938
---
x: -0.05285709351301193
y: 7.882165431976318
z: 1.9800872802734375
---
x: -0.05195144936442375
y: 7.881710052490234
z: 1.9801177978515625
---
x: -0.05109906196594238
y: 7.881335735321045
z: 1.9801101684570312
---
x: -0.04992948845028877
y: 7.880753040313721
z: 1.9800796508789062
---
x: -0.049067895859479904
y: 7.880388259887695
z: 1.9800491333007812
---
x: -0.04821134731173515
y: 7.87993049621582
z: 1.980010986328125
---
x: -0.047053173184394836
y: 7.879360675811768
z: 1.9799728393554688
---
x: -0.046247947961091995
y: 7.8788933753967285
z: 1.9799118041992188
---
x: -0.04545043408870697
y: 7.878425121307373
z: 1.9798355102539062
---
x: -0.044465553015470505
y: 7.877763748168945
z: 1.9797210693359375
---
x: -0.04369732737541199
y: 7.877216339111328
z: 1.9796829223632812
---
x: -0.04307692125439644
y: 7.876678466796875
z: 1.9796676635742188
---
x: -0.042264074087142944
y: 7.875847816467285
z: 1.9796600341796875
---
x: -0.04181363061070442
y: 7.875302314758301
z: 1.9796295166015625
---
x: -0.04133913293480873
y: 7.8747076988220215
z: 1.9795761108398438
---
x: -0.040944695472717285
y: 7.874058246612549
z: 1.9794845581054688
---
x: -0.040665119886398315
y: 7.8735198974609375
z: 1.979400634765625
---
x: -0.04050811752676964
y: 7.873136043548584
z: 1.9792633056640625
---
x: -0.04035557061433792
y: 7.872564315795898
z: 1.9790420532226562
---
x: -0.04031878709793091
y: 7.872233867645264
z: 1.9788131713867188
---
x: -0.04023895040154457
y: 7.871866226196289
z: 1.9785308837890625
---
x: -0.04023478552699089
y: 7.871554374694824
z: 1.9780960083007812
---
x: -0.04030150920152664
y: 7.871304035186768
z: 1.9777297973632812
---
x: -0.04037344083189964
y: 7.871115207672119
z: 1.9773406982421875
---
x: -0.04048508033156395
y: 7.870854377746582
z: 1.9767608642578125
---
x: -0.04053688049316406
y: 7.870730876922607
z: 1.9762954711914062
---
x: -0.040646638721227646
y: 7.870635509490967
z: 1.9757919311523438
---
x: -0.040697988122701645
y: 7.8705010414123535
z: 1.9750747680664062
---
x: -0.04081268981099129
y: 7.870458126068115
z: 1.9745254516601562
---
x: -0.040819209069013596
y: 7.870387554168701
z: 1.9739761352539062
---
x: -0.04089507460594177
y: 7.87042760848999
z: 1.9732437133789062
---
x: -0.04089698567986488
y: 7.870412826538086
z: 1.9726943969726562
---
x: -0.040993064641952515
y: 7.870554447174072
z: 1.9721527099609375
---
x: -0.041024524718523026
y: 7.870677947998047
z: 1.97149658203125
---
x: -0.041062645614147186
y: 7.870901107788086
z: 1.971038818359375
---
x: -0.041025277227163315
y: 7.871054172515869
z: 1.970611572265625
---
x: -0.041087985038757324
y: 7.871397972106934
z: 1.970123291015625
---
x: -0.04115993529558182
y: 7.871613502502441
z: 1.969818115234375
---
x: -0.04124646261334419
y: 7.871910095214844
z: 1.9695358276367188
---
x: -0.04143378138542175
y: 7.872291088104248
z: 1.9691848754882812
---
x: -0.04157803952693939
y: 7.872624397277832
z: 1.9689407348632812
---
x: -0.04178009182214737
y: 7.8729376792907715
z: 1.9687271118164062
---
x: -0.04202141612768173
y: 7.873331069946289
z: 1.968475341796875
---
x: -0.04225735366344452
y: 7.873643398284912
z: 1.9683074951171875
---
x: -0.042448628693819046
y: 7.873926162719727
z: 1.9681472778320312
---
x: -0.042811308056116104
y: 7.874342441558838
z: 1.9678802490234375
---
x: -0.04304143786430359
y: 7.87459135055542
z: 1.9676513671875
---
x: -0.04339979216456413
y: 7.874920845031738
z: 1.9673843383789062
---
x: -0.04382763057947159
y: 7.875244140625
z: 1.967010498046875
---
x: -0.04423757642507553
y: 7.875551223754883
z: 1.9667205810546875
---
x: -0.04458962380886078
y: 7.8757548332214355
z: 1.9664230346679688
---
x: -0.04520051181316376
y: 7.876113414764404
z: 1.9660186767578125
---
x: -0.045687075704336166
y: 7.876286029815674
z: 1.9657058715820312
---
x: -0.046246856451034546
y: 7.876511096954346
z: 1.9654006958007812
---
x: -0.046996425837278366
y: 7.876638889312744
z: 1.964996337890625
---
x: -0.047565363347530365
y: 7.876739978790283
z: 1.9646682739257812
---
x: -0.04819883406162262
y: 7.876769542694092
z: 1.9643325805664062
---
x: -0.04907999932765961
y: 7.876787185668945
z: 1.96392822265625
---
x: -0.049821771681308746
y: 7.876774311065674
z: 1.9636688232421875
---
x: -0.050534553825855255
y: 7.876710414886475
z: 1.9634017944335938
---
x: -0.051590919494628906
y: 7.876533508300781
z: 1.9630889892578125
---
x: -0.0523490384221077
y: 7.876286029815674
z: 1.9628372192382812
---
x: -0.053205620497465134
y: 7.876056671142578
z: 1.9626007080078125
---
x: -0.05425092577934265
y: 7.875611782073975
z: 1.9622802734375
---
x: -0.055135659873485565
y: 7.8752827644348145
z: 1.962066650390625
---
x: -0.05597436800599098
y: 7.874818325042725
z: 1.9618453979492188
---
x: -0.05724119767546654
y: 7.874302387237549
z: 1.9615097045898438
---
x: -0.05817367881536484
y: 7.8738017082214355
z: 1.9612808227539062
---
x: -0.05917702615261078
y: 7.87335729598999
z: 1.9610366821289062
---
x: -0.06048807129263878
y: 7.872572422027588
z: 1.9606781005859375
---
x: -0.06153303012251854
y: 7.871984958648682
z: 1.96038818359375
---
x: -0.06257546693086624
y: 7.871294021606445
z: 1.9601287841796875
---
x: -0.06398917734622955
y: 7.8703694343566895
z: 1.9598236083984375
---
x: -0.06512562930583954
y: 7.869640827178955
z: 1.9595870971679688
---
x: -0.06622917205095291
y: 7.868971347808838
z: 1.9593658447265625
---
x: -0.06767164170742035
y: 7.868086338043213
z: 1.9590988159179688
---
x: -0.06865618377923965
y: 7.867402076721191
z: 1.9589309692382812
---
x: -0.0696917474269867
y: 7.866759300231934
z: 1.9587783813476562
---
x: -0.07093905657529831
y: 7.865782737731934
z: 1.95855712890625
---
x: -0.07192189991474152
y: 7.865103244781494
z: 1.9584579467773438
---
x: -0.07276193797588348
y: 7.864356994628906
z: 1.9583663940429688
---
x: -0.07392051070928574
y: 7.863497257232666
z: 1.9583206176757812
---
x: -0.07468778640031815
y: 7.862786293029785
z: 1.9583282470703125
---
x: -0.0755106508731842
y: 7.862174034118652
z: 1.9583663940429688
---
x: -0.07650327682495117
y: 7.861245155334473
z: 1.9584808349609375
---
x: -0.07721874117851257
y: 7.860645771026611
z: 1.9586257934570312
---
x: -0.0778340995311737
y: 7.859975814819336
z: 1.9588088989257812
---
x: -0.07856382429599762
y: 7.859251022338867
z: 1.9591217041015625
---
x: -0.07904773205518723
y: 7.858719348907471
z: 1.9594039916992188
---
x: -0.07944968342781067
y: 7.858300685882568
z: 1.9597091674804688
---
x: -0.07990967482328415
y: 7.857717990875244
z: 1.9601821899414062
---
x: -0.08017117530107498
y: 7.857302188873291
z: 1.9605941772460938
---
x: -0.08047613501548767
y: 7.8569183349609375
z: 1.9610595703125
---
x: -0.08081135898828506
y: 7.856447696685791
z: 1.9617919921875
---
x: -0.08110922574996948
y: 7.856213092803955
z: 1.96240234375
---
x: -0.08130653947591782
y: 7.855951309204102
z: 1.9630126953125
---
x: -0.0816836953163147
y: 7.855734825134277
z: 1.9638290405273438
---
x: -0.08192398399114609
y: 7.8555378913879395
z: 1.964447021484375
---
x: -0.08227716386318207
y: 7.855462551116943
z: 1.96502685546875
---
x: -0.08267868310213089
y: 7.855312347412109
z: 1.9656906127929688
---
x: -0.08300710469484329
y: 7.85532808303833
z: 1.9661331176757812
---
x: -0.08326161652803421
y: 7.8552656173706055
z: 1.966552734375
---
x: -0.08359991759061813
y: 7.8553080558776855
z: 1.9670257568359375
---
x: -0.08379809558391571
y: 7.855269908905029
z: 1.9673538208007812
---
x: -0.08398836851119995
y: 7.85529899597168
z: 1.9676513671875
---
x: -0.08426326513290405
y: 7.855203628540039
z: 1.9680252075195312
---
x: -0.08442568778991699
y: 7.85515022277832
z: 1.9683151245117188
---
x: -0.08461945503950119
y: 7.855041980743408
z: 1.9686279296875
---
x: -0.08483365923166275
y: 7.854888916015625
z: 1.9690628051757812
---
x: -0.08500945568084717
y: 7.854761123657227
z: 1.9693832397460938
---
x: -0.08508680015802383
y: 7.854605197906494
z: 1.9697036743164062
---
x: -0.0852607861161232
y: 7.854470252990723
z: 1.9701004028320312
---
x: -0.08533573150634766
y: 7.854315280914307
z: 1.9703826904296875
---
x: -0.08551127463579178
y: 7.854206085205078
z: 1.9706344604492188
---
x: -0.08558182418346405
y: 7.853918075561523
z: 1.9709243774414062
---
x: -0.08567681908607483
y: 7.853760719299316
z: 1.97113037109375
---
x: -0.08567532896995544
y: 7.8534932136535645
z: 1.9713287353515625
---
x: -0.08578060567378998
y: 7.853277206420898
z: 1.971588134765625
---
x: -0.08580619096755981
y: 7.853082656860352
z: 1.9717330932617188
---
x: -0.0858587920665741
y: 7.853018283843994
z: 1.9718246459960938
---
x: -0.08588601648807526
y: 7.852849006652832
z: 1.9718780517578125
---
x: -0.08592388033866882
y: 7.85278844833374
z: 1.9718704223632812
---
x: -0.08598074316978455
y: 7.8527045249938965
z: 1.9718246459960938
---
x: -0.08608134090900421
y: 7.852686882019043
z: 1.9716720581054688
---
x: -0.08621936291456223
y: 7.85270357131958
z: 1.971527099609375
---
x: -0.08630236983299255
y: 7.852731227874756
z: 1.97137451171875
---
x: -0.08647707849740982
y: 7.852817058563232
z: 1.9711380004882812
---
x: -0.08660858869552612
y: 7.852855205535889
z: 1.9709243774414062
---
x: -0.086848184466362
y: 7.852934837341309
z: 1.9706878662109375
---
x: -0.08714817464351654
y: 7.8530192375183105
z: 1.9703598022460938
---
x: -0.0874783843755722
y: 7.853181838989258
z: 1.9701004028320312
---
x: -0.08772420138120651
y: 7.853265762329102
z: 1.9698486328125
---
x: -0.08819925040006638
y: 7.853479862213135
z: 1.9695281982421875
---
x: -0.08851443231105804
y: 7.853564262390137
z: 1.9693222045898438
---
x: -0.08889760076999664
y: 7.853768348693848
z: 1.9691162109375
---
x: -0.08935258537530899
y: 7.85393762588501
z: 1.9688873291015625
---
x: -0.08971486985683441
y: 7.854150295257568
z: 1.9687271118164062
---
x: -0.09006214886903763
y: 7.854304313659668
z: 1.9686050415039062
---
x: -0.09052448719739914
y: 7.854582786560059
z: 1.968475341796875
---
x: -0.09084327518939972
y: 7.854800224304199
z: 1.9683990478515625
---
x: -0.09111849218606949
y: 7.855032444000244
z: 1.9683456420898438
---
x: -0.09153435379266739
y: 7.855352401733398
z: 1.9682998657226562
---
x: -0.09178709983825684
y: 7.855602264404297
z: 1.96826171875
---
x: -0.09208151698112488
y: 7.85587215423584
z: 1.9681777954101562
---
x: -0.09235760569572449
y: 7.856133937835693
z: 1.9680023193359375
---
x: -0.09261759370565414
y: 7.856395244598389
z: 1.9677581787109375
---
x: -0.09279739111661911
y: 7.856586933135986
z: 1.9674301147460938
---
x: -0.09305538982152939
y: 7.856914043426514
z: 1.9669113159179688
---
x: -0.09313241392374039
y: 7.85709285736084
z: 1.966461181640625
---
x: -0.0932539701461792
y: 7.857368469238281
z: 1.9659881591796875
---
x: -0.09330791980028152
y: 7.857600212097168
z: 1.9653167724609375
---
x: -0.0933259129524231
y: 7.8578410148620605
z: 1.9647598266601562
---
x: -0.09328226000070572
y: 7.857987403869629
z: 1.9641571044921875
---
x: -0.0932328924536705
y: 7.8582587242126465
z: 1.9633331298828125
---
x: -0.0931885838508606
y: 7.858393669128418
z: 1.96270751953125
---
x: -0.09310697764158249
y: 7.858573913574219
z: 1.9621200561523438
---
x: -0.0929652601480484
y: 7.858775615692139
z: 1.9613876342773438
---
x: -0.09275702387094498
y: 7.8589277267456055
z: 1.9608993530273438
---
x: -0.09255644679069519
y: 7.8591108322143555
z: 1.9604644775390625
---
x: -0.09214641153812408
y: 7.859416961669922
z: 1.9599761962890625
---
x: -0.09189106523990631
y: 7.859716415405273
z: 1.9597244262695312
---
x: -0.09154858440160751
y: 7.859974384307861
z: 1.9595413208007812
---
x: -0.09110977500677109
y: 7.860398292541504
z: 1.9594497680664062
---
x: -0.09065420925617218
y: 7.860609531402588
z: 1.9594879150390625
---
x: -0.09022214263677597
y: 7.860881805419922
z: 1.9595718383789062
---
x: -0.0894431546330452
y: 7.861119270324707
z: 1.9598159790039062
---
x: -0.08885516226291656
y: 7.861370086669922
z: 1.9600753784179688
---
x: -0.08812849968671799
y: 7.8614654541015625
z: 1.96038818359375
---
x: -0.08716579526662827
y: 7.861679553985596
z: 1.9608840942382812
---
x: -0.08637502789497375
y: 7.861746311187744
z: 1.961273193359375
---
x: -0.08555535227060318
y: 7.861869812011719
z: 1.9616546630859375
---
x: -0.08442851155996323
y: 7.8619489669799805
z: 1.9621658325195312
---
x: -0.08358543366193771
y: 7.862010478973389
z: 1.962554931640625
---
x: -0.08278312534093857
y: 7.862044811248779
z: 1.9629364013671875
---
x: -0.08168795704841614
y: 7.862024307250977
z: 1.9633941650390625
---
x: -0.08094073086977005
y: 7.86199951171875
z: 1.9637069702148438
---
x: -0.0801282525062561
y: 7.861907958984375
z: 1.9640350341796875
---
x: -0.07913923263549805
y: 7.8618035316467285
z: 1.9644317626953125
---
x: -0.07832464575767517
y: 7.86162805557251
z: 1.9646759033203125
---
x: -0.07758158445358276
y: 7.861510753631592
z: 1.9648895263671875
---
x: -0.07649704813957214
y: 7.861222743988037
z: 1.9651565551757812
---
x: -0.07573636621236801
y: 7.861072540283203
z: 1.9653549194335938
---
x: -0.07487784326076508
y: 7.860823631286621
z: 1.9655303955078125
---
x: -0.07382162660360336
y: 7.860650539398193
z: 1.9656906127929688
---
x: -0.07298828661441803
y: 7.860508918762207
z: 1.965789794921875
---
x: -0.07220101356506348
y: 7.860513687133789
z: 1.9658432006835938
---
x: -0.07115130871534348
y: 7.860429286956787
z: 1.9659576416015625
---
x: -0.07037704437971115
y: 7.8604254722595215
z: 1.966064453125
---
x: -0.06961313635110855
y: 7.860421657562256
z: 1.9661636352539062
---
x: -0.06856335699558258
y: 7.860540390014648
z: 1.9662857055664062
---
x: -0.06785567104816437
y: 7.8606767654418945
z: 1.9663467407226562
---
x: -0.06712747365236282
y: 7.860856533050537
z: 1.9663543701171875
---
x: -0.066314198076725
y: 7.861202239990234
z: 1.9662704467773438
---
x: -0.06570222228765488
y: 7.861477375030518
z: 1.9662094116210938
---
x: -0.06519319862127304
y: 7.861841201782227
z: 1.9661865234375
---
x: -0.06449486315250397
y: 7.862300872802734
z: 1.9661865234375
---
x: -0.06408767402172089
y: 7.862743854522705
z: 1.9662322998046875
---
x: -0.06364699453115463
y: 7.863105773925781
z: 1.9662933349609375
---
x: -0.06322668492794037
y: 7.863722801208496
z: 1.966400146484375
---
x: -0.06290674209594727
y: 7.864135265350342
z: 1.9664993286132812
---
x: -0.06268450617790222
y: 7.86468505859375
z: 1.9665908813476562
---
x: -0.06235832720994949
y: 7.865317344665527
z: 1.9667282104492188
---
x: -0.06210855767130852
y: 7.865860462188721
z: 1.9668045043945312
---
x: -0.06185956299304962
y: 7.866331577301025
z: 1.9668350219726562
---
x: -0.061575986444950104
y: 7.867104530334473
z: 1.9668121337890625
---
x: -0.061421316117048264
y: 7.867642402648926
z: 1.9667816162109375
---
x: -0.06129720062017441
y: 7.868208885192871
z: 1.9667510986328125
---
x: -0.06120801717042923
y: 7.868940353393555
z: 1.9667205810546875
---
x: -0.06109387427568436
y: 7.869458198547363
z: 1.9667434692382812
---
x: -0.06107046827673912
y: 7.869986534118652
z: 1.96685791015625
---
x: -0.06098821014165878
y: 7.87061882019043
z: 1.9671783447265625
---
x: -0.061018217355012894
y: 7.871139049530029
z: 1.967498779296875
---
x: -0.0609673373401165
y: 7.8715643882751465
z: 1.9678573608398438
---
x: -0.06103019788861275
y: 7.872158527374268
z: 1.9683380126953125
---
x: -0.061018165200948715
y: 7.872501850128174
z: 1.9687347412109375
---
x: -0.06111874058842659
y: 7.872945308685303
z: 1.969146728515625
---
x: -0.06125881150364876
y: 7.873394966125488
z: 1.9697189331054688
---
x: -0.061449263244867325
y: 7.873776912689209
z: 1.9701461791992188
---
x: -0.06162267550826073
y: 7.87407922744751
z: 1.9706268310546875
---
x: -0.0619502030313015
y: 7.8745622634887695
z: 1.9713363647460938
---
x: -0.06222154200077057
y: 7.874835014343262
z: 1.9718856811523438
---
x: -0.06253783404827118
y: 7.875154495239258
z: 1.9724044799804688
---
x: -0.06303679198026657
y: 7.875513553619385
z: 1.9730987548828125
---
x: -0.06342906504869461
y: 7.875752925872803
z: 1.9735946655273438
---
x: -0.06391696631908417
y: 7.8759660720825195
z: 1.9740982055664062
---
x: -0.06452907621860504
y: 7.876211166381836
z: 1.9748306274414062
---
x: -0.06509344279766083
y: 7.876411437988281
z: 1.9754409790039062
---
x: -0.06556810438632965
y: 7.876552581787109
z: 1.976104736328125
---
x: -0.06630381941795349
y: 7.876708507537842
z: 1.9770355224609375
---
x: -0.0667700469493866
y: 7.876711845397949
z: 1.9777450561523438
---
x: -0.0673033818602562
y: 7.876772403717041
z: 1.978515625
---
x: -0.06783709675073624
y: 7.876767158508301
z: 1.9796066284179688
---
x: -0.06824244558811188
y: 7.876805782318115
z: 1.9804306030273438
---
x: -0.06854643672704697
y: 7.876694202423096
z: 1.9812393188476562
---
x: -0.06891661882400513
y: 7.876601219177246
z: 1.9823074340820312
---
x: -0.0691084936261177
y: 7.876453399658203
z: 1.9831085205078125
---
x: -0.06925370544195175
y: 7.876388072967529
z: 1.9839096069335938
---
x: -0.0693691149353981
y: 7.876221656799316
z: 1.9848861694335938
---
x: -0.06937109678983688
y: 7.876112937927246
z: 1.9855880737304688
---
x: -0.06934566795825958
y: 7.875990390777588
z: 1.9862899780273438
---
x: -0.06917505711317062
y: 7.8759050369262695
z: 1.987152099609375
---
x: -0.06906233727931976
y: 7.875870704650879
z: 1.9877548217773438
---
x: -0.0688580870628357
y: 7.875819206237793
z: 1.9883270263671875
---
x: -0.06865378469228745
y: 7.87577486038208
z: 1.9890060424804688
---
x: -0.06840774416923523
y: 7.8756585121154785
z: 1.9894561767578125
---
x: -0.06824333965778351
y: 7.875617504119873
z: 1.9898529052734375
---
x: -0.06792780756950378
y: 7.875498294830322
z: 1.9902801513671875
---
x: -0.06776019185781479
y: 7.875467300415039
z: 1.99053955078125
---
x: -0.06749016046524048
y: 7.875315189361572
z: 1.9907302856445312
---
x: -0.06719934195280075
y: 7.875243186950684
z: 1.9908599853515625
---
x: -0.06696450710296631
y: 7.875097751617432
z: 1.9908981323242188
---
x: -0.06680967658758163
y: 7.875027179718018
z: 1.99090576171875
---
x: -0.0666438564658165
y: 7.874802112579346
z: 1.990875244140625
---
x: -0.06654411554336548
y: 7.874679088592529
z: 1.9908218383789062
---
x: -0.06647038459777832
y: 7.874495029449463
z: 1.9907989501953125
---
x: -0.06643528491258621
y: 7.874283790588379
z: 1.9907913208007812
---
x: -0.06647777557373047
y: 7.87408447265625
z: 1.9907913208007812
---
x: -0.06649460643529892
y: 7.873866081237793
z: 1.9907989501953125
---
x: -0.06663026660680771
y: 7.8735222816467285
z: 1.9908294677734375
---
x: -0.06669700890779495
y: 7.87319278717041
z: 1.9908676147460938
---
x: -0.06687966734170914
y: 7.8728861808776855
z: 1.9908981323242188
---
x: -0.06704285740852356
y: 7.872364521026611
z: 1.9909515380859375
---
x: -0.06724600493907928
y: 7.872032642364502
z: 1.9909820556640625
---
x: -0.06736251711845398
y: 7.871599197387695
z: 1.9909820556640625
---
x: -0.06756851822137833
y: 7.8711700439453125
z: 1.990997314453125
---
x: -0.06765826791524887
y: 7.870779037475586
z: 1.9910202026367188
---
x: -0.06779462099075317
y: 7.870491027832031
z: 1.9909820556640625
---
x: -0.06785712391138077
y: 7.869966983795166
z: 1.9908447265625
---
x: -0.06792627274990082
y: 7.869642734527588
z: 1.9906845092773438
---
x: -0.06799012422561646
y: 7.869241237640381
z: 1.990509033203125
---
x: -0.06808461248874664
y: 7.868846893310547
z: 1.9902267456054688
---
x: -0.06814680248498917
y: 7.868570804595947
z: 1.9899673461914062
---
x: -0.06817865371704102
y: 7.868325233459473
z: 1.9896774291992188
---
x: -0.06823676824569702
y: 7.868048191070557
z: 1.9892730712890625
---
x: -0.06822966039180756
y: 7.8678297996521
z: 1.9889450073242188
---
x: -0.06829454004764557
y: 7.867639541625977
z: 1.98858642578125
---
x: -0.0683395192027092
y: 7.8673577308654785
z: 1.9881210327148438
---
x: -0.06846876442432404
y: 7.867226600646973
z: 1.9877853393554688
---
x: -0.06850863993167877
y: 7.867026329040527
z: 1.9874343872070312
---
x: -0.0686461329460144
y: 7.866885662078857
z: 1.9870147705078125
---
x: -0.06868218630552292
y: 7.866722583770752
z: 1.986724853515625
---
x: -0.06879184395074844
y: 7.866679668426514
z: 1.9864349365234375
---
x: -0.06885253638029099
y: 7.866550922393799
z: 1.9860305786132812
---
x: -0.06895016133785248
y: 7.866541862487793
z: 1.9857025146484375
---
x: -0.06901813298463821
y: 7.866450786590576
z: 1.9853668212890625
---
x: -0.06916791945695877
y: 7.866489410400391
z: 1.9849014282226562
---
x: -0.06926951557397842
y: 7.866441249847412
z: 1.9845046997070312
---
x: -0.0693490132689476
y: 7.86644172668457
z: 1.984100341796875
---
x: -0.06945353001356125
y: 7.8663482666015625
z: 1.9835586547851562
---
x: -0.06948363035917282
y: 7.866283893585205
z: 1.983154296875
---
x: -0.06958471983671188
y: 7.8662238121032715
z: 1.9827728271484375
---
x: -0.06969346106052399
y: 7.866143226623535
z: 1.9823074340820312
---
x: -0.06986483186483383
y: 7.866121292114258
z: 1.9819488525390625
---
x: -0.0699220597743988
y: 7.866013050079346
z: 1.9816436767578125
---
x: -0.07006081193685532
y: 7.865934371948242
z: 1.981292724609375
---
x: -0.07011780887842178
y: 7.865814208984375
z: 1.9810409545898438
---
x: -0.07024609297513962
y: 7.865724086761475
z: 1.9807891845703125
---
x: -0.07031591236591339
y: 7.865479469299316
z: 1.98046875
---
x: -0.07041556388139725
y: 7.865437030792236
z: 1.9802093505859375
---
x: -0.07046134024858475
y: 7.865272521972656
z: 1.9799575805664062
---
x: -0.07056909054517746
y: 7.8651204109191895
z: 1.9796371459960938
---
x: -0.07062961161136627
y: 7.864906311035156
z: 1.97943115234375
---
x: -0.07070942968130112
y: 7.864765167236328
z: 1.9792251586914062
---
x: -0.07082495093345642
y: 7.864486217498779
z: 1.9790115356445312
---
x: -0.07093673944473267
y: 7.864235877990723
z: 1.9788360595703125
---
x: -0.07102204859256744
y: 7.864096164703369
z: 1.978759765625
---
x: -0.07114826887845993
y: 7.86384916305542
z: 1.9786148071289062
---
x: -0.07131446152925491
y: 7.863701343536377
z: 1.978546142578125
---
x: -0.07140328735113144
y: 7.863537311553955
z: 1.9785232543945312
---
x: -0.07153825461864471
y: 7.863347053527832
z: 1.9785232543945312
---
x: -0.07152236998081207
y: 7.863132476806641
z: 1.9785385131835938
---
x: -0.07156386971473694
y: 7.862959861755371
z: 1.97857666015625
---
x: -0.07149205356836319
y: 7.86264705657959
z: 1.9786376953125
---
x: -0.07146874815225601
y: 7.862513065338135
z: 1.9786224365234375
---
x: -0.0713476836681366
y: 7.862265110015869
z: 1.97857666015625
---
x: -0.0712599977850914
y: 7.862060546875
z: 1.9784622192382812
---
x: -0.07114054262638092
y: 7.8618292808532715
z: 1.9783706665039062
---
x: -0.07103002071380615
y: 7.861676216125488
z: 1.978271484375
---
x: -0.07083890587091446
y: 7.8613667488098145
z: 1.9781341552734375
---
x: -0.07071314007043839
y: 7.861144542694092
z: 1.9780349731445312
---
x: -0.0705704614520073
y: 7.860863208770752
z: 1.9779129028320312
---
x: -0.07034175843000412
y: 7.860599040985107
z: 1.9777374267578125
---
x: -0.07019321620464325
y: 7.860390663146973
z: 1.9776229858398438
---
x: -0.06997199356555939
y: 7.86021614074707
z: 1.9775238037109375
---
x: -0.06964517384767532
y: 7.860023021697998
z: 1.9774856567382812
---
x: -0.06930535286664963
y: 7.859890937805176
z: 1.9774932861328125
---
x: -0.06902369856834412
y: 7.859800815582275
z: 1.977508544921875
---
x: -0.06852671504020691
y: 7.859636306762695
z: 1.977569580078125
---
x: -0.06823494285345078
y: 7.8596343994140625
z: 1.9776840209960938
---
x: -0.06782479584217072
y: 7.859593391418457
z: 1.9778518676757812
---
x: -0.06735385209321976
y: 7.859726905822754
z: 1.9780731201171875
---
x: -0.06693264096975327
y: 7.859820365905762
z: 1.9782257080078125
---
x: -0.06655317544937134
y: 7.86008358001709
z: 1.9784011840820312
---
x: -0.06597018241882324
y: 7.860361576080322
z: 1.9786300659179688
---
x: -0.06554926931858063
y: 7.860694408416748
z: 1.9788055419921875
---
x: -0.06516624987125397
y: 7.8610029220581055
z: 1.9789657592773438
---
x: -0.06473372131586075
y: 7.86153507232666
z: 1.979156494140625
---
x: -0.06447327882051468
y: 7.861875057220459
z: 1.9793014526367188
---
x: -0.06411828845739365
y: 7.862353324890137
z: 1.9794845581054688
---
x: -0.06392814964056015
y: 7.8627543449401855
z: 1.9796218872070312
---
x: -0.06371184438467026
y: 7.863120079040527
z: 1.979766845703125
---
x: -0.0635637417435646
y: 7.863657474517822
z: 1.979949951171875
---
x: -0.06341615319252014
y: 7.864013195037842
z: 1.9800567626953125
---
x: -0.06338123977184296
y: 7.864477634429932
z: 1.9801483154296875
---
x: -0.06324664503335953
y: 7.8649983406066895
z: 1.9802780151367188
---
x: -0.06320744007825851
y: 7.8654961585998535
z: 1.980377197265625
---
x: -0.06310238689184189
y: 7.865923881530762
z: 1.9804611206054688
---
x: -0.06306402385234833
y: 7.866612911224365
z: 1.9805221557617188
---
x: -0.06303004175424576
y: 7.867063999176025
z: 1.9805068969726562
---
x: -0.06307727843523026
y: 7.867575645446777
z: 1.9804611206054688
---
x: -0.0631241425871849
y: 7.868191719055176
z: 1.9803924560546875
---
x: -0.0631931945681572
y: 7.86875057220459
z: 1.9803314208984375
---
x: -0.063313327729702
y: 7.869292736053467
z: 1.9802780151367188
---
x: -0.06347303837537766
y: 7.870114803314209
z: 1.9801712036132812
---
x: -0.06369038671255112
y: 7.870783805847168
z: 1.9801177978515625
---
x: -0.06385081261396408
y: 7.87147331237793
z: 1.9800872802734375
---
x: -0.06409154832363129
y: 7.872367858886719
z: 1.980010986328125
---
x: -0.06414400041103363
y: 7.87298059463501
z: 1.9799270629882812
---
x: -0.0642317533493042
y: 7.873665809631348
z: 1.97979736328125
---
x: -0.06413399428129196
y: 7.874447822570801
z: 1.9795761108398438
---
x: -0.0640966072678566
y: 7.875088214874268
z: 1.9794235229492188
---
x: -0.06395574659109116
y: 7.875628471374512
z: 1.9792633056640625
---
x: -0.06386146694421768
y: 7.8764567375183105
z: 1.9790267944335938
---
x: -0.06374435871839523
y: 7.876993179321289
z: 1.9788436889648438
---
x: -0.06368743628263474
y: 7.877615451812744
z: 1.9786148071289062
---
x: -0.06351747363805771
y: 7.878353595733643
z: 1.9782562255859375
---
x: -0.06337079405784607
y: 7.878949165344238
z: 1.9779129028320312
---
x: -0.06322801858186722
y: 7.879430294036865
z: 1.9775543212890625
---
x: -0.06308621168136597
y: 7.880044937133789
z: 1.9770889282226562
---
x: -0.06300260871648788
y: 7.880453586578369
z: 1.97674560546875
---
x: -0.06291954964399338
y: 7.880880832672119
z: 1.9763641357421875
---
x: -0.06290485709905624
y: 7.881435871124268
z: 1.9758682250976562
---
x: -0.06282821297645569
y: 7.881816864013672
z: 1.9755172729492188
---
x: -0.06281054019927979
y: 7.882228374481201
z: 1.97515869140625
---
x: -0.06270718574523926
y: 7.8826985359191895
z: 1.974609375
---
x: -0.06271810084581375
y: 7.883081436157227
z: 1.9741592407226562
---
x: -0.06267169862985611
y: 7.883358001708984
z: 1.9736557006835938
---
x: -0.06277409195899963
y: 7.883729457855225
z: 1.972869873046875
---
x: -0.0627870261669159
y: 7.883890628814697
z: 1.9722900390625
---
x: -0.06289760768413544
y: 7.8841047286987305
z: 1.9716720581054688
---
x: -0.063015416264534
y: 7.884218692779541
z: 1.9708099365234375
---
x: -0.06317585706710815
y: 7.884336471557617
z: 1.97021484375
---
x: -0.06332273036241531
y: 7.884315490722656
z: 1.9696884155273438
---
x: -0.0635426789522171
y: 7.88432502746582
z: 1.969085693359375
---
x: -0.063728466629982
y: 7.884250164031982
z: 1.9687347412109375
---
x: -0.06392604857683182
y: 7.884193420410156
z: 1.9684677124023438
---
x: -0.06423450261354446
y: 7.8841047286987305
z: 1.9682083129882812
---
x: -0.06441832333803177
y: 7.884068489074707
z: 1.9680862426757812
---
x: -0.06464575976133347
y: 7.8840203285217285
z: 1.9680099487304688
---
x: -0.06481711566448212
y: 7.883932113647461
z: 1.9680023193359375
---
x: -0.06499537825584412
y: 7.883937358856201
z: 1.96807861328125
---
x: -0.06506620347499847
y: 7.883883953094482
z: 1.9682540893554688
---
x: -0.06525944918394089
y: 7.883876800537109
z: 1.9685745239257812
---
x: -0.06531386822462082
y: 7.883820533752441
z: 1.96893310546875
---
x: -0.06545183062553406
y: 7.883840560913086
z: 1.9693679809570312
---
x: -0.06553245335817337
y: 7.883748531341553
z: 1.970062255859375
---
x: -0.06563948839902878
y: 7.883782386779785
z: 1.9706268310546875
---
x: -0.0656665712594986
y: 7.883741855621338
z: 1.971221923828125
---
x: -0.06573700159788132
y: 7.883876323699951
z: 1.9720840454101562
---
x: -0.06579175591468811
y: 7.883960247039795
z: 1.9727859497070312
---
x: -0.06588298827409744
y: 7.884126663208008
z: 1.9734954833984375
---
x: -0.06597564369440079
y: 7.884281158447266
z: 1.974456787109375
---
x: -0.06598266214132309
y: 7.884420394897461
z: 1.9751358032226562
---
x: -0.0660226121544838
y: 7.884527683258057
z: 1.9758071899414062
---
x: -0.06601477414369583
y: 7.884642601013184
z: 1.9766464233398438
---
x: -0.06610751897096634
y: 7.884729385375977
z: 1.97723388671875
---
x: -0.06613250821828842
y: 7.884773254394531
z: 1.977783203125
---
x: -0.06629814952611923
y: 7.884843826293945
z: 1.97845458984375
---
x: -0.06638561934232712
y: 7.884843349456787
z: 1.9789352416992188
---
x: -0.06661652028560638
y: 7.884943962097168
z: 1.979400634765625
---
x: -0.06688082963228226
y: 7.885009288787842
z: 1.979949951171875
---
x: -0.06714925169944763
y: 7.885128498077393
z: 1.9803314208984375
---
x: -0.06735803186893463
y: 7.8851518630981445
z: 1.9806671142578125
---
x: -0.06778504699468613
y: 7.885298728942871
z: 1.98101806640625
---
x: -0.06813081353902817
y: 7.88533878326416
z: 1.9812164306640625
---
x: -0.06855836510658264
y: 7.885470390319824
z: 1.9813461303710938
---
x: -0.06912363320589066
y: 7.885537624359131
z: 1.981414794921875
---
x: -0.06956116110086441
y: 7.885641098022461
z: 1.9813919067382812
---
x: -0.06999828666448593
y: 7.8856940269470215
z: 1.9813308715820312
---
x: -0.07054108381271362
y: 7.88578987121582
z: 1.9812164306640625
---
x: -0.07098391652107239
y: 7.885833740234375
z: 1.9811248779296875
---
x: -0.07135838270187378
y: 7.885867118835449
z: 1.9810562133789062
---
x: -0.07185647636651993
y: 7.885873794555664
z: 1.9809722900390625
---
x: -0.07211478799581528
y: 7.8858232498168945
z: 1.9809112548828125
---
x: -0.07240207493305206
y: 7.8857927322387695
z: 1.9808578491210938
---
x: -0.07267656177282333
y: 7.885688781738281
z: 1.9808120727539062
---
x: -0.07294508069753647
y: 7.885696887969971
z: 1.9808120727539062
---
x: -0.0730956569314003
y: 7.88557767868042
z: 1.9808349609375
---
x: -0.07334855943918228
y: 7.885517120361328
z: 1.9809036254882812
---
x: -0.07346509397029877
y: 7.8853607177734375
z: 1.9809951782226562
---
x: -0.07363984733819962
y: 7.885298252105713
z: 1.9810867309570312
---
x: -0.07380569726228714
y: 7.885098934173584
z: 1.9812164306640625
---
x: -0.07392764091491699
y: 7.885003566741943
z: 1.9813232421875
---
x: -0.07402220368385315
y: 7.884823799133301
z: 1.9814376831054688
---
x: -0.07410988956689835
y: 7.884664535522461
z: 1.9816055297851562
---
x: -0.07415620982646942
y: 7.884533405303955
z: 1.9817047119140625
---
x: -0.07414217293262482
y: 7.884471893310547
z: 1.9817733764648438
---
x: -0.07413484156131744
y: 7.884385108947754
z: 1.9818496704101562
---
x: -0.07403825223445892
y: 7.884296417236328
z: 1.9818496704101562
---
x: -0.0739850401878357
y: 7.884227752685547
z: 1.9817962646484375
---
x: -0.07380995154380798
y: 7.8841071128845215
z: 1.9816055297851562
---
x: -0.07374095171689987
y: 7.884116172790527
z: 1.9813613891601562
---
x: -0.07359299808740616
y: 7.884061813354492
z: 1.9809951782226562
---
x: -0.07349714636802673
y: 7.884075164794922
z: 1.9802932739257812
---
x: -0.07340117543935776
y: 7.8840179443359375
z: 1.9796295166015625
---
x: -0.07339079678058624
y: 7.884078502655029
z: 1.978912353515625
---
x: -0.0733131393790245
y: 7.88404655456543
z: 1.9778366088867188
---
x: -0.07332684099674225
y: 7.88409423828125
z: 1.9769363403320312
---
x: -0.07331226021051407
y: 7.884030342102051
z: 1.9759979248046875
---
x: -0.073404461145401
y: 7.884013652801514
z: 1.974639892578125
---
x: -0.07351482659578323
y: 7.883882999420166
z: 1.9735641479492188
---
x: -0.07362809777259827
y: 7.883760452270508
z: 1.9724502563476562
---
x: -0.07384836673736572
y: 7.883476257324219
z: 1.9709396362304688
---
x: -0.07400904595851898
y: 7.883251667022705
z: 1.9697952270507812
---
x: -0.07424641400575638
y: 7.882994651794434
z: 1.9686660766601562
---
x: -0.07448503375053406
y: 7.882635116577148
z: 1.967254638671875
---
x: -0.07475363463163376
y: 7.882409572601318
z: 1.9662857055664062
---
x: -0.07494717836380005
y: 7.882127285003662
z: 1.9654312133789062
---
x: -0.07533328980207443
y: 7.881829261779785
z: 1.9643936157226562
---
x: -0.07556164264678955
y: 7.881538391113281
z: 1.9636993408203125
---
x: -0.07586286216974258
y: 7.881350517272949
z: 1.9630966186523438
---
x: -0.0761745423078537
y: 7.880980014801025
z: 1.9623870849609375
---
x: -0.07647387683391571
y: 7.880738258361816
z: 1.9619522094726562
---
x: -0.07673411071300507
y: 7.880358695983887
z: 1.9616012573242188
---
x: -0.07727956771850586
y: 7.879817485809326
z: 1.9611053466796875
---
x: -0.0775214433670044
y: 7.879589557647705
z: 1.9609146118164062
---
x: -0.07788802683353424
y: 7.879303455352783
z: 1.9606704711914062
---
x: -0.07840955257415771
y: 7.8787994384765625
z: 1.9603729248046875
---
x: -0.07881483435630798
y: 7.878390789031982
z: 1.96014404296875
---
x: -0.07927434146404266
y: 7.877933979034424
z: 1.9599609375
---
x: -0.07986048609018326
y: 7.877363204956055
z: 1.95977783203125
---
x: -0.08036424219608307
y: 7.876952648162842
z: 1.9596710205078125
---
x: -0.08078665286302567
y: 7.876553058624268
z: 1.9595794677734375
---
x: -0.08144170045852661
y: 7.876126289367676
z: 1.9594497680664062
---
x: -0.08187228441238403
y: 7.875754356384277
z: 1.95941162109375
---
x: -0.08239655196666718
y: 7.875482082366943
z: 1.9594192504882812
---
x: -0.08293107897043228
y: 7.87506628036499
z: 1.9594345092773438
---
x: -0.08335495740175247
y: 7.87489128112793
z: 1.9594573974609375
---
x: -0.08366762101650238
y: 7.874670505523682
z: 1.959503173828125
---
x: -0.08415431529283524
y: 7.874505996704102
z: 1.9595794677734375
---
x: -0.08445961773395538
y: 7.8743181228637695
z: 1.9596710205078125
---
x: -0.08479896187782288
y: 7.874256134033203
z: 1.9597702026367188
---
x: -0.08514885604381561
y: 7.87412691116333
z: 1.9599151611328125
---
x: -0.08535958081483841
y: 7.874135971069336
z: 1.9599533081054688
---
x: -0.08552608639001846
y: 7.874135971069336
z: 1.9599533081054688
---
x: -0.08571863174438477
y: 7.87424898147583
z: 1.9599380493164062
---
x: -0.08586686104536057
y: 7.874329566955566
z: 1.9599075317382812
---
x: -0.08593355864286423
y: 7.874448299407959
z: 1.9598464965820312
---
x: -0.08602353185415268
y: 7.874660015106201
z: 1.9597015380859375
---
x: -0.08599326014518738
y: 7.8747735023498535
z: 1.9595413208007812
---
x: -0.0860375314950943
y: 7.874941349029541
z: 1.9593505859375
---
x: -0.08595962822437286
y: 7.875130653381348
z: 1.95904541015625
---
x: -0.08594603836536407
y: 7.875364303588867
z: 1.9587860107421875
---
x: -0.08582063019275665
y: 7.875498294830322
z: 1.9585037231445312
---
x: -0.08569718152284622
y: 7.875738143920898
z: 1.9581069946289062
---
x: -0.08549153804779053
y: 7.875816345214844
z: 1.9577789306640625
---
x: -0.08530934154987335
y: 7.87598991394043
z: 1.9574661254882812
---
x: -0.08494718372821808
y: 7.8760271072387695
z: 1.9570770263671875
---
x: -0.08467110246419907
y: 7.876086235046387
z: 1.9568328857421875
---
x: -0.08436619490385056
y: 7.876059055328369
z: 1.956634521484375
---
x: -0.08402863144874573
y: 7.876125335693359
z: 1.9564056396484375
---
x: -0.08383140712976456
y: 7.87612771987915
z: 1.9562606811523438
---
x: -0.08361891657114029
y: 7.876163005828857
z: 1.9561309814453125
---
x: -0.08338350802659988
y: 7.876188278198242
z: 1.955963134765625
---
x: -0.0831528976559639
y: 7.876219749450684
z: 1.9558486938476562
---
x: -0.08302927017211914
y: 7.876271724700928
z: 1.9556961059570312
---
x: -0.0828317329287529
y: 7.876285552978516
z: 1.9554977416992188
---
x: -0.08277563005685806
y: 7.876340389251709
z: 1.955322265625
---
x: -0.08267912268638611
y: 7.8762922286987305
z: 1.9551467895507812
---
x: -0.08269334584474564
y: 7.876256465911865
z: 1.9549560546875
---
x: -0.08264926820993423
y: 7.876100063323975
z: 1.954833984375
---
x: -0.0827229842543602
y: 7.876018047332764
z: 1.9547500610351562
---
x: -0.08274504542350769
y: 7.875735759735107
z: 1.9546661376953125
---
x: -0.08280757814645767
y: 7.875582695007324
z: 1.9546585083007812
---
x: -0.08284350484609604
y: 7.875291347503662
z: 1.9546966552734375
---
x: -0.08297501504421234
y: 7.874945640563965
z: 1.954833984375
---
x: -0.08308099210262299
y: 7.874619483947754
z: 1.95501708984375
---
x: -0.0831904485821724
y: 7.874332427978516
z: 1.95526123046875
---
x: -0.0833664983510971
y: 7.873847007751465
z: 1.9556427001953125
---
x: -0.08344843983650208
y: 7.8734636306762695
z: 1.9559707641601562
---
x: -0.08355625718832016
y: 7.873061656951904
z: 1.9563446044921875
---
x: -0.08365830779075623
y: 7.872591972351074
z: 1.9568710327148438
---
x: -0.08379124104976654
y: 7.8722920417785645
z: 1.9572982788085938
---
x: -0.0838419646024704
y: 7.871964454650879
z: 1.9577407836914062
---
x: -0.08403191715478897
y: 7.871622085571289
z: 1.9583282470703125
---
x: -0.08414426445960999
y: 7.871349811553955
z: 1.9588165283203125
---
x: -0.08437379449605942
y: 7.8711838722229
z: 1.9593887329101562
---
x: -0.08463878929615021
y: 7.870851516723633
z: 1.960235595703125
---
x: -0.08492461591959
y: 7.870667457580566
z: 1.9609298706054688
---
x: -0.0851910263299942
y: 7.87039041519165
z: 1.9616317749023438
---
x: -0.08563140779733658
y: 7.870132923126221
z: 1.9625778198242188
---
x: -0.08593691140413284
y: 7.869832515716553
z: 1.9632568359375
---
x: -0.08628544211387634
y: 7.869604587554932
z: 1.9639129638671875
---
x: -0.08672714978456497
y: 7.869170188903809
z: 1.9647369384765625
---
x: -0.08707940578460693
y: 7.868863105773926
z: 1.9653167724609375
---
x: -0.0874350517988205
y: 7.868520259857178
z: 1.9658966064453125
---
x: -0.08784310519695282
y: 7.868103981018066
z: 1.9666595458984375
---
x: -0.0881844162940979
y: 7.867806911468506
z: 1.9672012329101562
---
x: -0.08844701200723648
y: 7.867498874664307
z: 1.9677276611328125
---
x: -0.08881422877311707
y: 7.867083549499512
z: 1.9683837890625
---
x: -0.08892764896154404
y: 7.866710662841797
z: 1.968841552734375
---
x: -0.08907180279493332
y: 7.866411209106445
z: 1.9692916870117188
---
x: -0.08909463882446289
y: 7.86592960357666
z: 1.9698638916015625
---
x: -0.08911748975515366
y: 7.865629196166992
z: 1.9702682495117188
---
x: -0.08897820860147476
y: 7.865242004394531
z: 1.9706954956054688
---
x: -0.08880431205034256
y: 7.86482572555542
z: 1.9712753295898438
---
x: -0.08858316391706467
y: 7.864409923553467
z: 1.9717178344726562
---
x: -0.08837258815765381
y: 7.864058017730713
z: 1.9721450805664062
---
x: -0.08796995133161545
y: 7.863448143005371
z: 1.9726791381835938
---
x: -0.08762393891811371
y: 7.863024711608887
z: 1.9730224609375
---
x: -0.08727103471755981
y: 7.862530708312988
z: 1.9733428955078125
---
x: -0.08681461960077286
y: 7.861942768096924
z: 1.9736709594726562
---
x: -0.08652077615261078
y: 7.8614888191223145
z: 1.9738693237304688
---
x: -0.08616482466459274
y: 7.861008167266846
z: 1.974029541015625
---
x: -0.08574583381414413
y: 7.860406875610352
z: 1.9741897583007812
---
x: -0.08523343503475189
y: 7.859827995300293
z: 1.97430419921875
---
x: -0.08504758030176163
y: 7.859592914581299
z: 1.9743194580078125
---
x: -0.08456156402826309
y: 7.859011650085449
z: 1.9743499755859375
---
x: -0.08428239822387695
y: 7.858639717102051
z: 1.9743804931640625
---
x: -0.08393936604261398
y: 7.858163356781006
z: 1.9744110107421875
---
x: -0.08360704034566879
y: 7.857642650604248
z: 1.9744110107421875
---
x: -0.08332927525043488
y: 7.8571624755859375
z: 1.9744110107421875
---
x: -0.08313601464033127
y: 7.856804370880127
z: 1.97442626953125
---
x: -0.08283296227455139
y: 7.856213569641113
z: 1.9744186401367188
---
x: -0.08265607804059982
y: 7.855813980102539
z: 1.97442626953125
---
x: -0.0824858769774437
y: 7.855330944061279
z: 1.9744491577148438
---
x: -0.08232270926237106
y: 7.854764461517334
z: 1.9744720458984375
---
x: -0.08228342980146408
y: 7.854313373565674
z: 1.9745101928710938
---
x: -0.0822569876909256
y: 7.853870391845703
z: 1.9745635986328125
---
x: -0.08230616897344589
y: 7.853272438049316
z: 1.9746475219726562
---
x: -0.08231586962938309
y: 7.852809429168701
z: 1.9747238159179688
---
x: -0.08240732550621033
y: 7.852375030517578
z: 1.974822998046875
---
x: -0.08247140794992447
y: 7.851751804351807
z: 1.9749679565429688
---
x: -0.082604318857193
y: 7.851384162902832
z: 1.9750823974609375
---
x: -0.08265092968940735
y: 7.850945472717285
z: 1.975250244140625
---
x: -0.08281517773866653
y: 7.850447177886963
z: 1.9754714965820312
---
x: -0.08285778015851974
y: 7.85001277923584
z: 1.9756393432617188
---
x: -0.08299096673727036
y: 7.849715232849121
z: 1.975799560546875
---
x: -0.08310466259717941
y: 7.849238872528076
z: 1.9759445190429688
---
x: -0.08322644978761673
y: 7.8489670753479
z: 1.9760284423828125
---
x: -0.08325543999671936
y: 7.848609924316406
z: 1.9760894775390625
---
x: -0.08329612016677856
y: 7.8482489585876465
z: 1.9761581420898438
---
x: -0.08328985422849655
y: 7.847904205322266
z: 1.9761581420898438
---
x: -0.08324001729488373
y: 7.84763765335083
z: 1.9761428833007812
---
x: -0.08313839137554169
y: 7.847274303436279
z: 1.9760971069335938
---
x: -0.08302247524261475
y: 7.846973896026611
z: 1.976043701171875
---
x: -0.08294281363487244
y: 7.846625804901123
z: 1.9759597778320312
---
x: -0.08277186006307602
y: 7.846163749694824
z: 1.975830078125
---
x: -0.08268126100301743
y: 7.845857620239258
z: 1.9757461547851562
---
x: -0.08248057216405869
y: 7.845515251159668
z: 1.9756851196289062
---
x: -0.08228525519371033
y: 7.845147132873535
z: 1.9756240844726562
---
x: -0.08202742785215378
y: 7.844805717468262
z: 1.9755783081054688
---
x: -0.08182888478040695
y: 7.844545364379883
z: 1.975555419921875
---
x: -0.08139943331480026
y: 7.844094753265381
z: 1.9755706787109375
---
x: -0.08105965703725815
y: 7.843867301940918
z: 1.9755706787109375
---
x: -0.08063001185655594
y: 7.8435773849487305
z: 1.9755783081054688
---
x: -0.08015836030244827
y: 7.843343734741211
z: 1.9755859375
---
x: -0.079770028591156
y: 7.84312105178833
z: 1.9756011962890625
---
x: -0.07938257604837418
y: 7.8429975509643555
z: 1.9756240844726562
---
x: -0.07885368168354034
y: 7.842825889587402
z: 1.975677490234375
---
x: -0.0784117802977562
y: 7.842787742614746
z: 1.9756851196289062
---
x: -0.07796524465084076
y: 7.84274435043335
z: 1.97564697265625
---
x: -0.0773102343082428
y: 7.842733383178711
z: 1.9754791259765625
---
x: -0.07684751600027084
y: 7.842774391174316
z: 1.975311279296875
---
x: -0.07628551125526428
y: 7.842806816101074
z: 1.975128173828125
---
x: -0.07558289915323257
y: 7.84293794631958
z: 1.9747848510742188
---
x: -0.07497309893369675
y: 7.8430047035217285
z: 1.9744491577148438
---
x: -0.07447361201047897
y: 7.843171119689941
z: 1.9740829467773438
---
x: -0.07376687228679657
y: 7.843364238739014
z: 1.973663330078125
---
x: -0.07333363592624664
y: 7.843620777130127
z: 1.973388671875
---
x: -0.07282016426324844
y: 7.843802452087402
z: 1.97314453125
---
x: -0.07222838699817657
y: 7.844193458557129
z: 1.972930908203125
---
x: -0.07174697518348694
y: 7.844449520111084
z: 1.9729080200195312
---
x: -0.07131362706422806
y: 7.8448100090026855
z: 1.9730224609375
---
x: -0.07074753940105438
y: 7.8452067375183105
z: 1.9733657836914062
---
x: -0.07038214057683945
y: 7.845586776733398
z: 1.9736862182617188
---
x: -0.07003944367170334
y: 7.845921516418457
z: 1.97406005859375
---
x: -0.06968004256486893
y: 7.846419811248779
z: 1.97467041015625
---
x: -0.06950414180755615
y: 7.846797943115234
z: 1.9751434326171875
---
x: -0.06933484971523285
y: 7.847198963165283
z: 1.975616455078125
---
x: -0.06925713270902634
y: 7.847694396972656
z: 1.9763031005859375
---
x: -0.06920626759529114
y: 7.848016738891602
z: 1.976776123046875
---
x: -0.06928963959217072
y: 7.848419189453125
z: 1.9771957397460938
---
x: -0.06934382766485214
y: 7.848878383636475
z: 1.9776687622070312
---
x: -0.06949731707572937
y: 7.849279880523682
z: 1.977996826171875
---
x: -0.06957633048295975
y: 7.849619388580322
z: 1.9783172607421875
---
x: -0.06981439143419266
y: 7.850198745727539
z: 1.9786911010742188
---
x: -0.06992945820093155
y: 7.850558757781982
z: 1.9789352416992188
---
x: -0.07012123614549637
y: 7.851019382476807
z: 1.9791259765625
---
x: -0.07033297419548035
y: 7.8515119552612305
z: 1.9793243408203125
---
x: -0.0705348327755928
y: 7.851953506469727
z: 1.9794235229492188
---
x: -0.0706888809800148
y: 7.852273464202881
z: 1.9795150756835938
---
x: -0.07087966054677963
y: 7.852755546569824
z: 1.9796295166015625
---
x: -0.07100328803062439
y: 7.8531060218811035
z: 1.979705810546875
---
x: -0.07109429687261581
y: 7.853493690490723
z: 1.9797821044921875
---
x: -0.07123876363039017
y: 7.853999614715576
z: 1.9798660278320312
---
x: -0.07129697501659393
y: 7.854373455047607
z: 1.9799270629882812
---
x: -0.0714123323559761
y: 7.85476541519165
z: 1.9800033569335938
---
x: -0.07151065766811371
y: 7.85526704788208
z: 1.9801788330078125
---
x: -0.07166507840156555
y: 7.855666160583496
z: 1.9803924560546875
---
x: -0.07169720530509949
y: 7.85597562789917
z: 1.9807052612304688
---
x: -0.0717494785785675
y: 7.856537342071533
z: 1.9812240600585938
---
x: -0.07166701555252075
y: 7.856841087341309
z: 1.9816665649414062
---
x: -0.07165351510047913
y: 7.857229232788086
z: 1.9821090698242188
---
x: -0.07150436192750931
y: 7.857585906982422
z: 1.9827117919921875
---
x: -0.07143452018499374
y: 7.857923984527588
z: 1.9831390380859375
---
x: -0.07130970805883408
y: 7.858158588409424
z: 1.9835357666015625
---
x: -0.07117010653018951
y: 7.858493328094482
z: 1.9839706420898438
---
x: -0.07107765972614288
y: 7.858673572540283
z: 1.9842147827148438
---
x: -0.07099536061286926
y: 7.858926773071289
z: 1.984375
---
x: -0.0708615779876709
y: 7.859217643737793
z: 1.9845046997070312
---
x: -0.07074523717164993
y: 7.859432220458984
z: 1.98455810546875
---
x: -0.07067962735891342
y: 7.859597206115723
z: 1.9845962524414062
---
x: -0.0705479308962822
y: 7.859766006469727
z: 1.984619140625
---
x: -0.07050995528697968
y: 7.859890937805176
z: 1.984649658203125
---
x: -0.07038752734661102
y: 7.859930038452148
z: 1.984710693359375
---
x: -0.07030606269836426
y: 7.8600053787231445
z: 1.984954833984375
---
x: -0.07017908245325089
y: 7.859973430633545
z: 1.9852294921875
---
x: -0.07012204080820084
y: 7.860020160675049
z: 1.9855270385742188
---
x: -0.06990161538124084
y: 7.859950542449951
z: 1.9859085083007812
---
x: -0.06975345313549042
y: 7.859992027282715
z: 1.9861602783203125
---
x: -0.06951414793729782
y: 7.859981060028076
z: 1.986358642578125
---
x: -0.06923474371433258
y: 7.8601393699646
z: 1.9865951538085938
---
x: -0.06899180263280869
y: 7.860208511352539
z: 1.9867401123046875
---
x: -0.06875914335250854
y: 7.860368251800537
z: 1.9867935180664062
---
x: -0.06839162111282349
y: 7.860516548156738
z: 1.9867630004882812
---
x: -0.06809374690055847
y: 7.860670566558838
z: 1.9866714477539062
---
x: -0.06780306994915009
y: 7.860801696777344
z: 1.9865264892578125
---
x: -0.06736669689416885
y: 7.860981464385986
z: 1.9862136840820312
---
x: -0.06707409769296646
y: 7.86110258102417
z: 1.9858779907226562
---
x: -0.06676570326089859
y: 7.861217498779297
z: 1.9854812622070312
---
x: -0.06645799428224564
y: 7.861423015594482
z: 1.98486328125
---
x: -0.06616123765707016
y: 7.861538887023926
z: 1.9843521118164062
---
x: -0.06597083806991577
y: 7.8617329597473145
z: 1.9838027954101562
---
x: -0.06566694378852844
y: 7.861917495727539
z: 1.9829559326171875
---
x: -0.06553053855895996
y: 7.862117290496826
z: 1.9822769165039062
---
x: -0.06531602144241333
y: 7.862239837646484
z: 1.9816055297851562
---
x: -0.06511318683624268
y: 7.862504482269287
z: 1.9806747436523438
---
x: -0.06493376940488815
y: 7.862579345703125
z: 1.97998046875
---
x: -0.06482008844614029
y: 7.8627543449401855
z: 1.9793014526367188
---
x: -0.06467027217149734
y: 7.862861156463623
z: 1.9784469604492188
---
x: -0.0646185576915741
y: 7.862962245941162
z: 1.97784423828125
---
x: -0.06458863615989685
y: 7.863012313842773
z: 1.9772491455078125
---
x: -0.06462201476097107
y: 7.8631768226623535
z: 1.976470947265625
---
x: -0.06475678831338882
y: 7.863323211669922
z: 1.9759445190429688
---
x: -0.06488774716854095
y: 7.863527297973633
z: 1.9754714965820312
---
x: -0.06521955132484436
y: 7.863859176635742
z: 1.9748687744140625
---
x: -0.06549199670553207
y: 7.864107608795166
z: 1.97442626953125
---
x: -0.06589551270008087
y: 7.86440896987915
z: 1.9739990234375
---
x: -0.06639125198125839
y: 7.864780902862549
z: 1.973480224609375
---
x: -0.06692500412464142
y: 7.865169048309326
z: 1.9731063842773438
---
x: -0.0674028992652893
y: 7.865476608276367
z: 1.9727630615234375
---
x: -0.06817883253097534
y: 7.8659844398498535
z: 1.972320556640625
---
x: -0.06874335557222366
y: 7.866324424743652
z: 1.9719772338867188
---
x: -0.06940203905105591
y: 7.866796970367432
z: 1.9716720581054688
---
x: -0.07023447751998901
y: 7.867340087890625
z: 1.9713134765625
---
x: -0.07090736925601959
y: 7.86784553527832
z: 1.9710693359375
---
x: -0.0715685710310936
y: 7.868284702301025
z: 1.9708633422851562
---
x: -0.07244428992271423
y: 7.868992328643799
z: 1.970611572265625
---
x: -0.07310201972723007
y: 7.869474411010742
z: 1.9704742431640625
---
x: -0.07371823489665985
y: 7.8699798583984375
z: 1.9703826904296875
---
x: -0.07453767210245132
y: 7.870620250701904
z: 1.9703292846679688
---
x: -0.0750662088394165
y: 7.871086120605469
z: 1.9703292846679688
---
x: -0.07565290480852127
y: 7.871557235717773
z: 1.9703521728515625
---
x: -0.07635359466075897
y: 7.872138977050781
z: 1.9703750610351562
---
x: -0.0769328698515892
y: 7.872629642486572
z: 1.9703750610351562
---
x: -0.07739618420600891
y: 7.873063564300537
z: 1.9703216552734375
---
x: -0.07809069007635117
y: 7.873701572418213
z: 1.9701919555664062
---
x: -0.07850158214569092
y: 7.874078750610352
z: 1.9700775146484375
---
x: -0.07897625863552094
y: 7.874539852142334
z: 1.9699249267578125
---
x: -0.07952290028333664
y: 7.875048637390137
z: 1.9696731567382812
---
x: -0.07998128980398178
y: 7.875485420227051
z: 1.9694442749023438
---
x: -0.0803774744272232
y: 7.8757805824279785
z: 1.9691848754882812
---
x: -0.08094324171543121
y: 7.8762125968933105
z: 1.968780517578125
---
x: -0.08133955299854279
y: 7.876465797424316
z: 1.9684371948242188
---
x: -0.08171581476926804
y: 7.8767805099487305
z: 1.9680557250976562
---
x: -0.08219795674085617
y: 7.8770904541015625
z: 1.96746826171875
---
x: -0.08249903470277786
y: 7.877285957336426
z: 1.967010498046875
---
x: -0.08283466100692749
y: 7.877420902252197
z: 1.9665374755859375
---
x: -0.08322598785161972
y: 7.877615451812744
z: 1.965911865234375
---
x: -0.08358392864465714
y: 7.877760410308838
z: 1.9654388427734375
---
x: -0.08387365192174911
y: 7.877812385559082
z: 1.9649429321289062
---
x: -0.08438873291015625
y: 7.877924919128418
z: 1.9642868041992188
---
x: -0.08471785485744476
y: 7.877917289733887
z: 1.9638137817382812
---
x: -0.08513811230659485
y: 7.877982139587402
z: 1.9633407592773438
---
x: -0.0856223851442337
y: 7.877973556518555
z: 1.9627227783203125
---
x: -0.08607225865125656
y: 7.8780341148376465
z: 1.9622650146484375
---
x: -0.08643075078725815
y: 7.8779616355896
z: 1.961822509765625
---
x: -0.08693800121545792
y: 7.877951622009277
z: 1.9612579345703125
---
x: -0.08727844804525375
y: 7.877840518951416
z: 1.96087646484375
---
x: -0.08762156963348389
y: 7.877782821655273
z: 1.9605484008789062
---
x: -0.0880131870508194
y: 7.877586364746094
z: 1.9602279663085938
---
x: -0.08828666061162949
y: 7.877465724945068
z: 1.9600372314453125
---
x: -0.08858983963727951
y: 7.877306938171387
z: 1.9598617553710938
---
x: -0.08894405514001846
y: 7.877151966094971
z: 1.95965576171875
---
x: -0.0892280638217926
y: 7.877033710479736
z: 1.9595489501953125
---
x: -0.0894293412566185
y: 7.876882076263428
z: 1.9594573974609375
---
x: -0.08970308303833008
y: 7.876644134521484
z: 1.9593582153320312
---
x: -0.08977790176868439
y: 7.876415252685547
z: 1.9592514038085938
---
x: -0.08989159762859344
y: 7.876259803771973
z: 1.9591140747070312
---
x: -0.08988354355096817
y: 7.8759942054748535
z: 1.9588851928710938
---
x: -0.08990025520324707
y: 7.875917434692383
z: 1.958740234375
---
x: -0.08977849036455154
y: 7.875763416290283
z: 1.9586181640625
---
x: -0.08961319923400879
y: 7.87565279006958
z: 1.9585113525390625
---
x: -0.08939846605062485
y: 7.875456809997559
z: 1.9584732055664062
---
x: -0.08920422196388245
y: 7.875382423400879
z: 1.958465576171875
---
x: -0.08887176960706711
y: 7.875225067138672
z: 1.95849609375
---
x: -0.08863119781017303
y: 7.8751959800720215
z: 1.9585494995117188
---
x: -0.08839795738458633
y: 7.8751301765441895
z: 1.9586257934570312
---
x: -0.08808371424674988
y: 7.875113487243652
z: 1.958740234375
---
x: -0.08788152784109116
y: 7.875125408172607
z: 1.9588623046875
---
x: -0.08761625736951828
y: 7.875188827514648
z: 1.9589920043945312
---
x: -0.08731204271316528
y: 7.875293731689453
z: 1.9591751098632812
---
x: -0.08703464269638062
y: 7.875378131866455
z: 1.9593124389648438
---
x: -0.08685041218996048
y: 7.875533103942871
z: 1.9594497680664062
---
x: -0.08655045181512833
y: 7.875720500946045
z: 1.959625244140625
---
x: -0.08638326078653336
y: 7.875944137573242
z: 1.9597396850585938
---
x: -0.08613884449005127
y: 7.876110553741455
z: 1.9598312377929688
---
x: -0.08596648275852203
y: 7.876506805419922
z: 1.9599151611328125
---
x: -0.08579601347446442
y: 7.876791477203369
z: 1.9599609375
---
x: -0.08569132536649704
y: 7.877218246459961
z: 1.9599838256835938
---
x: -0.08549479395151138
y: 7.877712726593018
z: 1.9600296020507812
---
x: -0.08535764366388321
y: 7.878137111663818
z: 1.9600753784179688
---
x: -0.08518721908330917
y: 7.878484725952148
z: 1.9601287841796875
---
x: -0.08499791473150253
y: 7.879105091094971
z: 1.960205078125
---
x: -0.084858238697052
y: 7.879541397094727
z: 1.9602584838867188
---
x: -0.08469954878091812
y: 7.879988670349121
z: 1.9602890014648438
---
x: -0.08456147462129593
y: 7.880557537078857
z: 1.9603195190429688
---
x: -0.08443199843168259
y: 7.881004810333252
z: 1.960357666015625
---
x: -0.0843760147690773
y: 7.881468772888184
z: 1.9603652954101562
---
x: -0.08423569798469543
y: 7.882020950317383
z: 1.9603729248046875
---
x: -0.08421701937913895
y: 7.882436752319336
z: 1.96038818359375
---
x: -0.08413568884134293
y: 7.882754802703857
z: 1.9603958129882812
---
x: -0.0841519683599472
y: 7.883200168609619
z: 1.9603958129882812
---
x: -0.08409177511930466
y: 7.88346004486084
z: 1.9603729248046875
---
x: -0.08412313461303711
y: 7.883799076080322
z: 1.9603652954101562
---
x: -0.08409427106380463
y: 7.884069919586182
z: 1.9603500366210938
---
x: -0.0841183066368103
y: 7.8843092918396
z: 1.9603118896484375
---
x: -0.08407831192016602
y: 7.884411334991455
z: 1.9602584838867188
---
x: -0.08409612625837326
y: 7.884591579437256
z: 1.9601593017578125
---
x: -0.08408589661121368
y: 7.8846001625061035
z: 1.9600753784179688
---
x: -0.08407627791166306
y: 7.884619235992432
z: 1.9600143432617188
---
x: -0.08397495746612549
y: 7.884502410888672
z: 1.9599456787109375
---
x: -0.08380921185016632
y: 7.884418487548828
z: 1.959930419921875
---
x: -0.08364218473434448
y: 7.884289741516113
z: 1.9599456787109375
---
x: -0.0832548663020134
y: 7.883998870849609
z: 1.9600601196289062
---
x: -0.08294709771871567
y: 7.883738040924072
z: 1.960235595703125
---
x: -0.08253303915262222
y: 7.883408546447754
z: 1.9604721069335938
---
x: -0.08197218924760818
y: 7.8829755783081055
z: 1.9608001708984375
---
x: -0.0814213827252388
y: 7.882566928863525
z: 1.9610671997070312
---
x: -0.08091200143098831
y: 7.882212162017822
z: 1.96136474609375
---
x: -0.08010943233966827
y: 7.881606101989746
z: 1.9617691040039062
---
x: -0.07956166565418243
y: 7.88125467300415
z: 1.9620742797851562
---
x: -0.07890402525663376
y: 7.880838871002197
z: 1.9624176025390625
---
x: -0.07807346433401108
y: 7.880388259887695
z: 1.9628753662109375
---
x: -0.07740116119384766
y: 7.879951477050781
z: 1.96319580078125
---
x: -0.07676281780004501
y: 7.8796162605285645
z: 1.9634780883789062
---
x: -0.0758722648024559
y: 7.879129886627197
z: 1.9638595581054688
---
x: -0.07522501051425934
y: 7.878786563873291
z: 1.9641342163085938
---
x: -0.0746263787150383
y: 7.878371715545654
z: 1.9643783569335938
---
x: -0.07385311275720596
y: 7.877808094024658
z: 1.964691162109375
---
x: -0.0733177438378334
y: 7.8773722648620605
z: 1.9649658203125
---
x: -0.07273411005735397
y: 7.876899719238281
z: 1.96527099609375
---
x: -0.07198392599821091
y: 7.8762993812561035
z: 1.9656906127929688
---
x: -0.07133954763412476
y: 7.875792980194092
z: 1.9660415649414062
---
x: -0.07078850269317627
y: 7.875349044799805
z: 1.9663925170898438
---
x: -0.06989403069019318
y: 7.874719619750977
z: 1.9668197631835938
---
x: -0.06927721947431564
y: 7.8743696212768555
z: 1.9671173095703125
---
x: -0.06860201805830002
y: 7.873950958251953
z: 1.9673538208007812
---
x: -0.0678894892334938
y: 7.873530864715576
z: 1.967559814453125
---
x: -0.06735380738973618
y: 7.873141288757324
z: 1.9676284790039062
---
x: -0.06687542796134949
y: 7.872856140136719
z: 1.9676742553710938
---
x: -0.0662253201007843
y: 7.872360706329346
z: 1.9676971435546875
---
x: -0.06577340513467789
y: 7.872076988220215
z: 1.9676971435546875
---
x: -0.06531447172164917
y: 7.871712684631348
z: 1.9676895141601562
---
x: -0.06472314149141312
y: 7.8713202476501465
z: 1.9676589965820312
---
x: -0.06434696167707443
y: 7.871034622192383
z: 1.9676055908203125
---
x: -0.06395379453897476
y: 7.870795249938965
z: 1.9675216674804688
---
x: -0.06356550008058548
y: 7.870480537414551
z: 1.9674072265625
---
x: -0.06327617913484573
y: 7.870230197906494
z: 1.9673080444335938
---
x: -0.06312671303749084
y: 7.870034217834473
z: 1.9671859741210938
---
x: -0.06293527781963348
y: 7.86976957321167
z: 1.9669570922851562
---
x: -0.0629151463508606
y: 7.869673252105713
z: 1.9667816162109375
---
x: -0.06284433603286743
y: 7.869533538818359
z: 1.9666061401367188
---
x: -0.06289023905992508
y: 7.869467735290527
z: 1.966400146484375
---
x: -0.06288988143205643
y: 7.8693366050720215
z: 1.9662551879882812
---
x: -0.06295851618051529
y: 7.869304180145264
z: 1.9661331176757812
---
x: -0.06294538080692291
y: 7.869182109832764
z: 1.9660186767578125
---
x: -0.06298216432332993
y: 7.869205474853516
z: 1.9659271240234375
---
x: -0.0629810020327568
y: 7.869140148162842
z: 1.9657821655273438
---
x: -0.06301890313625336
y: 7.869174003601074
z: 1.9655685424804688
---
x: -0.06305988132953644
y: 7.86916446685791
z: 1.9654006958007812
---
x: -0.06306697428226471
y: 7.869239807128906
z: 1.9652175903320312
---
x: -0.0631210133433342
y: 7.869317531585693
z: 1.9650115966796875
---
x: -0.06308548152446747
y: 7.869416236877441
z: 1.9648971557617188
---
x: -0.06307447701692581
y: 7.8695268630981445
z: 1.9648513793945312
---
x: -0.0629994198679924
y: 7.8696393966674805
z: 1.9648284912109375
---
x: -0.06300856173038483
y: 7.869752407073975
z: 1.9648513793945312
---
x: -0.06295211613178253
y: 7.869800090789795
z: 1.9648971557617188
---
x: -0.06301511079072952
y: 7.869913101196289
z: 1.9649429321289062
---
x: -0.06304766237735748
y: 7.869893550872803
z: 1.9649658203125
---
x: -0.06319288164377213
y: 7.869958877563477
z: 1.9650039672851562
---
x: -0.06328383833169937
y: 7.870018005371094
z: 1.9650497436523438
---
x: -0.063388891518116
y: 7.870180606842041
z: 1.9650802612304688
---
x: -0.06341700255870819
y: 7.87026834487915
z: 1.9651412963867188
---
x: -0.06351056694984436
y: 7.870508193969727
z: 1.9652633666992188
---
x: -0.06357527524232864
y: 7.870672702789307
z: 1.96539306640625
---
x: -0.06363319605588913
y: 7.870965480804443
z: 1.9655532836914062
---
x: -0.06364472210407257
y: 7.871337413787842
z: 1.9657821655273438
---
x: -0.06360698491334915
y: 7.871687412261963
z: 1.9660110473632812
---
x: -0.06356775760650635
y: 7.8720550537109375
z: 1.9662551879882812
---
x: -0.06341028213500977
y: 7.872568130493164
z: 1.9666290283203125
---
x: -0.06336544454097748
y: 7.872962474822998
z: 1.9669570922851562
---
x: -0.063209168612957
y: 7.8733038902282715
z: 1.9673309326171875
---
x: -0.06301166862249374
y: 7.873778820037842
z: 1.9678421020507812
---
x: -0.06270664185285568
y: 7.874041557312012
z: 1.96826171875
---
x: -0.06241385266184807
y: 7.87434720993042
z: 1.9686813354492188
---
x: -0.06188272312283516
y: 7.874611854553223
z: 1.9692306518554688
---
x: -0.06155875697731972
y: 7.874899387359619
z: 1.969635009765625
---
x: -0.06116402521729469
y: 7.875087261199951
z: 1.9700469970703125
---
x: -0.060698166489601135
y: 7.875399112701416
z: 1.970611572265625
---
x: -0.06029653549194336
y: 7.875549793243408
z: 1.9710235595703125
---
x: -0.05994685739278793
y: 7.87577486038208
z: 1.9713973999023438
---
x: -0.05949077010154724
y: 7.875965118408203
z: 1.9719085693359375
---
x: -0.05916796997189522
y: 7.876168251037598
z: 1.9722900390625
---
x: -0.05887257307767868
y: 7.876312255859375
z: 1.972686767578125
---
x: -0.05851893126964569
y: 7.876561164855957
z: 1.9731674194335938
---
x: -0.05831962451338768
y: 7.876733779907227
z: 1.9735031127929688
---
x: -0.05804585665464401
y: 7.876875400543213
z: 1.97381591796875
---
x: -0.057729631662368774
y: 7.877069473266602
z: 1.9741363525390625
---
x: -0.05743170157074928
y: 7.877129077911377
z: 1.97430419921875
---
x: -0.057246945798397064
y: 7.877218246459961
z: 1.9744338989257812
---
x: -0.056948427110910416
y: 7.877274990081787
z: 1.9745407104492188
---
x: -0.056790683418512344
y: 7.8774237632751465
z: 1.9745941162109375
---
x: -0.05654207617044449
y: 7.8775458335876465
z: 1.9746170043945312
---
x: -0.05629952624440193
y: 7.877865791320801
z: 1.9746017456054688
---
x: -0.05608205124735832
y: 7.878050327301025
z: 1.9745712280273438
---
x: -0.05594358965754509
y: 7.878408908843994
z: 1.9745254516601562
---
x: -0.05576220899820328
y: 7.878863334655762
z: 1.9744873046875
---
x: -0.055670469999313354
y: 7.879268646240234
z: 1.9744644165039062
---
x: -0.05560562387108803
y: 7.879613399505615
z: 1.9744415283203125
---
x: -0.055547770112752914
y: 7.8801445960998535
z: 1.9744796752929688
---
x: -0.05553235858678818
y: 7.880495071411133
z: 1.97454833984375
---
x: -0.055494703352451324
y: 7.880836486816406
z: 1.9746627807617188
---
x: -0.05552336201071739
y: 7.88124418258667
z: 1.9749298095703125
---
x: -0.05554722994565964
y: 7.881522178649902
z: 1.9751815795898438
---
x: -0.055686675012111664
y: 7.881803035736084
z: 1.9754638671875
---
x: -0.05579390376806259
y: 7.882098197937012
z: 1.975860595703125
---
x: -0.05600474029779434
y: 7.8823676109313965
z: 1.9761886596679688
---
x: -0.056164149194955826
y: 7.882530212402344
z: 1.9765167236328125
---
x: -0.05659838020801544
y: 7.882819175720215
z: 1.9769363403320312
---
x: -0.05689559504389763
y: 7.882919788360596
z: 1.9772262573242188
---
x: -0.05730399861931801
y: 7.883091449737549
z: 1.9774932861328125
---
x: -0.05780213698744774
y: 7.8831706047058105
z: 1.977783203125
---
x: -0.05820133909583092
y: 7.883233547210693
z: 1.9779586791992188
---
x: -0.05855073407292366
y: 7.883141040802002
z: 1.9780731201171875
---
x: -0.059039633721113205
y: 7.883025646209717
z: 1.9781494140625
---
x: -0.0594162791967392
y: 7.882812023162842
z: 1.9781951904296875
---
x: -0.059776417911052704
y: 7.882596015930176
z: 1.978240966796875
---
x: -0.06029509752988815
y: 7.882157802581787
z: 1.9783554077148438
---
x: -0.06069473922252655
y: 7.881786346435547
z: 1.9784622192382812
---
x: -0.06115960702300072
y: 7.881391525268555
z: 1.9785690307617188
---
x: -0.061726562678813934
y: 7.880851745605469
z: 1.9786834716796875
---
x: -0.062231697142124176
y: 7.88048791885376
z: 1.9787368774414062
---
x: -0.06262948364019394
y: 7.880030632019043
z: 1.978759765625
---
x: -0.06321422010660172
y: 7.879491806030273
z: 1.9787063598632812
---
x: -0.06355943530797958
y: 7.879031658172607
z: 1.9785919189453125
---
x: -0.06400114297866821
y: 7.878676414489746
z: 1.9784698486328125
---
x: -0.06445291638374329
y: 7.878134727478027
z: 1.9782562255859375
---
x: -0.06483395397663116
y: 7.877828121185303
z: 1.9780502319335938
---
x: -0.06513965874910355
y: 7.877452373504639
z: 1.9778366088867188
---
x: -0.06556516885757446
y: 7.877091884613037
z: 1.9775009155273438
---
x: -0.06586761772632599
y: 7.876788139343262
z: 1.9772186279296875
---
x: -0.06619654595851898
y: 7.876616477966309
z: 1.9769287109375
---
x: -0.06665347516536713
y: 7.87637996673584
z: 1.9764938354492188
---
x: -0.06696867197751999
y: 7.876251697540283
z: 1.9761581420898438
---
x: -0.0673072412610054
y: 7.876075744628906
z: 1.9758224487304688
---
x: -0.06766477227210999
y: 7.875917911529541
z: 1.9753341674804688
---
x: -0.06797206401824951
y: 7.875848293304443
z: 1.9749755859375
---
x: -0.06814934313297272
y: 7.875789642333984
z: 1.9746246337890625
---
x: -0.06837810575962067
y: 7.875826835632324
z: 1.9741744995117188
---
x: -0.06841734051704407
y: 7.875816822052002
z: 1.9738693237304688
---
x: -0.06853719055652618
y: 7.875893592834473
z: 1.9735946655273438
---
x: -0.06858792901039124
y: 7.875926494598389
z: 1.9732589721679688
---
x: -0.06869900971651077
y: 7.876031875610352
z: 1.9729843139648438
---
x: -0.0687112957239151
y: 7.876055717468262
z: 1.9727020263671875
---
x: -0.06880936771631241
y: 7.8761725425720215
z: 1.9722976684570312
---
x: -0.06882840394973755
y: 7.876224994659424
z: 1.9719924926757812
---
x: -0.06887160986661911
y: 7.876402378082275
z: 1.9716720581054688
---
x: -0.0689157098531723
y: 7.876561641693115
z: 1.9712142944335938
---
x: -0.06894633173942566
y: 7.8767313957214355
z: 1.9708633422851562
---
x: -0.06898637861013412
y: 7.876837730407715
z: 1.97052001953125
---
x: -0.06904107332229614
y: 7.877025127410889
z: 1.970123291015625
---
x: -0.06914665549993515
y: 7.877163410186768
z: 1.9698715209960938
---
x: -0.06920358538627625
y: 7.877297878265381
z: 1.9696502685546875
---
x: -0.06933362036943436
y: 7.877500057220459
z: 1.9693832397460938
---
x: -0.06938092410564423
y: 7.877617359161377
z: 1.9692153930664062
---
x: -0.0695633590221405
y: 7.877790927886963
z: 1.969085693359375
---
x: -0.06979112327098846
y: 7.877971172332764
z: 1.9689712524414062
---
x: -0.07011594623327255
y: 7.878187656402588
z: 1.9688796997070312
---
x: -0.07042234390974045
y: 7.878321170806885
z: 1.9688034057617188
---
x: -0.07099680602550507
y: 7.878623008728027
z: 1.96875
---
x: -0.07141971588134766
y: 7.878745079040527
z: 1.96875
---
x: -0.07194970548152924
y: 7.878970146179199
z: 1.9687576293945312
---
x: -0.0726790651679039
y: 7.879120826721191
z: 1.9687881469726562
---
x: -0.07331828773021698
y: 7.879286766052246
z: 1.9688262939453125
---
x: -0.07400655746459961
y: 7.879395961761475
z: 1.9688873291015625
---
x: -0.07494594156742096
y: 7.879641532897949
z: 1.9690399169921875
---
x: -0.07574458420276642
y: 7.879763126373291
z: 1.9692230224609375
---
x: -0.07655910402536392
y: 7.879890441894531
z: 1.969482421875
---
x: -0.07777470350265503
y: 7.880043029785156
z: 1.9699554443359375
---
x: -0.07864530384540558
y: 7.880095958709717
z: 1.9703369140625
---
x: -0.07959345728158951
y: 7.880117416381836
z: 1.970733642578125
---
x: -0.08078724890947342
y: 7.880078315734863
z: 1.971282958984375
---
x: -0.08171957731246948
y: 7.880082130432129
z: 1.9716644287109375
---
x: -0.08251982927322388
y: 7.879994869232178
z: 1.9720382690429688
---
x: -0.08365540206432343
y: 7.879942893981934
z: 1.9725341796875
---
x: -0.08444176614284515
y: 7.87979793548584
z: 1.9728622436523438
---
x: -0.08528198301792145
y: 7.879742622375488
z: 1.9731369018554688
---
x: -0.08635036647319794
y: 7.879544258117676
z: 1.9734573364257812
---
x: -0.08718819171190262
y: 7.879473686218262
z: 1.9736557006835938
---
x: -0.08794865757226944
y: 7.879310607910156
z: 1.9738388061523438
---
x: -0.08895944058895111
y: 7.8791823387146
z: 1.974090576171875
---
x: -0.08969277143478394
y: 7.879031181335449
z: 1.9743118286132812
---
x: -0.0903841108083725
y: 7.878942012786865
z: 1.9745712280273438
---
x: -0.09125363081693649
y: 7.878781795501709
z: 1.9749298095703125
---
x: -0.09179963916540146
y: 7.878692150115967
z: 1.9752044677734375
---
x: -0.09237361699342728
y: 7.878608703613281
z: 1.9754867553710938
---
x: -0.09302505850791931
y: 7.878479480743408
z: 1.975830078125
---
x: -0.09353859722614288
y: 7.878411769866943
z: 1.9760513305664062
---
x: -0.09389790147542953
y: 7.878289222717285
z: 1.9762649536132812
---
x: -0.09439000487327576
y: 7.878207206726074
z: 1.9764938354492188
---
x: -0.09460005164146423
y: 7.878092288970947
z: 1.9766159057617188
---
x: -0.0948403924703598
y: 7.878076076507568
z: 1.9767227172851562
---
x: -0.09493407607078552
y: 7.877925395965576
z: 1.976776123046875
---
x: -0.09498561173677444
y: 7.87790584564209
z: 1.97674560546875
---
x: -0.0949106439948082
y: 7.87780237197876
z: 1.9766845703125
---
x: -0.09478781372308731
y: 7.87778377532959
z: 1.9765472412109375
---
x: -0.09463164955377579
y: 7.877723693847656
z: 1.9764175415039062
---
x: -0.09442833811044693
y: 7.877780437469482
z: 1.9762344360351562
---
x: -0.09409382939338684
y: 7.8777852058410645
z: 1.9759521484375
---
x: -0.09380624443292618
y: 7.877814769744873
z: 1.9756622314453125
---
x: -0.09354549646377563
y: 7.877796649932861
z: 1.9753265380859375
---
x: -0.09317298233509064
y: 7.87775993347168
z: 1.9748764038085938
---
x: -0.09295595437288284
y: 7.877741813659668
z: 1.97454833984375
---
x: -0.09267417341470718
y: 7.877717971801758
z: 1.9742279052734375
---
x: -0.09245850145816803
y: 7.877767086029053
z: 1.9738540649414062
---
x: -0.09227141737937927
y: 7.877787113189697
z: 1.973602294921875
---
x: -0.09220169484615326
y: 7.87789249420166
z: 1.9733657836914062
---
x: -0.09203467518091202
y: 7.877950668334961
z: 1.9730606079101562
---
x: -0.092018261551857
y: 7.878108024597168
z: 1.972869873046875
---
x: -0.09197968989610672
y: 7.878198623657227
z: 1.97271728515625
---
x: -0.09205811470746994
y: 7.878438472747803
z: 1.972564697265625
---
x: -0.09208274632692337
y: 7.878546714782715
z: 1.9724197387695312
---
x: -0.09215837717056274
y: 7.878768444061279
z: 1.972198486328125
---
x: -0.09226711094379425
y: 7.878923416137695
z: 1.9718017578125
---
x: -0.0923483669757843
y: 7.879051208496094
z: 1.9713592529296875
---
x: -0.09243525564670563
y: 7.879103183746338
z: 1.9707412719726562
---
x: -0.09254176914691925
y: 7.87920618057251
z: 1.9696273803710938
---
x: -0.0926310196518898
y: 7.879254341125488
z: 1.9685287475585938
---
x: -0.09264852851629257
y: 7.879275321960449
z: 1.9671478271484375
---
x: -0.09275460988283157
y: 7.879275798797607
z: 1.9648513793945312
---
x: -0.09276018291711807
y: 7.879207611083984
z: 1.9627685546875
---
x: -0.09284549951553345
y: 7.879135608673096
z: 1.96038818359375
---
x: -0.09288045763969421
y: 7.878898620605469
z: 1.95672607421875
---
x: -0.09298721700906754
y: 7.878757953643799
z: 1.9535980224609375
---
x: -0.09298097342252731
y: 7.878504276275635
z: 1.9501724243164062
---
x: -0.09305962920188904
y: 7.878268241882324
z: 1.94512939453125
---
x: -0.09307417273521423
y: 7.877999305725098
z: 1.9410171508789062
---
x: -0.09313760697841644
y: 7.877833366394043
z: 1.9366455078125
---
x: -0.0931030660867691
y: 7.8775177001953125
z: 1.93035888671875
---
x: -0.09305326640605927
y: 7.877331733703613
z: 1.9252700805664062
---
x: -0.09295103698968887
y: 7.877035617828369
z: 1.9198989868164062
---
x: -0.09276817739009857
y: 7.876732349395752
z: 1.912322998046875
---
x: -0.09259390830993652
y: 7.876483917236328
z: 1.9064178466796875
---
x: -0.09230433404445648
y: 7.876252174377441
z: 1.900360107421875
---
x: -0.09188856184482574
y: 7.875927448272705
z: 1.89208984375
---
x: -0.09149546921253204
y: 7.875669002532959
z: 1.8857879638671875
---
x: -0.09111623466014862
y: 7.875448703765869
z: 1.879425048828125
---
x: -0.09049823135137558
y: 7.875091552734375
z: 1.8708419799804688
---
x: -0.09013140946626663
y: 7.87489128112793
z: 1.864349365234375
---
x: -0.08967864513397217
y: 7.8746113777160645
z: 1.8577804565429688
---
x: -0.08918824046850204
y: 7.874287128448486
z: 1.848876953125
---
x: -0.08879347145557404
y: 7.8739118576049805
z: 1.8421173095703125
---
x: -0.08851250261068344
y: 7.873619079589844
z: 1.8352890014648438
---
x: -0.08807390928268433
y: 7.873095512390137
z: 1.8260574340820312
---
x: -0.08780893683433533
y: 7.872767448425293
z: 1.8190383911132812
---
x: -0.08751324564218521
y: 7.872364044189453
z: 1.8119888305664062
---
x: -0.08716191351413727
y: 7.871966361999512
z: 1.8025436401367188
---
x: -0.08694753050804138
y: 7.871678352355957
z: 1.7953643798828125
---
x: -0.08676379173994064
y: 7.871498107910156
z: 1.7880935668945312
---
x: -0.08661354333162308
y: 7.871246814727783
z: 1.7782669067382812
---
x: -0.08651722967624664
y: 7.871137619018555
z: 1.77081298828125
---
x: -0.08652365952730179
y: 7.871057987213135
z: 1.763275146484375
---
x: -0.08648721128702164
y: 7.8709716796875
z: 1.7531051635742188
---
x: -0.08652585744857788
y: 7.8709716796875
z: 1.7453765869140625
---
x: -0.08647680282592773
y: 7.870955944061279
z: 1.7375869750976562
---
x: -0.08650727570056915
y: 7.871047019958496
z: 1.7271041870117188
---
x: -0.08646395057439804
y: 7.871082305908203
z: 1.7191619873046875
---
x: -0.08655678480863571
y: 7.8712053298950195
z: 1.7111282348632812
---
x: -0.08659262210130692
y: 7.871267318725586
z: 1.7002716064453125
---
x: -0.0866587832570076
y: 7.871397018432617
z: 1.6920623779296875
---
x: -0.08665742725133896
y: 7.871440410614014
z: 1.6838531494140625
---
x: -0.08673486113548279
y: 7.871665000915527
z: 1.6729049682617188
---
x: -0.08675695210695267
y: 7.871782302856445
z: 1.6647109985351562
---
x: -0.08677199482917786
y: 7.871941089630127
z: 1.6565399169921875
---
x: -0.08671531081199646
y: 7.872073650360107
z: 1.6456146240234375
---
x: -0.08660492300987244
y: 7.872218608856201
z: 1.6374435424804688
---
x: -0.08649928867816925
y: 7.87235164642334
z: 1.6293182373046875
---
x: -0.08626513928174973
y: 7.872550010681152
z: 1.6184921264648438
---
x: -0.08614721149206161
y: 7.87269926071167
z: 1.6103744506835938
---
x: -0.08593739569187164
y: 7.872835159301758
z: 1.602264404296875
---
x: -0.0856465995311737
y: 7.873059272766113
z: 1.5914535522460938
---
x: -0.08529282361268997
y: 7.873164653778076
z: 1.5832901000976562
---
x: -0.08500006794929504
y: 7.873325824737549
z: 1.5750885009765625
---
x: -0.08443757146596909
y: 7.873445510864258
z: 1.564117431640625
---
x: -0.08385283499956131
y: 7.873648643493652
z: 1.5531539916992188
---
x: -0.0835074633359909
y: 7.873688220977783
z: 1.5476608276367188
---
x: -0.08285502344369888
y: 7.873898029327393
z: 1.5366897583007812
---
x: -0.08226524293422699
y: 7.873952865600586
z: 1.5284957885742188
---
x: -0.08169322460889816
y: 7.874080657958984
z: 1.5203018188476562
---
x: -0.08085198700428009
y: 7.874148368835449
z: 1.5094070434570312
---
x: -0.08023369312286377
y: 7.874263286590576
z: 1.5012588500976562
---
x: -0.07958855479955673
y: 7.874298095703125
z: 1.49310302734375
---
x: -0.0787058025598526
y: 7.874321937561035
z: 1.4822311401367188
---
x: -0.07808148860931396
y: 7.874253749847412
z: 1.4740676879882812
---
x: -0.0774000883102417
y: 7.874154090881348
z: 1.4658279418945312
---
x: -0.07657083123922348
y: 7.873971939086914
z: 1.454742431640625
---
x: -0.07588125765323639
y: 7.87375545501709
z: 1.4463424682617188
---
x: -0.07524921745061874
y: 7.873571395874023
z: 1.4378890991210938
---
x: -0.07431212812662125
y: 7.873267650604248
z: 1.4265213012695312
---
x: -0.07374094426631927
y: 7.87308931350708
z: 1.4179229736328125
---
x: -0.07314088940620422
y: 7.872807025909424
z: 1.4092254638671875
---
x: -0.07253126055002213
y: 7.872563362121582
z: 1.3975372314453125
---
x: -0.07206875085830688
y: 7.8723039627075195
z: 1.38873291015625
---
x: -0.07171446084976196
y: 7.872156620025635
z: 1.3798599243164062
---
x: -0.07120740413665771
y: 7.871870040893555
z: 1.3679046630859375
---
x: -0.0709187462925911
y: 7.871765613555908
z: 1.3589096069335938
---
x: -0.07066098600625992
y: 7.871572017669678
z: 1.3498992919921875
---
x: -0.0703873261809349
y: 7.87141227722168
z: 1.3378677368164062
---
x: -0.07023091614246368
y: 7.87127161026001
z: 1.328826904296875
---
x: -0.07011198997497559
y: 7.871207237243652
z: 1.3198089599609375
---
x: -0.07004968822002411
y: 7.8711395263671875
z: 1.3077850341796875
---
x: -0.06993939727544785
y: 7.871142864227295
z: 1.2987442016601562
---
x: -0.06990935653448105
y: 7.871196746826172
z: 1.2897262573242188
---
x: -0.06983360648155212
y: 7.8712849617004395
z: 1.2777481079101562
---
x: -0.06988953053951263
y: 7.871443271636963
z: 1.2687835693359375
---
x: -0.06989748775959015
y: 7.8715901374816895
z: 1.2598724365234375
---
x: -0.07003815472126007
y: 7.871918678283691
z: 1.2480545043945312
---
x: -0.07007891684770584
y: 7.872104167938232
z: 1.2392654418945312
---
x: -0.07019918411970139
y: 7.87242317199707
z: 1.2305221557617188
---
x: -0.07028158009052277
y: 7.872759819030762
z: 1.21893310546875
---
x: -0.07035478949546814
y: 7.873102188110352
z: 1.21026611328125
---
x: -0.07035179436206818
y: 7.873370170593262
z: 1.2016372680664062
---
x: -0.07033883035182953
y: 7.8738298416137695
z: 1.1901779174804688
---
x: -0.0703200027346611
y: 7.874142169952393
z: 1.1816253662109375
---
x: -0.07029972225427628
y: 7.874508380889893
z: 1.173065185546875
---
x: -0.07023002207279205
y: 7.874927997589111
z: 1.161651611328125
---
x: -0.07011150568723679
y: 7.875244140625
z: 1.1530990600585938
---
x: -0.07002286612987518
y: 7.87554931640625
z: 1.1445541381835938
---
x: -0.06986120343208313
y: 7.875943183898926
z: 1.133148193359375
---
x: -0.06981553882360458
y: 7.876246929168701
z: 1.1245803833007812
---
x: -0.06970241665840149
y: 7.876504898071289
z: 1.1159896850585938
---
x: -0.06963380426168442
y: 7.876901149749756
z: 1.1044845581054688
---
x: -0.06951738893985748
y: 7.8771071434021
z: 1.0958175659179688
---
x: -0.06947885453701019
y: 7.877371311187744
z: 1.08709716796875
---
x: -0.06929104775190353
y: 7.8775715827941895
z: 1.0754547119140625
---
x: -0.0691949725151062
y: 7.877798080444336
z: 1.0667495727539062
---
x: -0.06902746856212616
y: 7.877912521362305
z: 1.0580825805664062
---
x: -0.06884907931089401
y: 7.878166198730469
z: 1.0465850830078125
---
x: -0.06866364181041718
y: 7.878246784210205
z: 1.0379562377929688
---
x: -0.0684865266084671
y: 7.878408432006836
z: 1.0293197631835938
---
x: -0.06819328665733337
y: 7.878538608551025
z: 1.0177993774414062
---
x: -0.06794760376214981
y: 7.8786797523498535
z: 1.009124755859375
---
x: -0.06775873899459839
y: 7.878782749176025
z: 1.0004043579101562
---
x: -0.06743352860212326
y: 7.87892484664917
z: 0.9886550903320312
---
x: -0.06726017594337463
y: 7.878998756408691
z: 0.9797515869140625
---
x: -0.06705852597951889
y: 7.879024505615234
z: 0.9708175659179688
---
x: -0.06691677123308182
y: 7.879124641418457
z: 0.9587860107421875
---
x: -0.06675400584936142
y: 7.879149913787842
z: 0.9496994018554688
---
x: -0.06668375432491302
y: 7.879232406616211
z: 0.9405517578125
---
x: -0.06652678549289703
y: 7.879262447357178
z: 0.928253173828125
---
x: -0.06650121510028839
y: 7.879374027252197
z: 0.9189453125
---
x: -0.06641555577516556
y: 7.879383563995361
z: 0.9096450805664062
---
x: -0.06637575477361679
y: 7.8795247077941895
z: 0.8972244262695312
---
x: -0.0662873312830925
y: 7.87952995300293
z: 0.8879165649414062
---
x: -0.06626495718955994
y: 7.879632472991943
z: 0.878631591796875
---
x: -0.066116563975811
y: 7.879700660705566
z: 0.86627197265625
---
x: -0.06594864279031754
y: 7.879830360412598
z: 0.8569793701171875
---
x: -0.06571634858846664
y: 7.879907608032227
z: 0.8476791381835938
---
x: -0.06532339006662369
y: 7.880068778991699
z: 0.8352890014648438
---
x: -0.06503210961818695
y: 7.880155086517334
z: 0.8260116577148438
---
x: -0.06468190252780914
y: 7.8802361488342285
z: 0.8167572021484375
---
x: -0.06424015015363693
y: 7.880300521850586
z: 0.8044662475585938
---
x: -0.06380810588598251
y: 7.880291938781738
z: 0.7952957153320312
---
x: -0.06342367082834244
y: 7.880286693572998
z: 0.786163330078125
---
x: -0.06278742104768753
y: 7.880146503448486
z: 0.7740478515625
---
x: -0.062400877475738525
y: 7.880061149597168
z: 0.7649993896484375
---
x: -0.061921846121549606
y: 7.879875659942627
z: 0.755950927734375
---
x: -0.061373528093099594
y: 7.8796868324279785
z: 0.743927001953125
---
x: -0.06089797616004944
y: 7.879391670227051
z: 0.73492431640625
---
x: -0.06050525978207588
y: 7.8791399002075195
z: 0.7259368896484375
---
x: -0.05998183414340019
y: 7.878644943237305
z: 0.713958740234375
---
x: -0.05964349955320358
y: 7.878320217132568
z: 0.7049942016601562
---
x: -0.05930482596158981
y: 7.8779096603393555
z: 0.6960678100585938
---
x: -0.05893934890627861
y: 7.877439975738525
z: 0.6842193603515625
---
x: -0.05873071402311325
y: 7.877019882202148
z: 0.675384521484375
---
x: -0.05854552984237671
y: 7.876614570617676
z: 0.6665802001953125
---
x: -0.05838949978351593
y: 7.875959873199463
z: 0.6549148559570312
---
x: -0.05827716737985611
y: 7.8754048347473145
z: 0.6462249755859375
---
x: -0.05826130509376526
y: 7.874847888946533
z: 0.6375732421875
---
x: -0.05817141383886337
y: 7.874004364013672
z: 0.626068115234375
---
x: -0.058163441717624664
y: 7.873419284820557
z: 0.617462158203125
---
x: -0.05806204304099083
y: 7.872730255126953
z: 0.6089019775390625
---
x: -0.05802541226148605
y: 7.8718719482421875
z: 0.5975570678710938
---
x: -0.05793679878115654
y: 7.871124267578125
z: 0.5890731811523438
---
x: -0.05796748772263527
y: 7.870475769042969
z: 0.58062744140625
---
x: -0.05795051530003548
y: 7.869518280029297
z: 0.5693511962890625
---
x: -0.058019351214170456
y: 7.868870258331299
z: 0.5608901977539062
---
x: -0.05806075036525726
y: 7.868132591247559
z: 0.5524139404296875
---
x: -0.05819781497120857
y: 7.8672966957092285
z: 0.54107666015625
---
x: -0.05828976631164551
y: 7.866641998291016
z: 0.5326080322265625
---
x: -0.05838419869542122
y: 7.866068363189697
z: 0.5241470336914062
---
x: -0.05850676819682121
y: 7.865256309509277
z: 0.5128402709960938
---
x: -0.05858117714524269
y: 7.86467170715332
z: 0.5043411254882812
---
x: -0.05869926139712334
y: 7.8641037940979
z: 0.4958343505859375
---
x: -0.05879254266619682
y: 7.863329887390137
z: 0.484466552734375
---
x: -0.05890778452157974
y: 7.86278772354126
z: 0.4759368896484375
---
x: -0.0589226633310318
y: 7.8622236251831055
z: 0.46738433837890625
---
x: -0.0589933879673481
y: 7.861548900604248
z: 0.4559478759765625
---
x: -0.05893627554178238
y: 7.861018657684326
z: 0.4473876953125
---
x: -0.05895295366644859
y: 7.860584259033203
z: 0.43883514404296875
---
x: -0.05888818949460983
y: 7.859922885894775
z: 0.4274444580078125
---
x: -0.05889488011598587
y: 7.859530925750732
z: 0.41893768310546875
---
x: -0.05882386490702629
y: 7.859041213989258
z: 0.4104156494140625
---
x: -0.05879493057727814
y: 7.858516216278076
z: 0.39899444580078125
---
x: -0.058763615787029266
y: 7.858072280883789
z: 0.39040374755859375
---
x: -0.05877424404025078
y: 7.857732772827148
z: 0.38185882568359375
---
x: -0.058768756687641144
y: 7.857192039489746
z: 0.370452880859375
---
x: -0.05874484032392502
y: 7.8568644523620605
z: 0.36188507080078125
---
x: -0.05876512452960014
y: 7.856554985046387
z: 0.35329437255859375
---
x: -0.05878058820962906
y: 7.856268882751465
z: 0.3418426513671875
---
x: -0.05887237936258316
y: 7.85606575012207
z: 0.3332366943359375
---
x: -0.058912936598062515
y: 7.855879783630371
z: 0.3246307373046875
---
x: -0.059025838971138
y: 7.855711460113525
z: 0.31316375732421875
---
x: -0.05905536934733391
y: 7.855550289154053
z: 0.30460357666015625
---
x: -0.059216178953647614
y: 7.855453014373779
z: 0.29607391357421875
---
x: -0.05937599018216133
y: 7.855260848999023
z: 0.284698486328125
---
x: -0.05960147827863693
y: 7.85521936416626
z: 0.27620697021484375
---
x: -0.059773653745651245
y: 7.855069637298584
z: 0.2677764892578125
---
x: -0.06013020873069763
y: 7.854996681213379
z: 0.2566070556640625
---
x: -0.060365937650203705
y: 7.854913711547852
z: 0.24822998046875
---
x: -0.060682106763124466
y: 7.854897499084473
z: 0.23984527587890625
---
x: -0.06111397221684456
y: 7.854735374450684
z: 0.228668212890625
---
x: -0.06147836893796921
y: 7.854660511016846
z: 0.2202911376953125
---
x: -0.061849310994148254
y: 7.854525089263916
z: 0.21187591552734375
---
x: -0.06237267702817917
y: 7.854428291320801
z: 0.20063018798828125
---
x: -0.06282492727041245
y: 7.854343891143799
z: 0.192169189453125
---
x: -0.06325262039899826
y: 7.854238033294678
z: 0.183685302734375
---
x: -0.06389306485652924
y: 7.854074954986572
z: 0.172332763671875
---
x: -0.06432592123746872
y: 7.8539299964904785
z: 0.16382598876953125
---
x: -0.06485137343406677
y: 7.853859901428223
z: 0.155303955078125
---
x: -0.06545095145702362
y: 7.853779315948486
z: 0.14383697509765625
---
x: -0.0659712627530098
y: 7.853855609893799
z: 0.13515472412109375
---
x: -0.0663784071803093
y: 7.853909969329834
z: 0.12644195556640625
---
x: -0.06695744395256042
y: 7.85410737991333
z: 0.11473846435546875
---
x: -0.06728493422269821
y: 7.854206085205078
z: 0.10595703125
---
x: -0.06762925535440445
y: 7.854432106018066
z: 0.0971527099609375
---
x: -0.06794998794794083
y: 7.8546624183654785
z: 0.08538055419921875
---
x: -0.06815716624259949
y: 7.8549346923828125
z: 0.07656097412109375
---
x: -0.0683026909828186
y: 7.8551530838012695
z: 0.06774139404296875
---
x: -0.06849382817745209
y: 7.8555827140808105
z: 0.05600738525390625
---
x: -0.06864719837903976
y: 7.855879306793213
z: 0.04721832275390625
---
x: -0.06880933046340942
y: 7.8562517166137695
z: 0.03841400146484375
---
x: -0.06906157732009888
y: 7.856758117675781
z: 0.0266876220703125
---
x: -0.06922734528779984
y: 7.857150077819824
z: 0.01784515380859375
---
x: -0.06947817653417587
y: 7.857544898986816
z: 0.00897216796875
---
x: -0.06973093003034592
y: 7.858028888702393
z: -0.00295257568359375
---
x: -0.07066884636878967
y: 7.857539176940918
z: -0.00897216796875
---
x: -0.07223755866289139
y: 7.856123924255371
z: -0.011383056640625
---
x: -0.07371311634778976
y: 7.855374336242676
z: -0.0103759765625
---
x: -0.07490266114473343
y: 7.854949951171875
z: -0.00901031494140625
---
x: -0.07644884288311005
y: 7.854655742645264
z: -0.00769805908203125
---
x: -0.07876645773649216
y: 7.853931903839111
z: -0.0064849853515625
---
x: -0.08057687431573868
y: 7.853435516357422
z: -0.0065460205078125
---
x: -0.08167318254709244
y: 7.8529744148254395
z: -0.00690460205078125
---
x: -0.08274573087692261
y: 7.852216720581055
z: -0.008087158203125
---
x: -0.08352325856685638
y: 7.851581573486328
z: -0.009063720703125
---
x: -0.08409357070922852
y: 7.850971698760986
z: -0.0096435546875
---
x: -0.08446267992258072
y: 7.850314617156982
z: -0.00983428955078125
---
x: -0.08469797670841217
y: 7.849867820739746
z: -0.01003265380859375
---
x: -0.08488918840885162
y: 7.8495025634765625
z: -0.010284423828125
---
x: -0.08520897477865219
y: 7.849050521850586
z: -0.01062774658203125
---
x: -0.08544912934303284
y: 7.848846435546875
z: -0.01090240478515625
---
x: -0.08564181625843048
y: 7.848649024963379
z: -0.01116180419921875
---
x: -0.0858742818236351
y: 7.848536014556885
z: -0.0115814208984375
---
x: -0.08603470027446747
y: 7.848480701446533
z: -0.011932373046875
---
x: -0.08621760457754135
y: 7.848490238189697
z: -0.0123138427734375
---
x: -0.08639547973871231
y: 7.848485469818115
z: -0.0128021240234375
---
x: -0.08650605380535126
y: 7.848501205444336
z: -0.01318359375
---
x: -0.08657165616750717
y: 7.8484578132629395
z: -0.0135650634765625
---
x: -0.08665529638528824
y: 7.848353385925293
z: -0.01406097412109375
---
x: -0.08669906854629517
y: 7.848235607147217
z: -0.01438140869140625
---
x: -0.0867333859205246
y: 7.848095893859863
z: -0.01470184326171875
---
x: -0.08670967817306519
y: 7.8479461669921875
z: -0.01509857177734375
---
x: -0.08666929602622986
y: 7.847844123840332
z: -0.015411376953125
---
x: -0.08663638681173325
y: 7.847779750823975
z: -0.01572418212890625
---
x: -0.08660190552473068
y: 7.8477091789245605
z: -0.0161895751953125
---
x: -0.08659554272890091
y: 7.847773551940918
z: -0.0165557861328125
---
x: -0.08662179112434387
y: 7.847850799560547
z: -0.016937255859375
---
x: -0.08674479275941849
y: 7.848041534423828
z: -0.0174560546875
---
x: -0.08689034730195999
y: 7.848208427429199
z: -0.01781463623046875
---
x: -0.08705531805753708
y: 7.84841251373291
z: -0.01813507080078125
---
x: -0.08731471002101898
y: 7.848692417144775
z: -0.0184783935546875
---
x: -0.08753616362810135
y: 7.848910808563232
z: -0.01869964599609375
---
x: -0.0877956971526146
y: 7.849136829376221
z: -0.0188446044921875
---
x: -0.08818384259939194
y: 7.849459648132324
z: -0.0190582275390625
---
x: -0.08848905563354492
y: 7.8496809005737305
z: -0.01918792724609375
---
x: -0.08880151063203812
y: 7.849865913391113
z: -0.01934814453125
---
x: -0.08918727934360504
y: 7.850104331970215
z: -0.01953125
---
x: -0.08942779153585434
y: 7.850225925445557
z: -0.019683837890625
---
x: -0.08967991918325424
y: 7.850335121154785
z: -0.01987457275390625
---
x: -0.09002469480037689
y: 7.85042667388916
z: -0.02020263671875
---
x: -0.09028064459562302
y: 7.850517749786377
z: -0.02046966552734375
---
x: -0.09052728116512299
y: 7.850588798522949
z: -0.02077484130859375
---
x: -0.09085369855165482
y: 7.850728511810303
z: -0.0211639404296875
---
x: -0.09113941341638565
y: 7.850836277008057
z: -0.0214691162109375
---
x: -0.09145379811525345
y: 7.85094690322876
z: -0.02181243896484375
---
x: -0.09189548343420029
y: 7.85113525390625
z: -0.02223968505859375
---
x: -0.09223722666501999
y: 7.851293087005615
z: -0.022552490234375
---
x: -0.0926322340965271
y: 7.851435661315918
z: -0.0228271484375
---
x: -0.09318244457244873
y: 7.8516058921813965
z: -0.0231781005859375
---
x: -0.09361372888088226
y: 7.851736068725586
z: -0.02339935302734375
---
x: -0.0940491333603859
y: 7.851841449737549
z: -0.02364349365234375
---
x: -0.09464447945356369
y: 7.852010726928711
z: -0.0239715576171875
---
x: -0.09510252624750137
y: 7.852143287658691
z: -0.02423095703125
---
x: -0.09554696083068848
y: 7.8523101806640625
z: -0.02443695068359375
---
x: -0.09611529111862183
y: 7.852541446685791
z: -0.0246429443359375
---
x: -0.09657053649425507
y: 7.852736949920654
z: -0.02475738525390625
---
x: -0.09702564030885696
y: 7.852879047393799
z: -0.0248565673828125
---
x: -0.09759807586669922
y: 7.853062629699707
z: -0.02494049072265625
---
x: -0.09803012758493423
y: 7.853156089782715
z: -0.0249786376953125
---
x: -0.09841995686292648
y: 7.853286266326904
z: -0.02496337890625
---
x: -0.09888748824596405
y: 7.853419780731201
z: -0.024932861328125
---
x: -0.09917537122964859
y: 7.853518962860107
z: -0.0248870849609375
---
x: -0.09943892806768417
y: 7.853600025177002
z: -0.0248260498046875
---
x: -0.09969105571508408
y: 7.8537092208862305
z: -0.02477264404296875
---
x: -0.09982185065746307
y: 7.8538079261779785
z: -0.02475738525390625
---
x: -0.09989014267921448
y: 7.8538970947265625
z: -0.0247802734375
---
x: -0.09997972100973129
y: 7.8540730476379395
z: -0.02477264404296875
---
x: -0.10003103315830231
y: 7.854190826416016
z: -0.02477264404296875
---
x: -0.1000656858086586
y: 7.854341506958008
z: -0.0247802734375
---
x: -0.10003490000963211
y: 7.854544639587402
z: -0.02483367919921875
---
x: -0.09996765106916428
y: 7.8547258377075195
z: -0.0248870849609375
---
x: -0.09988786280155182
y: 7.854907989501953
z: -0.02497100830078125
---
x: -0.09982375055551529
y: 7.855238914489746
z: -0.02509307861328125
---
x: -0.09974803030490875
y: 7.855504512786865
z: -0.02516937255859375
---
x: -0.0996842160820961
y: 7.855812072753906
z: -0.02524566650390625
---
x: -0.0996583104133606
y: 7.856197834014893
z: -0.02533721923828125
---
x: -0.09960676729679108
y: 7.856534004211426
z: -0.02536773681640625
---
x: -0.09955786168575287
y: 7.8568572998046875
z: -0.02536773681640625
---
x: -0.09942479431629181
y: 7.857303142547607
z: -0.02539825439453125
---
x: -0.09927354007959366
y: 7.857635974884033
z: -0.025421142578125
---
x: -0.0990675687789917
y: 7.857971668243408
z: -0.0254669189453125
---
x: -0.09871267527341843
y: 7.8583574295043945
z: -0.0255279541015625
---
x: -0.09841563552618027
y: 7.858596324920654
z: -0.02561187744140625
---
x: -0.09812284260988235
y: 7.858822345733643
z: -0.025665283203125
---
x: -0.09761875867843628
y: 7.859025001525879
z: -0.0257568359375
---
x: -0.09720009565353394
y: 7.859127998352051
z: -0.02582550048828125
---
x: -0.09676514565944672
y: 7.859137535095215
z: -0.0259246826171875
---
x: -0.0961400717496872
y: 7.859094142913818
z: -0.02603912353515625
---
x: -0.0956040471792221
y: 7.859001636505127
z: -0.02614593505859375
---
x: -0.09510806947946548
y: 7.858916759490967
z: -0.0262603759765625
---
x: -0.09449192881584167
y: 7.858728885650635
z: -0.0264129638671875
---
x: -0.09407045692205429
y: 7.858577251434326
z: -0.026519775390625
---
x: -0.09365744888782501
y: 7.858397006988525
z: -0.0266571044921875
---
x: -0.09311337769031525
y: 7.858156681060791
z: -0.02692413330078125
---
x: -0.09274161607027054
y: 7.857961654663086
z: -0.02715301513671875
---
x: -0.09241823852062225
y: 7.85776948928833
z: -0.02736663818359375
---
x: -0.09207041561603546
y: 7.857494831085205
z: -0.02764129638671875
---
x: -0.0918474942445755
y: 7.857354640960693
z: -0.02785491943359375
---
x: -0.09166809171438217
y: 7.85725736618042
z: -0.028076171875
---
x: -0.09149675071239471
y: 7.85720157623291
z: -0.02838897705078125
---
x: -0.09140006452798843
y: 7.857186794281006
z: -0.02860260009765625
---
x: -0.09130211919546127
y: 7.857187271118164
z: -0.0287933349609375
---
x: -0.09124017506837845
y: 7.857227325439453
z: -0.0290069580078125
---
x: -0.09121430665254593
y: 7.857236385345459
z: -0.02913665771484375
---
x: -0.09121192246675491
y: 7.857243537902832
z: -0.02922821044921875
---
x: -0.09124508500099182
y: 7.8571295738220215
z: -0.0292816162109375
---
x: -0.09126906096935272
y: 7.857062816619873
z: -0.02928924560546875
---
x: -0.09129481017589569
y: 7.856974124908447
z: -0.02928924560546875
---
x: -0.09116576611995697
y: 7.856753826141357
z: -0.02915191650390625
---
x: -0.09101647138595581
y: 7.856506824493408
z: -0.029022216796875
---
x: -0.09083615243434906
y: 7.856255054473877
z: -0.02890777587890625
---
x: -0.0906166285276413
y: 7.855898857116699
z: -0.02874755859375
---
x: -0.0904095396399498
y: 7.855622291564941
z: -0.02866363525390625
---
x: -0.09019538015127182
y: 7.855353832244873
z: -0.02857208251953125
---
x: -0.0898708924651146
y: 7.855027198791504
z: -0.02851104736328125
---
x: -0.08963359892368317
y: 7.854799270629883
z: -0.02845001220703125
---
x: -0.08937547355890274
y: 7.85455322265625
z: -0.0283966064453125
---
x: -0.0890212282538414
y: 7.854267597198486
z: -0.02838134765625
---
x: -0.0887548178434372
y: 7.854075908660889
z: -0.02841949462890625
---
x: -0.08851916342973709
y: 7.853956699371338
z: -0.02846527099609375
---
x: -0.08819584548473358
y: 7.853804111480713
z: -0.028564453125
---
x: -0.08795402199029922
y: 7.853764057159424
z: -0.02864837646484375
---
x: -0.0876380205154419
y: 7.853702068328857
z: -0.02873992919921875
---
x: -0.08718176186084747
y: 7.853659629821777
z: -0.028839111328125
---
x: -0.08682838827371597
y: 7.853605270385742
z: -0.02886199951171875
---
x: -0.08643938601016998
y: 7.853575706481934
z: -0.0288543701171875
---
x: -0.08586864173412323
y: 7.853469371795654
z: -0.02877044677734375
---
x: -0.08538313955068588
y: 7.853334903717041
z: -0.02867889404296875
---
x: -0.08484756201505661
y: 7.853160858154297
z: -0.02854156494140625
---
x: -0.08404450118541718
y: 7.8528828620910645
z: -0.0283355712890625
---
x: -0.08341855555772781
y: 7.852636337280273
z: -0.02816009521484375
---
x: -0.08273934572935104
y: 7.852359294891357
z: -0.02799224853515625
---
x: -0.08182050287723541
y: 7.851980686187744
z: -0.02776336669921875
---
x: -0.08110255748033524
y: 7.851665019989014
z: -0.02762603759765625
---
x: -0.08042502403259277
y: 7.85139274597168
z: -0.02750396728515625
---
x: -0.07961325347423553
y: 7.851101875305176
z: -0.02742767333984375
---
x: -0.07908131182193756
y: 7.850980758666992
z: -0.0273895263671875
---
x: -0.07861354947090149
y: 7.850845813751221
z: -0.0273895263671875
---
x: -0.07809853553771973
y: 7.8507914543151855
z: -0.02739715576171875
---
x: -0.07775507867336273
y: 7.850799083709717
z: -0.0274505615234375
---
x: -0.07746534794569016
y: 7.850884914398193
z: -0.02753448486328125
---
x: -0.077162966132164
y: 7.851048946380615
z: -0.027679443359375
---
x: -0.07705794274806976
y: 7.851253986358643
z: -0.02785491943359375
---
x: -0.07701350003480911
y: 7.851536750793457
z: -0.02805328369140625
---
x: -0.07704741507768631
y: 7.851971626281738
z: -0.02832794189453125
---
x: -0.07710936665534973
y: 7.852322578430176
z: -0.02850341796875
---
x: -0.0772242620587349
y: 7.852726936340332
z: -0.028656005859375
---
x: -0.0774458646774292
y: 7.8533935546875
z: -0.02886199951171875
---
x: -0.07770095020532608
y: 7.85402250289917
z: -0.02907562255859375
---
x: -0.078008271753788
y: 7.854741096496582
z: -0.02925872802734375
---
x: -0.07794640958309174
y: 7.855301380157471
z: -0.02919769287109375
---
x: -0.07784543931484222
y: 7.85564661026001
z: -0.02916717529296875
---
x: -0.0776749923825264
y: 7.855915546417236
z: -0.02912139892578125
---
x: -0.07740601897239685
y: 7.856227397918701
z: -0.02906036376953125
---
x: -0.07715325057506561
y: 7.856359481811523
z: -0.0290069580078125
---
x: -0.076883964240551
y: 7.8564252853393555
z: -0.02896881103515625
---
x: -0.07651215046644211
y: 7.856353282928467
z: -0.02890777587890625
---
x: -0.07628016918897629
y: 7.856231212615967
z: -0.028839111328125
---
x: -0.07603494077920914
y: 7.856051445007324
z: -0.028778076171875
---
x: -0.07567111402750015
y: 7.855739116668701
z: -0.0286865234375
---
x: -0.07539420574903488
y: 7.855461120605469
z: -0.02860260009765625
---
x: -0.07510837912559509
y: 7.8551435470581055
z: -0.02849578857421875
---
x: -0.07473716139793396
y: 7.854679107666016
z: -0.02826690673828125
---
x: -0.07442189007997513
y: 7.854289531707764
z: -0.028045654296875
---
x: -0.07410471886396408
y: 7.853893756866455
z: -0.02780914306640625
---
x: -0.07365085184574127
y: 7.853309631347656
z: -0.027435302734375
---
x: -0.07335435599088669
y: 7.852911472320557
z: -0.02715301513671875
---
x: -0.0730442926287651
y: 7.852513790130615
z: -0.02687835693359375
---
x: -0.07266456633806229
y: 7.852052211761475
z: -0.0265045166015625
---
x: -0.07239009439945221
y: 7.851682186126709
z: -0.0262298583984375
---
x: -0.07215327024459839
y: 7.851351737976074
z: -0.025970458984375
---
x: -0.07184245437383652
y: 7.850869655609131
z: -0.02570343017578125
---
x: -0.07163132727146149
y: 7.850533962249756
z: -0.02555084228515625
---
x: -0.07140514999628067
y: 7.850183963775635
z: -0.02541351318359375
---
x: -0.07116737216711044
y: 7.849735260009766
z: -0.02532196044921875
---
x: -0.07099610567092896
y: 7.849381446838379
z: -0.02532196044921875
---
x: -0.07081322371959686
y: 7.849045753479004
z: -0.02533721923828125
---
x: -0.07058294862508774
y: 7.8486714363098145
z: -0.0253753662109375
---
x: -0.07041700184345245
y: 7.848417282104492
z: -0.02542877197265625
---
x: -0.07027488946914673
y: 7.8481764793396
z: -0.0254974365234375
---
x: -0.07005096226930618
y: 7.847853183746338
z: -0.025543212890625
---
x: -0.06989892572164536
y: 7.84763765335083
z: -0.0255584716796875
---
x: -0.0697411447763443
y: 7.84741735458374
z: -0.02556610107421875
---
x: -0.06956609338521957
y: 7.84720516204834
z: -0.02561187744140625
---
x: -0.069393590092659
y: 7.847089767456055
z: -0.0256500244140625
---
x: -0.06924133002758026
y: 7.847039222717285
z: -0.02569580078125
---
x: -0.06898616999387741
y: 7.8469767570495605
z: -0.02574920654296875
---
x: -0.06883051246404648
y: 7.846977710723877
z: -0.02581787109375
---
x: -0.0686546266078949
y: 7.846954822540283
z: -0.02590179443359375
---
x: -0.06841684132814407
y: 7.847008228302002
z: -0.0260162353515625
---
x: -0.06821038573980331
y: 7.847062587738037
z: -0.02610015869140625
---
x: -0.06803010404109955
y: 7.847153186798096
z: -0.026214599609375
---
x: -0.06779342889785767
y: 7.847297191619873
z: -0.02642059326171875
---
x: -0.0675865113735199
y: 7.847413539886475
z: -0.02660369873046875
---
x: -0.0673493891954422
y: 7.847525596618652
z: -0.02679443359375
---
x: -0.06701767444610596
y: 7.847640037536621
z: -0.0270538330078125
---
x: -0.06683806329965591
y: 7.847731590270996
z: -0.02727508544921875
---
x: -0.06668294221162796
y: 7.847803592681885
z: -0.0275115966796875
---
x: -0.06654725223779678
y: 7.84793758392334
z: -0.02783203125
---
x: -0.06641791760921478
y: 7.8480224609375
z: -0.0280609130859375
---
x: -0.06628876179456711
y: 7.848116397857666
z: -0.028289794921875
---
x: -0.0661374032497406
y: 7.848167896270752
z: -0.02854156494140625
---
x: -0.06608349829912186
y: 7.8482465744018555
z: -0.02870941162109375
---
x: -0.06601174175739288
y: 7.848316669464111
z: -0.02887725830078125
---
x: -0.06604685634374619
y: 7.848378658294678
z: -0.02916717529296875
---
x: -0.06612212210893631
y: 7.848361492156982
z: -0.0294189453125
---
x: -0.06626439839601517
y: 7.848326206207275
z: -0.029693603515625
---
x: -0.06649714708328247
y: 7.848268032073975
z: -0.03009033203125
---
x: -0.06663604825735092
y: 7.8482346534729
z: -0.0303955078125
---
x: -0.06678568571805954
y: 7.84820032119751
z: -0.03069305419921875
---
x: -0.06699655950069427
y: 7.848146438598633
z: -0.03105926513671875
---
x: -0.06713438034057617
y: 7.8480916023254395
z: -0.03130340576171875
---
x: -0.0672570988535881
y: 7.847993850708008
z: -0.03156280517578125
---
x: -0.06740450114011765
y: 7.847864627838135
z: -0.031829833984375
---
x: -0.06752727925777435
y: 7.847794055938721
z: -0.03194427490234375
---
x: -0.0676731988787651
y: 7.8477606773376465
z: -0.03195953369140625
---
x: -0.06783360987901688
y: 7.847725868225098
z: -0.03185272216796875
---
x: -0.06797154992818832
y: 7.8476881980896
z: -0.031707763671875
---
x: -0.06809250265359879
y: 7.847628116607666
z: -0.031524658203125
---
x: -0.06823037564754486
y: 7.847568035125732
z: -0.03124237060546875
---
x: -0.06835509091615677
y: 7.847505569458008
z: -0.031005859375
---
x: -0.06853758543729782
y: 7.8474531173706055
z: -0.0307464599609375
---
x: -0.06881782412528992
y: 7.847406387329102
z: -0.0303955078125
---
x: -0.06903126835823059
y: 7.847342491149902
z: -0.0301513671875
---
x: -0.06924385577440262
y: 7.847270488739014
z: -0.0299224853515625
---
x: -0.0695405974984169
y: 7.847104549407959
z: -0.02960205078125
---
x: -0.06979924440383911
y: 7.846976280212402
z: -0.02935028076171875
---
x: -0.07020989805459976
y: 7.846775054931641
z: -0.029083251953125
---
x: -0.07055917382240295
y: 7.846613883972168
z: -0.0289154052734375
---
x: -0.07095169275999069
y: 7.846432209014893
z: -0.02874755859375
---
x: -0.07153809815645218
y: 7.846211910247803
z: -0.02855682373046875
---
x: -0.07203429937362671
y: 7.8461198806762695
z: -0.02843475341796875
---
x: -0.07249230146408081
y: 7.8460564613342285
z: -0.0283050537109375
---
x: -0.0730254128575325
y: 7.84598445892334
z: -0.0281524658203125
---
x: -0.07341361045837402
y: 7.845973491668701
z: -0.028045654296875
---
x: -0.07376404851675034
y: 7.8459858894348145
z: -0.02793121337890625
---
x: -0.07418966293334961
y: 7.846025466918945
z: -0.02777862548828125
---
x: -0.074486143887043
y: 7.8460612297058105
z: -0.027618408203125
---
x: -0.07473256438970566
y: 7.846113204956055
z: -0.027435302734375
---
x: -0.07504212111234665
y: 7.846241474151611
z: -0.02712249755859375
---
x: -0.0752636194229126
y: 7.846372127532959
z: -0.02683258056640625
---
x: -0.07547465711832047
y: 7.846498012542725
z: -0.02651214599609375
---
x: -0.07576683908700943
y: 7.846710681915283
z: -0.02606201171875
---
x: -0.07597789913415909
y: 7.846917152404785
z: -0.02570343017578125
---
x: -0.0761822760105133
y: 7.847165584564209
z: -0.02530670166015625
---
x: -0.07643540948629379
y: 7.847546100616455
z: -0.0247650146484375
---
x: -0.07658941298723221
y: 7.847857475280762
z: -0.0243072509765625
---
x: -0.07675666362047195
y: 7.8481831550598145
z: -0.02382659912109375
---
x: -0.0769883319735527
y: 7.8486199378967285
z: -0.0232086181640625
---
x: -0.07717912644147873
y: 7.848944664001465
z: -0.02278900146484375
---
x: -0.07738473266363144
y: 7.849293231964111
z: -0.0224151611328125
---
x: -0.07758720219135284
y: 7.849761486053467
z: -0.0219879150390625
---
x: -0.07765331119298935
y: 7.85007905960083
z: -0.02169036865234375
---
x: -0.0776701420545578
y: 7.850405693054199
z: -0.02143096923828125
---
x: -0.07771310955286026
y: 7.850890159606934
z: -0.0211181640625
---
x: -0.07778172194957733
y: 7.851257801055908
z: -0.020904541015625
---
x: -0.07786498963832855
y: 7.851615905761719
z: -0.02071380615234375
---
x: -0.07802922278642654
y: 7.852129936218262
z: -0.020477294921875
---
x: -0.07815354317426682
y: 7.85249137878418
z: -0.02030181884765625
---
x: -0.07830647379159927
y: 7.852858543395996
z: -0.0201416015625
---
x: -0.0785607174038887
y: 7.853385925292969
z: -0.0199432373046875
---
x: -0.0788007527589798
y: 7.853852272033691
z: -0.01983642578125
---
x: -0.07908518612384796
y: 7.854350566864014
z: -0.01976776123046875
---
x: -0.07950111478567123
y: 7.855080604553223
z: -0.01971435546875
---
x: -0.07979754358530045
y: 7.8556694984436035
z: -0.01969146728515625
---
x: -0.08009269088506699
y: 7.856250286102295
z: -0.01969146728515625
---
x: -0.0804576426744461
y: 7.857006549835205
z: -0.01972198486328125
---
x: -0.08072475343942642
y: 7.857550144195557
z: -0.01972198486328125
---
x: -0.08098547160625458
y: 7.858065605163574
z: -0.0196990966796875
---
x: -0.08127684146165848
y: 7.858730792999268
z: -0.01969146728515625
---
x: -0.08147656172513962
y: 7.85921573638916
z: -0.01972198486328125
---
x: -0.08166864514350891
y: 7.859714031219482
z: -0.01972198486328125
---
x: -0.0818878784775734
y: 7.860386848449707
z: -0.0196990966796875
---
x: -0.08203045278787613
y: 7.860868453979492
z: -0.0196533203125
---
x: -0.08216966688632965
y: 7.861317157745361
z: -0.01959228515625
---
x: -0.08232898265123367
y: 7.861874580383301
z: -0.01946258544921875
---
x: -0.08242172002792358
y: 7.862276077270508
z: -0.01934814453125
---
x: -0.08250103890895844
y: 7.862656593322754
z: -0.0192108154296875
---
x: -0.0826207846403122
y: 7.863122940063477
z: -0.01903533935546875
---
x: -0.0826987698674202
y: 7.863465785980225
z: -0.0189208984375
---
x: -0.08277072012424469
y: 7.863814830780029
z: -0.01886749267578125
---
x: -0.08285536617040634
y: 7.864312171936035
z: -0.01883697509765625
---
x: -0.08290519565343857
y: 7.864670753479004
z: -0.01882171630859375
---
x: -0.08297152072191238
y: 7.8650078773498535
z: -0.018798828125
---
x: -0.08305207639932632
y: 7.865428447723389
z: -0.01876068115234375
---
x: -0.08313586562871933
y: 7.865701198577881
z: -0.0187225341796875
---
x: -0.0832262635231018
y: 7.8659563064575195
z: -0.018646240234375
---
x: -0.08335205912590027
y: 7.86624813079834
z: -0.01853179931640625
---
x: -0.0834764838218689
y: 7.866400718688965
z: -0.018463134765625
---
x: -0.08357690274715424
y: 7.866511344909668
z: -0.01840972900390625
---
x: -0.08369220048189163
y: 7.866588592529297
z: -0.01836395263671875
---
x: -0.08379603922367096
y: 7.8665971755981445
z: -0.018341064453125
---
x: -0.08389187604188919
y: 7.866575717926025
z: -0.0183563232421875
---
x: -0.08396366238594055
y: 7.866441249847412
z: -0.01840972900390625
---
x: -0.08400487154722214
y: 7.866320610046387
z: -0.0184326171875
---
x: -0.0840248093008995
y: 7.866180419921875
z: -0.018463134765625
---
x: -0.08402606844902039
y: 7.865962028503418
z: -0.01847076416015625
---
x: -0.08404114842414856
y: 7.865764617919922
z: -0.0184326171875
---
x: -0.08406070619821548
y: 7.865580081939697
z: -0.0183563232421875
---
x: -0.08408848196268082
y: 7.86535120010376
z: -0.01824188232421875
---
x: -0.0841040089726448
y: 7.865160942077637
z: -0.01816558837890625
---
x: -0.08410641551017761
y: 7.864949703216553
z: -0.01807403564453125
---
x: -0.08410907536745071
y: 7.864628791809082
z: -0.01796722412109375
---
x: -0.08413570374250412
y: 7.864333152770996
z: -0.0178680419921875
---
x: -0.08416541665792465
y: 7.863989353179932
z: -0.0177764892578125
---
x: -0.08418408036231995
y: 7.863487720489502
z: -0.01766204833984375
---
x: -0.08419403433799744
y: 7.863074779510498
z: -0.01757049560546875
---
x: -0.08421853184700012
y: 7.862642765045166
z: -0.0174407958984375
---
x: -0.084256112575531
y: 7.86200475692749
z: -0.0172576904296875
---
x: -0.08431535214185715
y: 7.861509799957275
z: -0.01715850830078125
---
x: -0.0843707025051117
y: 7.861064910888672
z: -0.0171051025390625
---
x: -0.0844215601682663
y: 7.860516548156738
z: -0.01709747314453125
---
x: -0.08445236831903458
y: 7.860110759735107
z: -0.017120361328125
---
x: -0.08446301519870758
y: 7.859719276428223
z: -0.01715850830078125
---
x: -0.08445978909730911
y: 7.859200477600098
z: -0.0172271728515625
---
x: -0.08443351089954376
y: 7.858813762664795
z: -0.01728057861328125
---
x: -0.08440466225147247
y: 7.858428478240967
z: -0.01737213134765625
---
x: -0.08438576757907867
y: 7.857969284057617
z: -0.01752471923828125
---
x: -0.08438746631145477
y: 7.857656002044678
z: -0.0176544189453125
---
x: -0.08444961905479431
y: 7.857405662536621
z: -0.01779937744140625
---
x: -0.08456780761480331
y: 7.857140064239502
z: -0.0180206298828125
---
x: -0.08466380089521408
y: 7.856982707977295
z: -0.0182037353515625
---
x: -0.08479990810155869
y: 7.856871128082275
z: -0.01839447021484375
---
