Status: in _OpenAsset at line 360 of /builds/omniverse/usd-resolver/source/library/OmniUsdResolver_Ar2.cpp -- OmniUsdResolver: Opening filesystem asset '/isaac-sim/AirStack/scene_gen/assets/materials/megascans/Damaged_Concrete_Floor.usda' for read
Status: in _OpenAsset at line 360 of /builds/omniverse/usd-resolver/source/library/OmniUsdResolver_Ar2.cpp -- OmniUsdResolver: Opening filesystem asset '/isaac-sim/AirStack/scene_gen/assets/materials/megascans/Brick_Wall_Worn.usda' for read
Status: in _OpenAsset at line 360 of /builds/omniverse/usd-resolver/source/library/OmniUsdResolver_Ar2.cpp -- OmniUsdResolver: Opening filesystem asset '/isaac-sim/AirStack/scene_gen/assets/materials/megascans/Soil_Mud.usda' for read
Status (secondary thread): in _OpenAsset at line 360 of /builds/omniverse/usd-resolver/source/library/OmniUsdResolver_Ar2.cpp -- OmniUsdResolver: Opening filesystem asset '/isaac-sim/extscache/omni.usd.libs-1.0.1+69cbf6ad.lx64.r.cp311/bin/usd/usdRender/resources/generatedSchema.usda' for read
Status (secondary thread): in _OpenAsset at line 360 of /builds/omniverse/usd-resolver/source/library/OmniUsdResolver_Ar2.cpp -- OmniUsdResolver: Opening filesystem asset '/isaac-sim/extscache/omni.usd.libs-1.0.1+69cbf6ad.lx64.r.cp311/bin/usd/usdPhysics/resources/generatedSchema.usda' for read
Status (secondary thread): in _OpenAsset at line 360 of /builds/omniverse/usd-resolver/source/library/OmniUsdResolver_Ar2.cpp -- OmniUsdResolver: Opening filesystem asset '/isaac-sim/extscache/omni.usd.libs-1.0.1+69cbf6ad.lx64.r.cp311/bin/usd/usdProc/resources/generatedSchema.usda' for read
Status (secondary thread): in _OpenAsset at line 360 of /builds/omniverse/usd-resolver/source/library/OmniUsdResolver_Ar2.cpp -- OmniUsdResolver: Opening filesystem asset '/isaac-sim/extscache/omni.usd.libs-1.0.1+69cbf6ad.lx64.r.cp311/bin/usd/usdGeom/resources/generatedSchema.usda' for read
Status (secondary thread): in _OpenAsset at line 360 of /builds/omniverse/usd-resolver/source/library/OmniUsdResolver_Ar2.cpp -- OmniUsdResolver: Opening filesystem asset '/isaac-sim/extscache/omni.usd.libs-1.0.1+69cbf6ad.lx64.r.cp311/bin/usd/usdLux/resources/generatedSchema.usda' for read
Status: in _OpenAsset at line 360 of /builds/omniverse/usd-resolver/source/library/OmniUsdResolver_Ar2.cpp -- OmniUsdResolver: Opening filesystem asset '/isaac-sim/extscache/omni.usd.libs-1.0.1+69cbf6ad.lx64.r.cp311/bin/usd/usdMedia/resources/generatedSchema.usda' for read
Status (secondary thread): in _OpenAsset at line 360 of /builds/omniverse/usd-resolver/source/library/OmniUsdResolver_Ar2.cpp -- OmniUsdResolver: Opening filesystem asset '/isaac-sim/extscache/omni.usd.libs-1.0.1+69cbf6ad.lx64.r.cp311/bin/usd/usd/resources/generatedSchema.usda' for read
Status (secondary thread): in _OpenAsset at line 360 of /builds/omniverse/usd-resolver/source/library/OmniUsdResolver_Ar2.cpp -- OmniUsdResolver: Opening filesystem asset '/isaac-sim/extscache/omni.usd.libs-1.0.1+69cbf6ad.lx64.r.cp311/bin/usd/usdRi/resources/generatedSchema.usda' for read
Status (secondary thread): in _OpenAsset at line 360 of /builds/omniverse/usd-resolver/source/library/OmniUsdResolver_Ar2.cpp -- OmniUsdResolver: Opening filesystem asset '/isaac-sim/extscache/omni.usd.libs-1.0.1+69cbf6ad.lx64.r.cp311/bin/usd/usdSkel/resources/generatedSchema.usda' for read
Status (secondary thread): in _OpenAsset at line 360 of /builds/omniverse/usd-resolver/source/library/OmniUsdResolver_Ar2.cpp -- OmniUsdResolver: Opening filesystem asset '/isaac-sim/extscache/omni.usd.libs-1.0.1+69cbf6ad.lx64.r.cp311/bin/usd/usdShade/resources/generatedSchema.usda' for read
Status (secondary thread): in _OpenAsset at line 360 of /builds/omniverse/usd-resolver/source/library/OmniUsdResolver_Ar2.cpp -- OmniUsdResolver: Opening filesystem asset '/isaac-sim/extscache/omni.usd.libs-1.0.1+69cbf6ad.lx64.r.cp311/bin/usd/usdSemantics/resources/generatedSchema.usda' for read
Status (secondary thread): in _OpenAsset at line 360 of /builds/omniverse/usd-resolver/source/library/OmniUsdResolver_Ar2.cpp -- OmniUsdResolver: Opening filesystem asset '/isaac-sim/extscache/omni.usd.libs-1.0.1+69cbf6ad.lx64.r.cp311/bin/usd/usdHydra/resources/generatedSchema.usda' for read
Status: in _OpenAsset at line 360 of /builds/omniverse/usd-resolver/source/library/OmniUsdResolver_Ar2.cpp -- OmniUsdResolver: Opening filesystem asset '/isaac-sim/extscache/omni.usd.libs-1.0.1+69cbf6ad.lx64.r.cp311/bin/usd/usdVol/resources/generatedSchema.usda' for read
Status (secondary thread): in _OpenAsset at line 360 of /builds/omniverse/usd-resolver/source/library/OmniUsdResolver_Ar2.cpp -- OmniUsdResolver: Opening filesystem asset '/isaac-sim/extscache/omni.usd.libs-1.0.1+69cbf6ad.lx64.r.cp311/bin/usd/usdUI/resources/generatedSchema.usda' for read
Status: in Open at line 72 of /builds/omniverse/usd-resolver/source/library/OmniUsdAsset.cpp -- OmniUsdResolver: Opened asset 'omniverse://airlab-nucleus.andrew.cmu.edu:443/Projects/SEI-COA/ModernCityEnvironment01/Meshes/SM_MBuilding02_FirstFloor_B.usd' for read
Status: in Open at line 72 of /builds/omniverse/usd-resolver/source/library/OmniUsdAsset.cpp -- OmniUsdResolver: Opened asset 'omniverse://airlab-nucleus.andrew.cmu.edu:443/Projects/SEI-COA/ModernCityEnvironment01/Meshes/SM_MBuilding02_FirstFloor_B_payload.usd' for read
Status: in Open at line 72 of /builds/omniverse/usd-resolver/source/library/OmniUsdAsset.cpp -- OmniUsdResolver: Opened asset 'omniverse://airlab-nucleus.andrew.cmu.edu:443/Projects/SEI-COA/ModernCityEnvironment01/Materials/M_MBuilding02_FirstFloor_B.usd' for read
Status: in Open at line 72 of /builds/omniverse/usd-resolver/source/library/OmniUsdAsset.cpp -- OmniUsdResolver: Opened asset 'omniverse://airlab-nucleus.andrew.cmu.edu:443/Projects/SEI-COA/ModernCityEnvironment01/Meshes/SM_MBuilding02_FirstFloor_C.usd' for read
Status: in Open at line 72 of /builds/omniverse/usd-resolver/source/library/OmniUsdAsset.cpp -- OmniUsdResolver: Opened asset 'omniverse://airlab-nucleus.andrew.cmu.edu:443/Projects/SEI-COA/ModernCityEnvironment01/Meshes/SM_MBuilding02_FirstFloor_C_payload.usd' for read
Status (secondary thread): in Open at line 72 of /builds/omniverse/usd-resolver/source/library/OmniUsdAsset.cpp -- OmniUsdResolver: Opened asset 'omniverse://airlab-nucleus.andrew.cmu.edu:443/Projects/SEI-COA/ModernCityEnvironment01/Materials/M_MBuilding02_FirstFloor_C.usd' for read
Status: in Open at line 72 of /builds/omniverse/usd-resolver/source/library/OmniUsdAsset.cpp -- OmniUsdResolver: Opened asset 'omniverse://airlab-nucleus.andrew.cmu.edu:443/Projects/SEI-COA/ModernCityEnvironment01/Meshes/SM_MBuilding02_FirstFloor_G.usd' for read
Status: in Open at line 72 of /builds/omniverse/usd-resolver/source/library/OmniUsdAsset.cpp -- OmniUsdResolver: Opened asset 'omniverse://airlab-nucleus.andrew.cmu.edu:443/Projects/SEI-COA/ModernCityEnvironment01/Meshes/SM_MBuilding02_FirstFloor_G_payload.usd' for read
Status (secondary thread): in Open at line 72 of /builds/omniverse/usd-resolver/source/library/OmniUsdAsset.cpp -- OmniUsdResolver: Opened asset 'omniverse://airlab-nucleus.andrew.cmu.edu:443/Projects/SEI-COA/ModernCityEnvironment01/Materials/M_MBuilding02_FirstFloor_G.usd' for read
Status: in Open at line 72 of /builds/omniverse/usd-resolver/source/library/OmniUsdAsset.cpp -- OmniUsdResolver: Opened asset 'omniverse://airlab-nucleus.andrew.cmu.edu:443/Projects/SEI-COA/ModernCityEnvironment01/Meshes/SM_MBuilding02_FirstFloor_A.usd' for read
Status: in Open at line 72 of /builds/omniverse/usd-resolver/source/library/OmniUsdAsset.cpp -- OmniUsdResolver: Opened asset 'omniverse://airlab-nucleus.andrew.cmu.edu:443/Projects/SEI-COA/ModernCityEnvironment01/Meshes/SM_MBuilding02_FirstFloor_A_payload.usd' for read
Status (secondary thread): in Open at line 72 of /builds/omniverse/usd-resolver/source/library/OmniUsdAsset.cpp -- OmniUsdResolver: Opened asset 'omniverse://airlab-nucleus.andrew.cmu.edu:443/Projects/SEI-COA/ModernCityEnvironment01/Materials/M_MBuilding02_Roof.usd' for read
Status: in Open at line 72 of /builds/omniverse/usd-resolver/source/library/OmniUsdAsset.cpp -- OmniUsdResolver: Opened asset 'omniverse://airlab-nucleus.andrew.cmu.edu:443/Projects/SEI-COA/ModernCityEnvironment01/Materials/M_MBuilding02_FirstFloor_D.usd' for read
Status (secondary thread): in Open at line 72 of /builds/omniverse/usd-resolver/source/library/OmniUsdAsset.cpp -- OmniUsdResolver: Opened asset 'omniverse://airlab-nucleus.andrew.cmu.edu:443/Projects/SEI-COA/ModernCityEnvironment01/Materials/M_MBuilding02_FirstFloor_A.usd' for read
Status: in Open at line 72 of /builds/omniverse/usd-resolver/source/library/OmniUsdAsset.cpp -- OmniUsdResolver: Opened asset 'omniverse://airlab-nucleus.andrew.cmu.edu:443/Projects/SEI-COA/ModernCityEnvironment01/Meshes/SM_MBuilding02_Facade_A.usd' for read
Status: in Open at line 72 of /builds/omniverse/usd-resolver/source/library/OmniUsdAsset.cpp -- OmniUsdResolver: Opened asset 'omniverse://airlab-nucleus.andrew.cmu.edu:443/Projects/SEI-COA/ModernCityEnvironment01/Meshes/SM_MBuilding02_Facade_A_payload.usd' for read
Status: in Open at line 72 of /builds/omniverse/usd-resolver/source/library/OmniUsdAsset.cpp -- OmniUsdResolver: Opened asset 'omniverse://airlab-nucleus.andrew.cmu.edu:443/Projects/SEI-COA/ModernCityEnvironment01/Materials/M_MBuilding02_Facades_A.usd' for read
Status: in Open at line 72 of /builds/omniverse/usd-resolver/source/library/OmniUsdAsset.cpp -- OmniUsdResolver: Opened asset 'omniverse://airlab-nucleus.andrew.cmu.edu:443/Projects/SEI-COA/ModernCityEnvironment01/Meshes/SM_MBuilding02_Facade_B.usd' for read
Status: in Open at line 72 of /builds/omniverse/usd-resolver/source/library/OmniUsdAsset.cpp -- OmniUsdResolver: Opened asset 'omniverse://airlab-nucleus.andrew.cmu.edu:443/Projects/SEI-COA/ModernCityEnvironment01/Meshes/SM_MBuilding02_Facade_B_payload.usd' for read
Status: in Open at line 72 of /builds/omniverse/usd-resolver/source/library/OmniUsdAsset.cpp -- OmniUsdResolver: Opened asset 'omniverse://airlab-nucleus.andrew.cmu.edu:443/Projects/SEI-COA/ModernCityEnvironment01/Meshes/SM_MBuilding02_RoofLedge_A.usd' for read
Status: in Open at line 72 of /builds/omniverse/usd-resolver/source/library/OmniUsdAsset.cpp -- OmniUsdResolver: Opened asset 'omniverse://airlab-nucleus.andrew.cmu.edu:443/Projects/SEI-COA/ModernCityEnvironment01/Meshes/SM_MBuilding02_RoofLedge_A_payload.usd' for read
Status: in Open at line 72 of /builds/omniverse/usd-resolver/source/library/OmniUsdAsset.cpp -- OmniUsdResolver: Opened asset 'omniverse://airlab-nucleus.andrew.cmu.edu:443/Projects/SEI-COA/ModernCityEnvironment01/Materials/M_MBuilding02_Ledges.usd' for read
Status: in Open at line 72 of /builds/omniverse/usd-resolver/source/library/OmniUsdAsset.cpp -- OmniUsdResolver: Opened asset 'omniverse://airlab-nucleus.andrew.cmu.edu:443/Projects/SEI-COA/ModernCityEnvironment01/Meshes/SM_MBuilding02_Roof_A.usd' for read
Status: in Open at line 72 of /builds/omniverse/usd-resolver/source/library/OmniUsdAsset.cpp -- OmniUsdResolver: Opened asset 'omniverse://airlab-nucleus.andrew.cmu.edu:443/Projects/SEI-COA/ModernCityEnvironment01/Meshes/SM_MBuilding02_Roof_A_payload.usd' for read
Status: in Open at line 72 of /builds/omniverse/usd-resolver/source/library/OmniUsdAsset.cpp -- OmniUsdResolver: Opened asset 'omniverse://airlab-nucleus.andrew.cmu.edu:443/NVIDIA/Assets/Isaac/5.1/Isaac/Environments/Office/Props/SM_ChairOffice.usd' for read
Status: in Open at line 72 of /builds/omniverse/usd-resolver/source/library/OmniUsdAsset.cpp -- OmniUsdResolver: Opened asset 'omniverse://airlab-nucleus.andrew.cmu.edu:443/NVIDIA/Assets/Isaac/5.1/Isaac/Environments/Office/Props/SM_Plant01.usd' for read
Status: in Open at line 72 of /builds/omniverse/usd-resolver/source/library/OmniUsdAsset.cpp -- OmniUsdResolver: Opened asset 'omniverse://airlab-nucleus.andrew.cmu.edu:443/NVIDIA/Assets/Isaac/5.1/Isaac/Environments/Office/Props/SM_TableWorkingDouble.usd' for read
Status: in Open at line 72 of /builds/omniverse/usd-resolver/source/library/OmniUsdAsset.cpp -- OmniUsdResolver: Opened asset 'omniverse://airlab-nucleus.andrew.cmu.edu:443/NVIDIA/Assets/Isaac/5.1/Isaac/Environments/Office/Props/SM_SecretaryDeskA.usd' for read
Status: in Open at line 72 of /builds/omniverse/usd-resolver/source/library/OmniUsdAsset.cpp -- OmniUsdResolver: Opened asset 'omniverse://airlab-nucleus.andrew.cmu.edu:443/NVIDIA/Assets/Isaac/5.1/Isaac/Environments/Office/Props/SM_FileCabinet_01.usd' for read
Status: in Open at line 72 of /builds/omniverse/usd-resolver/source/library/OmniUsdAsset.cpp -- OmniUsdResolver: Opened asset 'omniverse://airlab-nucleus.andrew.cmu.edu:443/NVIDIA/Assets/Isaac/5.1/Isaac/Environments/Office/Props/SM_BookcaseA.usd' for read
Status: in Open at line 72 of /builds/omniverse/usd-resolver/source/library/OmniUsdAsset.cpp -- OmniUsdResolver: Opened asset 'omniverse://airlab-nucleus.andrew.cmu.edu:443/NVIDIA/Assets/Isaac/5.1/Isaac/Environments/Office/Props/SM_Partition.usd' for read
Status (secondary thread): in Open at line 72 of /builds/omniverse/usd-resolver/source/library/OmniUsdAsset.cpp -- OmniUsdResolver: Opened asset 'omniverse://airlab-nucleus.andrew.cmu.edu:443/NVIDIA/Assets/Isaac/5.1/Isaac/Environments/Office/Props/SM_Sofa.usd' for read
Status: in Open at line 72 of /builds/omniverse/usd-resolver/source/library/OmniUsdAsset.cpp -- OmniUsdResolver: Opened asset 'omniverse://airlab-nucleus.andrew.cmu.edu:443/Projects/SEI-COA/ModernCityEnvironment01/Meshes/SM_airConditioner01.usd' for read
Status: in Open at line 72 of /builds/omniverse/usd-resolver/source/library/OmniUsdAsset.cpp -- OmniUsdResolver: Opened asset 'omniverse://airlab-nucleus.andrew.cmu.edu:443/Projects/SEI-COA/ModernCityEnvironment01/Meshes/SM_airConditioner01_payload.usd' for read
Status (secondary thread): in Open at line 72 of /builds/omniverse/usd-resolver/source/library/OmniUsdAsset.cpp -- OmniUsdResolver: Opened asset 'omniverse://airlab-nucleus.andrew.cmu.edu:443/Projects/SEI-COA/ModernCityEnvironment01/Materials/M_airConditioner01.usd' for read
Warning: in BindingsAtPrim at line 686 of /builds/omniverse/usd-ci/USD/pxr/usd/usdShade/materialBindingAPI.cpp -- Found material bindings on prim at path (/W/gen/a_office_plain_DG4/brk_office_plain_DG4_bld_office_plain_storey_4_12/frag_000) but MaterialBindingAPI is not applied on the prim
Warning: in BindingsAtPrim at line 686 of /builds/omniverse/usd-ci/USD/pxr/usd/usdShade/materialBindingAPI.cpp -- Found material bindings on prim at path (/W/gen/a_office_plain_DG4/brk_office_plain_DG4_bld_office_plain_storey_4_12/frag_001) but MaterialBindingAPI is not applied on the prim
Warning: in BindingsAtPrim at line 686 of /builds/omniverse/usd-ci/USD/pxr/usd/usdShade/materialBindingAPI.cpp -- Found material bindings on prim at path (/W/gen/a_office_plain_DG4/brk_office_plain_DG4_bld_office_plain_storey_4_12/frag_002) but MaterialBindingAPI is not applied on the prim
Warning: in BindingsAtPrim at line 686 of /builds/omniverse/usd-ci/USD/pxr/usd/usdShade/materialBindingAPI.cpp -- Found material bindings on prim at path (/W/gen/a_office_plain_DG4/brk_office_plain_DG4_bld_office_plain_storey_4_12/frag_003) but MaterialBindingAPI is not applied on the prim
Warning: in BindingsAtPrim at line 686 of /builds/omniverse/usd-ci/USD/pxr/usd/usdShade/materialBindingAPI.cpp -- Found material bindings on prim at path (/W/gen/a_office_plain_DG4/brk_office_plain_DG4_bld_office_plain_storey_4_12/frag_004) but MaterialBindingAPI is not applied on the prim
Warning: in BindingsAtPrim at line 686 of /builds/omniverse/usd-ci/USD/pxr/usd/usdShade/materialBindingAPI.cpp -- Found material bindings on prim at path (/W/gen/a_office_plain_DG4/brk_office_plain_DG4_bld_office_plain_storey_4_12/frag_005) but MaterialBindingAPI is not applied on the prim
Warning: in BindingsAtPrim at line 686 of /builds/omniverse/usd-ci/USD/pxr/usd/usdShade/materialBindingAPI.cpp -- Found material bindings on prim at path (/W/gen/a_office_plain_DG4/brk_office_plain_DG4_bld_office_plain_storey_5_13/frag_000) but MaterialBindingAPI is not applied on the prim
Warning: in BindingsAtPrim at line 686 of /builds/omniverse/usd-ci/USD/pxr/usd/usdShade/materialBindingAPI.cpp -- Found material bindings on prim at path (/W/gen/a_office_plain_DG4/brk_office_plain_DG4_bld_office_plain_storey_5_13/frag_001) but MaterialBindingAPI is not applied on the prim
Warning: in BindingsAtPrim at line 686 of /builds/omniverse/usd-ci/USD/pxr/usd/usdShade/materialBindingAPI.cpp -- Found material bindings on prim at path (/W/gen/a_office_plain_DG4/brk_office_plain_DG4_bld_office_plain_storey_5_13/frag_002) but MaterialBindingAPI is not applied on the prim
Warning: in BindingsAtPrim at line 686 of /builds/omniverse/usd-ci/USD/pxr/usd/usdShade/materialBindingAPI.cpp -- Found material bindings on prim at path (/W/gen/a_office_plain_DG4/brk_office_plain_DG4_bld_office_plain_storey_5_13/frag_003) but MaterialBindingAPI is not applied on the prim
Warning: in BindingsAtPrim at line 686 of /builds/omniverse/usd-ci/USD/pxr/usd/usdShade/materialBindingAPI.cpp -- Found material bindings on prim at path (/W/gen/a_office_plain_DG4/brk_office_plain_DG4_bld_office_plain_storey_5_14/frag_000) but MaterialBindingAPI is not applied on the prim
Warning: in BindingsAtPrim at line 686 of /builds/omniverse/usd-ci/USD/pxr/usd/usdShade/materialBindingAPI.cpp -- Found material bindings on prim at path (/W/gen/a_office_plain_DG4/brk_office_plain_DG4_bld_office_plain_storey_5_14/frag_001) but MaterialBindingAPI is not applied on the prim
Warning: in BindingsAtPrim at line 686 of /builds/omniverse/usd-ci/USD/pxr/usd/usdShade/materialBindingAPI.cpp -- Found material bindings on prim at path (/W/gen/a_office_plain_DG4/brk_office_plain_DG4_bld_office_plain_storey_5_14/frag_002) but MaterialBindingAPI is not applied on the prim
Warning: in BindingsAtPrim at line 686 of /builds/omniverse/usd-ci/USD/pxr/usd/usdShade/materialBindingAPI.cpp -- Found material bindings on prim at path (/W/gen/a_office_plain_DG4/brk_office_plain_DG4_bld_office_plain_storey_5_14/frag_005) but MaterialBindingAPI is not applied on the prim
Warning: in BindingsAtPrim at line 686 of /builds/omniverse/usd-ci/USD/pxr/usd/usdShade/materialBindingAPI.cpp -- Found material bindings on prim at path (/W/gen/a_office_plain_DG4/brk_office_plain_DG4_bld_office_plain_storey_5_22/frag_000) but MaterialBindingAPI is not applied on the prim
Warning: in BindingsAtPrim at line 686 of /builds/omniverse/usd-ci/USD/pxr/usd/usdShade/materialBindingAPI.cpp -- Found material bindings on prim at path (/W/gen/a_office_plain_DG4/brk_office_plain_DG4_bld_office_plain_storey_5_22/frag_001) but MaterialBindingAPI is not applied on the prim
Warning: in BindingsAtPrim at line 686 of /builds/omniverse/usd-ci/USD/pxr/usd/usdShade/materialBindingAPI.cpp -- Found material bindings on prim at path (/W/gen/a_office_plain_DG4/brk_office_plain_DG4_bld_office_plain_storey_5_22/frag_002) but MaterialBindingAPI is not applied on the prim
Warning: in BindingsAtPrim at line 686 of /builds/omniverse/usd-ci/USD/pxr/usd/usdShade/materialBindingAPI.cpp -- Found material bindings on prim at path (/W/gen/a_office_plain_DG4/brk_office_plain_DG4_bld_office_plain_storey_5_22/frag_003) but MaterialBindingAPI is not applied on the prim
Warning: in BindingsAtPrim at line 686 of /builds/omniverse/usd-ci/USD/pxr/usd/usdShade/materialBindingAPI.cpp -- Found material bindings on prim at path (/W/gen/a_office_plain_DG4/brk_office_plain_DG4_bld_office_plain_storey_5_22/frag_004) but MaterialBindingAPI is not applied on the prim
Warning: in BindingsAtPrim at line 686 of /builds/omniverse/usd-ci/USD/pxr/usd/usdShade/materialBindingAPI.cpp -- Found material bindings on prim at path (/W/gen/a_office_plain_DG4/brk_office_plain_DG4_bld_office_plain_storey_4_23/frag_000) but MaterialBindingAPI is not applied on the prim
Warning: in BindingsAtPrim at line 686 of /builds/omniverse/usd-ci/USD/pxr/usd/usdShade/materialBindingAPI.cpp -- Found material bindings on prim at path (/W/gen/a_office_plain_DG4/brk_office_plain_DG4_bld_office_plain_storey_4_23/frag_001) but MaterialBindingAPI is not applied on the prim
Warning: in BindingsAtPrim at line 686 of /builds/omniverse/usd-ci/USD/pxr/usd/usdShade/materialBindingAPI.cpp -- Found material bindings on prim at path (/W/gen/a_office_plain_DG4/brk_office_plain_DG4_bld_office_plain_storey_4_23/frag_002) but MaterialBindingAPI is not applied on the prim
Warning: in BindingsAtPrim at line 686 of /builds/omniverse/usd-ci/USD/pxr/usd/usdShade/materialBindingAPI.cpp -- Found material bindings on prim at path (/W/gen/a_office_plain_DG4/brk_office_plain_DG4_bld_office_plain_storey_4_23/frag_005) but MaterialBindingAPI is not applied on the prim
Warning: in BindingsAtPrim at line 686 of /builds/omniverse/usd-ci/USD/pxr/usd/usdShade/materialBindingAPI.cpp -- Found material bindings on prim at path (/W/gen/a_office_plain_DG4/brk_office_plain_DG4_bld_office_plain_storey_5_25/frag_002) but MaterialBindingAPI is not applied on the prim
Warning: in BindingsAtPrim at line 686 of /builds/omniverse/usd-ci/USD/pxr/usd/usdShade/materialBindingAPI.cpp -- Found material bindings on prim at path (/W/gen/a_office_plain_DG4/brk_office_plain_DG4_bld_office_plain_storey_5_25/frag_003) but MaterialBindingAPI is not applied on the prim
Warning: in BindingsAtPrim at line 686 of /builds/omniverse/usd-ci/USD/pxr/usd/usdShade/materialBindingAPI.cpp -- Found material bindings on prim at path (/W/gen/a_office_plain_DG4/brk_office_plain_DG4_bld_office_plain_storey_5_25/frag_004) but MaterialBindingAPI is not applied on the prim
Warning: in BindingsAtPrim at line 686 of /builds/omniverse/usd-ci/USD/pxr/usd/usdShade/materialBindingAPI.cpp -- Found material bindings on prim at path (/W/gen/a_office_plain_DG4/brk_office_plain_DG4_bld_office_plain_storey_4_26/frag_000) but MaterialBindingAPI is not applied on the prim
Warning: in BindingsAtPrim at line 686 of /builds/omniverse/usd-ci/USD/pxr/usd/usdShade/materialBindingAPI.cpp -- Found material bindings on prim at path (/W/gen/a_office_plain_DG4/brk_office_plain_DG4_bld_office_plain_storey_4_26/frag_001) but MaterialBindingAPI is not applied on the prim
Warning: in BindingsAtPrim at line 686 of /builds/omniverse/usd-ci/USD/pxr/usd/usdShade/materialBindingAPI.cpp -- Found material bindings on prim at path (/W/gen/a_office_plain_DG4/brk_office_plain_DG4_bld_office_plain_storey_4_26/frag_002) but MaterialBindingAPI is not applied on the prim
Warning: in BindingsAtPrim at line 686 of /builds/omniverse/usd-ci/USD/pxr/usd/usdShade/materialBindingAPI.cpp -- Found material bindings on prim at path (/W/gen/a_office_plain_DG4/brk_office_plain_DG4_bld_office_plain_storey_4_26/frag_003) but MaterialBindingAPI is not applied on the prim
Warning: in BindingsAtPrim at line 686 of /builds/omniverse/usd-ci/USD/pxr/usd/usdShade/materialBindingAPI.cpp -- Found material bindings on prim at path (/W/gen/a_office_plain_DG4/brk_office_plain_DG4_bld_office_plain_storey_4_26/frag_004) but MaterialBindingAPI is not applied on the prim
Warning: in BindingsAtPrim at line 686 of /builds/omniverse/usd-ci/USD/pxr/usd/usdShade/materialBindingAPI.cpp -- Found material bindings on prim at path (/W/gen/a_office_plain_DG4/brk_office_plain_DG4_bld_office_plain_storey_5_27/frag_000) but MaterialBindingAPI is not applied on the prim
Warning: in BindingsAtPrim at line 686 of /builds/omniverse/usd-ci/USD/pxr/usd/usdShade/materialBindingAPI.cpp -- Found material bindings on prim at path (/W/gen/a_office_plain_DG4/brk_office_plain_DG4_bld_office_plain_storey_5_27/frag_001) but MaterialBindingAPI is not applied on the prim
Warning: in BindingsAtPrim at line 686 of /builds/omniverse/usd-ci/USD/pxr/usd/usdShade/materialBindingAPI.cpp -- Found material bindings on prim at path (/W/gen/a_office_plain_DG4/brk_office_plain_DG4_bld_office_plain_storey_5_27/frag_002) but MaterialBindingAPI is not applied on the prim
Warning: in BindingsAtPrim at line 686 of /builds/omniverse/usd-ci/USD/pxr/usd/usdShade/materialBindingAPI.cpp -- Found material bindings on prim at path (/W/gen/a_office_plain_DG4/brk_office_plain_DG4_bld_office_plain_storey_5_27/frag_003) but MaterialBindingAPI is not applied on the prim
Warning: in BindingsAtPrim at line 686 of /builds/omniverse/usd-ci/USD/pxr/usd/usdShade/materialBindingAPI.cpp -- Found material bindings on prim at path (/W/gen/a_office_plain_DG4/brk_office_plain_DG4_bld_office_plain_storey_5_33/frag_000) but MaterialBindingAPI is not applied on the prim
Warning: in BindingsAtPrim at line 686 of /builds/omniverse/usd-ci/USD/pxr/usd/usdShade/materialBindingAPI.cpp -- Found material bindings on prim at path (/W/gen/a_office_plain_DG4/brk_office_plain_DG4_bld_office_plain_storey_5_33/frag_001) but MaterialBindingAPI is not applied on the prim
Warning: in BindingsAtPrim at line 686 of /builds/omniverse/usd-ci/USD/pxr/usd/usdShade/materialBindingAPI.cpp -- Found material bindings on prim at path (/W/gen/a_office_plain_DG4/brk_office_plain_DG4_bld_office_plain_storey_5_33/frag_002) but MaterialBindingAPI is not applied on the prim
Warning: in BindingsAtPrim at line 686 of /builds/omniverse/usd-ci/USD/pxr/usd/usdShade/materialBindingAPI.cpp -- Found material bindings on prim at path (/W/gen/a_office_plain_DG4/brk_office_plain_DG4_bld_office_plain_storey_5_33/frag_003) but MaterialBindingAPI is not applied on the prim
Warning: in BindingsAtPrim at line 686 of /builds/omniverse/usd-ci/USD/pxr/usd/usdShade/materialBindingAPI.cpp -- Found material bindings on prim at path (/W/gen/a_office_plain_DG4/brk_office_plain_DG4_bld_office_plain_storey_5_33/frag_004) but MaterialBindingAPI is not applied on the prim
Warning: in BindingsAtPrim at line 686 of /builds/omniverse/usd-ci/USD/pxr/usd/usdShade/materialBindingAPI.cpp -- Found material bindings on prim at path (/W/gen/a_office_plain_DG4/brk_office_plain_DG4_bld_office_plain_storey_5_33/frag_005) but MaterialBindingAPI is not applied on the prim
Warning: in BindingsAtPrim at line 686 of /builds/omniverse/usd-ci/USD/pxr/usd/usdShade/materialBindingAPI.cpp -- Found material bindings on prim at path (/W/gen/a_office_plain_DG4/brk_office_plain_DG4_bld_office_plain_storey_4_34/frag_000) but MaterialBindingAPI is not applied on the prim
Warning: in BindingsAtPrim at line 686 of /builds/omniverse/usd-ci/USD/pxr/usd/usdShade/materialBindingAPI.cpp -- Found material bindings on prim at path (/W/gen/a_office_plain_DG4/brk_office_plain_DG4_bld_office_plain_storey_4_34/frag_001) but MaterialBindingAPI is not applied on the prim
Warning: in BindingsAtPrim at line 686 of /builds/omniverse/usd-ci/USD/pxr/usd/usdShade/materialBindingAPI.cpp -- Found material bindings on prim at path (/W/gen/a_office_plain_DG4/brk_office_plain_DG4_bld_office_plain_storey_4_34/frag_003) but MaterialBindingAPI is not applied on the prim
Warning: in BindingsAtPrim at line 686 of /builds/omniverse/usd-ci/USD/pxr/usd/usdShade/materialBindingAPI.cpp -- Found material bindings on prim at path (/W/gen/a_office_plain_DG4/brk_office_plain_DG4_bld_office_plain_storey_4_34/frag_004) but MaterialBindingAPI is not applied on the prim
Warning: in BindingsAtPrim at line 686 of /builds/omniverse/usd-ci/USD/pxr/usd/usdShade/materialBindingAPI.cpp -- Found material bindings on prim at path (/W/gen/a_office_plain_DG4/brk_office_plain_DG4_bld_office_plain_storey_4_34/frag_005) but MaterialBindingAPI is not applied on the prim
Warning: in BindingsAtPrim at line 686 of /builds/omniverse/usd-ci/USD/pxr/usd/usdShade/materialBindingAPI.cpp -- Found material bindings on prim at path (/W/gen/a_office_plain_DG4/brk_office_plain_DG4_bld_office_plain_storey_4_34/frag_006) but MaterialBindingAPI is not applied on the prim
Warning: in BindingsAtPrim at line 686 of /builds/omniverse/usd-ci/USD/pxr/usd/usdShade/materialBindingAPI.cpp -- Found material bindings on prim at path (/W/gen/a_office_plain_DG4/brk_office_plain_DG4_bld_office_plain_storey_4_38/frag_000) but MaterialBindingAPI is not applied on the prim
Warning: in BindingsAtPrim at line 686 of /builds/omniverse/usd-ci/USD/pxr/usd/usdShade/materialBindingAPI.cpp -- Found material bindings on prim at path (/W/gen/a_office_plain_DG4/brk_office_plain_DG4_bld_office_plain_storey_4_38/frag_001) but MaterialBindingAPI is not applied on the prim
Warning: in BindingsAtPrim at line 686 of /builds/omniverse/usd-ci/USD/pxr/usd/usdShade/materialBindingAPI.cpp -- Found material bindings on prim at path (/W/gen/a_office_plain_DG4/brk_office_plain_DG4_bld_office_plain_storey_4_38/frag_002) but MaterialBindingAPI is not applied on the prim
Warning: in BindingsAtPrim at line 686 of /builds/omniverse/usd-ci/USD/pxr/usd/usdShade/materialBindingAPI.cpp -- Found material bindings on prim at path (/W/gen/a_office_plain_DG4/brk_office_plain_DG4_bld_office_plain_storey_4_38/frag_003) but MaterialBindingAPI is not applied on the prim
Warning: in BindingsAtPrim at line 686 of /builds/omniverse/usd-ci/USD/pxr/usd/usdShade/materialBindingAPI.cpp -- Found material bindings on prim at path (/W/gen/a_office_plain_DG4/brk_office_plain_DG4_bld_office_plain_storey_4_38/frag_004) but MaterialBindingAPI is not applied on the prim
Warning: in BindingsAtPrim at line 686 of /builds/omniverse/usd-ci/USD/pxr/usd/usdShade/materialBindingAPI.cpp -- Found material bindings on prim at path (/W/gen/a_office_plain_DG4/brk_office_plain_DG4_bld_office_plain_storey_4_38/frag_005) but MaterialBindingAPI is not applied on the prim
Warning: in BindingsAtPrim at line 686 of /builds/omniverse/usd-ci/USD/pxr/usd/usdShade/materialBindingAPI.cpp -- Found material bindings on prim at path (/W/gen/a_office_plain_DG4/brk_office_plain_DG4_bld_office_plain_storey_5_39/frag_001) but MaterialBindingAPI is not applied on the prim
Warning: in BindingsAtPrim at line 686 of /builds/omniverse/usd-ci/USD/pxr/usd/usdShade/materialBindingAPI.cpp -- Found material bindings on prim at path (/W/gen/a_office_plain_DG4/brk_office_plain_DG4_bld_office_plain_storey_5_39/frag_002) but MaterialBindingAPI is not applied on the prim
Warning: in BindingsAtPrim at line 686 of /builds/omniverse/usd-ci/USD/pxr/usd/usdShade/materialBindingAPI.cpp -- Found material bindings on prim at path (/W/gen/a_office_plain_DG4/brk_office_plain_DG4_bld_office_plain_storey_5_39/frag_003) but MaterialBindingAPI is not applied on the prim
Warning: in BindingsAtPrim at line 686 of /builds/omniverse/usd-ci/USD/pxr/usd/usdShade/materialBindingAPI.cpp -- Found material bindings on prim at path (/W/gen/a_office_plain_DG4/brk_office_plain_DG4_bld_office_plain_storey_5_39/frag_004) but MaterialBindingAPI is not applied on the prim
Warning: in BindingsAtPrim at line 686 of /builds/omniverse/usd-ci/USD/pxr/usd/usdShade/materialBindingAPI.cpp -- Found material bindings on prim at path (/W/gen/a_office_plain_DG4/brk_office_plain_DG4_bld_office_plain_storey_5_39/frag_005) but MaterialBindingAPI is not applied on the prim
Warning: in BindingsAtPrim at line 686 of /builds/omniverse/usd-ci/USD/pxr/usd/usdShade/materialBindingAPI.cpp -- Found material bindings on prim at path (/W/gen/a_office_plain_DG4/brk_office_plain_DG4_bld_office_plain_storey_5_39/frag_006) but MaterialBindingAPI is not applied on the prim
Warning: in BindingsAtPrim at line 686 of /builds/omniverse/usd-ci/USD/pxr/usd/usdShade/materialBindingAPI.cpp -- Found material bindings on prim at path (/W/gen/a_office_plain_DG4/brk_office_plain_DG4_bld_office_plain_storey_4_40/frag_001) but MaterialBindingAPI is not applied on the prim
Warning: in BindingsAtPrim at line 686 of /builds/omniverse/usd-ci/USD/pxr/usd/usdShade/materialBindingAPI.cpp -- Found material bindings on prim at path (/W/gen/a_office_plain_DG4/brk_office_plain_DG4_bld_office_plain_storey_4_40/frag_002) but MaterialBindingAPI is not applied on the prim
Warning: in BindingsAtPrim at line 686 of /builds/omniverse/usd-ci/USD/pxr/usd/usdShade/materialBindingAPI.cpp -- Found material bindings on prim at path (/W/gen/a_office_plain_DG4/brk_office_plain_DG4_bld_office_plain_storey_4_40/frag_003) but MaterialBindingAPI is not applied on the prim
Warning: in BindingsAtPrim at line 686 of /builds/omniverse/usd-ci/USD/pxr/usd/usdShade/materialBindingAPI.cpp -- Found material bindings on prim at path (/W/gen/a_office_plain_DG4/brk_office_plain_DG4_bld_office_plain_storey_4_40/frag_004) but MaterialBindingAPI is not applied on the prim
Warning: in BindingsAtPrim at line 686 of /builds/omniverse/usd-ci/USD/pxr/usd/usdShade/materialBindingAPI.cpp -- Found material bindings on prim at path (/W/gen/a_office_plain_DG4/brk_office_plain_DG4_bld_office_plain_storey_4_40/frag_005) but MaterialBindingAPI is not applied on the prim
Warning: in BindingsAtPrim at line 686 of /builds/omniverse/usd-ci/USD/pxr/usd/usdShade/materialBindingAPI.cpp -- Found material bindings on prim at path (/W/gen/a_office_plain_DG4/brk_office_plain_DG4_bld_office_plain_storey_4_40/frag_006) but MaterialBindingAPI is not applied on the prim
Warning: in BindingsAtPrim at line 686 of /builds/omniverse/usd-ci/USD/pxr/usd/usdShade/materialBindingAPI.cpp -- Found material bindings on prim at path (/W/gen/a_office_plain_DG4/brk_office_plain_DG4_bld_office_plain_storey_5_41/frag_000) but MaterialBindingAPI is not applied on the prim
Warning: in BindingsAtPrim at line 686 of /builds/omniverse/usd-ci/USD/pxr/usd/usdShade/materialBindingAPI.cpp -- Found material bindings on prim at path (/W/gen/a_office_plain_DG4/brk_office_plain_DG4_bld_office_plain_storey_5_41/frag_001) but MaterialBindingAPI is not applied on the prim
Warning: in BindingsAtPrim at line 686 of /builds/omniverse/usd-ci/USD/pxr/usd/usdShade/materialBindingAPI.cpp -- Found material bindings on prim at path (/W/gen/a_office_plain_DG4/brk_office_plain_DG4_bld_office_plain_storey_5_41/frag_002) but MaterialBindingAPI is not applied on the prim
Warning: in BindingsAtPrim at line 686 of /builds/omniverse/usd-ci/USD/pxr/usd/usdShade/materialBindingAPI.cpp -- Found material bindings on prim at path (/W/gen/a_office_plain_DG4/brk_office_plain_DG4_bld_office_plain_storey_5_42/frag_000) but MaterialBindingAPI is not applied on the prim
Warning: in BindingsAtPrim at line 686 of /builds/omniverse/usd-ci/USD/pxr/usd/usdShade/materialBindingAPI.cpp -- Found material bindings on prim at path (/W/gen/a_office_plain_DG4/brk_office_plain_DG4_bld_office_plain_storey_5_42/frag_001) but MaterialBindingAPI is not applied on the prim
Warning: in BindingsAtPrim at line 686 of /builds/omniverse/usd-ci/USD/pxr/usd/usdShade/materialBindingAPI.cpp -- Found material bindings on prim at path (/W/gen/a_office_plain_DG4/brk_office_plain_DG4_bld_office_plain_storey_5_42/frag_002) but MaterialBindingAPI is not applied on the prim
Warning: in BindingsAtPrim at line 686 of /builds/omniverse/usd-ci/USD/pxr/usd/usdShade/materialBindingAPI.cpp -- Found material bindings on prim at path (/W/gen/a_office_plain_DG4/brk_office_plain_DG4_bld_office_plain_storey_5_42/frag_003) but MaterialBindingAPI is not applied on the prim
Warning: in BindingsAtPrim at line 686 of /builds/omniverse/usd-ci/USD/pxr/usd/usdShade/materialBindingAPI.cpp -- Found material bindings on prim at path (/W/gen/a_office_plain_DG4/brk_office_plain_DG4_bld_office_plain_storey_5_42/frag_004) but MaterialBindingAPI is not applied on the prim
Warning: in BindingsAtPrim at line 686 of /builds/omniverse/usd-ci/USD/pxr/usd/usdShade/materialBindingAPI.cpp -- Found material bindings on prim at path (/W/gen/a_office_plain_DG4/brk_office_plain_DG4_bld_office_plain_storey_4_43/frag_000) but MaterialBindingAPI is not applied on the prim
Warning: in BindingsAtPrim at line 686 of /builds/omniverse/usd-ci/USD/pxr/usd/usdShade/materialBindingAPI.cpp -- Found material bindings on prim at path (/W/gen/a_office_plain_DG4/brk_office_plain_DG4_bld_office_plain_storey_4_43/frag_001) but MaterialBindingAPI is not applied on the prim
Warning: in BindingsAtPrim at line 686 of /builds/omniverse/usd-ci/USD/pxr/usd/usdShade/materialBindingAPI.cpp -- Found material bindings on prim at path (/W/gen/a_office_plain_DG4/brk_office_plain_DG4_bld_office_plain_storey_4_43/frag_002) but MaterialBindingAPI is not applied on the prim
Warning: in BindingsAtPrim at line 686 of /builds/omniverse/usd-ci/USD/pxr/usd/usdShade/materialBindingAPI.cpp -- Found material bindings on prim at path (/W/gen/a_office_plain_DG4/brk_office_plain_DG4_bld_office_plain_storey_4_43/frag_004) but MaterialBindingAPI is not applied on the prim
Warning: in BindingsAtPrim at line 686 of /builds/omniverse/usd-ci/USD/pxr/usd/usdShade/materialBindingAPI.cpp -- Found material bindings on prim at path (/W/gen/a_office_plain_DG4/brk_office_plain_DG4_bld_office_plain_storey_4_43/frag_005) but MaterialBindingAPI is not applied on the prim
Warning: in BindingsAtPrim at line 686 of /builds/omniverse/usd-ci/USD/pxr/usd/usdShade/materialBindingAPI.cpp -- Found material bindings on prim at path (/W/gen/a_office_plain_DG4/brk_office_plain_DG4_bld_office_plain_storey_4_43/frag_006) but MaterialBindingAPI is not applied on the prim
Warning: in BindingsAtPrim at line 686 of /builds/omniverse/usd-ci/USD/pxr/usd/usdShade/materialBindingAPI.cpp -- Found material bindings on prim at path (/W/gen/a_office_plain_DG4/brk_office_plain_DG4_bld_office_plain_storey_5_44/frag_001) but MaterialBindingAPI is not applied on the prim
Warning: in BindingsAtPrim at line 686 of /builds/omniverse/usd-ci/USD/pxr/usd/usdShade/materialBindingAPI.cpp -- Found material bindings on prim at path (/W/gen/a_office_plain_DG4/brk_office_plain_DG4_bld_office_plain_storey_5_44/frag_002) but MaterialBindingAPI is not applied on the prim
Warning: in BindingsAtPrim at line 686 of /builds/omniverse/usd-ci/USD/pxr/usd/usdShade/materialBindingAPI.cpp -- Found material bindings on prim at path (/W/gen/a_office_plain_DG4/brk_office_plain_DG4_bld_office_plain_storey_5_44/frag_003) but MaterialBindingAPI is not applied on the prim
Warning: in BindingsAtPrim at line 686 of /builds/omniverse/usd-ci/USD/pxr/usd/usdShade/materialBindingAPI.cpp -- Found material bindings on prim at path (/W/gen/a_office_plain_DG4/brk_office_plain_DG4_bld_office_plain_storey_4_45/frag_000) but MaterialBindingAPI is not applied on the prim
Warning: in BindingsAtPrim at line 686 of /builds/omniverse/usd-ci/USD/pxr/usd/usdShade/materialBindingAPI.cpp -- Found material bindings on prim at path (/W/gen/a_office_plain_DG4/brk_office_plain_DG4_bld_office_plain_storey_4_45/frag_001) but MaterialBindingAPI is not applied on the prim
Warning: in BindingsAtPrim at line 686 of /builds/omniverse/usd-ci/USD/pxr/usd/usdShade/materialBindingAPI.cpp -- Found material bindings on prim at path (/W/gen/a_office_plain_DG4/brk_office_plain_DG4_bld_office_plain_storey_4_45/frag_002) but MaterialBindingAPI is not applied on the prim
Warning: in BindingsAtPrim at line 686 of /builds/omniverse/usd-ci/USD/pxr/usd/usdShade/materialBindingAPI.cpp -- Found material bindings on prim at path (/W/gen/a_office_plain_DG4/brk_office_plain_DG4_bld_office_plain_storey_4_45/frag_003) but MaterialBindingAPI is not applied on the prim
Warning: in BindingsAtPrim at line 686 of /builds/omniverse/usd-ci/USD/pxr/usd/usdShade/materialBindingAPI.cpp -- Found material bindings on prim at path (/W/gen/a_office_plain_DG4/brk_office_plain_DG4_bld_office_plain_storey_4_45/frag_005) but MaterialBindingAPI is not applied on the prim
Warning: in BindingsAtPrim at line 686 of /builds/omniverse/usd-ci/USD/pxr/usd/usdShade/materialBindingAPI.cpp -- Found material bindings on prim at path (/W/gen/a_office_plain_DG4/brk_office_plain_DG4_bld_office_plain_storey_4_46/frag_000) but MaterialBindingAPI is not applied on the prim
Warning: in BindingsAtPrim at line 686 of /builds/omniverse/usd-ci/USD/pxr/usd/usdShade/materialBindingAPI.cpp -- Found material bindings on prim at path (/W/gen/a_office_plain_DG4/brk_office_plain_DG4_bld_office_plain_storey_4_46/frag_001) but MaterialBindingAPI is not applied on the prim
Warning: in BindingsAtPrim at line 686 of /builds/omniverse/usd-ci/USD/pxr/usd/usdShade/materialBindingAPI.cpp -- Found material bindings on prim at path (/W/gen/a_office_plain_DG4/brk_office_plain_DG4_bld_office_plain_storey_4_46/frag_002) but MaterialBindingAPI is not applied on the prim
Warning: in BindingsAtPrim at line 686 of /builds/omniverse/usd-ci/USD/pxr/usd/usdShade/materialBindingAPI.cpp -- Found material bindings on prim at path (/W/gen/a_office_plain_DG4/brk_office_plain_DG4_bld_office_plain_storey_4_46/frag_003) but MaterialBindingAPI is not applied on the prim
Warning: in BindingsAtPrim at line 686 of /builds/omniverse/usd-ci/USD/pxr/usd/usdShade/materialBindingAPI.cpp -- Found material bindings on prim at path (/W/gen/a_office_plain_DG4/brk_office_plain_DG4_bld_office_plain_storey_4_46/frag_004) but MaterialBindingAPI is not applied on the prim
Warning: in BindingsAtPrim at line 686 of /builds/omniverse/usd-ci/USD/pxr/usd/usdShade/materialBindingAPI.cpp -- Found material bindings on prim at path (/W/gen/a_office_plain_DG4/brk_office_plain_DG4_bld_office_plain_storey_4_46/frag_005) but MaterialBindingAPI is not applied on the prim
Warning: in BindingsAtPrim at line 686 of /builds/omniverse/usd-ci/USD/pxr/usd/usdShade/materialBindingAPI.cpp -- Found material bindings on prim at path (/W/gen/a_office_plain_DG4/brk_office_plain_DG4_bld_office_plain_storey_5_47/frag_000) but MaterialBindingAPI is not applied on the prim
Warning: in BindingsAtPrim at line 686 of /builds/omniverse/usd-ci/USD/pxr/usd/usdShade/materialBindingAPI.cpp -- Found material bindings on prim at path (/W/gen/a_office_plain_DG4/brk_office_plain_DG4_bld_office_plain_storey_5_47/frag_001) but MaterialBindingAPI is not applied on the prim
Warning: in BindingsAtPrim at line 686 of /builds/omniverse/usd-ci/USD/pxr/usd/usdShade/materialBindingAPI.cpp -- Found material bindings on prim at path (/W/gen/a_office_plain_DG4/brk_office_plain_DG4_bld_office_plain_storey_5_47/frag_002) but MaterialBindingAPI is not applied on the prim
Warning: in BindingsAtPrim at line 686 of /builds/omniverse/usd-ci/USD/pxr/usd/usdShade/materialBindingAPI.cpp -- Found material bindings on prim at path (/W/gen/a_office_plain_DG4/brk_office_plain_DG4_bld_office_plain_storey_5_47/frag_003) but MaterialBindingAPI is not applied on the prim
Warning: in BindingsAtPrim at line 686 of /builds/omniverse/usd-ci/USD/pxr/usd/usdShade/materialBindingAPI.cpp -- Found material bindings on prim at path (/W/gen/a_office_plain_DG4/brk_office_plain_DG4_bld_office_plain_storey_5_47/frag_004) but MaterialBindingAPI is not applied on the prim
Warning: in BindingsAtPrim at line 686 of /builds/omniverse/usd-ci/USD/pxr/usd/usdShade/materialBindingAPI.cpp -- Found material bindings on prim at path (/W/gen/a_office_plain_DG4/brk_office_plain_DG4_bld_office_plain_storey_4_48/frag_000) but MaterialBindingAPI is not applied on the prim
Warning: in BindingsAtPrim at line 686 of /builds/omniverse/usd-ci/USD/pxr/usd/usdShade/materialBindingAPI.cpp -- Found material bindings on prim at path (/W/gen/a_office_plain_DG4/brk_office_plain_DG4_bld_office_plain_storey_4_48/frag_001) but MaterialBindingAPI is not applied on the prim
Warning: in BindingsAtPrim at line 686 of /builds/omniverse/usd-ci/USD/pxr/usd/usdShade/materialBindingAPI.cpp -- Found material bindings on prim at path (/W/gen/a_office_plain_DG4/brk_office_plain_DG4_bld_office_plain_storey_4_48/frag_002) but MaterialBindingAPI is not applied on the prim
Warning: in BindingsAtPrim at line 686 of /builds/omniverse/usd-ci/USD/pxr/usd/usdShade/materialBindingAPI.cpp -- Found material bindings on prim at path (/W/gen/a_office_plain_DG4/brk_office_plain_DG4_bld_office_plain_storey_4_48/frag_003) but MaterialBindingAPI is not applied on the prim
Warning: in BindingsAtPrim at line 686 of /builds/omniverse/usd-ci/USD/pxr/usd/usdShade/materialBindingAPI.cpp -- Found material bindings on prim at path (/W/gen/a_office_plain_DG4/brk_office_plain_DG4_bld_office_plain_storey_4_48/frag_004) but MaterialBindingAPI is not applied on the prim
Warning: in BindingsAtPrim at line 686 of /builds/omniverse/usd-ci/USD/pxr/usd/usdShade/materialBindingAPI.cpp -- Found material bindings on prim at path (/W/gen/a_office_plain_DG4/brk_office_plain_DG4_bld_office_plain_storey_4_49/frag_000) but MaterialBindingAPI is not applied on the prim
Warning: in BindingsAtPrim at line 686 of /builds/omniverse/usd-ci/USD/pxr/usd/usdShade/materialBindingAPI.cpp -- Found material bindings on prim at path (/W/gen/a_office_plain_DG4/brk_office_plain_DG4_bld_office_plain_storey_4_49/frag_001) but MaterialBindingAPI is not applied on the prim
Warning: in BindingsAtPrim at line 686 of /builds/omniverse/usd-ci/USD/pxr/usd/usdShade/materialBindingAPI.cpp -- Found material bindings on prim at path (/W/gen/a_office_plain_DG4/brk_office_plain_DG4_bld_office_plain_storey_4_49/frag_002) but MaterialBindingAPI is not applied on the prim
Warning: in BindingsAtPrim at line 686 of /builds/omniverse/usd-ci/USD/pxr/usd/usdShade/materialBindingAPI.cpp -- Found material bindings on prim at path (/W/gen/a_office_plain_DG4/brk_office_plain_DG4_bld_office_plain_storey_5_50/frag_000) but MaterialBindingAPI is not applied on the prim
Warning: in BindingsAtPrim at line 686 of /builds/omniverse/usd-ci/USD/pxr/usd/usdShade/materialBindingAPI.cpp -- Found material bindings on prim at path (/W/gen/a_office_plain_DG4/brk_office_plain_DG4_bld_office_plain_storey_5_50/frag_001) but MaterialBindingAPI is not applied on the prim
Warning: in BindingsAtPrim at line 686 of /builds/omniverse/usd-ci/USD/pxr/usd/usdShade/materialBindingAPI.cpp -- Found material bindings on prim at path (/W/gen/a_office_plain_DG4/brk_office_plain_DG4_bld_office_plain_storey_5_50/frag_002) but MaterialBindingAPI is not applied on the prim
Warning: in BindingsAtPrim at line 686 of /builds/omniverse/usd-ci/USD/pxr/usd/usdShade/materialBindingAPI.cpp -- Found material bindings on prim at path (/W/gen/a_office_plain_DG4/brk_office_plain_DG4_bld_office_plain_storey_5_50/frag_003) but MaterialBindingAPI is not applied on the prim
Warning: in BindingsAtPrim at line 686 of /builds/omniverse/usd-ci/USD/pxr/usd/usdShade/materialBindingAPI.cpp -- Found material bindings on prim at path (/W/gen/a_office_plain_DG4/brk_office_plain_DG4_bld_office_plain_storey_5_50/frag_004) but MaterialBindingAPI is not applied on the prim
Warning: in BindingsAtPrim at line 686 of /builds/omniverse/usd-ci/USD/pxr/usd/usdShade/materialBindingAPI.cpp -- Found material bindings on prim at path (/W/gen/a_office_plain_DG4/brk_office_plain_DG4_bld_office_plain_storey_4_51/frag_000) but MaterialBindingAPI is not applied on the prim
Warning: in BindingsAtPrim at line 686 of /builds/omniverse/usd-ci/USD/pxr/usd/usdShade/materialBindingAPI.cpp -- Found material bindings on prim at path (/W/gen/a_office_plain_DG4/brk_office_plain_DG4_bld_office_plain_storey_4_51/frag_001) but MaterialBindingAPI is not applied on the prim
Warning: in BindingsAtPrim at line 686 of /builds/omniverse/usd-ci/USD/pxr/usd/usdShade/materialBindingAPI.cpp -- Found material bindings on prim at path (/W/gen/a_office_plain_DG4/brk_office_plain_DG4_bld_office_plain_storey_4_51/frag_002) but MaterialBindingAPI is not applied on the prim
Warning: in BindingsAtPrim at line 686 of /builds/omniverse/usd-ci/USD/pxr/usd/usdShade/materialBindingAPI.cpp -- Found material bindings on prim at path (/W/gen/a_office_plain_DG4/brk_office_plain_DG4_bld_office_plain_storey_4_51/frag_003) but MaterialBindingAPI is not applied on the prim
Warning: in BindingsAtPrim at line 686 of /builds/omniverse/usd-ci/USD/pxr/usd/usdShade/materialBindingAPI.cpp -- Found material bindings on prim at path (/W/gen/a_office_plain_DG4/brk_office_plain_DG4_bld_office_plain_storey_4_51/frag_004) but MaterialBindingAPI is not applied on the prim
Warning: in BindingsAtPrim at line 686 of /builds/omniverse/usd-ci/USD/pxr/usd/usdShade/materialBindingAPI.cpp -- Found material bindings on prim at path (/W/gen/a_office_plain_DG4/brk_office_plain_DG4_bld_office_plain_storey_4_52/frag_000) but MaterialBindingAPI is not applied on the prim
Warning: in BindingsAtPrim at line 686 of /builds/omniverse/usd-ci/USD/pxr/usd/usdShade/materialBindingAPI.cpp -- Found material bindings on prim at path (/W/gen/a_office_plain_DG4/brk_office_plain_DG4_bld_office_plain_storey_4_52/frag_001) but MaterialBindingAPI is not applied on the prim
Warning: in BindingsAtPrim at line 686 of /builds/omniverse/usd-ci/USD/pxr/usd/usdShade/materialBindingAPI.cpp -- Found material bindings on prim at path (/W/gen/a_office_plain_DG4/brk_office_plain_DG4_bld_office_plain_storey_4_52/frag_002) but MaterialBindingAPI is not applied on the prim
Warning: in BindingsAtPrim at line 686 of /builds/omniverse/usd-ci/USD/pxr/usd/usdShade/materialBindingAPI.cpp -- Found material bindings on prim at path (/W/gen/a_office_plain_DG4/brk_office_plain_DG4_bld_office_plain_storey_4_52/frag_003) but MaterialBindingAPI is not applied on the prim
Warning: in BindingsAtPrim at line 686 of /builds/omniverse/usd-ci/USD/pxr/usd/usdShade/materialBindingAPI.cpp -- Found material bindings on prim at path (/W/gen/a_office_plain_DG4/brk_office_plain_DG4_bld_office_plain_storey_4_52/frag_005) but MaterialBindingAPI is not applied on the prim
Warning: in BindingsAtPrim at line 686 of /builds/omniverse/usd-ci/USD/pxr/usd/usdShade/materialBindingAPI.cpp -- Found material bindings on prim at path (/W/gen/a_office_plain_DG4/brk_office_plain_DG4_bld_office_plain_storey_5_53/frag_000) but MaterialBindingAPI is not applied on the prim
Warning: in BindingsAtPrim at line 686 of /builds/omniverse/usd-ci/USD/pxr/usd/usdShade/materialBindingAPI.cpp -- Found material bindings on prim at path (/W/gen/a_office_plain_DG4/brk_office_plain_DG4_bld_office_plain_storey_5_53/frag_001) but MaterialBindingAPI is not applied on the prim
Warning: in BindingsAtPrim at line 686 of /builds/omniverse/usd-ci/USD/pxr/usd/usdShade/materialBindingAPI.cpp -- Found material bindings on prim at path (/W/gen/a_office_plain_DG4/brk_office_plain_DG4_bld_office_plain_storey_5_53/frag_002) but MaterialBindingAPI is not applied on the prim
Warning: in BindingsAtPrim at line 686 of /builds/omniverse/usd-ci/USD/pxr/usd/usdShade/materialBindingAPI.cpp -- Found material bindings on prim at path (/W/gen/a_office_plain_DG4/brk_office_plain_DG4_bld_office_plain_storey_5_53/frag_003) but MaterialBindingAPI is not applied on the prim
Warning: in BindingsAtPrim at line 686 of /builds/omniverse/usd-ci/USD/pxr/usd/usdShade/materialBindingAPI.cpp -- Found material bindings on prim at path (/W/gen/a_office_plain_DG4/brk_office_plain_DG4_bld_office_plain_storey_4_54/frag_000) but MaterialBindingAPI is not applied on the prim
Warning: in BindingsAtPrim at line 686 of /builds/omniverse/usd-ci/USD/pxr/usd/usdShade/materialBindingAPI.cpp -- Found material bindings on prim at path (/W/gen/a_office_plain_DG4/brk_office_plain_DG4_bld_office_plain_storey_4_54/frag_002) but MaterialBindingAPI is not applied on the prim
Warning: in BindingsAtPrim at line 686 of /builds/omniverse/usd-ci/USD/pxr/usd/usdShade/materialBindingAPI.cpp -- Found material bindings on prim at path (/W/gen/a_office_plain_DG4/brk_office_plain_DG4_bld_office_plain_storey_4_54/frag_003) but MaterialBindingAPI is not applied on the prim
Warning: in BindingsAtPrim at line 686 of /builds/omniverse/usd-ci/USD/pxr/usd/usdShade/materialBindingAPI.cpp -- Found material bindings on prim at path (/W/gen/a_office_plain_DG4/brk_office_plain_DG4_bld_office_plain_storey_5_55/frag_001) but MaterialBindingAPI is not applied on the prim
Warning: in BindingsAtPrim at line 686 of /builds/omniverse/usd-ci/USD/pxr/usd/usdShade/materialBindingAPI.cpp -- Found material bindings on prim at path (/W/gen/a_office_plain_DG4/brk_office_plain_DG4_bld_office_plain_storey_5_55/frag_002) but MaterialBindingAPI is not applied on the prim
Warning: in BindingsAtPrim at line 686 of /builds/omniverse/usd-ci/USD/pxr/usd/usdShade/materialBindingAPI.cpp -- Found material bindings on prim at path (/W/gen/a_office_plain_DG4/brk_office_plain_DG4_bld_office_plain_storey_5_55/frag_003) but MaterialBindingAPI is not applied on the prim
Warning: in BindingsAtPrim at line 686 of /builds/omniverse/usd-ci/USD/pxr/usd/usdShade/materialBindingAPI.cpp -- Found material bindings on prim at path (/W/gen/a_office_plain_DG4/brk_office_plain_DG4_bld_office_plain_storey_5_55/frag_004) but MaterialBindingAPI is not applied on the prim
Warning: in BindingsAtPrim at line 686 of /builds/omniverse/usd-ci/USD/pxr/usd/usdShade/materialBindingAPI.cpp -- Found material bindings on prim at path (/W/gen/a_office_plain_DG4/brk_office_plain_DG4_bld_office_plain_storey_5_56/frag_000) but MaterialBindingAPI is not applied on the prim
Warning: in BindingsAtPrim at line 686 of /builds/omniverse/usd-ci/USD/pxr/usd/usdShade/materialBindingAPI.cpp -- Found material bindings on prim at path (/W/gen/a_office_plain_DG4/brk_office_plain_DG4_bld_office_plain_storey_5_56/frag_002) but MaterialBindingAPI is not applied on the prim
Warning: in BindingsAtPrim at line 686 of /builds/omniverse/usd-ci/USD/pxr/usd/usdShade/materialBindingAPI.cpp -- Found material bindings on prim at path (/W/gen/a_office_plain_DG4/brk_office_plain_DG4_bld_office_plain_storey_5_56/frag_003) but MaterialBindingAPI is not applied on the prim
Warning: in BindingsAtPrim at line 686 of /builds/omniverse/usd-ci/USD/pxr/usd/usdShade/materialBindingAPI.cpp -- Found material bindings on prim at path (/W/gen/a_office_plain_DG4/brk_office_plain_DG4_bld_office_plain_storey_5_56/frag_004) but MaterialBindingAPI is not applied on the prim
Warning: in BindingsAtPrim at line 686 of /builds/omniverse/usd-ci/USD/pxr/usd/usdShade/materialBindingAPI.cpp -- Found material bindings on prim at path (/W/gen/a_office_plain_DG4/brk_office_plain_DG4_bld_office_plain_storey_4_57/frag_000) but MaterialBindingAPI is not applied on the prim
Warning: in BindingsAtPrim at line 686 of /builds/omniverse/usd-ci/USD/pxr/usd/usdShade/materialBindingAPI.cpp -- Found material bindings on prim at path (/W/gen/a_office_plain_DG4/brk_office_plain_DG4_bld_office_plain_storey_4_57/frag_001) but MaterialBindingAPI is not applied on the prim
Warning: in BindingsAtPrim at line 686 of /builds/omniverse/usd-ci/USD/pxr/usd/usdShade/materialBindingAPI.cpp -- Found material bindings on prim at path (/W/gen/a_office_plain_DG4/brk_office_plain_DG4_bld_office_plain_storey_4_57/frag_002) but MaterialBindingAPI is not applied on the prim
Warning: in BindingsAtPrim at line 686 of /builds/omniverse/usd-ci/USD/pxr/usd/usdShade/materialBindingAPI.cpp -- Found material bindings on prim at path (/W/gen/a_office_plain_DG4/brk_office_plain_DG4_bld_office_plain_storey_4_57/frag_003) but MaterialBindingAPI is not applied on the prim
Warning: in BindingsAtPrim at line 686 of /builds/omniverse/usd-ci/USD/pxr/usd/usdShade/materialBindingAPI.cpp -- Found material bindings on prim at path (/W/gen/a_office_plain_DG4/brk_office_plain_DG4_bld_office_plain_storey_4_57/frag_004) but MaterialBindingAPI is not applied on the prim
Warning: in BindingsAtPrim at line 686 of /builds/omniverse/usd-ci/USD/pxr/usd/usdShade/materialBindingAPI.cpp -- Found material bindings on prim at path (/W/gen/a_office_plain_DG4/brk_office_plain_DG4_bld_office_plain_storey_4_57/frag_005) but MaterialBindingAPI is not applied on the prim
Warning: in BindingsAtPrim at line 686 of /builds/omniverse/usd-ci/USD/pxr/usd/usdShade/materialBindingAPI.cpp -- Found material bindings on prim at path (/W/gen/a_office_plain_DG4/brk_office_plain_DG4_bld_office_plain_storey_5_58/frag_001) but MaterialBindingAPI is not applied on the prim
Warning: in BindingsAtPrim at line 686 of /builds/omniverse/usd-ci/USD/pxr/usd/usdShade/materialBindingAPI.cpp -- Found material bindings on prim at path (/W/gen/a_office_plain_DG4/brk_office_plain_DG4_bld_office_plain_storey_5_58/frag_002) but MaterialBindingAPI is not applied on the prim
Warning: in BindingsAtPrim at line 686 of /builds/omniverse/usd-ci/USD/pxr/usd/usdShade/materialBindingAPI.cpp -- Found material bindings on prim at path (/W/gen/a_office_plain_DG4/brk_office_plain_DG4_bld_office_plain_storey_5_58/frag_003) but MaterialBindingAPI is not applied on the prim
Warning: in BindingsAtPrim at line 686 of /builds/omniverse/usd-ci/USD/pxr/usd/usdShade/materialBindingAPI.cpp -- Found material bindings on prim at path (/W/gen/a_office_plain_DG4/brk_office_plain_DG4_bld_office_plain_storey_5_58/frag_004) but MaterialBindingAPI is not applied on the prim
Warning: in BindingsAtPrim at line 686 of /builds/omniverse/usd-ci/USD/pxr/usd/usdShade/materialBindingAPI.cpp -- Found material bindings on prim at path (/W/gen/a_office_plain_DG4/brk_office_plain_DG4_bld_office_plain_storey_5_58/frag_005) but MaterialBindingAPI is not applied on the prim
Warning: in BindingsAtPrim at line 686 of /builds/omniverse/usd-ci/USD/pxr/usd/usdShade/materialBindingAPI.cpp -- Found material bindings on prim at path (/W/gen/a_office_plain_DG4/brk_office_plain_DG4_bld_office_plain_storey_4_59/frag_000) but MaterialBindingAPI is not applied on the prim
Warning: in BindingsAtPrim at line 686 of /builds/omniverse/usd-ci/USD/pxr/usd/usdShade/materialBindingAPI.cpp -- Found material bindings on prim at path (/W/gen/a_office_plain_DG4/brk_office_plain_DG4_bld_office_plain_storey_4_59/frag_001) but MaterialBindingAPI is not applied on the prim
Warning: in BindingsAtPrim at line 686 of /builds/omniverse/usd-ci/USD/pxr/usd/usdShade/materialBindingAPI.cpp -- Found material bindings on prim at path (/W/gen/a_office_plain_DG4/brk_office_plain_DG4_bld_office_plain_storey_4_59/frag_002) but MaterialBindingAPI is not applied on the prim
Warning: in BindingsAtPrim at line 686 of /builds/omniverse/usd-ci/USD/pxr/usd/usdShade/materialBindingAPI.cpp -- Found material bindings on prim at path (/W/gen/a_office_plain_DG4/brk_office_plain_DG4_bld_office_plain_storey_4_59/frag_003) but MaterialBindingAPI is not applied on the prim
Warning: in BindingsAtPrim at line 686 of /builds/omniverse/usd-ci/USD/pxr/usd/usdShade/materialBindingAPI.cpp -- Found material bindings on prim at path (/W/gen/a_office_plain_DG4/brk_office_plain_DG4_bld_office_plain_storey_4_59/frag_004) but MaterialBindingAPI is not applied on the prim
Warning: in BindingsAtPrim at line 686 of /builds/omniverse/usd-ci/USD/pxr/usd/usdShade/materialBindingAPI.cpp -- Found material bindings on prim at path (/W/gen/a_office_plain_DG4/brk_office_plain_DG4_bld_office_plain_storey_4_60/frag_000) but MaterialBindingAPI is not applied on the prim
Warning: in BindingsAtPrim at line 686 of /builds/omniverse/usd-ci/USD/pxr/usd/usdShade/materialBindingAPI.cpp -- Found material bindings on prim at path (/W/gen/a_office_plain_DG4/brk_office_plain_DG4_bld_office_plain_storey_4_60/frag_001) but MaterialBindingAPI is not applied on the prim
Warning: in BindingsAtPrim at line 686 of /builds/omniverse/usd-ci/USD/pxr/usd/usdShade/materialBindingAPI.cpp -- Found material bindings on prim at path (/W/gen/a_office_plain_DG4/brk_office_plain_DG4_bld_office_plain_storey_4_60/frag_002) but MaterialBindingAPI is not applied on the prim
Warning: in BindingsAtPrim at line 686 of /builds/omniverse/usd-ci/USD/pxr/usd/usdShade/materialBindingAPI.cpp -- Found material bindings on prim at path (/W/gen/a_office_plain_DG4/brk_office_plain_DG4_bld_office_plain_storey_4_60/frag_003) but MaterialBindingAPI is not applied on the prim
Warning: in BindingsAtPrim at line 686 of /builds/omniverse/usd-ci/USD/pxr/usd/usdShade/materialBindingAPI.cpp -- Found material bindings on prim at path (/W/gen/a_office_plain_DG4/brk_office_plain_DG4_bld_office_plain_storey_4_60/frag_006) but MaterialBindingAPI is not applied on the prim
Warning: in BindingsAtPrim at line 686 of /builds/omniverse/usd-ci/USD/pxr/usd/usdShade/materialBindingAPI.cpp -- Found material bindings on prim at path (/W/gen/a_office_plain_DG4/brk_office_plain_DG4_bld_office_plain_storey_5_61/frag_000) but MaterialBindingAPI is not applied on the prim
Warning: in BindingsAtPrim at line 686 of /builds/omniverse/usd-ci/USD/pxr/usd/usdShade/materialBindingAPI.cpp -- Found material bindings on prim at path (/W/gen/a_office_plain_DG4/brk_office_plain_DG4_bld_office_plain_storey_5_61/frag_001) but MaterialBindingAPI is not applied on the prim
Warning: in BindingsAtPrim at line 686 of /builds/omniverse/usd-ci/USD/pxr/usd/usdShade/materialBindingAPI.cpp -- Found material bindings on prim at path (/W/gen/a_office_plain_DG4/brk_office_plain_DG4_bld_office_plain_storey_5_61/frag_003) but MaterialBindingAPI is not applied on the prim
Warning: in BindingsAtPrim at line 686 of /builds/omniverse/usd-ci/USD/pxr/usd/usdShade/materialBindingAPI.cpp -- Found material bindings on prim at path (/W/gen/a_office_plain_DG4/brk_office_plain_DG4_bld_office_plain_storey_5_61/frag_004) but MaterialBindingAPI is not applied on the prim
Warning: in BindingsAtPrim at line 686 of /builds/omniverse/usd-ci/USD/pxr/usd/usdShade/materialBindingAPI.cpp -- Found material bindings on prim at path (/W/gen/a_office_plain_DG4/brk_office_plain_DG4_bld_office_plain_storey_4_62/frag_000) but MaterialBindingAPI is not applied on the prim
Warning: in BindingsAtPrim at line 686 of /builds/omniverse/usd-ci/USD/pxr/usd/usdShade/materialBindingAPI.cpp -- Found material bindings on prim at path (/W/gen/a_office_plain_DG4/brk_office_plain_DG4_bld_office_plain_storey_4_62/frag_001) but MaterialBindingAPI is not applied on the prim
Warning: in BindingsAtPrim at line 686 of /builds/omniverse/usd-ci/USD/pxr/usd/usdShade/materialBindingAPI.cpp -- Found material bindings on prim at path (/W/gen/a_office_plain_DG4/brk_office_plain_DG4_bld_office_plain_storey_4_62/frag_002) but MaterialBindingAPI is not applied on the prim
Warning: in BindingsAtPrim at line 686 of /builds/omniverse/usd-ci/USD/pxr/usd/usdShade/materialBindingAPI.cpp -- Found material bindings on prim at path (/W/gen/a_office_plain_DG4/brk_office_plain_DG4_bld_office_plain_storey_4_62/frag_005) but MaterialBindingAPI is not applied on the prim
Warning: in BindingsAtPrim at line 686 of /builds/omniverse/usd-ci/USD/pxr/usd/usdShade/materialBindingAPI.cpp -- Found material bindings on prim at path (/W/gen/a_office_plain_DG4/brk_office_plain_DG4_bld_office_plain_storey_4_63/frag_000) but MaterialBindingAPI is not applied on the prim
Warning: in BindingsAtPrim at line 686 of /builds/omniverse/usd-ci/USD/pxr/usd/usdShade/materialBindingAPI.cpp -- Found material bindings on prim at path (/W/gen/a_office_plain_DG4/brk_office_plain_DG4_bld_office_plain_storey_4_63/frag_001) but MaterialBindingAPI is not applied on the prim
Warning: in BindingsAtPrim at line 686 of /builds/omniverse/usd-ci/USD/pxr/usd/usdShade/materialBindingAPI.cpp -- Found material bindings on prim at path (/W/gen/a_office_plain_DG4/brk_office_plain_DG4_bld_office_plain_storey_4_63/frag_003) but MaterialBindingAPI is not applied on the prim
Warning: in BindingsAtPrim at line 686 of /builds/omniverse/usd-ci/USD/pxr/usd/usdShade/materialBindingAPI.cpp -- Found material bindings on prim at path (/W/gen/a_office_plain_DG4/brk_office_plain_DG4_bld_office_plain_storey_4_63/frag_005) but MaterialBindingAPI is not applied on the prim
Warning: in BindingsAtPrim at line 686 of /builds/omniverse/usd-ci/USD/pxr/usd/usdShade/materialBindingAPI.cpp -- Found material bindings on prim at path (/W/gen/a_office_plain_DG4/brk_office_plain_DG4_bld_office_plain_storey_5_64/frag_000) but MaterialBindingAPI is not applied on the prim
Warning: in BindingsAtPrim at line 686 of /builds/omniverse/usd-ci/USD/pxr/usd/usdShade/materialBindingAPI.cpp -- Found material bindings on prim at path (/W/gen/a_office_plain_DG4/brk_office_plain_DG4_bld_office_plain_storey_5_64/frag_001) but MaterialBindingAPI is not applied on the prim
Warning: in BindingsAtPrim at line 686 of /builds/omniverse/usd-ci/USD/pxr/usd/usdShade/materialBindingAPI.cpp -- Found material bindings on prim at path (/W/gen/a_office_plain_DG4/brk_office_plain_DG4_bld_office_plain_storey_5_64/frag_002) but MaterialBindingAPI is not applied on the prim
Warning: in BindingsAtPrim at line 686 of /builds/omniverse/usd-ci/USD/pxr/usd/usdShade/materialBindingAPI.cpp -- Found material bindings on prim at path (/W/gen/a_office_plain_DG4/brk_office_plain_DG4_bld_office_plain_storey_5_64/frag_003) but MaterialBindingAPI is not applied on the prim
Warning: in BindingsAtPrim at line 686 of /builds/omniverse/usd-ci/USD/pxr/usd/usdShade/materialBindingAPI.cpp -- Found material bindings on prim at path (/W/gen/a_office_plain_DG4/brk_office_plain_DG4_bld_office_plain_storey_5_64/frag_004) but MaterialBindingAPI is not applied on the prim
Warning: in BindingsAtPrim at line 686 of /builds/omniverse/usd-ci/USD/pxr/usd/usdShade/materialBindingAPI.cpp -- Found material bindings on prim at path (/W/gen/a_office_plain_DG4/brk_office_plain_DG4_bld_office_plain_storey_5_64/frag_005) but MaterialBindingAPI is not applied on the prim
Warning: in BindingsAtPrim at line 686 of /builds/omniverse/usd-ci/USD/pxr/usd/usdShade/materialBindingAPI.cpp -- Found material bindings on prim at path (/W/gen/a_office_plain_DG4/brk_office_plain_DG4_bld_office_plain_storey_5_64/frag_006) but MaterialBindingAPI is not applied on the prim
Warning: in BindingsAtPrim at line 686 of /builds/omniverse/usd-ci/USD/pxr/usd/usdShade/materialBindingAPI.cpp -- Found material bindings on prim at path (/W/gen/a_office_plain_DG4/brk_office_plain_DG4_bld_office_plain_storey_4_65/frag_001) but MaterialBindingAPI is not applied on the prim
Warning: in BindingsAtPrim at line 686 of /builds/omniverse/usd-ci/USD/pxr/usd/usdShade/materialBindingAPI.cpp -- Found material bindings on prim at path (/W/gen/a_office_plain_DG4/brk_office_plain_DG4_bld_office_plain_storey_4_65/frag_002) but MaterialBindingAPI is not applied on the prim
Warning: in BindingsAtPrim at line 686 of /builds/omniverse/usd-ci/USD/pxr/usd/usdShade/materialBindingAPI.cpp -- Found material bindings on prim at path (/W/gen/a_office_plain_DG4/brk_office_plain_DG4_bld_office_plain_storey_4_65/frag_003) but MaterialBindingAPI is not applied on the prim
Warning: in BindingsAtPrim at line 686 of /builds/omniverse/usd-ci/USD/pxr/usd/usdShade/materialBindingAPI.cpp -- Found material bindings on prim at path (/W/gen/a_office_plain_DG4/brk_office_plain_DG4_bld_office_plain_storey_4_65/frag_004) but MaterialBindingAPI is not applied on the prim
Warning: in BindingsAtPrim at line 686 of /builds/omniverse/usd-ci/USD/pxr/usd/usdShade/materialBindingAPI.cpp -- Found material bindings on prim at path (/W/gen/a_office_plain_DG4/brk_office_plain_DG4_bld_office_plain_storey_4_65/frag_005) but MaterialBindingAPI is not applied on the prim
Warning: in BindingsAtPrim at line 686 of /builds/omniverse/usd-ci/USD/pxr/usd/usdShade/materialBindingAPI.cpp -- Found material bindings on prim at path (/W/gen/a_office_plain_DG4/brk_office_plain_DG4_bld_office_plain_storey_5_70/frag_000) but MaterialBindingAPI is not applied on the prim
Warning: in BindingsAtPrim at line 686 of /builds/omniverse/usd-ci/USD/pxr/usd/usdShade/materialBindingAPI.cpp -- Found material bindings on prim at path (/W/gen/a_office_plain_DG4/brk_office_plain_DG4_bld_office_plain_storey_5_70/frag_001) but MaterialBindingAPI is not applied on the prim
Warning: in BindingsAtPrim at line 686 of /builds/omniverse/usd-ci/USD/pxr/usd/usdShade/materialBindingAPI.cpp -- Found material bindings on prim at path (/W/gen/a_office_plain_DG4/brk_office_plain_DG4_bld_office_plain_storey_5_70/frag_002) but MaterialBindingAPI is not applied on the prim
Warning: in BindingsAtPrim at line 686 of /builds/omniverse/usd-ci/USD/pxr/usd/usdShade/materialBindingAPI.cpp -- Found material bindings on prim at path (/W/gen/a_office_plain_DG4/brk_office_plain_DG4_bld_office_plain_storey_5_70/frag_003) but MaterialBindingAPI is not applied on the prim
Warning: in BindingsAtPrim at line 686 of /builds/omniverse/usd-ci/USD/pxr/usd/usdShade/materialBindingAPI.cpp -- Found material bindings on prim at path (/W/gen/a_office_plain_DG4/brk_office_plain_DG4_bld_office_plain_storey_5_70/frag_004) but MaterialBindingAPI is not applied on the prim
Warning: in BindingsAtPrim at line 686 of /builds/omniverse/usd-ci/USD/pxr/usd/usdShade/materialBindingAPI.cpp -- Found material bindings on prim at path (/W/gen/a_office_plain_DG4/brk_office_plain_DG4_bld_office_plain_storey_5_70/frag_005) but MaterialBindingAPI is not applied on the prim
Warning: in BindingsAtPrim at line 686 of /builds/omniverse/usd-ci/USD/pxr/usd/usdShade/materialBindingAPI.cpp -- Found material bindings on prim at path (/W/gen/a_office_plain_DG4/brk_office_plain_DG4_bld_office_plain_storey_5_70/frag_006) but MaterialBindingAPI is not applied on the prim
Warning: in BindingsAtPrim at line 686 of /builds/omniverse/usd-ci/USD/pxr/usd/usdShade/materialBindingAPI.cpp -- Found material bindings on prim at path (/W/gen/a_office_plain_DG4/brk_office_plain_DG4_bld_office_plain_storey_4_71/frag_001) but MaterialBindingAPI is not applied on the prim
Warning: in BindingsAtPrim at line 686 of /builds/omniverse/usd-ci/USD/pxr/usd/usdShade/materialBindingAPI.cpp -- Found material bindings on prim at path (/W/gen/a_office_plain_DG4/brk_office_plain_DG4_bld_office_plain_storey_4_71/frag_002) but MaterialBindingAPI is not applied on the prim
Warning: in BindingsAtPrim at line 686 of /builds/omniverse/usd-ci/USD/pxr/usd/usdShade/materialBindingAPI.cpp -- Found material bindings on prim at path (/W/gen/a_office_plain_DG4/brk_office_plain_DG4_bld_office_plain_storey_4_71/frag_003) but MaterialBindingAPI is not applied on the prim
Warning: in BindingsAtPrim at line 686 of /builds/omniverse/usd-ci/USD/pxr/usd/usdShade/materialBindingAPI.cpp -- Found material bindings on prim at path (/W/gen/a_office_plain_DG4/brk_office_plain_DG4_bld_office_plain_storey_4_71/frag_004) but MaterialBindingAPI is not applied on the prim
Warning: in BindingsAtPrim at line 686 of /builds/omniverse/usd-ci/USD/pxr/usd/usdShade/materialBindingAPI.cpp -- Found material bindings on prim at path (/W/gen/a_office_plain_DG4/brk_office_plain_DG4_bld_office_plain_storey_5_72/frag_000) but MaterialBindingAPI is not applied on the prim
Warning: in BindingsAtPrim at line 686 of /builds/omniverse/usd-ci/USD/pxr/usd/usdShade/materialBindingAPI.cpp -- Found material bindings on prim at path (/W/gen/a_office_plain_DG4/brk_office_plain_DG4_bld_office_plain_storey_5_72/frag_001) but MaterialBindingAPI is not applied on the prim
Warning: in BindingsAtPrim at line 686 of /builds/omniverse/usd-ci/USD/pxr/usd/usdShade/materialBindingAPI.cpp -- Found material bindings on prim at path (/W/gen/a_office_plain_DG4/brk_office_plain_DG4_bld_office_plain_storey_5_72/frag_002) but MaterialBindingAPI is not applied on the prim
Warning: in BindingsAtPrim at line 686 of /builds/omniverse/usd-ci/USD/pxr/usd/usdShade/materialBindingAPI.cpp -- Found material bindings on prim at path (/W/gen/a_office_plain_DG4/brk_office_plain_DG4_bld_office_plain_storey_5_72/frag_003) but MaterialBindingAPI is not applied on the prim
Warning: in BindingsAtPrim at line 686 of /builds/omniverse/usd-ci/USD/pxr/usd/usdShade/materialBindingAPI.cpp -- Found material bindings on prim at path (/W/gen/a_office_plain_DG4/brk_office_plain_DG4_bld_office_plain_storey_5_72/frag_004) but MaterialBindingAPI is not applied on the prim
Warning: in BindingsAtPrim at line 686 of /builds/omniverse/usd-ci/USD/pxr/usd/usdShade/materialBindingAPI.cpp -- Found material bindings on prim at path (/W/gen/a_office_plain_DG4/brk_office_plain_DG4_bld_office_plain_storey_5_72/frag_005) but MaterialBindingAPI is not applied on the prim
Warning: in BindingsAtPrim at line 686 of /builds/omniverse/usd-ci/USD/pxr/usd/usdShade/materialBindingAPI.cpp -- Found material bindings on prim at path (/W/gen/a_office_plain_DG4/brk_office_plain_DG4_bld_office_plain_storey_4_73/frag_000) but MaterialBindingAPI is not applied on the prim
Warning: in BindingsAtPrim at line 686 of /builds/omniverse/usd-ci/USD/pxr/usd/usdShade/materialBindingAPI.cpp -- Found material bindings on prim at path (/W/gen/a_office_plain_DG4/brk_office_plain_DG4_bld_office_plain_storey_4_73/frag_001) but MaterialBindingAPI is not applied on the prim
Warning: in BindingsAtPrim at line 686 of /builds/omniverse/usd-ci/USD/pxr/usd/usdShade/materialBindingAPI.cpp -- Found material bindings on prim at path (/W/gen/a_office_plain_DG4/brk_office_plain_DG4_bld_office_plain_storey_4_73/frag_002) but MaterialBindingAPI is not applied on the prim
Warning: in BindingsAtPrim at line 686 of /builds/omniverse/usd-ci/USD/pxr/usd/usdShade/materialBindingAPI.cpp -- Found material bindings on prim at path (/W/gen/a_office_plain_DG4/brk_office_plain_DG4_bld_office_plain_storey_4_73/frag_003) but MaterialBindingAPI is not applied on the prim
Warning: in BindingsAtPrim at line 686 of /builds/omniverse/usd-ci/USD/pxr/usd/usdShade/materialBindingAPI.cpp -- Found material bindings on prim at path (/W/gen/a_office_plain_DG4/brk_office_plain_DG4_bld_office_plain_storey_5_78/frag_000) but MaterialBindingAPI is not applied on the prim
Warning: in BindingsAtPrim at line 686 of /builds/omniverse/usd-ci/USD/pxr/usd/usdShade/materialBindingAPI.cpp -- Found material bindings on prim at path (/W/gen/a_office_plain_DG4/brk_office_plain_DG4_bld_office_plain_storey_5_78/frag_001) but MaterialBindingAPI is not applied on the prim
Warning: in BindingsAtPrim at line 686 of /builds/omniverse/usd-ci/USD/pxr/usd/usdShade/materialBindingAPI.cpp -- Found material bindings on prim at path (/W/gen/a_office_plain_DG4/brk_office_plain_DG4_bld_office_plain_storey_5_78/frag_002) but MaterialBindingAPI is not applied on the prim
Warning: in BindingsAtPrim at line 686 of /builds/omniverse/usd-ci/USD/pxr/usd/usdShade/materialBindingAPI.cpp -- Found material bindings on prim at path (/W/gen/a_office_plain_DG4/brk_office_plain_DG4_bld_office_plain_storey_5_78/frag_003) but MaterialBindingAPI is not applied on the prim
Warning: in BindingsAtPrim at line 686 of /builds/omniverse/usd-ci/USD/pxr/usd/usdShade/materialBindingAPI.cpp -- Found material bindings on prim at path (/W/gen/a_office_plain_DG4/brk_office_plain_DG4_bld_office_plain_storey_5_78/frag_004) but MaterialBindingAPI is not applied on the prim
Warning: in BindingsAtPrim at line 686 of /builds/omniverse/usd-ci/USD/pxr/usd/usdShade/materialBindingAPI.cpp -- Found material bindings on prim at path (/W/gen/a_office_plain_DG4/brk_office_plain_DG4_bld_office_plain_storey_5_78/frag_005) but MaterialBindingAPI is not applied on the prim
Warning: in BindingsAtPrim at line 686 of /builds/omniverse/usd-ci/USD/pxr/usd/usdShade/materialBindingAPI.cpp -- Found material bindings on prim at path (/W/gen/a_office_plain_DG4/brk_office_plain_DG4_bld_office_plain_storey_4_79/frag_000) but MaterialBindingAPI is not applied on the prim
Warning: in BindingsAtPrim at line 686 of /builds/omniverse/usd-ci/USD/pxr/usd/usdShade/materialBindingAPI.cpp -- Found material bindings on prim at path (/W/gen/a_office_plain_DG4/brk_office_plain_DG4_bld_office_plain_storey_4_79/frag_002) but MaterialBindingAPI is not applied on the prim
Warning: in BindingsAtPrim at line 686 of /builds/omniverse/usd-ci/USD/pxr/usd/usdShade/materialBindingAPI.cpp -- Found material bindings on prim at path (/W/gen/a_office_plain_DG4/brk_office_plain_DG4_bld_office_plain_storey_4_79/frag_004) but MaterialBindingAPI is not applied on the prim
Warning: in BindingsAtPrim at line 686 of /builds/omniverse/usd-ci/USD/pxr/usd/usdShade/materialBindingAPI.cpp -- Found material bindings on prim at path (/W/gen/a_office_plain_DG4/brk_office_plain_DG4_bld_office_plain_storey_4_80/frag_000) but MaterialBindingAPI is not applied on the prim
Warning: in BindingsAtPrim at line 686 of /builds/omniverse/usd-ci/USD/pxr/usd/usdShade/materialBindingAPI.cpp -- Found material bindings on prim at path (/W/gen/a_office_plain_DG4/brk_office_plain_DG4_bld_office_plain_storey_4_80/frag_003) but MaterialBindingAPI is not applied on the prim
Warning: in BindingsAtPrim at line 686 of /builds/omniverse/usd-ci/USD/pxr/usd/usdShade/materialBindingAPI.cpp -- Found material bindings on prim at path (/W/gen/a_office_plain_DG4/brk_office_plain_DG4_bld_office_plain_storey_4_80/frag_004) but MaterialBindingAPI is not applied on the prim
Warning: in BindingsAtPrim at line 686 of /builds/omniverse/usd-ci/USD/pxr/usd/usdShade/materialBindingAPI.cpp -- Found material bindings on prim at path (/W/gen/a_office_plain_DG4/brk_office_plain_DG4_bld_office_plain_storey_4_80/frag_005) but MaterialBindingAPI is not applied on the prim
Warning: in BindingsAtPrim at line 686 of /builds/omniverse/usd-ci/USD/pxr/usd/usdShade/materialBindingAPI.cpp -- Found material bindings on prim at path (/W/gen/a_office_plain_DG4/brk_office_plain_DG4_bld_office_plain_storey_4_80/frag_006) but MaterialBindingAPI is not applied on the prim
Warning: in BindingsAtPrim at line 686 of /builds/omniverse/usd-ci/USD/pxr/usd/usdShade/materialBindingAPI.cpp -- Found material bindings on prim at path (/W/gen/a_office_plain_DG4/brk_office_plain_DG4_bld_office_plain_storey_5_81/frag_000) but MaterialBindingAPI is not applied on the prim
Warning: in BindingsAtPrim at line 686 of /builds/omniverse/usd-ci/USD/pxr/usd/usdShade/materialBindingAPI.cpp -- Found material bindings on prim at path (/W/gen/a_office_plain_DG4/brk_office_plain_DG4_bld_office_plain_storey_5_81/frag_002) but MaterialBindingAPI is not applied on the prim
Warning: in BindingsAtPrim at line 686 of /builds/omniverse/usd-ci/USD/pxr/usd/usdShade/materialBindingAPI.cpp -- Found material bindings on prim at path (/W/gen/a_office_plain_DG4/brk_office_plain_DG4_bld_office_plain_storey_5_81/frag_003) but MaterialBindingAPI is not applied on the prim
Warning: in BindingsAtPrim at line 686 of /builds/omniverse/usd-ci/USD/pxr/usd/usdShade/materialBindingAPI.cpp -- Found material bindings on prim at path (/W/gen/a_office_plain_DG4/brk_office_plain_DG4_bld_office_plain_storey_5_81/frag_004) but MaterialBindingAPI is not applied on the prim
Warning: in BindingsAtPrim at line 686 of /builds/omniverse/usd-ci/USD/pxr/usd/usdShade/materialBindingAPI.cpp -- Found material bindings on prim at path (/W/gen/a_office_plain_DG4/brk_office_plain_DG4_bld_office_plain_storey_4_82/frag_000) but MaterialBindingAPI is not applied on the prim
Warning: in BindingsAtPrim at line 686 of /builds/omniverse/usd-ci/USD/pxr/usd/usdShade/materialBindingAPI.cpp -- Found material bindings on prim at path (/W/gen/a_office_plain_DG4/brk_office_plain_DG4_bld_office_plain_storey_4_82/frag_001) but MaterialBindingAPI is not applied on the prim
Warning: in BindingsAtPrim at line 686 of /builds/omniverse/usd-ci/USD/pxr/usd/usdShade/materialBindingAPI.cpp -- Found material bindings on prim at path (/W/gen/a_office_plain_DG4/brk_office_plain_DG4_bld_office_plain_storey_4_82/frag_002) but MaterialBindingAPI is not applied on the prim
Warning: in BindingsAtPrim at line 686 of /builds/omniverse/usd-ci/USD/pxr/usd/usdShade/materialBindingAPI.cpp -- Found material bindings on prim at path (/W/gen/a_office_plain_DG4/brk_office_plain_DG4_bld_office_plain_storey_4_82/frag_003) but MaterialBindingAPI is not applied on the prim
Warning: in BindingsAtPrim at line 686 of /builds/omniverse/usd-ci/USD/pxr/usd/usdShade/materialBindingAPI.cpp -- Found material bindings on prim at path (/W/gen/a_office_plain_DG4/brk_office_plain_DG4_bld_office_plain_storey_4_82/frag_005) but MaterialBindingAPI is not applied on the prim
Warning: in BindingsAtPrim at line 686 of /builds/omniverse/usd-ci/USD/pxr/usd/usdShade/materialBindingAPI.cpp -- Found material bindings on prim at path (/W/gen/a_office_plain_DG4/brk_office_plain_DG4_bld_office_plain_storey_4_91/frag_001) but MaterialBindingAPI is not applied on the prim
Warning: in BindingsAtPrim at line 686 of /builds/omniverse/usd-ci/USD/pxr/usd/usdShade/materialBindingAPI.cpp -- Found material bindings on prim at path (/W/gen/a_office_plain_DG4/brk_office_plain_DG4_bld_office_plain_storey_4_91/frag_002) but MaterialBindingAPI is not applied on the prim
Warning: in BindingsAtPrim at line 686 of /builds/omniverse/usd-ci/USD/pxr/usd/usdShade/materialBindingAPI.cpp -- Found material bindings on prim at path (/W/gen/a_office_plain_DG4/brk_office_plain_DG4_bld_office_plain_storey_4_91/frag_003) but MaterialBindingAPI is not applied on the prim
Warning: in BindingsAtPrim at line 686 of /builds/omniverse/usd-ci/USD/pxr/usd/usdShade/materialBindingAPI.cpp -- Found material bindings on prim at path (/W/gen/a_office_plain_DG4/brk_office_plain_DG4_bld_office_plain_storey_4_91/frag_004) but MaterialBindingAPI is not applied on the prim
Warning: in BindingsAtPrim at line 686 of /builds/omniverse/usd-ci/USD/pxr/usd/usdShade/materialBindingAPI.cpp -- Found material bindings on prim at path (/W/gen/a_office_plain_DG4/brk_office_plain_DG4_bld_office_plain_storey_4_91/frag_005) but MaterialBindingAPI is not applied on the prim
Warning: in BindingsAtPrim at line 686 of /builds/omniverse/usd-ci/USD/pxr/usd/usdShade/materialBindingAPI.cpp -- Found material bindings on prim at path (/W/gen/a_office_plain_DG4/brk_office_plain_DG4_bld_office_plain_storey_5_92/frag_000) but MaterialBindingAPI is not applied on the prim
Warning: in BindingsAtPrim at line 686 of /builds/omniverse/usd-ci/USD/pxr/usd/usdShade/materialBindingAPI.cpp -- Found material bindings on prim at path (/W/gen/a_office_plain_DG4/brk_office_plain_DG4_bld_office_plain_storey_5_92/frag_001) but MaterialBindingAPI is not applied on the prim
Warning: in BindingsAtPrim at line 686 of /builds/omniverse/usd-ci/USD/pxr/usd/usdShade/materialBindingAPI.cpp -- Found material bindings on prim at path (/W/gen/a_office_plain_DG4/brk_office_plain_DG4_bld_office_plain_storey_5_92/frag_002) but MaterialBindingAPI is not applied on the prim
Warning: in BindingsAtPrim at line 686 of /builds/omniverse/usd-ci/USD/pxr/usd/usdShade/materialBindingAPI.cpp -- Found material bindings on prim at path (/W/gen/a_office_plain_DG4/brk_office_plain_DG4_bld_office_plain_storey_5_92/frag_003) but MaterialBindingAPI is not applied on the prim
Warning: in BindingsAtPrim at line 686 of /builds/omniverse/usd-ci/USD/pxr/usd/usdShade/materialBindingAPI.cpp -- Found material bindings on prim at path (/W/gen/a_office_plain_DG4/brk_office_plain_DG4_bld_office_plain_storey_5_92/frag_004) but MaterialBindingAPI is not applied on the prim
Warning: in BindingsAtPrim at line 686 of /builds/omniverse/usd-ci/USD/pxr/usd/usdShade/materialBindingAPI.cpp -- Found material bindings on prim at path (/W/gen/a_office_plain_DG4/brk_office_plain_DG4_bld_office_plain_storey_5_92/frag_005) but MaterialBindingAPI is not applied on the prim
Warning: in BindingsAtPrim at line 686 of /builds/omniverse/usd-ci/USD/pxr/usd/usdShade/materialBindingAPI.cpp -- Found material bindings on prim at path (/W/gen/a_office_plain_DG4/fit_office_plain_DG4/slab_main_2) but MaterialBindingAPI is not applied on the prim
Warning: in BindingsAtPrim at line 686 of /builds/omniverse/usd-ci/USD/pxr/usd/usdShade/materialBindingAPI.cpp -- Found material bindings on prim at path (/W/gen/a_office_plain_DG4/fit_office_plain_DG4/slab_main_2) but MaterialBindingAPI is not applied on the prim
Warning: in BindingsAtPrim at line 686 of /builds/omniverse/usd-ci/USD/pxr/usd/usdShade/materialBindingAPI.cpp -- Found material bindings on prim at path (/W/gen/a_office_plain_DG4/fit_office_plain_DG4/slab_main_2_strip96) but MaterialBindingAPI is not applied on the prim
Warning: in BindingsAtPrim at line 686 of /builds/omniverse/usd-ci/USD/pxr/usd/usdShade/materialBindingAPI.cpp -- Found material bindings on prim at path (/W/gen/a_office_plain_DG4/fit_office_plain_DG4/slab_main_2_rem95) but MaterialBindingAPI is not applied on the prim
Warning: in BindingsAtPrim at line 686 of /builds/omniverse/usd-ci/USD/pxr/usd/usdShade/materialBindingAPI.cpp -- Found material bindings on prim at path (/W/gen/a_office_plain_DG4/fit_office_plain_DG4/slab_main_2_rem95) but MaterialBindingAPI is not applied on the prim
Warning: in BindingsAtPrim at line 686 of /builds/omniverse/usd-ci/USD/pxr/usd/usdShade/materialBindingAPI.cpp -- Found material bindings on prim at path (/W/gen/a_office_plain_DG4/fit_office_plain_DG4/slab_main_2_rem95_strip98) but MaterialBindingAPI is not applied on the prim
Warning: in BindingsAtPrim at line 686 of /builds/omniverse/usd-ci/USD/pxr/usd/usdShade/materialBindingAPI.cpp -- Found material bindings on prim at path (/W/gen/a_office_plain_DG4/fit_office_plain_DG4/slab_main_3) but MaterialBindingAPI is not applied on the prim
Warning: in BindingsAtPrim at line 686 of /builds/omniverse/usd-ci/USD/pxr/usd/usdShade/materialBindingAPI.cpp -- Found material bindings on prim at path (/W/gen/a_office_plain_DG4/fit_office_plain_DG4/slab_main_3) but MaterialBindingAPI is not applied on the prim
Warning: in BindingsAtPrim at line 686 of /builds/omniverse/usd-ci/USD/pxr/usd/usdShade/materialBindingAPI.cpp -- Found material bindings on prim at path (/W/gen/a_office_plain_DG4/fit_office_plain_DG4/slab_main_3_strip102) but MaterialBindingAPI is not applied on the prim
Warning: in BindingsAtPrim at line 686 of /builds/omniverse/usd-ci/USD/pxr/usd/usdShade/materialBindingAPI.cpp -- Found material bindings on prim at path (/W/gen/a_office_plain_DG4/fit_office_plain_DG4/slab_main_3_rem101) but MaterialBindingAPI is not applied on the prim
Warning: in BindingsAtPrim at line 686 of /builds/omniverse/usd-ci/USD/pxr/usd/usdShade/materialBindingAPI.cpp -- Found material bindings on prim at path (/W/gen/a_office_plain_DG4/fit_office_plain_DG4/slab_main_3_rem101) but MaterialBindingAPI is not applied on the prim
Warning: in BindingsAtPrim at line 686 of /builds/omniverse/usd-ci/USD/pxr/usd/usdShade/materialBindingAPI.cpp -- Found material bindings on prim at path (/W/gen/a_office_plain_DG4/fit_office_plain_DG4/slab_main_3_rem101_strip104) but MaterialBindingAPI is not applied on the prim
Warning: in _ReportErrors at line 3172 of /builds/omniverse/usd-ci/USD/pxr/usd/usd/stage.cpp -- In </W/gen/a_office_plain_DG4/rubble_office_plain_DG4_collar_2_chunk/Prototypes/concrete_slabs_p005>: Could not open asset @omniverse://airlab-nucleus.andrew.cmu.edu:443/Projects/SEI-COA/scene_gen/assets/rubble_hd/concrete_slabs/concrete_slabs_p005.usdc@ for reference introduced by @anon:0x29a7f290:tmp.usda@</W/gen/a_office_plain_DG4/rubble_office_plain_DG4_collar_2_chunk/Prototypes/concrete_slabs_p005>. (recomposing stage on stage @anon:0x29a7f290:tmp.usda@ <0x29a809a0>)
Warning: in _ReportErrors at line 3172 of /builds/omniverse/usd-ci/USD/pxr/usd/usd/stage.cpp -- In </W/gen/a_office_plain_DG4/rubble_office_plain_DG4_collar_2_chunk/Prototypes/concrete_slabs_p016>: Could not open asset @omniverse://airlab-nucleus.andrew.cmu.edu:443/Projects/SEI-COA/scene_gen/assets/rubble_hd/concrete_slabs/concrete_slabs_p016.usdc@ for reference introduced by @anon:0x29a7f290:tmp.usda@</W/gen/a_office_plain_DG4/rubble_office_plain_DG4_collar_2_chunk/Prototypes/concrete_slabs_p016>. (recomposing stage on stage @anon:0x29a7f290:tmp.usda@ <0x29a809a0>)
Warning: in _ReportErrors at line 3172 of /builds/omniverse/usd-ci/USD/pxr/usd/usd/stage.cpp -- In </W/gen/a_office_plain_DG4/rubble_office_plain_DG4_collar_2_chunk/Prototypes/concrete_slabs_p050>: Could not open asset @omniverse://airlab-nucleus.andrew.cmu.edu:443/Projects/SEI-COA/scene_gen/assets/rubble_hd/concrete_slabs/concrete_slabs_p050.usdc@ for reference introduced by @anon:0x29a7f290:tmp.usda@</W/gen/a_office_plain_DG4/rubble_office_plain_DG4_collar_2_chunk/Prototypes/concrete_slabs_p050>. (recomposing stage on stage @anon:0x29a7f290:tmp.usda@ <0x29a809a0>)
Warning: in _ReportErrors at line 3172 of /builds/omniverse/usd-ci/USD/pxr/usd/usd/stage.cpp -- In </W/gen/a_office_plain_DG4/rubble_office_plain_DG4_collar_2_chunk/Prototypes/huge_concrete_rubble_pile_p026>: Could not open asset @omniverse://airlab-nucleus.andrew.cmu.edu:443/Projects/SEI-COA/scene_gen/assets/rubble_hd/huge_concrete_rubble_pile/huge_concrete_rubble_pile_p026.usdc@ for reference introduced by @anon:0x29a7f290:tmp.usda@</W/gen/a_office_plain_DG4/rubble_office_plain_DG4_collar_2_chunk/Prototypes/huge_concrete_rubble_pile_p026>. (recomposing stage on stage @anon:0x29a7f290:tmp.usda@ <0x29a809a0>)
Warning: in _ReportErrors at line 3172 of /builds/omniverse/usd-ci/USD/pxr/usd/usd/stage.cpp -- In </W/gen/a_office_plain_DG4/rubble_office_plain_DG4_collar_2_chunk/Prototypes/concrete_slabs_p028>: Could not open asset @omniverse://airlab-nucleus.andrew.cmu.edu:443/Projects/SEI-COA/scene_gen/assets/rubble_hd/concrete_slabs/concrete_slabs_p028.usdc@ for reference introduced by @anon:0x29a7f290:tmp.usda@</W/gen/a_office_plain_DG4/rubble_office_plain_DG4_collar_2_chunk/Prototypes/concrete_slabs_p028>. (recomposing stage on stage @anon:0x29a7f290:tmp.usda@ <0x29a809a0>)
Warning: in _ReportErrors at line 3172 of /builds/omniverse/usd-ci/USD/pxr/usd/usd/stage.cpp -- In </W/gen/a_office_plain_DG4/rubble_office_plain_DG4_collar_2_chunk/Prototypes/huge_concrete_rubble_pile_p016>: Could not open asset @omniverse://airlab-nucleus.andrew.cmu.edu:443/Projects/SEI-COA/scene_gen/assets/rubble_hd/huge_concrete_rubble_pile/huge_concrete_rubble_pile_p016.usdc@ for reference introduced by @anon:0x29a7f290:tmp.usda@</W/gen/a_office_plain_DG4/rubble_office_plain_DG4_collar_2_chunk/Prototypes/huge_concrete_rubble_pile_p016>. (recomposing stage on stage @anon:0x29a7f290:tmp.usda@ <0x29a809a0>)
Warning: in _ReportErrors at line 3172 of /builds/omniverse/usd-ci/USD/pxr/usd/usd/stage.cpp -- In </W/gen/a_office_plain_DG4/rubble_office_plain_DG4_collar_2_chunk/Prototypes/concrete_slabs_p025>: Could not open asset @omniverse://airlab-nucleus.andrew.cmu.edu:443/Projects/SEI-COA/scene_gen/assets/rubble_hd/concrete_slabs/concrete_slabs_p025.usdc@ for reference introduced by @anon:0x29a7f290:tmp.usda@</W/gen/a_office_plain_DG4/rubble_office_plain_DG4_collar_2_chunk/Prototypes/concrete_slabs_p025>. (recomposing stage on stage @anon:0x29a7f290:tmp.usda@ <0x29a809a0>)
Warning: in _ReportErrors at line 3172 of /builds/omniverse/usd-ci/USD/pxr/usd/usd/stage.cpp -- In </W/gen/a_office_plain_DG4/rubble_office_plain_DG4_collar_2_chunk/Prototypes/concrete_slabs_p014>: Could not open asset @omniverse://airlab-nucleus.andrew.cmu.edu:443/Projects/SEI-COA/scene_gen/assets/rubble_hd/concrete_slabs/concrete_slabs_p014.usdc@ for reference introduced by @anon:0x29a7f290:tmp.usda@</W/gen/a_office_plain_DG4/rubble_office_plain_DG4_collar_2_chunk/Prototypes/concrete_slabs_p014>. (recomposing stage on stage @anon:0x29a7f290:tmp.usda@ <0x29a809a0>)
Warning: in _ReportErrors at line 3172 of /builds/omniverse/usd-ci/USD/pxr/usd/usd/stage.cpp -- In </W/gen/a_office_plain_DG4/rubble_office_plain_DG4_collar_2_chunk/Prototypes/concrete_slabs_p054>: Could not open asset @omniverse://airlab-nucleus.andrew.cmu.edu:443/Projects/SEI-COA/scene_gen/assets/rubble_hd/concrete_slabs/concrete_slabs_p054.usdc@ for reference introduced by @anon:0x29a7f290:tmp.usda@</W/gen/a_office_plain_DG4/rubble_office_plain_DG4_collar_2_chunk/Prototypes/concrete_slabs_p054>. (recomposing stage on stage @anon:0x29a7f290:tmp.usda@ <0x29a809a0>)
Warning: in _ReportErrors at line 3172 of /builds/omniverse/usd-ci/USD/pxr/usd/usd/stage.cpp -- In </W/gen/a_office_plain_DG4/rubble_office_plain_DG4_collar_2_chunk/Prototypes/huge_concrete_rubble_pile_p014>: Could not open asset @omniverse://airlab-nucleus.andrew.cmu.edu:443/Projects/SEI-COA/scene_gen/assets/rubble_hd/huge_concrete_rubble_pile/huge_concrete_rubble_pile_p014.usdc@ for reference introduced by @anon:0x29a7f290:tmp.usda@</W/gen/a_office_plain_DG4/rubble_office_plain_DG4_collar_2_chunk/Prototypes/huge_concrete_rubble_pile_p014>. (recomposing stage on stage @anon:0x29a7f290:tmp.usda@ <0x29a809a0>)
Warning: in _ReportErrors at line 3172 of /builds/omniverse/usd-ci/USD/pxr/usd/usd/stage.cpp -- In </W/gen/a_office_plain_DG4/rubble_office_plain_DG4_collar_2_chunk/Prototypes/huge_concrete_rubble_pile_p011>: Could not open asset @omniverse://airlab-nucleus.andrew.cmu.edu:443/Projects/SEI-COA/scene_gen/assets/rubble_hd/huge_concrete_rubble_pile/huge_concrete_rubble_pile_p011.usdc@ for reference introduced by @anon:0x29a7f290:tmp.usda@</W/gen/a_office_plain_DG4/rubble_office_plain_DG4_collar_2_chunk/Prototypes/huge_concrete_rubble_pile_p011>. (recomposing stage on stage @anon:0x29a7f290:tmp.usda@ <0x29a809a0>)
Warning: in _ReportErrors at line 3172 of /builds/omniverse/usd-ci/USD/pxr/usd/usd/stage.cpp -- In </W/gen/a_office_plain_DG4/rubble_office_plain_DG4_collar_2_chunk/Prototypes/concrete_slabs_p013>: Could not open asset @omniverse://airlab-nucleus.andrew.cmu.edu:443/Projects/SEI-COA/scene_gen/assets/rubble_hd/concrete_slabs/concrete_slabs_p013.usdc@ for reference introduced by @anon:0x29a7f290:tmp.usda@</W/gen/a_office_plain_DG4/rubble_office_plain_DG4_collar_2_chunk/Prototypes/concrete_slabs_p013>. (recomposing stage on stage @anon:0x29a7f290:tmp.usda@ <0x29a809a0>)
Warning: in _ReportErrors at line 3172 of /builds/omniverse/usd-ci/USD/pxr/usd/usd/stage.cpp -- In </W/gen/a_office_plain_DG4/rubble_office_plain_DG4_collar_2_chunk/Prototypes/concrete_debris_elements_p015>: Could not open asset @omniverse://airlab-nucleus.andrew.cmu.edu:443/Projects/SEI-COA/scene_gen/assets/rubble_hd/concrete_debris_elements/concrete_debris_elements_p015.usdc@ for reference introduced by @anon:0x29a7f290:tmp.usda@</W/gen/a_office_plain_DG4/rubble_office_plain_DG4_collar_2_chunk/Prototypes/concrete_debris_elements_p015>. (recomposing stage on stage @anon:0x29a7f290:tmp.usda@ <0x29a809a0>)
Warning: in _ReportErrors at line 3172 of /builds/omniverse/usd-ci/USD/pxr/usd/usd/stage.cpp -- In </W/gen/a_office_plain_DG4/rubble_office_plain_DG4_collar_2_chunk/Prototypes/concrete_slabs_p032>: Could not open asset @omniverse://airlab-nucleus.andrew.cmu.edu:443/Projects/SEI-COA/scene_gen/assets/rubble_hd/concrete_slabs/concrete_slabs_p032.usdc@ for reference introduced by @anon:0x29a7f290:tmp.usda@</W/gen/a_office_plain_DG4/rubble_office_plain_DG4_collar_2_chunk/Prototypes/concrete_slabs_p032>. (recomposing stage on stage @anon:0x29a7f290:tmp.usda@ <0x29a809a0>)
Warning: in _ReportErrors at line 3172 of /builds/omniverse/usd-ci/USD/pxr/usd/usd/stage.cpp -- In </W/gen/a_office_plain_DG4/rubble_office_plain_DG4_collar_2_chunk/Prototypes/concrete_slabs_p003>: Could not open asset @omniverse://airlab-nucleus.andrew.cmu.edu:443/Projects/SEI-COA/scene_gen/assets/rubble_hd/concrete_slabs/concrete_slabs_p003.usdc@ for reference introduced by @anon:0x29a7f290:tmp.usda@</W/gen/a_office_plain_DG4/rubble_office_plain_DG4_collar_2_chunk/Prototypes/concrete_slabs_p003>. (recomposing stage on stage @anon:0x29a7f290:tmp.usda@ <0x29a809a0>)
Warning: in _ReportErrors at line 3172 of /builds/omniverse/usd-ci/USD/pxr/usd/usd/stage.cpp -- In </W/gen/a_office_plain_DG4/rubble_office_plain_DG4_collar_2_chunk/Prototypes/huge_concrete_rubble_pile_p073>: Could not open asset @omniverse://airlab-nucleus.andrew.cmu.edu:443/Projects/SEI-COA/scene_gen/assets/rubble_hd/huge_concrete_rubble_pile/huge_concrete_rubble_pile_p073.usdc@ for reference introduced by @anon:0x29a7f290:tmp.usda@</W/gen/a_office_plain_DG4/rubble_office_plain_DG4_collar_2_chunk/Prototypes/huge_concrete_rubble_pile_p073>. (recomposing stage on stage @anon:0x29a7f290:tmp.usda@ <0x29a809a0>)
Warning: in _ReportErrors at line 3172 of /builds/omniverse/usd-ci/USD/pxr/usd/usd/stage.cpp -- In </W/gen/a_office_plain_DG4/rubble_office_plain_DG4_collar_2_chunk/Prototypes/concrete_slabs_p038>: Could not open asset @omniverse://airlab-nucleus.andrew.cmu.edu:443/Projects/SEI-COA/scene_gen/assets/rubble_hd/concrete_slabs/concrete_slabs_p038.usdc@ for reference introduced by @anon:0x29a7f290:tmp.usda@</W/gen/a_office_plain_DG4/rubble_office_plain_DG4_collar_2_chunk/Prototypes/concrete_slabs_p038>. (recomposing stage on stage @anon:0x29a7f290:tmp.usda@ <0x29a809a0>)
Warning: in _ReportErrors at line 3172 of /builds/omniverse/usd-ci/USD/pxr/usd/usd/stage.cpp -- In </W/gen/a_office_plain_DG4/rubble_office_plain_DG4_collar_2_chunk/Prototypes/concrete_slabs_p042>: Could not open asset @omniverse://airlab-nucleus.andrew.cmu.edu:443/Projects/SEI-COA/scene_gen/assets/rubble_hd/concrete_slabs/concrete_slabs_p042.usdc@ for reference introduced by @anon:0x29a7f290:tmp.usda@</W/gen/a_office_plain_DG4/rubble_office_plain_DG4_collar_2_chunk/Prototypes/concrete_slabs_p042>. (recomposing stage on stage @anon:0x29a7f290:tmp.usda@ <0x29a809a0>)
Warning: in _ReportErrors at line 3172 of /builds/omniverse/usd-ci/USD/pxr/usd/usd/stage.cpp -- In </W/gen/a_office_plain_DG4/rubble_office_plain_DG4_collar_2_chunk/Prototypes/concrete_slabs_p024>: Could not open asset @omniverse://airlab-nucleus.andrew.cmu.edu:443/Projects/SEI-COA/scene_gen/assets/rubble_hd/concrete_slabs/concrete_slabs_p024.usdc@ for reference introduced by @anon:0x29a7f290:tmp.usda@</W/gen/a_office_plain_DG4/rubble_office_plain_DG4_collar_2_chunk/Prototypes/concrete_slabs_p024>. (recomposing stage on stage @anon:0x29a7f290:tmp.usda@ <0x29a809a0>)
Warning: in _ReportErrors at line 3172 of /builds/omniverse/usd-ci/USD/pxr/usd/usd/stage.cpp -- In </W/gen/a_office_plain_DG4/rubble_office_plain_DG4_collar_2_chunk/Prototypes/concrete_slabs_p039>: Could not open asset @omniverse://airlab-nucleus.andrew.cmu.edu:443/Projects/SEI-COA/scene_gen/assets/rubble_hd/concrete_slabs/concrete_slabs_p039.usdc@ for reference introduced by @anon:0x29a7f290:tmp.usda@</W/gen/a_office_plain_DG4/rubble_office_plain_DG4_collar_2_chunk/Prototypes/concrete_slabs_p039>. (recomposing stage on stage @anon:0x29a7f290:tmp.usda@ <0x29a809a0>)
Warning: in _ReportErrors at line 3172 of /builds/omniverse/usd-ci/USD/pxr/usd/usd/stage.cpp -- In </W/gen/a_office_plain_DG4/rubble_office_plain_DG4_collar_2_chunk/Prototypes/huge_concrete_rubble_pile_p056>: Could not open asset @omniverse://airlab-nucleus.andrew.cmu.edu:443/Projects/SEI-COA/scene_gen/assets/rubble_hd/huge_concrete_rubble_pile/huge_concrete_rubble_pile_p056.usdc@ for reference introduced by @anon:0x29a7f290:tmp.usda@</W/gen/a_office_plain_DG4/rubble_office_plain_DG4_collar_2_chunk/Prototypes/huge_concrete_rubble_pile_p056>. (recomposing stage on stage @anon:0x29a7f290:tmp.usda@ <0x29a809a0>)
Warning: in _ReportErrors at line 3172 of /builds/omniverse/usd-ci/USD/pxr/usd/usd/stage.cpp -- In </W/gen/a_office_plain_DG4/rubble_office_plain_DG4_collar_2_chunk/Prototypes/concrete_slabs_p073>: Could not open asset @omniverse://airlab-nucleus.andrew.cmu.edu:443/Projects/SEI-COA/scene_gen/assets/rubble_hd/concrete_slabs/concrete_slabs_p073.usdc@ for reference introduced by @anon:0x29a7f290:tmp.usda@</W/gen/a_office_plain_DG4/rubble_office_plain_DG4_collar_2_chunk/Prototypes/concrete_slabs_p073>. (recomposing stage on stage @anon:0x29a7f290:tmp.usda@ <0x29a809a0>)
Warning: in _ReportErrors at line 3172 of /builds/omniverse/usd-ci/USD/pxr/usd/usd/stage.cpp -- In </W/gen/a_office_plain_DG4/rubble_office_plain_DG4_collar_2_chunk/Prototypes/concrete_debris_elements_p005>: Could not open asset @omniverse://airlab-nucleus.andrew.cmu.edu:443/Projects/SEI-COA/scene_gen/assets/rubble_hd/concrete_debris_elements/concrete_debris_elements_p005.usdc@ for reference introduced by @anon:0x29a7f290:tmp.usda@</W/gen/a_office_plain_DG4/rubble_office_plain_DG4_collar_2_chunk/Prototypes/concrete_debris_elements_p005>. (recomposing stage on stage @anon:0x29a7f290:tmp.usda@ <0x29a809a0>)
Warning: in _ReportErrors at line 3172 of /builds/omniverse/usd-ci/USD/pxr/usd/usd/stage.cpp -- In </W/gen/a_office_plain_DG4/rubble_office_plain_DG4_collar_2_chunk/Prototypes/concrete_slabs_p075>: Could not open asset @omniverse://airlab-nucleus.andrew.cmu.edu:443/Projects/SEI-COA/scene_gen/assets/rubble_hd/concrete_slabs/concrete_slabs_p075.usdc@ for reference introduced by @anon:0x29a7f290:tmp.usda@</W/gen/a_office_plain_DG4/rubble_office_plain_DG4_collar_2_chunk/Prototypes/concrete_slabs_p075>. (recomposing stage on stage @anon:0x29a7f290:tmp.usda@ <0x29a809a0>)
Status: in Open at line 72 of /builds/omniverse/usd-resolver/source/library/OmniUsdAsset.cpp -- OmniUsdResolver: Opened asset 'omniverse://airlab-nucleus.andrew.cmu.edu:443/Projects/SEI-COA/scene_gen/assets/standalone/debris/pieces/lump_03/lump_03.usdc' for read
Warning: in _ReportErrors at line 3172 of /builds/omniverse/usd-ci/USD/pxr/usd/usd/stage.cpp -- In </W/gen/a_office_plain_DG4/rubble_office_plain_DG4_collar_2_flake/Prototypes/huge_concrete_rubble_pile_p165>: Could not open asset @omniverse://airlab-nucleus.andrew.cmu.edu:443/Projects/SEI-COA/scene_gen/assets/rubble_hd/huge_concrete_rubble_pile/huge_concrete_rubble_pile_p165.usdc@ for reference introduced by @anon:0x29a7f290:tmp.usda@</W/gen/a_office_plain_DG4/rubble_office_plain_DG4_collar_2_flake/Prototypes/huge_concrete_rubble_pile_p165>. (recomposing stage on stage @anon:0x29a7f290:tmp.usda@ <0x29a809a0>)
Warning: in _ReportErrors at line 3172 of /builds/omniverse/usd-ci/USD/pxr/usd/usd/stage.cpp -- In </W/gen/a_office_plain_DG4/rubble_office_plain_DG4_collar_2_flake/Prototypes/concrete_slabs_p106>: Could not open asset @omniverse://airlab-nucleus.andrew.cmu.edu:443/Projects/SEI-COA/scene_gen/assets/rubble_hd/concrete_slabs/concrete_slabs_p106.usdc@ for reference introduced by @anon:0x29a7f290:tmp.usda@</W/gen/a_office_plain_DG4/rubble_office_plain_DG4_collar_2_flake/Prototypes/concrete_slabs_p106>. (recomposing stage on stage @anon:0x29a7f290:tmp.usda@ <0x29a809a0>)
Warning: in _ReportErrors at line 3172 of /builds/omniverse/usd-ci/USD/pxr/usd/usd/stage.cpp -- In </W/gen/a_office_plain_DG4/rubble_office_plain_DG4_collar_2_flake/Prototypes/concrete_debris_elements_p029>: Could not open asset @omniverse://airlab-nucleus.andrew.cmu.edu:443/Projects/SEI-COA/scene_gen/assets/rubble_hd/concrete_debris_elements/concrete_debris_elements_p029.usdc@ for reference introduced by @anon:0x29a7f290:tmp.usda@</W/gen/a_office_plain_DG4/rubble_office_plain_DG4_collar_2_flake/Prototypes/concrete_debris_elements_p029>. (recomposing stage on stage @anon:0x29a7f290:tmp.usda@ <0x29a809a0>)
Warning: in _ReportErrors at line 3172 of /builds/omniverse/usd-ci/USD/pxr/usd/usd/stage.cpp -- In </W/gen/a_office_plain_DG4/rubble_office_plain_DG4_collar_2_flake/Prototypes/concrete_slabs_p141>: Could not open asset @omniverse://airlab-nucleus.andrew.cmu.edu:443/Projects/SEI-COA/scene_gen/assets/rubble_hd/concrete_slabs/concrete_slabs_p141.usdc@ for reference introduced by @anon:0x29a7f290:tmp.usda@</W/gen/a_office_plain_DG4/rubble_office_plain_DG4_collar_2_flake/Prototypes/concrete_slabs_p141>. (recomposing stage on stage @anon:0x29a7f290:tmp.usda@ <0x29a809a0>)
Warning: in _ReportErrors at line 3172 of /builds/omniverse/usd-ci/USD/pxr/usd/usd/stage.cpp -- In </W/gen/a_office_plain_DG4/rubble_office_plain_DG4_collar_2_flake/Prototypes/huge_concrete_rubble_pile_p172>: Could not open asset @omniverse://airlab-nucleus.andrew.cmu.edu:443/Projects/SEI-COA/scene_gen/assets/rubble_hd/huge_concrete_rubble_pile/huge_concrete_rubble_pile_p172.usdc@ for reference introduced by @anon:0x29a7f290:tmp.usda@</W/gen/a_office_plain_DG4/rubble_office_plain_DG4_collar_2_flake/Prototypes/huge_concrete_rubble_pile_p172>. (recomposing stage on stage @anon:0x29a7f290:tmp.usda@ <0x29a809a0>)
Warning: in _ReportErrors at line 3172 of /builds/omniverse/usd-ci/USD/pxr/usd/usd/stage.cpp -- In </W/gen/a_office_plain_DG4/rubble_office_plain_DG4_collar_2_flake/Prototypes/concrete_debris_elements_p141>: Could not open asset @omniverse://airlab-nucleus.andrew.cmu.edu:443/Projects/SEI-COA/scene_gen/assets/rubble_hd/concrete_debris_elements/concrete_debris_elements_p141.usdc@ for reference introduced by @anon:0x29a7f290:tmp.usda@</W/gen/a_office_plain_DG4/rubble_office_plain_DG4_collar_2_flake/Prototypes/concrete_debris_elements_p141>. (recomposing stage on stage @anon:0x29a7f290:tmp.usda@ <0x29a809a0>)
Warning: in _ReportErrors at line 3172 of /builds/omniverse/usd-ci/USD/pxr/usd/usd/stage.cpp -- In </W/gen/a_office_plain_DG4/rubble_office_plain_DG4_collar_2_flake/Prototypes/concrete_slabs_p064>: Could not open asset @omniverse://airlab-nucleus.andrew.cmu.edu:443/Projects/SEI-COA/scene_gen/assets/rubble_hd/concrete_slabs/concrete_slabs_p064.usdc@ for reference introduced by @anon:0x29a7f290:tmp.usda@</W/gen/a_office_plain_DG4/rubble_office_plain_DG4_collar_2_flake/Prototypes/concrete_slabs_p064>. (recomposing stage on stage @anon:0x29a7f290:tmp.usda@ <0x29a809a0>)
Warning: in _ReportErrors at line 3172 of /builds/omniverse/usd-ci/USD/pxr/usd/usd/stage.cpp -- In </W/gen/a_office_plain_DG4/rubble_office_plain_DG4_collar_2_flake/Prototypes/huge_concrete_rubble_pile_p182>: Could not open asset @omniverse://airlab-nucleus.andrew.cmu.edu:443/Projects/SEI-COA/scene_gen/assets/rubble_hd/huge_concrete_rubble_pile/huge_concrete_rubble_pile_p182.usdc@ for reference introduced by @anon:0x29a7f290:tmp.usda@</W/gen/a_office_plain_DG4/rubble_office_plain_DG4_collar_2_flake/Prototypes/huge_concrete_rubble_pile_p182>. (recomposing stage on stage @anon:0x29a7f290:tmp.usda@ <0x29a809a0>)
Status: in Open at line 72 of /builds/omniverse/usd-resolver/source/library/OmniUsdAsset.cpp -- OmniUsdResolver: Opened asset 'omniverse://airlab-nucleus.andrew.cmu.edu:443/Projects/SEI-COA/scene_gen/assets/standalone/debris/pieces/lump_06/lump_06.usdc' for read
Warning: in _ReportErrors at line 3172 of /builds/omniverse/usd-ci/USD/pxr/usd/usd/stage.cpp -- In </W/gen/a_office_plain_DG4/rubble_office_plain_DG4_collar_2_flake/Prototypes/lamppost_block_p21>: Could not open asset @omniverse://airlab-nucleus.andrew.cmu.edu:443/Projects/SEI-COA/scene_gen/assets/rubble_hd/lamppost_block/lamppost_block_p21.usdc@ for reference introduced by @anon:0x29a7f290:tmp.usda@</W/gen/a_office_plain_DG4/rubble_office_plain_DG4_collar_2_flake/Prototypes/lamppost_block_p21>. (recomposing stage on stage @anon:0x29a7f290:tmp.usda@ <0x29a809a0>)
Warning: in _ReportErrors at line 3172 of /builds/omniverse/usd-ci/USD/pxr/usd/usd/stage.cpp -- In </W/gen/a_office_plain_DG4/rubble_office_plain_DG4_collar_2_flake/Prototypes/concrete_debris_elements_p196>: Could not open asset @omniverse://airlab-nucleus.andrew.cmu.edu:443/Projects/SEI-COA/scene_gen/assets/rubble_hd/concrete_debris_elements/concrete_debris_elements_p196.usdc@ for reference introduced by @anon:0x29a7f290:tmp.usda@</W/gen/a_office_plain_DG4/rubble_office_plain_DG4_collar_2_flake/Prototypes/concrete_debris_elements_p196>. (recomposing stage on stage @anon:0x29a7f290:tmp.usda@ <0x29a809a0>)
Warning: in _ReportErrors at line 3172 of /builds/omniverse/usd-ci/USD/pxr/usd/usd/stage.cpp -- In </W/gen/a_office_plain_DG4/rubble_office_plain_DG4_collar_2_flake/Prototypes/concrete_debris_elements_p056>: Could not open asset @omniverse://airlab-nucleus.andrew.cmu.edu:443/Projects/SEI-COA/scene_gen/assets/rubble_hd/concrete_debris_elements/concrete_debris_elements_p056.usdc@ for reference introduced by @anon:0x29a7f290:tmp.usda@</W/gen/a_office_plain_DG4/rubble_office_plain_DG4_collar_2_flake/Prototypes/concrete_debris_elements_p056>. (recomposing stage on stage @anon:0x29a7f290:tmp.usda@ <0x29a809a0>)
Warning: in _ReportErrors at line 3172 of /builds/omniverse/usd-ci/USD/pxr/usd/usd/stage.cpp -- In </W/gen/a_office_plain_DG4/rubble_office_plain_DG4_collar_2_flake/Prototypes/lamppost_block_p35>: Could not open asset @omniverse://airlab-nucleus.andrew.cmu.edu:443/Projects/SEI-COA/scene_gen/assets/rubble_hd/lamppost_block/lamppost_block_p35.usdc@ for reference introduced by @anon:0x29a7f290:tmp.usda@</W/gen/a_office_plain_DG4/rubble_office_plain_DG4_collar_2_flake/Prototypes/lamppost_block_p35>. (recomposing stage on stage @anon:0x29a7f290:tmp.usda@ <0x29a809a0>)
Warning: in _ReportErrors at line 3172 of /builds/omniverse/usd-ci/USD/pxr/usd/usd/stage.cpp -- In </W/gen/a_office_plain_DG4/rubble_office_plain_DG4_collar_2_flake/Prototypes/concrete_debris_elements_p119>: Could not open asset @omniverse://airlab-nucleus.andrew.cmu.edu:443/Projects/SEI-COA/scene_gen/assets/rubble_hd/concrete_debris_elements/concrete_debris_elements_p119.usdc@ for reference introduced by @anon:0x29a7f290:tmp.usda@</W/gen/a_office_plain_DG4/rubble_office_plain_DG4_collar_2_flake/Prototypes/concrete_debris_elements_p119>. (recomposing stage on stage @anon:0x29a7f290:tmp.usda@ <0x29a809a0>)
Status: in Open at line 72 of /builds/omniverse/usd-resolver/source/library/OmniUsdAsset.cpp -- OmniUsdResolver: Opened asset 'omniverse://airlab-nucleus.andrew.cmu.edu:443/Projects/SEI-COA/scene_gen/assets/standalone/debris/pieces/lump_02/lump_02.usdc' for read
Status: in Open at line 72 of /builds/omniverse/usd-resolver/source/library/OmniUsdAsset.cpp -- OmniUsdResolver: Opened asset 'omniverse://airlab-nucleus.andrew.cmu.edu:443/Projects/SEI-COA/scene_gen/assets/standalone/debris/piles/concrete_rubble_pile/concrete_rubble_pile.usdc' for read
Status: in Open at line 72 of /builds/omniverse/usd-resolver/source/library/OmniUsdAsset.cpp -- OmniUsdResolver: Opened asset 'omniverse://airlab-nucleus.andrew.cmu.edu:443/Projects/SEI-COA/scene_gen/assets/standalone/debris/piles/rocky_ground/rocky_ground.usdc' for read
Status: in Open at line 72 of /builds/omniverse/usd-resolver/source/library/OmniUsdAsset.cpp -- OmniUsdResolver: Opened asset 'omniverse://airlab-nucleus.andrew.cmu.edu:443/Projects/SEI-COA/scene_gen/assets/concrete_rubble_debris/split/huge_concrete_rubble_pile/huge_concrete_rubble_pile.usdc' for read
Status: in Open at line 72 of /builds/omniverse/usd-resolver/source/library/OmniUsdAsset.cpp -- OmniUsdResolver: Opened asset 'omniverse://airlab-nucleus.andrew.cmu.edu:443/Projects/SEI-COA/scene_gen/assets/concrete_rubble_debris/split/concrete_slabs/concrete_slabs.usdc' for read
Status: in Open at line 72 of /builds/omniverse/usd-resolver/source/library/OmniUsdAsset.cpp -- OmniUsdResolver: Opened asset 'omniverse://airlab-nucleus.andrew.cmu.edu:443/Projects/SEI-COA/scene_gen/assets/concrete_rubble_debris/split/concrete_debris_elements/concrete_debris_elements.usdc' for read
Warning: in _ReportErrors at line 3172 of /builds/omniverse/usd-ci/USD/pxr/usd/usd/stage.cpp -- In </W/gen/a_office_plain_DG4/rubble_office_plain_DG4_collar_2_toe/Prototypes/cracked_paving_slabs_p67>: Could not open asset @omniverse://airlab-nucleus.andrew.cmu.edu:443/Projects/SEI-COA/scene_gen/assets/rubble_hd/cracked_paving_slabs/cracked_paving_slabs_p67.usdc@ for reference introduced by @anon:0x29a7f290:tmp.usda@</W/gen/a_office_plain_DG4/rubble_office_plain_DG4_collar_2_toe/Prototypes/cracked_paving_slabs_p67>. (recomposing stage on stage @anon:0x29a7f290:tmp.usda@ <0x29a809a0>)
Warning: in _ReportErrors at line 3172 of /builds/omniverse/usd-ci/USD/pxr/usd/usd/stage.cpp -- In </W/gen/a_office_plain_DG4/rubble_office_plain_DG4_collar_2_toe/Prototypes/cracked_paving_slabs_p37>: Could not open asset @omniverse://airlab-nucleus.andrew.cmu.edu:443/Projects/SEI-COA/scene_gen/assets/rubble_hd/cracked_paving_slabs/cracked_paving_slabs_p37.usdc@ for reference introduced by @anon:0x29a7f290:tmp.usda@</W/gen/a_office_plain_DG4/rubble_office_plain_DG4_collar_2_toe/Prototypes/cracked_paving_slabs_p37>. (recomposing stage on stage @anon:0x29a7f290:tmp.usda@ <0x29a809a0>)
Warning: in _ReportErrors at line 3172 of /builds/omniverse/usd-ci/USD/pxr/usd/usd/stage.cpp -- In </W/gen/a_office_plain_DG4/rubble_office_plain_DG4_collar_2_large_105>: Could not open asset @omniverse://airlab-nucleus.andrew.cmu.edu:443/Projects/SEI-COA/scene_gen/assets/rubble_hd/brick_debris_pile/brick_debris_pile_p04.usdc@ for reference introduced by @anon:0x29a7f290:tmp.usda@</W/gen/a_office_plain_DG4/rubble_office_plain_DG4_collar_2_large_105>. (recomposing stage on stage @anon:0x29a7f290:tmp.usda@ <0x29a809a0>)
Warning: in _ReportErrors at line 3172 of /builds/omniverse/usd-ci/USD/pxr/usd/usd/stage.cpp -- In </W/gen/a_office_plain_DG4/rubble_office_plain_DG4_collar_2_large_106>: Could not open asset @omniverse://airlab-nucleus.andrew.cmu.edu:443/Projects/SEI-COA/scene_gen/assets/rubble_hd/huge_concrete_rubble_pile/huge_concrete_rubble_pile_p003.usdc@ for reference introduced by @anon:0x29a7f290:tmp.usda@</W/gen/a_office_plain_DG4/rubble_office_plain_DG4_collar_2_large_106>. (recomposing stage on stage @anon:0x29a7f290:tmp.usda@ <0x29a809a0>)
Status: in Open at line 72 of /builds/omniverse/usd-resolver/source/library/OmniUsdAsset.cpp -- OmniUsdResolver: Opened asset 'omniverse://airlab-nucleus.andrew.cmu.edu:443/Projects/SEI-COA/scene_gen/assets/standalone/debris/pieces/slab_10/slab_10.usdc' for read
Warning: in _ReportErrors at line 3172 of /builds/omniverse/usd-ci/USD/pxr/usd/usd/stage.cpp -- In </W/gen/a_office_plain_DG4/rubble_office_plain_DG4_collar_2_large_108>: Could not open asset @omniverse://airlab-nucleus.andrew.cmu.edu:443/Projects/SEI-COA/scene_gen/assets/rubble_hd/huge_concrete_rubble_pile/huge_concrete_rubble_pile_p001.usdc@ for reference introduced by @anon:0x29a7f290:tmp.usda@</W/gen/a_office_plain_DG4/rubble_office_plain_DG4_collar_2_large_108>. (recomposing stage on stage @anon:0x29a7f290:tmp.usda@ <0x29a809a0>)
Status: in Open at line 72 of /builds/omniverse/usd-resolver/source/library/OmniUsdAsset.cpp -- OmniUsdResolver: Opened asset 'omniverse://airlab-nucleus.andrew.cmu.edu:443/Projects/SEI-COA/scene_gen/assets/standalone/debris/pieces/rebar_04/rebar_04.usdc' for read
Status: in Open at line 72 of /builds/omniverse/usd-resolver/source/library/OmniUsdAsset.cpp -- OmniUsdResolver: Opened asset 'omniverse://airlab-nucleus.andrew.cmu.edu:443/Projects/SEI-COA/ModernCityEnvironment01/Meshes/SM_MBuilding01_FirstFloor_B.usd' for read
Status: in Open at line 72 of /builds/omniverse/usd-resolver/source/library/OmniUsdAsset.cpp -- OmniUsdResolver: Opened asset 'omniverse://airlab-nucleus.andrew.cmu.edu:443/Projects/SEI-COA/ModernCityEnvironment01/Meshes/SM_MBuilding01_FirstFloor_B_payload.usd' for read
Status (secondary thread): in Open at line 72 of /builds/omniverse/usd-resolver/source/library/OmniUsdAsset.cpp -- OmniUsdResolver: Opened asset 'omniverse://airlab-nucleus.andrew.cmu.edu:443/Projects/SEI-COA/ModernCityEnvironment01/Materials/M_MBuilding01_FirstFloor_A.usd' for read
Status: in Open at line 72 of /builds/omniverse/usd-resolver/source/library/OmniUsdAsset.cpp -- OmniUsdResolver: Opened asset 'omniverse://airlab-nucleus.andrew.cmu.edu:443/Projects/SEI-COA/ModernCityEnvironment01/Meshes/SM_MBuilding01_FirstFloor_C.usd' for read
Status: in Open at line 72 of /builds/omniverse/usd-resolver/source/library/OmniUsdAsset.cpp -- OmniUsdResolver: Opened asset 'omniverse://airlab-nucleus.andrew.cmu.edu:443/Projects/SEI-COA/ModernCityEnvironment01/Meshes/SM_MBuilding01_FirstFloor_C_payload.usd' for read
Status (secondary thread): in Open at line 72 of /builds/omniverse/usd-resolver/source/library/OmniUsdAsset.cpp -- OmniUsdResolver: Opened asset 'omniverse://airlab-nucleus.andrew.cmu.edu:443/Projects/SEI-COA/ModernCityEnvironment01/Materials/M_MBuilding01_FirstFloor_B.usd' for read
Status: in Open at line 72 of /builds/omniverse/usd-resolver/source/library/OmniUsdAsset.cpp -- OmniUsdResolver: Opened asset 'omniverse://airlab-nucleus.andrew.cmu.edu:443/Projects/SEI-COA/ModernCityEnvironment01/Meshes/SM_MBuilding01_Corner_A.usd' for read
Status: in Open at line 72 of /builds/omniverse/usd-resolver/source/library/OmniUsdAsset.cpp -- OmniUsdResolver: Opened asset 'omniverse://airlab-nucleus.andrew.cmu.edu:443/Projects/SEI-COA/ModernCityEnvironment01/Meshes/SM_MBuilding01_Corner_A_payload.usd' for read
Status (secondary thread): in Open at line 72 of /builds/omniverse/usd-resolver/source/library/OmniUsdAsset.cpp -- OmniUsdResolver: Opened asset 'omniverse://airlab-nucleus.andrew.cmu.edu:443/Projects/SEI-COA/ModernCityEnvironment01/Materials/M_MBuilding01_FirstFloor_C.usd' for read
Status: in Open at line 72 of /builds/omniverse/usd-resolver/source/library/OmniUsdAsset.cpp -- OmniUsdResolver: Opened asset 'omniverse://airlab-nucleus.andrew.cmu.edu:443/Projects/SEI-COA/ModernCityEnvironment01/Meshes/SM_MBuilding01_Facade_B.usd' for read
Status: in Open at line 72 of /builds/omniverse/usd-resolver/source/library/OmniUsdAsset.cpp -- OmniUsdResolver: Opened asset 'omniverse://airlab-nucleus.andrew.cmu.edu:443/Projects/SEI-COA/ModernCityEnvironment01/Meshes/SM_MBuilding01_Facade_B_payload.usd' for read
Status (secondary thread): in Open at line 72 of /builds/omniverse/usd-resolver/source/library/OmniUsdAsset.cpp -- OmniUsdResolver: Opened asset 'omniverse://airlab-nucleus.andrew.cmu.edu:443/Projects/SEI-COA/ModernCityEnvironment01/Materials/M_MBuilding01_Facades.usd' for read
Status: in Open at line 72 of /builds/omniverse/usd-resolver/source/library/OmniUsdAsset.cpp -- OmniUsdResolver: Opened asset 'omniverse://airlab-nucleus.andrew.cmu.edu:443/Projects/SEI-COA/ModernCityEnvironment01/Meshes/SM_MBuilding01_Corner_B.usd' for read
Status: in Open at line 72 of /builds/omniverse/usd-resolver/source/library/OmniUsdAsset.cpp -- OmniUsdResolver: Opened asset 'omniverse://airlab-nucleus.andrew.cmu.edu:443/Projects/SEI-COA/ModernCityEnvironment01/Meshes/SM_MBuilding01_Corner_B_payload.usd' for read
Status: in Open at line 72 of /builds/omniverse/usd-resolver/source/library/OmniUsdAsset.cpp -- OmniUsdResolver: Opened asset 'omniverse://airlab-nucleus.andrew.cmu.edu:443/Projects/SEI-COA/ModernCityEnvironment01/Meshes/SM_MBuilding01_Rooftop.usd' for read
Status: in Open at line 72 of /builds/omniverse/usd-resolver/source/library/OmniUsdAsset.cpp -- OmniUsdResolver: Opened asset 'omniverse://airlab-nucleus.andrew.cmu.edu:443/Projects/SEI-COA/ModernCityEnvironment01/Meshes/SM_MBuilding01_Rooftop_payload.usd' for read
Status: in Open at line 72 of /builds/omniverse/usd-resolver/source/library/OmniUsdAsset.cpp -- OmniUsdResolver: Opened asset 'omniverse://airlab-nucleus.andrew.cmu.edu:443/Projects/SEI-COA/ModernCityEnvironment01/Meshes/SM_MBuilding01_Corner_D.usd' for read
Status: in Open at line 72 of /builds/omniverse/usd-resolver/source/library/OmniUsdAsset.cpp -- OmniUsdResolver: Opened asset 'omniverse://airlab-nucleus.andrew.cmu.edu:443/Projects/SEI-COA/ModernCityEnvironment01/Meshes/SM_MBuilding01_Corner_D_payload.usd' for read
Status: in Open at line 72 of /builds/omniverse/usd-resolver/source/library/OmniUsdAsset.cpp -- OmniUsdResolver: Opened asset 'omniverse://airlab-nucleus.andrew.cmu.edu:443/Projects/SEI-COA/ModernCityEnvironment01/Meshes/SM_MBuilding01_Roof.usd' for read
Status: in Open at line 72 of /builds/omniverse/usd-resolver/source/library/OmniUsdAsset.cpp -- OmniUsdResolver: Opened asset 'omniverse://airlab-nucleus.andrew.cmu.edu:443/Projects/SEI-COA/ModernCityEnvironment01/Meshes/SM_MBuilding01_Roof_payload.usd' for read
Status: in Open at line 72 of /builds/omniverse/usd-resolver/source/library/OmniUsdAsset.cpp -- OmniUsdResolver: Opened asset 'omniverse://airlab-nucleus.andrew.cmu.edu:443/Projects/SEI-COA/ModularNeighborhood/Assets/Chair_01.usd' for read
Status (secondary thread): in Open at line 72 of /builds/omniverse/usd-resolver/source/library/OmniUsdAsset.cpp -- OmniUsdResolver: Opened asset 'omniverse://airlab-nucleus.andrew.cmu.edu:443/Projects/SEI-COA/ModularNeighborhood/Assets/Chair_03.usd' for read
Status: in Open at line 72 of /builds/omniverse/usd-resolver/source/library/OmniUsdAsset.cpp -- OmniUsdResolver: Opened asset 'omniverse://airlab-nucleus.andrew.cmu.edu:443/Projects/SEI-COA/ModularNeighborhood/Assets/Bed_Double_01.usd' for read
Status: in Open at line 72 of /builds/omniverse/usd-resolver/source/library/OmniUsdAsset.cpp -- OmniUsdResolver: Opened asset 'omniverse://airlab-nucleus.andrew.cmu.edu:443/Projects/SEI-COA/ModularNeighborhood/Assets/Bed_01.usd' for read
Status: in Open at line 72 of /builds/omniverse/usd-resolver/source/library/OmniUsdAsset.cpp -- OmniUsdResolver: Opened asset 'omniverse://airlab-nucleus.andrew.cmu.edu:443/Projects/SEI-COA/ModularNeighborhood/Assets/coffee_table_01.usd' for read
Status: in Open at line 72 of /builds/omniverse/usd-resolver/source/library/OmniUsdAsset.cpp -- OmniUsdResolver: Opened asset 'omniverse://airlab-nucleus.andrew.cmu.edu:443/Projects/SEI-COA/ModularNeighborhood/Assets/Alu_01.usd' for read
Status (secondary thread): in Open at line 72 of /builds/omniverse/usd-resolver/source/library/OmniUsdAsset.cpp -- OmniUsdResolver: Opened asset 'omniverse://airlab-nucleus.andrew.cmu.edu:443/Projects/SEI-COA/ModularNeighborhood/Assets/Glass_01.usd' for read
Status: in Open at line 72 of /builds/omniverse/usd-resolver/source/library/OmniUsdAsset.cpp -- OmniUsdResolver: Opened asset 'omniverse://airlab-nucleus.andrew.cmu.edu:443/Projects/SEI-COA/ModularNeighborhood/Assets/table_01.usd' for read
Status (secondary thread): in Open at line 72 of /builds/omniverse/usd-resolver/source/library/OmniUsdAsset.cpp -- OmniUsdResolver: Opened asset 'omniverse://airlab-nucleus.andrew.cmu.edu:443/Projects/SEI-COA/ModularNeighborhood/Assets/Wood_01.usd' for read
Status: in Open at line 72 of /builds/omniverse/usd-resolver/source/library/OmniUsdAsset.cpp -- OmniUsdResolver: Opened asset 'omniverse://airlab-nucleus.andrew.cmu.edu:443/Projects/SEI-COA/ModularNeighborhood/Assets/Bookcase_01.usd' for read
Status: in Open at line 72 of /builds/omniverse/usd-resolver/source/library/OmniUsdAsset.cpp -- OmniUsdResolver: Opened asset 'omniverse://airlab-nucleus.andrew.cmu.edu:443/Projects/SEI-COA/ModularNeighborhood/Assets/Office_Desk_01.usd' for read
Status: in Open at line 72 of /builds/omniverse/usd-resolver/source/library/OmniUsdAsset.cpp -- OmniUsdResolver: Opened asset 'omniverse://airlab-nucleus.andrew.cmu.edu:443/Projects/SEI-COA/ModularNeighborhood/Assets/Office_Desk_01_Inst.usd' for read
Status: in Open at line 72 of /builds/omniverse/usd-resolver/source/library/OmniUsdAsset.cpp -- OmniUsdResolver: Opened asset 'omniverse://airlab-nucleus.andrew.cmu.edu:443/Projects/SEI-COA/ModularNeighborhood/Assets/Kitchen_Unit_01.usd' for read
Status (secondary thread): in Open at line 72 of /builds/omniverse/usd-resolver/source/library/OmniUsdAsset.cpp -- OmniUsdResolver: Opened asset 'omniverse://airlab-nucleus.andrew.cmu.edu:443/Projects/SEI-COA/ModularNeighborhood/Assets/Kitchen_Units_01.usd' for read
Status: in Open at line 72 of /builds/omniverse/usd-resolver/source/library/OmniUsdAsset.cpp -- OmniUsdResolver: Opened asset 'omniverse://airlab-nucleus.andrew.cmu.edu:443/Projects/SEI-COA/ModularNeighborhood/Assets/Marble_01.usd' for read
Status: in Open at line 72 of /builds/omniverse/usd-resolver/source/library/OmniUsdAsset.cpp -- OmniUsdResolver: Opened asset 'omniverse://airlab-nucleus.andrew.cmu.edu:443/Projects/SEI-COA/ModularNeighborhood/Assets/Fridge_01.usd' for read
Status: in Open at line 72 of /builds/omniverse/usd-resolver/source/library/OmniUsdAsset.cpp -- OmniUsdResolver: Opened asset 'omniverse://airlab-nucleus.andrew.cmu.edu:443/Projects/SEI-COA/ModularNeighborhood/Assets/Fridge_Freezer_01.usd' for read
Warning: in BindingsAtPrim at line 686 of /builds/omniverse/usd-ci/USD/pxr/usd/usdShade/materialBindingAPI.cpp -- Found material bindings on prim at path (/W/gen/a_apartment_long_DG4/brk_apartment_long_DG4_bld_apartment_long_storey_3_99/frag_000) but MaterialBindingAPI is not applied on the prim
Warning: in BindingsAtPrim at line 686 of /builds/omniverse/usd-ci/USD/pxr/usd/usdShade/materialBindingAPI.cpp -- Found material bindings on prim at path (/W/gen/a_apartment_long_DG4/brk_apartment_long_DG4_bld_apartment_long_storey_3_99/frag_001) but MaterialBindingAPI is not applied on the prim
Warning: in BindingsAtPrim at line 686 of /builds/omniverse/usd-ci/USD/pxr/usd/usdShade/materialBindingAPI.cpp -- Found material bindings on prim at path (/W/gen/a_apartment_long_DG4/brk_apartment_long_DG4_bld_apartment_long_storey_3_99/frag_002) but MaterialBindingAPI is not applied on the prim
Warning: in BindingsAtPrim at line 686 of /builds/omniverse/usd-ci/USD/pxr/usd/usdShade/materialBindingAPI.cpp -- Found material bindings on prim at path (/W/gen/a_apartment_long_DG4/brk_apartment_long_DG4_bld_apartment_long_storey_3_99/frag_003) but MaterialBindingAPI is not applied on the prim
Warning: in BindingsAtPrim at line 686 of /builds/omniverse/usd-ci/USD/pxr/usd/usdShade/materialBindingAPI.cpp -- Found material bindings on prim at path (/W/gen/a_apartment_long_DG4/brk_apartment_long_DG4_bld_apartment_long_storey_3_99/frag_004) but MaterialBindingAPI is not applied on the prim
Warning: in BindingsAtPrim at line 686 of /builds/omniverse/usd-ci/USD/pxr/usd/usdShade/materialBindingAPI.cpp -- Found material bindings on prim at path (/W/gen/a_apartment_long_DG4/brk_apartment_long_DG4_bld_apartment_long_storey_3_99/frag_005) but MaterialBindingAPI is not applied on the prim
Warning: in BindingsAtPrim at line 686 of /builds/omniverse/usd-ci/USD/pxr/usd/usdShade/materialBindingAPI.cpp -- Found material bindings on prim at path (/W/gen/a_apartment_long_DG4/brk_apartment_long_DG4_bld_apartment_long_storey_3_99/frag_006) but MaterialBindingAPI is not applied on the prim
Warning: in BindingsAtPrim at line 686 of /builds/omniverse/usd-ci/USD/pxr/usd/usdShade/materialBindingAPI.cpp -- Found material bindings on prim at path (/W/gen/a_apartment_long_DG4/brk_apartment_long_DG4_bld_apartment_long_storey_3_100/frag_000) but MaterialBindingAPI is not applied on the prim
Warning: in BindingsAtPrim at line 686 of /builds/omniverse/usd-ci/USD/pxr/usd/usdShade/materialBindingAPI.cpp -- Found material bindings on prim at path (/W/gen/a_apartment_long_DG4/brk_apartment_long_DG4_bld_apartment_long_storey_3_100/frag_001) but MaterialBindingAPI is not applied on the prim
Warning: in BindingsAtPrim at line 686 of /builds/omniverse/usd-ci/USD/pxr/usd/usdShade/materialBindingAPI.cpp -- Found material bindings on prim at path (/W/gen/a_apartment_long_DG4/brk_apartment_long_DG4_bld_apartment_long_storey_3_100/frag_002) but MaterialBindingAPI is not applied on the prim
Warning: in BindingsAtPrim at line 686 of /builds/omniverse/usd-ci/USD/pxr/usd/usdShade/materialBindingAPI.cpp -- Found material bindings on prim at path (/W/gen/a_apartment_long_DG4/brk_apartment_long_DG4_bld_apartment_long_storey_3_100/frag_003) but MaterialBindingAPI is not applied on the prim
Warning: in BindingsAtPrim at line 686 of /builds/omniverse/usd-ci/USD/pxr/usd/usdShade/materialBindingAPI.cpp -- Found material bindings on prim at path (/W/gen/a_apartment_long_DG4/brk_apartment_long_DG4_bld_apartment_long_storey_3_100/frag_004) but MaterialBindingAPI is not applied on the prim
Warning: in BindingsAtPrim at line 686 of /builds/omniverse/usd-ci/USD/pxr/usd/usdShade/materialBindingAPI.cpp -- Found material bindings on prim at path (/W/gen/a_apartment_long_DG4/brk_apartment_long_DG4_bld_apartment_long_storey_3_100/frag_005) but MaterialBindingAPI is not applied on the prim
Warning: in BindingsAtPrim at line 686 of /builds/omniverse/usd-ci/USD/pxr/usd/usdShade/materialBindingAPI.cpp -- Found material bindings on prim at path (/W/gen/a_apartment_long_DG4/brk_apartment_long_DG4_bld_apartment_long_storey_3_100/frag_006) but MaterialBindingAPI is not applied on the prim
Warning: in BindingsAtPrim at line 686 of /builds/omniverse/usd-ci/USD/pxr/usd/usdShade/materialBindingAPI.cpp -- Found material bindings on prim at path (/W/gen/a_apartment_long_DG4/brk_apartment_long_DG4_bld_apartment_long_storey_3_100/frag_007) but MaterialBindingAPI is not applied on the prim
Warning: in BindingsAtPrim at line 686 of /builds/omniverse/usd-ci/USD/pxr/usd/usdShade/materialBindingAPI.cpp -- Found material bindings on prim at path (/W/gen/a_apartment_long_DG4/brk_apartment_long_DG4_bld_apartment_long_storey_3_100/frag_008) but MaterialBindingAPI is not applied on the prim
Warning: in BindingsAtPrim at line 686 of /builds/omniverse/usd-ci/USD/pxr/usd/usdShade/materialBindingAPI.cpp -- Found material bindings on prim at path (/W/gen/a_apartment_long_DG4/brk_apartment_long_DG4_bld_apartment_long_storey_3_101/frag_000) but MaterialBindingAPI is not applied on the prim
Warning: in BindingsAtPrim at line 686 of /builds/omniverse/usd-ci/USD/pxr/usd/usdShade/materialBindingAPI.cpp -- Found material bindings on prim at path (/W/gen/a_apartment_long_DG4/brk_apartment_long_DG4_bld_apartment_long_storey_3_101/frag_002) but MaterialBindingAPI is not applied on the prim
Warning: in BindingsAtPrim at line 686 of /builds/omniverse/usd-ci/USD/pxr/usd/usdShade/materialBindingAPI.cpp -- Found material bindings on prim at path (/W/gen/a_apartment_long_DG4/brk_apartment_long_DG4_bld_apartment_long_storey_3_101/frag_003) but MaterialBindingAPI is not applied on the prim
Warning: in BindingsAtPrim at line 686 of /builds/omniverse/usd-ci/USD/pxr/usd/usdShade/materialBindingAPI.cpp -- Found material bindings on prim at path (/W/gen/a_apartment_long_DG4/brk_apartment_long_DG4_bld_apartment_long_storey_3_101/frag_004) but MaterialBindingAPI is not applied on the prim
Warning: in BindingsAtPrim at line 686 of /builds/omniverse/usd-ci/USD/pxr/usd/usdShade/materialBindingAPI.cpp -- Found material bindings on prim at path (/W/gen/a_apartment_long_DG4/brk_apartment_long_DG4_bld_apartment_long_storey_3_101/frag_005) but MaterialBindingAPI is not applied on the prim
Warning: in BindingsAtPrim at line 686 of /builds/omniverse/usd-ci/USD/pxr/usd/usdShade/materialBindingAPI.cpp -- Found material bindings on prim at path (/W/gen/a_apartment_long_DG4/brk_apartment_long_DG4_bld_apartment_long_storey_3_101/frag_006) but MaterialBindingAPI is not applied on the prim
Warning: in BindingsAtPrim at line 686 of /builds/omniverse/usd-ci/USD/pxr/usd/usdShade/materialBindingAPI.cpp -- Found material bindings on prim at path (/W/gen/a_apartment_long_DG4/brk_apartment_long_DG4_bld_apartment_long_storey_3_102/frag_000) but MaterialBindingAPI is not applied on the prim
Warning: in BindingsAtPrim at line 686 of /builds/omniverse/usd-ci/USD/pxr/usd/usdShade/materialBindingAPI.cpp -- Found material bindings on prim at path (/W/gen/a_apartment_long_DG4/brk_apartment_long_DG4_bld_apartment_long_storey_3_102/frag_001) but MaterialBindingAPI is not applied on the prim
Warning: in BindingsAtPrim at line 686 of /builds/omniverse/usd-ci/USD/pxr/usd/usdShade/materialBindingAPI.cpp -- Found material bindings on prim at path (/W/gen/a_apartment_long_DG4/brk_apartment_long_DG4_bld_apartment_long_storey_3_102/frag_003) but MaterialBindingAPI is not applied on the prim
Warning: in BindingsAtPrim at line 686 of /builds/omniverse/usd-ci/USD/pxr/usd/usdShade/materialBindingAPI.cpp -- Found material bindings on prim at path (/W/gen/a_apartment_long_DG4/brk_apartment_long_DG4_bld_apartment_long_storey_3_102/frag_004) but MaterialBindingAPI is not applied on the prim
Warning: in BindingsAtPrim at line 686 of /builds/omniverse/usd-ci/USD/pxr/usd/usdShade/materialBindingAPI.cpp -- Found material bindings on prim at path (/W/gen/a_apartment_long_DG4/brk_apartment_long_DG4_bld_apartment_long_storey_3_102/frag_005) but MaterialBindingAPI is not applied on the prim
Warning: in BindingsAtPrim at line 686 of /builds/omniverse/usd-ci/USD/pxr/usd/usdShade/materialBindingAPI.cpp -- Found material bindings on prim at path (/W/gen/a_apartment_long_DG4/brk_apartment_long_DG4_bld_apartment_long_storey_3_102/frag_006) but MaterialBindingAPI is not applied on the prim
Warning: in BindingsAtPrim at line 686 of /builds/omniverse/usd-ci/USD/pxr/usd/usdShade/materialBindingAPI.cpp -- Found material bindings on prim at path (/W/gen/a_apartment_long_DG4/brk_apartment_long_DG4_bld_apartment_long_storey_3_121/frag_000) but MaterialBindingAPI is not applied on the prim
Warning: in BindingsAtPrim at line 686 of /builds/omniverse/usd-ci/USD/pxr/usd/usdShade/materialBindingAPI.cpp -- Found material bindings on prim at path (/W/gen/a_apartment_long_DG4/brk_apartment_long_DG4_bld_apartment_long_storey_3_121/frag_001) but MaterialBindingAPI is not applied on the prim
Warning: in BindingsAtPrim at line 686 of /builds/omniverse/usd-ci/USD/pxr/usd/usdShade/materialBindingAPI.cpp -- Found material bindings on prim at path (/W/gen/a_apartment_long_DG4/brk_apartment_long_DG4_bld_apartment_long_storey_3_121/frag_002) but MaterialBindingAPI is not applied on the prim
Warning: in BindingsAtPrim at line 686 of /builds/omniverse/usd-ci/USD/pxr/usd/usdShade/materialBindingAPI.cpp -- Found material bindings on prim at path (/W/gen/a_apartment_long_DG4/brk_apartment_long_DG4_bld_apartment_long_storey_3_121/frag_003) but MaterialBindingAPI is not applied on the prim
Warning: in BindingsAtPrim at line 686 of /builds/omniverse/usd-ci/USD/pxr/usd/usdShade/materialBindingAPI.cpp -- Found material bindings on prim at path (/W/gen/a_apartment_long_DG4/brk_apartment_long_DG4_bld_apartment_long_storey_3_121/frag_004) but MaterialBindingAPI is not applied on the prim
Warning: in BindingsAtPrim at line 686 of /builds/omniverse/usd-ci/USD/pxr/usd/usdShade/materialBindingAPI.cpp -- Found material bindings on prim at path (/W/gen/a_apartment_long_DG4/brk_apartment_long_DG4_bld_apartment_long_storey_3_121/frag_005) but MaterialBindingAPI is not applied on the prim
Warning: in BindingsAtPrim at line 686 of /builds/omniverse/usd-ci/USD/pxr/usd/usdShade/materialBindingAPI.cpp -- Found material bindings on prim at path (/W/gen/a_apartment_long_DG4/brk_apartment_long_DG4_bld_apartment_long_storey_3_121/frag_006) but MaterialBindingAPI is not applied on the prim
Warning: in BindingsAtPrim at line 686 of /builds/omniverse/usd-ci/USD/pxr/usd/usdShade/materialBindingAPI.cpp -- Found material bindings on prim at path (/W/gen/a_apartment_long_DG4/brk_apartment_long_DG4_bld_apartment_long_storey_3_121/frag_007) but MaterialBindingAPI is not applied on the prim
Warning: in BindingsAtPrim at line 686 of /builds/omniverse/usd-ci/USD/pxr/usd/usdShade/materialBindingAPI.cpp -- Found material bindings on prim at path (/W/gen/a_apartment_long_DG4/brk_apartment_long_DG4_bld_apartment_long_storey_3_121/frag_008) but MaterialBindingAPI is not applied on the prim
Warning: in BindingsAtPrim at line 686 of /builds/omniverse/usd-ci/USD/pxr/usd/usdShade/materialBindingAPI.cpp -- Found material bindings on prim at path (/W/gen/a_apartment_long_DG4/brk_apartment_long_DG4_bld_apartment_long_storey_3_121/frag_009) but MaterialBindingAPI is not applied on the prim
Warning: in BindingsAtPrim at line 686 of /builds/omniverse/usd-ci/USD/pxr/usd/usdShade/materialBindingAPI.cpp -- Found material bindings on prim at path (/W/gen/a_apartment_long_DG4/brk_apartment_long_DG4_bld_apartment_long_storey_3_122/frag_000) but MaterialBindingAPI is not applied on the prim
Warning: in BindingsAtPrim at line 686 of /builds/omniverse/usd-ci/USD/pxr/usd/usdShade/materialBindingAPI.cpp -- Found material bindings on prim at path (/W/gen/a_apartment_long_DG4/brk_apartment_long_DG4_bld_apartment_long_storey_3_122/frag_001) but MaterialBindingAPI is not applied on the prim
Warning: in BindingsAtPrim at line 686 of /builds/omniverse/usd-ci/USD/pxr/usd/usdShade/materialBindingAPI.cpp -- Found material bindings on prim at path (/W/gen/a_apartment_long_DG4/brk_apartment_long_DG4_bld_apartment_long_storey_3_122/frag_002) but MaterialBindingAPI is not applied on the prim
Warning: in BindingsAtPrim at line 686 of /builds/omniverse/usd-ci/USD/pxr/usd/usdShade/materialBindingAPI.cpp -- Found material bindings on prim at path (/W/gen/a_apartment_long_DG4/brk_apartment_long_DG4_bld_apartment_long_storey_3_122/frag_003) but MaterialBindingAPI is not applied on the prim
Warning: in BindingsAtPrim at line 686 of /builds/omniverse/usd-ci/USD/pxr/usd/usdShade/materialBindingAPI.cpp -- Found material bindings on prim at path (/W/gen/a_apartment_long_DG4/brk_apartment_long_DG4_bld_apartment_long_storey_3_122/frag_004) but MaterialBindingAPI is not applied on the prim
Warning: in BindingsAtPrim at line 686 of /builds/omniverse/usd-ci/USD/pxr/usd/usdShade/materialBindingAPI.cpp -- Found material bindings on prim at path (/W/gen/a_apartment_long_DG4/brk_apartment_long_DG4_bld_apartment_long_storey_3_122/frag_005) but MaterialBindingAPI is not applied on the prim
Warning: in BindingsAtPrim at line 686 of /builds/omniverse/usd-ci/USD/pxr/usd/usdShade/materialBindingAPI.cpp -- Found material bindings on prim at path (/W/gen/a_apartment_long_DG4/brk_apartment_long_DG4_bld_apartment_long_storey_3_122/frag_006) but MaterialBindingAPI is not applied on the prim
Warning: in BindingsAtPrim at line 686 of /builds/omniverse/usd-ci/USD/pxr/usd/usdShade/materialBindingAPI.cpp -- Found material bindings on prim at path (/W/gen/a_apartment_long_DG4/brk_apartment_long_DG4_bld_apartment_long_storey_3_122/frag_007) but MaterialBindingAPI is not applied on the prim
Warning: in BindingsAtPrim at line 686 of /builds/omniverse/usd-ci/USD/pxr/usd/usdShade/materialBindingAPI.cpp -- Found material bindings on prim at path (/W/gen/a_apartment_long_DG4/brk_apartment_long_DG4_bld_apartment_long_storey_3_122/frag_008) but MaterialBindingAPI is not applied on the prim
Warning: in BindingsAtPrim at line 686 of /builds/omniverse/usd-ci/USD/pxr/usd/usdShade/materialBindingAPI.cpp -- Found material bindings on prim at path (/W/gen/a_apartment_long_DG4/brk_apartment_long_DG4_bld_apartment_long_storey_3_122/frag_009) but MaterialBindingAPI is not applied on the prim
Warning: in BindingsAtPrim at line 686 of /builds/omniverse/usd-ci/USD/pxr/usd/usdShade/materialBindingAPI.cpp -- Found material bindings on prim at path (/W/gen/a_apartment_long_DG4/brk_apartment_long_DG4_bld_apartment_long_storey_3_123/frag_000) but MaterialBindingAPI is not applied on the prim
Warning: in BindingsAtPrim at line 686 of /builds/omniverse/usd-ci/USD/pxr/usd/usdShade/materialBindingAPI.cpp -- Found material bindings on prim at path (/W/gen/a_apartment_long_DG4/brk_apartment_long_DG4_bld_apartment_long_storey_3_123/frag_002) but MaterialBindingAPI is not applied on the prim
Warning: in BindingsAtPrim at line 686 of /builds/omniverse/usd-ci/USD/pxr/usd/usdShade/materialBindingAPI.cpp -- Found material bindings on prim at path (/W/gen/a_apartment_long_DG4/brk_apartment_long_DG4_bld_apartment_long_storey_3_123/frag_003) but MaterialBindingAPI is not applied on the prim
Warning: in BindingsAtPrim at line 686 of /builds/omniverse/usd-ci/USD/pxr/usd/usdShade/materialBindingAPI.cpp -- Found material bindings on prim at path (/W/gen/a_apartment_long_DG4/brk_apartment_long_DG4_bld_apartment_long_storey_3_123/frag_004) but MaterialBindingAPI is not applied on the prim
Warning: in BindingsAtPrim at line 686 of /builds/omniverse/usd-ci/USD/pxr/usd/usdShade/materialBindingAPI.cpp -- Found material bindings on prim at path (/W/gen/a_apartment_long_DG4/brk_apartment_long_DG4_bld_apartment_long_storey_3_123/frag_005) but MaterialBindingAPI is not applied on the prim
Warning: in BindingsAtPrim at line 686 of /builds/omniverse/usd-ci/USD/pxr/usd/usdShade/materialBindingAPI.cpp -- Found material bindings on prim at path (/W/gen/a_apartment_long_DG4/brk_apartment_long_DG4_bld_apartment_long_storey_3_123/frag_006) but MaterialBindingAPI is not applied on the prim
Warning: in BindingsAtPrim at line 686 of /builds/omniverse/usd-ci/USD/pxr/usd/usdShade/materialBindingAPI.cpp -- Found material bindings on prim at path (/W/gen/a_apartment_long_DG4/brk_apartment_long_DG4_bld_apartment_long_storey_3_123/frag_007) but MaterialBindingAPI is not applied on the prim
Warning: in BindingsAtPrim at line 686 of /builds/omniverse/usd-ci/USD/pxr/usd/usdShade/materialBindingAPI.cpp -- Found material bindings on prim at path (/W/gen/a_apartment_long_DG4/brk_apartment_long_DG4_bld_apartment_long_storey_3_123/frag_008) but MaterialBindingAPI is not applied on the prim
Warning: in BindingsAtPrim at line 686 of /builds/omniverse/usd-ci/USD/pxr/usd/usdShade/materialBindingAPI.cpp -- Found material bindings on prim at path (/W/gen/a_apartment_long_DG4/brk_apartment_long_DG4_bld_apartment_long_storey_3_124/frag_003) but MaterialBindingAPI is not applied on the prim
Warning: in BindingsAtPrim at line 686 of /builds/omniverse/usd-ci/USD/pxr/usd/usdShade/materialBindingAPI.cpp -- Found material bindings on prim at path (/W/gen/a_apartment_long_DG4/brk_apartment_long_DG4_bld_apartment_long_storey_3_124/frag_006) but MaterialBindingAPI is not applied on the prim
Warning: in BindingsAtPrim at line 686 of /builds/omniverse/usd-ci/USD/pxr/usd/usdShade/materialBindingAPI.cpp -- Found material bindings on prim at path (/W/gen/a_apartment_long_DG4/brk_apartment_long_DG4_bld_apartment_long_storey_3_124/frag_007) but MaterialBindingAPI is not applied on the prim
Warning: in BindingsAtPrim at line 686 of /builds/omniverse/usd-ci/USD/pxr/usd/usdShade/materialBindingAPI.cpp -- Found material bindings on prim at path (/W/gen/a_apartment_long_DG4/brk_apartment_long_DG4_bld_apartment_long_storey_3_124/frag_008) but MaterialBindingAPI is not applied on the prim
Warning: in BindingsAtPrim at line 686 of /builds/omniverse/usd-ci/USD/pxr/usd/usdShade/materialBindingAPI.cpp -- Found material bindings on prim at path (/W/gen/a_apartment_long_DG4/brk_apartment_long_DG4_bld_apartment_long_storey_3_125/frag_000) but MaterialBindingAPI is not applied on the prim
Warning: in BindingsAtPrim at line 686 of /builds/omniverse/usd-ci/USD/pxr/usd/usdShade/materialBindingAPI.cpp -- Found material bindings on prim at path (/W/gen/a_apartment_long_DG4/brk_apartment_long_DG4_bld_apartment_long_storey_3_125/frag_001) but MaterialBindingAPI is not applied on the prim
Warning: in BindingsAtPrim at line 686 of /builds/omniverse/usd-ci/USD/pxr/usd/usdShade/materialBindingAPI.cpp -- Found material bindings on prim at path (/W/gen/a_apartment_long_DG4/brk_apartment_long_DG4_bld_apartment_long_storey_3_125/frag_002) but MaterialBindingAPI is not applied on the prim
Warning: in BindingsAtPrim at line 686 of /builds/omniverse/usd-ci/USD/pxr/usd/usdShade/materialBindingAPI.cpp -- Found material bindings on prim at path (/W/gen/a_apartment_long_DG4/brk_apartment_long_DG4_bld_apartment_long_storey_3_125/frag_003) but MaterialBindingAPI is not applied on the prim
Warning: in BindingsAtPrim at line 686 of /builds/omniverse/usd-ci/USD/pxr/usd/usdShade/materialBindingAPI.cpp -- Found material bindings on prim at path (/W/gen/a_apartment_long_DG4/brk_apartment_long_DG4_bld_apartment_long_storey_3_125/frag_004) but MaterialBindingAPI is not applied on the prim
Warning: in BindingsAtPrim at line 686 of /builds/omniverse/usd-ci/USD/pxr/usd/usdShade/materialBindingAPI.cpp -- Found material bindings on prim at path (/W/gen/a_apartment_long_DG4/brk_apartment_long_DG4_bld_apartment_long_storey_3_125/frag_005) but MaterialBindingAPI is not applied on the prim
Warning: in BindingsAtPrim at line 686 of /builds/omniverse/usd-ci/USD/pxr/usd/usdShade/materialBindingAPI.cpp -- Found material bindings on prim at path (/W/gen/a_apartment_long_DG4/brk_apartment_long_DG4_bld_apartment_long_storey_3_126/frag_000) but MaterialBindingAPI is not applied on the prim
Warning: in BindingsAtPrim at line 686 of /builds/omniverse/usd-ci/USD/pxr/usd/usdShade/materialBindingAPI.cpp -- Found material bindings on prim at path (/W/gen/a_apartment_long_DG4/brk_apartment_long_DG4_bld_apartment_long_storey_3_126/frag_001) but MaterialBindingAPI is not applied on the prim
Warning: in BindingsAtPrim at line 686 of /builds/omniverse/usd-ci/USD/pxr/usd/usdShade/materialBindingAPI.cpp -- Found material bindings on prim at path (/W/gen/a_apartment_long_DG4/brk_apartment_long_DG4_bld_apartment_long_storey_3_126/frag_002) but MaterialBindingAPI is not applied on the prim
Warning: in BindingsAtPrim at line 686 of /builds/omniverse/usd-ci/USD/pxr/usd/usdShade/materialBindingAPI.cpp -- Found material bindings on prim at path (/W/gen/a_apartment_long_DG4/brk_apartment_long_DG4_bld_apartment_long_storey_3_126/frag_003) but MaterialBindingAPI is not applied on the prim
Warning: in BindingsAtPrim at line 686 of /builds/omniverse/usd-ci/USD/pxr/usd/usdShade/materialBindingAPI.cpp -- Found material bindings on prim at path (/W/gen/a_apartment_long_DG4/brk_apartment_long_DG4_bld_apartment_long_storey_3_126/frag_004) but MaterialBindingAPI is not applied on the prim
Warning: in BindingsAtPrim at line 686 of /builds/omniverse/usd-ci/USD/pxr/usd/usdShade/materialBindingAPI.cpp -- Found material bindings on prim at path (/W/gen/a_apartment_long_DG4/brk_apartment_long_DG4_bld_apartment_long_storey_3_126/frag_005) but MaterialBindingAPI is not applied on the prim
Warning: in BindingsAtPrim at line 686 of /builds/omniverse/usd-ci/USD/pxr/usd/usdShade/materialBindingAPI.cpp -- Found material bindings on prim at path (/W/gen/a_apartment_long_DG4/brk_apartment_long_DG4_bld_apartment_long_storey_3_126/frag_007) but MaterialBindingAPI is not applied on the prim
Warning: in BindingsAtPrim at line 686 of /builds/omniverse/usd-ci/USD/pxr/usd/usdShade/materialBindingAPI.cpp -- Found material bindings on prim at path (/W/gen/a_apartment_long_DG4/brk_apartment_long_DG4_bld_apartment_long_storey_3_126/frag_008) but MaterialBindingAPI is not applied on the prim
Warning: in BindingsAtPrim at line 686 of /builds/omniverse/usd-ci/USD/pxr/usd/usdShade/materialBindingAPI.cpp -- Found material bindings on prim at path (/W/gen/a_apartment_long_DG4/brk_apartment_long_DG4_bld_apartment_long_storey_3_126/frag_009) but MaterialBindingAPI is not applied on the prim
Warning: in BindingsAtPrim at line 686 of /builds/omniverse/usd-ci/USD/pxr/usd/usdShade/materialBindingAPI.cpp -- Found material bindings on prim at path (/W/gen/a_apartment_long_DG4/brk_apartment_long_DG4_bld_apartment_long_storey_3_127/frag_000) but MaterialBindingAPI is not applied on the prim
Warning: in BindingsAtPrim at line 686 of /builds/omniverse/usd-ci/USD/pxr/usd/usdShade/materialBindingAPI.cpp -- Found material bindings on prim at path (/W/gen/a_apartment_long_DG4/brk_apartment_long_DG4_bld_apartment_long_storey_3_127/frag_001) but MaterialBindingAPI is not applied on the prim
Warning: in BindingsAtPrim at line 686 of /builds/omniverse/usd-ci/USD/pxr/usd/usdShade/materialBindingAPI.cpp -- Found material bindings on prim at path (/W/gen/a_apartment_long_DG4/brk_apartment_long_DG4_bld_apartment_long_storey_3_127/frag_002) but MaterialBindingAPI is not applied on the prim
Warning: in BindingsAtPrim at line 686 of /builds/omniverse/usd-ci/USD/pxr/usd/usdShade/materialBindingAPI.cpp -- Found material bindings on prim at path (/W/gen/a_apartment_long_DG4/brk_apartment_long_DG4_bld_apartment_long_storey_3_127/frag_003) but MaterialBindingAPI is not applied on the prim
Warning: in BindingsAtPrim at line 686 of /builds/omniverse/usd-ci/USD/pxr/usd/usdShade/materialBindingAPI.cpp -- Found material bindings on prim at path (/W/gen/a_apartment_long_DG4/brk_apartment_long_DG4_bld_apartment_long_storey_3_127/frag_004) but MaterialBindingAPI is not applied on the prim
Warning: in BindingsAtPrim at line 686 of /builds/omniverse/usd-ci/USD/pxr/usd/usdShade/materialBindingAPI.cpp -- Found material bindings on prim at path (/W/gen/a_apartment_long_DG4/brk_apartment_long_DG4_bld_apartment_long_storey_3_127/frag_005) but MaterialBindingAPI is not applied on the prim
Warning: in BindingsAtPrim at line 686 of /builds/omniverse/usd-ci/USD/pxr/usd/usdShade/materialBindingAPI.cpp -- Found material bindings on prim at path (/W/gen/a_apartment_long_DG4/brk_apartment_long_DG4_bld_apartment_long_parapet_5_145/frag_000) but MaterialBindingAPI is not applied on the prim
Warning: in BindingsAtPrim at line 686 of /builds/omniverse/usd-ci/USD/pxr/usd/usdShade/materialBindingAPI.cpp -- Found material bindings on prim at path (/W/gen/a_apartment_long_DG4/brk_apartment_long_DG4_bld_apartment_long_parapet_5_145/frag_001) but MaterialBindingAPI is not applied on the prim
Warning: in BindingsAtPrim at line 686 of /builds/omniverse/usd-ci/USD/pxr/usd/usdShade/materialBindingAPI.cpp -- Found material bindings on prim at path (/W/gen/a_apartment_long_DG4/brk_apartment_long_DG4_bld_apartment_long_parapet_5_145/frag_002) but MaterialBindingAPI is not applied on the prim
Warning: in BindingsAtPrim at line 686 of /builds/omniverse/usd-ci/USD/pxr/usd/usdShade/materialBindingAPI.cpp -- Found material bindings on prim at path (/W/gen/a_apartment_long_DG4/brk_apartment_long_DG4_bld_apartment_long_parapet_5_145/frag_003) but MaterialBindingAPI is not applied on the prim
Warning: in BindingsAtPrim at line 686 of /builds/omniverse/usd-ci/USD/pxr/usd/usdShade/materialBindingAPI.cpp -- Found material bindings on prim at path (/W/gen/a_apartment_long_DG4/brk_apartment_long_DG4_bld_apartment_long_parapet_5_145/frag_005) but MaterialBindingAPI is not applied on the prim
Warning: in BindingsAtPrim at line 686 of /builds/omniverse/usd-ci/USD/pxr/usd/usdShade/materialBindingAPI.cpp -- Found material bindings on prim at path (/W/gen/a_apartment_long_DG4/brk_apartment_long_DG4_bld_apartment_long_parapet_5_145/frag_006) but MaterialBindingAPI is not applied on the prim
Warning: in BindingsAtPrim at line 686 of /builds/omniverse/usd-ci/USD/pxr/usd/usdShade/materialBindingAPI.cpp -- Found material bindings on prim at path (/W/gen/a_apartment_long_DG4/brk_apartment_long_DG4_bld_apartment_long_parapet_5_145/frag_007) but MaterialBindingAPI is not applied on the prim
Warning: in BindingsAtPrim at line 686 of /builds/omniverse/usd-ci/USD/pxr/usd/usdShade/materialBindingAPI.cpp -- Found material bindings on prim at path (/W/gen/a_apartment_long_DG4/brk_apartment_long_DG4_bld_apartment_long_parapet_5_145/frag_008) but MaterialBindingAPI is not applied on the prim
Warning: in BindingsAtPrim at line 686 of /builds/omniverse/usd-ci/USD/pxr/usd/usdShade/materialBindingAPI.cpp -- Found material bindings on prim at path (/W/gen/a_apartment_long_DG4/brk_apartment_long_DG4_bld_apartment_long_parapet_5_145/frag_009) but MaterialBindingAPI is not applied on the prim
Warning: in BindingsAtPrim at line 686 of /builds/omniverse/usd-ci/USD/pxr/usd/usdShade/materialBindingAPI.cpp -- Found material bindings on prim at path (/W/gen/a_apartment_long_DG4/brk_apartment_long_DG4_bld_apartment_long_parapet_5_146/frag_000) but MaterialBindingAPI is not applied on the prim
Warning: in BindingsAtPrim at line 686 of /builds/omniverse/usd-ci/USD/pxr/usd/usdShade/materialBindingAPI.cpp -- Found material bindings on prim at path (/W/gen/a_apartment_long_DG4/brk_apartment_long_DG4_bld_apartment_long_parapet_5_146/frag_001) but MaterialBindingAPI is not applied on the prim
Warning: in BindingsAtPrim at line 686 of /builds/omniverse/usd-ci/USD/pxr/usd/usdShade/materialBindingAPI.cpp -- Found material bindings on prim at path (/W/gen/a_apartment_long_DG4/brk_apartment_long_DG4_bld_apartment_long_parapet_5_146/frag_002) but MaterialBindingAPI is not applied on the prim
Warning: in BindingsAtPrim at line 686 of /builds/omniverse/usd-ci/USD/pxr/usd/usdShade/materialBindingAPI.cpp -- Found material bindings on prim at path (/W/gen/a_apartment_long_DG4/brk_apartment_long_DG4_bld_apartment_long_parapet_5_146/frag_003) but MaterialBindingAPI is not applied on the prim
Warning: in BindingsAtPrim at line 686 of /builds/omniverse/usd-ci/USD/pxr/usd/usdShade/materialBindingAPI.cpp -- Found material bindings on prim at path (/W/gen/a_apartment_long_DG4/brk_apartment_long_DG4_bld_apartment_long_parapet_5_146/frag_004) but MaterialBindingAPI is not applied on the prim
Warning: in BindingsAtPrim at line 686 of /builds/omniverse/usd-ci/USD/pxr/usd/usdShade/materialBindingAPI.cpp -- Found material bindings on prim at path (/W/gen/a_apartment_long_DG4/brk_apartment_long_DG4_bld_apartment_long_parapet_5_146/frag_006) but MaterialBindingAPI is not applied on the prim
Warning: in BindingsAtPrim at line 686 of /builds/omniverse/usd-ci/USD/pxr/usd/usdShade/materialBindingAPI.cpp -- Found material bindings on prim at path (/W/gen/a_apartment_long_DG4/brk_apartment_long_DG4_bld_apartment_long_parapet_5_147/frag_001) but MaterialBindingAPI is not applied on the prim
Warning: in BindingsAtPrim at line 686 of /builds/omniverse/usd-ci/USD/pxr/usd/usdShade/materialBindingAPI.cpp -- Found material bindings on prim at path (/W/gen/a_apartment_long_DG4/brk_apartment_long_DG4_bld_apartment_long_parapet_5_147/frag_002) but MaterialBindingAPI is not applied on the prim
Warning: in BindingsAtPrim at line 686 of /builds/omniverse/usd-ci/USD/pxr/usd/usdShade/materialBindingAPI.cpp -- Found material bindings on prim at path (/W/gen/a_apartment_long_DG4/brk_apartment_long_DG4_bld_apartment_long_parapet_5_147/frag_003) but MaterialBindingAPI is not applied on the prim
Warning: in BindingsAtPrim at line 686 of /builds/omniverse/usd-ci/USD/pxr/usd/usdShade/materialBindingAPI.cpp -- Found material bindings on prim at path (/W/gen/a_apartment_long_DG4/brk_apartment_long_DG4_bld_apartment_long_parapet_5_147/frag_004) but MaterialBindingAPI is not applied on the prim
Warning: in BindingsAtPrim at line 686 of /builds/omniverse/usd-ci/USD/pxr/usd/usdShade/materialBindingAPI.cpp -- Found material bindings on prim at path (/W/gen/a_apartment_long_DG4/brk_apartment_long_DG4_bld_apartment_long_parapet_5_147/frag_006) but MaterialBindingAPI is not applied on the prim
Warning: in BindingsAtPrim at line 686 of /builds/omniverse/usd-ci/USD/pxr/usd/usdShade/materialBindingAPI.cpp -- Found material bindings on prim at path (/W/gen/a_apartment_long_DG4/brk_apartment_long_DG4_bld_apartment_long_parapet_5_147/frag_007) but MaterialBindingAPI is not applied on the prim
Warning: in BindingsAtPrim at line 686 of /builds/omniverse/usd-ci/USD/pxr/usd/usdShade/materialBindingAPI.cpp -- Found material bindings on prim at path (/W/gen/a_apartment_long_DG4/brk_apartment_long_DG4_bld_apartment_long_parapet_5_148/frag_000) but MaterialBindingAPI is not applied on the prim
Warning: in BindingsAtPrim at line 686 of /builds/omniverse/usd-ci/USD/pxr/usd/usdShade/materialBindingAPI.cpp -- Found material bindings on prim at path (/W/gen/a_apartment_long_DG4/brk_apartment_long_DG4_bld_apartment_long_parapet_5_148/frag_002) but MaterialBindingAPI is not applied on the prim
Warning: in BindingsAtPrim at line 686 of /builds/omniverse/usd-ci/USD/pxr/usd/usdShade/materialBindingAPI.cpp -- Found material bindings on prim at path (/W/gen/a_apartment_long_DG4/brk_apartment_long_DG4_bld_apartment_long_parapet_5_148/frag_004) but MaterialBindingAPI is not applied on the prim
Warning: in BindingsAtPrim at line 686 of /builds/omniverse/usd-ci/USD/pxr/usd/usdShade/materialBindingAPI.cpp -- Found material bindings on prim at path (/W/gen/a_apartment_long_DG4/brk_apartment_long_DG4_bld_apartment_long_parapet_5_148/frag_005) but MaterialBindingAPI is not applied on the prim
Warning: in BindingsAtPrim at line 686 of /builds/omniverse/usd-ci/USD/pxr/usd/usdShade/materialBindingAPI.cpp -- Found material bindings on prim at path (/W/gen/a_apartment_long_DG4/brk_apartment_long_DG4_bld_apartment_long_parapet_5_148/frag_006) but MaterialBindingAPI is not applied on the prim
Warning: in BindingsAtPrim at line 686 of /builds/omniverse/usd-ci/USD/pxr/usd/usdShade/materialBindingAPI.cpp -- Found material bindings on prim at path (/W/gen/a_apartment_long_DG4/brk_apartment_long_DG4_bld_apartment_long_parapet_5_148/frag_007) but MaterialBindingAPI is not applied on the prim
Warning: in BindingsAtPrim at line 686 of /builds/omniverse/usd-ci/USD/pxr/usd/usdShade/materialBindingAPI.cpp -- Found material bindings on prim at path (/W/gen/a_apartment_long_DG4/brk_apartment_long_DG4_bld_apartment_long_parapet_5_149/frag_000) but MaterialBindingAPI is not applied on the prim
Warning: in BindingsAtPrim at line 686 of /builds/omniverse/usd-ci/USD/pxr/usd/usdShade/materialBindingAPI.cpp -- Found material bindings on prim at path (/W/gen/a_apartment_long_DG4/brk_apartment_long_DG4_bld_apartment_long_parapet_5_149/frag_001) but MaterialBindingAPI is not applied on the prim
Warning: in BindingsAtPrim at line 686 of /builds/omniverse/usd-ci/USD/pxr/usd/usdShade/materialBindingAPI.cpp -- Found material bindings on prim at path (/W/gen/a_apartment_long_DG4/brk_apartment_long_DG4_bld_apartment_long_parapet_5_149/frag_002) but MaterialBindingAPI is not applied on the prim
Warning: in BindingsAtPrim at line 686 of /builds/omniverse/usd-ci/USD/pxr/usd/usdShade/materialBindingAPI.cpp -- Found material bindings on prim at path (/W/gen/a_apartment_long_DG4/brk_apartment_long_DG4_bld_apartment_long_parapet_5_149/frag_003) but MaterialBindingAPI is not applied on the prim
Warning: in BindingsAtPrim at line 686 of /builds/omniverse/usd-ci/USD/pxr/usd/usdShade/materialBindingAPI.cpp -- Found material bindings on prim at path (/W/gen/a_apartment_long_DG4/brk_apartment_long_DG4_bld_apartment_long_parapet_5_149/frag_004) but MaterialBindingAPI is not applied on the prim
Warning: in BindingsAtPrim at line 686 of /builds/omniverse/usd-ci/USD/pxr/usd/usdShade/materialBindingAPI.cpp -- Found material bindings on prim at path (/W/gen/a_apartment_long_DG4/brk_apartment_long_DG4_bld_apartment_long_parapet_5_149/frag_005) but MaterialBindingAPI is not applied on the prim
Warning: in BindingsAtPrim at line 686 of /builds/omniverse/usd-ci/USD/pxr/usd/usdShade/materialBindingAPI.cpp -- Found material bindings on prim at path (/W/gen/a_apartment_long_DG4/brk_apartment_long_DG4_bld_apartment_long_parapet_5_150/frag_000) but MaterialBindingAPI is not applied on the prim
Warning: in BindingsAtPrim at line 686 of /builds/omniverse/usd-ci/USD/pxr/usd/usdShade/materialBindingAPI.cpp -- Found material bindings on prim at path (/W/gen/a_apartment_long_DG4/brk_apartment_long_DG4_bld_apartment_long_parapet_5_150/frag_001) but MaterialBindingAPI is not applied on the prim
Warning: in BindingsAtPrim at line 686 of /builds/omniverse/usd-ci/USD/pxr/usd/usdShade/materialBindingAPI.cpp -- Found material bindings on prim at path (/W/gen/a_apartment_long_DG4/brk_apartment_long_DG4_bld_apartment_long_parapet_5_150/frag_003) but MaterialBindingAPI is not applied on the prim
Warning: in BindingsAtPrim at line 686 of /builds/omniverse/usd-ci/USD/pxr/usd/usdShade/materialBindingAPI.cpp -- Found material bindings on prim at path (/W/gen/a_apartment_long_DG4/brk_apartment_long_DG4_bld_apartment_long_parapet_5_150/frag_004) but MaterialBindingAPI is not applied on the prim
Warning: in BindingsAtPrim at line 686 of /builds/omniverse/usd-ci/USD/pxr/usd/usdShade/materialBindingAPI.cpp -- Found material bindings on prim at path (/W/gen/a_apartment_long_DG4/brk_apartment_long_DG4_bld_apartment_long_parapet_5_150/frag_005) but MaterialBindingAPI is not applied on the prim
Warning: in BindingsAtPrim at line 686 of /builds/omniverse/usd-ci/USD/pxr/usd/usdShade/materialBindingAPI.cpp -- Found material bindings on prim at path (/W/gen/a_apartment_long_DG4/brk_apartment_long_DG4_bld_apartment_long_parapet_5_150/frag_006) but MaterialBindingAPI is not applied on the prim
Warning: in BindingsAtPrim at line 686 of /builds/omniverse/usd-ci/USD/pxr/usd/usdShade/materialBindingAPI.cpp -- Found material bindings on prim at path (/W/gen/a_apartment_long_DG4/brk_apartment_long_DG4_bld_apartment_long_parapet_5_150/frag_007) but MaterialBindingAPI is not applied on the prim
Warning: in BindingsAtPrim at line 686 of /builds/omniverse/usd-ci/USD/pxr/usd/usdShade/materialBindingAPI.cpp -- Found material bindings on prim at path (/W/gen/a_apartment_long_DG4/brk_apartment_long_DG4_bld_apartment_long_parapet_5_150/frag_008) but MaterialBindingAPI is not applied on the prim
Warning: in BindingsAtPrim at line 686 of /builds/omniverse/usd-ci/USD/pxr/usd/usdShade/materialBindingAPI.cpp -- Found material bindings on prim at path (/W/gen/a_apartment_long_DG4/brk_apartment_long_DG4_bld_apartment_long_parapet_5_150/frag_009) but MaterialBindingAPI is not applied on the prim
Warning: in BindingsAtPrim at line 686 of /builds/omniverse/usd-ci/USD/pxr/usd/usdShade/materialBindingAPI.cpp -- Found material bindings on prim at path (/W/gen/a_apartment_long_DG4/brk_apartment_long_DG4_bld_apartment_long_parapet_5_151/frag_000) but MaterialBindingAPI is not applied on the prim
Warning: in BindingsAtPrim at line 686 of /builds/omniverse/usd-ci/USD/pxr/usd/usdShade/materialBindingAPI.cpp -- Found material bindings on prim at path (/W/gen/a_apartment_long_DG4/brk_apartment_long_DG4_bld_apartment_long_parapet_5_151/frag_001) but MaterialBindingAPI is not applied on the prim
Warning: in BindingsAtPrim at line 686 of /builds/omniverse/usd-ci/USD/pxr/usd/usdShade/materialBindingAPI.cpp -- Found material bindings on prim at path (/W/gen/a_apartment_long_DG4/brk_apartment_long_DG4_bld_apartment_long_parapet_5_151/frag_002) but MaterialBindingAPI is not applied on the prim
Warning: in BindingsAtPrim at line 686 of /builds/omniverse/usd-ci/USD/pxr/usd/usdShade/materialBindingAPI.cpp -- Found material bindings on prim at path (/W/gen/a_apartment_long_DG4/brk_apartment_long_DG4_bld_apartment_long_parapet_5_151/frag_005) but MaterialBindingAPI is not applied on the prim
Warning: in BindingsAtPrim at line 686 of /builds/omniverse/usd-ci/USD/pxr/usd/usdShade/materialBindingAPI.cpp -- Found material bindings on prim at path (/W/gen/a_apartment_long_DG4/brk_apartment_long_DG4_bld_apartment_long_parapet_5_151/frag_006) but MaterialBindingAPI is not applied on the prim
Warning: in BindingsAtPrim at line 686 of /builds/omniverse/usd-ci/USD/pxr/usd/usdShade/materialBindingAPI.cpp -- Found material bindings on prim at path (/W/gen/a_apartment_long_DG4/brk_apartment_long_DG4_bld_apartment_long_parapet_5_151/frag_007) but MaterialBindingAPI is not applied on the prim
Warning: in BindingsAtPrim at line 686 of /builds/omniverse/usd-ci/USD/pxr/usd/usdShade/materialBindingAPI.cpp -- Found material bindings on prim at path (/W/gen/a_apartment_long_DG4/brk_apartment_long_DG4_bld_apartment_long_parapet_5_151/frag_008) but MaterialBindingAPI is not applied on the prim
Warning: in BindingsAtPrim at line 686 of /builds/omniverse/usd-ci/USD/pxr/usd/usdShade/materialBindingAPI.cpp -- Found material bindings on prim at path (/W/gen/a_apartment_long_DG4/fit_apartment_long_DG4/slab_main_4) but MaterialBindingAPI is not applied on the prim
Warning: in BindingsAtPrim at line 686 of /builds/omniverse/usd-ci/USD/pxr/usd/usdShade/materialBindingAPI.cpp -- Found material bindings on prim at path (/W/gen/a_apartment_long_DG4/fit_apartment_long_DG4/slab_main_4) but MaterialBindingAPI is not applied on the prim
Warning: in BindingsAtPrim at line 686 of /builds/omniverse/usd-ci/USD/pxr/usd/usdShade/materialBindingAPI.cpp -- Found material bindings on prim at path (/W/gen/a_apartment_long_DG4/fit_apartment_long_DG4/slab_main_4_strip9) but MaterialBindingAPI is not applied on the prim
Warning: in BindingsAtPrim at line 686 of /builds/omniverse/usd-ci/USD/pxr/usd/usdShade/materialBindingAPI.cpp -- Found material bindings on prim at path (/W/gen/a_apartment_long_DG4/fit_apartment_long_DG4/slab_main_5) but MaterialBindingAPI is not applied on the prim
Warning: in BindingsAtPrim at line 686 of /builds/omniverse/usd-ci/USD/pxr/usd/usdShade/materialBindingAPI.cpp -- Found material bindings on prim at path (/W/gen/a_apartment_long_DG4/fit_apartment_long_DG4/slab_main_5) but MaterialBindingAPI is not applied on the prim
Warning: in BindingsAtPrim at line 686 of /builds/omniverse/usd-ci/USD/pxr/usd/usdShade/materialBindingAPI.cpp -- Found material bindings on prim at path (/W/gen/a_apartment_long_DG4/fit_apartment_long_DG4/slab_main_5_strip11) but MaterialBindingAPI is not applied on the prim
Status: in _OpenAsset at line 360 of /builds/omniverse/usd-resolver/source/library/OmniUsdResolver_Ar2.cpp -- OmniUsdResolver: Opening filesystem asset '/isaac-sim/AirStack/scene_gen/assets/materials/megascans/Damaged_Asphalt.usda' for read
Warning: in BindingsAtPrim at line 686 of /builds/omniverse/usd-ci/USD/pxr/usd/usdShade/materialBindingAPI.cpp -- Found material bindings on prim at path (/W/gen/a_apartment_long_DG4/roofslab_apartment_long_DG4_bld_apartment_long_roof_7_168) but MaterialBindingAPI is not applied on the prim
Warning: in BindingsAtPrim at line 686 of /builds/omniverse/usd-ci/USD/pxr/usd/usdShade/materialBindingAPI.cpp -- Found material bindings on prim at path (/W/gen/a_apartment_long_DG4/roofslab_apartment_long_DG4_bld_apartment_long_roof_7_168_strip13) but MaterialBindingAPI is not applied on the prim
Warning: in BindingsAtPrim at line 686 of /builds/omniverse/usd-ci/USD/pxr/usd/usdShade/materialBindingAPI.cpp -- Found material bindings on prim at path (/W/gen/a_apartment_long_DG4/roofslab_apartment_long_DG4_bld_apartment_long_roof_7_168_strip13) but MaterialBindingAPI is not applied on the prim
Warning: in BindingsAtPrim at line 686 of /builds/omniverse/usd-ci/USD/pxr/usd/usdShade/materialBindingAPI.cpp -- Found material bindings on prim at path (/W/gen/a_apartment_long_DG4/roofslab_apartment_long_DG4_bld_apartment_long_roof_7_171) but MaterialBindingAPI is not applied on the prim
Warning: in BindingsAtPrim at line 686 of /builds/omniverse/usd-ci/USD/pxr/usd/usdShade/materialBindingAPI.cpp -- Found material bindings on prim at path (/W/gen/a_apartment_long_DG4/roofslab_apartment_long_DG4_bld_apartment_long_roof_7_171_strip15) but MaterialBindingAPI is not applied on the prim
Warning: in BindingsAtPrim at line 686 of /builds/omniverse/usd-ci/USD/pxr/usd/usdShade/materialBindingAPI.cpp -- Found material bindings on prim at path (/W/gen/a_apartment_long_DG4/roofslab_apartment_long_DG4_bld_apartment_long_roof_7_171_strip15) but MaterialBindingAPI is not applied on the prim
Warning: in BindingsAtPrim at line 686 of /builds/omniverse/usd-ci/USD/pxr/usd/usdShade/materialBindingAPI.cpp -- Found material bindings on prim at path (/W/gen/a_apartment_long_DG4/roofslab_apartment_long_DG4_bld_apartment_long_roof_7_174) but MaterialBindingAPI is not applied on the prim
Warning: in BindingsAtPrim at line 686 of /builds/omniverse/usd-ci/USD/pxr/usd/usdShade/materialBindingAPI.cpp -- Found material bindings on prim at path (/W/gen/a_apartment_long_DG4/roofslab_apartment_long_DG4_bld_apartment_long_roof_7_174_strip17) but MaterialBindingAPI is not applied on the prim
Warning: in BindingsAtPrim at line 686 of /builds/omniverse/usd-ci/USD/pxr/usd/usdShade/materialBindingAPI.cpp -- Found material bindings on prim at path (/W/gen/a_apartment_long_DG4/roofslab_apartment_long_DG4_bld_apartment_long_roof_7_174_strip17) but MaterialBindingAPI is not applied on the prim
Warning: in BindingsAtPrim at line 686 of /builds/omniverse/usd-ci/USD/pxr/usd/usdShade/materialBindingAPI.cpp -- Found material bindings on prim at path (/W/gen/a_apartment_long_DG4/roofslab_apartment_long_DG4_bld_apartment_long_roof_7_177) but MaterialBindingAPI is not applied on the prim
Warning: in BindingsAtPrim at line 686 of /builds/omniverse/usd-ci/USD/pxr/usd/usdShade/materialBindingAPI.cpp -- Found material bindings on prim at path (/W/gen/a_apartment_long_DG4/roofslab_apartment_long_DG4_bld_apartment_long_roof_7_177_strip19) but MaterialBindingAPI is not applied on the prim
Warning: in BindingsAtPrim at line 686 of /builds/omniverse/usd-ci/USD/pxr/usd/usdShade/materialBindingAPI.cpp -- Found material bindings on prim at path (/W/gen/a_apartment_long_DG4/roofslab_apartment_long_DG4_bld_apartment_long_roof_7_177_strip19) but MaterialBindingAPI is not applied on the prim
Warning: in BindingsAtPrim at line 686 of /builds/omniverse/usd-ci/USD/pxr/usd/usdShade/materialBindingAPI.cpp -- Found material bindings on prim at path (/W/gen/a_apartment_long_DG4/roofslab_apartment_long_DG4_bld_apartment_long_roof_7_180) but MaterialBindingAPI is not applied on the prim
Warning: in BindingsAtPrim at line 686 of /builds/omniverse/usd-ci/USD/pxr/usd/usdShade/materialBindingAPI.cpp -- Found material bindings on prim at path (/W/gen/a_apartment_long_DG4/roofslab_apartment_long_DG4_bld_apartment_long_roof_7_180_strip21) but MaterialBindingAPI is not applied on the prim
Warning: in BindingsAtPrim at line 686 of /builds/omniverse/usd-ci/USD/pxr/usd/usdShade/materialBindingAPI.cpp -- Found material bindings on prim at path (/W/gen/a_apartment_long_DG4/roofslab_apartment_long_DG4_bld_apartment_long_roof_7_180_strip21) but MaterialBindingAPI is not applied on the prim
Warning: in BindingsAtPrim at line 686 of /builds/omniverse/usd-ci/USD/pxr/usd/usdShade/materialBindingAPI.cpp -- Found material bindings on prim at path (/W/gen/a_apartment_long_DG4/roofslab_apartment_long_DG4_bld_apartment_long_roof_7_183) but MaterialBindingAPI is not applied on the prim
Warning: in BindingsAtPrim at line 686 of /builds/omniverse/usd-ci/USD/pxr/usd/usdShade/materialBindingAPI.cpp -- Found material bindings on prim at path (/W/gen/a_apartment_long_DG4/roofslab_apartment_long_DG4_bld_apartment_long_roof_7_183_strip23) but MaterialBindingAPI is not applied on the prim
Warning: in BindingsAtPrim at line 686 of /builds/omniverse/usd-ci/USD/pxr/usd/usdShade/materialBindingAPI.cpp -- Found material bindings on prim at path (/W/gen/a_apartment_long_DG4/roofslab_apartment_long_DG4_bld_apartment_long_roof_7_183_strip23) but MaterialBindingAPI is not applied on the prim
Warning: in BindingsAtPrim at line 686 of /builds/omniverse/usd-ci/USD/pxr/usd/usdShade/materialBindingAPI.cpp -- Found material bindings on prim at path (/W/gen/a_apartment_long_DG4/roofslab_apartment_long_DG4_bld_apartment_long_roof_7_186) but MaterialBindingAPI is not applied on the prim
Warning: in BindingsAtPrim at line 686 of /builds/omniverse/usd-ci/USD/pxr/usd/usdShade/materialBindingAPI.cpp -- Found material bindings on prim at path (/W/gen/a_apartment_long_DG4/roofslab_apartment_long_DG4_bld_apartment_long_roof_7_186_strip25) but MaterialBindingAPI is not applied on the prim
Warning: in BindingsAtPrim at line 686 of /builds/omniverse/usd-ci/USD/pxr/usd/usdShade/materialBindingAPI.cpp -- Found material bindings on prim at path (/W/gen/a_apartment_long_DG4/roofslab_apartment_long_DG4_bld_apartment_long_roof_7_186_strip25) but MaterialBindingAPI is not applied on the prim
Warning: in BindingsAtPrim at line 686 of /builds/omniverse/usd-ci/USD/pxr/usd/usdShade/materialBindingAPI.cpp -- Found material bindings on prim at path (/W/gen/a_apartment_long_DG4/roofslab_apartment_long_DG4_bld_apartment_long_roof_7_189) but MaterialBindingAPI is not applied on the prim
Warning: in BindingsAtPrim at line 686 of /builds/omniverse/usd-ci/USD/pxr/usd/usdShade/materialBindingAPI.cpp -- Found material bindings on prim at path (/W/gen/a_apartment_long_DG4/roofslab_apartment_long_DG4_bld_apartment_long_roof_7_189_strip27) but MaterialBindingAPI is not applied on the prim
Warning: in BindingsAtPrim at line 686 of /builds/omniverse/usd-ci/USD/pxr/usd/usdShade/materialBindingAPI.cpp -- Found material bindings on prim at path (/W/gen/a_apartment_long_DG4/roofslab_apartment_long_DG4_bld_apartment_long_roof_7_189_strip27) but MaterialBindingAPI is not applied on the prim
Warning: in BindingsAtPrim at line 686 of /builds/omniverse/usd-ci/USD/pxr/usd/usdShade/materialBindingAPI.cpp -- Found material bindings on prim at path (/W/gen/a_apartment_long_DG4/roofslab_apartment_long_DG4_bld_apartment_long_roof_7_192) but MaterialBindingAPI is not applied on the prim
Warning: in BindingsAtPrim at line 686 of /builds/omniverse/usd-ci/USD/pxr/usd/usdShade/materialBindingAPI.cpp -- Found material bindings on prim at path (/W/gen/a_apartment_long_DG4/roofslab_apartment_long_DG4_bld_apartment_long_roof_7_192_strip29) but MaterialBindingAPI is not applied on the prim
Warning: in BindingsAtPrim at line 686 of /builds/omniverse/usd-ci/USD/pxr/usd/usdShade/materialBindingAPI.cpp -- Found material bindings on prim at path (/W/gen/a_apartment_long_DG4/roofslab_apartment_long_DG4_bld_apartment_long_roof_7_192_strip29) but MaterialBindingAPI is not applied on the prim
Warning: in BindingsAtPrim at line 686 of /builds/omniverse/usd-ci/USD/pxr/usd/usdShade/materialBindingAPI.cpp -- Found material bindings on prim at path (/W/gen/a_apartment_long_DG4/fit_apartment_long_DG4/slab_main_5_rem10) but MaterialBindingAPI is not applied on the prim
Warning: in BindingsAtPrim at line 686 of /builds/omniverse/usd-ci/USD/pxr/usd/usdShade/materialBindingAPI.cpp -- Found material bindings on prim at path (/W/gen/a_apartment_long_DG4/fit_apartment_long_DG4/slab_main_5_rem10_strip31) but MaterialBindingAPI is not applied on the prim
Warning: in BindingsAtPrim at line 686 of /builds/omniverse/usd-ci/USD/pxr/usd/usdShade/materialBindingAPI.cpp -- Found material bindings on prim at path (/W/gen/a_apartment_long_DG4/fit_apartment_long_DG4/slab_main_5_rem10_strip31) but MaterialBindingAPI is not applied on the prim
Warning: in BindingsAtPrim at line 686 of /builds/omniverse/usd-ci/USD/pxr/usd/usdShade/materialBindingAPI.cpp -- Found material bindings on prim at path (/W/gen/a_apartment_long_DG4/fit_apartment_long_DG4/slab_main_5_rem10_strip31_strip33) but MaterialBindingAPI is not applied on the prim
Warning: in BindingsAtPrim at line 686 of /builds/omniverse/usd-ci/USD/pxr/usd/usdShade/materialBindingAPI.cpp -- Found material bindings on prim at path (/W/gen/a_apartment_long_DG4/fit_apartment_long_DG4/slab_main_5_rem10_rem30) but MaterialBindingAPI is not applied on the prim
Warning: in _ReportErrors at line 3172 of /builds/omniverse/usd-ci/USD/pxr/usd/usd/stage.cpp -- In </W/gen/a_apartment_long_DG4/rubble_apartment_long_DG4_elevation_S_chunk/Prototypes/huge_concrete_rubble_pile_p056>: Could not open asset @omniverse://airlab-nucleus.andrew.cmu.edu:443/Projects/SEI-COA/scene_gen/assets/rubble_hd/huge_concrete_rubble_pile/huge_concrete_rubble_pile_p056.usdc@ for reference introduced by @anon:0x302b0ae0:tmp.usda@</W/gen/a_apartment_long_DG4/rubble_apartment_long_DG4_elevation_S_chunk/Prototypes/huge_concrete_rubble_pile_p056>. (recomposing stage on stage @anon:0x302b0ae0:tmp.usda@ <0x2ffe3d30>)
Warning: in _ReportErrors at line 3172 of /builds/omniverse/usd-ci/USD/pxr/usd/usd/stage.cpp -- In </W/gen/a_apartment_long_DG4/rubble_apartment_long_DG4_elevation_S_chunk/Prototypes/concrete_slabs_p018>: Could not open asset @omniverse://airlab-nucleus.andrew.cmu.edu:443/Projects/SEI-COA/scene_gen/assets/rubble_hd/concrete_slabs/concrete_slabs_p018.usdc@ for reference introduced by @anon:0x302b0ae0:tmp.usda@</W/gen/a_apartment_long_DG4/rubble_apartment_long_DG4_elevation_S_chunk/Prototypes/concrete_slabs_p018>. (recomposing stage on stage @anon:0x302b0ae0:tmp.usda@ <0x2ffe3d30>)
Warning: in _ReportErrors at line 3172 of /builds/omniverse/usd-ci/USD/pxr/usd/usd/stage.cpp -- In </W/gen/a_apartment_long_DG4/rubble_apartment_long_DG4_elevation_S_chunk/Prototypes/concrete_slabs_p054>: Could not open asset @omniverse://airlab-nucleus.andrew.cmu.edu:443/Projects/SEI-COA/scene_gen/assets/rubble_hd/concrete_slabs/concrete_slabs_p054.usdc@ for reference introduced by @anon:0x302b0ae0:tmp.usda@</W/gen/a_apartment_long_DG4/rubble_apartment_long_DG4_elevation_S_chunk/Prototypes/concrete_slabs_p054>. (recomposing stage on stage @anon:0x302b0ae0:tmp.usda@ <0x2ffe3d30>)
Warning: in _ReportErrors at line 3172 of /builds/omniverse/usd-ci/USD/pxr/usd/usd/stage.cpp -- In </W/gen/a_apartment_long_DG4/rubble_apartment_long_DG4_elevation_S_chunk/Prototypes/concrete_slabs_p025>: Could not open asset @omniverse://airlab-nucleus.andrew.cmu.edu:443/Projects/SEI-COA/scene_gen/assets/rubble_hd/concrete_slabs/concrete_slabs_p025.usdc@ for reference introduced by @anon:0x302b0ae0:tmp.usda@</W/gen/a_apartment_long_DG4/rubble_apartment_long_DG4_elevation_S_chunk/Prototypes/concrete_slabs_p025>. (recomposing stage on stage @anon:0x302b0ae0:tmp.usda@ <0x2ffe3d30>)
Warning: in _ReportErrors at line 3172 of /builds/omniverse/usd-ci/USD/pxr/usd/usd/stage.cpp -- In </W/gen/a_apartment_long_DG4/rubble_apartment_long_DG4_elevation_S_chunk/Prototypes/concrete_slabs_p024>: Could not open asset @omniverse://airlab-nucleus.andrew.cmu.edu:443/Projects/SEI-COA/scene_gen/assets/rubble_hd/concrete_slabs/concrete_slabs_p024.usdc@ for reference introduced by @anon:0x302b0ae0:tmp.usda@</W/gen/a_apartment_long_DG4/rubble_apartment_long_DG4_elevation_S_chunk/Prototypes/concrete_slabs_p024>. (recomposing stage on stage @anon:0x302b0ae0:tmp.usda@ <0x2ffe3d30>)
Warning: in _ReportErrors at line 3172 of /builds/omniverse/usd-ci/USD/pxr/usd/usd/stage.cpp -- In </W/gen/a_apartment_long_DG4/rubble_apartment_long_DG4_elevation_S_chunk/Prototypes/concrete_slabs_p038>: Could not open asset @omniverse://airlab-nucleus.andrew.cmu.edu:443/Projects/SEI-COA/scene_gen/assets/rubble_hd/concrete_slabs/concrete_slabs_p038.usdc@ for reference introduced by @anon:0x302b0ae0:tmp.usda@</W/gen/a_apartment_long_DG4/rubble_apartment_long_DG4_elevation_S_chunk/Prototypes/concrete_slabs_p038>. (recomposing stage on stage @anon:0x302b0ae0:tmp.usda@ <0x2ffe3d30>)
Warning: in _ReportErrors at line 3172 of /builds/omniverse/usd-ci/USD/pxr/usd/usd/stage.cpp -- In </W/gen/a_apartment_long_DG4/rubble_apartment_long_DG4_elevation_S_chunk/Prototypes/huge_concrete_rubble_pile_p073>: Could not open asset @omniverse://airlab-nucleus.andrew.cmu.edu:443/Projects/SEI-COA/scene_gen/assets/rubble_hd/huge_concrete_rubble_pile/huge_concrete_rubble_pile_p073.usdc@ for reference introduced by @anon:0x302b0ae0:tmp.usda@</W/gen/a_apartment_long_DG4/rubble_apartment_long_DG4_elevation_S_chunk/Prototypes/huge_concrete_rubble_pile_p073>. (recomposing stage on stage @anon:0x302b0ae0:tmp.usda@ <0x2ffe3d30>)
Warning: in _ReportErrors at line 3172 of /builds/omniverse/usd-ci/USD/pxr/usd/usd/stage.cpp -- In </W/gen/a_apartment_long_DG4/rubble_apartment_long_DG4_elevation_S_chunk/Prototypes/concrete_slabs_p029>: Could not open asset @omniverse://airlab-nucleus.andrew.cmu.edu:443/Projects/SEI-COA/scene_gen/assets/rubble_hd/concrete_slabs/concrete_slabs_p029.usdc@ for reference introduced by @anon:0x302b0ae0:tmp.usda@</W/gen/a_apartment_long_DG4/rubble_apartment_long_DG4_elevation_S_chunk/Prototypes/concrete_slabs_p029>. (recomposing stage on stage @anon:0x302b0ae0:tmp.usda@ <0x2ffe3d30>)
Warning: in _ReportErrors at line 3172 of /builds/omniverse/usd-ci/USD/pxr/usd/usd/stage.cpp -- In </W/gen/a_apartment_long_DG4/rubble_apartment_long_DG4_elevation_S_chunk/Prototypes/concrete_slabs_p014>: Could not open asset @omniverse://airlab-nucleus.andrew.cmu.edu:443/Projects/SEI-COA/scene_gen/assets/rubble_hd/concrete_slabs/concrete_slabs_p014.usdc@ for reference introduced by @anon:0x302b0ae0:tmp.usda@</W/gen/a_apartment_long_DG4/rubble_apartment_long_DG4_elevation_S_chunk/Prototypes/concrete_slabs_p014>. (recomposing stage on stage @anon:0x302b0ae0:tmp.usda@ <0x2ffe3d30>)
Warning: in _ReportErrors at line 3172 of /builds/omniverse/usd-ci/USD/pxr/usd/usd/stage.cpp -- In </W/gen/a_apartment_long_DG4/rubble_apartment_long_DG4_elevation_S_chunk/Prototypes/huge_concrete_rubble_pile_p038>: Could not open asset @omniverse://airlab-nucleus.andrew.cmu.edu:443/Projects/SEI-COA/scene_gen/assets/rubble_hd/huge_concrete_rubble_pile/huge_concrete_rubble_pile_p038.usdc@ for reference introduced by @anon:0x302b0ae0:tmp.usda@</W/gen/a_apartment_long_DG4/rubble_apartment_long_DG4_elevation_S_chunk/Prototypes/huge_concrete_rubble_pile_p038>. (recomposing stage on stage @anon:0x302b0ae0:tmp.usda@ <0x2ffe3d30>)
Warning: in _ReportErrors at line 3172 of /builds/omniverse/usd-ci/USD/pxr/usd/usd/stage.cpp -- In </W/gen/a_apartment_long_DG4/rubble_apartment_long_DG4_elevation_S_chunk/Prototypes/concrete_debris_elements_p006>: Could not open asset @omniverse://airlab-nucleus.andrew.cmu.edu:443/Projects/SEI-COA/scene_gen/assets/rubble_hd/concrete_debris_elements/concrete_debris_elements_p006.usdc@ for reference introduced by @anon:0x302b0ae0:tmp.usda@</W/gen/a_apartment_long_DG4/rubble_apartment_long_DG4_elevation_S_chunk/Prototypes/concrete_debris_elements_p006>. (recomposing stage on stage @anon:0x302b0ae0:tmp.usda@ <0x2ffe3d30>)
Warning: in _ReportErrors at line 3172 of /builds/omniverse/usd-ci/USD/pxr/usd/usd/stage.cpp -- In </W/gen/a_apartment_long_DG4/rubble_apartment_long_DG4_elevation_S_chunk/Prototypes/concrete_slabs_p050>: Could not open asset @omniverse://airlab-nucleus.andrew.cmu.edu:443/Projects/SEI-COA/scene_gen/assets/rubble_hd/concrete_slabs/concrete_slabs_p050.usdc@ for reference introduced by @anon:0x302b0ae0:tmp.usda@</W/gen/a_apartment_long_DG4/rubble_apartment_long_DG4_elevation_S_chunk/Prototypes/concrete_slabs_p050>. (recomposing stage on stage @anon:0x302b0ae0:tmp.usda@ <0x2ffe3d30>)
Warning: in _ReportErrors at line 3172 of /builds/omniverse/usd-ci/USD/pxr/usd/usd/stage.cpp -- In </W/gen/a_apartment_long_DG4/rubble_apartment_long_DG4_elevation_S_chunk/Prototypes/huge_concrete_rubble_pile_p015>: Could not open asset @omniverse://airlab-nucleus.andrew.cmu.edu:443/Projects/SEI-COA/scene_gen/assets/rubble_hd/huge_concrete_rubble_pile/huge_concrete_rubble_pile_p015.usdc@ for reference introduced by @anon:0x302b0ae0:tmp.usda@</W/gen/a_apartment_long_DG4/rubble_apartment_long_DG4_elevation_S_chunk/Prototypes/huge_concrete_rubble_pile_p015>. (recomposing stage on stage @anon:0x302b0ae0:tmp.usda@ <0x2ffe3d30>)
Warning: in _ReportErrors at line 3172 of /builds/omniverse/usd-ci/USD/pxr/usd/usd/stage.cpp -- In </W/gen/a_apartment_long_DG4/rubble_apartment_long_DG4_elevation_S_chunk/Prototypes/concrete_debris_elements_p032>: Could not open asset @omniverse://airlab-nucleus.andrew.cmu.edu:443/Projects/SEI-COA/scene_gen/assets/rubble_hd/concrete_debris_elements/concrete_debris_elements_p032.usdc@ for reference introduced by @anon:0x302b0ae0:tmp.usda@</W/gen/a_apartment_long_DG4/rubble_apartment_long_DG4_elevation_S_chunk/Prototypes/concrete_debris_elements_p032>. (recomposing stage on stage @anon:0x302b0ae0:tmp.usda@ <0x2ffe3d30>)
Warning: in _ReportErrors at line 3172 of /builds/omniverse/usd-ci/USD/pxr/usd/usd/stage.cpp -- In </W/gen/a_apartment_long_DG4/rubble_apartment_long_DG4_elevation_S_chunk/Prototypes/concrete_slabs_p032>: Could not open asset @omniverse://airlab-nucleus.andrew.cmu.edu:443/Projects/SEI-COA/scene_gen/assets/rubble_hd/concrete_slabs/concrete_slabs_p032.usdc@ for reference introduced by @anon:0x302b0ae0:tmp.usda@</W/gen/a_apartment_long_DG4/rubble_apartment_long_DG4_elevation_S_chunk/Prototypes/concrete_slabs_p032>. (recomposing stage on stage @anon:0x302b0ae0:tmp.usda@ <0x2ffe3d30>)
Warning: in _ReportErrors at line 3172 of /builds/omniverse/usd-ci/USD/pxr/usd/usd/stage.cpp -- In </W/gen/a_apartment_long_DG4/rubble_apartment_long_DG4_elevation_S_chunk/Prototypes/concrete_slabs_p027>: Could not open asset @omniverse://airlab-nucleus.andrew.cmu.edu:443/Projects/SEI-COA/scene_gen/assets/rubble_hd/concrete_slabs/concrete_slabs_p027.usdc@ for reference introduced by @anon:0x302b0ae0:tmp.usda@</W/gen/a_apartment_long_DG4/rubble_apartment_long_DG4_elevation_S_chunk/Prototypes/concrete_slabs_p027>. (recomposing stage on stage @anon:0x302b0ae0:tmp.usda@ <0x2ffe3d30>)
Warning: in _ReportErrors at line 3172 of /builds/omniverse/usd-ci/USD/pxr/usd/usd/stage.cpp -- In </W/gen/a_apartment_long_DG4/rubble_apartment_long_DG4_elevation_S_chunk/Prototypes/concrete_slabs_p075>: Could not open asset @omniverse://airlab-nucleus.andrew.cmu.edu:443/Projects/SEI-COA/scene_gen/assets/rubble_hd/concrete_slabs/concrete_slabs_p075.usdc@ for reference introduced by @anon:0x302b0ae0:tmp.usda@</W/gen/a_apartment_long_DG4/rubble_apartment_long_DG4_elevation_S_chunk/Prototypes/concrete_slabs_p075>. (recomposing stage on stage @anon:0x302b0ae0:tmp.usda@ <0x2ffe3d30>)
Warning: in _ReportErrors at line 3172 of /builds/omniverse/usd-ci/USD/pxr/usd/usd/stage.cpp -- In </W/gen/a_apartment_long_DG4/rubble_apartment_long_DG4_elevation_S_chunk/Prototypes/concrete_slabs_p005>: Could not open asset @omniverse://airlab-nucleus.andrew.cmu.edu:443/Projects/SEI-COA/scene_gen/assets/rubble_hd/concrete_slabs/concrete_slabs_p005.usdc@ for reference introduced by @anon:0x302b0ae0:tmp.usda@</W/gen/a_apartment_long_DG4/rubble_apartment_long_DG4_elevation_S_chunk/Prototypes/concrete_slabs_p005>. (recomposing stage on stage @anon:0x302b0ae0:tmp.usda@ <0x2ffe3d30>)
Warning: in _ReportErrors at line 3172 of /builds/omniverse/usd-ci/USD/pxr/usd/usd/stage.cpp -- In </W/gen/a_apartment_long_DG4/rubble_apartment_long_DG4_elevation_S_chunk/Prototypes/concrete_slabs_p073>: Could not open asset @omniverse://airlab-nucleus.andrew.cmu.edu:443/Projects/SEI-COA/scene_gen/assets/rubble_hd/concrete_slabs/concrete_slabs_p073.usdc@ for reference introduced by @anon:0x302b0ae0:tmp.usda@</W/gen/a_apartment_long_DG4/rubble_apartment_long_DG4_elevation_S_chunk/Prototypes/concrete_slabs_p073>. (recomposing stage on stage @anon:0x302b0ae0:tmp.usda@ <0x2ffe3d30>)
Warning: in _ReportErrors at line 3172 of /builds/omniverse/usd-ci/USD/pxr/usd/usd/stage.cpp -- In </W/gen/a_apartment_long_DG4/rubble_apartment_long_DG4_elevation_S_chunk/Prototypes/concrete_slabs_p039>: Could not open asset @omniverse://airlab-nucleus.andrew.cmu.edu:443/Projects/SEI-COA/scene_gen/assets/rubble_hd/concrete_slabs/concrete_slabs_p039.usdc@ for reference introduced by @anon:0x302b0ae0:tmp.usda@</W/gen/a_apartment_long_DG4/rubble_apartment_long_DG4_elevation_S_chunk/Prototypes/concrete_slabs_p039>. (recomposing stage on stage @anon:0x302b0ae0:tmp.usda@ <0x2ffe3d30>)
Warning: in _ReportErrors at line 3172 of /builds/omniverse/usd-ci/USD/pxr/usd/usd/stage.cpp -- In </W/gen/a_apartment_long_DG4/rubble_apartment_long_DG4_elevation_S_chunk/Prototypes/concrete_slabs_p003>: Could not open asset @omniverse://airlab-nucleus.andrew.cmu.edu:443/Projects/SEI-COA/scene_gen/assets/rubble_hd/concrete_slabs/concrete_slabs_p003.usdc@ for reference introduced by @anon:0x302b0ae0:tmp.usda@</W/gen/a_apartment_long_DG4/rubble_apartment_long_DG4_elevation_S_chunk/Prototypes/concrete_slabs_p003>. (recomposing stage on stage @anon:0x302b0ae0:tmp.usda@ <0x2ffe3d30>)
Warning: in _ReportErrors at line 3172 of /builds/omniverse/usd-ci/USD/pxr/usd/usd/stage.cpp -- In </W/gen/a_apartment_long_DG4/rubble_apartment_long_DG4_elevation_S_chunk/Prototypes/huge_concrete_rubble_pile_p011>: Could not open asset @omniverse://airlab-nucleus.andrew.cmu.edu:443/Projects/SEI-COA/scene_gen/assets/rubble_hd/huge_concrete_rubble_pile/huge_concrete_rubble_pile_p011.usdc@ for reference introduced by @anon:0x302b0ae0:tmp.usda@</W/gen/a_apartment_long_DG4/rubble_apartment_long_DG4_elevation_S_chunk/Prototypes/huge_concrete_rubble_pile_p011>. (recomposing stage on stage @anon:0x302b0ae0:tmp.usda@ <0x2ffe3d30>)
Warning: in _ReportErrors at line 3172 of /builds/omniverse/usd-ci/USD/pxr/usd/usd/stage.cpp -- In </W/gen/a_apartment_long_DG4/rubble_apartment_long_DG4_elevation_S_chunk/Prototypes/concrete_slabs_p012>: Could not open asset @omniverse://airlab-nucleus.andrew.cmu.edu:443/Projects/SEI-COA/scene_gen/assets/rubble_hd/concrete_slabs/concrete_slabs_p012.usdc@ for reference introduced by @anon:0x302b0ae0:tmp.usda@</W/gen/a_apartment_long_DG4/rubble_apartment_long_DG4_elevation_S_chunk/Prototypes/concrete_slabs_p012>. (recomposing stage on stage @anon:0x302b0ae0:tmp.usda@ <0x2ffe3d30>)
Warning: in _ReportErrors at line 3172 of /builds/omniverse/usd-ci/USD/pxr/usd/usd/stage.cpp -- In </W/gen/a_apartment_long_DG4/rubble_apartment_long_DG4_elevation_S_chunk/Prototypes/brick_debris_pile_p19>: Could not open asset @omniverse://airlab-nucleus.andrew.cmu.edu:443/Projects/SEI-COA/scene_gen/assets/rubble_hd/brick_debris_pile/brick_debris_pile_p19.usdc@ for reference introduced by @anon:0x302b0ae0:tmp.usda@</W/gen/a_apartment_long_DG4/rubble_apartment_long_DG4_elevation_S_chunk/Prototypes/brick_debris_pile_p19>. (recomposing stage on stage @anon:0x302b0ae0:tmp.usda@ <0x2ffe3d30>)
Warning: in _ReportErrors at line 3172 of /builds/omniverse/usd-ci/USD/pxr/usd/usd/stage.cpp -- In </W/gen/a_apartment_long_DG4/rubble_apartment_long_DG4_elevation_S_flake/Prototypes/concrete_debris_elements_p103>: Could not open asset @omniverse://airlab-nucleus.andrew.cmu.edu:443/Projects/SEI-COA/scene_gen/assets/rubble_hd/concrete_debris_elements/concrete_debris_elements_p103.usdc@ for reference introduced by @anon:0x302b0ae0:tmp.usda@</W/gen/a_apartment_long_DG4/rubble_apartment_long_DG4_elevation_S_flake/Prototypes/concrete_debris_elements_p103>. (recomposing stage on stage @anon:0x302b0ae0:tmp.usda@ <0x2ffe3d30>)
Warning: in _ReportErrors at line 3172 of /builds/omniverse/usd-ci/USD/pxr/usd/usd/stage.cpp -- In </W/gen/a_apartment_long_DG4/rubble_apartment_long_DG4_elevation_S_flake/Prototypes/concrete_debris_elements_p023>: Could not open asset @omniverse://airlab-nucleus.andrew.cmu.edu:443/Projects/SEI-COA/scene_gen/assets/rubble_hd/concrete_debris_elements/concrete_debris_elements_p023.usdc@ for reference introduced by @anon:0x302b0ae0:tmp.usda@</W/gen/a_apartment_long_DG4/rubble_apartment_long_DG4_elevation_S_flake/Prototypes/concrete_debris_elements_p023>. (recomposing stage on stage @anon:0x302b0ae0:tmp.usda@ <0x2ffe3d30>)
Warning: in _ReportErrors at line 3172 of /builds/omniverse/usd-ci/USD/pxr/usd/usd/stage.cpp -- In </W/gen/a_apartment_long_DG4/rubble_apartment_long_DG4_elevation_S_flake/Prototypes/concrete_debris_elements_p041>: Could not open asset @omniverse://airlab-nucleus.andrew.cmu.edu:443/Projects/SEI-COA/scene_gen/assets/rubble_hd/concrete_debris_elements/concrete_debris_elements_p041.usdc@ for reference introduced by @anon:0x302b0ae0:tmp.usda@</W/gen/a_apartment_long_DG4/rubble_apartment_long_DG4_elevation_S_flake/Prototypes/concrete_debris_elements_p041>. (recomposing stage on stage @anon:0x302b0ae0:tmp.usda@ <0x2ffe3d30>)
Warning: in _ReportErrors at line 3172 of /builds/omniverse/usd-ci/USD/pxr/usd/usd/stage.cpp -- In </W/gen/a_apartment_long_DG4/rubble_apartment_long_DG4_elevation_S_flake/Prototypes/brick_debris_pile_p74>: Could not open asset @omniverse://airlab-nucleus.andrew.cmu.edu:443/Projects/SEI-COA/scene_gen/assets/rubble_hd/brick_debris_pile/brick_debris_pile_p74.usdc@ for reference introduced by @anon:0x302b0ae0:tmp.usda@</W/gen/a_apartment_long_DG4/rubble_apartment_long_DG4_elevation_S_flake/Prototypes/brick_debris_pile_p74>. (recomposing stage on stage @anon:0x302b0ae0:tmp.usda@ <0x2ffe3d30>)
Warning: in _ReportErrors at line 3172 of /builds/omniverse/usd-ci/USD/pxr/usd/usd/stage.cpp -- In </W/gen/a_apartment_long_DG4/rubble_apartment_long_DG4_elevation_S_flake/Prototypes/huge_concrete_rubble_pile_p127>: Could not open asset @omniverse://airlab-nucleus.andrew.cmu.edu:443/Projects/SEI-COA/scene_gen/assets/rubble_hd/huge_concrete_rubble_pile/huge_concrete_rubble_pile_p127.usdc@ for reference introduced by @anon:0x302b0ae0:tmp.usda@</W/gen/a_apartment_long_DG4/rubble_apartment_long_DG4_elevation_S_flake/Prototypes/huge_concrete_rubble_pile_p127>. (recomposing stage on stage @anon:0x302b0ae0:tmp.usda@ <0x2ffe3d30>)
Warning: in _ReportErrors at line 3172 of /builds/omniverse/usd-ci/USD/pxr/usd/usd/stage.cpp -- In </W/gen/a_apartment_long_DG4/rubble_apartment_long_DG4_elevation_S_flake/Prototypes/lamppost_block_p16>: Could not open asset @omniverse://airlab-nucleus.andrew.cmu.edu:443/Projects/SEI-COA/scene_gen/assets/rubble_hd/lamppost_block/lamppost_block_p16.usdc@ for reference introduced by @anon:0x302b0ae0:tmp.usda@</W/gen/a_apartment_long_DG4/rubble_apartment_long_DG4_elevation_S_flake/Prototypes/lamppost_block_p16>. (recomposing stage on stage @anon:0x302b0ae0:tmp.usda@ <0x2ffe3d30>)
Warning: in _ReportErrors at line 3172 of /builds/omniverse/usd-ci/USD/pxr/usd/usd/stage.cpp -- In </W/gen/a_apartment_long_DG4/rubble_apartment_long_DG4_elevation_S_flake/Prototypes/brick_debris_pile_p43>: Could not open asset @omniverse://airlab-nucleus.andrew.cmu.edu:443/Projects/SEI-COA/scene_gen/assets/rubble_hd/brick_debris_pile/brick_debris_pile_p43.usdc@ for reference introduced by @anon:0x302b0ae0:tmp.usda@</W/gen/a_apartment_long_DG4/rubble_apartment_long_DG4_elevation_S_flake/Prototypes/brick_debris_pile_p43>. (recomposing stage on stage @anon:0x302b0ae0:tmp.usda@ <0x2ffe3d30>)
Warning: in _ReportErrors at line 3172 of /builds/omniverse/usd-ci/USD/pxr/usd/usd/stage.cpp -- In </W/gen/a_apartment_long_DG4/rubble_apartment_long_DG4_elevation_S_flake/Prototypes/concrete_debris_elements_p092>: Could not open asset @omniverse://airlab-nucleus.andrew.cmu.edu:443/Projects/SEI-COA/scene_gen/assets/rubble_hd/concrete_debris_elements/concrete_debris_elements_p092.usdc@ for reference introduced by @anon:0x302b0ae0:tmp.usda@</W/gen/a_apartment_long_DG4/rubble_apartment_long_DG4_elevation_S_flake/Prototypes/concrete_debris_elements_p092>. (recomposing stage on stage @anon:0x302b0ae0:tmp.usda@ <0x2ffe3d30>)
Warning: in _ReportErrors at line 3172 of /builds/omniverse/usd-ci/USD/pxr/usd/usd/stage.cpp -- In </W/gen/a_apartment_long_DG4/rubble_apartment_long_DG4_elevation_S_flake/Prototypes/brick_debris_pile_p68>: Could not open asset @omniverse://airlab-nucleus.andrew.cmu.edu:443/Projects/SEI-COA/scene_gen/assets/rubble_hd/brick_debris_pile/brick_debris_pile_p68.usdc@ for reference introduced by @anon:0x302b0ae0:tmp.usda@</W/gen/a_apartment_long_DG4/rubble_apartment_long_DG4_elevation_S_flake/Prototypes/brick_debris_pile_p68>. (recomposing stage on stage @anon:0x302b0ae0:tmp.usda@ <0x2ffe3d30>)
Warning: in _ReportErrors at line 3172 of /builds/omniverse/usd-ci/USD/pxr/usd/usd/stage.cpp -- In </W/gen/a_apartment_long_DG4/rubble_apartment_long_DG4_elevation_S_flake/Prototypes/brick_debris_pile_p66>: Could not open asset @omniverse://airlab-nucleus.andrew.cmu.edu:443/Projects/SEI-COA/scene_gen/assets/rubble_hd/brick_debris_pile/brick_debris_pile_p66.usdc@ for reference introduced by @anon:0x302b0ae0:tmp.usda@</W/gen/a_apartment_long_DG4/rubble_apartment_long_DG4_elevation_S_flake/Prototypes/brick_debris_pile_p66>. (recomposing stage on stage @anon:0x302b0ae0:tmp.usda@ <0x2ffe3d30>)
Warning: in _ReportErrors at line 3172 of /builds/omniverse/usd-ci/USD/pxr/usd/usd/stage.cpp -- In </W/gen/a_apartment_long_DG4/rubble_apartment_long_DG4_elevation_S_flake/Prototypes/concrete_debris_elements_p071>: Could not open asset @omniverse://airlab-nucleus.andrew.cmu.edu:443/Projects/SEI-COA/scene_gen/assets/rubble_hd/concrete_debris_elements/concrete_debris_elements_p071.usdc@ for reference introduced by @anon:0x302b0ae0:tmp.usda@</W/gen/a_apartment_long_DG4/rubble_apartment_long_DG4_elevation_S_flake/Prototypes/concrete_debris_elements_p071>. (recomposing stage on stage @anon:0x302b0ae0:tmp.usda@ <0x2ffe3d30>)
Warning: in _ReportErrors at line 3172 of /builds/omniverse/usd-ci/USD/pxr/usd/usd/stage.cpp -- In </W/gen/a_apartment_long_DG4/rubble_apartment_long_DG4_elevation_S_flake/Prototypes/brick_debris_pile_p58>: Could not open asset @omniverse://airlab-nucleus.andrew.cmu.edu:443/Projects/SEI-COA/scene_gen/assets/rubble_hd/brick_debris_pile/brick_debris_pile_p58.usdc@ for reference introduced by @anon:0x302b0ae0:tmp.usda@</W/gen/a_apartment_long_DG4/rubble_apartment_long_DG4_elevation_S_flake/Prototypes/brick_debris_pile_p58>. (recomposing stage on stage @anon:0x302b0ae0:tmp.usda@ <0x2ffe3d30>)
Warning: in _ReportErrors at line 3172 of /builds/omniverse/usd-ci/USD/pxr/usd/usd/stage.cpp -- In </W/gen/a_apartment_long_DG4/rubble_apartment_long_DG4_elevation_S_flake/Prototypes/brick_debris_pile_p60>: Could not open asset @omniverse://airlab-nucleus.andrew.cmu.edu:443/Projects/SEI-COA/scene_gen/assets/rubble_hd/brick_debris_pile/brick_debris_pile_p60.usdc@ for reference introduced by @anon:0x302b0ae0:tmp.usda@</W/gen/a_apartment_long_DG4/rubble_apartment_long_DG4_elevation_S_flake/Prototypes/brick_debris_pile_p60>. (recomposing stage on stage @anon:0x302b0ae0:tmp.usda@ <0x2ffe3d30>)
Warning: in _ReportErrors at line 3172 of /builds/omniverse/usd-ci/USD/pxr/usd/usd/stage.cpp -- In </W/gen/a_apartment_long_DG4/rubble_apartment_long_DG4_elevation_S_flake/Prototypes/brick_debris_pile_p54>: Could not open asset @omniverse://airlab-nucleus.andrew.cmu.edu:443/Projects/SEI-COA/scene_gen/assets/rubble_hd/brick_debris_pile/brick_debris_pile_p54.usdc@ for reference introduced by @anon:0x302b0ae0:tmp.usda@</W/gen/a_apartment_long_DG4/rubble_apartment_long_DG4_elevation_S_flake/Prototypes/brick_debris_pile_p54>. (recomposing stage on stage @anon:0x302b0ae0:tmp.usda@ <0x2ffe3d30>)
Warning: in _ReportErrors at line 3172 of /builds/omniverse/usd-ci/USD/pxr/usd/usd/stage.cpp -- In </W/gen/a_apartment_long_DG4/rubble_apartment_long_DG4_elevation_S_flake/Prototypes/concrete_slabs_p122>: Could not open asset @omniverse://airlab-nucleus.andrew.cmu.edu:443/Projects/SEI-COA/scene_gen/assets/rubble_hd/concrete_slabs/concrete_slabs_p122.usdc@ for reference introduced by @anon:0x302b0ae0:tmp.usda@</W/gen/a_apartment_long_DG4/rubble_apartment_long_DG4_elevation_S_flake/Prototypes/concrete_slabs_p122>. (recomposing stage on stage @anon:0x302b0ae0:tmp.usda@ <0x2ffe3d30>)
Warning: in _ReportErrors at line 3172 of /builds/omniverse/usd-ci/USD/pxr/usd/usd/stage.cpp -- In </W/gen/a_apartment_long_DG4/rubble_apartment_long_DG4_elevation_S_flake/Prototypes/brick_debris_pile_p73>: Could not open asset @omniverse://airlab-nucleus.andrew.cmu.edu:443/Projects/SEI-COA/scene_gen/assets/rubble_hd/brick_debris_pile/brick_debris_pile_p73.usdc@ for reference introduced by @anon:0x302b0ae0:tmp.usda@</W/gen/a_apartment_long_DG4/rubble_apartment_long_DG4_elevation_S_flake/Prototypes/brick_debris_pile_p73>. (recomposing stage on stage @anon:0x302b0ae0:tmp.usda@ <0x2ffe3d30>)
Status: in Open at line 72 of /builds/omniverse/usd-resolver/source/library/OmniUsdAsset.cpp -- OmniUsdResolver: Opened asset 'omniverse://airlab-nucleus.andrew.cmu.edu:443/Projects/SEI-COA/scene_gen/assets/concrete_rubble_debris/split/brick_debris_pile/brick_debris_pile.usdc' for read
Warning: in _ReportErrors at line 3172 of /builds/omniverse/usd-ci/USD/pxr/usd/usd/stage.cpp -- In </W/gen/a_apartment_long_DG4/rubble_apartment_long_DG4_elevation_S_toe/Prototypes/cracked_paving_slabs_p13>: Could not open asset @omniverse://airlab-nucleus.andrew.cmu.edu:443/Projects/SEI-COA/scene_gen/assets/rubble_hd/cracked_paving_slabs/cracked_paving_slabs_p13.usdc@ for reference introduced by @anon:0x302b0ae0:tmp.usda@</W/gen/a_apartment_long_DG4/rubble_apartment_long_DG4_elevation_S_toe/Prototypes/cracked_paving_slabs_p13>. (recomposing stage on stage @anon:0x302b0ae0:tmp.usda@ <0x2ffe3d30>)
Warning: in _ReportErrors at line 3172 of /builds/omniverse/usd-ci/USD/pxr/usd/usd/stage.cpp -- In </W/gen/a_apartment_long_DG4/rubble_apartment_long_DG4_elevation_S_toe/Prototypes/concrete_sidewalk_elements_p36>: Could not open asset @omniverse://airlab-nucleus.andrew.cmu.edu:443/Projects/SEI-COA/scene_gen/assets/rubble_hd/concrete_sidewalk_elements/concrete_sidewalk_elements_p36.usdc@ for reference introduced by @anon:0x302b0ae0:tmp.usda@</W/gen/a_apartment_long_DG4/rubble_apartment_long_DG4_elevation_S_toe/Prototypes/concrete_sidewalk_elements_p36>. (recomposing stage on stage @anon:0x302b0ae0:tmp.usda@ <0x2ffe3d30>)
Warning: in BindingsAtPrim at line 686 of /builds/omniverse/usd-ci/USD/pxr/usd/usdShade/materialBindingAPI.cpp -- Found material bindings on prim at path (/W/gen/a_apartment_long_DG4/brk_apartment_long_DG4_bld_apartment_long_parapet_corner_6_167/frag_000) but MaterialBindingAPI is not applied on the prim
Warning: in BindingsAtPrim at line 686 of /builds/omniverse/usd-ci/USD/pxr/usd/usdShade/materialBindingAPI.cpp -- Found material bindings on prim at path (/W/gen/a_apartment_long_DG4/brk_apartment_long_DG4_bld_apartment_long_parapet_corner_6_167/frag_001) but MaterialBindingAPI is not applied on the prim
Warning: in BindingsAtPrim at line 686 of /builds/omniverse/usd-ci/USD/pxr/usd/usdShade/materialBindingAPI.cpp -- Found material bindings on prim at path (/W/gen/a_apartment_long_DG4/brk_apartment_long_DG4_bld_apartment_long_parapet_corner_6_167/frag_002) but MaterialBindingAPI is not applied on the prim
Warning: in BindingsAtPrim at line 686 of /builds/omniverse/usd-ci/USD/pxr/usd/usdShade/materialBindingAPI.cpp -- Found material bindings on prim at path (/W/gen/a_apartment_long_DG4/brk_apartment_long_DG4_bld_apartment_long_parapet_corner_6_167/frag_003) but MaterialBindingAPI is not applied on the prim
Warning: in BindingsAtPrim at line 686 of /builds/omniverse/usd-ci/USD/pxr/usd/usdShade/materialBindingAPI.cpp -- Found material bindings on prim at path (/W/gen/a_apartment_long_DG4/brk_apartment_long_DG4_bld_apartment_long_parapet_corner_6_167/frag_004) but MaterialBindingAPI is not applied on the prim
Warning: in BindingsAtPrim at line 686 of /builds/omniverse/usd-ci/USD/pxr/usd/usdShade/materialBindingAPI.cpp -- Found material bindings on prim at path (/W/gen/a_apartment_long_DG4/brk_apartment_long_DG4_bld_apartment_long_parapet_corner_6_167/frag_005) but MaterialBindingAPI is not applied on the prim
Warning: in BindingsAtPrim at line 686 of /builds/omniverse/usd-ci/USD/pxr/usd/usdShade/materialBindingAPI.cpp -- Found material bindings on prim at path (/W/gen/a_apartment_long_DG4/brk_apartment_long_DG4_bld_apartment_long_parapet_corner_6_167/frag_006) but MaterialBindingAPI is not applied on the prim
Warning: in BindingsAtPrim at line 686 of /builds/omniverse/usd-ci/USD/pxr/usd/usdShade/materialBindingAPI.cpp -- Found material bindings on prim at path (/W/gen/a_apartment_long_DG4/brk_apartment_long_DG4_bld_apartment_long_parapet_5_154/frag_000) but MaterialBindingAPI is not applied on the prim
Warning: in BindingsAtPrim at line 686 of /builds/omniverse/usd-ci/USD/pxr/usd/usdShade/materialBindingAPI.cpp -- Found material bindings on prim at path (/W/gen/a_apartment_long_DG4/brk_apartment_long_DG4_bld_apartment_long_parapet_5_154/frag_001) but MaterialBindingAPI is not applied on the prim
Warning: in BindingsAtPrim at line 686 of /builds/omniverse/usd-ci/USD/pxr/usd/usdShade/materialBindingAPI.cpp -- Found material bindings on prim at path (/W/gen/a_apartment_long_DG4/brk_apartment_long_DG4_bld_apartment_long_parapet_5_154/frag_002) but MaterialBindingAPI is not applied on the prim
Warning: in BindingsAtPrim at line 686 of /builds/omniverse/usd-ci/USD/pxr/usd/usdShade/materialBindingAPI.cpp -- Found material bindings on prim at path (/W/gen/a_apartment_long_DG4/brk_apartment_long_DG4_bld_apartment_long_parapet_5_154/frag_004) but MaterialBindingAPI is not applied on the prim
Warning: in BindingsAtPrim at line 686 of /builds/omniverse/usd-ci/USD/pxr/usd/usdShade/materialBindingAPI.cpp -- Found material bindings on prim at path (/W/gen/a_apartment_long_DG4/brk_apartment_long_DG4_bld_apartment_long_parapet_5_154/frag_005) but MaterialBindingAPI is not applied on the prim
Warning: in BindingsAtPrim at line 686 of /builds/omniverse/usd-ci/USD/pxr/usd/usdShade/materialBindingAPI.cpp -- Found material bindings on prim at path (/W/gen/a_apartment_long_DG4/brk_apartment_long_DG4_bld_apartment_long_parapet_5_155/frag_001) but MaterialBindingAPI is not applied on the prim
Warning: in BindingsAtPrim at line 686 of /builds/omniverse/usd-ci/USD/pxr/usd/usdShade/materialBindingAPI.cpp -- Found material bindings on prim at path (/W/gen/a_apartment_long_DG4/brk_apartment_long_DG4_bld_apartment_long_parapet_5_155/frag_003) but MaterialBindingAPI is not applied on the prim
Warning: in BindingsAtPrim at line 686 of /builds/omniverse/usd-ci/USD/pxr/usd/usdShade/materialBindingAPI.cpp -- Found material bindings on prim at path (/W/gen/a_apartment_long_DG4/brk_apartment_long_DG4_bld_apartment_long_parapet_5_155/frag_004) but MaterialBindingAPI is not applied on the prim
Warning: in BindingsAtPrim at line 686 of /builds/omniverse/usd-ci/USD/pxr/usd/usdShade/materialBindingAPI.cpp -- Found material bindings on prim at path (/W/gen/a_apartment_long_DG4/brk_apartment_long_DG4_bld_apartment_long_parapet_5_155/frag_005) but MaterialBindingAPI is not applied on the prim
Warning: in BindingsAtPrim at line 686 of /builds/omniverse/usd-ci/USD/pxr/usd/usdShade/materialBindingAPI.cpp -- Found material bindings on prim at path (/W/gen/a_apartment_long_DG4/brk_apartment_long_DG4_bld_apartment_long_parapet_5_156/frag_000) but MaterialBindingAPI is not applied on the prim
Warning: in BindingsAtPrim at line 686 of /builds/omniverse/usd-ci/USD/pxr/usd/usdShade/materialBindingAPI.cpp -- Found material bindings on prim at path (/W/gen/a_apartment_long_DG4/brk_apartment_long_DG4_bld_apartment_long_parapet_5_156/frag_001) but MaterialBindingAPI is not applied on the prim
Warning: in BindingsAtPrim at line 686 of /builds/omniverse/usd-ci/USD/pxr/usd/usdShade/materialBindingAPI.cpp -- Found material bindings on prim at path (/W/gen/a_apartment_long_DG4/brk_apartment_long_DG4_bld_apartment_long_parapet_5_156/frag_002) but MaterialBindingAPI is not applied on the prim
Warning: in BindingsAtPrim at line 686 of /builds/omniverse/usd-ci/USD/pxr/usd/usdShade/materialBindingAPI.cpp -- Found material bindings on prim at path (/W/gen/a_apartment_long_DG4/brk_apartment_long_DG4_bld_apartment_long_parapet_5_156/frag_003) but MaterialBindingAPI is not applied on the prim
Warning: in BindingsAtPrim at line 686 of /builds/omniverse/usd-ci/USD/pxr/usd/usdShade/materialBindingAPI.cpp -- Found material bindings on prim at path (/W/gen/a_apartment_long_DG4/brk_apartment_long_DG4_bld_apartment_long_parapet_5_156/frag_005) but MaterialBindingAPI is not applied on the prim
Warning: in BindingsAtPrim at line 686 of /builds/omniverse/usd-ci/USD/pxr/usd/usdShade/materialBindingAPI.cpp -- Found material bindings on prim at path (/W/gen/a_apartment_long_DG4/brk_apartment_long_DG4_bld_apartment_long_parapet_5_156/frag_006) but MaterialBindingAPI is not applied on the prim
Warning: in BindingsAtPrim at line 686 of /builds/omniverse/usd-ci/USD/pxr/usd/usdShade/materialBindingAPI.cpp -- Found material bindings on prim at path (/W/gen/a_apartment_long_DG4/brk_apartment_long_DG4_bld_apartment_long_parapet_5_157/frag_000) but MaterialBindingAPI is not applied on the prim
Warning: in BindingsAtPrim at line 686 of /builds/omniverse/usd-ci/USD/pxr/usd/usdShade/materialBindingAPI.cpp -- Found material bindings on prim at path (/W/gen/a_apartment_long_DG4/brk_apartment_long_DG4_bld_apartment_long_parapet_5_157/frag_001) but MaterialBindingAPI is not applied on the prim
Warning: in BindingsAtPrim at line 686 of /builds/omniverse/usd-ci/USD/pxr/usd/usdShade/materialBindingAPI.cpp -- Found material bindings on prim at path (/W/gen/a_apartment_long_DG4/brk_apartment_long_DG4_bld_apartment_long_parapet_5_157/frag_002) but MaterialBindingAPI is not applied on the prim
Warning: in BindingsAtPrim at line 686 of /builds/omniverse/usd-ci/USD/pxr/usd/usdShade/materialBindingAPI.cpp -- Found material bindings on prim at path (/W/gen/a_apartment_long_DG4/brk_apartment_long_DG4_bld_apartment_long_parapet_5_157/frag_004) but MaterialBindingAPI is not applied on the prim
Warning: in BindingsAtPrim at line 686 of /builds/omniverse/usd-ci/USD/pxr/usd/usdShade/materialBindingAPI.cpp -- Found material bindings on prim at path (/W/gen/a_apartment_long_DG4/brk_apartment_long_DG4_bld_apartment_long_parapet_5_157/frag_005) but MaterialBindingAPI is not applied on the prim
Warning: in BindingsAtPrim at line 686 of /builds/omniverse/usd-ci/USD/pxr/usd/usdShade/materialBindingAPI.cpp -- Found material bindings on prim at path (/W/gen/a_apartment_long_DG4/brk_apartment_long_DG4_bld_apartment_long_parapet_5_157/frag_006) but MaterialBindingAPI is not applied on the prim
Warning: in BindingsAtPrim at line 686 of /builds/omniverse/usd-ci/USD/pxr/usd/usdShade/materialBindingAPI.cpp -- Found material bindings on prim at path (/W/gen/a_apartment_long_DG4/brk_apartment_long_DG4_bld_apartment_long_parapet_5_158/frag_000) but MaterialBindingAPI is not applied on the prim
Warning: in BindingsAtPrim at line 686 of /builds/omniverse/usd-ci/USD/pxr/usd/usdShade/materialBindingAPI.cpp -- Found material bindings on prim at path (/W/gen/a_apartment_long_DG4/brk_apartment_long_DG4_bld_apartment_long_parapet_5_158/frag_001) but MaterialBindingAPI is not applied on the prim
Warning: in BindingsAtPrim at line 686 of /builds/omniverse/usd-ci/USD/pxr/usd/usdShade/materialBindingAPI.cpp -- Found material bindings on prim at path (/W/gen/a_apartment_long_DG4/brk_apartment_long_DG4_bld_apartment_long_parapet_5_158/frag_002) but MaterialBindingAPI is not applied on the prim
Warning: in BindingsAtPrim at line 686 of /builds/omniverse/usd-ci/USD/pxr/usd/usdShade/materialBindingAPI.cpp -- Found material bindings on prim at path (/W/gen/a_apartment_long_DG4/brk_apartment_long_DG4_bld_apartment_long_parapet_5_158/frag_003) but MaterialBindingAPI is not applied on the prim
Warning: in BindingsAtPrim at line 686 of /builds/omniverse/usd-ci/USD/pxr/usd/usdShade/materialBindingAPI.cpp -- Found material bindings on prim at path (/W/gen/a_apartment_long_DG4/brk_apartment_long_DG4_bld_apartment_long_parapet_5_158/frag_005) but MaterialBindingAPI is not applied on the prim
Warning: in BindingsAtPrim at line 686 of /builds/omniverse/usd-ci/USD/pxr/usd/usdShade/materialBindingAPI.cpp -- Found material bindings on prim at path (/W/gen/a_apartment_long_DG4/brk_apartment_long_DG4_bld_apartment_long_parapet_5_158/frag_007) but MaterialBindingAPI is not applied on the prim
Warning: in BindingsAtPrim at line 686 of /builds/omniverse/usd-ci/USD/pxr/usd/usdShade/materialBindingAPI.cpp -- Found material bindings on prim at path (/W/gen/a_apartment_long_DG4/brk_apartment_long_DG4_bld_apartment_long_parapet_5_159/frag_000) but MaterialBindingAPI is not applied on the prim
Warning: in BindingsAtPrim at line 686 of /builds/omniverse/usd-ci/USD/pxr/usd/usdShade/materialBindingAPI.cpp -- Found material bindings on prim at path (/W/gen/a_apartment_long_DG4/brk_apartment_long_DG4_bld_apartment_long_parapet_5_159/frag_001) but MaterialBindingAPI is not applied on the prim
Warning: in BindingsAtPrim at line 686 of /builds/omniverse/usd-ci/USD/pxr/usd/usdShade/materialBindingAPI.cpp -- Found material bindings on prim at path (/W/gen/a_apartment_long_DG4/brk_apartment_long_DG4_bld_apartment_long_parapet_5_159/frag_002) but MaterialBindingAPI is not applied on the prim
Warning: in BindingsAtPrim at line 686 of /builds/omniverse/usd-ci/USD/pxr/usd/usdShade/materialBindingAPI.cpp -- Found material bindings on prim at path (/W/gen/a_apartment_long_DG4/brk_apartment_long_DG4_bld_apartment_long_parapet_5_159/frag_005) but MaterialBindingAPI is not applied on the prim
Warning: in BindingsAtPrim at line 686 of /builds/omniverse/usd-ci/USD/pxr/usd/usdShade/materialBindingAPI.cpp -- Found material bindings on prim at path (/W/gen/a_apartment_long_DG4/brk_apartment_long_DG4_bld_apartment_long_parapet_5_159/frag_006) but MaterialBindingAPI is not applied on the prim
Warning: in BindingsAtPrim at line 686 of /builds/omniverse/usd-ci/USD/pxr/usd/usdShade/materialBindingAPI.cpp -- Found material bindings on prim at path (/W/gen/a_apartment_long_DG4/brk_apartment_long_DG4_bld_apartment_long_parapet_5_159/frag_007) but MaterialBindingAPI is not applied on the prim
Warning: in BindingsAtPrim at line 686 of /builds/omniverse/usd-ci/USD/pxr/usd/usdShade/materialBindingAPI.cpp -- Found material bindings on prim at path (/W/gen/a_apartment_long_DG4/brk_apartment_long_DG4_bld_apartment_long_parapet_5_160/frag_000) but MaterialBindingAPI is not applied on the prim
Warning: in BindingsAtPrim at line 686 of /builds/omniverse/usd-ci/USD/pxr/usd/usdShade/materialBindingAPI.cpp -- Found material bindings on prim at path (/W/gen/a_apartment_long_DG4/brk_apartment_long_DG4_bld_apartment_long_parapet_5_160/frag_001) but MaterialBindingAPI is not applied on the prim
Warning: in BindingsAtPrim at line 686 of /builds/omniverse/usd-ci/USD/pxr/usd/usdShade/materialBindingAPI.cpp -- Found material bindings on prim at path (/W/gen/a_apartment_long_DG4/brk_apartment_long_DG4_bld_apartment_long_parapet_5_160/frag_002) but MaterialBindingAPI is not applied on the prim
Warning: in BindingsAtPrim at line 686 of /builds/omniverse/usd-ci/USD/pxr/usd/usdShade/materialBindingAPI.cpp -- Found material bindings on prim at path (/W/gen/a_apartment_long_DG4/brk_apartment_long_DG4_bld_apartment_long_parapet_5_160/frag_003) but MaterialBindingAPI is not applied on the prim
Warning: in BindingsAtPrim at line 686 of /builds/omniverse/usd-ci/USD/pxr/usd/usdShade/materialBindingAPI.cpp -- Found material bindings on prim at path (/W/gen/a_apartment_long_DG4/brk_apartment_long_DG4_bld_apartment_long_parapet_5_160/frag_004) but MaterialBindingAPI is not applied on the prim
Warning: in BindingsAtPrim at line 686 of /builds/omniverse/usd-ci/USD/pxr/usd/usdShade/materialBindingAPI.cpp -- Found material bindings on prim at path (/W/gen/a_apartment_long_DG4/brk_apartment_long_DG4_bld_apartment_long_parapet_5_160/frag_005) but MaterialBindingAPI is not applied on the prim
Warning: in BindingsAtPrim at line 686 of /builds/omniverse/usd-ci/USD/pxr/usd/usdShade/materialBindingAPI.cpp -- Found material bindings on prim at path (/W/gen/a_apartment_long_DG4/brk_apartment_long_DG4_bld_apartment_long_parapet_5_161/frag_000) but MaterialBindingAPI is not applied on the prim
Warning: in BindingsAtPrim at line 686 of /builds/omniverse/usd-ci/USD/pxr/usd/usdShade/materialBindingAPI.cpp -- Found material bindings on prim at path (/W/gen/a_apartment_long_DG4/brk_apartment_long_DG4_bld_apartment_long_parapet_5_161/frag_002) but MaterialBindingAPI is not applied on the prim
Warning: in BindingsAtPrim at line 686 of /builds/omniverse/usd-ci/USD/pxr/usd/usdShade/materialBindingAPI.cpp -- Found material bindings on prim at path (/W/gen/a_apartment_long_DG4/brk_apartment_long_DG4_bld_apartment_long_parapet_5_161/frag_003) but MaterialBindingAPI is not applied on the prim
Warning: in BindingsAtPrim at line 686 of /builds/omniverse/usd-ci/USD/pxr/usd/usdShade/materialBindingAPI.cpp -- Found material bindings on prim at path (/W/gen/a_apartment_long_DG4/brk_apartment_long_DG4_bld_apartment_long_parapet_5_161/frag_004) but MaterialBindingAPI is not applied on the prim
Warning: in BindingsAtPrim at line 686 of /builds/omniverse/usd-ci/USD/pxr/usd/usdShade/materialBindingAPI.cpp -- Found material bindings on prim at path (/W/gen/a_apartment_long_DG4/brk_apartment_long_DG4_bld_apartment_long_parapet_5_161/frag_005) but MaterialBindingAPI is not applied on the prim
Warning: in _ReportErrors at line 3172 of /builds/omniverse/usd-ci/USD/pxr/usd/usd/stage.cpp -- In </W/gen/a_apartment_long_DG4/rubble_apartment_long_DG4_parapet_N_chunk/Prototypes/concrete_slabs_p013>: Could not open asset @omniverse://airlab-nucleus.andrew.cmu.edu:443/Projects/SEI-COA/scene_gen/assets/rubble_hd/concrete_slabs/concrete_slabs_p013.usdc@ for reference introduced by @anon:0x302b0ae0:tmp.usda@</W/gen/a_apartment_long_DG4/rubble_apartment_long_DG4_parapet_N_chunk/Prototypes/concrete_slabs_p013>. (recomposing stage on stage @anon:0x302b0ae0:tmp.usda@ <0x2ffe3d30>)
Warning: in _ReportErrors at line 3172 of /builds/omniverse/usd-ci/USD/pxr/usd/usd/stage.cpp -- In </W/gen/a_apartment_long_DG4/rubble_apartment_long_DG4_parapet_N_chunk/Prototypes/concrete_debris_elements_p005>: Could not open asset @omniverse://airlab-nucleus.andrew.cmu.edu:443/Projects/SEI-COA/scene_gen/assets/rubble_hd/concrete_debris_elements/concrete_debris_elements_p005.usdc@ for reference introduced by @anon:0x302b0ae0:tmp.usda@</W/gen/a_apartment_long_DG4/rubble_apartment_long_DG4_parapet_N_chunk/Prototypes/concrete_debris_elements_p005>. (recomposing stage on stage @anon:0x302b0ae0:tmp.usda@ <0x2ffe3d30>)
Warning: in _ReportErrors at line 3172 of /builds/omniverse/usd-ci/USD/pxr/usd/usd/stage.cpp -- In </W/gen/a_apartment_long_DG4/rubble_apartment_long_DG4_parapet_N_chunk/Prototypes/concrete_debris_elements_p006>: Could not open asset @omniverse://airlab-nucleus.andrew.cmu.edu:443/Projects/SEI-COA/scene_gen/assets/rubble_hd/concrete_debris_elements/concrete_debris_elements_p006.usdc@ for reference introduced by @anon:0x302b0ae0:tmp.usda@</W/gen/a_apartment_long_DG4/rubble_apartment_long_DG4_parapet_N_chunk/Prototypes/concrete_debris_elements_p006>. (recomposing stage on stage @anon:0x302b0ae0:tmp.usda@ <0x2ffe3d30>)
Warning: in _ReportErrors at line 3172 of /builds/omniverse/usd-ci/USD/pxr/usd/usd/stage.cpp -- In </W/gen/a_apartment_long_DG4/rubble_apartment_long_DG4_parapet_N_chunk/Prototypes/concrete_slabs_p020>: Could not open asset @omniverse://airlab-nucleus.andrew.cmu.edu:443/Projects/SEI-COA/scene_gen/assets/rubble_hd/concrete_slabs/concrete_slabs_p020.usdc@ for reference introduced by @anon:0x302b0ae0:tmp.usda@</W/gen/a_apartment_long_DG4/rubble_apartment_long_DG4_parapet_N_chunk/Prototypes/concrete_slabs_p020>. (recomposing stage on stage @anon:0x302b0ae0:tmp.usda@ <0x2ffe3d30>)
Warning: in _ReportErrors at line 3172 of /builds/omniverse/usd-ci/USD/pxr/usd/usd/stage.cpp -- In </W/gen/a_apartment_long_DG4/rubble_apartment_long_DG4_parapet_N_chunk/Prototypes/concrete_slabs_p032>: Could not open asset @omniverse://airlab-nucleus.andrew.cmu.edu:443/Projects/SEI-COA/scene_gen/assets/rubble_hd/concrete_slabs/concrete_slabs_p032.usdc@ for reference introduced by @anon:0x302b0ae0:tmp.usda@</W/gen/a_apartment_long_DG4/rubble_apartment_long_DG4_parapet_N_chunk/Prototypes/concrete_slabs_p032>. (recomposing stage on stage @anon:0x302b0ae0:tmp.usda@ <0x2ffe3d30>)
Warning: in _ReportErrors at line 3172 of /builds/omniverse/usd-ci/USD/pxr/usd/usd/stage.cpp -- In </W/gen/a_apartment_long_DG4/rubble_apartment_long_DG4_parapet_N_chunk/Prototypes/concrete_slabs_p038>: Could not open asset @omniverse://airlab-nucleus.andrew.cmu.edu:443/Projects/SEI-COA/scene_gen/assets/rubble_hd/concrete_slabs/concrete_slabs_p038.usdc@ for reference introduced by @anon:0x302b0ae0:tmp.usda@</W/gen/a_apartment_long_DG4/rubble_apartment_long_DG4_parapet_N_chunk/Prototypes/concrete_slabs_p038>. (recomposing stage on stage @anon:0x302b0ae0:tmp.usda@ <0x2ffe3d30>)
Warning: in _ReportErrors at line 3172 of /builds/omniverse/usd-ci/USD/pxr/usd/usd/stage.cpp -- In </W/gen/a_apartment_long_DG4/rubble_apartment_long_DG4_parapet_N_chunk/Prototypes/concrete_slabs_p073>: Could not open asset @omniverse://airlab-nucleus.andrew.cmu.edu:443/Projects/SEI-COA/scene_gen/assets/rubble_hd/concrete_slabs/concrete_slabs_p073.usdc@ for reference introduced by @anon:0x302b0ae0:tmp.usda@</W/gen/a_apartment_long_DG4/rubble_apartment_long_DG4_parapet_N_chunk/Prototypes/concrete_slabs_p073>. (recomposing stage on stage @anon:0x302b0ae0:tmp.usda@ <0x2ffe3d30>)
Warning: in _ReportErrors at line 3172 of /builds/omniverse/usd-ci/USD/pxr/usd/usd/stage.cpp -- In </W/gen/a_apartment_long_DG4/rubble_apartment_long_DG4_parapet_N_chunk/Prototypes/concrete_slabs_p029>: Could not open asset @omniverse://airlab-nucleus.andrew.cmu.edu:443/Projects/SEI-COA/scene_gen/assets/rubble_hd/concrete_slabs/concrete_slabs_p029.usdc@ for reference introduced by @anon:0x302b0ae0:tmp.usda@</W/gen/a_apartment_long_DG4/rubble_apartment_long_DG4_parapet_N_chunk/Prototypes/concrete_slabs_p029>. (recomposing stage on stage @anon:0x302b0ae0:tmp.usda@ <0x2ffe3d30>)
Warning: in _ReportErrors at line 3172 of /builds/omniverse/usd-ci/USD/pxr/usd/usd/stage.cpp -- In </W/gen/a_apartment_long_DG4/rubble_apartment_long_DG4_parapet_N_chunk/Prototypes/concrete_slabs_p025>: Could not open asset @omniverse://airlab-nucleus.andrew.cmu.edu:443/Projects/SEI-COA/scene_gen/assets/rubble_hd/concrete_slabs/concrete_slabs_p025.usdc@ for reference introduced by @anon:0x302b0ae0:tmp.usda@</W/gen/a_apartment_long_DG4/rubble_apartment_long_DG4_parapet_N_chunk/Prototypes/concrete_slabs_p025>. (recomposing stage on stage @anon:0x302b0ae0:tmp.usda@ <0x2ffe3d30>)
Warning: in _ReportErrors at line 3172 of /builds/omniverse/usd-ci/USD/pxr/usd/usd/stage.cpp -- In </W/gen/a_apartment_long_DG4/rubble_apartment_long_DG4_parapet_N_chunk/Prototypes/huge_concrete_rubble_pile_p073>: Could not open asset @omniverse://airlab-nucleus.andrew.cmu.edu:443/Projects/SEI-COA/scene_gen/assets/rubble_hd/huge_concrete_rubble_pile/huge_concrete_rubble_pile_p073.usdc@ for reference introduced by @anon:0x302b0ae0:tmp.usda@</W/gen/a_apartment_long_DG4/rubble_apartment_long_DG4_parapet_N_chunk/Prototypes/huge_concrete_rubble_pile_p073>. (recomposing stage on stage @anon:0x302b0ae0:tmp.usda@ <0x2ffe3d30>)
Warning: in _ReportErrors at line 3172 of /builds/omniverse/usd-ci/USD/pxr/usd/usd/stage.cpp -- In </W/gen/a_apartment_long_DG4/rubble_apartment_long_DG4_parapet_N_chunk/Prototypes/concrete_slabs_p005>: Could not open asset @omniverse://airlab-nucleus.andrew.cmu.edu:443/Projects/SEI-COA/scene_gen/assets/rubble_hd/concrete_slabs/concrete_slabs_p005.usdc@ for reference introduced by @anon:0x302b0ae0:tmp.usda@</W/gen/a_apartment_long_DG4/rubble_apartment_long_DG4_parapet_N_chunk/Prototypes/concrete_slabs_p005>. (recomposing stage on stage @anon:0x302b0ae0:tmp.usda@ <0x2ffe3d30>)
Warning: in _ReportErrors at line 3172 of /builds/omniverse/usd-ci/USD/pxr/usd/usd/stage.cpp -- In </W/gen/a_apartment_long_DG4/rubble_apartment_long_DG4_parapet_N_chunk/Prototypes/huge_concrete_rubble_pile_p027>: Could not open asset @omniverse://airlab-nucleus.andrew.cmu.edu:443/Projects/SEI-COA/scene_gen/assets/rubble_hd/huge_concrete_rubble_pile/huge_concrete_rubble_pile_p027.usdc@ for reference introduced by @anon:0x302b0ae0:tmp.usda@</W/gen/a_apartment_long_DG4/rubble_apartment_long_DG4_parapet_N_chunk/Prototypes/huge_concrete_rubble_pile_p027>. (recomposing stage on stage @anon:0x302b0ae0:tmp.usda@ <0x2ffe3d30>)
Warning: in _ReportErrors at line 3172 of /builds/omniverse/usd-ci/USD/pxr/usd/usd/stage.cpp -- In </W/gen/a_apartment_long_DG4/rubble_apartment_long_DG4_parapet_N_chunk/Prototypes/concrete_slabs_p018>: Could not open asset @omniverse://airlab-nucleus.andrew.cmu.edu:443/Projects/SEI-COA/scene_gen/assets/rubble_hd/concrete_slabs/concrete_slabs_p018.usdc@ for reference introduced by @anon:0x302b0ae0:tmp.usda@</W/gen/a_apartment_long_DG4/rubble_apartment_long_DG4_parapet_N_chunk/Prototypes/concrete_slabs_p018>. (recomposing stage on stage @anon:0x302b0ae0:tmp.usda@ <0x2ffe3d30>)
Warning: in _ReportErrors at line 3172 of /builds/omniverse/usd-ci/USD/pxr/usd/usd/stage.cpp -- In </W/gen/a_apartment_long_DG4/rubble_apartment_long_DG4_parapet_N_chunk/Prototypes/huge_concrete_rubble_pile_p026>: Could not open asset @omniverse://airlab-nucleus.andrew.cmu.edu:443/Projects/SEI-COA/scene_gen/assets/rubble_hd/huge_concrete_rubble_pile/huge_concrete_rubble_pile_p026.usdc@ for reference introduced by @anon:0x302b0ae0:tmp.usda@</W/gen/a_apartment_long_DG4/rubble_apartment_long_DG4_parapet_N_chunk/Prototypes/huge_concrete_rubble_pile_p026>. (recomposing stage on stage @anon:0x302b0ae0:tmp.usda@ <0x2ffe3d30>)
Warning: in _ReportErrors at line 3172 of /builds/omniverse/usd-ci/USD/pxr/usd/usd/stage.cpp -- In </W/gen/a_apartment_long_DG4/rubble_apartment_long_DG4_parapet_N_chunk/Prototypes/huge_concrete_rubble_pile_p056>: Could not open asset @omniverse://airlab-nucleus.andrew.cmu.edu:443/Projects/SEI-COA/scene_gen/assets/rubble_hd/huge_concrete_rubble_pile/huge_concrete_rubble_pile_p056.usdc@ for reference introduced by @anon:0x302b0ae0:tmp.usda@</W/gen/a_apartment_long_DG4/rubble_apartment_long_DG4_parapet_N_chunk/Prototypes/huge_concrete_rubble_pile_p056>. (recomposing stage on stage @anon:0x302b0ae0:tmp.usda@ <0x2ffe3d30>)
Warning: in _ReportErrors at line 3172 of /builds/omniverse/usd-ci/USD/pxr/usd/usd/stage.cpp -- In </W/gen/a_apartment_long_DG4/rubble_apartment_long_DG4_parapet_N_chunk/Prototypes/brick_debris_pile_p19>: Could not open asset @omniverse://airlab-nucleus.andrew.cmu.edu:443/Projects/SEI-COA/scene_gen/assets/rubble_hd/brick_debris_pile/brick_debris_pile_p19.usdc@ for reference introduced by @anon:0x302b0ae0:tmp.usda@</W/gen/a_apartment_long_DG4/rubble_apartment_long_DG4_parapet_N_chunk/Prototypes/brick_debris_pile_p19>. (recomposing stage on stage @anon:0x302b0ae0:tmp.usda@ <0x2ffe3d30>)
Warning: in _ReportErrors at line 3172 of /builds/omniverse/usd-ci/USD/pxr/usd/usd/stage.cpp -- In </W/gen/a_apartment_long_DG4/rubble_apartment_long_DG4_parapet_N_chunk/Prototypes/concrete_slabs_p024>: Could not open asset @omniverse://airlab-nucleus.andrew.cmu.edu:443/Projects/SEI-COA/scene_gen/assets/rubble_hd/concrete_slabs/concrete_slabs_p024.usdc@ for reference introduced by @anon:0x302b0ae0:tmp.usda@</W/gen/a_apartment_long_DG4/rubble_apartment_long_DG4_parapet_N_chunk/Prototypes/concrete_slabs_p024>. (recomposing stage on stage @anon:0x302b0ae0:tmp.usda@ <0x2ffe3d30>)
Warning: in _ReportErrors at line 3172 of /builds/omniverse/usd-ci/USD/pxr/usd/usd/stage.cpp -- In </W/gen/a_apartment_long_DG4/rubble_apartment_long_DG4_parapet_N_chunk/Prototypes/huge_concrete_rubble_pile_p038>: Could not open asset @omniverse://airlab-nucleus.andrew.cmu.edu:443/Projects/SEI-COA/scene_gen/assets/rubble_hd/huge_concrete_rubble_pile/huge_concrete_rubble_pile_p038.usdc@ for reference introduced by @anon:0x302b0ae0:tmp.usda@</W/gen/a_apartment_long_DG4/rubble_apartment_long_DG4_parapet_N_chunk/Prototypes/huge_concrete_rubble_pile_p038>. (recomposing stage on stage @anon:0x302b0ae0:tmp.usda@ <0x2ffe3d30>)
Warning: in _ReportErrors at line 3172 of /builds/omniverse/usd-ci/USD/pxr/usd/usd/stage.cpp -- In </W/gen/a_apartment_long_DG4/rubble_apartment_long_DG4_parapet_N_chunk/Prototypes/concrete_slabs_p050>: Could not open asset @omniverse://airlab-nucleus.andrew.cmu.edu:443/Projects/SEI-COA/scene_gen/assets/rubble_hd/concrete_slabs/concrete_slabs_p050.usdc@ for reference introduced by @anon:0x302b0ae0:tmp.usda@</W/gen/a_apartment_long_DG4/rubble_apartment_long_DG4_parapet_N_chunk/Prototypes/concrete_slabs_p050>. (recomposing stage on stage @anon:0x302b0ae0:tmp.usda@ <0x2ffe3d30>)
Warning: in _ReportErrors at line 3172 of /builds/omniverse/usd-ci/USD/pxr/usd/usd/stage.cpp -- In </W/gen/a_apartment_long_DG4/rubble_apartment_long_DG4_parapet_N_chunk/Prototypes/huge_concrete_rubble_pile_p016>: Could not open asset @omniverse://airlab-nucleus.andrew.cmu.edu:443/Projects/SEI-COA/scene_gen/assets/rubble_hd/huge_concrete_rubble_pile/huge_concrete_rubble_pile_p016.usdc@ for reference introduced by @anon:0x302b0ae0:tmp.usda@</W/gen/a_apartment_long_DG4/rubble_apartment_long_DG4_parapet_N_chunk/Prototypes/huge_concrete_rubble_pile_p016>. (recomposing stage on stage @anon:0x302b0ae0:tmp.usda@ <0x2ffe3d30>)
Warning: in _ReportErrors at line 3172 of /builds/omniverse/usd-ci/USD/pxr/usd/usd/stage.cpp -- In </W/gen/a_apartment_long_DG4/rubble_apartment_long_DG4_parapet_N_chunk/Prototypes/concrete_slabs_p042>: Could not open asset @omniverse://airlab-nucleus.andrew.cmu.edu:443/Projects/SEI-COA/scene_gen/assets/rubble_hd/concrete_slabs/concrete_slabs_p042.usdc@ for reference introduced by @anon:0x302b0ae0:tmp.usda@</W/gen/a_apartment_long_DG4/rubble_apartment_long_DG4_parapet_N_chunk/Prototypes/concrete_slabs_p042>. (recomposing stage on stage @anon:0x302b0ae0:tmp.usda@ <0x2ffe3d30>)
Warning: in _ReportErrors at line 3172 of /builds/omniverse/usd-ci/USD/pxr/usd/usd/stage.cpp -- In </W/gen/a_apartment_long_DG4/rubble_apartment_long_DG4_parapet_N_flake/Prototypes/concrete_slabs_p139>: Could not open asset @omniverse://airlab-nucleus.andrew.cmu.edu:443/Projects/SEI-COA/scene_gen/assets/rubble_hd/concrete_slabs/concrete_slabs_p139.usdc@ for reference introduced by @anon:0x302b0ae0:tmp.usda@</W/gen/a_apartment_long_DG4/rubble_apartment_long_DG4_parapet_N_flake/Prototypes/concrete_slabs_p139>. (recomposing stage on stage @anon:0x302b0ae0:tmp.usda@ <0x2ffe3d30>)
Warning: in _ReportErrors at line 3172 of /builds/omniverse/usd-ci/USD/pxr/usd/usd/stage.cpp -- In </W/gen/a_apartment_long_DG4/rubble_apartment_long_DG4_parapet_N_flake/Prototypes/brick_debris_pile_p68>: Could not open asset @omniverse://airlab-nucleus.andrew.cmu.edu:443/Projects/SEI-COA/scene_gen/assets/rubble_hd/brick_debris_pile/brick_debris_pile_p68.usdc@ for reference introduced by @anon:0x302b0ae0:tmp.usda@</W/gen/a_apartment_long_DG4/rubble_apartment_long_DG4_parapet_N_flake/Prototypes/brick_debris_pile_p68>. (recomposing stage on stage @anon:0x302b0ae0:tmp.usda@ <0x2ffe3d30>)
Warning: in _ReportErrors at line 3172 of /builds/omniverse/usd-ci/USD/pxr/usd/usd/stage.cpp -- In </W/gen/a_apartment_long_DG4/rubble_apartment_long_DG4_parapet_N_flake/Prototypes/brick_debris_pile_p73>: Could not open asset @omniverse://airlab-nucleus.andrew.cmu.edu:443/Projects/SEI-COA/scene_gen/assets/rubble_hd/brick_debris_pile/brick_debris_pile_p73.usdc@ for reference introduced by @anon:0x302b0ae0:tmp.usda@</W/gen/a_apartment_long_DG4/rubble_apartment_long_DG4_parapet_N_flake/Prototypes/brick_debris_pile_p73>. (recomposing stage on stage @anon:0x302b0ae0:tmp.usda@ <0x2ffe3d30>)
Warning: in _ReportErrors at line 3172 of /builds/omniverse/usd-ci/USD/pxr/usd/usd/stage.cpp -- In </W/gen/a_apartment_long_DG4/rubble_apartment_long_DG4_parapet_N_flake/Prototypes/concrete_debris_elements_p111>: Could not open asset @omniverse://airlab-nucleus.andrew.cmu.edu:443/Projects/SEI-COA/scene_gen/assets/rubble_hd/concrete_debris_elements/concrete_debris_elements_p111.usdc@ for reference introduced by @anon:0x302b0ae0:tmp.usda@</W/gen/a_apartment_long_DG4/rubble_apartment_long_DG4_parapet_N_flake/Prototypes/concrete_debris_elements_p111>. (recomposing stage on stage @anon:0x302b0ae0:tmp.usda@ <0x2ffe3d30>)
Warning: in _ReportErrors at line 3172 of /builds/omniverse/usd-ci/USD/pxr/usd/usd/stage.cpp -- In </W/gen/a_apartment_long_DG4/rubble_apartment_long_DG4_parapet_N_flake/Prototypes/brick_debris_pile_p43>: Could not open asset @omniverse://airlab-nucleus.andrew.cmu.edu:443/Projects/SEI-COA/scene_gen/assets/rubble_hd/brick_debris_pile/brick_debris_pile_p43.usdc@ for reference introduced by @anon:0x302b0ae0:tmp.usda@</W/gen/a_apartment_long_DG4/rubble_apartment_long_DG4_parapet_N_flake/Prototypes/brick_debris_pile_p43>. (recomposing stage on stage @anon:0x302b0ae0:tmp.usda@ <0x2ffe3d30>)
Warning: in _ReportErrors at line 3172 of /builds/omniverse/usd-ci/USD/pxr/usd/usd/stage.cpp -- In </W/gen/a_apartment_long_DG4/rubble_apartment_long_DG4_parapet_N_flake/Prototypes/concrete_debris_elements_p086>: Could not open asset @omniverse://airlab-nucleus.andrew.cmu.edu:443/Projects/SEI-COA/scene_gen/assets/rubble_hd/concrete_debris_elements/concrete_debris_elements_p086.usdc@ for reference introduced by @anon:0x302b0ae0:tmp.usda@</W/gen/a_apartment_long_DG4/rubble_apartment_long_DG4_parapet_N_flake/Prototypes/concrete_debris_elements_p086>. (recomposing stage on stage @anon:0x302b0ae0:tmp.usda@ <0x2ffe3d30>)
Warning: in _ReportErrors at line 3172 of /builds/omniverse/usd-ci/USD/pxr/usd/usd/stage.cpp -- In </W/gen/a_apartment_long_DG4/rubble_apartment_long_DG4_parapet_N_flake/Prototypes/concrete_slabs_p128>: Could not open asset @omniverse://airlab-nucleus.andrew.cmu.edu:443/Projects/SEI-COA/scene_gen/assets/rubble_hd/concrete_slabs/concrete_slabs_p128.usdc@ for reference introduced by @anon:0x302b0ae0:tmp.usda@</W/gen/a_apartment_long_DG4/rubble_apartment_long_DG4_parapet_N_flake/Prototypes/concrete_slabs_p128>. (recomposing stage on stage @anon:0x302b0ae0:tmp.usda@ <0x2ffe3d30>)
Warning: in _ReportErrors at line 3172 of /builds/omniverse/usd-ci/USD/pxr/usd/usd/stage.cpp -- In </W/gen/a_apartment_long_DG4/rubble_apartment_long_DG4_parapet_N_flake/Prototypes/huge_concrete_rubble_pile_p099>: Could not open asset @omniverse://airlab-nucleus.andrew.cmu.edu:443/Projects/SEI-COA/scene_gen/assets/rubble_hd/huge_concrete_rubble_pile/huge_concrete_rubble_pile_p099.usdc@ for reference introduced by @anon:0x302b0ae0:tmp.usda@</W/gen/a_apartment_long_DG4/rubble_apartment_long_DG4_parapet_N_flake/Prototypes/huge_concrete_rubble_pile_p099>. (recomposing stage on stage @anon:0x302b0ae0:tmp.usda@ <0x2ffe3d30>)
Warning: in _ReportErrors at line 3172 of /builds/omniverse/usd-ci/USD/pxr/usd/usd/stage.cpp -- In </W/gen/a_apartment_long_DG4/rubble_apartment_long_DG4_parapet_N_flake/Prototypes/brick_debris_pile_p60>: Could not open asset @omniverse://airlab-nucleus.andrew.cmu.edu:443/Projects/SEI-COA/scene_gen/assets/rubble_hd/brick_debris_pile/brick_debris_pile_p60.usdc@ for reference introduced by @anon:0x302b0ae0:tmp.usda@</W/gen/a_apartment_long_DG4/rubble_apartment_long_DG4_parapet_N_flake/Prototypes/brick_debris_pile_p60>. (recomposing stage on stage @anon:0x302b0ae0:tmp.usda@ <0x2ffe3d30>)
Warning: in _ReportErrors at line 3172 of /builds/omniverse/usd-ci/USD/pxr/usd/usd/stage.cpp -- In </W/gen/a_apartment_long_DG4/rubble_apartment_long_DG4_parapet_N_flake/Prototypes/lamppost_block_p18>: Could not open asset @omniverse://airlab-nucleus.andrew.cmu.edu:443/Projects/SEI-COA/scene_gen/assets/rubble_hd/lamppost_block/lamppost_block_p18.usdc@ for reference introduced by @anon:0x302b0ae0:tmp.usda@</W/gen/a_apartment_long_DG4/rubble_apartment_long_DG4_parapet_N_flake/Prototypes/lamppost_block_p18>. (recomposing stage on stage @anon:0x302b0ae0:tmp.usda@ <0x2ffe3d30>)
Warning: in _ReportErrors at line 3172 of /builds/omniverse/usd-ci/USD/pxr/usd/usd/stage.cpp -- In </W/gen/a_apartment_long_DG4/rubble_apartment_long_DG4_parapet_N_flake/Prototypes/brick_debris_pile_p66>: Could not open asset @omniverse://airlab-nucleus.andrew.cmu.edu:443/Projects/SEI-COA/scene_gen/assets/rubble_hd/brick_debris_pile/brick_debris_pile_p66.usdc@ for reference introduced by @anon:0x302b0ae0:tmp.usda@</W/gen/a_apartment_long_DG4/rubble_apartment_long_DG4_parapet_N_flake/Prototypes/brick_debris_pile_p66>. (recomposing stage on stage @anon:0x302b0ae0:tmp.usda@ <0x2ffe3d30>)
Warning: in _ReportErrors at line 3172 of /builds/omniverse/usd-ci/USD/pxr/usd/usd/stage.cpp -- In </W/gen/a_apartment_long_DG4/rubble_apartment_long_DG4_parapet_N_flake/Prototypes/concrete_slabs_p124>: Could not open asset @omniverse://airlab-nucleus.andrew.cmu.edu:443/Projects/SEI-COA/scene_gen/assets/rubble_hd/concrete_slabs/concrete_slabs_p124.usdc@ for reference introduced by @anon:0x302b0ae0:tmp.usda@</W/gen/a_apartment_long_DG4/rubble_apartment_long_DG4_parapet_N_flake/Prototypes/concrete_slabs_p124>. (recomposing stage on stage @anon:0x302b0ae0:tmp.usda@ <0x2ffe3d30>)
Warning: in _ReportErrors at line 3172 of /builds/omniverse/usd-ci/USD/pxr/usd/usd/stage.cpp -- In </W/gen/a_apartment_long_DG4/rubble_apartment_long_DG4_parapet_N_flake/Prototypes/brick_debris_pile_p58>: Could not open asset @omniverse://airlab-nucleus.andrew.cmu.edu:443/Projects/SEI-COA/scene_gen/assets/rubble_hd/brick_debris_pile/brick_debris_pile_p58.usdc@ for reference introduced by @anon:0x302b0ae0:tmp.usda@</W/gen/a_apartment_long_DG4/rubble_apartment_long_DG4_parapet_N_flake/Prototypes/brick_debris_pile_p58>. (recomposing stage on stage @anon:0x302b0ae0:tmp.usda@ <0x2ffe3d30>)
Warning: in _ReportErrors at line 3172 of /builds/omniverse/usd-ci/USD/pxr/usd/usd/stage.cpp -- In </W/gen/a_apartment_long_DG4/rubble_apartment_long_DG4_parapet_N_flake/Prototypes/lamppost_block_p34>: Could not open asset @omniverse://airlab-nucleus.andrew.cmu.edu:443/Projects/SEI-COA/scene_gen/assets/rubble_hd/lamppost_block/lamppost_block_p34.usdc@ for reference introduced by @anon:0x302b0ae0:tmp.usda@</W/gen/a_apartment_long_DG4/rubble_apartment_long_DG4_parapet_N_flake/Prototypes/lamppost_block_p34>. (recomposing stage on stage @anon:0x302b0ae0:tmp.usda@ <0x2ffe3d30>)
Warning: in _ReportErrors at line 3172 of /builds/omniverse/usd-ci/USD/pxr/usd/usd/stage.cpp -- In </W/gen/a_apartment_long_DG4/rubble_apartment_long_DG4_parapet_N_flake/Prototypes/brick_debris_pile_p74>: Could not open asset @omniverse://airlab-nucleus.andrew.cmu.edu:443/Projects/SEI-COA/scene_gen/assets/rubble_hd/brick_debris_pile/brick_debris_pile_p74.usdc@ for reference introduced by @anon:0x302b0ae0:tmp.usda@</W/gen/a_apartment_long_DG4/rubble_apartment_long_DG4_parapet_N_flake/Prototypes/brick_debris_pile_p74>. (recomposing stage on stage @anon:0x302b0ae0:tmp.usda@ <0x2ffe3d30>)
Warning: in _ReportErrors at line 3172 of /builds/omniverse/usd-ci/USD/pxr/usd/usd/stage.cpp -- In </W/gen/a_apartment_long_DG4/rubble_apartment_long_DG4_parapet_N_flake/Prototypes/brick_debris_pile_p54>: Could not open asset @omniverse://airlab-nucleus.andrew.cmu.edu:443/Projects/SEI-COA/scene_gen/assets/rubble_hd/brick_debris_pile/brick_debris_pile_p54.usdc@ for reference introduced by @anon:0x302b0ae0:tmp.usda@</W/gen/a_apartment_long_DG4/rubble_apartment_long_DG4_parapet_N_flake/Prototypes/brick_debris_pile_p54>. (recomposing stage on stage @anon:0x302b0ae0:tmp.usda@ <0x2ffe3d30>)
Warning: in _ReportErrors at line 3172 of /builds/omniverse/usd-ci/USD/pxr/usd/usd/stage.cpp -- In </W/gen/a_apartment_long_DG4/rubble_apartment_long_DG4_parapet_N_toe/Prototypes/concrete_sidewalk_elements_p04>: Could not open asset @omniverse://airlab-nucleus.andrew.cmu.edu:443/Projects/SEI-COA/scene_gen/assets/rubble_hd/concrete_sidewalk_elements/concrete_sidewalk_elements_p04.usdc@ for reference introduced by @anon:0x302b0ae0:tmp.usda@</W/gen/a_apartment_long_DG4/rubble_apartment_long_DG4_parapet_N_toe/Prototypes/concrete_sidewalk_elements_p04>. (recomposing stage on stage @anon:0x302b0ae0:tmp.usda@ <0x2ffe3d30>)
Warning: in _ReportErrors at line 3172 of /builds/omniverse/usd-ci/USD/pxr/usd/usd/stage.cpp -- In </W/gen/a_apartment_long_DG4/rubble_apartment_long_DG4_parapet_N_toe/Prototypes/cracked_paving_slabs_p08>: Could not open asset @omniverse://airlab-nucleus.andrew.cmu.edu:443/Projects/SEI-COA/scene_gen/assets/rubble_hd/cracked_paving_slabs/cracked_paving_slabs_p08.usdc@ for reference introduced by @anon:0x302b0ae0:tmp.usda@</W/gen/a_apartment_long_DG4/rubble_apartment_long_DG4_parapet_N_toe/Prototypes/cracked_paving_slabs_p08>. (recomposing stage on stage @anon:0x302b0ae0:tmp.usda@ <0x2ffe3d30>)
Warning: in _ReportErrors at line 3172 of /builds/omniverse/usd-ci/USD/pxr/usd/usd/stage.cpp -- In </W/gen/a_apartment_long_DG4/rubble_apartment_long_DG4_parapet_N_toe/Prototypes/concrete_sidewalk_elements_p28>: Could not open asset @omniverse://airlab-nucleus.andrew.cmu.edu:443/Projects/SEI-COA/scene_gen/assets/rubble_hd/concrete_sidewalk_elements/concrete_sidewalk_elements_p28.usdc@ for reference introduced by @anon:0x302b0ae0:tmp.usda@</W/gen/a_apartment_long_DG4/rubble_apartment_long_DG4_parapet_N_toe/Prototypes/concrete_sidewalk_elements_p28>. (recomposing stage on stage @anon:0x302b0ae0:tmp.usda@ <0x2ffe3d30>)
Warning: in BindingsAtPrim at line 686 of /builds/omniverse/usd-ci/USD/pxr/usd/usdShade/materialBindingAPI.cpp -- Found material bindings on prim at path (/W/gen/a_apartment_long_DG4/brk_apartment_long_DG4_bld_apartment_long_parapet_corner_6_166/frag_000) but MaterialBindingAPI is not applied on the prim
Warning: in BindingsAtPrim at line 686 of /builds/omniverse/usd-ci/USD/pxr/usd/usdShade/materialBindingAPI.cpp -- Found material bindings on prim at path (/W/gen/a_apartment_long_DG4/brk_apartment_long_DG4_bld_apartment_long_parapet_corner_6_166/frag_001) but MaterialBindingAPI is not applied on the prim
Warning: in BindingsAtPrim at line 686 of /builds/omniverse/usd-ci/USD/pxr/usd/usdShade/materialBindingAPI.cpp -- Found material bindings on prim at path (/W/gen/a_apartment_long_DG4/brk_apartment_long_DG4_bld_apartment_long_parapet_corner_6_166/frag_002) but MaterialBindingAPI is not applied on the prim
Warning: in BindingsAtPrim at line 686 of /builds/omniverse/usd-ci/USD/pxr/usd/usdShade/materialBindingAPI.cpp -- Found material bindings on prim at path (/W/gen/a_apartment_long_DG4/brk_apartment_long_DG4_bld_apartment_long_parapet_corner_6_166/frag_003) but MaterialBindingAPI is not applied on the prim
Warning: in BindingsAtPrim at line 686 of /builds/omniverse/usd-ci/USD/pxr/usd/usdShade/materialBindingAPI.cpp -- Found material bindings on prim at path (/W/gen/a_apartment_long_DG4/brk_apartment_long_DG4_bld_apartment_long_parapet_corner_6_166/frag_004) but MaterialBindingAPI is not applied on the prim
Warning: in _ReportErrors at line 3172 of /builds/omniverse/usd-ci/USD/pxr/usd/usd/stage.cpp -- In </W/gen/a_apartment_long_DG4/rubble_apartment_long_DG4_parapet_E_chunk/Prototypes/concrete_slabs_p027>: Could not open asset @omniverse://airlab-nucleus.andrew.cmu.edu:443/Projects/SEI-COA/scene_gen/assets/rubble_hd/concrete_slabs/concrete_slabs_p027.usdc@ for reference introduced by @anon:0x302b0ae0:tmp.usda@</W/gen/a_apartment_long_DG4/rubble_apartment_long_DG4_parapet_E_chunk/Prototypes/concrete_slabs_p027>. (recomposing stage on stage @anon:0x302b0ae0:tmp.usda@ <0x2ffe3d30>)
Warning: in _ReportErrors at line 3172 of /builds/omniverse/usd-ci/USD/pxr/usd/usd/stage.cpp -- In </W/gen/a_apartment_long_DG4/rubble_apartment_long_DG4_parapet_E_chunk/Prototypes/concrete_debris_elements_p015>: Could not open asset @omniverse://airlab-nucleus.andrew.cmu.edu:443/Projects/SEI-COA/scene_gen/assets/rubble_hd/concrete_debris_elements/concrete_debris_elements_p015.usdc@ for reference introduced by @anon:0x302b0ae0:tmp.usda@</W/gen/a_apartment_long_DG4/rubble_apartment_long_DG4_parapet_E_chunk/Prototypes/concrete_debris_elements_p015>. (recomposing stage on stage @anon:0x302b0ae0:tmp.usda@ <0x2ffe3d30>)
Warning: in _ReportErrors at line 3172 of /builds/omniverse/usd-ci/USD/pxr/usd/usd/stage.cpp -- In </W/gen/a_apartment_long_DG4/rubble_apartment_long_DG4_parapet_E_chunk/Prototypes/brick_debris_pile_p19>: Could not open asset @omniverse://airlab-nucleus.andrew.cmu.edu:443/Projects/SEI-COA/scene_gen/assets/rubble_hd/brick_debris_pile/brick_debris_pile_p19.usdc@ for reference introduced by @anon:0x302b0ae0:tmp.usda@</W/gen/a_apartment_long_DG4/rubble_apartment_long_DG4_parapet_E_chunk/Prototypes/brick_debris_pile_p19>. (recomposing stage on stage @anon:0x302b0ae0:tmp.usda@ <0x2ffe3d30>)
Warning: in _ReportErrors at line 3172 of /builds/omniverse/usd-ci/USD/pxr/usd/usd/stage.cpp -- In </W/gen/a_apartment_long_DG4/rubble_apartment_long_DG4_parapet_E_chunk/Prototypes/concrete_debris_elements_p006>: Could not open asset @omniverse://airlab-nucleus.andrew.cmu.edu:443/Projects/SEI-COA/scene_gen/assets/rubble_hd/concrete_debris_elements/concrete_debris_elements_p006.usdc@ for reference introduced by @anon:0x302b0ae0:tmp.usda@</W/gen/a_apartment_long_DG4/rubble_apartment_long_DG4_parapet_E_chunk/Prototypes/concrete_debris_elements_p006>. (recomposing stage on stage @anon:0x302b0ae0:tmp.usda@ <0x2ffe3d30>)
Warning: in _ReportErrors at line 3172 of /builds/omniverse/usd-ci/USD/pxr/usd/usd/stage.cpp -- In </W/gen/a_apartment_long_DG4/rubble_apartment_long_DG4_parapet_E_chunk/Prototypes/huge_concrete_rubble_pile_p014>: Could not open asset @omniverse://airlab-nucleus.andrew.cmu.edu:443/Projects/SEI-COA/scene_gen/assets/rubble_hd/huge_concrete_rubble_pile/huge_concrete_rubble_pile_p014.usdc@ for reference introduced by @anon:0x302b0ae0:tmp.usda@</W/gen/a_apartment_long_DG4/rubble_apartment_long_DG4_parapet_E_chunk/Prototypes/huge_concrete_rubble_pile_p014>. (recomposing stage on stage @anon:0x302b0ae0:tmp.usda@ <0x2ffe3d30>)
Warning: in _ReportErrors at line 3172 of /builds/omniverse/usd-ci/USD/pxr/usd/usd/stage.cpp -- In </W/gen/a_apartment_long_DG4/rubble_apartment_long_DG4_parapet_E_chunk/Prototypes/concrete_slabs_p005>: Could not open asset @omniverse://airlab-nucleus.andrew.cmu.edu:443/Projects/SEI-COA/scene_gen/assets/rubble_hd/concrete_slabs/concrete_slabs_p005.usdc@ for reference introduced by @anon:0x302b0ae0:tmp.usda@</W/gen/a_apartment_long_DG4/rubble_apartment_long_DG4_parapet_E_chunk/Prototypes/concrete_slabs_p005>. (recomposing stage on stage @anon:0x302b0ae0:tmp.usda@ <0x2ffe3d30>)
Warning: in _ReportErrors at line 3172 of /builds/omniverse/usd-ci/USD/pxr/usd/usd/stage.cpp -- In </W/gen/a_apartment_long_DG4/rubble_apartment_long_DG4_parapet_E_chunk/Prototypes/concrete_slabs_p043>: Could not open asset @omniverse://airlab-nucleus.andrew.cmu.edu:443/Projects/SEI-COA/scene_gen/assets/rubble_hd/concrete_slabs/concrete_slabs_p043.usdc@ for reference introduced by @anon:0x302b0ae0:tmp.usda@</W/gen/a_apartment_long_DG4/rubble_apartment_long_DG4_parapet_E_chunk/Prototypes/concrete_slabs_p043>. (recomposing stage on stage @anon:0x302b0ae0:tmp.usda@ <0x2ffe3d30>)
Warning: in _ReportErrors at line 3172 of /builds/omniverse/usd-ci/USD/pxr/usd/usd/stage.cpp -- In </W/gen/a_apartment_long_DG4/rubble_apartment_long_DG4_parapet_E_chunk/Prototypes/huge_concrete_rubble_pile_p073>: Could not open asset @omniverse://airlab-nucleus.andrew.cmu.edu:443/Projects/SEI-COA/scene_gen/assets/rubble_hd/huge_concrete_rubble_pile/huge_concrete_rubble_pile_p073.usdc@ for reference introduced by @anon:0x302b0ae0:tmp.usda@</W/gen/a_apartment_long_DG4/rubble_apartment_long_DG4_parapet_E_chunk/Prototypes/huge_concrete_rubble_pile_p073>. (recomposing stage on stage @anon:0x302b0ae0:tmp.usda@ <0x2ffe3d30>)
Warning: in _ReportErrors at line 3172 of /builds/omniverse/usd-ci/USD/pxr/usd/usd/stage.cpp -- In </W/gen/a_apartment_long_DG4/rubble_apartment_long_DG4_parapet_E_chunk/Prototypes/concrete_slabs_p028>: Could not open asset @omniverse://airlab-nucleus.andrew.cmu.edu:443/Projects/SEI-COA/scene_gen/assets/rubble_hd/concrete_slabs/concrete_slabs_p028.usdc@ for reference introduced by @anon:0x302b0ae0:tmp.usda@</W/gen/a_apartment_long_DG4/rubble_apartment_long_DG4_parapet_E_chunk/Prototypes/concrete_slabs_p028>. (recomposing stage on stage @anon:0x302b0ae0:tmp.usda@ <0x2ffe3d30>)
Warning: in _ReportErrors at line 3172 of /builds/omniverse/usd-ci/USD/pxr/usd/usd/stage.cpp -- In </W/gen/a_apartment_long_DG4/rubble_apartment_long_DG4_parapet_E_chunk/Prototypes/concrete_slabs_p024>: Could not open asset @omniverse://airlab-nucleus.andrew.cmu.edu:443/Projects/SEI-COA/scene_gen/assets/rubble_hd/concrete_slabs/concrete_slabs_p024.usdc@ for reference introduced by @anon:0x302b0ae0:tmp.usda@</W/gen/a_apartment_long_DG4/rubble_apartment_long_DG4_parapet_E_chunk/Prototypes/concrete_slabs_p024>. (recomposing stage on stage @anon:0x302b0ae0:tmp.usda@ <0x2ffe3d30>)
Warning: in _ReportErrors at line 3172 of /builds/omniverse/usd-ci/USD/pxr/usd/usd/stage.cpp -- In </W/gen/a_apartment_long_DG4/rubble_apartment_long_DG4_parapet_E_chunk/Prototypes/huge_concrete_rubble_pile_p038>: Could not open asset @omniverse://airlab-nucleus.andrew.cmu.edu:443/Projects/SEI-COA/scene_gen/assets/rubble_hd/huge_concrete_rubble_pile/huge_concrete_rubble_pile_p038.usdc@ for reference introduced by @anon:0x302b0ae0:tmp.usda@</W/gen/a_apartment_long_DG4/rubble_apartment_long_DG4_parapet_E_chunk/Prototypes/huge_concrete_rubble_pile_p038>. (recomposing stage on stage @anon:0x302b0ae0:tmp.usda@ <0x2ffe3d30>)
Warning: in _ReportErrors at line 3172 of /builds/omniverse/usd-ci/USD/pxr/usd/usd/stage.cpp -- In </W/gen/a_apartment_long_DG4/rubble_apartment_long_DG4_parapet_E_flake/Prototypes/concrete_slabs_p144>: Could not open asset @omniverse://airlab-nucleus.andrew.cmu.edu:443/Projects/SEI-COA/scene_gen/assets/rubble_hd/concrete_slabs/concrete_slabs_p144.usdc@ for reference introduced by @anon:0x302b0ae0:tmp.usda@</W/gen/a_apartment_long_DG4/rubble_apartment_long_DG4_parapet_E_flake/Prototypes/concrete_slabs_p144>. (recomposing stage on stage @anon:0x302b0ae0:tmp.usda@ <0x2ffe3d30>)
Warning: in _ReportErrors at line 3172 of /builds/omniverse/usd-ci/USD/pxr/usd/usd/stage.cpp -- In </W/gen/a_apartment_long_DG4/rubble_apartment_long_DG4_parapet_E_flake/Prototypes/brick_debris_pile_p68>: Could not open asset @omniverse://airlab-nucleus.andrew.cmu.edu:443/Projects/SEI-COA/scene_gen/assets/rubble_hd/brick_debris_pile/brick_debris_pile_p68.usdc@ for reference introduced by @anon:0x302b0ae0:tmp.usda@</W/gen/a_apartment_long_DG4/rubble_apartment_long_DG4_parapet_E_flake/Prototypes/brick_debris_pile_p68>. (recomposing stage on stage @anon:0x302b0ae0:tmp.usda@ <0x2ffe3d30>)
Warning: in _ReportErrors at line 3172 of /builds/omniverse/usd-ci/USD/pxr/usd/usd/stage.cpp -- In </W/gen/a_apartment_long_DG4/rubble_apartment_long_DG4_parapet_E_flake/Prototypes/brick_debris_pile_p66>: Could not open asset @omniverse://airlab-nucleus.andrew.cmu.edu:443/Projects/SEI-COA/scene_gen/assets/rubble_hd/brick_debris_pile/brick_debris_pile_p66.usdc@ for reference introduced by @anon:0x302b0ae0:tmp.usda@</W/gen/a_apartment_long_DG4/rubble_apartment_long_DG4_parapet_E_flake/Prototypes/brick_debris_pile_p66>. (recomposing stage on stage @anon:0x302b0ae0:tmp.usda@ <0x2ffe3d30>)
Warning: in _ReportErrors at line 3172 of /builds/omniverse/usd-ci/USD/pxr/usd/usd/stage.cpp -- In </W/gen/a_apartment_long_DG4/rubble_apartment_long_DG4_parapet_E_flake/Prototypes/concrete_debris_elements_p030>: Could not open asset @omniverse://airlab-nucleus.andrew.cmu.edu:443/Projects/SEI-COA/scene_gen/assets/rubble_hd/concrete_debris_elements/concrete_debris_elements_p030.usdc@ for reference introduced by @anon:0x302b0ae0:tmp.usda@</W/gen/a_apartment_long_DG4/rubble_apartment_long_DG4_parapet_E_flake/Prototypes/concrete_debris_elements_p030>. (recomposing stage on stage @anon:0x302b0ae0:tmp.usda@ <0x2ffe3d30>)
Warning: in _ReportErrors at line 3172 of /builds/omniverse/usd-ci/USD/pxr/usd/usd/stage.cpp -- In </W/gen/a_apartment_long_DG4/rubble_apartment_long_DG4_parapet_E_flake/Prototypes/lamppost_block_p25>: Could not open asset @omniverse://airlab-nucleus.andrew.cmu.edu:443/Projects/SEI-COA/scene_gen/assets/rubble_hd/lamppost_block/lamppost_block_p25.usdc@ for reference introduced by @anon:0x302b0ae0:tmp.usda@</W/gen/a_apartment_long_DG4/rubble_apartment_long_DG4_parapet_E_flake/Prototypes/lamppost_block_p25>. (recomposing stage on stage @anon:0x302b0ae0:tmp.usda@ <0x2ffe3d30>)
Warning: in _ReportErrors at line 3172 of /builds/omniverse/usd-ci/USD/pxr/usd/usd/stage.cpp -- In </W/gen/a_apartment_long_DG4/rubble_apartment_long_DG4_parapet_E_flake/Prototypes/lamppost_block_p21>: Could not open asset @omniverse://airlab-nucleus.andrew.cmu.edu:443/Projects/SEI-COA/scene_gen/assets/rubble_hd/lamppost_block/lamppost_block_p21.usdc@ for reference introduced by @anon:0x302b0ae0:tmp.usda@</W/gen/a_apartment_long_DG4/rubble_apartment_long_DG4_parapet_E_flake/Prototypes/lamppost_block_p21>. (recomposing stage on stage @anon:0x302b0ae0:tmp.usda@ <0x2ffe3d30>)
Warning: in _ReportErrors at line 3172 of /builds/omniverse/usd-ci/USD/pxr/usd/usd/stage.cpp -- In </W/gen/a_apartment_long_DG4/rubble_apartment_long_DG4_parapet_E_flake/Prototypes/concrete_slabs_p138>: Could not open asset @omniverse://airlab-nucleus.andrew.cmu.edu:443/Projects/SEI-COA/scene_gen/assets/rubble_hd/concrete_slabs/concrete_slabs_p138.usdc@ for reference introduced by @anon:0x302b0ae0:tmp.usda@</W/gen/a_apartment_long_DG4/rubble_apartment_long_DG4_parapet_E_flake/Prototypes/concrete_slabs_p138>. (recomposing stage on stage @anon:0x302b0ae0:tmp.usda@ <0x2ffe3d30>)
Warning: in _ReportErrors at line 3172 of /builds/omniverse/usd-ci/USD/pxr/usd/usd/stage.cpp -- In </W/gen/a_apartment_long_DG4/rubble_apartment_long_DG4_parapet_E_flake/Prototypes/concrete_slabs_p147>: Could not open asset @omniverse://airlab-nucleus.andrew.cmu.edu:443/Projects/SEI-COA/scene_gen/assets/rubble_hd/concrete_slabs/concrete_slabs_p147.usdc@ for reference introduced by @anon:0x302b0ae0:tmp.usda@</W/gen/a_apartment_long_DG4/rubble_apartment_long_DG4_parapet_E_flake/Prototypes/concrete_slabs_p147>. (recomposing stage on stage @anon:0x302b0ae0:tmp.usda@ <0x2ffe3d30>)
Warning: in _ReportErrors at line 3172 of /builds/omniverse/usd-ci/USD/pxr/usd/usd/stage.cpp -- In </W/gen/a_apartment_long_DG4/rubble_apartment_long_DG4_parapet_E_flake/Prototypes/brick_debris_pile_p43>: Could not open asset @omniverse://airlab-nucleus.andrew.cmu.edu:443/Projects/SEI-COA/scene_gen/assets/rubble_hd/brick_debris_pile/brick_debris_pile_p43.usdc@ for reference introduced by @anon:0x302b0ae0:tmp.usda@</W/gen/a_apartment_long_DG4/rubble_apartment_long_DG4_parapet_E_flake/Prototypes/brick_debris_pile_p43>. (recomposing stage on stage @anon:0x302b0ae0:tmp.usda@ <0x2ffe3d30>)
Warning: in _ReportErrors at line 3172 of /builds/omniverse/usd-ci/USD/pxr/usd/usd/stage.cpp -- In </W/gen/a_apartment_long_DG4/rubble_apartment_long_DG4_parapet_E_flake/Prototypes/brick_debris_pile_p74>: Could not open asset @omniverse://airlab-nucleus.andrew.cmu.edu:443/Projects/SEI-COA/scene_gen/assets/rubble_hd/brick_debris_pile/brick_debris_pile_p74.usdc@ for reference introduced by @anon:0x302b0ae0:tmp.usda@</W/gen/a_apartment_long_DG4/rubble_apartment_long_DG4_parapet_E_flake/Prototypes/brick_debris_pile_p74>. (recomposing stage on stage @anon:0x302b0ae0:tmp.usda@ <0x2ffe3d30>)
Warning: in _ReportErrors at line 3172 of /builds/omniverse/usd-ci/USD/pxr/usd/usd/stage.cpp -- In </W/gen/a_apartment_long_DG4/rubble_apartment_long_DG4_parapet_E_flake/Prototypes/brick_debris_pile_p54>: Could not open asset @omniverse://airlab-nucleus.andrew.cmu.edu:443/Projects/SEI-COA/scene_gen/assets/rubble_hd/brick_debris_pile/brick_debris_pile_p54.usdc@ for reference introduced by @anon:0x302b0ae0:tmp.usda@</W/gen/a_apartment_long_DG4/rubble_apartment_long_DG4_parapet_E_flake/Prototypes/brick_debris_pile_p54>. (recomposing stage on stage @anon:0x302b0ae0:tmp.usda@ <0x2ffe3d30>)
Warning: in _ReportErrors at line 3172 of /builds/omniverse/usd-ci/USD/pxr/usd/usd/stage.cpp -- In </W/gen/a_apartment_long_DG4/rubble_apartment_long_DG4_parapet_E_flake/Prototypes/brick_debris_pile_p60>: Could not open asset @omniverse://airlab-nucleus.andrew.cmu.edu:443/Projects/SEI-COA/scene_gen/assets/rubble_hd/brick_debris_pile/brick_debris_pile_p60.usdc@ for reference introduced by @anon:0x302b0ae0:tmp.usda@</W/gen/a_apartment_long_DG4/rubble_apartment_long_DG4_parapet_E_flake/Prototypes/brick_debris_pile_p60>. (recomposing stage on stage @anon:0x302b0ae0:tmp.usda@ <0x2ffe3d30>)
Warning: in _ReportErrors at line 3172 of /builds/omniverse/usd-ci/USD/pxr/usd/usd/stage.cpp -- In </W/gen/a_apartment_long_DG4/rubble_apartment_long_DG4_parapet_E_flake/Prototypes/huge_concrete_rubble_pile_p176>: Could not open asset @omniverse://airlab-nucleus.andrew.cmu.edu:443/Projects/SEI-COA/scene_gen/assets/rubble_hd/huge_concrete_rubble_pile/huge_concrete_rubble_pile_p176.usdc@ for reference introduced by @anon:0x302b0ae0:tmp.usda@</W/gen/a_apartment_long_DG4/rubble_apartment_long_DG4_parapet_E_flake/Prototypes/huge_concrete_rubble_pile_p176>. (recomposing stage on stage @anon:0x302b0ae0:tmp.usda@ <0x2ffe3d30>)
Warning: in _ReportErrors at line 3172 of /builds/omniverse/usd-ci/USD/pxr/usd/usd/stage.cpp -- In </W/gen/a_apartment_long_DG4/rubble_apartment_long_DG4_parapet_E_toe/Prototypes/cracked_paving_slabs_p78>: Could not open asset @omniverse://airlab-nucleus.andrew.cmu.edu:443/Projects/SEI-COA/scene_gen/assets/rubble_hd/cracked_paving_slabs/cracked_paving_slabs_p78.usdc@ for reference introduced by @anon:0x302b0ae0:tmp.usda@</W/gen/a_apartment_long_DG4/rubble_apartment_long_DG4_parapet_E_toe/Prototypes/cracked_paving_slabs_p78>. (recomposing stage on stage @anon:0x302b0ae0:tmp.usda@ <0x2ffe3d30>)
Warning: in _ReportErrors at line 3172 of /builds/omniverse/usd-ci/USD/pxr/usd/usd/stage.cpp -- In </W/gen/a_apartment_long_DG4/rubble_apartment_long_DG4_parapet_E_toe/Prototypes/cracked_paving_slabs_p69>: Could not open asset @omniverse://airlab-nucleus.andrew.cmu.edu:443/Projects/SEI-COA/scene_gen/assets/rubble_hd/cracked_paving_slabs/cracked_paving_slabs_p69.usdc@ for reference introduced by @anon:0x302b0ae0:tmp.usda@</W/gen/a_apartment_long_DG4/rubble_apartment_long_DG4_parapet_E_toe/Prototypes/cracked_paving_slabs_p69>. (recomposing stage on stage @anon:0x302b0ae0:tmp.usda@ <0x2ffe3d30>)
Warning: in _ReportErrors at line 3172 of /builds/omniverse/usd-ci/USD/pxr/usd/usd/stage.cpp -- In </W/gen/a_apartment_long_DG4/rubble_apartment_long_DG4_parapet_E_toe/Prototypes/concrete_sidewalk_elements_p07>: Could not open asset @omniverse://airlab-nucleus.andrew.cmu.edu:443/Projects/SEI-COA/scene_gen/assets/rubble_hd/concrete_sidewalk_elements/concrete_sidewalk_elements_p07.usdc@ for reference introduced by @anon:0x302b0ae0:tmp.usda@</W/gen/a_apartment_long_DG4/rubble_apartment_long_DG4_parapet_E_toe/Prototypes/concrete_sidewalk_elements_p07>. (recomposing stage on stage @anon:0x302b0ae0:tmp.usda@ <0x2ffe3d30>)
Warning: in _ReportErrors at line 3172 of /builds/omniverse/usd-ci/USD/pxr/usd/usd/stage.cpp -- In </W/gen/a_apartment_long_DG4/rubble_apartment_long_DG4_parapet_E_toe/Prototypes/concrete_sidewalk_elements_p16>: Could not open asset @omniverse://airlab-nucleus.andrew.cmu.edu:443/Projects/SEI-COA/scene_gen/assets/rubble_hd/concrete_sidewalk_elements/concrete_sidewalk_elements_p16.usdc@ for reference introduced by @anon:0x302b0ae0:tmp.usda@</W/gen/a_apartment_long_DG4/rubble_apartment_long_DG4_parapet_E_toe/Prototypes/concrete_sidewalk_elements_p16>. (recomposing stage on stage @anon:0x302b0ae0:tmp.usda@ <0x2ffe3d30>)
Warning: in BindingsAtPrim at line 686 of /builds/omniverse/usd-ci/USD/pxr/usd/usdShade/materialBindingAPI.cpp -- Found material bindings on prim at path (/W/gen/a_apartment_long_DG4/roofslab_apartment_long_DG4_bld_apartment_long_roof_7_169) but MaterialBindingAPI is not applied on the prim
Warning: in BindingsAtPrim at line 686 of /builds/omniverse/usd-ci/USD/pxr/usd/usdShade/materialBindingAPI.cpp -- Found material bindings on prim at path (/W/gen/a_apartment_long_DG4/roofslab_apartment_long_DG4_bld_apartment_long_roof_7_169) but MaterialBindingAPI is not applied on the prim
Warning: in BindingsAtPrim at line 686 of /builds/omniverse/usd-ci/USD/pxr/usd/usdShade/materialBindingAPI.cpp -- Found material bindings on prim at path (/W/gen/a_apartment_long_DG4/roofslab_apartment_long_DG4_bld_apartment_long_roof_7_170) but MaterialBindingAPI is not applied on the prim
Warning: in BindingsAtPrim at line 686 of /builds/omniverse/usd-ci/USD/pxr/usd/usdShade/materialBindingAPI.cpp -- Found material bindings on prim at path (/W/gen/a_apartment_long_DG4/roofslab_apartment_long_DG4_bld_apartment_long_roof_7_170) but MaterialBindingAPI is not applied on the prim
Warning: in BindingsAtPrim at line 686 of /builds/omniverse/usd-ci/USD/pxr/usd/usdShade/materialBindingAPI.cpp -- Found material bindings on prim at path (/W/gen/a_apartment_long_DG4/roofslab_apartment_long_DG4_bld_apartment_long_roof_7_172) but MaterialBindingAPI is not applied on the prim
Warning: in BindingsAtPrim at line 686 of /builds/omniverse/usd-ci/USD/pxr/usd/usdShade/materialBindingAPI.cpp -- Found material bindings on prim at path (/W/gen/a_apartment_long_DG4/roofslab_apartment_long_DG4_bld_apartment_long_roof_7_172) but MaterialBindingAPI is not applied on the prim
Warning: in BindingsAtPrim at line 686 of /builds/omniverse/usd-ci/USD/pxr/usd/usdShade/materialBindingAPI.cpp -- Found material bindings on prim at path (/W/gen/a_apartment_long_DG4/roofslab_apartment_long_DG4_bld_apartment_long_roof_7_173) but MaterialBindingAPI is not applied on the prim
Warning: in BindingsAtPrim at line 686 of /builds/omniverse/usd-ci/USD/pxr/usd/usdShade/materialBindingAPI.cpp -- Found material bindings on prim at path (/W/gen/a_apartment_long_DG4/roofslab_apartment_long_DG4_bld_apartment_long_roof_7_173) but MaterialBindingAPI is not applied on the prim
Warning: in BindingsAtPrim at line 686 of /builds/omniverse/usd-ci/USD/pxr/usd/usdShade/materialBindingAPI.cpp -- Found material bindings on prim at path (/W/gen/a_apartment_long_DG4/roofslab_apartment_long_DG4_bld_apartment_long_roof_7_175) but MaterialBindingAPI is not applied on the prim
Warning: in BindingsAtPrim at line 686 of /builds/omniverse/usd-ci/USD/pxr/usd/usdShade/materialBindingAPI.cpp -- Found material bindings on prim at path (/W/gen/a_apartment_long_DG4/roofslab_apartment_long_DG4_bld_apartment_long_roof_7_175) but MaterialBindingAPI is not applied on the prim
Warning: in BindingsAtPrim at line 686 of /builds/omniverse/usd-ci/USD/pxr/usd/usdShade/materialBindingAPI.cpp -- Found material bindings on prim at path (/W/gen/a_apartment_long_DG4/roofslab_apartment_long_DG4_bld_apartment_long_roof_7_176) but MaterialBindingAPI is not applied on the prim
Warning: in BindingsAtPrim at line 686 of /builds/omniverse/usd-ci/USD/pxr/usd/usdShade/materialBindingAPI.cpp -- Found material bindings on prim at path (/W/gen/a_apartment_long_DG4/roofslab_apartment_long_DG4_bld_apartment_long_roof_7_176) but MaterialBindingAPI is not applied on the prim
Warning: in BindingsAtPrim at line 686 of /builds/omniverse/usd-ci/USD/pxr/usd/usdShade/materialBindingAPI.cpp -- Found material bindings on prim at path (/W/gen/a_apartment_long_DG4/roofslab_apartment_long_DG4_bld_apartment_long_roof_7_178) but MaterialBindingAPI is not applied on the prim
Warning: in BindingsAtPrim at line 686 of /builds/omniverse/usd-ci/USD/pxr/usd/usdShade/materialBindingAPI.cpp -- Found material bindings on prim at path (/W/gen/a_apartment_long_DG4/roofslab_apartment_long_DG4_bld_apartment_long_roof_7_178) but MaterialBindingAPI is not applied on the prim
Warning: in BindingsAtPrim at line 686 of /builds/omniverse/usd-ci/USD/pxr/usd/usdShade/materialBindingAPI.cpp -- Found material bindings on prim at path (/W/gen/a_apartment_long_DG4/roofslab_apartment_long_DG4_bld_apartment_long_roof_7_179) but MaterialBindingAPI is not applied on the prim
Warning: in BindingsAtPrim at line 686 of /builds/omniverse/usd-ci/USD/pxr/usd/usdShade/materialBindingAPI.cpp -- Found material bindings on prim at path (/W/gen/a_apartment_long_DG4/roofslab_apartment_long_DG4_bld_apartment_long_roof_7_179) but MaterialBindingAPI is not applied on the prim
Warning: in BindingsAtPrim at line 686 of /builds/omniverse/usd-ci/USD/pxr/usd/usdShade/materialBindingAPI.cpp -- Found material bindings on prim at path (/W/gen/a_apartment_long_DG4/roofslab_apartment_long_DG4_bld_apartment_long_roof_7_181) but MaterialBindingAPI is not applied on the prim
Warning: in BindingsAtPrim at line 686 of /builds/omniverse/usd-ci/USD/pxr/usd/usdShade/materialBindingAPI.cpp -- Found material bindings on prim at path (/W/gen/a_apartment_long_DG4/roofslab_apartment_long_DG4_bld_apartment_long_roof_7_181) but MaterialBindingAPI is not applied on the prim
Warning: in BindingsAtPrim at line 686 of /builds/omniverse/usd-ci/USD/pxr/usd/usdShade/materialBindingAPI.cpp -- Found material bindings on prim at path (/W/gen/a_apartment_long_DG4/roofslab_apartment_long_DG4_bld_apartment_long_roof_7_182) but MaterialBindingAPI is not applied on the prim
Warning: in BindingsAtPrim at line 686 of /builds/omniverse/usd-ci/USD/pxr/usd/usdShade/materialBindingAPI.cpp -- Found material bindings on prim at path (/W/gen/a_apartment_long_DG4/roofslab_apartment_long_DG4_bld_apartment_long_roof_7_182) but MaterialBindingAPI is not applied on the prim
Warning: in BindingsAtPrim at line 686 of /builds/omniverse/usd-ci/USD/pxr/usd/usdShade/materialBindingAPI.cpp -- Found material bindings on prim at path (/W/gen/a_apartment_long_DG4/roofslab_apartment_long_DG4_bld_apartment_long_roof_7_184) but MaterialBindingAPI is not applied on the prim
Warning: in BindingsAtPrim at line 686 of /builds/omniverse/usd-ci/USD/pxr/usd/usdShade/materialBindingAPI.cpp -- Found material bindings on prim at path (/W/gen/a_apartment_long_DG4/roofslab_apartment_long_DG4_bld_apartment_long_roof_7_184) but MaterialBindingAPI is not applied on the prim
Warning: in BindingsAtPrim at line 686 of /builds/omniverse/usd-ci/USD/pxr/usd/usdShade/materialBindingAPI.cpp -- Found material bindings on prim at path (/W/gen/a_apartment_long_DG4/roofslab_apartment_long_DG4_bld_apartment_long_roof_7_185) but MaterialBindingAPI is not applied on the prim
Warning: in BindingsAtPrim at line 686 of /builds/omniverse/usd-ci/USD/pxr/usd/usdShade/materialBindingAPI.cpp -- Found material bindings on prim at path (/W/gen/a_apartment_long_DG4/roofslab_apartment_long_DG4_bld_apartment_long_roof_7_185) but MaterialBindingAPI is not applied on the prim
Warning: in BindingsAtPrim at line 686 of /builds/omniverse/usd-ci/USD/pxr/usd/usdShade/materialBindingAPI.cpp -- Found material bindings on prim at path (/W/gen/a_apartment_long_DG4/roofslab_apartment_long_DG4_bld_apartment_long_roof_7_187) but MaterialBindingAPI is not applied on the prim
Warning: in BindingsAtPrim at line 686 of /builds/omniverse/usd-ci/USD/pxr/usd/usdShade/materialBindingAPI.cpp -- Found material bindings on prim at path (/W/gen/a_apartment_long_DG4/roofslab_apartment_long_DG4_bld_apartment_long_roof_7_187) but MaterialBindingAPI is not applied on the prim
Warning: in BindingsAtPrim at line 686 of /builds/omniverse/usd-ci/USD/pxr/usd/usdShade/materialBindingAPI.cpp -- Found material bindings on prim at path (/W/gen/a_apartment_long_DG4/roofslab_apartment_long_DG4_bld_apartment_long_roof_7_188) but MaterialBindingAPI is not applied on the prim
Warning: in BindingsAtPrim at line 686 of /builds/omniverse/usd-ci/USD/pxr/usd/usdShade/materialBindingAPI.cpp -- Found material bindings on prim at path (/W/gen/a_apartment_long_DG4/roofslab_apartment_long_DG4_bld_apartment_long_roof_7_188) but MaterialBindingAPI is not applied on the prim
Warning: in BindingsAtPrim at line 686 of /builds/omniverse/usd-ci/USD/pxr/usd/usdShade/materialBindingAPI.cpp -- Found material bindings on prim at path (/W/gen/a_apartment_long_DG4/roofslab_apartment_long_DG4_bld_apartment_long_roof_7_190) but MaterialBindingAPI is not applied on the prim
Warning: in BindingsAtPrim at line 686 of /builds/omniverse/usd-ci/USD/pxr/usd/usdShade/materialBindingAPI.cpp -- Found material bindings on prim at path (/W/gen/a_apartment_long_DG4/roofslab_apartment_long_DG4_bld_apartment_long_roof_7_190) but MaterialBindingAPI is not applied on the prim
Warning: in BindingsAtPrim at line 686 of /builds/omniverse/usd-ci/USD/pxr/usd/usdShade/materialBindingAPI.cpp -- Found material bindings on prim at path (/W/gen/a_apartment_long_DG4/roofslab_apartment_long_DG4_bld_apartment_long_roof_7_191) but MaterialBindingAPI is not applied on the prim
Warning: in BindingsAtPrim at line 686 of /builds/omniverse/usd-ci/USD/pxr/usd/usdShade/materialBindingAPI.cpp -- Found material bindings on prim at path (/W/gen/a_apartment_long_DG4/roofslab_apartment_long_DG4_bld_apartment_long_roof_7_191) but MaterialBindingAPI is not applied on the prim
Warning: in BindingsAtPrim at line 686 of /builds/omniverse/usd-ci/USD/pxr/usd/usdShade/materialBindingAPI.cpp -- Found material bindings on prim at path (/W/gen/a_apartment_long_DG4/roofslab_apartment_long_DG4_bld_apartment_long_roof_7_193) but MaterialBindingAPI is not applied on the prim
Warning: in BindingsAtPrim at line 686 of /builds/omniverse/usd-ci/USD/pxr/usd/usdShade/materialBindingAPI.cpp -- Found material bindings on prim at path (/W/gen/a_apartment_long_DG4/roofslab_apartment_long_DG4_bld_apartment_long_roof_7_193) but MaterialBindingAPI is not applied on the prim
Warning: in BindingsAtPrim at line 686 of /builds/omniverse/usd-ci/USD/pxr/usd/usdShade/materialBindingAPI.cpp -- Found material bindings on prim at path (/W/gen/a_apartment_long_DG4/roofslab_apartment_long_DG4_bld_apartment_long_roof_7_194) but MaterialBindingAPI is not applied on the prim
Warning: in BindingsAtPrim at line 686 of /builds/omniverse/usd-ci/USD/pxr/usd/usdShade/materialBindingAPI.cpp -- Found material bindings on prim at path (/W/gen/a_apartment_long_DG4/roofslab_apartment_long_DG4_bld_apartment_long_roof_7_194) but MaterialBindingAPI is not applied on the prim
Warning: in BindingsAtPrim at line 686 of /builds/omniverse/usd-ci/USD/pxr/usd/usdShade/materialBindingAPI.cpp -- Found material bindings on prim at path (/W/gen/a_apartment_long_DG4/roofslab_apartment_long_DG4_bld_apartment_long_roof_7_168_rem12) but MaterialBindingAPI is not applied on the prim
Warning: in BindingsAtPrim at line 686 of /builds/omniverse/usd-ci/USD/pxr/usd/usdShade/materialBindingAPI.cpp -- Found material bindings on prim at path (/W/gen/a_apartment_long_DG4/roofslab_apartment_long_DG4_bld_apartment_long_roof_7_168_rem12) but MaterialBindingAPI is not applied on the prim
Warning: in BindingsAtPrim at line 686 of /builds/omniverse/usd-ci/USD/pxr/usd/usdShade/materialBindingAPI.cpp -- Found material bindings on prim at path (/W/gen/a_apartment_long_DG4/roofslab_apartment_long_DG4_bld_apartment_long_roof_7_171_rem14) but MaterialBindingAPI is not applied on the prim
Warning: in BindingsAtPrim at line 686 of /builds/omniverse/usd-ci/USD/pxr/usd/usdShade/materialBindingAPI.cpp -- Found material bindings on prim at path (/W/gen/a_apartment_long_DG4/roofslab_apartment_long_DG4_bld_apartment_long_roof_7_171_rem14) but MaterialBindingAPI is not applied on the prim
Warning: in BindingsAtPrim at line 686 of /builds/omniverse/usd-ci/USD/pxr/usd/usdShade/materialBindingAPI.cpp -- Found material bindings on prim at path (/W/gen/a_apartment_long_DG4/roofslab_apartment_long_DG4_bld_apartment_long_roof_7_174_rem16) but MaterialBindingAPI is not applied on the prim
Warning: in BindingsAtPrim at line 686 of /builds/omniverse/usd-ci/USD/pxr/usd/usdShade/materialBindingAPI.cpp -- Found material bindings on prim at path (/W/gen/a_apartment_long_DG4/roofslab_apartment_long_DG4_bld_apartment_long_roof_7_174_rem16) but MaterialBindingAPI is not applied on the prim
Warning: in BindingsAtPrim at line 686 of /builds/omniverse/usd-ci/USD/pxr/usd/usdShade/materialBindingAPI.cpp -- Found material bindings on prim at path (/W/gen/a_apartment_long_DG4/roofslab_apartment_long_DG4_bld_apartment_long_roof_7_177_rem18) but MaterialBindingAPI is not applied on the prim
Warning: in BindingsAtPrim at line 686 of /builds/omniverse/usd-ci/USD/pxr/usd/usdShade/materialBindingAPI.cpp -- Found material bindings on prim at path (/W/gen/a_apartment_long_DG4/roofslab_apartment_long_DG4_bld_apartment_long_roof_7_177_rem18) but MaterialBindingAPI is not applied on the prim
Warning: in BindingsAtPrim at line 686 of /builds/omniverse/usd-ci/USD/pxr/usd/usdShade/materialBindingAPI.cpp -- Found material bindings on prim at path (/W/gen/a_apartment_long_DG4/roofslab_apartment_long_DG4_bld_apartment_long_roof_7_180_rem20) but MaterialBindingAPI is not applied on the prim
Warning: in BindingsAtPrim at line 686 of /builds/omniverse/usd-ci/USD/pxr/usd/usdShade/materialBindingAPI.cpp -- Found material bindings on prim at path (/W/gen/a_apartment_long_DG4/roofslab_apartment_long_DG4_bld_apartment_long_roof_7_180_rem20) but MaterialBindingAPI is not applied on the prim
Warning: in BindingsAtPrim at line 686 of /builds/omniverse/usd-ci/USD/pxr/usd/usdShade/materialBindingAPI.cpp -- Found material bindings on prim at path (/W/gen/a_apartment_long_DG4/roofslab_apartment_long_DG4_bld_apartment_long_roof_7_183_rem22) but MaterialBindingAPI is not applied on the prim
Warning: in BindingsAtPrim at line 686 of /builds/omniverse/usd-ci/USD/pxr/usd/usdShade/materialBindingAPI.cpp -- Found material bindings on prim at path (/W/gen/a_apartment_long_DG4/roofslab_apartment_long_DG4_bld_apartment_long_roof_7_183_rem22) but MaterialBindingAPI is not applied on the prim
Warning: in BindingsAtPrim at line 686 of /builds/omniverse/usd-ci/USD/pxr/usd/usdShade/materialBindingAPI.cpp -- Found material bindings on prim at path (/W/gen/a_apartment_long_DG4/roofslab_apartment_long_DG4_bld_apartment_long_roof_7_186_rem24) but MaterialBindingAPI is not applied on the prim
Warning: in BindingsAtPrim at line 686 of /builds/omniverse/usd-ci/USD/pxr/usd/usdShade/materialBindingAPI.cpp -- Found material bindings on prim at path (/W/gen/a_apartment_long_DG4/roofslab_apartment_long_DG4_bld_apartment_long_roof_7_186_rem24) but MaterialBindingAPI is not applied on the prim
Warning: in BindingsAtPrim at line 686 of /builds/omniverse/usd-ci/USD/pxr/usd/usdShade/materialBindingAPI.cpp -- Found material bindings on prim at path (/W/gen/a_apartment_long_DG4/roofslab_apartment_long_DG4_bld_apartment_long_roof_7_189_rem26) but MaterialBindingAPI is not applied on the prim
Warning: in BindingsAtPrim at line 686 of /builds/omniverse/usd-ci/USD/pxr/usd/usdShade/materialBindingAPI.cpp -- Found material bindings on prim at path (/W/gen/a_apartment_long_DG4/roofslab_apartment_long_DG4_bld_apartment_long_roof_7_189_rem26) but MaterialBindingAPI is not applied on the prim
Warning: in BindingsAtPrim at line 686 of /builds/omniverse/usd-ci/USD/pxr/usd/usdShade/materialBindingAPI.cpp -- Found material bindings on prim at path (/W/gen/a_apartment_long_DG4/roofslab_apartment_long_DG4_bld_apartment_long_roof_7_192_rem28) but MaterialBindingAPI is not applied on the prim
Warning: in BindingsAtPrim at line 686 of /builds/omniverse/usd-ci/USD/pxr/usd/usdShade/materialBindingAPI.cpp -- Found material bindings on prim at path (/W/gen/a_apartment_long_DG4/roofslab_apartment_long_DG4_bld_apartment_long_roof_7_192_rem28) but MaterialBindingAPI is not applied on the prim
Status: in Open at line 72 of /builds/omniverse/usd-resolver/source/library/OmniUsdAsset.cpp -- OmniUsdResolver: Opened asset 'omniverse://airlab-nucleus.andrew.cmu.edu:443/Projects/SEI-COA/ModernCityEnvironment01/Meshes/SM_MBuilding04_FirstFloor_B.usd' for read
Status: in Open at line 72 of /builds/omniverse/usd-resolver/source/library/OmniUsdAsset.cpp -- OmniUsdResolver: Opened asset 'omniverse://airlab-nucleus.andrew.cmu.edu:443/Projects/SEI-COA/ModernCityEnvironment01/Meshes/SM_MBuilding04_FirstFloor_B_payload.usd' for read
Status (secondary thread): in Open at line 72 of /builds/omniverse/usd-resolver/source/library/OmniUsdAsset.cpp -- OmniUsdResolver: Opened asset 'omniverse://airlab-nucleus.andrew.cmu.edu:443/Projects/SEI-COA/ModernCityEnvironment01/Materials/M_MBuilding04_Glass.usd' for read
Status (secondary thread): in Open at line 72 of /builds/omniverse/usd-resolver/source/library/OmniUsdAsset.cpp -- OmniUsdResolver: Opened asset 'omniverse://airlab-nucleus.andrew.cmu.edu:443/Projects/SEI-COA/ModernCityEnvironment01/Materials/M_MBuilding04_FirstFloor_B.usd' for read
Status (secondary thread): in Open at line 72 of /builds/omniverse/usd-resolver/source/library/OmniUsdAsset.cpp -- OmniUsdResolver: Opened asset 'omniverse://airlab-nucleus.andrew.cmu.edu:443/Projects/SEI-COA/ModernCityEnvironment01/Materials/M_MBuilding04_FirstFloor_B_Inner.usd' for read
Status: in Open at line 72 of /builds/omniverse/usd-resolver/source/library/OmniUsdAsset.cpp -- OmniUsdResolver: Opened asset 'omniverse://airlab-nucleus.andrew.cmu.edu:443/Projects/SEI-COA/ModernCityEnvironment01/Meshes/SM_MBuilding04_FirstFloor_A.usd' for read
Status: in Open at line 72 of /builds/omniverse/usd-resolver/source/library/OmniUsdAsset.cpp -- OmniUsdResolver: Opened asset 'omniverse://airlab-nucleus.andrew.cmu.edu:443/Projects/SEI-COA/ModernCityEnvironment01/Meshes/SM_MBuilding04_FirstFloor_A_payload.usd' for read
Status (secondary thread): in Open at line 72 of /builds/omniverse/usd-resolver/source/library/OmniUsdAsset.cpp -- OmniUsdResolver: Opened asset 'omniverse://airlab-nucleus.andrew.cmu.edu:443/Projects/SEI-COA/ModernCityEnvironment01/Materials/M_MBuilding04_FirstFloor_A.usd' for read
Status (secondary thread): in Open at line 72 of /builds/omniverse/usd-resolver/source/library/OmniUsdAsset.cpp -- OmniUsdResolver: Opened asset 'omniverse://airlab-nucleus.andrew.cmu.edu:443/Projects/SEI-COA/ModernCityEnvironment01/Materials/M_MBuilding04_FirstFloor_A_Inner.usd' for read
Status: in Open at line 72 of /builds/omniverse/usd-resolver/source/library/OmniUsdAsset.cpp -- OmniUsdResolver: Opened asset 'omniverse://airlab-nucleus.andrew.cmu.edu:443/Projects/SEI-COA/ModernCityEnvironment01/Meshes/SM_MBuilding04_FirstFloor_Corner.usd' for read
Status: in Open at line 72 of /builds/omniverse/usd-resolver/source/library/OmniUsdAsset.cpp -- OmniUsdResolver: Opened asset 'omniverse://airlab-nucleus.andrew.cmu.edu:443/Projects/SEI-COA/ModernCityEnvironment01/Meshes/SM_MBuilding04_FirstFloor_Corner_payload.usd' for read
Status (secondary thread): in Open at line 72 of /builds/omniverse/usd-resolver/source/library/OmniUsdAsset.cpp -- OmniUsdResolver: Opened asset 'omniverse://airlab-nucleus.andrew.cmu.edu:443/Projects/SEI-COA/ModernCityEnvironment01/Materials/M_MBuilding04_FirstFloor_C.usd' for read
Status (secondary thread): in Open at line 72 of /builds/omniverse/usd-resolver/source/library/OmniUsdAsset.cpp -- OmniUsdResolver: Opened asset 'omniverse://airlab-nucleus.andrew.cmu.edu:443/Projects/SEI-COA/ModernCityEnvironment01/Materials/M_MBuilding04_FirstFloor_C_Inner.usd' for read
Status: in Open at line 72 of /builds/omniverse/usd-resolver/source/library/OmniUsdAsset.cpp -- OmniUsdResolver: Opened asset 'omniverse://airlab-nucleus.andrew.cmu.edu:443/Projects/SEI-COA/ModernCityEnvironment01/Meshes/SM_MBuilding04_Facade_A.usd' for read
Status: in Open at line 72 of /builds/omniverse/usd-resolver/source/library/OmniUsdAsset.cpp -- OmniUsdResolver: Opened asset 'omniverse://airlab-nucleus.andrew.cmu.edu:443/Projects/SEI-COA/ModernCityEnvironment01/Meshes/SM_MBuilding04_Facade_A_payload.usd' for read
Status (secondary thread): in Open at line 72 of /builds/omniverse/usd-resolver/source/library/OmniUsdAsset.cpp -- OmniUsdResolver: Opened asset 'omniverse://airlab-nucleus.andrew.cmu.edu:443/Projects/SEI-COA/ModernCityEnvironment01/Materials/M_MBuilding04_Facades_A.usd' for read
Status (secondary thread): in Open at line 72 of /builds/omniverse/usd-resolver/source/library/OmniUsdAsset.cpp -- OmniUsdResolver: Opened asset 'omniverse://airlab-nucleus.andrew.cmu.edu:443/Projects/SEI-COA/ModernCityEnvironment01/Materials/M_MBuilding04_Facades_Inner.usd' for read
Status: in Open at line 72 of /builds/omniverse/usd-resolver/source/library/OmniUsdAsset.cpp -- OmniUsdResolver: Opened asset 'omniverse://airlab-nucleus.andrew.cmu.edu:443/Projects/SEI-COA/ModernCityEnvironment01/Meshes/SM_MBuilding04_Facade_Corner.usd' for read
Status: in Open at line 72 of /builds/omniverse/usd-resolver/source/library/OmniUsdAsset.cpp -- OmniUsdResolver: Opened asset 'omniverse://airlab-nucleus.andrew.cmu.edu:443/Projects/SEI-COA/ModernCityEnvironment01/Meshes/SM_MBuilding04_Facade_Corner_payload.usd' for read
Status (secondary thread): in Open at line 72 of /builds/omniverse/usd-resolver/source/library/OmniUsdAsset.cpp -- OmniUsdResolver: Opened asset 'omniverse://airlab-nucleus.andrew.cmu.edu:443/Projects/SEI-COA/ModernCityEnvironment01/Materials/M_MBuilding04_Facades_B.usd' for read
Status: in Open at line 72 of /builds/omniverse/usd-resolver/source/library/OmniUsdAsset.cpp -- OmniUsdResolver: Opened asset 'omniverse://airlab-nucleus.andrew.cmu.edu:443/Projects/SEI-COA/ModernCityEnvironment01/Meshes/SM_MBuilding04_TopFloor_A.usd' for read
Status: in Open at line 72 of /builds/omniverse/usd-resolver/source/library/OmniUsdAsset.cpp -- OmniUsdResolver: Opened asset 'omniverse://airlab-nucleus.andrew.cmu.edu:443/Projects/SEI-COA/ModernCityEnvironment01/Meshes/SM_MBuilding04_TopFloor_A_payload.usd' for read
Status: in Open at line 72 of /builds/omniverse/usd-resolver/source/library/OmniUsdAsset.cpp -- OmniUsdResolver: Opened asset 'omniverse://airlab-nucleus.andrew.cmu.edu:443/Projects/SEI-COA/ModernCityEnvironment01/Meshes/SM_MBuilding04_TopFloor_Corner.usd' for read
Status: in Open at line 72 of /builds/omniverse/usd-resolver/source/library/OmniUsdAsset.cpp -- OmniUsdResolver: Opened asset 'omniverse://airlab-nucleus.andrew.cmu.edu:443/Projects/SEI-COA/ModernCityEnvironment01/Meshes/SM_MBuilding04_TopFloor_Corner_payload.usd' for read
Status: in Open at line 72 of /builds/omniverse/usd-resolver/source/library/OmniUsdAsset.cpp -- OmniUsdResolver: Opened asset 'omniverse://airlab-nucleus.andrew.cmu.edu:443/Projects/SEI-COA/ModernCityEnvironment01/Meshes/SM_Roof.usd' for read
Status: in Open at line 72 of /builds/omniverse/usd-resolver/source/library/OmniUsdAsset.cpp -- OmniUsdResolver: Opened asset 'omniverse://airlab-nucleus.andrew.cmu.edu:443/Projects/SEI-COA/ModernCityEnvironment01/Meshes/SM_Roof_payload.usd' for read
Status: in Open at line 72 of /builds/omniverse/usd-resolver/source/library/OmniUsdAsset.cpp -- OmniUsdResolver: Opened asset 'omniverse://airlab-nucleus.andrew.cmu.edu:443/Projects/SEI-COA/ModernCityEnvironment01/Materials/M_Roof_Mat.usd' for read
Status: in Open at line 72 of /builds/omniverse/usd-resolver/source/library/OmniUsdAsset.cpp -- OmniUsdResolver: Opened asset 'omniverse://airlab-nucleus.andrew.cmu.edu:443/Projects/SEI-COA/ModularNeighborhood/Assets/Bed_Double_01.usd' for read
Status: in Open at line 72 of /builds/omniverse/usd-resolver/source/library/OmniUsdAsset.cpp -- OmniUsdResolver: Opened asset 'omniverse://airlab-nucleus.andrew.cmu.edu:443/Projects/SEI-COA/ModularNeighborhood/Assets/Bed_01.usd' for read
Status: in Open at line 72 of /builds/omniverse/usd-resolver/source/library/OmniUsdAsset.cpp -- OmniUsdResolver: Opened asset 'omniverse://airlab-nucleus.andrew.cmu.edu:443/Projects/SEI-COA/ModularNeighborhood/Assets/Chair_01.usd' for read
Status (secondary thread): in Open at line 72 of /builds/omniverse/usd-resolver/source/library/OmniUsdAsset.cpp -- OmniUsdResolver: Opened asset 'omniverse://airlab-nucleus.andrew.cmu.edu:443/Projects/SEI-COA/ModularNeighborhood/Assets/Chair_03.usd' for read
Status: in Open at line 72 of /builds/omniverse/usd-resolver/source/library/OmniUsdAsset.cpp -- OmniUsdResolver: Opened asset 'omniverse://airlab-nucleus.andrew.cmu.edu:443/Projects/SEI-COA/ModularNeighborhood/Assets/table_01.usd' for read
Status: in Open at line 72 of /builds/omniverse/usd-resolver/source/library/OmniUsdAsset.cpp -- OmniUsdResolver: Opened asset 'omniverse://airlab-nucleus.andrew.cmu.edu:443/Projects/SEI-COA/ModularNeighborhood/Assets/Wood_01.usd' for read
Status: in Open at line 72 of /builds/omniverse/usd-resolver/source/library/OmniUsdAsset.cpp -- OmniUsdResolver: Opened asset 'omniverse://airlab-nucleus.andrew.cmu.edu:443/Projects/SEI-COA/ModularNeighborhood/Assets/Office_Desk_01.usd' for read
Status: in Open at line 72 of /builds/omniverse/usd-resolver/source/library/OmniUsdAsset.cpp -- OmniUsdResolver: Opened asset 'omniverse://airlab-nucleus.andrew.cmu.edu:443/Projects/SEI-COA/ModularNeighborhood/Assets/Office_Desk_01_Inst.usd' for read
Status: in Open at line 72 of /builds/omniverse/usd-resolver/source/library/OmniUsdAsset.cpp -- OmniUsdResolver: Opened asset 'omniverse://airlab-nucleus.andrew.cmu.edu:443/Projects/SEI-COA/ModularNeighborhood/Assets/coffee_table_01.usd' for read
Status: in Open at line 72 of /builds/omniverse/usd-resolver/source/library/OmniUsdAsset.cpp -- OmniUsdResolver: Opened asset 'omniverse://airlab-nucleus.andrew.cmu.edu:443/Projects/SEI-COA/ModularNeighborhood/Assets/Alu_01.usd' for read
Status (secondary thread): in Open at line 72 of /builds/omniverse/usd-resolver/source/library/OmniUsdAsset.cpp -- OmniUsdResolver: Opened asset 'omniverse://airlab-nucleus.andrew.cmu.edu:443/Projects/SEI-COA/ModularNeighborhood/Assets/Glass_01.usd' for read
Status: in Open at line 72 of /builds/omniverse/usd-resolver/source/library/OmniUsdAsset.cpp -- OmniUsdResolver: Opened asset 'omniverse://airlab-nucleus.andrew.cmu.edu:443/Projects/SEI-COA/ModularNeighborhood/Assets/Fridge_01.usd' for read
Status (secondary thread): in Open at line 72 of /builds/omniverse/usd-resolver/source/library/OmniUsdAsset.cpp -- OmniUsdResolver: Opened asset 'omniverse://airlab-nucleus.andrew.cmu.edu:443/Projects/SEI-COA/ModularNeighborhood/Assets/Fridge_Freezer_01.usd' for read
Status: in Open at line 72 of /builds/omniverse/usd-resolver/source/library/OmniUsdAsset.cpp -- OmniUsdResolver: Opened asset 'omniverse://airlab-nucleus.andrew.cmu.edu:443/Projects/SEI-COA/ModularNeighborhood/Assets/Bookcase_01.usd' for read
Status: in Open at line 72 of /builds/omniverse/usd-resolver/source/library/OmniUsdAsset.cpp -- OmniUsdResolver: Opened asset 'omniverse://airlab-nucleus.andrew.cmu.edu:443/Projects/SEI-COA/ModularNeighborhood/Assets/Kitchen_Unit_01.usd' for read
Status: in Open at line 72 of /builds/omniverse/usd-resolver/source/library/OmniUsdAsset.cpp -- OmniUsdResolver: Opened asset 'omniverse://airlab-nucleus.andrew.cmu.edu:443/Projects/SEI-COA/ModularNeighborhood/Assets/Marble_01.usd' for read
Status (secondary thread): in Open at line 72 of /builds/omniverse/usd-resolver/source/library/OmniUsdAsset.cpp -- OmniUsdResolver: Opened asset 'omniverse://airlab-nucleus.andrew.cmu.edu:443/Projects/SEI-COA/ModularNeighborhood/Assets/Kitchen_Units_01.usd' for read
Warning: in BindingsAtPrim at line 686 of /builds/omniverse/usd-ci/USD/pxr/usd/usdShade/materialBindingAPI.cpp -- Found material bindings on prim at path (/W/gen/a_commercial_mid_DG4/brk_commercial_mid_DG4_bld_commercial_mid_storey_3_132/frag_000) but MaterialBindingAPI is not applied on the prim
Warning: in BindingsAtPrim at line 686 of /builds/omniverse/usd-ci/USD/pxr/usd/usdShade/materialBindingAPI.cpp -- Found material bindings on prim at path (/W/gen/a_commercial_mid_DG4/brk_commercial_mid_DG4_bld_commercial_mid_storey_3_132/frag_001) but MaterialBindingAPI is not applied on the prim
Warning: in BindingsAtPrim at line 686 of /builds/omniverse/usd-ci/USD/pxr/usd/usdShade/materialBindingAPI.cpp -- Found material bindings on prim at path (/W/gen/a_commercial_mid_DG4/brk_commercial_mid_DG4_bld_commercial_mid_storey_3_132/frag_002) but MaterialBindingAPI is not applied on the prim
Warning: in BindingsAtPrim at line 686 of /builds/omniverse/usd-ci/USD/pxr/usd/usdShade/materialBindingAPI.cpp -- Found material bindings on prim at path (/W/gen/a_commercial_mid_DG4/brk_commercial_mid_DG4_bld_commercial_mid_storey_3_132/frag_003) but MaterialBindingAPI is not applied on the prim
Warning: in BindingsAtPrim at line 686 of /builds/omniverse/usd-ci/USD/pxr/usd/usdShade/materialBindingAPI.cpp -- Found material bindings on prim at path (/W/gen/a_commercial_mid_DG4/brk_commercial_mid_DG4_bld_commercial_mid_storey_3_132/frag_004) but MaterialBindingAPI is not applied on the prim
Warning: in BindingsAtPrim at line 686 of /builds/omniverse/usd-ci/USD/pxr/usd/usdShade/materialBindingAPI.cpp -- Found material bindings on prim at path (/W/gen/a_commercial_mid_DG4/brk_commercial_mid_DG4_bld_commercial_mid_storey_3_132/frag_006) but MaterialBindingAPI is not applied on the prim
Warning: in BindingsAtPrim at line 686 of /builds/omniverse/usd-ci/USD/pxr/usd/usdShade/materialBindingAPI.cpp -- Found material bindings on prim at path (/W/gen/a_commercial_mid_DG4/brk_commercial_mid_DG4_bld_commercial_mid_storey_3_132/frag_007) but MaterialBindingAPI is not applied on the prim
Warning: in BindingsAtPrim at line 686 of /builds/omniverse/usd-ci/USD/pxr/usd/usdShade/materialBindingAPI.cpp -- Found material bindings on prim at path (/W/gen/a_commercial_mid_DG4/brk_commercial_mid_DG4_bld_commercial_mid_storey_3_133/frag_000) but MaterialBindingAPI is not applied on the prim
Warning: in BindingsAtPrim at line 686 of /builds/omniverse/usd-ci/USD/pxr/usd/usdShade/materialBindingAPI.cpp -- Found material bindings on prim at path (/W/gen/a_commercial_mid_DG4/brk_commercial_mid_DG4_bld_commercial_mid_storey_3_133/frag_001) but MaterialBindingAPI is not applied on the prim
Warning: in BindingsAtPrim at line 686 of /builds/omniverse/usd-ci/USD/pxr/usd/usdShade/materialBindingAPI.cpp -- Found material bindings on prim at path (/W/gen/a_commercial_mid_DG4/brk_commercial_mid_DG4_bld_commercial_mid_storey_3_133/frag_003) but MaterialBindingAPI is not applied on the prim
Warning: in BindingsAtPrim at line 686 of /builds/omniverse/usd-ci/USD/pxr/usd/usdShade/materialBindingAPI.cpp -- Found material bindings on prim at path (/W/gen/a_commercial_mid_DG4/brk_commercial_mid_DG4_bld_commercial_mid_storey_3_133/frag_004) but MaterialBindingAPI is not applied on the prim
Warning: in BindingsAtPrim at line 686 of /builds/omniverse/usd-ci/USD/pxr/usd/usdShade/materialBindingAPI.cpp -- Found material bindings on prim at path (/W/gen/a_commercial_mid_DG4/brk_commercial_mid_DG4_bld_commercial_mid_storey_3_133/frag_005) but MaterialBindingAPI is not applied on the prim
Warning: in BindingsAtPrim at line 686 of /builds/omniverse/usd-ci/USD/pxr/usd/usdShade/materialBindingAPI.cpp -- Found material bindings on prim at path (/W/gen/a_commercial_mid_DG4/brk_commercial_mid_DG4_bld_commercial_mid_storey_3_133/frag_007) but MaterialBindingAPI is not applied on the prim
Warning: in BindingsAtPrim at line 686 of /builds/omniverse/usd-ci/USD/pxr/usd/usdShade/materialBindingAPI.cpp -- Found material bindings on prim at path (/W/gen/a_commercial_mid_DG4/brk_commercial_mid_DG4_bld_commercial_mid_storey_3_133/frag_008) but MaterialBindingAPI is not applied on the prim
Warning: in BindingsAtPrim at line 686 of /builds/omniverse/usd-ci/USD/pxr/usd/usdShade/materialBindingAPI.cpp -- Found material bindings on prim at path (/W/gen/a_commercial_mid_DG4/brk_commercial_mid_DG4_bld_commercial_mid_storey_3_134/frag_000) but MaterialBindingAPI is not applied on the prim
Warning: in BindingsAtPrim at line 686 of /builds/omniverse/usd-ci/USD/pxr/usd/usdShade/materialBindingAPI.cpp -- Found material bindings on prim at path (/W/gen/a_commercial_mid_DG4/brk_commercial_mid_DG4_bld_commercial_mid_storey_3_134/frag_001) but MaterialBindingAPI is not applied on the prim
Warning: in BindingsAtPrim at line 686 of /builds/omniverse/usd-ci/USD/pxr/usd/usdShade/materialBindingAPI.cpp -- Found material bindings on prim at path (/W/gen/a_commercial_mid_DG4/brk_commercial_mid_DG4_bld_commercial_mid_storey_3_134/frag_002) but MaterialBindingAPI is not applied on the prim
Warning: in BindingsAtPrim at line 686 of /builds/omniverse/usd-ci/USD/pxr/usd/usdShade/materialBindingAPI.cpp -- Found material bindings on prim at path (/W/gen/a_commercial_mid_DG4/brk_commercial_mid_DG4_bld_commercial_mid_storey_3_134/frag_003) but MaterialBindingAPI is not applied on the prim
Warning: in BindingsAtPrim at line 686 of /builds/omniverse/usd-ci/USD/pxr/usd/usdShade/materialBindingAPI.cpp -- Found material bindings on prim at path (/W/gen/a_commercial_mid_DG4/brk_commercial_mid_DG4_bld_commercial_mid_storey_3_134/frag_004) but MaterialBindingAPI is not applied on the prim
Warning: in BindingsAtPrim at line 686 of /builds/omniverse/usd-ci/USD/pxr/usd/usdShade/materialBindingAPI.cpp -- Found material bindings on prim at path (/W/gen/a_commercial_mid_DG4/brk_commercial_mid_DG4_bld_commercial_mid_storey_3_134/frag_005) but MaterialBindingAPI is not applied on the prim
Warning: in BindingsAtPrim at line 686 of /builds/omniverse/usd-ci/USD/pxr/usd/usdShade/materialBindingAPI.cpp -- Found material bindings on prim at path (/W/gen/a_commercial_mid_DG4/brk_commercial_mid_DG4_bld_commercial_mid_storey_3_134/frag_006) but MaterialBindingAPI is not applied on the prim
Warning: in BindingsAtPrim at line 686 of /builds/omniverse/usd-ci/USD/pxr/usd/usdShade/materialBindingAPI.cpp -- Found material bindings on prim at path (/W/gen/a_commercial_mid_DG4/brk_commercial_mid_DG4_bld_commercial_mid_storey_3_134/frag_007) but MaterialBindingAPI is not applied on the prim
Warning: in BindingsAtPrim at line 686 of /builds/omniverse/usd-ci/USD/pxr/usd/usdShade/materialBindingAPI.cpp -- Found material bindings on prim at path (/W/gen/a_commercial_mid_DG4/brk_commercial_mid_DG4_bld_commercial_mid_storey_3_135/frag_000) but MaterialBindingAPI is not applied on the prim
Warning: in BindingsAtPrim at line 686 of /builds/omniverse/usd-ci/USD/pxr/usd/usdShade/materialBindingAPI.cpp -- Found material bindings on prim at path (/W/gen/a_commercial_mid_DG4/brk_commercial_mid_DG4_bld_commercial_mid_storey_3_135/frag_001) but MaterialBindingAPI is not applied on the prim
Warning: in BindingsAtPrim at line 686 of /builds/omniverse/usd-ci/USD/pxr/usd/usdShade/materialBindingAPI.cpp -- Found material bindings on prim at path (/W/gen/a_commercial_mid_DG4/brk_commercial_mid_DG4_bld_commercial_mid_storey_3_135/frag_002) but MaterialBindingAPI is not applied on the prim
Warning: in BindingsAtPrim at line 686 of /builds/omniverse/usd-ci/USD/pxr/usd/usdShade/materialBindingAPI.cpp -- Found material bindings on prim at path (/W/gen/a_commercial_mid_DG4/brk_commercial_mid_DG4_bld_commercial_mid_storey_3_135/frag_003) but MaterialBindingAPI is not applied on the prim
Warning: in BindingsAtPrim at line 686 of /builds/omniverse/usd-ci/USD/pxr/usd/usdShade/materialBindingAPI.cpp -- Found material bindings on prim at path (/W/gen/a_commercial_mid_DG4/brk_commercial_mid_DG4_bld_commercial_mid_storey_3_135/frag_004) but MaterialBindingAPI is not applied on the prim
Warning: in BindingsAtPrim at line 686 of /builds/omniverse/usd-ci/USD/pxr/usd/usdShade/materialBindingAPI.cpp -- Found material bindings on prim at path (/W/gen/a_commercial_mid_DG4/brk_commercial_mid_DG4_bld_commercial_mid_storey_3_135/frag_005) but MaterialBindingAPI is not applied on the prim
Warning: in BindingsAtPrim at line 686 of /builds/omniverse/usd-ci/USD/pxr/usd/usdShade/materialBindingAPI.cpp -- Found material bindings on prim at path (/W/gen/a_commercial_mid_DG4/brk_commercial_mid_DG4_bld_commercial_mid_storey_3_135/frag_006) but MaterialBindingAPI is not applied on the prim
Warning: in BindingsAtPrim at line 686 of /builds/omniverse/usd-ci/USD/pxr/usd/usdShade/materialBindingAPI.cpp -- Found material bindings on prim at path (/W/gen/a_commercial_mid_DG4/brk_commercial_mid_DG4_bld_commercial_mid_storey_3_135/frag_007) but MaterialBindingAPI is not applied on the prim
Warning: in BindingsAtPrim at line 686 of /builds/omniverse/usd-ci/USD/pxr/usd/usdShade/materialBindingAPI.cpp -- Found material bindings on prim at path (/W/gen/a_commercial_mid_DG4/brk_commercial_mid_DG4_bld_commercial_mid_storey_3_135/frag_008) but MaterialBindingAPI is not applied on the prim
Warning: in BindingsAtPrim at line 686 of /builds/omniverse/usd-ci/USD/pxr/usd/usdShade/materialBindingAPI.cpp -- Found material bindings on prim at path (/W/gen/a_commercial_mid_DG4/brk_commercial_mid_DG4_bld_commercial_mid_storey_3_135/frag_009) but MaterialBindingAPI is not applied on the prim
Warning: in BindingsAtPrim at line 686 of /builds/omniverse/usd-ci/USD/pxr/usd/usdShade/materialBindingAPI.cpp -- Found material bindings on prim at path (/W/gen/a_commercial_mid_DG4/brk_commercial_mid_DG4_bld_commercial_mid_top_5_157/frag_000) but MaterialBindingAPI is not applied on the prim
Warning: in BindingsAtPrim at line 686 of /builds/omniverse/usd-ci/USD/pxr/usd/usdShade/materialBindingAPI.cpp -- Found material bindings on prim at path (/W/gen/a_commercial_mid_DG4/brk_commercial_mid_DG4_bld_commercial_mid_top_5_157/frag_001) but MaterialBindingAPI is not applied on the prim
Warning: in BindingsAtPrim at line 686 of /builds/omniverse/usd-ci/USD/pxr/usd/usdShade/materialBindingAPI.cpp -- Found material bindings on prim at path (/W/gen/a_commercial_mid_DG4/brk_commercial_mid_DG4_bld_commercial_mid_top_5_157/frag_002) but MaterialBindingAPI is not applied on the prim
Warning: in BindingsAtPrim at line 686 of /builds/omniverse/usd-ci/USD/pxr/usd/usdShade/materialBindingAPI.cpp -- Found material bindings on prim at path (/W/gen/a_commercial_mid_DG4/brk_commercial_mid_DG4_bld_commercial_mid_top_5_157/frag_005) but MaterialBindingAPI is not applied on the prim
Warning: in BindingsAtPrim at line 686 of /builds/omniverse/usd-ci/USD/pxr/usd/usdShade/materialBindingAPI.cpp -- Found material bindings on prim at path (/W/gen/a_commercial_mid_DG4/brk_commercial_mid_DG4_bld_commercial_mid_top_5_158/frag_001) but MaterialBindingAPI is not applied on the prim
Warning: in BindingsAtPrim at line 686 of /builds/omniverse/usd-ci/USD/pxr/usd/usdShade/materialBindingAPI.cpp -- Found material bindings on prim at path (/W/gen/a_commercial_mid_DG4/brk_commercial_mid_DG4_bld_commercial_mid_top_5_158/frag_002) but MaterialBindingAPI is not applied on the prim
Warning: in BindingsAtPrim at line 686 of /builds/omniverse/usd-ci/USD/pxr/usd/usdShade/materialBindingAPI.cpp -- Found material bindings on prim at path (/W/gen/a_commercial_mid_DG4/brk_commercial_mid_DG4_bld_commercial_mid_top_5_158/frag_003) but MaterialBindingAPI is not applied on the prim
Warning: in BindingsAtPrim at line 686 of /builds/omniverse/usd-ci/USD/pxr/usd/usdShade/materialBindingAPI.cpp -- Found material bindings on prim at path (/W/gen/a_commercial_mid_DG4/brk_commercial_mid_DG4_bld_commercial_mid_top_5_158/frag_004) but MaterialBindingAPI is not applied on the prim
Warning: in BindingsAtPrim at line 686 of /builds/omniverse/usd-ci/USD/pxr/usd/usdShade/materialBindingAPI.cpp -- Found material bindings on prim at path (/W/gen/a_commercial_mid_DG4/brk_commercial_mid_DG4_bld_commercial_mid_top_5_158/frag_005) but MaterialBindingAPI is not applied on the prim
Warning: in BindingsAtPrim at line 686 of /builds/omniverse/usd-ci/USD/pxr/usd/usdShade/materialBindingAPI.cpp -- Found material bindings on prim at path (/W/gen/a_commercial_mid_DG4/brk_commercial_mid_DG4_bld_commercial_mid_top_5_159/frag_000) but MaterialBindingAPI is not applied on the prim
Warning: in BindingsAtPrim at line 686 of /builds/omniverse/usd-ci/USD/pxr/usd/usdShade/materialBindingAPI.cpp -- Found material bindings on prim at path (/W/gen/a_commercial_mid_DG4/brk_commercial_mid_DG4_bld_commercial_mid_top_5_159/frag_001) but MaterialBindingAPI is not applied on the prim
Warning: in BindingsAtPrim at line 686 of /builds/omniverse/usd-ci/USD/pxr/usd/usdShade/materialBindingAPI.cpp -- Found material bindings on prim at path (/W/gen/a_commercial_mid_DG4/brk_commercial_mid_DG4_bld_commercial_mid_top_5_159/frag_002) but MaterialBindingAPI is not applied on the prim
Warning: in BindingsAtPrim at line 686 of /builds/omniverse/usd-ci/USD/pxr/usd/usdShade/materialBindingAPI.cpp -- Found material bindings on prim at path (/W/gen/a_commercial_mid_DG4/brk_commercial_mid_DG4_bld_commercial_mid_top_5_159/frag_005) but MaterialBindingAPI is not applied on the prim
Warning: in BindingsAtPrim at line 686 of /builds/omniverse/usd-ci/USD/pxr/usd/usdShade/materialBindingAPI.cpp -- Found material bindings on prim at path (/W/gen/a_commercial_mid_DG4/brk_commercial_mid_DG4_bld_commercial_mid_top_5_159/frag_006) but MaterialBindingAPI is not applied on the prim
Warning: in BindingsAtPrim at line 686 of /builds/omniverse/usd-ci/USD/pxr/usd/usdShade/materialBindingAPI.cpp -- Found material bindings on prim at path (/W/gen/a_commercial_mid_DG4/brk_commercial_mid_DG4_bld_commercial_mid_top_5_159/frag_007) but MaterialBindingAPI is not applied on the prim
Warning: in BindingsAtPrim at line 686 of /builds/omniverse/usd-ci/USD/pxr/usd/usdShade/materialBindingAPI.cpp -- Found material bindings on prim at path (/W/gen/a_commercial_mid_DG4/brk_commercial_mid_DG4_bld_commercial_mid_top_5_159/frag_008) but MaterialBindingAPI is not applied on the prim
Warning: in BindingsAtPrim at line 686 of /builds/omniverse/usd-ci/USD/pxr/usd/usdShade/materialBindingAPI.cpp -- Found material bindings on prim at path (/W/gen/a_commercial_mid_DG4/brk_commercial_mid_DG4_bld_commercial_mid_top_5_160/frag_000) but MaterialBindingAPI is not applied on the prim
Warning: in BindingsAtPrim at line 686 of /builds/omniverse/usd-ci/USD/pxr/usd/usdShade/materialBindingAPI.cpp -- Found material bindings on prim at path (/W/gen/a_commercial_mid_DG4/brk_commercial_mid_DG4_bld_commercial_mid_top_5_160/frag_001) but MaterialBindingAPI is not applied on the prim
Warning: in BindingsAtPrim at line 686 of /builds/omniverse/usd-ci/USD/pxr/usd/usdShade/materialBindingAPI.cpp -- Found material bindings on prim at path (/W/gen/a_commercial_mid_DG4/brk_commercial_mid_DG4_bld_commercial_mid_top_5_160/frag_002) but MaterialBindingAPI is not applied on the prim
Warning: in BindingsAtPrim at line 686 of /builds/omniverse/usd-ci/USD/pxr/usd/usdShade/materialBindingAPI.cpp -- Found material bindings on prim at path (/W/gen/a_commercial_mid_DG4/brk_commercial_mid_DG4_bld_commercial_mid_top_5_160/frag_003) but MaterialBindingAPI is not applied on the prim
Warning: in BindingsAtPrim at line 686 of /builds/omniverse/usd-ci/USD/pxr/usd/usdShade/materialBindingAPI.cpp -- Found material bindings on prim at path (/W/gen/a_commercial_mid_DG4/brk_commercial_mid_DG4_bld_commercial_mid_top_5_160/frag_004) but MaterialBindingAPI is not applied on the prim
Warning: in BindingsAtPrim at line 686 of /builds/omniverse/usd-ci/USD/pxr/usd/usdShade/materialBindingAPI.cpp -- Found material bindings on prim at path (/W/gen/a_commercial_mid_DG4/brk_commercial_mid_DG4_bld_commercial_mid_top_5_160/frag_005) but MaterialBindingAPI is not applied on the prim
Warning: in BindingsAtPrim at line 686 of /builds/omniverse/usd-ci/USD/pxr/usd/usdShade/materialBindingAPI.cpp -- Found material bindings on prim at path (/W/gen/a_commercial_mid_DG4/brk_commercial_mid_DG4_bld_commercial_mid_top_5_160/frag_006) but MaterialBindingAPI is not applied on the prim
Warning: in BindingsAtPrim at line 686 of /builds/omniverse/usd-ci/USD/pxr/usd/usdShade/materialBindingAPI.cpp -- Found material bindings on prim at path (/W/gen/a_commercial_mid_DG4/brk_commercial_mid_DG4_bld_commercial_mid_top_5_160/frag_008) but MaterialBindingAPI is not applied on the prim
Warning: in BindingsAtPrim at line 686 of /builds/omniverse/usd-ci/USD/pxr/usd/usdShade/materialBindingAPI.cpp -- Found material bindings on prim at path (/W/gen/a_commercial_mid_DG4/brk_commercial_mid_DG4_bld_commercial_mid_top_5_160/frag_009) but MaterialBindingAPI is not applied on the prim
Warning: in BindingsAtPrim at line 686 of /builds/omniverse/usd-ci/USD/pxr/usd/usdShade/materialBindingAPI.cpp -- Found material bindings on prim at path (/W/gen/a_commercial_mid_DG4/brk_commercial_mid_DG4_bld_commercial_mid_top_5_161/frag_000) but MaterialBindingAPI is not applied on the prim
Warning: in BindingsAtPrim at line 686 of /builds/omniverse/usd-ci/USD/pxr/usd/usdShade/materialBindingAPI.cpp -- Found material bindings on prim at path (/W/gen/a_commercial_mid_DG4/brk_commercial_mid_DG4_bld_commercial_mid_top_5_161/frag_003) but MaterialBindingAPI is not applied on the prim
Warning: in BindingsAtPrim at line 686 of /builds/omniverse/usd-ci/USD/pxr/usd/usdShade/materialBindingAPI.cpp -- Found material bindings on prim at path (/W/gen/a_commercial_mid_DG4/brk_commercial_mid_DG4_bld_commercial_mid_top_5_161/frag_005) but MaterialBindingAPI is not applied on the prim
Warning: in BindingsAtPrim at line 686 of /builds/omniverse/usd-ci/USD/pxr/usd/usdShade/materialBindingAPI.cpp -- Found material bindings on prim at path (/W/gen/a_commercial_mid_DG4/brk_commercial_mid_DG4_bld_commercial_mid_top_5_161/frag_006) but MaterialBindingAPI is not applied on the prim
Warning: in BindingsAtPrim at line 686 of /builds/omniverse/usd-ci/USD/pxr/usd/usdShade/materialBindingAPI.cpp -- Found material bindings on prim at path (/W/gen/a_commercial_mid_DG4/brk_commercial_mid_DG4_bld_commercial_mid_top_5_161/frag_007) but MaterialBindingAPI is not applied on the prim
Warning: in BindingsAtPrim at line 686 of /builds/omniverse/usd-ci/USD/pxr/usd/usdShade/materialBindingAPI.cpp -- Found material bindings on prim at path (/W/gen/a_commercial_mid_DG4/brk_commercial_mid_DG4_bld_commercial_mid_top_5_162/frag_000) but MaterialBindingAPI is not applied on the prim
Warning: in BindingsAtPrim at line 686 of /builds/omniverse/usd-ci/USD/pxr/usd/usdShade/materialBindingAPI.cpp -- Found material bindings on prim at path (/W/gen/a_commercial_mid_DG4/brk_commercial_mid_DG4_bld_commercial_mid_top_5_162/frag_001) but MaterialBindingAPI is not applied on the prim
Warning: in BindingsAtPrim at line 686 of /builds/omniverse/usd-ci/USD/pxr/usd/usdShade/materialBindingAPI.cpp -- Found material bindings on prim at path (/W/gen/a_commercial_mid_DG4/brk_commercial_mid_DG4_bld_commercial_mid_top_5_162/frag_002) but MaterialBindingAPI is not applied on the prim
Warning: in BindingsAtPrim at line 686 of /builds/omniverse/usd-ci/USD/pxr/usd/usdShade/materialBindingAPI.cpp -- Found material bindings on prim at path (/W/gen/a_commercial_mid_DG4/brk_commercial_mid_DG4_bld_commercial_mid_top_5_162/frag_003) but MaterialBindingAPI is not applied on the prim
Warning: in BindingsAtPrim at line 686 of /builds/omniverse/usd-ci/USD/pxr/usd/usdShade/materialBindingAPI.cpp -- Found material bindings on prim at path (/W/gen/a_commercial_mid_DG4/brk_commercial_mid_DG4_bld_commercial_mid_top_5_162/frag_004) but MaterialBindingAPI is not applied on the prim
Warning: in BindingsAtPrim at line 686 of /builds/omniverse/usd-ci/USD/pxr/usd/usdShade/materialBindingAPI.cpp -- Found material bindings on prim at path (/W/gen/a_commercial_mid_DG4/brk_commercial_mid_DG4_bld_commercial_mid_top_5_162/frag_005) but MaterialBindingAPI is not applied on the prim
Warning: in BindingsAtPrim at line 686 of /builds/omniverse/usd-ci/USD/pxr/usd/usdShade/materialBindingAPI.cpp -- Found material bindings on prim at path (/W/gen/a_commercial_mid_DG4/brk_commercial_mid_DG4_bld_commercial_mid_top_5_162/frag_006) but MaterialBindingAPI is not applied on the prim
Warning: in BindingsAtPrim at line 686 of /builds/omniverse/usd-ci/USD/pxr/usd/usdShade/materialBindingAPI.cpp -- Found material bindings on prim at path (/W/gen/a_commercial_mid_DG4/fit_commercial_mid_DG4/slab_main_5) but MaterialBindingAPI is not applied on the prim
Warning: in BindingsAtPrim at line 686 of /builds/omniverse/usd-ci/USD/pxr/usd/usdShade/materialBindingAPI.cpp -- Found material bindings on prim at path (/W/gen/a_commercial_mid_DG4/fit_commercial_mid_DG4/slab_main_5) but MaterialBindingAPI is not applied on the prim
Warning: in BindingsAtPrim at line 686 of /builds/omniverse/usd-ci/USD/pxr/usd/usdShade/materialBindingAPI.cpp -- Found material bindings on prim at path (/W/gen/a_commercial_mid_DG4/fit_commercial_mid_DG4/slab_main_5_strip7) but MaterialBindingAPI is not applied on the prim
Warning: in BindingsAtPrim at line 686 of /builds/omniverse/usd-ci/USD/pxr/usd/usdShade/materialBindingAPI.cpp -- Found material bindings on prim at path (/W/gen/a_commercial_mid_DG4/fit_commercial_mid_DG4/slab_main_6) but MaterialBindingAPI is not applied on the prim
Warning: in BindingsAtPrim at line 686 of /builds/omniverse/usd-ci/USD/pxr/usd/usdShade/materialBindingAPI.cpp -- Found material bindings on prim at path (/W/gen/a_commercial_mid_DG4/fit_commercial_mid_DG4/slab_main_6) but MaterialBindingAPI is not applied on the prim
Warning: in BindingsAtPrim at line 686 of /builds/omniverse/usd-ci/USD/pxr/usd/usdShade/materialBindingAPI.cpp -- Found material bindings on prim at path (/W/gen/a_commercial_mid_DG4/fit_commercial_mid_DG4/slab_main_6_strip9) but MaterialBindingAPI is not applied on the prim
Status: in _OpenAsset at line 360 of /builds/omniverse/usd-resolver/source/library/OmniUsdResolver_Ar2.cpp -- OmniUsdResolver: Opening filesystem asset '/isaac-sim/AirStack/scene_gen/assets/materials/megascans/Damaged_Asphalt.usda' for read
Warning: in BindingsAtPrim at line 686 of /builds/omniverse/usd-ci/USD/pxr/usd/usdShade/materialBindingAPI.cpp -- Found material bindings on prim at path (/W/gen/a_commercial_mid_DG4/roofslab_commercial_mid_DG4_bld_commercial_mid_roof_7_182) but MaterialBindingAPI is not applied on the prim
Warning: in BindingsAtPrim at line 686 of /builds/omniverse/usd-ci/USD/pxr/usd/usdShade/materialBindingAPI.cpp -- Found material bindings on prim at path (/W/gen/a_commercial_mid_DG4/roofslab_commercial_mid_DG4_bld_commercial_mid_roof_7_182_strip11) but MaterialBindingAPI is not applied on the prim
Warning: in BindingsAtPrim at line 686 of /builds/omniverse/usd-ci/USD/pxr/usd/usdShade/materialBindingAPI.cpp -- Found material bindings on prim at path (/W/gen/a_commercial_mid_DG4/roofslab_commercial_mid_DG4_bld_commercial_mid_roof_7_182_strip11) but MaterialBindingAPI is not applied on the prim
Warning: in BindingsAtPrim at line 686 of /builds/omniverse/usd-ci/USD/pxr/usd/usdShade/materialBindingAPI.cpp -- Found material bindings on prim at path (/W/gen/a_commercial_mid_DG4/roofslab_commercial_mid_DG4_bld_commercial_mid_roof_7_183) but MaterialBindingAPI is not applied on the prim
Warning: in BindingsAtPrim at line 686 of /builds/omniverse/usd-ci/USD/pxr/usd/usdShade/materialBindingAPI.cpp -- Found material bindings on prim at path (/W/gen/a_commercial_mid_DG4/roofslab_commercial_mid_DG4_bld_commercial_mid_roof_7_183_strip13) but MaterialBindingAPI is not applied on the prim
Warning: in BindingsAtPrim at line 686 of /builds/omniverse/usd-ci/USD/pxr/usd/usdShade/materialBindingAPI.cpp -- Found material bindings on prim at path (/W/gen/a_commercial_mid_DG4/roofslab_commercial_mid_DG4_bld_commercial_mid_roof_7_183_strip13) but MaterialBindingAPI is not applied on the prim
Warning: in BindingsAtPrim at line 686 of /builds/omniverse/usd-ci/USD/pxr/usd/usdShade/materialBindingAPI.cpp -- Found material bindings on prim at path (/W/gen/a_commercial_mid_DG4/fit_commercial_mid_DG4/slab_main_5_rem6) but MaterialBindingAPI is not applied on the prim
Warning: in BindingsAtPrim at line 686 of /builds/omniverse/usd-ci/USD/pxr/usd/usdShade/materialBindingAPI.cpp -- Found material bindings on prim at path (/W/gen/a_commercial_mid_DG4/fit_commercial_mid_DG4/slab_main_5_rem6_strip15) but MaterialBindingAPI is not applied on the prim
Warning: in BindingsAtPrim at line 686 of /builds/omniverse/usd-ci/USD/pxr/usd/usdShade/materialBindingAPI.cpp -- Found material bindings on prim at path (/W/gen/a_commercial_mid_DG4/fit_commercial_mid_DG4/slab_main_5_rem6_strip15) but MaterialBindingAPI is not applied on the prim
Warning: in BindingsAtPrim at line 686 of /builds/omniverse/usd-ci/USD/pxr/usd/usdShade/materialBindingAPI.cpp -- Found material bindings on prim at path (/W/gen/a_commercial_mid_DG4/fit_commercial_mid_DG4/slab_main_5_rem6_strip15_strip17) but MaterialBindingAPI is not applied on the prim
Warning: in BindingsAtPrim at line 686 of /builds/omniverse/usd-ci/USD/pxr/usd/usdShade/materialBindingAPI.cpp -- Found material bindings on prim at path (/W/gen/a_commercial_mid_DG4/fit_commercial_mid_DG4/slab_main_6_rem8) but MaterialBindingAPI is not applied on the prim
Warning: in BindingsAtPrim at line 686 of /builds/omniverse/usd-ci/USD/pxr/usd/usdShade/materialBindingAPI.cpp -- Found material bindings on prim at path (/W/gen/a_commercial_mid_DG4/fit_commercial_mid_DG4/slab_main_6_rem8_strip22) but MaterialBindingAPI is not applied on the prim
Warning: in BindingsAtPrim at line 686 of /builds/omniverse/usd-ci/USD/pxr/usd/usdShade/materialBindingAPI.cpp -- Found material bindings on prim at path (/W/gen/a_commercial_mid_DG4/fit_commercial_mid_DG4/slab_main_6_rem8_strip22) but MaterialBindingAPI is not applied on the prim
Warning: in BindingsAtPrim at line 686 of /builds/omniverse/usd-ci/USD/pxr/usd/usdShade/materialBindingAPI.cpp -- Found material bindings on prim at path (/W/gen/a_commercial_mid_DG4/fit_commercial_mid_DG4/slab_main_6_rem8_strip22_strip24) but MaterialBindingAPI is not applied on the prim
Warning: in BindingsAtPrim at line 686 of /builds/omniverse/usd-ci/USD/pxr/usd/usdShade/materialBindingAPI.cpp -- Found material bindings on prim at path (/W/gen/a_commercial_mid_DG4/fit_commercial_mid_DG4/slab_main_6_rem8_rem21) but MaterialBindingAPI is not applied on the prim
Warning: in _ReportErrors at line 3172 of /builds/omniverse/usd-ci/USD/pxr/usd/usd/stage.cpp -- In </W/gen/a_commercial_mid_DG4/rubble_commercial_mid_DG4_elevation_S_chunk/Prototypes/huge_concrete_rubble_pile_p015>: Could not open asset @omniverse://airlab-nucleus.andrew.cmu.edu:443/Projects/SEI-COA/scene_gen/assets/rubble_hd/huge_concrete_rubble_pile/huge_concrete_rubble_pile_p015.usdc@ for reference introduced by @anon:0x3130fe70:tmp.usda@</W/gen/a_commercial_mid_DG4/rubble_commercial_mid_DG4_elevation_S_chunk/Prototypes/huge_concrete_rubble_pile_p015>. (recomposing stage on stage @anon:0x3130fe70:tmp.usda@ <0x2ffe3d30>)
Warning: in _ReportErrors at line 3172 of /builds/omniverse/usd-ci/USD/pxr/usd/usd/stage.cpp -- In </W/gen/a_commercial_mid_DG4/rubble_commercial_mid_DG4_elevation_S_chunk/Prototypes/concrete_slabs_p024>: Could not open asset @omniverse://airlab-nucleus.andrew.cmu.edu:443/Projects/SEI-COA/scene_gen/assets/rubble_hd/concrete_slabs/concrete_slabs_p024.usdc@ for reference introduced by @anon:0x3130fe70:tmp.usda@</W/gen/a_commercial_mid_DG4/rubble_commercial_mid_DG4_elevation_S_chunk/Prototypes/concrete_slabs_p024>. (recomposing stage on stage @anon:0x3130fe70:tmp.usda@ <0x2ffe3d30>)
Warning: in _ReportErrors at line 3172 of /builds/omniverse/usd-ci/USD/pxr/usd/usd/stage.cpp -- In </W/gen/a_commercial_mid_DG4/rubble_commercial_mid_DG4_elevation_S_chunk/Prototypes/concrete_slabs_p073>: Could not open asset @omniverse://airlab-nucleus.andrew.cmu.edu:443/Projects/SEI-COA/scene_gen/assets/rubble_hd/concrete_slabs/concrete_slabs_p073.usdc@ for reference introduced by @anon:0x3130fe70:tmp.usda@</W/gen/a_commercial_mid_DG4/rubble_commercial_mid_DG4_elevation_S_chunk/Prototypes/concrete_slabs_p073>. (recomposing stage on stage @anon:0x3130fe70:tmp.usda@ <0x2ffe3d30>)
Warning: in _ReportErrors at line 3172 of /builds/omniverse/usd-ci/USD/pxr/usd/usd/stage.cpp -- In </W/gen/a_commercial_mid_DG4/rubble_commercial_mid_DG4_elevation_S_chunk/Prototypes/concrete_slabs_p050>: Could not open asset @omniverse://airlab-nucleus.andrew.cmu.edu:443/Projects/SEI-COA/scene_gen/assets/rubble_hd/concrete_slabs/concrete_slabs_p050.usdc@ for reference introduced by @anon:0x3130fe70:tmp.usda@</W/gen/a_commercial_mid_DG4/rubble_commercial_mid_DG4_elevation_S_chunk/Prototypes/concrete_slabs_p050>. (recomposing stage on stage @anon:0x3130fe70:tmp.usda@ <0x2ffe3d30>)
Warning: in _ReportErrors at line 3172 of /builds/omniverse/usd-ci/USD/pxr/usd/usd/stage.cpp -- In </W/gen/a_commercial_mid_DG4/rubble_commercial_mid_DG4_elevation_S_chunk/Prototypes/huge_concrete_rubble_pile_p038>: Could not open asset @omniverse://airlab-nucleus.andrew.cmu.edu:443/Projects/SEI-COA/scene_gen/assets/rubble_hd/huge_concrete_rubble_pile/huge_concrete_rubble_pile_p038.usdc@ for reference introduced by @anon:0x3130fe70:tmp.usda@</W/gen/a_commercial_mid_DG4/rubble_commercial_mid_DG4_elevation_S_chunk/Prototypes/huge_concrete_rubble_pile_p038>. (recomposing stage on stage @anon:0x3130fe70:tmp.usda@ <0x2ffe3d30>)
Warning: in _ReportErrors at line 3172 of /builds/omniverse/usd-ci/USD/pxr/usd/usd/stage.cpp -- In </W/gen/a_commercial_mid_DG4/rubble_commercial_mid_DG4_elevation_S_chunk/Prototypes/concrete_slabs_p075>: Could not open asset @omniverse://airlab-nucleus.andrew.cmu.edu:443/Projects/SEI-COA/scene_gen/assets/rubble_hd/concrete_slabs/concrete_slabs_p075.usdc@ for reference introduced by @anon:0x3130fe70:tmp.usda@</W/gen/a_commercial_mid_DG4/rubble_commercial_mid_DG4_elevation_S_chunk/Prototypes/concrete_slabs_p075>. (recomposing stage on stage @anon:0x3130fe70:tmp.usda@ <0x2ffe3d30>)
Warning: in _ReportErrors at line 3172 of /builds/omniverse/usd-ci/USD/pxr/usd/usd/stage.cpp -- In </W/gen/a_commercial_mid_DG4/rubble_commercial_mid_DG4_elevation_S_chunk/Prototypes/concrete_slabs_p012>: Could not open asset @omniverse://airlab-nucleus.andrew.cmu.edu:443/Projects/SEI-COA/scene_gen/assets/rubble_hd/concrete_slabs/concrete_slabs_p012.usdc@ for reference introduced by @anon:0x3130fe70:tmp.usda@</W/gen/a_commercial_mid_DG4/rubble_commercial_mid_DG4_elevation_S_chunk/Prototypes/concrete_slabs_p012>. (recomposing stage on stage @anon:0x3130fe70:tmp.usda@ <0x2ffe3d30>)
Warning: in _ReportErrors at line 3172 of /builds/omniverse/usd-ci/USD/pxr/usd/usd/stage.cpp -- In </W/gen/a_commercial_mid_DG4/rubble_commercial_mid_DG4_elevation_S_chunk/Prototypes/concrete_slabs_p005>: Could not open asset @omniverse://airlab-nucleus.andrew.cmu.edu:443/Projects/SEI-COA/scene_gen/assets/rubble_hd/concrete_slabs/concrete_slabs_p005.usdc@ for reference introduced by @anon:0x3130fe70:tmp.usda@</W/gen/a_commercial_mid_DG4/rubble_commercial_mid_DG4_elevation_S_chunk/Prototypes/concrete_slabs_p005>. (recomposing stage on stage @anon:0x3130fe70:tmp.usda@ <0x2ffe3d30>)
Warning: in _ReportErrors at line 3172 of /builds/omniverse/usd-ci/USD/pxr/usd/usd/stage.cpp -- In </W/gen/a_commercial_mid_DG4/rubble_commercial_mid_DG4_elevation_S_chunk/Prototypes/brick_debris_pile_p19>: Could not open asset @omniverse://airlab-nucleus.andrew.cmu.edu:443/Projects/SEI-COA/scene_gen/assets/rubble_hd/brick_debris_pile/brick_debris_pile_p19.usdc@ for reference introduced by @anon:0x3130fe70:tmp.usda@</W/gen/a_commercial_mid_DG4/rubble_commercial_mid_DG4_elevation_S_chunk/Prototypes/brick_debris_pile_p19>. (recomposing stage on stage @anon:0x3130fe70:tmp.usda@ <0x2ffe3d30>)
Warning: in _ReportErrors at line 3172 of /builds/omniverse/usd-ci/USD/pxr/usd/usd/stage.cpp -- In </W/gen/a_commercial_mid_DG4/rubble_commercial_mid_DG4_elevation_S_chunk/Prototypes/concrete_slabs_p029>: Could not open asset @omniverse://airlab-nucleus.andrew.cmu.edu:443/Projects/SEI-COA/scene_gen/assets/rubble_hd/concrete_slabs/concrete_slabs_p029.usdc@ for reference introduced by @anon:0x3130fe70:tmp.usda@</W/gen/a_commercial_mid_DG4/rubble_commercial_mid_DG4_elevation_S_chunk/Prototypes/concrete_slabs_p029>. (recomposing stage on stage @anon:0x3130fe70:tmp.usda@ <0x2ffe3d30>)
Warning: in _ReportErrors at line 3172 of /builds/omniverse/usd-ci/USD/pxr/usd/usd/stage.cpp -- In </W/gen/a_commercial_mid_DG4/rubble_commercial_mid_DG4_elevation_S_chunk/Prototypes/concrete_slabs_p043>: Could not open asset @omniverse://airlab-nucleus.andrew.cmu.edu:443/Projects/SEI-COA/scene_gen/assets/rubble_hd/concrete_slabs/concrete_slabs_p043.usdc@ for reference introduced by @anon:0x3130fe70:tmp.usda@</W/gen/a_commercial_mid_DG4/rubble_commercial_mid_DG4_elevation_S_chunk/Prototypes/concrete_slabs_p043>. (recomposing stage on stage @anon:0x3130fe70:tmp.usda@ <0x2ffe3d30>)
Warning: in _ReportErrors at line 3172 of /builds/omniverse/usd-ci/USD/pxr/usd/usd/stage.cpp -- In </W/gen/a_commercial_mid_DG4/rubble_commercial_mid_DG4_elevation_S_chunk/Prototypes/huge_concrete_rubble_pile_p056>: Could not open asset @omniverse://airlab-nucleus.andrew.cmu.edu:443/Projects/SEI-COA/scene_gen/assets/rubble_hd/huge_concrete_rubble_pile/huge_concrete_rubble_pile_p056.usdc@ for reference introduced by @anon:0x3130fe70:tmp.usda@</W/gen/a_commercial_mid_DG4/rubble_commercial_mid_DG4_elevation_S_chunk/Prototypes/huge_concrete_rubble_pile_p056>. (recomposing stage on stage @anon:0x3130fe70:tmp.usda@ <0x2ffe3d30>)
Warning: in _ReportErrors at line 3172 of /builds/omniverse/usd-ci/USD/pxr/usd/usd/stage.cpp -- In </W/gen/a_commercial_mid_DG4/rubble_commercial_mid_DG4_elevation_S_chunk/Prototypes/concrete_slabs_p003>: Could not open asset @omniverse://airlab-nucleus.andrew.cmu.edu:443/Projects/SEI-COA/scene_gen/assets/rubble_hd/concrete_slabs/concrete_slabs_p003.usdc@ for reference introduced by @anon:0x3130fe70:tmp.usda@</W/gen/a_commercial_mid_DG4/rubble_commercial_mid_DG4_elevation_S_chunk/Prototypes/concrete_slabs_p003>. (recomposing stage on stage @anon:0x3130fe70:tmp.usda@ <0x2ffe3d30>)
Warning: in _ReportErrors at line 3172 of /builds/omniverse/usd-ci/USD/pxr/usd/usd/stage.cpp -- In </W/gen/a_commercial_mid_DG4/rubble_commercial_mid_DG4_elevation_S_chunk/Prototypes/concrete_slabs_p025>: Could not open asset @omniverse://airlab-nucleus.andrew.cmu.edu:443/Projects/SEI-COA/scene_gen/assets/rubble_hd/concrete_slabs/concrete_slabs_p025.usdc@ for reference introduced by @anon:0x3130fe70:tmp.usda@</W/gen/a_commercial_mid_DG4/rubble_commercial_mid_DG4_elevation_S_chunk/Prototypes/concrete_slabs_p025>. (recomposing stage on stage @anon:0x3130fe70:tmp.usda@ <0x2ffe3d30>)
Warning: in _ReportErrors at line 3172 of /builds/omniverse/usd-ci/USD/pxr/usd/usd/stage.cpp -- In </W/gen/a_commercial_mid_DG4/rubble_commercial_mid_DG4_elevation_S_chunk/Prototypes/concrete_slabs_p016>: Could not open asset @omniverse://airlab-nucleus.andrew.cmu.edu:443/Projects/SEI-COA/scene_gen/assets/rubble_hd/concrete_slabs/concrete_slabs_p016.usdc@ for reference introduced by @anon:0x3130fe70:tmp.usda@</W/gen/a_commercial_mid_DG4/rubble_commercial_mid_DG4_elevation_S_chunk/Prototypes/concrete_slabs_p016>. (recomposing stage on stage @anon:0x3130fe70:tmp.usda@ <0x2ffe3d30>)
Warning: in _ReportErrors at line 3172 of /builds/omniverse/usd-ci/USD/pxr/usd/usd/stage.cpp -- In </W/gen/a_commercial_mid_DG4/rubble_commercial_mid_DG4_elevation_S_chunk/Prototypes/concrete_slabs_p032>: Could not open asset @omniverse://airlab-nucleus.andrew.cmu.edu:443/Projects/SEI-COA/scene_gen/assets/rubble_hd/concrete_slabs/concrete_slabs_p032.usdc@ for reference introduced by @anon:0x3130fe70:tmp.usda@</W/gen/a_commercial_mid_DG4/rubble_commercial_mid_DG4_elevation_S_chunk/Prototypes/concrete_slabs_p032>. (recomposing stage on stage @anon:0x3130fe70:tmp.usda@ <0x2ffe3d30>)
Warning: in _ReportErrors at line 3172 of /builds/omniverse/usd-ci/USD/pxr/usd/usd/stage.cpp -- In </W/gen/a_commercial_mid_DG4/rubble_commercial_mid_DG4_elevation_S_chunk/Prototypes/concrete_slabs_p027>: Could not open asset @omniverse://airlab-nucleus.andrew.cmu.edu:443/Projects/SEI-COA/scene_gen/assets/rubble_hd/concrete_slabs/concrete_slabs_p027.usdc@ for reference introduced by @anon:0x3130fe70:tmp.usda@</W/gen/a_commercial_mid_DG4/rubble_commercial_mid_DG4_elevation_S_chunk/Prototypes/concrete_slabs_p027>. (recomposing stage on stage @anon:0x3130fe70:tmp.usda@ <0x2ffe3d30>)
Warning: in _ReportErrors at line 3172 of /builds/omniverse/usd-ci/USD/pxr/usd/usd/stage.cpp -- In </W/gen/a_commercial_mid_DG4/rubble_commercial_mid_DG4_elevation_S_chunk/Prototypes/concrete_slabs_p042>: Could not open asset @omniverse://airlab-nucleus.andrew.cmu.edu:443/Projects/SEI-COA/scene_gen/assets/rubble_hd/concrete_slabs/concrete_slabs_p042.usdc@ for reference introduced by @anon:0x3130fe70:tmp.usda@</W/gen/a_commercial_mid_DG4/rubble_commercial_mid_DG4_elevation_S_chunk/Prototypes/concrete_slabs_p042>. (recomposing stage on stage @anon:0x3130fe70:tmp.usda@ <0x2ffe3d30>)
Warning: in _ReportErrors at line 3172 of /builds/omniverse/usd-ci/USD/pxr/usd/usd/stage.cpp -- In </W/gen/a_commercial_mid_DG4/rubble_commercial_mid_DG4_elevation_S_chunk/Prototypes/huge_concrete_rubble_pile_p073>: Could not open asset @omniverse://airlab-nucleus.andrew.cmu.edu:443/Projects/SEI-COA/scene_gen/assets/rubble_hd/huge_concrete_rubble_pile/huge_concrete_rubble_pile_p073.usdc@ for reference introduced by @anon:0x3130fe70:tmp.usda@</W/gen/a_commercial_mid_DG4/rubble_commercial_mid_DG4_elevation_S_chunk/Prototypes/huge_concrete_rubble_pile_p073>. (recomposing stage on stage @anon:0x3130fe70:tmp.usda@ <0x2ffe3d30>)
Warning: in _ReportErrors at line 3172 of /builds/omniverse/usd-ci/USD/pxr/usd/usd/stage.cpp -- In </W/gen/a_commercial_mid_DG4/rubble_commercial_mid_DG4_elevation_S_chunk/Prototypes/huge_concrete_rubble_pile_p027>: Could not open asset @omniverse://airlab-nucleus.andrew.cmu.edu:443/Projects/SEI-COA/scene_gen/assets/rubble_hd/huge_concrete_rubble_pile/huge_concrete_rubble_pile_p027.usdc@ for reference introduced by @anon:0x3130fe70:tmp.usda@</W/gen/a_commercial_mid_DG4/rubble_commercial_mid_DG4_elevation_S_chunk/Prototypes/huge_concrete_rubble_pile_p027>. (recomposing stage on stage @anon:0x3130fe70:tmp.usda@ <0x2ffe3d30>)
Warning: in _ReportErrors at line 3172 of /builds/omniverse/usd-ci/USD/pxr/usd/usd/stage.cpp -- In </W/gen/a_commercial_mid_DG4/rubble_commercial_mid_DG4_elevation_S_chunk/Prototypes/concrete_slabs_p014>: Could not open asset @omniverse://airlab-nucleus.andrew.cmu.edu:443/Projects/SEI-COA/scene_gen/assets/rubble_hd/concrete_slabs/concrete_slabs_p014.usdc@ for reference introduced by @anon:0x3130fe70:tmp.usda@</W/gen/a_commercial_mid_DG4/rubble_commercial_mid_DG4_elevation_S_chunk/Prototypes/concrete_slabs_p014>. (recomposing stage on stage @anon:0x3130fe70:tmp.usda@ <0x2ffe3d30>)
Warning: in _ReportErrors at line 3172 of /builds/omniverse/usd-ci/USD/pxr/usd/usd/stage.cpp -- In </W/gen/a_commercial_mid_DG4/rubble_commercial_mid_DG4_elevation_S_chunk/Prototypes/concrete_debris_elements_p015>: Could not open asset @omniverse://airlab-nucleus.andrew.cmu.edu:443/Projects/SEI-COA/scene_gen/assets/rubble_hd/concrete_debris_elements/concrete_debris_elements_p015.usdc@ for reference introduced by @anon:0x3130fe70:tmp.usda@</W/gen/a_commercial_mid_DG4/rubble_commercial_mid_DG4_elevation_S_chunk/Prototypes/concrete_debris_elements_p015>. (recomposing stage on stage @anon:0x3130fe70:tmp.usda@ <0x2ffe3d30>)
Warning: in _ReportErrors at line 3172 of /builds/omniverse/usd-ci/USD/pxr/usd/usd/stage.cpp -- In </W/gen/a_commercial_mid_DG4/rubble_commercial_mid_DG4_elevation_S_chunk/Prototypes/concrete_slabs_p039>: Could not open asset @omniverse://airlab-nucleus.andrew.cmu.edu:443/Projects/SEI-COA/scene_gen/assets/rubble_hd/concrete_slabs/concrete_slabs_p039.usdc@ for reference introduced by @anon:0x3130fe70:tmp.usda@</W/gen/a_commercial_mid_DG4/rubble_commercial_mid_DG4_elevation_S_chunk/Prototypes/concrete_slabs_p039>. (recomposing stage on stage @anon:0x3130fe70:tmp.usda@ <0x2ffe3d30>)
Warning: in _ReportErrors at line 3172 of /builds/omniverse/usd-ci/USD/pxr/usd/usd/stage.cpp -- In </W/gen/a_commercial_mid_DG4/rubble_commercial_mid_DG4_elevation_S_chunk/Prototypes/concrete_slabs_p011>: Could not open asset @omniverse://airlab-nucleus.andrew.cmu.edu:443/Projects/SEI-COA/scene_gen/assets/rubble_hd/concrete_slabs/concrete_slabs_p011.usdc@ for reference introduced by @anon:0x3130fe70:tmp.usda@</W/gen/a_commercial_mid_DG4/rubble_commercial_mid_DG4_elevation_S_chunk/Prototypes/concrete_slabs_p011>. (recomposing stage on stage @anon:0x3130fe70:tmp.usda@ <0x2ffe3d30>)
Warning: in _ReportErrors at line 3172 of /builds/omniverse/usd-ci/USD/pxr/usd/usd/stage.cpp -- In </W/gen/a_commercial_mid_DG4/rubble_commercial_mid_DG4_elevation_S_flake/Prototypes/concrete_debris_elements_p029>: Could not open asset @omniverse://airlab-nucleus.andrew.cmu.edu:443/Projects/SEI-COA/scene_gen/assets/rubble_hd/concrete_debris_elements/concrete_debris_elements_p029.usdc@ for reference introduced by @anon:0x3130fe70:tmp.usda@</W/gen/a_commercial_mid_DG4/rubble_commercial_mid_DG4_elevation_S_flake/Prototypes/concrete_debris_elements_p029>. (recomposing stage on stage @anon:0x3130fe70:tmp.usda@ <0x2ffe3d30>)
Warning: in _ReportErrors at line 3172 of /builds/omniverse/usd-ci/USD/pxr/usd/usd/stage.cpp -- In </W/gen/a_commercial_mid_DG4/rubble_commercial_mid_DG4_elevation_S_flake/Prototypes/brick_debris_pile_p74>: Could not open asset @omniverse://airlab-nucleus.andrew.cmu.edu:443/Projects/SEI-COA/scene_gen/assets/rubble_hd/brick_debris_pile/brick_debris_pile_p74.usdc@ for reference introduced by @anon:0x3130fe70:tmp.usda@</W/gen/a_commercial_mid_DG4/rubble_commercial_mid_DG4_elevation_S_flake/Prototypes/brick_debris_pile_p74>. (recomposing stage on stage @anon:0x3130fe70:tmp.usda@ <0x2ffe3d30>)
Warning: in _ReportErrors at line 3172 of /builds/omniverse/usd-ci/USD/pxr/usd/usd/stage.cpp -- In </W/gen/a_commercial_mid_DG4/rubble_commercial_mid_DG4_elevation_S_flake/Prototypes/lamppost_block_p27>: Could not open asset @omniverse://airlab-nucleus.andrew.cmu.edu:443/Projects/SEI-COA/scene_gen/assets/rubble_hd/lamppost_block/lamppost_block_p27.usdc@ for reference introduced by @anon:0x3130fe70:tmp.usda@</W/gen/a_commercial_mid_DG4/rubble_commercial_mid_DG4_elevation_S_flake/Prototypes/lamppost_block_p27>. (recomposing stage on stage @anon:0x3130fe70:tmp.usda@ <0x2ffe3d30>)
Warning: in _ReportErrors at line 3172 of /builds/omniverse/usd-ci/USD/pxr/usd/usd/stage.cpp -- In </W/gen/a_commercial_mid_DG4/rubble_commercial_mid_DG4_elevation_S_flake/Prototypes/concrete_debris_elements_p103>: Could not open asset @omniverse://airlab-nucleus.andrew.cmu.edu:443/Projects/SEI-COA/scene_gen/assets/rubble_hd/concrete_debris_elements/concrete_debris_elements_p103.usdc@ for reference introduced by @anon:0x3130fe70:tmp.usda@</W/gen/a_commercial_mid_DG4/rubble_commercial_mid_DG4_elevation_S_flake/Prototypes/concrete_debris_elements_p103>. (recomposing stage on stage @anon:0x3130fe70:tmp.usda@ <0x2ffe3d30>)
Warning: in _ReportErrors at line 3172 of /builds/omniverse/usd-ci/USD/pxr/usd/usd/stage.cpp -- In </W/gen/a_commercial_mid_DG4/rubble_commercial_mid_DG4_elevation_S_flake/Prototypes/concrete_debris_elements_p055>: Could not open asset @omniverse://airlab-nucleus.andrew.cmu.edu:443/Projects/SEI-COA/scene_gen/assets/rubble_hd/concrete_debris_elements/concrete_debris_elements_p055.usdc@ for reference introduced by @anon:0x3130fe70:tmp.usda@</W/gen/a_commercial_mid_DG4/rubble_commercial_mid_DG4_elevation_S_flake/Prototypes/concrete_debris_elements_p055>. (recomposing stage on stage @anon:0x3130fe70:tmp.usda@ <0x2ffe3d30>)
Warning: in _ReportErrors at line 3172 of /builds/omniverse/usd-ci/USD/pxr/usd/usd/stage.cpp -- In </W/gen/a_commercial_mid_DG4/rubble_commercial_mid_DG4_elevation_S_flake/Prototypes/brick_debris_pile_p58>: Could not open asset @omniverse://airlab-nucleus.andrew.cmu.edu:443/Projects/SEI-COA/scene_gen/assets/rubble_hd/brick_debris_pile/brick_debris_pile_p58.usdc@ for reference introduced by @anon:0x3130fe70:tmp.usda@</W/gen/a_commercial_mid_DG4/rubble_commercial_mid_DG4_elevation_S_flake/Prototypes/brick_debris_pile_p58>. (recomposing stage on stage @anon:0x3130fe70:tmp.usda@ <0x2ffe3d30>)
Warning: in _ReportErrors at line 3172 of /builds/omniverse/usd-ci/USD/pxr/usd/usd/stage.cpp -- In </W/gen/a_commercial_mid_DG4/rubble_commercial_mid_DG4_elevation_S_flake/Prototypes/brick_debris_pile_p66>: Could not open asset @omniverse://airlab-nucleus.andrew.cmu.edu:443/Projects/SEI-COA/scene_gen/assets/rubble_hd/brick_debris_pile/brick_debris_pile_p66.usdc@ for reference introduced by @anon:0x3130fe70:tmp.usda@</W/gen/a_commercial_mid_DG4/rubble_commercial_mid_DG4_elevation_S_flake/Prototypes/brick_debris_pile_p66>. (recomposing stage on stage @anon:0x3130fe70:tmp.usda@ <0x2ffe3d30>)
Warning: in _ReportErrors at line 3172 of /builds/omniverse/usd-ci/USD/pxr/usd/usd/stage.cpp -- In </W/gen/a_commercial_mid_DG4/rubble_commercial_mid_DG4_elevation_S_flake/Prototypes/brick_debris_pile_p54>: Could not open asset @omniverse://airlab-nucleus.andrew.cmu.edu:443/Projects/SEI-COA/scene_gen/assets/rubble_hd/brick_debris_pile/brick_debris_pile_p54.usdc@ for reference introduced by @anon:0x3130fe70:tmp.usda@</W/gen/a_commercial_mid_DG4/rubble_commercial_mid_DG4_elevation_S_flake/Prototypes/brick_debris_pile_p54>. (recomposing stage on stage @anon:0x3130fe70:tmp.usda@ <0x2ffe3d30>)
Warning: in _ReportErrors at line 3172 of /builds/omniverse/usd-ci/USD/pxr/usd/usd/stage.cpp -- In </W/gen/a_commercial_mid_DG4/rubble_commercial_mid_DG4_elevation_S_flake/Prototypes/brick_debris_pile_p60>: Could not open asset @omniverse://airlab-nucleus.andrew.cmu.edu:443/Projects/SEI-COA/scene_gen/assets/rubble_hd/brick_debris_pile/brick_debris_pile_p60.usdc@ for reference introduced by @anon:0x3130fe70:tmp.usda@</W/gen/a_commercial_mid_DG4/rubble_commercial_mid_DG4_elevation_S_flake/Prototypes/brick_debris_pile_p60>. (recomposing stage on stage @anon:0x3130fe70:tmp.usda@ <0x2ffe3d30>)
Warning: in _ReportErrors at line 3172 of /builds/omniverse/usd-ci/USD/pxr/usd/usd/stage.cpp -- In </W/gen/a_commercial_mid_DG4/rubble_commercial_mid_DG4_elevation_S_flake/Prototypes/brick_debris_pile_p73>: Could not open asset @omniverse://airlab-nucleus.andrew.cmu.edu:443/Projects/SEI-COA/scene_gen/assets/rubble_hd/brick_debris_pile/brick_debris_pile_p73.usdc@ for reference introduced by @anon:0x3130fe70:tmp.usda@</W/gen/a_commercial_mid_DG4/rubble_commercial_mid_DG4_elevation_S_flake/Prototypes/brick_debris_pile_p73>. (recomposing stage on stage @anon:0x3130fe70:tmp.usda@ <0x2ffe3d30>)
Warning: in _ReportErrors at line 3172 of /builds/omniverse/usd-ci/USD/pxr/usd/usd/stage.cpp -- In </W/gen/a_commercial_mid_DG4/rubble_commercial_mid_DG4_elevation_S_flake/Prototypes/lamppost_block_p08>: Could not open asset @omniverse://airlab-nucleus.andrew.cmu.edu:443/Projects/SEI-COA/scene_gen/assets/rubble_hd/lamppost_block/lamppost_block_p08.usdc@ for reference introduced by @anon:0x3130fe70:tmp.usda@</W/gen/a_commercial_mid_DG4/rubble_commercial_mid_DG4_elevation_S_flake/Prototypes/lamppost_block_p08>. (recomposing stage on stage @anon:0x3130fe70:tmp.usda@ <0x2ffe3d30>)
Warning: in _ReportErrors at line 3172 of /builds/omniverse/usd-ci/USD/pxr/usd/usd/stage.cpp -- In </W/gen/a_commercial_mid_DG4/rubble_commercial_mid_DG4_elevation_S_flake/Prototypes/concrete_debris_elements_p158>: Could not open asset @omniverse://airlab-nucleus.andrew.cmu.edu:443/Projects/SEI-COA/scene_gen/assets/rubble_hd/concrete_debris_elements/concrete_debris_elements_p158.usdc@ for reference introduced by @anon:0x3130fe70:tmp.usda@</W/gen/a_commercial_mid_DG4/rubble_commercial_mid_DG4_elevation_S_flake/Prototypes/concrete_debris_elements_p158>. (recomposing stage on stage @anon:0x3130fe70:tmp.usda@ <0x2ffe3d30>)
Warning: in _ReportErrors at line 3172 of /builds/omniverse/usd-ci/USD/pxr/usd/usd/stage.cpp -- In </W/gen/a_commercial_mid_DG4/rubble_commercial_mid_DG4_elevation_S_flake/Prototypes/huge_concrete_rubble_pile_p106>: Could not open asset @omniverse://airlab-nucleus.andrew.cmu.edu:443/Projects/SEI-COA/scene_gen/assets/rubble_hd/huge_concrete_rubble_pile/huge_concrete_rubble_pile_p106.usdc@ for reference introduced by @anon:0x3130fe70:tmp.usda@</W/gen/a_commercial_mid_DG4/rubble_commercial_mid_DG4_elevation_S_flake/Prototypes/huge_concrete_rubble_pile_p106>. (recomposing stage on stage @anon:0x3130fe70:tmp.usda@ <0x2ffe3d30>)
Warning: in _ReportErrors at line 3172 of /builds/omniverse/usd-ci/USD/pxr/usd/usd/stage.cpp -- In </W/gen/a_commercial_mid_DG4/rubble_commercial_mid_DG4_elevation_S_flake/Prototypes/brick_debris_pile_p68>: Could not open asset @omniverse://airlab-nucleus.andrew.cmu.edu:443/Projects/SEI-COA/scene_gen/assets/rubble_hd/brick_debris_pile/brick_debris_pile_p68.usdc@ for reference introduced by @anon:0x3130fe70:tmp.usda@</W/gen/a_commercial_mid_DG4/rubble_commercial_mid_DG4_elevation_S_flake/Prototypes/brick_debris_pile_p68>. (recomposing stage on stage @anon:0x3130fe70:tmp.usda@ <0x2ffe3d30>)
Warning: in _ReportErrors at line 3172 of /builds/omniverse/usd-ci/USD/pxr/usd/usd/stage.cpp -- In </W/gen/a_commercial_mid_DG4/rubble_commercial_mid_DG4_elevation_S_flake/Prototypes/concrete_slabs_p107>: Could not open asset @omniverse://airlab-nucleus.andrew.cmu.edu:443/Projects/SEI-COA/scene_gen/assets/rubble_hd/concrete_slabs/concrete_slabs_p107.usdc@ for reference introduced by @anon:0x3130fe70:tmp.usda@</W/gen/a_commercial_mid_DG4/rubble_commercial_mid_DG4_elevation_S_flake/Prototypes/concrete_slabs_p107>. (recomposing stage on stage @anon:0x3130fe70:tmp.usda@ <0x2ffe3d30>)
Warning: in _ReportErrors at line 3172 of /builds/omniverse/usd-ci/USD/pxr/usd/usd/stage.cpp -- In </W/gen/a_commercial_mid_DG4/rubble_commercial_mid_DG4_elevation_S_flake/Prototypes/brick_debris_pile_p43>: Could not open asset @omniverse://airlab-nucleus.andrew.cmu.edu:443/Projects/SEI-COA/scene_gen/assets/rubble_hd/brick_debris_pile/brick_debris_pile_p43.usdc@ for reference introduced by @anon:0x3130fe70:tmp.usda@</W/gen/a_commercial_mid_DG4/rubble_commercial_mid_DG4_elevation_S_flake/Prototypes/brick_debris_pile_p43>. (recomposing stage on stage @anon:0x3130fe70:tmp.usda@ <0x2ffe3d30>)
Status: in Open at line 72 of /builds/omniverse/usd-resolver/source/library/OmniUsdAsset.cpp -- OmniUsdResolver: Opened asset 'omniverse://airlab-nucleus.andrew.cmu.edu:443/Projects/SEI-COA/scene_gen/assets/concrete_rubble_debris/split/brick_debris_pile/brick_debris_pile.usdc' for read
Warning: in _ReportErrors at line 3172 of /builds/omniverse/usd-ci/USD/pxr/usd/usd/stage.cpp -- In </W/gen/a_commercial_mid_DG4/rubble_commercial_mid_DG4_elevation_S_toe/Prototypes/cracked_paving_slabs_p39>: Could not open asset @omniverse://airlab-nucleus.andrew.cmu.edu:443/Projects/SEI-COA/scene_gen/assets/rubble_hd/cracked_paving_slabs/cracked_paving_slabs_p39.usdc@ for reference introduced by @anon:0x3130fe70:tmp.usda@</W/gen/a_commercial_mid_DG4/rubble_commercial_mid_DG4_elevation_S_toe/Prototypes/cracked_paving_slabs_p39>. (recomposing stage on stage @anon:0x3130fe70:tmp.usda@ <0x2ffe3d30>)
Warning: in _ReportErrors at line 3172 of /builds/omniverse/usd-ci/USD/pxr/usd/usd/stage.cpp -- In </W/gen/a_commercial_mid_DG4/rubble_commercial_mid_DG4_elevation_S_toe/Prototypes/cracked_paving_slabs_p23>: Could not open asset @omniverse://airlab-nucleus.andrew.cmu.edu:443/Projects/SEI-COA/scene_gen/assets/rubble_hd/cracked_paving_slabs/cracked_paving_slabs_p23.usdc@ for reference introduced by @anon:0x3130fe70:tmp.usda@</W/gen/a_commercial_mid_DG4/rubble_commercial_mid_DG4_elevation_S_toe/Prototypes/cracked_paving_slabs_p23>. (recomposing stage on stage @anon:0x3130fe70:tmp.usda@ <0x2ffe3d30>)
Warning: in BindingsAtPrim at line 686 of /builds/omniverse/usd-ci/USD/pxr/usd/usdShade/materialBindingAPI.cpp -- Found material bindings on prim at path (/W/gen/a_commercial_mid_DG4/brk_commercial_mid_DG4_bld_commercial_mid_top_5_174/frag_001) but MaterialBindingAPI is not applied on the prim
Warning: in BindingsAtPrim at line 686 of /builds/omniverse/usd-ci/USD/pxr/usd/usdShade/materialBindingAPI.cpp -- Found material bindings on prim at path (/W/gen/a_commercial_mid_DG4/brk_commercial_mid_DG4_bld_commercial_mid_top_5_174/frag_003) but MaterialBindingAPI is not applied on the prim
Warning: in BindingsAtPrim at line 686 of /builds/omniverse/usd-ci/USD/pxr/usd/usdShade/materialBindingAPI.cpp -- Found material bindings on prim at path (/W/gen/a_commercial_mid_DG4/brk_commercial_mid_DG4_bld_commercial_mid_top_5_174/frag_004) but MaterialBindingAPI is not applied on the prim
Warning: in BindingsAtPrim at line 686 of /builds/omniverse/usd-ci/USD/pxr/usd/usdShade/materialBindingAPI.cpp -- Found material bindings on prim at path (/W/gen/a_commercial_mid_DG4/brk_commercial_mid_DG4_bld_commercial_mid_top_5_175/frag_003) but MaterialBindingAPI is not applied on the prim
Warning: in BindingsAtPrim at line 686 of /builds/omniverse/usd-ci/USD/pxr/usd/usdShade/materialBindingAPI.cpp -- Found material bindings on prim at path (/W/gen/a_commercial_mid_DG4/brk_commercial_mid_DG4_bld_commercial_mid_top_5_175/frag_004) but MaterialBindingAPI is not applied on the prim
Warning: in BindingsAtPrim at line 686 of /builds/omniverse/usd-ci/USD/pxr/usd/usdShade/materialBindingAPI.cpp -- Found material bindings on prim at path (/W/gen/a_commercial_mid_DG4/brk_commercial_mid_DG4_bld_commercial_mid_top_5_175/frag_005) but MaterialBindingAPI is not applied on the prim
Warning: in BindingsAtPrim at line 686 of /builds/omniverse/usd-ci/USD/pxr/usd/usdShade/materialBindingAPI.cpp -- Found material bindings on prim at path (/W/gen/a_commercial_mid_DG4/brk_commercial_mid_DG4_bld_commercial_mid_top_5_175/frag_007) but MaterialBindingAPI is not applied on the prim
Warning: in BindingsAtPrim at line 686 of /builds/omniverse/usd-ci/USD/pxr/usd/usdShade/materialBindingAPI.cpp -- Found material bindings on prim at path (/W/gen/a_commercial_mid_DG4/brk_commercial_mid_DG4_bld_commercial_mid_top_5_175/frag_008) but MaterialBindingAPI is not applied on the prim
Warning: in BindingsAtPrim at line 686 of /builds/omniverse/usd-ci/USD/pxr/usd/usdShade/materialBindingAPI.cpp -- Found material bindings on prim at path (/W/gen/a_commercial_mid_DG4/brk_commercial_mid_DG4_bld_commercial_mid_top_5_176/frag_000) but MaterialBindingAPI is not applied on the prim
Warning: in BindingsAtPrim at line 686 of /builds/omniverse/usd-ci/USD/pxr/usd/usdShade/materialBindingAPI.cpp -- Found material bindings on prim at path (/W/gen/a_commercial_mid_DG4/brk_commercial_mid_DG4_bld_commercial_mid_top_5_176/frag_004) but MaterialBindingAPI is not applied on the prim
Warning: in BindingsAtPrim at line 686 of /builds/omniverse/usd-ci/USD/pxr/usd/usdShade/materialBindingAPI.cpp -- Found material bindings on prim at path (/W/gen/a_commercial_mid_DG4/brk_commercial_mid_DG4_bld_commercial_mid_top_5_176/frag_007) but MaterialBindingAPI is not applied on the prim
Warning: in BindingsAtPrim at line 686 of /builds/omniverse/usd-ci/USD/pxr/usd/usdShade/materialBindingAPI.cpp -- Found material bindings on prim at path (/W/gen/a_commercial_mid_DG4/brk_commercial_mid_DG4_bld_commercial_mid_top_5_177/frag_000) but MaterialBindingAPI is not applied on the prim
Warning: in BindingsAtPrim at line 686 of /builds/omniverse/usd-ci/USD/pxr/usd/usdShade/materialBindingAPI.cpp -- Found material bindings on prim at path (/W/gen/a_commercial_mid_DG4/brk_commercial_mid_DG4_bld_commercial_mid_top_5_177/frag_005) but MaterialBindingAPI is not applied on the prim
Warning: in _ReportErrors at line 3172 of /builds/omniverse/usd-ci/USD/pxr/usd/usd/stage.cpp -- In </W/gen/a_commercial_mid_DG4/rubble_commercial_mid_DG4_parapet_W_chunk/Prototypes/brick_debris_pile_p19>: Could not open asset @omniverse://airlab-nucleus.andrew.cmu.edu:443/Projects/SEI-COA/scene_gen/assets/rubble_hd/brick_debris_pile/brick_debris_pile_p19.usdc@ for reference introduced by @anon:0x3130fe70:tmp.usda@</W/gen/a_commercial_mid_DG4/rubble_commercial_mid_DG4_parapet_W_chunk/Prototypes/brick_debris_pile_p19>. (recomposing stage on stage @anon:0x3130fe70:tmp.usda@ <0x2ffe3d30>)
Warning: in _ReportErrors at line 3172 of /builds/omniverse/usd-ci/USD/pxr/usd/usd/stage.cpp -- In </W/gen/a_commercial_mid_DG4/rubble_commercial_mid_DG4_parapet_W_chunk/Prototypes/concrete_slabs_p075>: Could not open asset @omniverse://airlab-nucleus.andrew.cmu.edu:443/Projects/SEI-COA/scene_gen/assets/rubble_hd/concrete_slabs/concrete_slabs_p075.usdc@ for reference introduced by @anon:0x3130fe70:tmp.usda@</W/gen/a_commercial_mid_DG4/rubble_commercial_mid_DG4_parapet_W_chunk/Prototypes/concrete_slabs_p075>. (recomposing stage on stage @anon:0x3130fe70:tmp.usda@ <0x2ffe3d30>)
Warning: in _ReportErrors at line 3172 of /builds/omniverse/usd-ci/USD/pxr/usd/usd/stage.cpp -- In </W/gen/a_commercial_mid_DG4/rubble_commercial_mid_DG4_parapet_W_chunk/Prototypes/concrete_slabs_p011>: Could not open asset @omniverse://airlab-nucleus.andrew.cmu.edu:443/Projects/SEI-COA/scene_gen/assets/rubble_hd/concrete_slabs/concrete_slabs_p011.usdc@ for reference introduced by @anon:0x3130fe70:tmp.usda@</W/gen/a_commercial_mid_DG4/rubble_commercial_mid_DG4_parapet_W_chunk/Prototypes/concrete_slabs_p011>. (recomposing stage on stage @anon:0x3130fe70:tmp.usda@ <0x2ffe3d30>)
Warning: in _ReportErrors at line 3172 of /builds/omniverse/usd-ci/USD/pxr/usd/usd/stage.cpp -- In </W/gen/a_commercial_mid_DG4/rubble_commercial_mid_DG4_parapet_W_chunk/Prototypes/concrete_slabs_p029>: Could not open asset @omniverse://airlab-nucleus.andrew.cmu.edu:443/Projects/SEI-COA/scene_gen/assets/rubble_hd/concrete_slabs/concrete_slabs_p029.usdc@ for reference introduced by @anon:0x3130fe70:tmp.usda@</W/gen/a_commercial_mid_DG4/rubble_commercial_mid_DG4_parapet_W_chunk/Prototypes/concrete_slabs_p029>. (recomposing stage on stage @anon:0x3130fe70:tmp.usda@ <0x2ffe3d30>)
Warning: in _ReportErrors at line 3172 of /builds/omniverse/usd-ci/USD/pxr/usd/usd/stage.cpp -- In </W/gen/a_commercial_mid_DG4/rubble_commercial_mid_DG4_parapet_W_chunk/Prototypes/huge_concrete_rubble_pile_p038>: Could not open asset @omniverse://airlab-nucleus.andrew.cmu.edu:443/Projects/SEI-COA/scene_gen/assets/rubble_hd/huge_concrete_rubble_pile/huge_concrete_rubble_pile_p038.usdc@ for reference introduced by @anon:0x3130fe70:tmp.usda@</W/gen/a_commercial_mid_DG4/rubble_commercial_mid_DG4_parapet_W_chunk/Prototypes/huge_concrete_rubble_pile_p038>. (recomposing stage on stage @anon:0x3130fe70:tmp.usda@ <0x2ffe3d30>)
Warning: in _ReportErrors at line 3172 of /builds/omniverse/usd-ci/USD/pxr/usd/usd/stage.cpp -- In </W/gen/a_commercial_mid_DG4/rubble_commercial_mid_DG4_parapet_W_chunk/Prototypes/concrete_slabs_p050>: Could not open asset @omniverse://airlab-nucleus.andrew.cmu.edu:443/Projects/SEI-COA/scene_gen/assets/rubble_hd/concrete_slabs/concrete_slabs_p050.usdc@ for reference introduced by @anon:0x3130fe70:tmp.usda@</W/gen/a_commercial_mid_DG4/rubble_commercial_mid_DG4_parapet_W_chunk/Prototypes/concrete_slabs_p050>. (recomposing stage on stage @anon:0x3130fe70:tmp.usda@ <0x2ffe3d30>)
Warning: in _ReportErrors at line 3172 of /builds/omniverse/usd-ci/USD/pxr/usd/usd/stage.cpp -- In </W/gen/a_commercial_mid_DG4/rubble_commercial_mid_DG4_parapet_W_chunk/Prototypes/huge_concrete_rubble_pile_p056>: Could not open asset @omniverse://airlab-nucleus.andrew.cmu.edu:443/Projects/SEI-COA/scene_gen/assets/rubble_hd/huge_concrete_rubble_pile/huge_concrete_rubble_pile_p056.usdc@ for reference introduced by @anon:0x3130fe70:tmp.usda@</W/gen/a_commercial_mid_DG4/rubble_commercial_mid_DG4_parapet_W_chunk/Prototypes/huge_concrete_rubble_pile_p056>. (recomposing stage on stage @anon:0x3130fe70:tmp.usda@ <0x2ffe3d30>)
Warning: in _ReportErrors at line 3172 of /builds/omniverse/usd-ci/USD/pxr/usd/usd/stage.cpp -- In </W/gen/a_commercial_mid_DG4/rubble_commercial_mid_DG4_parapet_W_chunk/Prototypes/concrete_slabs_p016>: Could not open asset @omniverse://airlab-nucleus.andrew.cmu.edu:443/Projects/SEI-COA/scene_gen/assets/rubble_hd/concrete_slabs/concrete_slabs_p016.usdc@ for reference introduced by @anon:0x3130fe70:tmp.usda@</W/gen/a_commercial_mid_DG4/rubble_commercial_mid_DG4_parapet_W_chunk/Prototypes/concrete_slabs_p016>. (recomposing stage on stage @anon:0x3130fe70:tmp.usda@ <0x2ffe3d30>)
Warning: in _ReportErrors at line 3172 of /builds/omniverse/usd-ci/USD/pxr/usd/usd/stage.cpp -- In </W/gen/a_commercial_mid_DG4/rubble_commercial_mid_DG4_parapet_W_chunk/Prototypes/concrete_slabs_p042>: Could not open asset @omniverse://airlab-nucleus.andrew.cmu.edu:443/Projects/SEI-COA/scene_gen/assets/rubble_hd/concrete_slabs/concrete_slabs_p042.usdc@ for reference introduced by @anon:0x3130fe70:tmp.usda@</W/gen/a_commercial_mid_DG4/rubble_commercial_mid_DG4_parapet_W_chunk/Prototypes/concrete_slabs_p042>. (recomposing stage on stage @anon:0x3130fe70:tmp.usda@ <0x2ffe3d30>)
Warning: in _ReportErrors at line 3172 of /builds/omniverse/usd-ci/USD/pxr/usd/usd/stage.cpp -- In </W/gen/a_commercial_mid_DG4/rubble_commercial_mid_DG4_parapet_W_chunk/Prototypes/concrete_slabs_p043>: Could not open asset @omniverse://airlab-nucleus.andrew.cmu.edu:443/Projects/SEI-COA/scene_gen/assets/rubble_hd/concrete_slabs/concrete_slabs_p043.usdc@ for reference introduced by @anon:0x3130fe70:tmp.usda@</W/gen/a_commercial_mid_DG4/rubble_commercial_mid_DG4_parapet_W_chunk/Prototypes/concrete_slabs_p043>. (recomposing stage on stage @anon:0x3130fe70:tmp.usda@ <0x2ffe3d30>)
Warning: in _ReportErrors at line 3172 of /builds/omniverse/usd-ci/USD/pxr/usd/usd/stage.cpp -- In </W/gen/a_commercial_mid_DG4/rubble_commercial_mid_DG4_parapet_W_chunk/Prototypes/huge_concrete_rubble_pile_p027>: Could not open asset @omniverse://airlab-nucleus.andrew.cmu.edu:443/Projects/SEI-COA/scene_gen/assets/rubble_hd/huge_concrete_rubble_pile/huge_concrete_rubble_pile_p027.usdc@ for reference introduced by @anon:0x3130fe70:tmp.usda@</W/gen/a_commercial_mid_DG4/rubble_commercial_mid_DG4_parapet_W_chunk/Prototypes/huge_concrete_rubble_pile_p027>. (recomposing stage on stage @anon:0x3130fe70:tmp.usda@ <0x2ffe3d30>)
Warning: in _ReportErrors at line 3172 of /builds/omniverse/usd-ci/USD/pxr/usd/usd/stage.cpp -- In </W/gen/a_commercial_mid_DG4/rubble_commercial_mid_DG4_parapet_W_chunk/Prototypes/concrete_slabs_p028>: Could not open asset @omniverse://airlab-nucleus.andrew.cmu.edu:443/Projects/SEI-COA/scene_gen/assets/rubble_hd/concrete_slabs/concrete_slabs_p028.usdc@ for reference introduced by @anon:0x3130fe70:tmp.usda@</W/gen/a_commercial_mid_DG4/rubble_commercial_mid_DG4_parapet_W_chunk/Prototypes/concrete_slabs_p028>. (recomposing stage on stage @anon:0x3130fe70:tmp.usda@ <0x2ffe3d30>)
Warning: in _ReportErrors at line 3172 of /builds/omniverse/usd-ci/USD/pxr/usd/usd/stage.cpp -- In </W/gen/a_commercial_mid_DG4/rubble_commercial_mid_DG4_parapet_W_chunk/Prototypes/concrete_slabs_p005>: Could not open asset @omniverse://airlab-nucleus.andrew.cmu.edu:443/Projects/SEI-COA/scene_gen/assets/rubble_hd/concrete_slabs/concrete_slabs_p005.usdc@ for reference introduced by @anon:0x3130fe70:tmp.usda@</W/gen/a_commercial_mid_DG4/rubble_commercial_mid_DG4_parapet_W_chunk/Prototypes/concrete_slabs_p005>. (recomposing stage on stage @anon:0x3130fe70:tmp.usda@ <0x2ffe3d30>)
Warning: in _ReportErrors at line 3172 of /builds/omniverse/usd-ci/USD/pxr/usd/usd/stage.cpp -- In </W/gen/a_commercial_mid_DG4/rubble_commercial_mid_DG4_parapet_W_chunk/Prototypes/huge_concrete_rubble_pile_p073>: Could not open asset @omniverse://airlab-nucleus.andrew.cmu.edu:443/Projects/SEI-COA/scene_gen/assets/rubble_hd/huge_concrete_rubble_pile/huge_concrete_rubble_pile_p073.usdc@ for reference introduced by @anon:0x3130fe70:tmp.usda@</W/gen/a_commercial_mid_DG4/rubble_commercial_mid_DG4_parapet_W_chunk/Prototypes/huge_concrete_rubble_pile_p073>. (recomposing stage on stage @anon:0x3130fe70:tmp.usda@ <0x2ffe3d30>)
Warning: in _ReportErrors at line 3172 of /builds/omniverse/usd-ci/USD/pxr/usd/usd/stage.cpp -- In </W/gen/a_commercial_mid_DG4/rubble_commercial_mid_DG4_parapet_W_chunk/Prototypes/concrete_debris_elements_p005>: Could not open asset @omniverse://airlab-nucleus.andrew.cmu.edu:443/Projects/SEI-COA/scene_gen/assets/rubble_hd/concrete_debris_elements/concrete_debris_elements_p005.usdc@ for reference introduced by @anon:0x3130fe70:tmp.usda@</W/gen/a_commercial_mid_DG4/rubble_commercial_mid_DG4_parapet_W_chunk/Prototypes/concrete_debris_elements_p005>. (recomposing stage on stage @anon:0x3130fe70:tmp.usda@ <0x2ffe3d30>)
Warning: in _ReportErrors at line 3172 of /builds/omniverse/usd-ci/USD/pxr/usd/usd/stage.cpp -- In </W/gen/a_commercial_mid_DG4/rubble_commercial_mid_DG4_parapet_W_chunk/Prototypes/concrete_slabs_p074>: Could not open asset @omniverse://airlab-nucleus.andrew.cmu.edu:443/Projects/SEI-COA/scene_gen/assets/rubble_hd/concrete_slabs/concrete_slabs_p074.usdc@ for reference introduced by @anon:0x3130fe70:tmp.usda@</W/gen/a_commercial_mid_DG4/rubble_commercial_mid_DG4_parapet_W_chunk/Prototypes/concrete_slabs_p074>. (recomposing stage on stage @anon:0x3130fe70:tmp.usda@ <0x2ffe3d30>)
Warning: in _ReportErrors at line 3172 of /builds/omniverse/usd-ci/USD/pxr/usd/usd/stage.cpp -- In </W/gen/a_commercial_mid_DG4/rubble_commercial_mid_DG4_parapet_W_chunk/Prototypes/concrete_debris_elements_p006>: Could not open asset @omniverse://airlab-nucleus.andrew.cmu.edu:443/Projects/SEI-COA/scene_gen/assets/rubble_hd/concrete_debris_elements/concrete_debris_elements_p006.usdc@ for reference introduced by @anon:0x3130fe70:tmp.usda@</W/gen/a_commercial_mid_DG4/rubble_commercial_mid_DG4_parapet_W_chunk/Prototypes/concrete_debris_elements_p006>. (recomposing stage on stage @anon:0x3130fe70:tmp.usda@ <0x2ffe3d30>)
Warning: in _ReportErrors at line 3172 of /builds/omniverse/usd-ci/USD/pxr/usd/usd/stage.cpp -- In </W/gen/a_commercial_mid_DG4/rubble_commercial_mid_DG4_parapet_W_flake/Prototypes/lamppost_block_p19>: Could not open asset @omniverse://airlab-nucleus.andrew.cmu.edu:443/Projects/SEI-COA/scene_gen/assets/rubble_hd/lamppost_block/lamppost_block_p19.usdc@ for reference introduced by @anon:0x3130fe70:tmp.usda@</W/gen/a_commercial_mid_DG4/rubble_commercial_mid_DG4_parapet_W_flake/Prototypes/lamppost_block_p19>. (recomposing stage on stage @anon:0x3130fe70:tmp.usda@ <0x2ffe3d30>)
Warning: in _ReportErrors at line 3172 of /builds/omniverse/usd-ci/USD/pxr/usd/usd/stage.cpp -- In </W/gen/a_commercial_mid_DG4/rubble_commercial_mid_DG4_parapet_W_flake/Prototypes/brick_debris_pile_p66>: Could not open asset @omniverse://airlab-nucleus.andrew.cmu.edu:443/Projects/SEI-COA/scene_gen/assets/rubble_hd/brick_debris_pile/brick_debris_pile_p66.usdc@ for reference introduced by @anon:0x3130fe70:tmp.usda@</W/gen/a_commercial_mid_DG4/rubble_commercial_mid_DG4_parapet_W_flake/Prototypes/brick_debris_pile_p66>. (recomposing stage on stage @anon:0x3130fe70:tmp.usda@ <0x2ffe3d30>)
Warning: in _ReportErrors at line 3172 of /builds/omniverse/usd-ci/USD/pxr/usd/usd/stage.cpp -- In </W/gen/a_commercial_mid_DG4/rubble_commercial_mid_DG4_parapet_W_flake/Prototypes/brick_debris_pile_p54>: Could not open asset @omniverse://airlab-nucleus.andrew.cmu.edu:443/Projects/SEI-COA/scene_gen/assets/rubble_hd/brick_debris_pile/brick_debris_pile_p54.usdc@ for reference introduced by @anon:0x3130fe70:tmp.usda@</W/gen/a_commercial_mid_DG4/rubble_commercial_mid_DG4_parapet_W_flake/Prototypes/brick_debris_pile_p54>. (recomposing stage on stage @anon:0x3130fe70:tmp.usda@ <0x2ffe3d30>)
Warning: in _ReportErrors at line 3172 of /builds/omniverse/usd-ci/USD/pxr/usd/usd/stage.cpp -- In </W/gen/a_commercial_mid_DG4/rubble_commercial_mid_DG4_parapet_W_flake/Prototypes/concrete_debris_elements_p060>: Could not open asset @omniverse://airlab-nucleus.andrew.cmu.edu:443/Projects/SEI-COA/scene_gen/assets/rubble_hd/concrete_debris_elements/concrete_debris_elements_p060.usdc@ for reference introduced by @anon:0x3130fe70:tmp.usda@</W/gen/a_commercial_mid_DG4/rubble_commercial_mid_DG4_parapet_W_flake/Prototypes/concrete_debris_elements_p060>. (recomposing stage on stage @anon:0x3130fe70:tmp.usda@ <0x2ffe3d30>)
Warning: in _ReportErrors at line 3172 of /builds/omniverse/usd-ci/USD/pxr/usd/usd/stage.cpp -- In </W/gen/a_commercial_mid_DG4/rubble_commercial_mid_DG4_parapet_W_flake/Prototypes/brick_debris_pile_p60>: Could not open asset @omniverse://airlab-nucleus.andrew.cmu.edu:443/Projects/SEI-COA/scene_gen/assets/rubble_hd/brick_debris_pile/brick_debris_pile_p60.usdc@ for reference introduced by @anon:0x3130fe70:tmp.usda@</W/gen/a_commercial_mid_DG4/rubble_commercial_mid_DG4_parapet_W_flake/Prototypes/brick_debris_pile_p60>. (recomposing stage on stage @anon:0x3130fe70:tmp.usda@ <0x2ffe3d30>)
Warning: in _ReportErrors at line 3172 of /builds/omniverse/usd-ci/USD/pxr/usd/usd/stage.cpp -- In </W/gen/a_commercial_mid_DG4/rubble_commercial_mid_DG4_parapet_W_flake/Prototypes/concrete_slabs_p149>: Could not open asset @omniverse://airlab-nucleus.andrew.cmu.edu:443/Projects/SEI-COA/scene_gen/assets/rubble_hd/concrete_slabs/concrete_slabs_p149.usdc@ for reference introduced by @anon:0x3130fe70:tmp.usda@</W/gen/a_commercial_mid_DG4/rubble_commercial_mid_DG4_parapet_W_flake/Prototypes/concrete_slabs_p149>. (recomposing stage on stage @anon:0x3130fe70:tmp.usda@ <0x2ffe3d30>)
Warning: in _ReportErrors at line 3172 of /builds/omniverse/usd-ci/USD/pxr/usd/usd/stage.cpp -- In </W/gen/a_commercial_mid_DG4/rubble_commercial_mid_DG4_parapet_W_flake/Prototypes/brick_debris_pile_p43>: Could not open asset @omniverse://airlab-nucleus.andrew.cmu.edu:443/Projects/SEI-COA/scene_gen/assets/rubble_hd/brick_debris_pile/brick_debris_pile_p43.usdc@ for reference introduced by @anon:0x3130fe70:tmp.usda@</W/gen/a_commercial_mid_DG4/rubble_commercial_mid_DG4_parapet_W_flake/Prototypes/brick_debris_pile_p43>. (recomposing stage on stage @anon:0x3130fe70:tmp.usda@ <0x2ffe3d30>)
Warning: in _ReportErrors at line 3172 of /builds/omniverse/usd-ci/USD/pxr/usd/usd/stage.cpp -- In </W/gen/a_commercial_mid_DG4/rubble_commercial_mid_DG4_parapet_W_flake/Prototypes/brick_debris_pile_p68>: Could not open asset @omniverse://airlab-nucleus.andrew.cmu.edu:443/Projects/SEI-COA/scene_gen/assets/rubble_hd/brick_debris_pile/brick_debris_pile_p68.usdc@ for reference introduced by @anon:0x3130fe70:tmp.usda@</W/gen/a_commercial_mid_DG4/rubble_commercial_mid_DG4_parapet_W_flake/Prototypes/brick_debris_pile_p68>. (recomposing stage on stage @anon:0x3130fe70:tmp.usda@ <0x2ffe3d30>)
Warning: in _ReportErrors at line 3172 of /builds/omniverse/usd-ci/USD/pxr/usd/usd/stage.cpp -- In </W/gen/a_commercial_mid_DG4/rubble_commercial_mid_DG4_parapet_W_flake/Prototypes/brick_debris_pile_p73>: Could not open asset @omniverse://airlab-nucleus.andrew.cmu.edu:443/Projects/SEI-COA/scene_gen/assets/rubble_hd/brick_debris_pile/brick_debris_pile_p73.usdc@ for reference introduced by @anon:0x3130fe70:tmp.usda@</W/gen/a_commercial_mid_DG4/rubble_commercial_mid_DG4_parapet_W_flake/Prototypes/brick_debris_pile_p73>. (recomposing stage on stage @anon:0x3130fe70:tmp.usda@ <0x2ffe3d30>)
Warning: in _ReportErrors at line 3172 of /builds/omniverse/usd-ci/USD/pxr/usd/usd/stage.cpp -- In </W/gen/a_commercial_mid_DG4/rubble_commercial_mid_DG4_parapet_W_flake/Prototypes/brick_debris_pile_p58>: Could not open asset @omniverse://airlab-nucleus.andrew.cmu.edu:443/Projects/SEI-COA/scene_gen/assets/rubble_hd/brick_debris_pile/brick_debris_pile_p58.usdc@ for reference introduced by @anon:0x3130fe70:tmp.usda@</W/gen/a_commercial_mid_DG4/rubble_commercial_mid_DG4_parapet_W_flake/Prototypes/brick_debris_pile_p58>. (recomposing stage on stage @anon:0x3130fe70:tmp.usda@ <0x2ffe3d30>)
Warning: in _ReportErrors at line 3172 of /builds/omniverse/usd-ci/USD/pxr/usd/usd/stage.cpp -- In </W/gen/a_commercial_mid_DG4/rubble_commercial_mid_DG4_parapet_W_flake/Prototypes/lamppost_block_p17>: Could not open asset @omniverse://airlab-nucleus.andrew.cmu.edu:443/Projects/SEI-COA/scene_gen/assets/rubble_hd/lamppost_block/lamppost_block_p17.usdc@ for reference introduced by @anon:0x3130fe70:tmp.usda@</W/gen/a_commercial_mid_DG4/rubble_commercial_mid_DG4_parapet_W_flake/Prototypes/lamppost_block_p17>. (recomposing stage on stage @anon:0x3130fe70:tmp.usda@ <0x2ffe3d30>)
Warning: in _ReportErrors at line 3172 of /builds/omniverse/usd-ci/USD/pxr/usd/usd/stage.cpp -- In </W/gen/a_commercial_mid_DG4/rubble_commercial_mid_DG4_parapet_W_flake/Prototypes/concrete_debris_elements_p127>: Could not open asset @omniverse://airlab-nucleus.andrew.cmu.edu:443/Projects/SEI-COA/scene_gen/assets/rubble_hd/concrete_debris_elements/concrete_debris_elements_p127.usdc@ for reference introduced by @anon:0x3130fe70:tmp.usda@</W/gen/a_commercial_mid_DG4/rubble_commercial_mid_DG4_parapet_W_flake/Prototypes/concrete_debris_elements_p127>. (recomposing stage on stage @anon:0x3130fe70:tmp.usda@ <0x2ffe3d30>)
Warning: in _ReportErrors at line 3172 of /builds/omniverse/usd-ci/USD/pxr/usd/usd/stage.cpp -- In </W/gen/a_commercial_mid_DG4/rubble_commercial_mid_DG4_parapet_W_flake/Prototypes/concrete_debris_elements_p043>: Could not open asset @omniverse://airlab-nucleus.andrew.cmu.edu:443/Projects/SEI-COA/scene_gen/assets/rubble_hd/concrete_debris_elements/concrete_debris_elements_p043.usdc@ for reference introduced by @anon:0x3130fe70:tmp.usda@</W/gen/a_commercial_mid_DG4/rubble_commercial_mid_DG4_parapet_W_flake/Prototypes/concrete_debris_elements_p043>. (recomposing stage on stage @anon:0x3130fe70:tmp.usda@ <0x2ffe3d30>)
Warning: in _ReportErrors at line 3172 of /builds/omniverse/usd-ci/USD/pxr/usd/usd/stage.cpp -- In </W/gen/a_commercial_mid_DG4/rubble_commercial_mid_DG4_parapet_W_flake/Prototypes/concrete_slabs_p163>: Could not open asset @omniverse://airlab-nucleus.andrew.cmu.edu:443/Projects/SEI-COA/scene_gen/assets/rubble_hd/concrete_slabs/concrete_slabs_p163.usdc@ for reference introduced by @anon:0x3130fe70:tmp.usda@</W/gen/a_commercial_mid_DG4/rubble_commercial_mid_DG4_parapet_W_flake/Prototypes/concrete_slabs_p163>. (recomposing stage on stage @anon:0x3130fe70:tmp.usda@ <0x2ffe3d30>)
Warning: in _ReportErrors at line 3172 of /builds/omniverse/usd-ci/USD/pxr/usd/usd/stage.cpp -- In </W/gen/a_commercial_mid_DG4/rubble_commercial_mid_DG4_parapet_W_flake/Prototypes/brick_debris_pile_p74>: Could not open asset @omniverse://airlab-nucleus.andrew.cmu.edu:443/Projects/SEI-COA/scene_gen/assets/rubble_hd/brick_debris_pile/brick_debris_pile_p74.usdc@ for reference introduced by @anon:0x3130fe70:tmp.usda@</W/gen/a_commercial_mid_DG4/rubble_commercial_mid_DG4_parapet_W_flake/Prototypes/brick_debris_pile_p74>. (recomposing stage on stage @anon:0x3130fe70:tmp.usda@ <0x2ffe3d30>)
Warning: in _ReportErrors at line 3172 of /builds/omniverse/usd-ci/USD/pxr/usd/usd/stage.cpp -- In </W/gen/a_commercial_mid_DG4/rubble_commercial_mid_DG4_parapet_W_flake/Prototypes/concrete_debris_elements_p153>: Could not open asset @omniverse://airlab-nucleus.andrew.cmu.edu:443/Projects/SEI-COA/scene_gen/assets/rubble_hd/concrete_debris_elements/concrete_debris_elements_p153.usdc@ for reference introduced by @anon:0x3130fe70:tmp.usda@</W/gen/a_commercial_mid_DG4/rubble_commercial_mid_DG4_parapet_W_flake/Prototypes/concrete_debris_elements_p153>. (recomposing stage on stage @anon:0x3130fe70:tmp.usda@ <0x2ffe3d30>)
Warning: in _ReportErrors at line 3172 of /builds/omniverse/usd-ci/USD/pxr/usd/usd/stage.cpp -- In </W/gen/a_commercial_mid_DG4/rubble_commercial_mid_DG4_parapet_W_toe/Prototypes/concrete_sidewalk_elements_p32>: Could not open asset @omniverse://airlab-nucleus.andrew.cmu.edu:443/Projects/SEI-COA/scene_gen/assets/rubble_hd/concrete_sidewalk_elements/concrete_sidewalk_elements_p32.usdc@ for reference introduced by @anon:0x3130fe70:tmp.usda@</W/gen/a_commercial_mid_DG4/rubble_commercial_mid_DG4_parapet_W_toe/Prototypes/concrete_sidewalk_elements_p32>. (recomposing stage on stage @anon:0x3130fe70:tmp.usda@ <0x2ffe3d30>)
Warning: in _ReportErrors at line 3172 of /builds/omniverse/usd-ci/USD/pxr/usd/usd/stage.cpp -- In </W/gen/a_commercial_mid_DG4/rubble_commercial_mid_DG4_parapet_W_toe/Prototypes/cracked_paving_slabs_p83>: Could not open asset @omniverse://airlab-nucleus.andrew.cmu.edu:443/Projects/SEI-COA/scene_gen/assets/rubble_hd/cracked_paving_slabs/cracked_paving_slabs_p83.usdc@ for reference introduced by @anon:0x3130fe70:tmp.usda@</W/gen/a_commercial_mid_DG4/rubble_commercial_mid_DG4_parapet_W_toe/Prototypes/cracked_paving_slabs_p83>. (recomposing stage on stage @anon:0x3130fe70:tmp.usda@ <0x2ffe3d30>)
Warning: in _ReportErrors at line 3172 of /builds/omniverse/usd-ci/USD/pxr/usd/usd/stage.cpp -- In </W/gen/a_commercial_mid_DG4/rubble_commercial_mid_DG4_parapet_W_toe/Prototypes/concrete_sidewalk_elements_p07>: Could not open asset @omniverse://airlab-nucleus.andrew.cmu.edu:443/Projects/SEI-COA/scene_gen/assets/rubble_hd/concrete_sidewalk_elements/concrete_sidewalk_elements_p07.usdc@ for reference introduced by @anon:0x3130fe70:tmp.usda@</W/gen/a_commercial_mid_DG4/rubble_commercial_mid_DG4_parapet_W_toe/Prototypes/concrete_sidewalk_elements_p07>. (recomposing stage on stage @anon:0x3130fe70:tmp.usda@ <0x2ffe3d30>)
Warning: in BindingsAtPrim at line 686 of /builds/omniverse/usd-ci/USD/pxr/usd/usdShade/materialBindingAPI.cpp -- Found material bindings on prim at path (/W/gen/a_commercial_mid_DG4/brk_commercial_mid_DG4_bld_commercial_mid_top_5_167/frag_000) but MaterialBindingAPI is not applied on the prim
Warning: in BindingsAtPrim at line 686 of /builds/omniverse/usd-ci/USD/pxr/usd/usdShade/materialBindingAPI.cpp -- Found material bindings on prim at path (/W/gen/a_commercial_mid_DG4/brk_commercial_mid_DG4_bld_commercial_mid_top_5_167/frag_002) but MaterialBindingAPI is not applied on the prim
Warning: in BindingsAtPrim at line 686 of /builds/omniverse/usd-ci/USD/pxr/usd/usdShade/materialBindingAPI.cpp -- Found material bindings on prim at path (/W/gen/a_commercial_mid_DG4/brk_commercial_mid_DG4_bld_commercial_mid_top_5_167/frag_006) but MaterialBindingAPI is not applied on the prim
Warning: in BindingsAtPrim at line 686 of /builds/omniverse/usd-ci/USD/pxr/usd/usdShade/materialBindingAPI.cpp -- Found material bindings on prim at path (/W/gen/a_commercial_mid_DG4/brk_commercial_mid_DG4_bld_commercial_mid_top_5_169/frag_002) but MaterialBindingAPI is not applied on the prim
Warning: in BindingsAtPrim at line 686 of /builds/omniverse/usd-ci/USD/pxr/usd/usdShade/materialBindingAPI.cpp -- Found material bindings on prim at path (/W/gen/a_commercial_mid_DG4/brk_commercial_mid_DG4_bld_commercial_mid_top_5_169/frag_007) but MaterialBindingAPI is not applied on the prim
Warning: in BindingsAtPrim at line 686 of /builds/omniverse/usd-ci/USD/pxr/usd/usdShade/materialBindingAPI.cpp -- Found material bindings on prim at path (/W/gen/a_commercial_mid_DG4/brk_commercial_mid_DG4_bld_commercial_mid_top_5_170/frag_000) but MaterialBindingAPI is not applied on the prim
Warning: in BindingsAtPrim at line 686 of /builds/omniverse/usd-ci/USD/pxr/usd/usdShade/materialBindingAPI.cpp -- Found material bindings on prim at path (/W/gen/a_commercial_mid_DG4/brk_commercial_mid_DG4_bld_commercial_mid_top_5_170/frag_001) but MaterialBindingAPI is not applied on the prim
Warning: in BindingsAtPrim at line 686 of /builds/omniverse/usd-ci/USD/pxr/usd/usdShade/materialBindingAPI.cpp -- Found material bindings on prim at path (/W/gen/a_commercial_mid_DG4/brk_commercial_mid_DG4_bld_commercial_mid_top_5_170/frag_006) but MaterialBindingAPI is not applied on the prim
Warning: in BindingsAtPrim at line 686 of /builds/omniverse/usd-ci/USD/pxr/usd/usdShade/materialBindingAPI.cpp -- Found material bindings on prim at path (/W/gen/a_commercial_mid_DG4/brk_commercial_mid_DG4_bld_commercial_mid_top_5_170/frag_007) but MaterialBindingAPI is not applied on the prim
Warning: in BindingsAtPrim at line 686 of /builds/omniverse/usd-ci/USD/pxr/usd/usdShade/materialBindingAPI.cpp -- Found material bindings on prim at path (/W/gen/a_commercial_mid_DG4/brk_commercial_mid_DG4_bld_commercial_mid_top_5_171/frag_000) but MaterialBindingAPI is not applied on the prim
Warning: in BindingsAtPrim at line 686 of /builds/omniverse/usd-ci/USD/pxr/usd/usdShade/materialBindingAPI.cpp -- Found material bindings on prim at path (/W/gen/a_commercial_mid_DG4/brk_commercial_mid_DG4_bld_commercial_mid_top_5_171/frag_001) but MaterialBindingAPI is not applied on the prim
Warning: in BindingsAtPrim at line 686 of /builds/omniverse/usd-ci/USD/pxr/usd/usdShade/materialBindingAPI.cpp -- Found material bindings on prim at path (/W/gen/a_commercial_mid_DG4/brk_commercial_mid_DG4_bld_commercial_mid_top_5_172/frag_004) but MaterialBindingAPI is not applied on the prim
Warning: in BindingsAtPrim at line 686 of /builds/omniverse/usd-ci/USD/pxr/usd/usdShade/materialBindingAPI.cpp -- Found material bindings on prim at path (/W/gen/a_commercial_mid_DG4/brk_commercial_mid_DG4_bld_commercial_mid_top_5_172/frag_007) but MaterialBindingAPI is not applied on the prim
Warning: in BindingsAtPrim at line 686 of /builds/omniverse/usd-ci/USD/pxr/usd/usdShade/materialBindingAPI.cpp -- Found material bindings on prim at path (/W/gen/a_commercial_mid_DG4/brk_commercial_mid_DG4_bld_commercial_mid_top_5_173/frag_003) but MaterialBindingAPI is not applied on the prim
Warning: in BindingsAtPrim at line 686 of /builds/omniverse/usd-ci/USD/pxr/usd/usdShade/materialBindingAPI.cpp -- Found material bindings on prim at path (/W/gen/a_commercial_mid_DG4/brk_commercial_mid_DG4_bld_commercial_mid_top_5_173/frag_005) but MaterialBindingAPI is not applied on the prim
Warning: in _ReportErrors at line 3172 of /builds/omniverse/usd-ci/USD/pxr/usd/usd/stage.cpp -- In </W/gen/a_commercial_mid_DG4/rubble_commercial_mid_DG4_parapet_N_chunk/Prototypes/huge_concrete_rubble_pile_p014>: Could not open asset @omniverse://airlab-nucleus.andrew.cmu.edu:443/Projects/SEI-COA/scene_gen/assets/rubble_hd/huge_concrete_rubble_pile/huge_concrete_rubble_pile_p014.usdc@ for reference introduced by @anon:0x3130fe70:tmp.usda@</W/gen/a_commercial_mid_DG4/rubble_commercial_mid_DG4_parapet_N_chunk/Prototypes/huge_concrete_rubble_pile_p014>. (recomposing stage on stage @anon:0x3130fe70:tmp.usda@ <0x2ffe3d30>)
Warning: in _ReportErrors at line 3172 of /builds/omniverse/usd-ci/USD/pxr/usd/usd/stage.cpp -- In </W/gen/a_commercial_mid_DG4/rubble_commercial_mid_DG4_parapet_N_chunk/Prototypes/concrete_slabs_p054>: Could not open asset @omniverse://airlab-nucleus.andrew.cmu.edu:443/Projects/SEI-COA/scene_gen/assets/rubble_hd/concrete_slabs/concrete_slabs_p054.usdc@ for reference introduced by @anon:0x3130fe70:tmp.usda@</W/gen/a_commercial_mid_DG4/rubble_commercial_mid_DG4_parapet_N_chunk/Prototypes/concrete_slabs_p054>. (recomposing stage on stage @anon:0x3130fe70:tmp.usda@ <0x2ffe3d30>)
Warning: in _ReportErrors at line 3172 of /builds/omniverse/usd-ci/USD/pxr/usd/usd/stage.cpp -- In </W/gen/a_commercial_mid_DG4/rubble_commercial_mid_DG4_parapet_N_chunk/Prototypes/huge_concrete_rubble_pile_p026>: Could not open asset @omniverse://airlab-nucleus.andrew.cmu.edu:443/Projects/SEI-COA/scene_gen/assets/rubble_hd/huge_concrete_rubble_pile/huge_concrete_rubble_pile_p026.usdc@ for reference introduced by @anon:0x3130fe70:tmp.usda@</W/gen/a_commercial_mid_DG4/rubble_commercial_mid_DG4_parapet_N_chunk/Prototypes/huge_concrete_rubble_pile_p026>. (recomposing stage on stage @anon:0x3130fe70:tmp.usda@ <0x2ffe3d30>)
Warning: in _ReportErrors at line 3172 of /builds/omniverse/usd-ci/USD/pxr/usd/usd/stage.cpp -- In </W/gen/a_commercial_mid_DG4/rubble_commercial_mid_DG4_parapet_N_chunk/Prototypes/concrete_debris_elements_p032>: Could not open asset @omniverse://airlab-nucleus.andrew.cmu.edu:443/Projects/SEI-COA/scene_gen/assets/rubble_hd/concrete_debris_elements/concrete_debris_elements_p032.usdc@ for reference introduced by @anon:0x3130fe70:tmp.usda@</W/gen/a_commercial_mid_DG4/rubble_commercial_mid_DG4_parapet_N_chunk/Prototypes/concrete_debris_elements_p032>. (recomposing stage on stage @anon:0x3130fe70:tmp.usda@ <0x2ffe3d30>)
Warning: in _ReportErrors at line 3172 of /builds/omniverse/usd-ci/USD/pxr/usd/usd/stage.cpp -- In </W/gen/a_commercial_mid_DG4/rubble_commercial_mid_DG4_parapet_N_chunk/Prototypes/concrete_slabs_p024>: Could not open asset @omniverse://airlab-nucleus.andrew.cmu.edu:443/Projects/SEI-COA/scene_gen/assets/rubble_hd/concrete_slabs/concrete_slabs_p024.usdc@ for reference introduced by @anon:0x3130fe70:tmp.usda@</W/gen/a_commercial_mid_DG4/rubble_commercial_mid_DG4_parapet_N_chunk/Prototypes/concrete_slabs_p024>. (recomposing stage on stage @anon:0x3130fe70:tmp.usda@ <0x2ffe3d30>)
Warning: in _ReportErrors at line 3172 of /builds/omniverse/usd-ci/USD/pxr/usd/usd/stage.cpp -- In </W/gen/a_commercial_mid_DG4/rubble_commercial_mid_DG4_parapet_N_chunk/Prototypes/huge_concrete_rubble_pile_p073>: Could not open asset @omniverse://airlab-nucleus.andrew.cmu.edu:443/Projects/SEI-COA/scene_gen/assets/rubble_hd/huge_concrete_rubble_pile/huge_concrete_rubble_pile_p073.usdc@ for reference introduced by @anon:0x3130fe70:tmp.usda@</W/gen/a_commercial_mid_DG4/rubble_commercial_mid_DG4_parapet_N_chunk/Prototypes/huge_concrete_rubble_pile_p073>. (recomposing stage on stage @anon:0x3130fe70:tmp.usda@ <0x2ffe3d30>)
Warning: in _ReportErrors at line 3172 of /builds/omniverse/usd-ci/USD/pxr/usd/usd/stage.cpp -- In </W/gen/a_commercial_mid_DG4/rubble_commercial_mid_DG4_parapet_N_chunk/Prototypes/huge_concrete_rubble_pile_p056>: Could not open asset @omniverse://airlab-nucleus.andrew.cmu.edu:443/Projects/SEI-COA/scene_gen/assets/rubble_hd/huge_concrete_rubble_pile/huge_concrete_rubble_pile_p056.usdc@ for reference introduced by @anon:0x3130fe70:tmp.usda@</W/gen/a_commercial_mid_DG4/rubble_commercial_mid_DG4_parapet_N_chunk/Prototypes/huge_concrete_rubble_pile_p056>. (recomposing stage on stage @anon:0x3130fe70:tmp.usda@ <0x2ffe3d30>)
Warning: in _ReportErrors at line 3172 of /builds/omniverse/usd-ci/USD/pxr/usd/usd/stage.cpp -- In </W/gen/a_commercial_mid_DG4/rubble_commercial_mid_DG4_parapet_N_chunk/Prototypes/concrete_slabs_p028>: Could not open asset @omniverse://airlab-nucleus.andrew.cmu.edu:443/Projects/SEI-COA/scene_gen/assets/rubble_hd/concrete_slabs/concrete_slabs_p028.usdc@ for reference introduced by @anon:0x3130fe70:tmp.usda@</W/gen/a_commercial_mid_DG4/rubble_commercial_mid_DG4_parapet_N_chunk/Prototypes/concrete_slabs_p028>. (recomposing stage on stage @anon:0x3130fe70:tmp.usda@ <0x2ffe3d30>)
Warning: in _ReportErrors at line 3172 of /builds/omniverse/usd-ci/USD/pxr/usd/usd/stage.cpp -- In </W/gen/a_commercial_mid_DG4/rubble_commercial_mid_DG4_parapet_N_chunk/Prototypes/huge_concrete_rubble_pile_p011>: Could not open asset @omniverse://airlab-nucleus.andrew.cmu.edu:443/Projects/SEI-COA/scene_gen/assets/rubble_hd/huge_concrete_rubble_pile/huge_concrete_rubble_pile_p011.usdc@ for reference introduced by @anon:0x3130fe70:tmp.usda@</W/gen/a_commercial_mid_DG4/rubble_commercial_mid_DG4_parapet_N_chunk/Prototypes/huge_concrete_rubble_pile_p011>. (recomposing stage on stage @anon:0x3130fe70:tmp.usda@ <0x2ffe3d30>)
Warning: in _ReportErrors at line 3172 of /builds/omniverse/usd-ci/USD/pxr/usd/usd/stage.cpp -- In </W/gen/a_commercial_mid_DG4/rubble_commercial_mid_DG4_parapet_N_chunk/Prototypes/concrete_slabs_p020>: Could not open asset @omniverse://airlab-nucleus.andrew.cmu.edu:443/Projects/SEI-COA/scene_gen/assets/rubble_hd/concrete_slabs/concrete_slabs_p020.usdc@ for reference introduced by @anon:0x3130fe70:tmp.usda@</W/gen/a_commercial_mid_DG4/rubble_commercial_mid_DG4_parapet_N_chunk/Prototypes/concrete_slabs_p020>. (recomposing stage on stage @anon:0x3130fe70:tmp.usda@ <0x2ffe3d30>)
Warning: in _ReportErrors at line 3172 of /builds/omniverse/usd-ci/USD/pxr/usd/usd/stage.cpp -- In </W/gen/a_commercial_mid_DG4/rubble_commercial_mid_DG4_parapet_N_chunk/Prototypes/concrete_slabs_p014>: Could not open asset @omniverse://airlab-nucleus.andrew.cmu.edu:443/Projects/SEI-COA/scene_gen/assets/rubble_hd/concrete_slabs/concrete_slabs_p014.usdc@ for reference introduced by @anon:0x3130fe70:tmp.usda@</W/gen/a_commercial_mid_DG4/rubble_commercial_mid_DG4_parapet_N_chunk/Prototypes/concrete_slabs_p014>. (recomposing stage on stage @anon:0x3130fe70:tmp.usda@ <0x2ffe3d30>)
Warning: in _ReportErrors at line 3172 of /builds/omniverse/usd-ci/USD/pxr/usd/usd/stage.cpp -- In </W/gen/a_commercial_mid_DG4/rubble_commercial_mid_DG4_parapet_N_chunk/Prototypes/concrete_slabs_p043>: Could not open asset @omniverse://airlab-nucleus.andrew.cmu.edu:443/Projects/SEI-COA/scene_gen/assets/rubble_hd/concrete_slabs/concrete_slabs_p043.usdc@ for reference introduced by @anon:0x3130fe70:tmp.usda@</W/gen/a_commercial_mid_DG4/rubble_commercial_mid_DG4_parapet_N_chunk/Prototypes/concrete_slabs_p043>. (recomposing stage on stage @anon:0x3130fe70:tmp.usda@ <0x2ffe3d30>)
Warning: in _ReportErrors at line 3172 of /builds/omniverse/usd-ci/USD/pxr/usd/usd/stage.cpp -- In </W/gen/a_commercial_mid_DG4/rubble_commercial_mid_DG4_parapet_N_chunk/Prototypes/concrete_slabs_p075>: Could not open asset @omniverse://airlab-nucleus.andrew.cmu.edu:443/Projects/SEI-COA/scene_gen/assets/rubble_hd/concrete_slabs/concrete_slabs_p075.usdc@ for reference introduced by @anon:0x3130fe70:tmp.usda@</W/gen/a_commercial_mid_DG4/rubble_commercial_mid_DG4_parapet_N_chunk/Prototypes/concrete_slabs_p075>. (recomposing stage on stage @anon:0x3130fe70:tmp.usda@ <0x2ffe3d30>)
Warning: in _ReportErrors at line 3172 of /builds/omniverse/usd-ci/USD/pxr/usd/usd/stage.cpp -- In </W/gen/a_commercial_mid_DG4/rubble_commercial_mid_DG4_parapet_N_chunk/Prototypes/concrete_slabs_p011>: Could not open asset @omniverse://airlab-nucleus.andrew.cmu.edu:443/Projects/SEI-COA/scene_gen/assets/rubble_hd/concrete_slabs/concrete_slabs_p011.usdc@ for reference introduced by @anon:0x3130fe70:tmp.usda@</W/gen/a_commercial_mid_DG4/rubble_commercial_mid_DG4_parapet_N_chunk/Prototypes/concrete_slabs_p011>. (recomposing stage on stage @anon:0x3130fe70:tmp.usda@ <0x2ffe3d30>)
Warning: in _ReportErrors at line 3172 of /builds/omniverse/usd-ci/USD/pxr/usd/usd/stage.cpp -- In </W/gen/a_commercial_mid_DG4/rubble_commercial_mid_DG4_parapet_N_chunk/Prototypes/concrete_slabs_p073>: Could not open asset @omniverse://airlab-nucleus.andrew.cmu.edu:443/Projects/SEI-COA/scene_gen/assets/rubble_hd/concrete_slabs/concrete_slabs_p073.usdc@ for reference introduced by @anon:0x3130fe70:tmp.usda@</W/gen/a_commercial_mid_DG4/rubble_commercial_mid_DG4_parapet_N_chunk/Prototypes/concrete_slabs_p073>. (recomposing stage on stage @anon:0x3130fe70:tmp.usda@ <0x2ffe3d30>)
Warning: in _ReportErrors at line 3172 of /builds/omniverse/usd-ci/USD/pxr/usd/usd/stage.cpp -- In </W/gen/a_commercial_mid_DG4/rubble_commercial_mid_DG4_parapet_N_chunk/Prototypes/concrete_slabs_p050>: Could not open asset @omniverse://airlab-nucleus.andrew.cmu.edu:443/Projects/SEI-COA/scene_gen/assets/rubble_hd/concrete_slabs/concrete_slabs_p050.usdc@ for reference introduced by @anon:0x3130fe70:tmp.usda@</W/gen/a_commercial_mid_DG4/rubble_commercial_mid_DG4_parapet_N_chunk/Prototypes/concrete_slabs_p050>. (recomposing stage on stage @anon:0x3130fe70:tmp.usda@ <0x2ffe3d30>)
Warning: in _ReportErrors at line 3172 of /builds/omniverse/usd-ci/USD/pxr/usd/usd/stage.cpp -- In </W/gen/a_commercial_mid_DG4/rubble_commercial_mid_DG4_parapet_N_chunk/Prototypes/concrete_debris_elements_p015>: Could not open asset @omniverse://airlab-nucleus.andrew.cmu.edu:443/Projects/SEI-COA/scene_gen/assets/rubble_hd/concrete_debris_elements/concrete_debris_elements_p015.usdc@ for reference introduced by @anon:0x3130fe70:tmp.usda@</W/gen/a_commercial_mid_DG4/rubble_commercial_mid_DG4_parapet_N_chunk/Prototypes/concrete_debris_elements_p015>. (recomposing stage on stage @anon:0x3130fe70:tmp.usda@ <0x2ffe3d30>)
Warning: in _ReportErrors at line 3172 of /builds/omniverse/usd-ci/USD/pxr/usd/usd/stage.cpp -- In </W/gen/a_commercial_mid_DG4/rubble_commercial_mid_DG4_parapet_N_chunk/Prototypes/huge_concrete_rubble_pile_p016>: Could not open asset @omniverse://airlab-nucleus.andrew.cmu.edu:443/Projects/SEI-COA/scene_gen/assets/rubble_hd/huge_concrete_rubble_pile/huge_concrete_rubble_pile_p016.usdc@ for reference introduced by @anon:0x3130fe70:tmp.usda@</W/gen/a_commercial_mid_DG4/rubble_commercial_mid_DG4_parapet_N_chunk/Prototypes/huge_concrete_rubble_pile_p016>. (recomposing stage on stage @anon:0x3130fe70:tmp.usda@ <0x2ffe3d30>)
Warning: in _ReportErrors at line 3172 of /builds/omniverse/usd-ci/USD/pxr/usd/usd/stage.cpp -- In </W/gen/a_commercial_mid_DG4/rubble_commercial_mid_DG4_parapet_N_chunk/Prototypes/concrete_slabs_p003>: Could not open asset @omniverse://airlab-nucleus.andrew.cmu.edu:443/Projects/SEI-COA/scene_gen/assets/rubble_hd/concrete_slabs/concrete_slabs_p003.usdc@ for reference introduced by @anon:0x3130fe70:tmp.usda@</W/gen/a_commercial_mid_DG4/rubble_commercial_mid_DG4_parapet_N_chunk/Prototypes/concrete_slabs_p003>. (recomposing stage on stage @anon:0x3130fe70:tmp.usda@ <0x2ffe3d30>)
Warning: in _ReportErrors at line 3172 of /builds/omniverse/usd-ci/USD/pxr/usd/usd/stage.cpp -- In </W/gen/a_commercial_mid_DG4/rubble_commercial_mid_DG4_parapet_N_chunk/Prototypes/concrete_slabs_p025>: Could not open asset @omniverse://airlab-nucleus.andrew.cmu.edu:443/Projects/SEI-COA/scene_gen/assets/rubble_hd/concrete_slabs/concrete_slabs_p025.usdc@ for reference introduced by @anon:0x3130fe70:tmp.usda@</W/gen/a_commercial_mid_DG4/rubble_commercial_mid_DG4_parapet_N_chunk/Prototypes/concrete_slabs_p025>. (recomposing stage on stage @anon:0x3130fe70:tmp.usda@ <0x2ffe3d30>)
Warning: in _ReportErrors at line 3172 of /builds/omniverse/usd-ci/USD/pxr/usd/usd/stage.cpp -- In </W/gen/a_commercial_mid_DG4/rubble_commercial_mid_DG4_parapet_N_chunk/Prototypes/brick_debris_pile_p19>: Could not open asset @omniverse://airlab-nucleus.andrew.cmu.edu:443/Projects/SEI-COA/scene_gen/assets/rubble_hd/brick_debris_pile/brick_debris_pile_p19.usdc@ for reference introduced by @anon:0x3130fe70:tmp.usda@</W/gen/a_commercial_mid_DG4/rubble_commercial_mid_DG4_parapet_N_chunk/Prototypes/brick_debris_pile_p19>. (recomposing stage on stage @anon:0x3130fe70:tmp.usda@ <0x2ffe3d30>)
Warning: in _ReportErrors at line 3172 of /builds/omniverse/usd-ci/USD/pxr/usd/usd/stage.cpp -- In </W/gen/a_commercial_mid_DG4/rubble_commercial_mid_DG4_parapet_N_chunk/Prototypes/concrete_debris_elements_p005>: Could not open asset @omniverse://airlab-nucleus.andrew.cmu.edu:443/Projects/SEI-COA/scene_gen/assets/rubble_hd/concrete_debris_elements/concrete_debris_elements_p005.usdc@ for reference introduced by @anon:0x3130fe70:tmp.usda@</W/gen/a_commercial_mid_DG4/rubble_commercial_mid_DG4_parapet_N_chunk/Prototypes/concrete_debris_elements_p005>. (recomposing stage on stage @anon:0x3130fe70:tmp.usda@ <0x2ffe3d30>)
Warning: in _ReportErrors at line 3172 of /builds/omniverse/usd-ci/USD/pxr/usd/usd/stage.cpp -- In </W/gen/a_commercial_mid_DG4/rubble_commercial_mid_DG4_parapet_N_chunk/Prototypes/huge_concrete_rubble_pile_p015>: Could not open asset @omniverse://airlab-nucleus.andrew.cmu.edu:443/Projects/SEI-COA/scene_gen/assets/rubble_hd/huge_concrete_rubble_pile/huge_concrete_rubble_pile_p015.usdc@ for reference introduced by @anon:0x3130fe70:tmp.usda@</W/gen/a_commercial_mid_DG4/rubble_commercial_mid_DG4_parapet_N_chunk/Prototypes/huge_concrete_rubble_pile_p015>. (recomposing stage on stage @anon:0x3130fe70:tmp.usda@ <0x2ffe3d30>)
Warning: in _ReportErrors at line 3172 of /builds/omniverse/usd-ci/USD/pxr/usd/usd/stage.cpp -- In </W/gen/a_commercial_mid_DG4/rubble_commercial_mid_DG4_parapet_N_flake/Prototypes/brick_debris_pile_p66>: Could not open asset @omniverse://airlab-nucleus.andrew.cmu.edu:443/Projects/SEI-COA/scene_gen/assets/rubble_hd/brick_debris_pile/brick_debris_pile_p66.usdc@ for reference introduced by @anon:0x3130fe70:tmp.usda@</W/gen/a_commercial_mid_DG4/rubble_commercial_mid_DG4_parapet_N_flake/Prototypes/brick_debris_pile_p66>. (recomposing stage on stage @anon:0x3130fe70:tmp.usda@ <0x2ffe3d30>)
Warning: in _ReportErrors at line 3172 of /builds/omniverse/usd-ci/USD/pxr/usd/usd/stage.cpp -- In </W/gen/a_commercial_mid_DG4/rubble_commercial_mid_DG4_parapet_N_flake/Prototypes/brick_debris_pile_p58>: Could not open asset @omniverse://airlab-nucleus.andrew.cmu.edu:443/Projects/SEI-COA/scene_gen/assets/rubble_hd/brick_debris_pile/brick_debris_pile_p58.usdc@ for reference introduced by @anon:0x3130fe70:tmp.usda@</W/gen/a_commercial_mid_DG4/rubble_commercial_mid_DG4_parapet_N_flake/Prototypes/brick_debris_pile_p58>. (recomposing stage on stage @anon:0x3130fe70:tmp.usda@ <0x2ffe3d30>)
Warning: in _ReportErrors at line 3172 of /builds/omniverse/usd-ci/USD/pxr/usd/usd/stage.cpp -- In </W/gen/a_commercial_mid_DG4/rubble_commercial_mid_DG4_parapet_N_flake/Prototypes/brick_debris_pile_p60>: Could not open asset @omniverse://airlab-nucleus.andrew.cmu.edu:443/Projects/SEI-COA/scene_gen/assets/rubble_hd/brick_debris_pile/brick_debris_pile_p60.usdc@ for reference introduced by @anon:0x3130fe70:tmp.usda@</W/gen/a_commercial_mid_DG4/rubble_commercial_mid_DG4_parapet_N_flake/Prototypes/brick_debris_pile_p60>. (recomposing stage on stage @anon:0x3130fe70:tmp.usda@ <0x2ffe3d30>)
Warning: in _ReportErrors at line 3172 of /builds/omniverse/usd-ci/USD/pxr/usd/usd/stage.cpp -- In </W/gen/a_commercial_mid_DG4/rubble_commercial_mid_DG4_parapet_N_flake/Prototypes/concrete_debris_elements_p135>: Could not open asset @omniverse://airlab-nucleus.andrew.cmu.edu:443/Projects/SEI-COA/scene_gen/assets/rubble_hd/concrete_debris_elements/concrete_debris_elements_p135.usdc@ for reference introduced by @anon:0x3130fe70:tmp.usda@</W/gen/a_commercial_mid_DG4/rubble_commercial_mid_DG4_parapet_N_flake/Prototypes/concrete_debris_elements_p135>. (recomposing stage on stage @anon:0x3130fe70:tmp.usda@ <0x2ffe3d30>)
Warning: in _ReportErrors at line 3172 of /builds/omniverse/usd-ci/USD/pxr/usd/usd/stage.cpp -- In </W/gen/a_commercial_mid_DG4/rubble_commercial_mid_DG4_parapet_N_flake/Prototypes/huge_concrete_rubble_pile_p138>: Could not open asset @omniverse://airlab-nucleus.andrew.cmu.edu:443/Projects/SEI-COA/scene_gen/assets/rubble_hd/huge_concrete_rubble_pile/huge_concrete_rubble_pile_p138.usdc@ for reference introduced by @anon:0x3130fe70:tmp.usda@</W/gen/a_commercial_mid_DG4/rubble_commercial_mid_DG4_parapet_N_flake/Prototypes/huge_concrete_rubble_pile_p138>. (recomposing stage on stage @anon:0x3130fe70:tmp.usda@ <0x2ffe3d30>)
Warning: in _ReportErrors at line 3172 of /builds/omniverse/usd-ci/USD/pxr/usd/usd/stage.cpp -- In </W/gen/a_commercial_mid_DG4/rubble_commercial_mid_DG4_parapet_N_flake/Prototypes/brick_debris_pile_p54>: Could not open asset @omniverse://airlab-nucleus.andrew.cmu.edu:443/Projects/SEI-COA/scene_gen/assets/rubble_hd/brick_debris_pile/brick_debris_pile_p54.usdc@ for reference introduced by @anon:0x3130fe70:tmp.usda@</W/gen/a_commercial_mid_DG4/rubble_commercial_mid_DG4_parapet_N_flake/Prototypes/brick_debris_pile_p54>. (recomposing stage on stage @anon:0x3130fe70:tmp.usda@ <0x2ffe3d30>)
Warning: in _ReportErrors at line 3172 of /builds/omniverse/usd-ci/USD/pxr/usd/usd/stage.cpp -- In </W/gen/a_commercial_mid_DG4/rubble_commercial_mid_DG4_parapet_N_flake/Prototypes/brick_debris_pile_p74>: Could not open asset @omniverse://airlab-nucleus.andrew.cmu.edu:443/Projects/SEI-COA/scene_gen/assets/rubble_hd/brick_debris_pile/brick_debris_pile_p74.usdc@ for reference introduced by @anon:0x3130fe70:tmp.usda@</W/gen/a_commercial_mid_DG4/rubble_commercial_mid_DG4_parapet_N_flake/Prototypes/brick_debris_pile_p74>. (recomposing stage on stage @anon:0x3130fe70:tmp.usda@ <0x2ffe3d30>)
Warning: in _ReportErrors at line 3172 of /builds/omniverse/usd-ci/USD/pxr/usd/usd/stage.cpp -- In </W/gen/a_commercial_mid_DG4/rubble_commercial_mid_DG4_parapet_N_flake/Prototypes/brick_debris_pile_p68>: Could not open asset @omniverse://airlab-nucleus.andrew.cmu.edu:443/Projects/SEI-COA/scene_gen/assets/rubble_hd/brick_debris_pile/brick_debris_pile_p68.usdc@ for reference introduced by @anon:0x3130fe70:tmp.usda@</W/gen/a_commercial_mid_DG4/rubble_commercial_mid_DG4_parapet_N_flake/Prototypes/brick_debris_pile_p68>. (recomposing stage on stage @anon:0x3130fe70:tmp.usda@ <0x2ffe3d30>)
Warning: in _ReportErrors at line 3172 of /builds/omniverse/usd-ci/USD/pxr/usd/usd/stage.cpp -- In </W/gen/a_commercial_mid_DG4/rubble_commercial_mid_DG4_parapet_N_flake/Prototypes/brick_debris_pile_p73>: Could not open asset @omniverse://airlab-nucleus.andrew.cmu.edu:443/Projects/SEI-COA/scene_gen/assets/rubble_hd/brick_debris_pile/brick_debris_pile_p73.usdc@ for reference introduced by @anon:0x3130fe70:tmp.usda@</W/gen/a_commercial_mid_DG4/rubble_commercial_mid_DG4_parapet_N_flake/Prototypes/brick_debris_pile_p73>. (recomposing stage on stage @anon:0x3130fe70:tmp.usda@ <0x2ffe3d30>)
Warning: in _ReportErrors at line 3172 of /builds/omniverse/usd-ci/USD/pxr/usd/usd/stage.cpp -- In </W/gen/a_commercial_mid_DG4/rubble_commercial_mid_DG4_parapet_N_flake/Prototypes/concrete_slabs_p129>: Could not open asset @omniverse://airlab-nucleus.andrew.cmu.edu:443/Projects/SEI-COA/scene_gen/assets/rubble_hd/concrete_slabs/concrete_slabs_p129.usdc@ for reference introduced by @anon:0x3130fe70:tmp.usda@</W/gen/a_commercial_mid_DG4/rubble_commercial_mid_DG4_parapet_N_flake/Prototypes/concrete_slabs_p129>. (recomposing stage on stage @anon:0x3130fe70:tmp.usda@ <0x2ffe3d30>)
Warning: in _ReportErrors at line 3172 of /builds/omniverse/usd-ci/USD/pxr/usd/usd/stage.cpp -- In </W/gen/a_commercial_mid_DG4/rubble_commercial_mid_DG4_parapet_N_flake/Prototypes/lamppost_block_p05>: Could not open asset @omniverse://airlab-nucleus.andrew.cmu.edu:443/Projects/SEI-COA/scene_gen/assets/rubble_hd/lamppost_block/lamppost_block_p05.usdc@ for reference introduced by @anon:0x3130fe70:tmp.usda@</W/gen/a_commercial_mid_DG4/rubble_commercial_mid_DG4_parapet_N_flake/Prototypes/lamppost_block_p05>. (recomposing stage on stage @anon:0x3130fe70:tmp.usda@ <0x2ffe3d30>)
Warning: in _ReportErrors at line 3172 of /builds/omniverse/usd-ci/USD/pxr/usd/usd/stage.cpp -- In </W/gen/a_commercial_mid_DG4/rubble_commercial_mid_DG4_parapet_N_flake/Prototypes/huge_concrete_rubble_pile_p152>: Could not open asset @omniverse://airlab-nucleus.andrew.cmu.edu:443/Projects/SEI-COA/scene_gen/assets/rubble_hd/huge_concrete_rubble_pile/huge_concrete_rubble_pile_p152.usdc@ for reference introduced by @anon:0x3130fe70:tmp.usda@</W/gen/a_commercial_mid_DG4/rubble_commercial_mid_DG4_parapet_N_flake/Prototypes/huge_concrete_rubble_pile_p152>. (recomposing stage on stage @anon:0x3130fe70:tmp.usda@ <0x2ffe3d30>)
Warning: in _ReportErrors at line 3172 of /builds/omniverse/usd-ci/USD/pxr/usd/usd/stage.cpp -- In </W/gen/a_commercial_mid_DG4/rubble_commercial_mid_DG4_parapet_N_flake/Prototypes/brick_debris_pile_p43>: Could not open asset @omniverse://airlab-nucleus.andrew.cmu.edu:443/Projects/SEI-COA/scene_gen/assets/rubble_hd/brick_debris_pile/brick_debris_pile_p43.usdc@ for reference introduced by @anon:0x3130fe70:tmp.usda@</W/gen/a_commercial_mid_DG4/rubble_commercial_mid_DG4_parapet_N_flake/Prototypes/brick_debris_pile_p43>. (recomposing stage on stage @anon:0x3130fe70:tmp.usda@ <0x2ffe3d30>)
Warning: in _ReportErrors at line 3172 of /builds/omniverse/usd-ci/USD/pxr/usd/usd/stage.cpp -- In </W/gen/a_commercial_mid_DG4/rubble_commercial_mid_DG4_parapet_N_flake/Prototypes/concrete_debris_elements_p042>: Could not open asset @omniverse://airlab-nucleus.andrew.cmu.edu:443/Projects/SEI-COA/scene_gen/assets/rubble_hd/concrete_debris_elements/concrete_debris_elements_p042.usdc@ for reference introduced by @anon:0x3130fe70:tmp.usda@</W/gen/a_commercial_mid_DG4/rubble_commercial_mid_DG4_parapet_N_flake/Prototypes/concrete_debris_elements_p042>. (recomposing stage on stage @anon:0x3130fe70:tmp.usda@ <0x2ffe3d30>)
Warning: in _ReportErrors at line 3172 of /builds/omniverse/usd-ci/USD/pxr/usd/usd/stage.cpp -- In </W/gen/a_commercial_mid_DG4/rubble_commercial_mid_DG4_parapet_N_flake/Prototypes/concrete_debris_elements_p175>: Could not open asset @omniverse://airlab-nucleus.andrew.cmu.edu:443/Projects/SEI-COA/scene_gen/assets/rubble_hd/concrete_debris_elements/concrete_debris_elements_p175.usdc@ for reference introduced by @anon:0x3130fe70:tmp.usda@</W/gen/a_commercial_mid_DG4/rubble_commercial_mid_DG4_parapet_N_flake/Prototypes/concrete_debris_elements_p175>. (recomposing stage on stage @anon:0x3130fe70:tmp.usda@ <0x2ffe3d30>)
Warning: in _ReportErrors at line 3172 of /builds/omniverse/usd-ci/USD/pxr/usd/usd/stage.cpp -- In </W/gen/a_commercial_mid_DG4/rubble_commercial_mid_DG4_parapet_N_flake/Prototypes/concrete_debris_elements_p105>: Could not open asset @omniverse://airlab-nucleus.andrew.cmu.edu:443/Projects/SEI-COA/scene_gen/assets/rubble_hd/concrete_debris_elements/concrete_debris_elements_p105.usdc@ for reference introduced by @anon:0x3130fe70:tmp.usda@</W/gen/a_commercial_mid_DG4/rubble_commercial_mid_DG4_parapet_N_flake/Prototypes/concrete_debris_elements_p105>. (recomposing stage on stage @anon:0x3130fe70:tmp.usda@ <0x2ffe3d30>)
Warning: in _ReportErrors at line 3172 of /builds/omniverse/usd-ci/USD/pxr/usd/usd/stage.cpp -- In </W/gen/a_commercial_mid_DG4/rubble_commercial_mid_DG4_parapet_N_toe/Prototypes/cracked_paving_slabs_p26>: Could not open asset @omniverse://airlab-nucleus.andrew.cmu.edu:443/Projects/SEI-COA/scene_gen/assets/rubble_hd/cracked_paving_slabs/cracked_paving_slabs_p26.usdc@ for reference introduced by @anon:0x3130fe70:tmp.usda@</W/gen/a_commercial_mid_DG4/rubble_commercial_mid_DG4_parapet_N_toe/Prototypes/cracked_paving_slabs_p26>. (recomposing stage on stage @anon:0x3130fe70:tmp.usda@ <0x2ffe3d30>)
Warning: in _ReportErrors at line 3172 of /builds/omniverse/usd-ci/USD/pxr/usd/usd/stage.cpp -- In </W/gen/a_commercial_mid_DG4/rubble_commercial_mid_DG4_parapet_N_toe/Prototypes/concrete_sidewalk_elements_p12>: Could not open asset @omniverse://airlab-nucleus.andrew.cmu.edu:443/Projects/SEI-COA/scene_gen/assets/rubble_hd/concrete_sidewalk_elements/concrete_sidewalk_elements_p12.usdc@ for reference introduced by @anon:0x3130fe70:tmp.usda@</W/gen/a_commercial_mid_DG4/rubble_commercial_mid_DG4_parapet_N_toe/Prototypes/concrete_sidewalk_elements_p12>. (recomposing stage on stage @anon:0x3130fe70:tmp.usda@ <0x2ffe3d30>)
Warning: in _ReportErrors at line 3172 of /builds/omniverse/usd-ci/USD/pxr/usd/usd/stage.cpp -- In </W/gen/a_commercial_mid_DG4/rubble_commercial_mid_DG4_parapet_N_toe/Prototypes/cracked_paving_slabs_p20>: Could not open asset @omniverse://airlab-nucleus.andrew.cmu.edu:443/Projects/SEI-COA/scene_gen/assets/rubble_hd/cracked_paving_slabs/cracked_paving_slabs_p20.usdc@ for reference introduced by @anon:0x3130fe70:tmp.usda@</W/gen/a_commercial_mid_DG4/rubble_commercial_mid_DG4_parapet_N_toe/Prototypes/cracked_paving_slabs_p20>. (recomposing stage on stage @anon:0x3130fe70:tmp.usda@ <0x2ffe3d30>)
Warning: in _ReportErrors at line 3172 of /builds/omniverse/usd-ci/USD/pxr/usd/usd/stage.cpp -- In </W/gen/a_commercial_mid_DG4/rubble_commercial_mid_DG4_parapet_N_toe/Prototypes/cracked_paving_slabs_p33>: Could not open asset @omniverse://airlab-nucleus.andrew.cmu.edu:443/Projects/SEI-COA/scene_gen/assets/rubble_hd/cracked_paving_slabs/cracked_paving_slabs_p33.usdc@ for reference introduced by @anon:0x3130fe70:tmp.usda@</W/gen/a_commercial_mid_DG4/rubble_commercial_mid_DG4_parapet_N_toe/Prototypes/cracked_paving_slabs_p33>. (recomposing stage on stage @anon:0x3130fe70:tmp.usda@ <0x2ffe3d30>)
Warning: in BindingsAtPrim at line 686 of /builds/omniverse/usd-ci/USD/pxr/usd/usdShade/materialBindingAPI.cpp -- Found material bindings on prim at path (/W/gen/a_commercial_mid_DG4/roofslab_commercial_mid_DG4_bld_commercial_mid_roof_7_182_rem10) but MaterialBindingAPI is not applied on the prim
Warning: in BindingsAtPrim at line 686 of /builds/omniverse/usd-ci/USD/pxr/usd/usdShade/materialBindingAPI.cpp -- Found material bindings on prim at path (/W/gen/a_commercial_mid_DG4/roofslab_commercial_mid_DG4_bld_commercial_mid_roof_7_182_rem10) but MaterialBindingAPI is not applied on the prim
Warning: in BindingsAtPrim at line 686 of /builds/omniverse/usd-ci/USD/pxr/usd/usdShade/materialBindingAPI.cpp -- Found material bindings on prim at path (/W/gen/a_commercial_mid_DG4/roofslab_commercial_mid_DG4_bld_commercial_mid_roof_7_183_rem12) but MaterialBindingAPI is not applied on the prim
Warning: in BindingsAtPrim at line 686 of /builds/omniverse/usd-ci/USD/pxr/usd/usdShade/materialBindingAPI.cpp -- Found material bindings on prim at path (/W/gen/a_commercial_mid_DG4/roofslab_commercial_mid_DG4_bld_commercial_mid_roof_7_183_rem12) but MaterialBindingAPI is not applied on the prim
[scene_gen] Applied 218 placements under '/W/gen/a_office_plain_DG4' (8 unique USDs, scale_factor=1.0)
[chip] rubble large boxes (office_plain_DG4_collar_2): 2 chipped, 0 passed-through (vtk=True)
====================================================================================
[qc] office_plain DG4 type=rc 93s
   note: quake collapse (mid_storey): rc on S/E/N/W from storey 2 up, 49 module(s) taken, 55 surviving module(s) torn at the edge, 0 slab(s) dropped; windrow outside on S/E/N/W, storey 2 crushed to 1.15 m (crush, lean E 2.1 deg)
   note: quake collapse: 49 module(s) broken into 279 fragment(s), 0 stub module(s) torn at their own height, 55 surviving module(s) torn at the edge of the hole, 134 slab rim piece(s), 0 static prim(s) swept into the loss, 1129 prim(s) carried with the block above, 0 slab(s) stacked, 0 floor board(s), 13 rubble prim(s), 7 joist stub(s)
   note: quake collapse fit-out: 0 slab(s), 3 partition(s), 20 column(s), 11 prop(s) sent down
   note: quake collapse edges: above 30/30, below 25/25, left 7/7, right 4/4, return 0/0; budget 49/420 module(s), 55/200 edge(s)
  MASS main mode=mid_storey sides=S,E,N,W s0=2: kill 49, tears 55 (torn 55, failed 0, dropped 0, no_static 0)
     above   30/30
     below   25/25
     left    7/7
     right   4/4
     return  0/0
  [qc] straight seams left: 0
[scene_gen] Applied 195 placements under '/W/gen/a_apartment_long_DG4' (8 unique USDs, scale_factor=1.0)
[chip] rubble large boxes (apartment_long_DG4_elevation_S): 16 chipped, 0 passed-through (vtk=True)
[chip] rubble large boxes (apartment_long_DG4_parapet_N): 13 chipped, 0 passed-through (vtk=True)
[chip] rubble large boxes (apartment_long_DG4_parapet_E): 12 chipped, 0 passed-through (vtk=True)
[chip] quake_flow: 157 chipped / 0 passed (crumb 22/22, litter 135/135)
====================================================================================
[qc] apartment_long DG4 type=urm 64s
   note: quake collapse (elevation): urm on S from storey 4 up, 18 module(s) taken, 15 surviving module(s) torn at the edge, 1 slab(s) dropped; fan outside on S
   note: quake collapse: 18 module(s) broken into 149 fragment(s), 0 stub module(s) torn at their own height, 15 surviving module(s) torn at the edge of the hole, 0 slab rim piece(s), 0 static prim(s) swept into the loss, 0 prim(s) carried with the block above, 0 slab(s) stacked, 0 floor board(s), 21 rubble prim(s), 6 joist stub(s)
   note: quake collapse fit-out: 1 slab(s), 3 partition(s), 0 column(s), 10 prop(s) sent down
   note: quake collapse roof props: 4 fallen (roof/top storey lost), 0 buried
   note: quake collapse edges: above 0/0, below 7/7, left 3/3, right 3/3, return 4/4; budget 18/130 module(s), 15/200 edge(s)
  MASS main mode=elevation sides=S s0=4: kill 18, tears 15 (torn 15, failed 0, dropped 0, no_static 0)
     above   0/0
     below   7/7
     left    3/3
     right   3/3
     return  4/4
  [qc] straight seams left: 0
[scene_gen] Applied 184 placements under '/W/gen/a_commercial_mid_DG4' (8 unique USDs, scale_factor=1.0)
[fracture] VTK guard: dropped 2 face(s) VTK cannot index (a segfault avoided; see the note above `_VTK_GUARD`)
[chip] rubble large boxes (commercial_mid_DG4_elevation_S): 16 chipped, 0 passed-through (vtk=True)
[chip] rubble large boxes (commercial_mid_DG4_parapet_W): 10 chipped, 0 passed-through (vtk=True)
[chip] rubble large boxes (commercial_mid_DG4_parapet_N): 11 chipped, 0 passed-through (vtk=True)
[chip] quake_flow: 189 chipped / 0 passed (crumb 45/45, litter 144/144)
====================================================================================
[qc] commercial_mid DG4 type=urm 35s
   note: quake collapse (elevation): urm on S from storey 5 up, 10 module(s) taken, 10 surviving module(s) torn at the edge, 1 slab(s) dropped; fan outside on S
   note: quake collapse: 10 module(s) broken into 82 fragment(s), 0 stub module(s) torn at their own height, 10 surviving module(s) torn at the edge of the hole, 0 slab rim piece(s), 0 static prim(s) swept into the loss, 0 prim(s) carried with the block above, 0 slab(s) stacked, 0 floor board(s), 21 rubble prim(s), 7 joist stub(s)
   note: quake collapse fit-out: 1 slab(s), 2 partition(s), 0 column(s), 10 prop(s) sent down
   note: quake collapse roof props: 2 fallen (roof/top storey lost), 0 buried
   note: quake collapse edges: above 0/0, below 6/6, left 2/2, right 2/2, return 2/2; budget 10/130 module(s), 10/200 edge(s)
  MASS main mode=elevation sides=S s0=5: kill 10, tears 10 (torn 10, failed 0, dropped 0, no_static 0)
     above   0/0
     below   6/6
     left    2/2
     right   2/2
     return  2/2
  [qc] straight seams left: 0
