Status: in Open at line 72 of /builds/omniverse/usd-resolver/source/library/OmniUsdAsset.cpp -- OmniUsdResolver: Opened asset 'omniverse://airlab-nucleus.andrew.cmu.edu:443/Library/Stages/Muyang/ModernCityEnvironment/Collected_Building01/SM_MERGED_BP_MBuilding01.usd' for read
Status (secondary thread): in Open at line 72 of /builds/omniverse/usd-resolver/source/library/OmniUsdAsset.cpp -- OmniUsdResolver: Opened asset 'omniverse://airlab-nucleus.andrew.cmu.edu:443/Library/Stages/Muyang/ModernCityEnvironment/Collected_Building01/SubUSDs/SM_MERGED_BP_MBuilding01_C_UAID_D843AE6AE7F20CE502_1864982431.usd' for read
Status (secondary thread): in Open at line 72 of /builds/omniverse/usd-resolver/source/library/OmniUsdAsset.cpp -- OmniUsdResolver: Opened asset 'omniverse://airlab-nucleus.andrew.cmu.edu:443/Library/Stages/Muyang/ModernCityEnvironment/Collected_Building01/SubUSDs/M_MBuilding01_Facades.usd' for read
Status (secondary thread): in Open at line 72 of /builds/omniverse/usd-resolver/source/library/OmniUsdAsset.cpp -- OmniUsdResolver: Opened asset 'omniverse://airlab-nucleus.andrew.cmu.edu:443/Library/Stages/Muyang/ModernCityEnvironment/Collected_Building01/SubUSDs/M_MBuilding01_FirstFloor_C.usd' for read
Status (secondary thread): in Open at line 72 of /builds/omniverse/usd-resolver/source/library/OmniUsdAsset.cpp -- OmniUsdResolver: Opened asset 'omniverse://airlab-nucleus.andrew.cmu.edu:443/Library/Stages/Muyang/ModernCityEnvironment/Collected_Building01/SubUSDs/M_MBuilding01_FirstFloor_A.usd' for read
Status (secondary thread): in Open at line 72 of /builds/omniverse/usd-resolver/source/library/OmniUsdAsset.cpp -- OmniUsdResolver: Opened asset 'omniverse://airlab-nucleus.andrew.cmu.edu:443/Library/Stages/Muyang/ModernCityEnvironment/Collected_Building01/SubUSDs/M_MBuilding01_FirstFloor_B.usd' for read
Status: in _OpenAsset at line 360 of /builds/omniverse/usd-resolver/source/library/OmniUsdResolver_Ar2.cpp -- OmniUsdResolver: Opening filesystem asset '/isaac-sim/extscache/omni.usd.libs-1.0.1+69cbf6ad.lx64.r.cp311/bin/usd/usdMedia/resources/generatedSchema.usda' for read
Status (secondary thread): in _OpenAsset at line 360 of /builds/omniverse/usd-resolver/source/library/OmniUsdResolver_Ar2.cpp -- OmniUsdResolver: Opening filesystem asset '/isaac-sim/extscache/omni.usd.libs-1.0.1+69cbf6ad.lx64.r.cp311/bin/usd/usdPhysics/resources/generatedSchema.usda' for read
Status (secondary thread): in _OpenAsset at line 360 of /builds/omniverse/usd-resolver/source/library/OmniUsdResolver_Ar2.cpp -- OmniUsdResolver: Opening filesystem asset '/isaac-sim/extscache/omni.usd.libs-1.0.1+69cbf6ad.lx64.r.cp311/bin/usd/usd/resources/generatedSchema.usda' for read
Status (secondary thread): in _OpenAsset at line 360 of /builds/omniverse/usd-resolver/source/library/OmniUsdResolver_Ar2.cpp -- OmniUsdResolver: Opening filesystem asset '/isaac-sim/extscache/omni.usd.libs-1.0.1+69cbf6ad.lx64.r.cp311/bin/usd/usdSkel/resources/generatedSchema.usda' for read
Status (secondary thread): in _OpenAsset at line 360 of /builds/omniverse/usd-resolver/source/library/OmniUsdResolver_Ar2.cpp -- OmniUsdResolver: Opening filesystem asset '/isaac-sim/extscache/omni.usd.libs-1.0.1+69cbf6ad.lx64.r.cp311/bin/usd/usdLux/resources/generatedSchema.usda' for read
Status (secondary thread): in _OpenAsset at line 360 of /builds/omniverse/usd-resolver/source/library/OmniUsdResolver_Ar2.cpp -- OmniUsdResolver: Opening filesystem asset '/isaac-sim/extscache/omni.usd.libs-1.0.1+69cbf6ad.lx64.r.cp311/bin/usd/usdSemantics/resources/generatedSchema.usda' for read
Status (secondary thread): in _OpenAsset at line 360 of /builds/omniverse/usd-resolver/source/library/OmniUsdResolver_Ar2.cpp -- OmniUsdResolver: Opening filesystem asset '/isaac-sim/extscache/omni.usd.libs-1.0.1+69cbf6ad.lx64.r.cp311/bin/usd/usdShade/resources/generatedSchema.usda' for read
Status (secondary thread): in _OpenAsset at line 360 of /builds/omniverse/usd-resolver/source/library/OmniUsdResolver_Ar2.cpp -- OmniUsdResolver: Opening filesystem asset '/isaac-sim/extscache/omni.usd.libs-1.0.1+69cbf6ad.lx64.r.cp311/bin/usd/usdGeom/resources/generatedSchema.usda' for read
Status (secondary thread): in _OpenAsset at line 360 of /builds/omniverse/usd-resolver/source/library/OmniUsdResolver_Ar2.cpp -- OmniUsdResolver: Opening filesystem asset '/isaac-sim/extscache/omni.usd.libs-1.0.1+69cbf6ad.lx64.r.cp311/bin/usd/usdRender/resources/generatedSchema.usda' for read
Status (secondary thread): in _OpenAsset at line 360 of /builds/omniverse/usd-resolver/source/library/OmniUsdResolver_Ar2.cpp -- OmniUsdResolver: Opening filesystem asset '/isaac-sim/extscache/omni.usd.libs-1.0.1+69cbf6ad.lx64.r.cp311/bin/usd/usdProc/resources/generatedSchema.usda' for read
Status (secondary thread): in _OpenAsset at line 360 of /builds/omniverse/usd-resolver/source/library/OmniUsdResolver_Ar2.cpp -- OmniUsdResolver: Opening filesystem asset '/isaac-sim/extscache/omni.usd.libs-1.0.1+69cbf6ad.lx64.r.cp311/bin/usd/usdHydra/resources/generatedSchema.usda' for read
Status (secondary thread): in _OpenAsset at line 360 of /builds/omniverse/usd-resolver/source/library/OmniUsdResolver_Ar2.cpp -- OmniUsdResolver: Opening filesystem asset '/isaac-sim/extscache/omni.usd.libs-1.0.1+69cbf6ad.lx64.r.cp311/bin/usd/usdUI/resources/generatedSchema.usda' for read
Status: in _OpenAsset at line 360 of /builds/omniverse/usd-resolver/source/library/OmniUsdResolver_Ar2.cpp -- OmniUsdResolver: Opening filesystem asset '/isaac-sim/extscache/omni.usd.libs-1.0.1+69cbf6ad.lx64.r.cp311/bin/usd/usdRi/resources/generatedSchema.usda' for read
Status (secondary thread): in _OpenAsset at line 360 of /builds/omniverse/usd-resolver/source/library/OmniUsdResolver_Ar2.cpp -- OmniUsdResolver: Opening filesystem asset '/isaac-sim/extscache/omni.usd.libs-1.0.1+69cbf6ad.lx64.r.cp311/bin/usd/usdVol/resources/generatedSchema.usda' for read
Status: in Open at line 72 of /builds/omniverse/usd-resolver/source/library/OmniUsdAsset.cpp -- OmniUsdResolver: Opened asset 'omniverse://airlab-nucleus.andrew.cmu.edu:443/Library/Stages/Muyang/ModernCityEnvironment/Collected_Building02/SM_MERGED_BP_MBuilding02.usd' for read
Status: in Open at line 72 of /builds/omniverse/usd-resolver/source/library/OmniUsdAsset.cpp -- OmniUsdResolver: Opened asset 'omniverse://airlab-nucleus.andrew.cmu.edu:443/Library/Stages/Muyang/ModernCityEnvironment/Collected_Building05/SM_MERGED_BP_MBuilding05.usd' for read
Status: in Open at line 72 of /builds/omniverse/usd-resolver/source/library/OmniUsdAsset.cpp -- OmniUsdResolver: Opened asset 'omniverse://airlab-nucleus.andrew.cmu.edu:443/Library/Stages/Muyang/DownTown/Assets/BG_Building_A.usd' for read
Status (secondary thread): in Open at line 72 of /builds/omniverse/usd-resolver/source/library/OmniUsdAsset.cpp -- OmniUsdResolver: Opened asset 'omniverse://airlab-nucleus.andrew.cmu.edu:443/Library/Stages/Muyang/DownTown/Assets/Roof_Inst.usd' for read
Status (secondary thread): in Open at line 72 of /builds/omniverse/usd-resolver/source/library/OmniUsdAsset.cpp -- OmniUsdResolver: Opened asset 'omniverse://airlab-nucleus.andrew.cmu.edu:443/Library/Stages/Muyang/DownTown/Assets/GarageDoor_Inst.usd' for read
Status (secondary thread): in Open at line 72 of /builds/omniverse/usd-resolver/source/library/OmniUsdAsset.cpp -- OmniUsdResolver: Opened asset 'omniverse://airlab-nucleus.andrew.cmu.edu:443/Library/Stages/Muyang/DownTown/Assets/Building_A_Proxy.usd' for read
Status (secondary thread): in Open at line 72 of /builds/omniverse/usd-resolver/source/library/OmniUsdAsset.cpp -- OmniUsdResolver: Opened asset 'omniverse://airlab-nucleus.andrew.cmu.edu:443/Library/Stages/Muyang/DownTown/Assets/Brick_A_Inst2.usd' for read
Status: in Open at line 72 of /builds/omniverse/usd-resolver/source/library/OmniUsdAsset.cpp -- OmniUsdResolver: Opened asset 'omniverse://airlab-nucleus.andrew.cmu.edu:443/Library/Stages/Muyang/DownTown/Assets/Concrete_A_Inst.usd' for read
Status: in Open at line 72 of /builds/omniverse/usd-resolver/source/library/OmniUsdAsset.cpp -- OmniUsdResolver: Opened asset 'omniverse://airlab-nucleus.andrew.cmu.edu:443/Library/Stages/Muyang/DownTown/Assets/BG_Building_B.usd' for read
Status (secondary thread): in Open at line 72 of /builds/omniverse/usd-resolver/source/library/OmniUsdAsset.cpp -- OmniUsdResolver: Opened asset 'omniverse://airlab-nucleus.andrew.cmu.edu:443/Library/Stages/Muyang/DownTown/Assets/Building_B_Panels.usd' for read
Status (secondary thread): in Open at line 72 of /builds/omniverse/usd-resolver/source/library/OmniUsdAsset.cpp -- OmniUsdResolver: Opened asset 'omniverse://airlab-nucleus.andrew.cmu.edu:443/Library/Stages/Muyang/DownTown/Assets/Roof_Inst.usd' for read
Status (secondary thread): in Open at line 72 of /builds/omniverse/usd-resolver/source/library/OmniUsdAsset.cpp -- OmniUsdResolver: Opened asset 'omniverse://airlab-nucleus.andrew.cmu.edu:443/Library/Stages/Muyang/DownTown/Assets/Building_B_Proxy.usd' for read
Status (secondary thread): in Open at line 72 of /builds/omniverse/usd-resolver/source/library/OmniUsdAsset.cpp -- OmniUsdResolver: Opened asset 'omniverse://airlab-nucleus.andrew.cmu.edu:443/Library/Stages/Muyang/DownTown/Assets/Concrete_A_Inst.usd' for read
Status: in Open at line 72 of /builds/omniverse/usd-resolver/source/library/OmniUsdAsset.cpp -- OmniUsdResolver: Opened asset 'omniverse://airlab-nucleus.andrew.cmu.edu:443/Library/Stages/Muyang/DownTown/Assets/BG_Building_C.usd' for read
Status: in Open at line 72 of /builds/omniverse/usd-resolver/source/library/OmniUsdAsset.cpp -- OmniUsdResolver: Opened asset 'omniverse://airlab-nucleus.andrew.cmu.edu:443/Library/Stages/Muyang/DownTown/Assets/Roof_Inst.usd' for read
Status (secondary thread): in Open at line 72 of /builds/omniverse/usd-resolver/source/library/OmniUsdAsset.cpp -- OmniUsdResolver: Opened asset 'omniverse://airlab-nucleus.andrew.cmu.edu:443/Library/Stages/Muyang/DownTown/Assets/MetalPainted_Black.usd' for read
Status (secondary thread): in Open at line 72 of /builds/omniverse/usd-resolver/source/library/OmniUsdAsset.cpp -- OmniUsdResolver: Opened asset 'omniverse://airlab-nucleus.andrew.cmu.edu:443/Library/Stages/Muyang/DownTown/Assets/Building_C_Proxy.usd' for read
Status: in Open at line 72 of /builds/omniverse/usd-resolver/source/library/OmniUsdAsset.cpp -- OmniUsdResolver: Opened asset 'omniverse://airlab-nucleus.andrew.cmu.edu:443/Library/Stages/Muyang/DownTown/Assets/BG_Building_D.usd' for read
Status: in Open at line 72 of /builds/omniverse/usd-resolver/source/library/OmniUsdAsset.cpp -- OmniUsdResolver: Opened asset 'omniverse://airlab-nucleus.andrew.cmu.edu:443/Library/Stages/Muyang/DownTown/Assets/Roof_Inst.usd' for read
Status (secondary thread): in Open at line 72 of /builds/omniverse/usd-resolver/source/library/OmniUsdAsset.cpp -- OmniUsdResolver: Opened asset 'omniverse://airlab-nucleus.andrew.cmu.edu:443/Library/Stages/Muyang/DownTown/Assets/Building_D_Inst.usd' for read
Status (secondary thread): in Open at line 72 of /builds/omniverse/usd-resolver/source/library/OmniUsdAsset.cpp -- OmniUsdResolver: Opened asset 'omniverse://airlab-nucleus.andrew.cmu.edu:443/Library/Stages/Muyang/DownTown/Assets/Building_D_Mid_Proxy.usd' for read
Status: in Open at line 72 of /builds/omniverse/usd-resolver/source/library/OmniUsdAsset.cpp -- OmniUsdResolver: Opened asset 'omniverse://airlab-nucleus.andrew.cmu.edu:443/Library/Stages/Muyang/DownTown/Assets/BG_Building_E.usd' for read
Status: in Open at line 72 of /builds/omniverse/usd-resolver/source/library/OmniUsdAsset.cpp -- OmniUsdResolver: Opened asset 'omniverse://airlab-nucleus.andrew.cmu.edu:443/Library/Stages/Muyang/DownTown/Assets/Roof_Inst.usd' for read
Status (secondary thread): in Open at line 72 of /builds/omniverse/usd-resolver/source/library/OmniUsdAsset.cpp -- OmniUsdResolver: Opened asset 'omniverse://airlab-nucleus.andrew.cmu.edu:443/Library/Stages/Muyang/DownTown/Assets/Glass_Opaque.usd' for read
Status (secondary thread): in Open at line 72 of /builds/omniverse/usd-resolver/source/library/OmniUsdAsset.cpp -- OmniUsdResolver: Opened asset 'omniverse://airlab-nucleus.andrew.cmu.edu:443/Library/Stages/Muyang/DownTown/Assets/Building_E_Mid_Proxy.usd' for read
Status (secondary thread): in Open at line 72 of /builds/omniverse/usd-resolver/source/library/OmniUsdAsset.cpp -- OmniUsdResolver: Opened asset 'omniverse://airlab-nucleus.andrew.cmu.edu:443/Library/Stages/Muyang/DownTown/Assets/Building_E_Inst.usd' for read
Status (secondary thread): in Open at line 72 of /builds/omniverse/usd-resolver/source/library/OmniUsdAsset.cpp -- OmniUsdResolver: Opened asset 'omniverse://airlab-nucleus.andrew.cmu.edu:443/Library/Stages/Muyang/DownTown/Assets/GarageDoor_Inst.usd' for read
Status: in Open at line 72 of /builds/omniverse/usd-resolver/source/library/OmniUsdAsset.cpp -- OmniUsdResolver: Opened asset 'omniverse://airlab-nucleus.andrew.cmu.edu:443/Library/Stages/Muyang/DownTown/Assets/BG_Building_F.usd' for read
Status (secondary thread): in Open at line 72 of /builds/omniverse/usd-resolver/source/library/OmniUsdAsset.cpp -- OmniUsdResolver: Opened asset 'omniverse://airlab-nucleus.andrew.cmu.edu:443/Library/Stages/Muyang/DownTown/Assets/MetalPainted_White.usd' for read
Status: in Open at line 72 of /builds/omniverse/usd-resolver/source/library/OmniUsdAsset.cpp -- OmniUsdResolver: Opened asset 'omniverse://airlab-nucleus.andrew.cmu.edu:443/Library/Stages/Muyang/DownTown/Assets/Roof_Inst.usd' for read
Status (secondary thread): in Open at line 72 of /builds/omniverse/usd-resolver/source/library/OmniUsdAsset.cpp -- OmniUsdResolver: Opened asset 'omniverse://airlab-nucleus.andrew.cmu.edu:443/Library/Stages/Muyang/DownTown/Assets/Building_F_Proxy.usd' for read
Status: in Open at line 72 of /builds/omniverse/usd-resolver/source/library/OmniUsdAsset.cpp -- OmniUsdResolver: Opened asset 'omniverse://airlab-nucleus.andrew.cmu.edu:443/Library/Stages/Muyang/DestroyedBuildings/Assets/destroyed_building_4.usd' for read
Status (secondary thread): in Open at line 72 of /builds/omniverse/usd-resolver/source/library/OmniUsdAsset.cpp -- OmniUsdResolver: Opened asset 'omniverse://airlab-nucleus.andrew.cmu.edu:443/Library/Stages/Muyang/DestroyedBuildings/Assets/MI_destroyed_building_4.usd' for read
Status: in Open at line 72 of /builds/omniverse/usd-resolver/source/library/OmniUsdAsset.cpp -- OmniUsdResolver: Opened asset 'omniverse://airlab-nucleus.andrew.cmu.edu:443/Library/Stages/Muyang/DestroyedBuildings/Assets/destroyed_building_4_variation_1.usd' for read
Status (secondary thread): in Open at line 72 of /builds/omniverse/usd-resolver/source/library/OmniUsdAsset.cpp -- OmniUsdResolver: Opened asset 'omniverse://airlab-nucleus.andrew.cmu.edu:443/Library/Stages/Muyang/DestroyedBuildings/Assets/MI_destroyed_building_4.usd' for read
Status: in Open at line 72 of /builds/omniverse/usd-resolver/source/library/OmniUsdAsset.cpp -- OmniUsdResolver: Opened asset 'omniverse://airlab-nucleus.andrew.cmu.edu:443/Library/Stages/Muyang/DestroyedBuildings/Assets/destroyed_building_5.usd' for read
Status (secondary thread): in Open at line 72 of /builds/omniverse/usd-resolver/source/library/OmniUsdAsset.cpp -- OmniUsdResolver: Opened asset 'omniverse://airlab-nucleus.andrew.cmu.edu:443/Library/Stages/Muyang/DestroyedBuildings/Assets/MI_destroyed_building_5.usd' for read
Status: in Open at line 72 of /builds/omniverse/usd-resolver/source/library/OmniUsdAsset.cpp -- OmniUsdResolver: Opened asset 'omniverse://airlab-nucleus.andrew.cmu.edu:443/Library/Stages/Muyang/DestroyedBuildings/Assets/destroyed_building_9.usd' for read
Status: in Open at line 72 of /builds/omniverse/usd-resolver/source/library/OmniUsdAsset.cpp -- OmniUsdResolver: Opened asset 'omniverse://airlab-nucleus.andrew.cmu.edu:443/Library/Stages/Muyang/DestroyedBuildings/Assets/MI_destroyed_building_9.usd' for read
Status: in Open at line 72 of /builds/omniverse/usd-resolver/source/library/OmniUsdAsset.cpp -- OmniUsdResolver: Opened asset 'omniverse://airlab-nucleus.andrew.cmu.edu:443/Library/Stages/Muyang/DestroyedBuildings/Assets/destroyed_building_10.usd' for read
Status (secondary thread): in Open at line 72 of /builds/omniverse/usd-resolver/source/library/OmniUsdAsset.cpp -- OmniUsdResolver: Opened asset 'omniverse://airlab-nucleus.andrew.cmu.edu:443/Library/Stages/Muyang/DestroyedBuildings/Assets/MI_destroyed_building_10.usd' for read
Status: in Open at line 72 of /builds/omniverse/usd-resolver/source/library/OmniUsdAsset.cpp -- OmniUsdResolver: Opened asset 'omniverse://airlab-nucleus.andrew.cmu.edu:443/Library/Stages/Muyang/DestroyedBuildings/Assets/destroyed_building_1.usd' for read
Status: in Open at line 72 of /builds/omniverse/usd-resolver/source/library/OmniUsdAsset.cpp -- OmniUsdResolver: Opened asset 'omniverse://airlab-nucleus.andrew.cmu.edu:443/Library/Stages/Muyang/DestroyedBuildings/Assets/MI_destroyed_building_1.usd' for read
Status: in Open at line 72 of /builds/omniverse/usd-resolver/source/library/OmniUsdAsset.cpp -- OmniUsdResolver: Opened asset 'omniverse://airlab-nucleus.andrew.cmu.edu:443/Library/Stages/Muyang/DestroyedBuildings/Assets/destroyed_building_2.usd' for read
Status (secondary thread): in Open at line 72 of /builds/omniverse/usd-resolver/source/library/OmniUsdAsset.cpp -- OmniUsdResolver: Opened asset 'omniverse://airlab-nucleus.andrew.cmu.edu:443/Library/Stages/Muyang/DestroyedBuildings/Assets/MI_destroyed_building_2.usd' for read
Status: in Open at line 72 of /builds/omniverse/usd-resolver/source/library/OmniUsdAsset.cpp -- OmniUsdResolver: Opened asset 'omniverse://airlab-nucleus.andrew.cmu.edu:443/Library/Stages/Muyang/DestroyedBuildings/Assets/destroyed_building_5_variation_1.usd' for read
Status: in Open at line 72 of /builds/omniverse/usd-resolver/source/library/OmniUsdAsset.cpp -- OmniUsdResolver: Opened asset 'omniverse://airlab-nucleus.andrew.cmu.edu:443/Library/Stages/Muyang/DestroyedBuildings/Assets/MI_destroyed_building_5.usd' for read
Status: in Open at line 72 of /builds/omniverse/usd-resolver/source/library/OmniUsdAsset.cpp -- OmniUsdResolver: Opened asset 'omniverse://airlab-nucleus.andrew.cmu.edu:443/Library/Stages/Muyang/DestroyedBuildings/Assets/destroyed_building_6.usd' for read
Status (secondary thread): in Open at line 72 of /builds/omniverse/usd-resolver/source/library/OmniUsdAsset.cpp -- OmniUsdResolver: Opened asset 'omniverse://airlab-nucleus.andrew.cmu.edu:443/Library/Stages/Muyang/DestroyedBuildings/Assets/MI_destroyed_building_6.usd' for read
Status: in Open at line 72 of /builds/omniverse/usd-resolver/source/library/OmniUsdAsset.cpp -- OmniUsdResolver: Opened asset 'omniverse://airlab-nucleus.andrew.cmu.edu:443/Library/Stages/Muyang/DestroyedBuildings/Assets/destroyed_building_7.usd' for read
Status: in Open at line 72 of /builds/omniverse/usd-resolver/source/library/OmniUsdAsset.cpp -- OmniUsdResolver: Opened asset 'omniverse://airlab-nucleus.andrew.cmu.edu:443/Library/Stages/Muyang/DestroyedBuildings/Assets/MI_destroyed_building_7.usd' for read
Status: in Open at line 72 of /builds/omniverse/usd-resolver/source/library/OmniUsdAsset.cpp -- OmniUsdResolver: Opened asset 'omniverse://airlab-nucleus.andrew.cmu.edu:443/Library/Stages/Muyang/DestroyedBuildings/Assets/destroyed_building_8.usd' for read
Status: in Open at line 72 of /builds/omniverse/usd-resolver/source/library/OmniUsdAsset.cpp -- OmniUsdResolver: Opened asset 'omniverse://airlab-nucleus.andrew.cmu.edu:443/Library/Stages/Muyang/DestroyedBuildings/Assets/MI_destroyed_building_8.usd' for read
Status: in Open at line 72 of /builds/omniverse/usd-resolver/source/library/OmniUsdAsset.cpp -- OmniUsdResolver: Opened asset 'omniverse://airlab-nucleus.andrew.cmu.edu:443/Library/Stages/Muyang/DestroyedBuildings/Assets/destroyed_building_9_variation_1.usd' for read
Status: in Open at line 72 of /builds/omniverse/usd-resolver/source/library/OmniUsdAsset.cpp -- OmniUsdResolver: Opened asset 'omniverse://airlab-nucleus.andrew.cmu.edu:443/Library/Stages/Muyang/DestroyedBuildings/Assets/MI_destroyed_building_9.usd' for read
Status: in Open at line 72 of /builds/omniverse/usd-resolver/source/library/OmniUsdAsset.cpp -- OmniUsdResolver: Opened asset 'omniverse://airlab-nucleus.andrew.cmu.edu:443/Library/Stages/Muyang/DestroyedBuildings/Assets/destroyed_building_10_variation_1.usd' for read
Status: in Open at line 72 of /builds/omniverse/usd-resolver/source/library/OmniUsdAsset.cpp -- OmniUsdResolver: Opened asset 'omniverse://airlab-nucleus.andrew.cmu.edu:443/Library/Stages/Muyang/DestroyedBuildings/Assets/MI_destroyed_building_10.usd' for read
Status: in Open at line 72 of /builds/omniverse/usd-resolver/source/library/OmniUsdAsset.cpp -- OmniUsdResolver: Opened asset 'omniverse://airlab-nucleus.andrew.cmu.edu:443/Library/Stages/Muyang/DestroyedBuildings/Assets/destroyed_building_11_variation_1.usd' for read
Status (secondary thread): in Open at line 72 of /builds/omniverse/usd-resolver/source/library/OmniUsdAsset.cpp -- OmniUsdResolver: Opened asset 'omniverse://airlab-nucleus.andrew.cmu.edu:443/Library/Stages/Muyang/DestroyedBuildings/Assets/MI_destroyed_building_11_variation_1.usd' for read
Status: in Open at line 72 of /builds/omniverse/usd-resolver/source/library/OmniUsdAsset.cpp -- OmniUsdResolver: Opened asset 'omniverse://airlab-nucleus.andrew.cmu.edu:443/Library/Stages/Muyang/DestroyedBuildings/Assets/destroyed_building_12.usd' for read
Status (secondary thread): in Open at line 72 of /builds/omniverse/usd-resolver/source/library/OmniUsdAsset.cpp -- OmniUsdResolver: Opened asset 'omniverse://airlab-nucleus.andrew.cmu.edu:443/Library/Stages/Muyang/DestroyedBuildings/Assets/MI_destroyed_building_12.usd' for read
Status: in Open at line 72 of /builds/omniverse/usd-resolver/source/library/OmniUsdAsset.cpp -- OmniUsdResolver: Opened asset 'omniverse://airlab-nucleus.andrew.cmu.edu:443/Library/Stages/Dmytro/Assets/Game/ModernCityEnvironment01/Meshes/SM_GroundModule01.usd' for read
Status (secondary thread): in Open at line 72 of /builds/omniverse/usd-resolver/source/library/OmniUsdAsset.cpp -- OmniUsdResolver: Opened asset 'omniverse://airlab-nucleus.andrew.cmu.edu:443/Library/Stages/Dmytro/Assets/Game/ModernCityEnvironment01/Meshes/SM_GroundModule01_payload.usd' for read
Status (secondary thread): in Open at line 72 of /builds/omniverse/usd-resolver/source/library/OmniUsdAsset.cpp -- OmniUsdResolver: Opened asset 'omniverse://airlab-nucleus.andrew.cmu.edu:443/Library/Stages/Dmytro/Assets/Game/ModernCityEnvironment01/Materials/M_GroundModule01.usd' for read
Status: in Open at line 72 of /builds/omniverse/usd-resolver/source/library/OmniUsdAsset.cpp -- OmniUsdResolver: Opened asset 'omniverse://airlab-nucleus.andrew.cmu.edu:443/Library/Stages/Muyang/People/Assets/rp_eric_rigged_001_ue4.usd' for read
Status (secondary thread): in Open at line 72 of /builds/omniverse/usd-resolver/source/library/OmniUsdAsset.cpp -- OmniUsdResolver: Opened asset 'omniverse://airlab-nucleus.andrew.cmu.edu:443/Library/Stages/Muyang/People/Assets/rp_eric_rigged_001_mat.usd' for read
Status: in Open at line 72 of /builds/omniverse/usd-resolver/source/library/OmniUsdAsset.cpp -- OmniUsdResolver: Opened asset 'omniverse://airlab-nucleus.andrew.cmu.edu:443/Library/Stages/Muyang/People/Assets/rp_nathan_rigged_003_ue4.usd' for read
Status (secondary thread): in Open at line 72 of /builds/omniverse/usd-resolver/source/library/OmniUsdAsset.cpp -- OmniUsdResolver: Opened asset 'omniverse://airlab-nucleus.andrew.cmu.edu:443/Library/Stages/Muyang/People/Assets/rp_nathan_rigged_003_mat.usd' for read
Status: in Open at line 72 of /builds/omniverse/usd-resolver/source/library/OmniUsdAsset.cpp -- OmniUsdResolver: Opened asset 'omniverse://airlab-nucleus.andrew.cmu.edu:443/Library/Stages/Muyang/People/Assets/rp_sophia_rigged_003_ue4.usd' for read
Status: in Open at line 72 of /builds/omniverse/usd-resolver/source/library/OmniUsdAsset.cpp -- OmniUsdResolver: Opened asset 'omniverse://airlab-nucleus.andrew.cmu.edu:443/Library/Stages/Muyang/People/Assets/rp_sophia_rigged_003_mat.usd' for read
Status: in Open at line 72 of /builds/omniverse/usd-resolver/source/library/OmniUsdAsset.cpp -- OmniUsdResolver: Opened asset 'omniverse://airlab-nucleus.andrew.cmu.edu:443/Library/Stages/Muyang/People/Assets/rp_carla_rigged_001_ue4.usd' for read
Status: in Open at line 72 of /builds/omniverse/usd-resolver/source/library/OmniUsdAsset.cpp -- OmniUsdResolver: Opened asset 'omniverse://airlab-nucleus.andrew.cmu.edu:443/Library/Stages/Muyang/People/Assets/rp_carla_rigged_001_mat.usd' for read
Status: in Open at line 72 of /builds/omniverse/usd-resolver/source/library/OmniUsdAsset.cpp -- OmniUsdResolver: Opened asset 'omniverse://airlab-nucleus.andrew.cmu.edu:443/Library/Stages/Muyang/People/Assets/rp_claudia_rigged_002_ue4.usd' for read
Status (secondary thread): in Open at line 72 of /builds/omniverse/usd-resolver/source/library/OmniUsdAsset.cpp -- OmniUsdResolver: Opened asset 'omniverse://airlab-nucleus.andrew.cmu.edu:443/Library/Stages/Muyang/People/Assets/rp_claudia_rigged_002_mat.usd' for read
Status: in Open at line 72 of /builds/omniverse/usd-resolver/source/library/OmniUsdAsset.cpp -- OmniUsdResolver: Opened asset 'omniverse://airlab-nucleus.andrew.cmu.edu:443/Library/Stages/Muyang/People/Assets/rp_manuel_rigged_001_ue4.usd' for read
Status (secondary thread): in Open at line 72 of /builds/omniverse/usd-resolver/source/library/OmniUsdAsset.cpp -- OmniUsdResolver: Opened asset 'omniverse://airlab-nucleus.andrew.cmu.edu:443/Library/Stages/Muyang/People/Assets/rp_manuel_rigged_001_mat.usd' for read
Status: in Open at line 72 of /builds/omniverse/usd-resolver/source/library/OmniUsdAsset.cpp -- OmniUsdResolver: Opened asset 'omniverse://airlab-nucleus.andrew.cmu.edu:443/Library/Stages/Muyang/DownTown/Assets/Vehicle_Police.usd' for read
Status (secondary thread): in Open at line 72 of /builds/omniverse/usd-resolver/source/library/OmniUsdAsset.cpp -- OmniUsdResolver: Opened asset 'omniverse://airlab-nucleus.andrew.cmu.edu:443/Library/Stages/Muyang/DownTown/Assets/HeadlightGlass_Inst1.usd' for read
Status (secondary thread): in Open at line 72 of /builds/omniverse/usd-resolver/source/library/OmniUsdAsset.cpp -- OmniUsdResolver: Opened asset 'omniverse://airlab-nucleus.andrew.cmu.edu:443/Library/Stages/Muyang/DownTown/Assets/Vehicle_Police_Inst.usd' for read
Status (secondary thread): in Open at line 72 of /builds/omniverse/usd-resolver/source/library/OmniUsdAsset.cpp -- OmniUsdResolver: Opened asset 'omniverse://airlab-nucleus.andrew.cmu.edu:443/Library/Stages/Muyang/DownTown/Assets/VehicleParts_Inst.usd' for read
Status (secondary thread): in Open at line 72 of /builds/omniverse/usd-resolver/source/library/OmniUsdAsset.cpp -- OmniUsdResolver: Opened asset 'omniverse://airlab-nucleus.andrew.cmu.edu:443/Library/Stages/Muyang/DownTown/Assets/HeadlightGlass_Inst.usd' for read
Status: in Open at line 72 of /builds/omniverse/usd-resolver/source/library/OmniUsdAsset.cpp -- OmniUsdResolver: Opened asset 'omniverse://airlab-nucleus.andrew.cmu.edu:443/Library/Stages/RetroNeighborhood/FREE_GMC_Motorhome_reimagined_low_poly.usdz' for read
Status: in Open at line 72 of /builds/omniverse/usd-resolver/source/library/OmniUsdAsset.cpp -- OmniUsdResolver: Opened asset 'omniverse://airlab-nucleus.andrew.cmu.edu:443/Library/Stages/RetroNeighborhood/130.usdz' for read
Status: in Open at line 72 of /builds/omniverse/usd-resolver/source/library/OmniUsdAsset.cpp -- OmniUsdResolver: Opened asset 'omniverse://airlab-nucleus.andrew.cmu.edu:443/Library/Stages/Muyang/DownTown/Assets/Vehicle_A.usd' for read
Status: in Open at line 72 of /builds/omniverse/usd-resolver/source/library/OmniUsdAsset.cpp -- OmniUsdResolver: Opened asset 'omniverse://airlab-nucleus.andrew.cmu.edu:443/Library/Stages/Muyang/DownTown/Assets/Vehicle_A_White_Inst.usd' for read
Status (secondary thread): in Open at line 72 of /builds/omniverse/usd-resolver/source/library/OmniUsdAsset.cpp -- OmniUsdResolver: Opened asset 'omniverse://airlab-nucleus.andrew.cmu.edu:443/Library/Stages/Muyang/DownTown/Assets/HeadlightGlass_Inst.usd' for read
Status: in Open at line 72 of /builds/omniverse/usd-resolver/source/library/OmniUsdAsset.cpp -- OmniUsdResolver: Opened asset 'omniverse://airlab-nucleus.andrew.cmu.edu:443/Library/Stages/RetroNeighborhood/Nissan_Fairlady_Z_S30240Z_1978.usdz' for read
Status: in Open at line 72 of /builds/omniverse/usd-resolver/source/library/OmniUsdAsset.cpp -- OmniUsdResolver: Opened asset 'omniverse://airlab-nucleus.andrew.cmu.edu:443/Library/Stages/Dmytro/Assets/Game/ModernCityEnvironment01/Meshes/SK_ConstructionTruck01FullyRigged.usd' for read
Status: in Open at line 72 of /builds/omniverse/usd-resolver/source/library/OmniUsdAsset.cpp -- OmniUsdResolver: Opened asset 'omniverse://airlab-nucleus.andrew.cmu.edu:443/Library/Stages/Dmytro/Assets/Game/ModernCityEnvironment01/Meshes/SK_ConstructionTruck01FullyRigged_payload.usd' for read
Status: in Open at line 72 of /builds/omniverse/usd-resolver/source/library/OmniUsdAsset.cpp -- OmniUsdResolver: Opened asset 'omniverse://airlab-nucleus.andrew.cmu.edu:443/Library/Stages/Dmytro/Assets/Game/ModernCityEnvironment01/Materials/MI_CT01_05_Inst.usd' for read
Status (secondary thread): in Open at line 72 of /builds/omniverse/usd-resolver/source/library/OmniUsdAsset.cpp -- OmniUsdResolver: Opened asset 'omniverse://airlab-nucleus.andrew.cmu.edu:443/Library/Stages/Dmytro/Assets/Game/ModernCityEnvironment01/Materials/MI_CT01_04_Inst.usd' for read
Status (secondary thread): in Open at line 72 of /builds/omniverse/usd-resolver/source/library/OmniUsdAsset.cpp -- OmniUsdResolver: Opened asset 'omniverse://airlab-nucleus.andrew.cmu.edu:443/Library/Stages/Dmytro/Assets/Game/ModernCityEnvironment01/Materials/MI_CT01_06_Inst.usd' for read
Status (secondary thread): in Open at line 72 of /builds/omniverse/usd-resolver/source/library/OmniUsdAsset.cpp -- OmniUsdResolver: Opened asset 'omniverse://airlab-nucleus.andrew.cmu.edu:443/Library/Stages/Dmytro/Assets/Game/ModernCityEnvironment01/Materials/MI_CT01_01_Inst.usd' for read
Status (secondary thread): in Open at line 72 of /builds/omniverse/usd-resolver/source/library/OmniUsdAsset.cpp -- OmniUsdResolver: Opened asset 'omniverse://airlab-nucleus.andrew.cmu.edu:443/Library/Stages/Dmytro/Assets/Game/ModernCityEnvironment01/Materials/MI_CT01_03_Inst.usd' for read
Status (secondary thread): in Open at line 72 of /builds/omniverse/usd-resolver/source/library/OmniUsdAsset.cpp -- OmniUsdResolver: Opened asset 'omniverse://airlab-nucleus.andrew.cmu.edu:443/Library/Stages/Dmytro/Assets/Game/ModernCityEnvironment01/Materials/MI_CT01_02_Inst.usd' for read
Status: in Open at line 72 of /builds/omniverse/usd-resolver/source/library/OmniUsdAsset.cpp -- OmniUsdResolver: Opened asset 'omniverse://airlab-nucleus.andrew.cmu.edu:443/Library/Stages/Muyang/ModularNeighborhood/Assets/Car_01_0.usd' for read
Status (secondary thread): in Open at line 72 of /builds/omniverse/usd-resolver/source/library/OmniUsdAsset.cpp -- OmniUsdResolver: Opened asset 'omniverse://airlab-nucleus.andrew.cmu.edu:443/Library/Stages/Muyang/ModularNeighborhood/Assets/Car_01.usd' for read
Status (secondary thread): in Open at line 72 of /builds/omniverse/usd-resolver/source/library/OmniUsdAsset.cpp -- OmniUsdResolver: Opened asset 'omniverse://airlab-nucleus.andrew.cmu.edu:443/Library/Stages/Muyang/ModularNeighborhood/Assets/Car_Glass_01.usd' for read
Status: in Open at line 72 of /builds/omniverse/usd-resolver/source/library/OmniUsdAsset.cpp -- OmniUsdResolver: Opened asset 'omniverse://airlab-nucleus.andrew.cmu.edu:443/Library/Stages/Muyang/DownTown/Assets/Vehicle_Taxi.usd' for read
Status (secondary thread): in Open at line 72 of /builds/omniverse/usd-resolver/source/library/OmniUsdAsset.cpp -- OmniUsdResolver: Opened asset 'omniverse://airlab-nucleus.andrew.cmu.edu:443/Library/Stages/Muyang/DownTown/Assets/VehicleParts_Inst.usd' for read
Status (secondary thread): in Open at line 72 of /builds/omniverse/usd-resolver/source/library/OmniUsdAsset.cpp -- OmniUsdResolver: Opened asset 'omniverse://airlab-nucleus.andrew.cmu.edu:443/Library/Stages/Muyang/DownTown/Assets/HeadlightGlass_Inst.usd' for read
Status (secondary thread): in Open at line 72 of /builds/omniverse/usd-resolver/source/library/OmniUsdAsset.cpp -- OmniUsdResolver: Opened asset 'omniverse://airlab-nucleus.andrew.cmu.edu:443/Library/Stages/Muyang/DownTown/Assets/Vehicle_Taxi_Inst.usd' for read
Status: in Open at line 72 of /builds/omniverse/usd-resolver/source/library/OmniUsdAsset.cpp -- OmniUsdResolver: Opened asset 'omniverse://airlab-nucleus.andrew.cmu.edu:443/Library/Stages/Muyang/ModernCityEnvironment/Collected_Building01/SM_MERGED_BP_MBuilding01.usd' for read
Status (secondary thread): in Open at line 72 of /builds/omniverse/usd-resolver/source/library/OmniUsdAsset.cpp -- OmniUsdResolver: Opened asset 'omniverse://airlab-nucleus.andrew.cmu.edu:443/Library/Stages/Muyang/ModernCityEnvironment/Collected_Building01/SubUSDs/SM_MERGED_BP_MBuilding01_C_UAID_D843AE6AE7F20CE502_1864982431.usd' for read
Status: in Open at line 72 of /builds/omniverse/usd-resolver/source/library/OmniUsdAsset.cpp -- OmniUsdResolver: Opened asset 'omniverse://airlab-nucleus.andrew.cmu.edu:443/Library/Stages/Muyang/ModernCityEnvironment/Collected_Building01/SubUSDs/M_MBuilding01_FirstFloor_A.usd' for read
Status (secondary thread): in Open at line 72 of /builds/omniverse/usd-resolver/source/library/OmniUsdAsset.cpp -- OmniUsdResolver: Opened asset 'omniverse://airlab-nucleus.andrew.cmu.edu:443/Library/Stages/Muyang/ModernCityEnvironment/Collected_Building01/SubUSDs/M_MBuilding01_FirstFloor_C.usd' for read
Status (secondary thread): in Open at line 72 of /builds/omniverse/usd-resolver/source/library/OmniUsdAsset.cpp -- OmniUsdResolver: Opened asset 'omniverse://airlab-nucleus.andrew.cmu.edu:443/Library/Stages/Muyang/ModernCityEnvironment/Collected_Building01/SubUSDs/M_MBuilding01_Facades.usd' for read
Status (secondary thread): in Open at line 72 of /builds/omniverse/usd-resolver/source/library/OmniUsdAsset.cpp -- OmniUsdResolver: Opened asset 'omniverse://airlab-nucleus.andrew.cmu.edu:443/Library/Stages/Muyang/ModernCityEnvironment/Collected_Building01/SubUSDs/M_MBuilding01_FirstFloor_B.usd' for read
Status: in Open at line 72 of /builds/omniverse/usd-resolver/source/library/OmniUsdAsset.cpp -- OmniUsdResolver: Opened asset 'omniverse://airlab-nucleus.andrew.cmu.edu:443/Library/Stages/Muyang/ModernCityEnvironment/Collected_Building02/SM_MERGED_BP_MBuilding02.usd' for read
Status: in Open at line 72 of /builds/omniverse/usd-resolver/source/library/OmniUsdAsset.cpp -- OmniUsdResolver: Opened asset 'omniverse://airlab-nucleus.andrew.cmu.edu:443/Library/Stages/Muyang/ModernCityEnvironment/Collected_Building05/SM_MERGED_BP_MBuilding05.usd' for read
Status: in Open at line 72 of /builds/omniverse/usd-resolver/source/library/OmniUsdAsset.cpp -- OmniUsdResolver: Opened asset 'omniverse://airlab-nucleus.andrew.cmu.edu:443/Library/Stages/Muyang/DownTown/Assets/BG_Building_A.usd' for read
Status (secondary thread): in Open at line 72 of /builds/omniverse/usd-resolver/source/library/OmniUsdAsset.cpp -- OmniUsdResolver: Opened asset 'omniverse://airlab-nucleus.andrew.cmu.edu:443/Library/Stages/Muyang/DownTown/Assets/Building_A_Proxy.usd' for read
Status (secondary thread): in Open at line 72 of /builds/omniverse/usd-resolver/source/library/OmniUsdAsset.cpp -- OmniUsdResolver: Opened asset 'omniverse://airlab-nucleus.andrew.cmu.edu:443/Library/Stages/Muyang/DownTown/Assets/Concrete_A_Inst.usd' for read
Status (secondary thread): in Open at line 72 of /builds/omniverse/usd-resolver/source/library/OmniUsdAsset.cpp -- OmniUsdResolver: Opened asset 'omniverse://airlab-nucleus.andrew.cmu.edu:443/Library/Stages/Muyang/DownTown/Assets/GarageDoor_Inst.usd' for read
Status: in Open at line 72 of /builds/omniverse/usd-resolver/source/library/OmniUsdAsset.cpp -- OmniUsdResolver: Opened asset 'omniverse://airlab-nucleus.andrew.cmu.edu:443/Library/Stages/Muyang/DownTown/Assets/Roof_Inst.usd' for read
Status (secondary thread): in Open at line 72 of /builds/omniverse/usd-resolver/source/library/OmniUsdAsset.cpp -- OmniUsdResolver: Opened asset 'omniverse://airlab-nucleus.andrew.cmu.edu:443/Library/Stages/Muyang/DownTown/Assets/Brick_A_Inst2.usd' for read
Status: in Open at line 72 of /builds/omniverse/usd-resolver/source/library/OmniUsdAsset.cpp -- OmniUsdResolver: Opened asset 'omniverse://airlab-nucleus.andrew.cmu.edu:443/Library/Stages/Muyang/DownTown/Assets/BG_Building_B.usd' for read
Status (secondary thread): in Open at line 72 of /builds/omniverse/usd-resolver/source/library/OmniUsdAsset.cpp -- OmniUsdResolver: Opened asset 'omniverse://airlab-nucleus.andrew.cmu.edu:443/Library/Stages/Muyang/DownTown/Assets/Roof_Inst.usd' for read
Status (secondary thread): in Open at line 72 of /builds/omniverse/usd-resolver/source/library/OmniUsdAsset.cpp -- OmniUsdResolver: Opened asset 'omniverse://airlab-nucleus.andrew.cmu.edu:443/Library/Stages/Muyang/DownTown/Assets/Building_B_Panels.usd' for read
Status (secondary thread): in Open at line 72 of /builds/omniverse/usd-resolver/source/library/OmniUsdAsset.cpp -- OmniUsdResolver: Opened asset 'omniverse://airlab-nucleus.andrew.cmu.edu:443/Library/Stages/Muyang/DownTown/Assets/Concrete_A_Inst.usd' for read
Status: in Open at line 72 of /builds/omniverse/usd-resolver/source/library/OmniUsdAsset.cpp -- OmniUsdResolver: Opened asset 'omniverse://airlab-nucleus.andrew.cmu.edu:443/Library/Stages/Muyang/DownTown/Assets/Building_B_Proxy.usd' for read
Status: in Open at line 72 of /builds/omniverse/usd-resolver/source/library/OmniUsdAsset.cpp -- OmniUsdResolver: Opened asset 'omniverse://airlab-nucleus.andrew.cmu.edu:443/Library/Stages/Muyang/DownTown/Assets/BG_Building_C.usd' for read
Status: in Open at line 72 of /builds/omniverse/usd-resolver/source/library/OmniUsdAsset.cpp -- OmniUsdResolver: Opened asset 'omniverse://airlab-nucleus.andrew.cmu.edu:443/Library/Stages/Muyang/DownTown/Assets/Roof_Inst.usd' for read
Status (secondary thread): in Open at line 72 of /builds/omniverse/usd-resolver/source/library/OmniUsdAsset.cpp -- OmniUsdResolver: Opened asset 'omniverse://airlab-nucleus.andrew.cmu.edu:443/Library/Stages/Muyang/DownTown/Assets/Building_C_Proxy.usd' for read
Status (secondary thread): in Open at line 72 of /builds/omniverse/usd-resolver/source/library/OmniUsdAsset.cpp -- OmniUsdResolver: Opened asset 'omniverse://airlab-nucleus.andrew.cmu.edu:443/Library/Stages/Muyang/DownTown/Assets/MetalPainted_Black.usd' for read
Status: in Open at line 72 of /builds/omniverse/usd-resolver/source/library/OmniUsdAsset.cpp -- OmniUsdResolver: Opened asset 'omniverse://airlab-nucleus.andrew.cmu.edu:443/Library/Stages/Muyang/DownTown/Assets/BG_Building_D.usd' for read
Status: in Open at line 72 of /builds/omniverse/usd-resolver/source/library/OmniUsdAsset.cpp -- OmniUsdResolver: Opened asset 'omniverse://airlab-nucleus.andrew.cmu.edu:443/Library/Stages/Muyang/DownTown/Assets/Roof_Inst.usd' for read
Status (secondary thread): in Open at line 72 of /builds/omniverse/usd-resolver/source/library/OmniUsdAsset.cpp -- OmniUsdResolver: Opened asset 'omniverse://airlab-nucleus.andrew.cmu.edu:443/Library/Stages/Muyang/DownTown/Assets/Building_D_Inst.usd' for read
Status (secondary thread): in Open at line 72 of /builds/omniverse/usd-resolver/source/library/OmniUsdAsset.cpp -- OmniUsdResolver: Opened asset 'omniverse://airlab-nucleus.andrew.cmu.edu:443/Library/Stages/Muyang/DownTown/Assets/Building_D_Mid_Proxy.usd' for read
Status: in Open at line 72 of /builds/omniverse/usd-resolver/source/library/OmniUsdAsset.cpp -- OmniUsdResolver: Opened asset 'omniverse://airlab-nucleus.andrew.cmu.edu:443/Library/Stages/Muyang/DownTown/Assets/BG_Building_E.usd' for read
Status: in Open at line 72 of /builds/omniverse/usd-resolver/source/library/OmniUsdAsset.cpp -- OmniUsdResolver: Opened asset 'omniverse://airlab-nucleus.andrew.cmu.edu:443/Library/Stages/Muyang/DownTown/Assets/Roof_Inst.usd' for read
Status (secondary thread): in Open at line 72 of /builds/omniverse/usd-resolver/source/library/OmniUsdAsset.cpp -- OmniUsdResolver: Opened asset 'omniverse://airlab-nucleus.andrew.cmu.edu:443/Library/Stages/Muyang/DownTown/Assets/Glass_Opaque.usd' for read
Status (secondary thread): in Open at line 72 of /builds/omniverse/usd-resolver/source/library/OmniUsdAsset.cpp -- OmniUsdResolver: Opened asset 'omniverse://airlab-nucleus.andrew.cmu.edu:443/Library/Stages/Muyang/DownTown/Assets/GarageDoor_Inst.usd' for read
Status (secondary thread): in Open at line 72 of /builds/omniverse/usd-resolver/source/library/OmniUsdAsset.cpp -- OmniUsdResolver: Opened asset 'omniverse://airlab-nucleus.andrew.cmu.edu:443/Library/Stages/Muyang/DownTown/Assets/Building_E_Inst.usd' for read
Status (secondary thread): in Open at line 72 of /builds/omniverse/usd-resolver/source/library/OmniUsdAsset.cpp -- OmniUsdResolver: Opened asset 'omniverse://airlab-nucleus.andrew.cmu.edu:443/Library/Stages/Muyang/DownTown/Assets/Building_E_Mid_Proxy.usd' for read
Status: in Open at line 72 of /builds/omniverse/usd-resolver/source/library/OmniUsdAsset.cpp -- OmniUsdResolver: Opened asset 'omniverse://airlab-nucleus.andrew.cmu.edu:443/Library/Stages/Muyang/DownTown/Assets/BG_Building_F.usd' for read
Status (secondary thread): in Open at line 72 of /builds/omniverse/usd-resolver/source/library/OmniUsdAsset.cpp -- OmniUsdResolver: Opened asset 'omniverse://airlab-nucleus.andrew.cmu.edu:443/Library/Stages/Muyang/DownTown/Assets/Roof_Inst.usd' for read
Status (secondary thread): in Open at line 72 of /builds/omniverse/usd-resolver/source/library/OmniUsdAsset.cpp -- OmniUsdResolver: Opened asset 'omniverse://airlab-nucleus.andrew.cmu.edu:443/Library/Stages/Muyang/DownTown/Assets/Building_F_Proxy.usd' for read
Status (secondary thread): in Open at line 72 of /builds/omniverse/usd-resolver/source/library/OmniUsdAsset.cpp -- OmniUsdResolver: Opened asset 'omniverse://airlab-nucleus.andrew.cmu.edu:443/Library/Stages/Muyang/DownTown/Assets/MetalPainted_White.usd' for read
Status: in Open at line 72 of /builds/omniverse/usd-resolver/source/library/OmniUsdAsset.cpp -- OmniUsdResolver: Opened asset 'omniverse://airlab-nucleus.andrew.cmu.edu:443/Library/Stages/Muyang/DestroyedBuildings/Assets/destroyed_building_4.usd' for read
Status: in Open at line 72 of /builds/omniverse/usd-resolver/source/library/OmniUsdAsset.cpp -- OmniUsdResolver: Opened asset 'omniverse://airlab-nucleus.andrew.cmu.edu:443/Library/Stages/Muyang/DestroyedBuildings/Assets/MI_destroyed_building_4.usd' for read
Status: in Open at line 72 of /builds/omniverse/usd-resolver/source/library/OmniUsdAsset.cpp -- OmniUsdResolver: Opened asset 'omniverse://airlab-nucleus.andrew.cmu.edu:443/Library/Stages/Muyang/DestroyedBuildings/Assets/destroyed_building_4_variation_1.usd' for read
Status (secondary thread): in Open at line 72 of /builds/omniverse/usd-resolver/source/library/OmniUsdAsset.cpp -- OmniUsdResolver: Opened asset 'omniverse://airlab-nucleus.andrew.cmu.edu:443/Library/Stages/Muyang/DestroyedBuildings/Assets/MI_destroyed_building_4.usd' for read
Status: in Open at line 72 of /builds/omniverse/usd-resolver/source/library/OmniUsdAsset.cpp -- OmniUsdResolver: Opened asset 'omniverse://airlab-nucleus.andrew.cmu.edu:443/Library/Stages/Muyang/DestroyedBuildings/Assets/destroyed_building_5.usd' for read
Status (secondary thread): in Open at line 72 of /builds/omniverse/usd-resolver/source/library/OmniUsdAsset.cpp -- OmniUsdResolver: Opened asset 'omniverse://airlab-nucleus.andrew.cmu.edu:443/Library/Stages/Muyang/DestroyedBuildings/Assets/MI_destroyed_building_5.usd' for read
Status: in Open at line 72 of /builds/omniverse/usd-resolver/source/library/OmniUsdAsset.cpp -- OmniUsdResolver: Opened asset 'omniverse://airlab-nucleus.andrew.cmu.edu:443/Library/Stages/Muyang/DestroyedBuildings/Assets/destroyed_building_9.usd' for read
Status: in Open at line 72 of /builds/omniverse/usd-resolver/source/library/OmniUsdAsset.cpp -- OmniUsdResolver: Opened asset 'omniverse://airlab-nucleus.andrew.cmu.edu:443/Library/Stages/Muyang/DestroyedBuildings/Assets/MI_destroyed_building_9.usd' for read
Status: in Open at line 72 of /builds/omniverse/usd-resolver/source/library/OmniUsdAsset.cpp -- OmniUsdResolver: Opened asset 'omniverse://airlab-nucleus.andrew.cmu.edu:443/Library/Stages/Muyang/DestroyedBuildings/Assets/destroyed_building_10.usd' for read
Status: in Open at line 72 of /builds/omniverse/usd-resolver/source/library/OmniUsdAsset.cpp -- OmniUsdResolver: Opened asset 'omniverse://airlab-nucleus.andrew.cmu.edu:443/Library/Stages/Muyang/DestroyedBuildings/Assets/MI_destroyed_building_10.usd' for read
Status: in Open at line 72 of /builds/omniverse/usd-resolver/source/library/OmniUsdAsset.cpp -- OmniUsdResolver: Opened asset 'omniverse://airlab-nucleus.andrew.cmu.edu:443/Library/Stages/Muyang/DestroyedBuildings/Assets/destroyed_building_1.usd' for read
Status: in Open at line 72 of /builds/omniverse/usd-resolver/source/library/OmniUsdAsset.cpp -- OmniUsdResolver: Opened asset 'omniverse://airlab-nucleus.andrew.cmu.edu:443/Library/Stages/Muyang/DestroyedBuildings/Assets/MI_destroyed_building_1.usd' for read
Status: in Open at line 72 of /builds/omniverse/usd-resolver/source/library/OmniUsdAsset.cpp -- OmniUsdResolver: Opened asset 'omniverse://airlab-nucleus.andrew.cmu.edu:443/Library/Stages/Muyang/DestroyedBuildings/Assets/destroyed_building_2.usd' for read
Status (secondary thread): in Open at line 72 of /builds/omniverse/usd-resolver/source/library/OmniUsdAsset.cpp -- OmniUsdResolver: Opened asset 'omniverse://airlab-nucleus.andrew.cmu.edu:443/Library/Stages/Muyang/DestroyedBuildings/Assets/MI_destroyed_building_2.usd' for read
Status: in Open at line 72 of /builds/omniverse/usd-resolver/source/library/OmniUsdAsset.cpp -- OmniUsdResolver: Opened asset 'omniverse://airlab-nucleus.andrew.cmu.edu:443/Library/Stages/Muyang/DestroyedBuildings/Assets/destroyed_building_5_variation_1.usd' for read
Status (secondary thread): in Open at line 72 of /builds/omniverse/usd-resolver/source/library/OmniUsdAsset.cpp -- OmniUsdResolver: Opened asset 'omniverse://airlab-nucleus.andrew.cmu.edu:443/Library/Stages/Muyang/DestroyedBuildings/Assets/MI_destroyed_building_5.usd' for read
Status: in Open at line 72 of /builds/omniverse/usd-resolver/source/library/OmniUsdAsset.cpp -- OmniUsdResolver: Opened asset 'omniverse://airlab-nucleus.andrew.cmu.edu:443/Library/Stages/Muyang/DestroyedBuildings/Assets/destroyed_building_6.usd' for read
Status: in Open at line 72 of /builds/omniverse/usd-resolver/source/library/OmniUsdAsset.cpp -- OmniUsdResolver: Opened asset 'omniverse://airlab-nucleus.andrew.cmu.edu:443/Library/Stages/Muyang/DestroyedBuildings/Assets/MI_destroyed_building_6.usd' for read
Status: in Open at line 72 of /builds/omniverse/usd-resolver/source/library/OmniUsdAsset.cpp -- OmniUsdResolver: Opened asset 'omniverse://airlab-nucleus.andrew.cmu.edu:443/Library/Stages/Muyang/DestroyedBuildings/Assets/destroyed_building_7.usd' for read
Status (secondary thread): in Open at line 72 of /builds/omniverse/usd-resolver/source/library/OmniUsdAsset.cpp -- OmniUsdResolver: Opened asset 'omniverse://airlab-nucleus.andrew.cmu.edu:443/Library/Stages/Muyang/DestroyedBuildings/Assets/MI_destroyed_building_7.usd' for read
Status: in Open at line 72 of /builds/omniverse/usd-resolver/source/library/OmniUsdAsset.cpp -- OmniUsdResolver: Opened asset 'omniverse://airlab-nucleus.andrew.cmu.edu:443/Library/Stages/Muyang/DestroyedBuildings/Assets/destroyed_building_8.usd' for read
Status (secondary thread): in Open at line 72 of /builds/omniverse/usd-resolver/source/library/OmniUsdAsset.cpp -- OmniUsdResolver: Opened asset 'omniverse://airlab-nucleus.andrew.cmu.edu:443/Library/Stages/Muyang/DestroyedBuildings/Assets/MI_destroyed_building_8.usd' for read
Status: in Open at line 72 of /builds/omniverse/usd-resolver/source/library/OmniUsdAsset.cpp -- OmniUsdResolver: Opened asset 'omniverse://airlab-nucleus.andrew.cmu.edu:443/Library/Stages/Muyang/DestroyedBuildings/Assets/destroyed_building_9_variation_1.usd' for read
Status: in Open at line 72 of /builds/omniverse/usd-resolver/source/library/OmniUsdAsset.cpp -- OmniUsdResolver: Opened asset 'omniverse://airlab-nucleus.andrew.cmu.edu:443/Library/Stages/Muyang/DestroyedBuildings/Assets/MI_destroyed_building_9.usd' for read
Status: in Open at line 72 of /builds/omniverse/usd-resolver/source/library/OmniUsdAsset.cpp -- OmniUsdResolver: Opened asset 'omniverse://airlab-nucleus.andrew.cmu.edu:443/Library/Stages/Muyang/DestroyedBuildings/Assets/destroyed_building_10_variation_1.usd' for read
Status (secondary thread): in Open at line 72 of /builds/omniverse/usd-resolver/source/library/OmniUsdAsset.cpp -- OmniUsdResolver: Opened asset 'omniverse://airlab-nucleus.andrew.cmu.edu:443/Library/Stages/Muyang/DestroyedBuildings/Assets/MI_destroyed_building_10.usd' for read
Status: in Open at line 72 of /builds/omniverse/usd-resolver/source/library/OmniUsdAsset.cpp -- OmniUsdResolver: Opened asset 'omniverse://airlab-nucleus.andrew.cmu.edu:443/Library/Stages/Muyang/DestroyedBuildings/Assets/destroyed_building_11_variation_1.usd' for read
Status (secondary thread): in Open at line 72 of /builds/omniverse/usd-resolver/source/library/OmniUsdAsset.cpp -- OmniUsdResolver: Opened asset 'omniverse://airlab-nucleus.andrew.cmu.edu:443/Library/Stages/Muyang/DestroyedBuildings/Assets/MI_destroyed_building_11_variation_1.usd' for read
Status: in Open at line 72 of /builds/omniverse/usd-resolver/source/library/OmniUsdAsset.cpp -- OmniUsdResolver: Opened asset 'omniverse://airlab-nucleus.andrew.cmu.edu:443/Library/Stages/Muyang/DestroyedBuildings/Assets/destroyed_building_12.usd' for read
Status: in Open at line 72 of /builds/omniverse/usd-resolver/source/library/OmniUsdAsset.cpp -- OmniUsdResolver: Opened asset 'omniverse://airlab-nucleus.andrew.cmu.edu:443/Library/Stages/Muyang/DestroyedBuildings/Assets/MI_destroyed_building_12.usd' for read
Status: in Open at line 72 of /builds/omniverse/usd-resolver/source/library/OmniUsdAsset.cpp -- OmniUsdResolver: Opened asset 'omniverse://airlab-nucleus.andrew.cmu.edu:443/Library/Stages/Dmytro/Assets/Game/ModernCityEnvironment01/Meshes/SM_GroundModule01.usd' for read
Status: in Open at line 72 of /builds/omniverse/usd-resolver/source/library/OmniUsdAsset.cpp -- OmniUsdResolver: Opened asset 'omniverse://airlab-nucleus.andrew.cmu.edu:443/Library/Stages/Dmytro/Assets/Game/ModernCityEnvironment01/Meshes/SM_GroundModule01_payload.usd' for read
Status (secondary thread): in Open at line 72 of /builds/omniverse/usd-resolver/source/library/OmniUsdAsset.cpp -- OmniUsdResolver: Opened asset 'omniverse://airlab-nucleus.andrew.cmu.edu:443/Library/Stages/Dmytro/Assets/Game/ModernCityEnvironment01/Materials/M_GroundModule01.usd' for read
Status: in Open at line 72 of /builds/omniverse/usd-resolver/source/library/OmniUsdAsset.cpp -- OmniUsdResolver: Opened asset 'omniverse://airlab-nucleus.andrew.cmu.edu:443/Library/Stages/Muyang/People/Assets/rp_claudia_rigged_002_ue4.usd' for read
Status (secondary thread): in Open at line 72 of /builds/omniverse/usd-resolver/source/library/OmniUsdAsset.cpp -- OmniUsdResolver: Opened asset 'omniverse://airlab-nucleus.andrew.cmu.edu:443/Library/Stages/Muyang/People/Assets/rp_claudia_rigged_002_mat.usd' for read
[compile_disaster] spec overrides: {'region_m': [250, 250]}
[compile_disaster] compiled high-level spec in memory: scene_gen/config/presets/downtown.yaml (base scene_gen/config/low_level/default.yaml)
[scene_gen] asset set: urban (urban.yaml <- urban_nucleus.yaml <- shared.yaml)
[city_layout] anisotropic subdivision: short=[70, 105] long=[190, 260] long_axis=x
[scene_gen] measured house: SM_MERGED_BP_MBuilding01.usd -> 28.50 x 18.50 m (scale=1.0, up=Z)
[scene_gen] measured house: SM_MERGED_BP_MBuilding02.usd -> 91.06 x 96.12 m (scale=0.01, up=Z)
[scene_gen] measured house: SM_MERGED_BP_MBuilding05.usd -> 27.70 x 20.60 m (scale=0.01, up=Z)
[scene_gen] measured house: BG_Building_A.usd -> 51.33 x 51.33 m (scale=0.01, up=Z)
[scene_gen] measured house: BG_Building_B.usd -> 60.27 x 40.20 m (scale=0.01, up=Z)
[scene_gen] measured house: BG_Building_C.usd -> 50.06 x 40.06 m (scale=0.01, up=Z)
[scene_gen] measured house: BG_Building_D.usd -> 64.85 x 34.87 m (scale=0.01, up=Z)
[scene_gen] measured house: BG_Building_E.usd -> 60.45 x 36.45 m (scale=0.01, up=Z)
[scene_gen] measured house: BG_Building_F.usd -> 80.87 x 50.43 m (scale=0.01, up=Z)
[scene_gen] measured house: destroyed_building_4.usd -> 29.34 x 27.06 m (scale=0.01, up=Z)
[scene_gen] measured house: destroyed_building_4_variation_1.usd -> 29.34 x 27.06 m (scale=0.01, up=Z)
[scene_gen] measured house: destroyed_building_5.usd -> 31.70 x 23.61 m (scale=0.01, up=Z)
[scene_gen] measured house: destroyed_building_9.usd -> 30.30 x 26.08 m (scale=0.01, up=Z)
[scene_gen] measured house: destroyed_building_10.usd -> 16.83 x 11.82 m (scale=0.01, up=Z)
[scene_gen] measured house: destroyed_building_1.usd -> 16.46 x 20.59 m (scale=0.01, up=Z)
[scene_gen] measured house: destroyed_building_2.usd -> 21.50 x 20.35 m (scale=0.01, up=Z)
[scene_gen] measured house: destroyed_building_5_variation_1.usd -> 31.70 x 23.61 m (scale=0.01, up=Z)
[scene_gen] measured house: destroyed_building_6.usd -> 18.49 x 9.30 m (scale=0.01, up=Z)
[scene_gen] measured house: destroyed_building_7.usd -> 18.58 x 9.87 m (scale=0.01, up=Z)
[scene_gen] measured house: destroyed_building_8.usd -> 17.62 x 9.29 m (scale=0.01, up=Z)
[scene_gen] measured house: destroyed_building_9_variation_1.usd -> 30.25 x 26.08 m (scale=0.01, up=Z)
[scene_gen] measured house: destroyed_building_10_variation_1.usd -> 18.62 x 13.57 m (scale=0.01, up=Z)
[scene_gen] measured house: destroyed_building_11_variation_1.usd -> 37.15 x 51.85 m (scale=0.01, up=Z)
[scene_gen] measured house: destroyed_building_12.usd -> 33.53 x 27.21 m (scale=0.01, up=Z)
[scene_gen] measured concrete: SM_GroundModule01.usd -> 3.50 x 3.50 m (scale=0.7, up=Z)
[districts] region 250x250 m is below min_region_m=300 — single district
[city_layout] 2 blocks, 5 corridors, 0 park superblock(s) (parking strip 2.4 m/side)
[city_layout]   -/2L/both=1  -/2L/none=4
[scene_gen] WARNING: 7/9 large buildings have no block that both fits them and matches their fate to the local damage — increase layout.region_m, raise layout.max_block_m, or accept that building goes unplaced this run rather than forcing it somewhere implausible.
[scene_gen] measured human: rp_eric_rigged_001_ue4.usd -> 1.31 x 0.35 m (scale=0.01, up=Z)
[scene_gen] measured human: rp_nathan_rigged_003_ue4.usd -> 1.31 x 0.35 m (scale=0.01, up=Z)
[scene_gen] measured human: rp_sophia_rigged_003_ue4.usd -> 1.22 x 0.33 m (scale=0.01, up=Z)
[scene_gen] measured human: rp_carla_rigged_001_ue4.usd -> 1.20 x 0.35 m (scale=0.01, up=Z)
[scene_gen] measured human: rp_claudia_rigged_002_ue4.usd -> 1.22 x 0.34 m (scale=0.01, up=Z)
[scene_gen] measured human: rp_manuel_rigged_001_ue4.usd -> 1.34 x 0.40 m (scale=0.01, up=Z)
[scene_gen] measured car: Vehicle_Police.usd -> 2.15 x 5.49 m (scale=0.01, up=Z)
[scene_gen] measured car: FREE_GMC_Motorhome_reimagined_low_poly.usdz -> 2.89 x 8.36 m (scale=0.01, up=Y)
[scene_gen] measured car: 130.usdz -> 1.95 x 4.70 m (scale=0.016, up=Y)
[scene_gen] measured car: Vehicle_A.usd -> 2.15 x 5.44 m (scale=0.01, up=Z)
[scene_gen] measured car: Nissan_Fairlady_Z_S30240Z_1978.usdz -> 1.78 x 4.19 m (scale=0.015, up=Y)
[scene_gen] measured car: SK_ConstructionTruck01FullyRigged.usd -> 6.73 x 1.87 m (scale=1.0, up=Z)
[scene_gen] measured car: Car_01_0.usd -> 2.26 x 5.02 m (scale=0.01, up=Z)
[scene_gen] measured car: Vehicle_Taxi.usd -> 2.15 x 5.44 m (scale=0.01, up=Z)
[scene_gen] City region 250×250 m (2 blocks, 0 parks, 5 road corridors)
[scene_gen] Placements by category: {'sidewalk': 392, 'concrete': 3960, 'house': 19, 'human': 27, 'car': 26} (total 4424, 19 buildings, 0 damaged, 0 destroyed, 0 placeholder prisms)
[districts] region 250x250 m is below min_region_m=300 — single district
REGION 250 blocks 2 buildings 19 rings False
   [('SM_MERGED_BP_MBuilding01.usd', 7), ('SM_MERGED_BP_MBuilding05.usd', 4), ('BG_Building_E.usd', 2), ('BG_Building_A.usd', 2), ('SM_MERGED_BP_MBuilding02.usd', 1), ('BG_Building_F.usd', 1), ('BG_Building_D.usd', 1), ('BG_Building_B.usd', 1)]
  block sizes [(237, 105), (237, 120)]
[compile_disaster] spec overrides: {'region_m': [300, 300]}
[compile_disaster] compiled high-level spec in memory: scene_gen/config/presets/downtown.yaml (base scene_gen/config/low_level/default.yaml)
[scene_gen] asset set: urban (urban.yaml <- urban_nucleus.yaml <- shared.yaml)
[city_layout] anisotropic subdivision: short=[70, 105] long=[190, 260] long_axis=x
[scene_gen] measured house: SM_MERGED_BP_MBuilding01.usd -> 28.50 x 18.50 m (scale=1.0, up=Z)
[scene_gen] measured house: SM_MERGED_BP_MBuilding02.usd -> 91.06 x 96.12 m (scale=0.01, up=Z)
[scene_gen] measured house: SM_MERGED_BP_MBuilding05.usd -> 27.70 x 20.60 m (scale=0.01, up=Z)
[scene_gen] measured house: BG_Building_A.usd -> 51.33 x 51.33 m (scale=0.01, up=Z)
[scene_gen] measured house: BG_Building_B.usd -> 60.27 x 40.20 m (scale=0.01, up=Z)
[scene_gen] measured house: BG_Building_C.usd -> 50.06 x 40.06 m (scale=0.01, up=Z)
[scene_gen] measured house: BG_Building_D.usd -> 64.85 x 34.87 m (scale=0.01, up=Z)
[scene_gen] measured house: BG_Building_E.usd -> 60.45 x 36.45 m (scale=0.01, up=Z)
[scene_gen] measured house: BG_Building_F.usd -> 80.87 x 50.43 m (scale=0.01, up=Z)
[scene_gen] measured house: destroyed_building_4.usd -> 29.34 x 27.06 m (scale=0.01, up=Z)
[scene_gen] measured house: destroyed_building_4_variation_1.usd -> 29.34 x 27.06 m (scale=0.01, up=Z)
[scene_gen] measured house: destroyed_building_5.usd -> 31.70 x 23.61 m (scale=0.01, up=Z)
[scene_gen] measured house: destroyed_building_9.usd -> 30.30 x 26.08 m (scale=0.01, up=Z)
[scene_gen] measured house: destroyed_building_10.usd -> 16.83 x 11.82 m (scale=0.01, up=Z)
[scene_gen] measured house: destroyed_building_1.usd -> 16.46 x 20.59 m (scale=0.01, up=Z)
[scene_gen] measured house: destroyed_building_2.usd -> 21.50 x 20.35 m (scale=0.01, up=Z)
[scene_gen] measured house: destroyed_building_5_variation_1.usd -> 31.70 x 23.61 m (scale=0.01, up=Z)
[scene_gen] measured house: destroyed_building_6.usd -> 18.49 x 9.30 m (scale=0.01, up=Z)
[scene_gen] measured house: destroyed_building_7.usd -> 18.58 x 9.87 m (scale=0.01, up=Z)
[scene_gen] measured house: destroyed_building_8.usd -> 17.62 x 9.29 m (scale=0.01, up=Z)
[scene_gen] measured house: destroyed_building_9_variation_1.usd -> 30.25 x 26.08 m (scale=0.01, up=Z)
[scene_gen] measured house: destroyed_building_10_variation_1.usd -> 18.62 x 13.57 m (scale=0.01, up=Z)
[scene_gen] measured house: destroyed_building_11_variation_1.usd -> 37.15 x 51.85 m (scale=0.01, up=Z)
[scene_gen] measured house: destroyed_building_12.usd -> 33.53 x 27.21 m (scale=0.01, up=Z)
[scene_gen] measured concrete: SM_GroundModule01.usd -> 3.50 x 3.50 m (scale=0.7, up=Z)
[districts] 3 rings over 300x300 m: core, mid, edge
[city_layout] 6 blocks, 9 corridors, 0 park superblock(s) (parking strip 2.4 m/side)
[city_layout]   core/3L/none=5  edge/2L/none=4
[scene_gen] WARNING: 3/9 large buildings have no block that both fits them and matches their fate to the local damage — increase layout.region_m, raise layout.max_block_m, or accept that building goes unplaced this run rather than forcing it somewhere implausible.
[scene_gen] measured human: rp_claudia_rigged_002_ue4.usd -> 1.22 x 0.34 m (scale=0.01, up=Z)Status: in Open at line 72 of /builds/omniverse/usd-resolver/source/library/OmniUsdAsset.cpp -- OmniUsdResolver: Opened asset 'omniverse://airlab-nucleus.andrew.cmu.edu:443/Library/Stages/Muyang/People/Assets/rp_nathan_rigged_003_ue4.usd' for read
Status: in Open at line 72 of /builds/omniverse/usd-resolver/source/library/OmniUsdAsset.cpp -- OmniUsdResolver: Opened asset 'omniverse://airlab-nucleus.andrew.cmu.edu:443/Library/Stages/Muyang/People/Assets/rp_nathan_rigged_003_mat.usd' for read
Status: in Open at line 72 of /builds/omniverse/usd-resolver/source/library/OmniUsdAsset.cpp -- OmniUsdResolver: Opened asset 'omniverse://airlab-nucleus.andrew.cmu.edu:443/Library/Stages/Muyang/People/Assets/rp_sophia_rigged_003_ue4.usd' for read
Status (secondary thread): in Open at line 72 of /builds/omniverse/usd-resolver/source/library/OmniUsdAsset.cpp -- OmniUsdResolver: Opened asset 'omniverse://airlab-nucleus.andrew.cmu.edu:443/Library/Stages/Muyang/People/Assets/rp_sophia_rigged_003_mat.usd' for read
Status: in Open at line 72 of /builds/omniverse/usd-resolver/source/library/OmniUsdAsset.cpp -- OmniUsdResolver: Opened asset 'omniverse://airlab-nucleus.andrew.cmu.edu:443/Library/Stages/Muyang/People/Assets/rp_eric_rigged_001_ue4.usd' for read
Status: in Open at line 72 of /builds/omniverse/usd-resolver/source/library/OmniUsdAsset.cpp -- OmniUsdResolver: Opened asset 'omniverse://airlab-nucleus.andrew.cmu.edu:443/Library/Stages/Muyang/People/Assets/rp_eric_rigged_001_mat.usd' for read
Status: in Open at line 72 of /builds/omniverse/usd-resolver/source/library/OmniUsdAsset.cpp -- OmniUsdResolver: Opened asset 'omniverse://airlab-nucleus.andrew.cmu.edu:443/Library/Stages/Muyang/People/Assets/rp_manuel_rigged_001_ue4.usd' for read
Status (secondary thread): in Open at line 72 of /builds/omniverse/usd-resolver/source/library/OmniUsdAsset.cpp -- OmniUsdResolver: Opened asset 'omniverse://airlab-nucleus.andrew.cmu.edu:443/Library/Stages/Muyang/People/Assets/rp_manuel_rigged_001_mat.usd' for read
Status: in Open at line 72 of /builds/omniverse/usd-resolver/source/library/OmniUsdAsset.cpp -- OmniUsdResolver: Opened asset 'omniverse://airlab-nucleus.andrew.cmu.edu:443/Library/Stages/Muyang/People/Assets/rp_carla_rigged_001_ue4.usd' for read
Status: in Open at line 72 of /builds/omniverse/usd-resolver/source/library/OmniUsdAsset.cpp -- OmniUsdResolver: Opened asset 'omniverse://airlab-nucleus.andrew.cmu.edu:443/Library/Stages/Muyang/People/Assets/rp_carla_rigged_001_mat.usd' for read
Status: in Open at line 72 of /builds/omniverse/usd-resolver/source/library/OmniUsdAsset.cpp -- OmniUsdResolver: Opened asset 'omniverse://airlab-nucleus.andrew.cmu.edu:443/Library/Stages/Muyang/DownTown/Assets/Vehicle_Police.usd' for read
Status: in Open at line 72 of /builds/omniverse/usd-resolver/source/library/OmniUsdAsset.cpp -- OmniUsdResolver: Opened asset 'omniverse://airlab-nucleus.andrew.cmu.edu:443/Library/Stages/Muyang/DownTown/Assets/Vehicle_Police_Inst.usd' for read
Status (secondary thread): in Open at line 72 of /builds/omniverse/usd-resolver/source/library/OmniUsdAsset.cpp -- OmniUsdResolver: Opened asset 'omniverse://airlab-nucleus.andrew.cmu.edu:443/Library/Stages/Muyang/DownTown/Assets/HeadlightGlass_Inst.usd' for read
Status (secondary thread): in Open at line 72 of /builds/omniverse/usd-resolver/source/library/OmniUsdAsset.cpp -- OmniUsdResolver: Opened asset 'omniverse://airlab-nucleus.andrew.cmu.edu:443/Library/Stages/Muyang/DownTown/Assets/VehicleParts_Inst.usd' for read
Status (secondary thread): in Open at line 72 of /builds/omniverse/usd-resolver/source/library/OmniUsdAsset.cpp -- OmniUsdResolver: Opened asset 'omniverse://airlab-nucleus.andrew.cmu.edu:443/Library/Stages/Muyang/DownTown/Assets/HeadlightGlass_Inst1.usd' for read
Status: in Open at line 72 of /builds/omniverse/usd-resolver/source/library/OmniUsdAsset.cpp -- OmniUsdResolver: Opened asset 'omniverse://airlab-nucleus.andrew.cmu.edu:443/Library/Stages/Muyang/DownTown/Assets/Vehicle_Taxi.usd' for read
Status: in Open at line 72 of /builds/omniverse/usd-resolver/source/library/OmniUsdAsset.cpp -- OmniUsdResolver: Opened asset 'omniverse://airlab-nucleus.andrew.cmu.edu:443/Library/Stages/Muyang/DownTown/Assets/VehicleParts_Inst.usd' for read
Status (secondary thread): in Open at line 72 of /builds/omniverse/usd-resolver/source/library/OmniUsdAsset.cpp -- OmniUsdResolver: Opened asset 'omniverse://airlab-nucleus.andrew.cmu.edu:443/Library/Stages/Muyang/DownTown/Assets/Vehicle_Taxi_Inst.usd' for read
Status (secondary thread): in Open at line 72 of /builds/omniverse/usd-resolver/source/library/OmniUsdAsset.cpp -- OmniUsdResolver: Opened asset 'omniverse://airlab-nucleus.andrew.cmu.edu:443/Library/Stages/Muyang/DownTown/Assets/HeadlightGlass_Inst.usd' for read
Status: in Open at line 72 of /builds/omniverse/usd-resolver/source/library/OmniUsdAsset.cpp -- OmniUsdResolver: Opened asset 'omniverse://airlab-nucleus.andrew.cmu.edu:443/Library/Stages/RetroNeighborhood/Nissan_Fairlady_Z_S30240Z_1978.usdz' for read
Status: in Open at line 72 of /builds/omniverse/usd-resolver/source/library/OmniUsdAsset.cpp -- OmniUsdResolver: Opened asset 'omniverse://airlab-nucleus.andrew.cmu.edu:443/Library/Stages/Muyang/ModularNeighborhood/Assets/Car_01_0.usd' for read
Status: in Open at line 72 of /builds/omniverse/usd-resolver/source/library/OmniUsdAsset.cpp -- OmniUsdResolver: Opened asset 'omniverse://airlab-nucleus.andrew.cmu.edu:443/Library/Stages/Muyang/ModularNeighborhood/Assets/Car_Glass_01.usd' for read
Status (secondary thread): in Open at line 72 of /builds/omniverse/usd-resolver/source/library/OmniUsdAsset.cpp -- OmniUsdResolver: Opened asset 'omniverse://airlab-nucleus.andrew.cmu.edu:443/Library/Stages/Muyang/ModularNeighborhood/Assets/Car_01.usd' for read
Status: in Open at line 72 of /builds/omniverse/usd-resolver/source/library/OmniUsdAsset.cpp -- OmniUsdResolver: Opened asset 'omniverse://airlab-nucleus.andrew.cmu.edu:443/Library/Stages/RetroNeighborhood/FREE_GMC_Motorhome_reimagined_low_poly.usdz' for read
Status: in Open at line 72 of /builds/omniverse/usd-resolver/source/library/OmniUsdAsset.cpp -- OmniUsdResolver: Opened asset 'omniverse://airlab-nucleus.andrew.cmu.edu:443/Library/Stages/Dmytro/Assets/Game/ModernCityEnvironment01/Meshes/SK_ConstructionTruck01FullyRigged.usd' for read
Status: in Open at line 72 of /builds/omniverse/usd-resolver/source/library/OmniUsdAsset.cpp -- OmniUsdResolver: Opened asset 'omniverse://airlab-nucleus.andrew.cmu.edu:443/Library/Stages/Dmytro/Assets/Game/ModernCityEnvironment01/Meshes/SK_ConstructionTruck01FullyRigged_payload.usd' for read
Status: in Open at line 72 of /builds/omniverse/usd-resolver/source/library/OmniUsdAsset.cpp -- OmniUsdResolver: Opened asset 'omniverse://airlab-nucleus.andrew.cmu.edu:443/Library/Stages/Dmytro/Assets/Game/ModernCityEnvironment01/Materials/MI_CT01_05_Inst.usd' for read
Status (secondary thread): in Open at line 72 of /builds/omniverse/usd-resolver/source/library/OmniUsdAsset.cpp -- OmniUsdResolver: Opened asset 'omniverse://airlab-nucleus.andrew.cmu.edu:443/Library/Stages/Dmytro/Assets/Game/ModernCityEnvironment01/Materials/MI_CT01_06_Inst.usd' for read
Status (secondary thread): in Open at line 72 of /builds/omniverse/usd-resolver/source/library/OmniUsdAsset.cpp -- OmniUsdResolver: Opened asset 'omniverse://airlab-nucleus.andrew.cmu.edu:443/Library/Stages/Dmytro/Assets/Game/ModernCityEnvironment01/Materials/MI_CT01_04_Inst.usd' for read
Status (secondary thread): in Open at line 72 of /builds/omniverse/usd-resolver/source/library/OmniUsdAsset.cpp -- OmniUsdResolver: Opened asset 'omniverse://airlab-nucleus.andrew.cmu.edu:443/Library/Stages/Dmytro/Assets/Game/ModernCityEnvironment01/Materials/MI_CT01_01_Inst.usd' for read
Status (secondary thread): in Open at line 72 of /builds/omniverse/usd-resolver/source/library/OmniUsdAsset.cpp -- OmniUsdResolver: Opened asset 'omniverse://airlab-nucleus.andrew.cmu.edu:443/Library/Stages/Dmytro/Assets/Game/ModernCityEnvironment01/Materials/MI_CT01_02_Inst.usd' for read
Status (secondary thread): in Open at line 72 of /builds/omniverse/usd-resolver/source/library/OmniUsdAsset.cpp -- OmniUsdResolver: Opened asset 'omniverse://airlab-nucleus.andrew.cmu.edu:443/Library/Stages/Dmytro/Assets/Game/ModernCityEnvironment01/Materials/MI_CT01_03_Inst.usd' for read
Status: in Open at line 72 of /builds/omniverse/usd-resolver/source/library/OmniUsdAsset.cpp -- OmniUsdResolver: Opened asset 'omniverse://airlab-nucleus.andrew.cmu.edu:443/Library/Stages/Muyang/DownTown/Assets/Vehicle_A.usd' for read
Status: in Open at line 72 of /builds/omniverse/usd-resolver/source/library/OmniUsdAsset.cpp -- OmniUsdResolver: Opened asset 'omniverse://airlab-nucleus.andrew.cmu.edu:443/Library/Stages/Muyang/DownTown/Assets/Vehicle_A_White_Inst.usd' for read
Status (secondary thread): in Open at line 72 of /builds/omniverse/usd-resolver/source/library/OmniUsdAsset.cpp -- OmniUsdResolver: Opened asset 'omniverse://airlab-nucleus.andrew.cmu.edu:443/Library/Stages/Muyang/DownTown/Assets/HeadlightGlass_Inst.usd' for read
Status: in Open at line 72 of /builds/omniverse/usd-resolver/source/library/OmniUsdAsset.cpp -- OmniUsdResolver: Opened asset 'omniverse://airlab-nucleus.andrew.cmu.edu:443/Library/Stages/RetroNeighborhood/130.usdz' for read
Status: in _OpenAsset at line 360 of /builds/omniverse/usd-resolver/source/library/OmniUsdResolver_Ar2.cpp -- OmniUsdResolver: Opening filesystem asset '/isaac-sim/AirStack/scene_gen/assets/aec/brownstone/Assets/Create_Brownstone02/Reference_Brownstone02.usd' for read
Status (secondary thread): in _OpenAsset at line 360 of /builds/omniverse/usd-resolver/source/library/OmniUsdResolver_Ar2.cpp -- OmniUsdResolver: Opening filesystem asset '/isaac-sim/AirStack/scene_gen/assets/aec/brownstone/Assets/Create_Brownstone02/Brownstone02_Instanced.usd' for read
Status (secondary thread): in _OpenAsset at line 360 of /builds/omniverse/usd-resolver/source/library/OmniUsdResolver_Ar2.cpp -- OmniUsdResolver: Opening filesystem asset '/isaac-sim/AirStack/scene_gen/assets/aec/brownstone/Assets/Create_Brownstone02/Brownstone02_Referenced.usd' for read
Status (secondary thread): in _OpenAsset at line 360 of /builds/omniverse/usd-resolver/source/library/OmniUsdResolver_Ar2.cpp -- OmniUsdResolver: Opening filesystem asset '/isaac-sim/AirStack/scene_gen/assets/aec/brownstone/Options/Options_Grass_Brownstone02.usd' for read
Status (secondary thread): in _OpenAsset at line 360 of /builds/omniverse/usd-resolver/source/library/OmniUsdResolver_Ar2.cpp -- OmniUsdResolver: Opening filesystem asset '/isaac-sim/AirStack/scene_gen/assets/aec/brownstone/Assets/Create_Brownstone02/Create_Brownstone02_GrassPatch.usd' for read
Status (secondary thread): in _OpenAsset at line 360 of /builds/omniverse/usd-resolver/source/library/OmniUsdResolver_Ar2.cpp -- OmniUsdResolver: Opening filesystem asset '/isaac-sim/AirStack/scene_gen/assets/aec/brownstone/Assets/Vegetation/Shrub/Grass_Trimmed_C.usd' for read
Status (secondary thread): in _OpenAsset at line 360 of /builds/omniverse/usd-resolver/source/library/OmniUsdResolver_Ar2.cpp -- OmniUsdResolver: Opening filesystem asset '/isaac-sim/AirStack/scene_gen/assets/aec/brownstone/Assets/Vegetation/Shrub/Grass_Trimmed_B.usd' for read
Status: in _OpenAsset at line 360 of /builds/omniverse/usd-resolver/source/library/OmniUsdResolver_Ar2.cpp -- OmniUsdResolver: Opening filesystem asset '/isaac-sim/AirStack/scene_gen/assets/aec/brownstone/Assets/Create_Brownstone02/Reference_Brownstone2Row.usd' for read
Status: in _OpenAsset at line 360 of /builds/omniverse/usd-resolver/source/library/OmniUsdResolver_Ar2.cpp -- OmniUsdResolver: Opening filesystem asset '/isaac-sim/AirStack/scene_gen/assets/aec/brownstone/Assets/Create_Brownstone02/Reference_Brownstone02.usd' for read
Status: in _OpenAsset at line 360 of /builds/omniverse/usd-resolver/source/library/OmniUsdResolver_Ar2.cpp -- OmniUsdResolver: Opening filesystem asset '/isaac-sim/AirStack/scene_gen/assets/aec/brownstone/Assets/Create_Brownstone02/Brownstone02_Instanced.usd' for read
Status (secondary thread): in _OpenAsset at line 360 of /builds/omniverse/usd-resolver/source/library/OmniUsdResolver_Ar2.cpp -- OmniUsdResolver: Opening filesystem asset '/isaac-sim/AirStack/scene_gen/assets/aec/brownstone/Assets/Create_Brownstone02/Brownstone02_Referenced.usd' for read
Status (secondary thread): in _OpenAsset at line 360 of /builds/omniverse/usd-resolver/source/library/OmniUsdResolver_Ar2.cpp -- OmniUsdResolver: Opening filesystem asset '/isaac-sim/AirStack/scene_gen/assets/aec/brownstone/Options/Options_Grass_Brownstone02.usd' for read
Status (secondary thread): in _OpenAsset at line 360 of /builds/omniverse/usd-resolver/source/library/OmniUsdResolver_Ar2.cpp -- OmniUsdResolver: Opening filesystem asset '/isaac-sim/AirStack/scene_gen/assets/aec/brownstone/Assets/Create_Brownstone02/Create_Brownstone02_GrassPatch.usd' for read
Status (secondary thread): in _OpenAsset at line 360 of /builds/omniverse/usd-resolver/source/library/OmniUsdResolver_Ar2.cpp -- OmniUsdResolver: Opening filesystem asset '/isaac-sim/AirStack/scene_gen/assets/aec/brownstone/Assets/Vegetation/Shrub/Grass_Trimmed_B.usd' for read
Status (secondary thread): in _OpenAsset at line 360 of /builds/omniverse/usd-resolver/source/library/OmniUsdResolver_Ar2.cpp -- OmniUsdResolver: Opening filesystem asset '/isaac-sim/AirStack/scene_gen/assets/aec/brownstone/Assets/Vegetation/Shrub/Grass_Trimmed_C.usd' for read
Status: in _OpenAsset at line 360 of /builds/omniverse/usd-resolver/source/library/OmniUsdResolver_Ar2.cpp -- OmniUsdResolver: Opening filesystem asset '/isaac-sim/AirStack/scene_gen/assets/aec/brownstone/Assets/Create_Brownstone02/Reference_Brownstone5Row.usd' for read
Status (secondary thread): in _OpenAsset at line 360 of /builds/omniverse/usd-resolver/source/library/OmniUsdResolver_Ar2.cpp -- OmniUsdResolver: Opening filesystem asset '/isaac-sim/AirStack/scene_gen/assets/aec/brownstone/Assets/Create_Brownstone02/Reference_Brownstone02.usd' for read
Status (secondary thread): in _OpenAsset at line 360 of /builds/omniverse/usd-resolver/source/library/OmniUsdResolver_Ar2.cpp -- OmniUsdResolver: Opening filesystem asset '/isaac-sim/AirStack/scene_gen/assets/aec/brownstone/Assets/Create_Brownstone02/Brownstone02_Instanced.usd' for read
Status (secondary thread): in _OpenAsset at line 360 of /builds/omniverse/usd-resolver/source/library/OmniUsdResolver_Ar2.cpp -- OmniUsdResolver: Opening filesystem asset '/isaac-sim/AirStack/scene_gen/assets/aec/brownstone/Assets/Create_Brownstone02/Brownstone02_Referenced.usd' for read
Status (secondary thread): in _OpenAsset at line 360 of /builds/omniverse/usd-resolver/source/library/OmniUsdResolver_Ar2.cpp -- OmniUsdResolver: Opening filesystem asset '/isaac-sim/AirStack/scene_gen/assets/aec/brownstone/Options/Options_Grass_Brownstone02.usd' for read
Status (secondary thread): in _OpenAsset at line 360 of /builds/omniverse/usd-resolver/source/library/OmniUsdResolver_Ar2.cpp -- OmniUsdResolver: Opening filesystem asset '/isaac-sim/AirStack/scene_gen/assets/aec/brownstone/Assets/Create_Brownstone02/Create_Brownstone02_GrassPatch.usd' for read
Status (secondary thread): in _OpenAsset at line 360 of /builds/omniverse/usd-resolver/source/library/OmniUsdResolver_Ar2.cpp -- OmniUsdResolver: Opening filesystem asset '/isaac-sim/AirStack/scene_gen/assets/aec/brownstone/Assets/Vegetation/Shrub/Grass_Trimmed_B.usd' for read
Status (secondary thread): in _OpenAsset at line 360 of /builds/omniverse/usd-resolver/source/library/OmniUsdResolver_Ar2.cpp -- OmniUsdResolver: Opening filesystem asset '/isaac-sim/AirStack/scene_gen/assets/aec/brownstone/Assets/Vegetation/Shrub/Grass_Trimmed_C.usd' for read
Status: in _OpenAsset at line 360 of /builds/omniverse/usd-resolver/source/library/OmniUsdResolver_Ar2.cpp -- OmniUsdResolver: Opening filesystem asset '/isaac-sim/AirStack/scene_gen/assets/aec/brownstone/Assets/Create_Brownstone02/Reference_Brownstone6Row.usd' for read
Status (secondary thread): in _OpenAsset at line 360 of /builds/omniverse/usd-resolver/source/library/OmniUsdResolver_Ar2.cpp -- OmniUsdResolver: Opening filesystem asset '/isaac-sim/AirStack/scene_gen/assets/aec/brownstone/Assets/Create_Brownstone02/Reference_Brownstone02.usd' for read
Status (secondary thread): in _OpenAsset at line 360 of /builds/omniverse/usd-resolver/source/library/OmniUsdResolver_Ar2.cpp -- OmniUsdResolver: Opening filesystem asset '/isaac-sim/AirStack/scene_gen/assets/aec/brownstone/Assets/Create_Brownstone02/Brownstone02_Referenced.usd' for read
Status (secondary thread): in _OpenAsset at line 360 of /builds/omniverse/usd-resolver/source/library/OmniUsdResolver_Ar2.cpp -- OmniUsdResolver: Opening filesystem asset '/isaac-sim/AirStack/scene_gen/assets/aec/brownstone/Assets/Create_Brownstone02/Brownstone02_Instanced.usd' for read
Status (secondary thread): in _OpenAsset at line 360 of /builds/omniverse/usd-resolver/source/library/OmniUsdResolver_Ar2.cpp -- OmniUsdResolver: Opening filesystem asset '/isaac-sim/AirStack/scene_gen/assets/aec/brownstone/Options/Options_Grass_Brownstone02.usd' for read
Status (secondary thread): in _OpenAsset at line 360 of /builds/omniverse/usd-resolver/source/library/OmniUsdResolver_Ar2.cpp -- OmniUsdResolver: Opening filesystem asset '/isaac-sim/AirStack/scene_gen/assets/aec/brownstone/Assets/Create_Brownstone02/Create_Brownstone02_GrassPatch.usd' for read
Status: in _OpenAsset at line 360 of /builds/omniverse/usd-resolver/source/library/OmniUsdResolver_Ar2.cpp -- OmniUsdResolver: Opening filesystem asset '/isaac-sim/AirStack/scene_gen/assets/aec/brownstone/Assets/Vegetation/Shrub/Grass_Trimmed_C.usd' for read
Status (secondary thread): in _OpenAsset at line 360 of /builds/omniverse/usd-resolver/source/library/OmniUsdResolver_Ar2.cpp -- OmniUsdResolver: Opening filesystem asset '/isaac-sim/AirStack/scene_gen/assets/aec/brownstone/Assets/Vegetation/Shrub/Grass_Trimmed_B.usd' for read
Status: in _OpenAsset at line 360 of /builds/omniverse/usd-resolver/source/library/OmniUsdResolver_Ar2.cpp -- OmniUsdResolver: Opening filesystem asset '/isaac-sim/AirStack/scene_gen/assets/aec/brownstone/Assets/Create_Brownstone02/Reference_Brownstone8Row.usd' for read
Status (secondary thread): in _OpenAsset at line 360 of /builds/omniverse/usd-resolver/source/library/OmniUsdResolver_Ar2.cpp -- OmniUsdResolver: Opening filesystem asset '/isaac-sim/AirStack/scene_gen/assets/aec/brownstone/Assets/Create_Brownstone02/Reference_Brownstone02.usd' for read
Status (secondary thread): in _OpenAsset at line 360 of /builds/omniverse/usd-resolver/source/library/OmniUsdResolver_Ar2.cpp -- OmniUsdResolver: Opening filesystem asset '/isaac-sim/AirStack/scene_gen/assets/aec/brownstone/Assets/Create_Brownstone02/Brownstone02_Instanced.usd' for read
Status (secondary thread): in _OpenAsset at line 360 of /builds/omniverse/usd-resolver/source/library/OmniUsdResolver_Ar2.cpp -- OmniUsdResolver: Opening filesystem asset '/isaac-sim/AirStack/scene_gen/assets/aec/brownstone/Assets/Create_Brownstone02/Brownstone02_Referenced.usd' for read
Status (secondary thread): in _OpenAsset at line 360 of /builds/omniverse/usd-resolver/source/library/OmniUsdResolver_Ar2.cpp -- OmniUsdResolver: Opening filesystem asset '/isaac-sim/AirStack/scene_gen/assets/aec/brownstone/Options/Options_Grass_Brownstone02.usd' for read
Status (secondary thread): in _OpenAsset at line 360 of /builds/omniverse/usd-resolver/source/library/OmniUsdResolver_Ar2.cpp -- OmniUsdResolver: Opening filesystem asset '/isaac-sim/AirStack/scene_gen/assets/aec/brownstone/Assets/Create_Brownstone02/Create_Brownstone02_GrassPatch.usd' for read
Status (secondary thread): in _OpenAsset at line 360 of /builds/omniverse/usd-resolver/source/library/OmniUsdResolver_Ar2.cpp -- OmniUsdResolver: Opening filesystem asset '/isaac-sim/AirStack/scene_gen/assets/aec/brownstone/Assets/Vegetation/Shrub/Grass_Trimmed_B.usd' for read
Status (secondary thread): in _OpenAsset at line 360 of /builds/omniverse/usd-resolver/source/library/OmniUsdResolver_Ar2.cpp -- OmniUsdResolver: Opening filesystem asset '/isaac-sim/AirStack/scene_gen/assets/aec/brownstone/Assets/Vegetation/Shrub/Grass_Trimmed_C.usd' for read
Status: in _OpenAsset at line 360 of /builds/omniverse/usd-resolver/source/library/OmniUsdResolver_Ar2.cpp -- OmniUsdResolver: Opening filesystem asset '/isaac-sim/AirStack/scene_gen/assets/aec/brownstone/Assets/Create_Brownstone02/Reference_Brownstone10Row.usd' for read
Status (secondary thread): in _OpenAsset at line 360 of /builds/omniverse/usd-resolver/source/library/OmniUsdResolver_Ar2.cpp -- OmniUsdResolver: Opening filesystem asset '/isaac-sim/AirStack/scene_gen/assets/aec/brownstone/Assets/Create_Brownstone02/Reference_Brownstone02.usd' for read
Status (secondary thread): in _OpenAsset at line 360 of /builds/omniverse/usd-resolver/source/library/OmniUsdResolver_Ar2.cpp -- OmniUsdResolver: Opening filesystem asset '/isaac-sim/AirStack/scene_gen/assets/aec/brownstone/Assets/Create_Brownstone02/Brownstone02_Instanced.usd' for read
Status (secondary thread): in _OpenAsset at line 360 of /builds/omniverse/usd-resolver/source/library/OmniUsdResolver_Ar2.cpp -- OmniUsdResolver: Opening filesystem asset '/isaac-sim/AirStack/scene_gen/assets/aec/brownstone/Assets/Create_Brownstone02/Brownstone02_Referenced.usd' for read
Status (secondary thread): in _OpenAsset at line 360 of /builds/omniverse/usd-resolver/source/library/OmniUsdResolver_Ar2.cpp -- OmniUsdResolver: Opening filesystem asset '/isaac-sim/AirStack/scene_gen/assets/aec/brownstone/Options/Options_Grass_Brownstone02.usd' for read
Status (secondary thread): in _OpenAsset at line 360 of /builds/omniverse/usd-resolver/source/library/OmniUsdResolver_Ar2.cpp -- OmniUsdResolver: Opening filesystem asset '/isaac-sim/AirStack/scene_gen/assets/aec/brownstone/Assets/Create_Brownstone02/Create_Brownstone02_GrassPatch.usd' for read
Status (secondary thread): in _OpenAsset at line 360 of /builds/omniverse/usd-resolver/source/library/OmniUsdResolver_Ar2.cpp -- OmniUsdResolver: Opening filesystem asset '/isaac-sim/AirStack/scene_gen/assets/aec/brownstone/Assets/Vegetation/Shrub/Grass_Trimmed_B.usd' for read
Status (secondary thread): in _OpenAsset at line 360 of /builds/omniverse/usd-resolver/source/library/OmniUsdResolver_Ar2.cpp -- OmniUsdResolver: Opening filesystem asset '/isaac-sim/AirStack/scene_gen/assets/aec/brownstone/Assets/Vegetation/Shrub/Grass_Trimmed_C.usd' for read
Status: in _OpenAsset at line 360 of /builds/omniverse/usd-resolver/source/library/OmniUsdResolver_Ar2.cpp -- OmniUsdResolver: Opening filesystem asset '/isaac-sim/AirStack/scene_gen/assets/aec/brownstone/Assets/Create_Brownstone02/Reference_Brownstone11Row.usd' for read
Status: in _OpenAsset at line 360 of /builds/omniverse/usd-resolver/source/library/OmniUsdResolver_Ar2.cpp -- OmniUsdResolver: Opening filesystem asset '/isaac-sim/AirStack/scene_gen/assets/aec/brownstone/Assets/Create_Brownstone02/Reference_Brownstone02.usd' for read
Status: in _OpenAsset at line 360 of /builds/omniverse/usd-resolver/source/library/OmniUsdResolver_Ar2.cpp -- OmniUsdResolver: Opening filesystem asset '/isaac-sim/AirStack/scene_gen/assets/aec/brownstone/Assets/Create_Brownstone02/Brownstone02_Instanced.usd' for read
Status (secondary thread): in _OpenAsset at line 360 of /builds/omniverse/usd-resolver/source/library/OmniUsdResolver_Ar2.cpp -- OmniUsdResolver: Opening filesystem asset '/isaac-sim/AirStack/scene_gen/assets/aec/brownstone/Assets/Create_Brownstone02/Brownstone02_Referenced.usd' for read
Status (secondary thread): in _OpenAsset at line 360 of /builds/omniverse/usd-resolver/source/library/OmniUsdResolver_Ar2.cpp -- OmniUsdResolver: Opening filesystem asset '/isaac-sim/AirStack/scene_gen/assets/aec/brownstone/Options/Options_Grass_Brownstone02.usd' for read
Status (secondary thread): in _OpenAsset at line 360 of /builds/omniverse/usd-resolver/source/library/OmniUsdResolver_Ar2.cpp -- OmniUsdResolver: Opening filesystem asset '/isaac-sim/AirStack/scene_gen/assets/aec/brownstone/Assets/Create_Brownstone02/Create_Brownstone02_GrassPatch.usd' for read
Status (secondary thread): in _OpenAsset at line 360 of /builds/omniverse/usd-resolver/source/library/OmniUsdResolver_Ar2.cpp -- OmniUsdResolver: Opening filesystem asset '/isaac-sim/AirStack/scene_gen/assets/aec/brownstone/Assets/Vegetation/Shrub/Grass_Trimmed_B.usd' for read
Status (secondary thread): in _OpenAsset at line 360 of /builds/omniverse/usd-resolver/source/library/OmniUsdResolver_Ar2.cpp -- OmniUsdResolver: Opening filesystem asset '/isaac-sim/AirStack/scene_gen/assets/aec/brownstone/Assets/Vegetation/Shrub/Grass_Trimmed_C.usd' for read
Status: in _OpenAsset at line 360 of /builds/omniverse/usd-resolver/source/library/OmniUsdResolver_Ar2.cpp -- OmniUsdResolver: Opening filesystem asset '/isaac-sim/AirStack/scene_gen/assets/aec/brownstone/Assets/Create_Brownstone02/Reference_Brownstone12Row.usd' for read
Status: in _OpenAsset at line 360 of /builds/omniverse/usd-resolver/source/library/OmniUsdResolver_Ar2.cpp -- OmniUsdResolver: Opening filesystem asset '/isaac-sim/AirStack/scene_gen/assets/aec/brownstone/Assets/Create_Brownstone02/Reference_Brownstone02.usd' for read
Status (secondary thread): in _OpenAsset at line 360 of /builds/omniverse/usd-resolver/source/library/OmniUsdResolver_Ar2.cpp -- OmniUsdResolver: Opening filesystem asset '/isaac-sim/AirStack/scene_gen/assets/aec/brownstone/Assets/Create_Brownstone02/Brownstone02_Instanced.usd' for read
Status (secondary thread): in _OpenAsset at line 360 of /builds/omniverse/usd-resolver/source/library/OmniUsdResolver_Ar2.cpp -- OmniUsdResolver: Opening filesystem asset '/isaac-sim/AirStack/scene_gen/assets/aec/brownstone/Assets/Create_Brownstone02/Brownstone02_Referenced.usd' for read
Status (secondary thread): in _OpenAsset at line 360 of /builds/omniverse/usd-resolver/source/library/OmniUsdResolver_Ar2.cpp -- OmniUsdResolver: Opening filesystem asset '/isaac-sim/AirStack/scene_gen/assets/aec/brownstone/Options/Options_Grass_Brownstone02.usd' for read
Status (secondary thread): in _OpenAsset at line 360 of /builds/omniverse/usd-resolver/source/library/OmniUsdResolver_Ar2.cpp -- OmniUsdResolver: Opening filesystem asset '/isaac-sim/AirStack/scene_gen/assets/aec/brownstone/Assets/Create_Brownstone02/Create_Brownstone02_GrassPatch.usd' for read
Status (secondary thread): in _OpenAsset at line 360 of /builds/omniverse/usd-resolver/source/library/OmniUsdResolver_Ar2.cpp -- OmniUsdResolver: Opening filesystem asset '/isaac-sim/AirStack/scene_gen/assets/aec/brownstone/Assets/Vegetation/Shrub/Grass_Trimmed_B.usd' for read
Status (secondary thread): in _OpenAsset at line 360 of /builds/omniverse/usd-resolver/source/library/OmniUsdResolver_Ar2.cpp -- OmniUsdResolver: Opening filesystem asset '/isaac-sim/AirStack/scene_gen/assets/aec/brownstone/Assets/Vegetation/Shrub/Grass_Trimmed_C.usd' for read
Status: in Open at line 72 of /builds/omniverse/usd-resolver/source/library/OmniUsdAsset.cpp -- OmniUsdResolver: Opened asset 'omniverse://airlab-nucleus.andrew.cmu.edu:443/Library/Stages/Dmytro/Assets/Game/FactoryDistrict/Meshes/Building_TypeD_A.usd' for read
Status (secondary thread): in Open at line 72 of /builds/omniverse/usd-resolver/source/library/OmniUsdAsset.cpp -- OmniUsdResolver: Opened asset 'omniverse://airlab-nucleus.andrew.cmu.edu:443/Library/Stages/Dmytro/Assets/Game/FactoryDistrict/Meshes/Building_TypeD_A_payload.usd' for read
Status (secondary thread): in Open at line 72 of /builds/omniverse/usd-resolver/source/library/OmniUsdAsset.cpp -- OmniUsdResolver: Opened asset 'omniverse://airlab-nucleus.andrew.cmu.edu:443/Library/Stages/Dmytro/Assets/Game/FactoryDistrict/Materials/Roof_A_Inst.usd' for read
Status (secondary thread): in Open at line 72 of /builds/omniverse/usd-resolver/source/library/OmniUsdAsset.cpp -- OmniUsdResolver: Opened asset 'omniverse://airlab-nucleus.andrew.cmu.edu:443/Library/Stages/Dmytro/Assets/Game/FactoryDistrict/Materials/Bare_Metal_mat.usd' for read
Status (secondary thread): in Open at line 72 of /builds/omniverse/usd-resolver/source/library/OmniUsdAsset.cpp -- OmniUsdResolver: Opened asset 'omniverse://airlab-nucleus.andrew.cmu.edu:443/Library/Stages/Dmytro/Assets/Game/FactoryDistrict/Materials/Concrete_C_Inst.usd' for read
Status (secondary thread): in Open at line 72 of /builds/omniverse/usd-resolver/source/library/OmniUsdAsset.cpp -- OmniUsdResolver: Opened asset 'omniverse://airlab-nucleus.andrew.cmu.edu:443/Library/Stages/Dmytro/Assets/Game/FactoryDistrict/Materials/Cement_A_Inst.usd' for read
Status (secondary thread): in Open at line 72 of /builds/omniverse/usd-resolver/source/library/OmniUsdAsset.cpp -- OmniUsdResolver: Opened asset 'omniverse://airlab-nucleus.andrew.cmu.edu:443/Library/Stages/Dmytro/Assets/Game/FactoryDistrict/Materials/Concrete_D_Floor.usd' for read
Status (secondary thread): in Open at line 72 of /builds/omniverse/usd-resolver/source/library/OmniUsdAsset.cpp -- OmniUsdResolver: Opened asset 'omniverse://airlab-nucleus.andrew.cmu.edu:443/Library/Stages/Dmytro/Assets/Game/FactoryDistrict/Materials/CorrugatedMetal_A_Inst.usd' for read
Status: in Open at line 72 of /builds/omniverse/usd-resolver/source/library/OmniUsdAsset.cpp -- OmniUsdResolver: Opened asset 'omniverse://airlab-nucleus.andrew.cmu.edu:443/Library/Stages/Dmytro/Assets/Game/FactoryDistrict/Materials/Metal_A_Inst.usd' for read
Status (secondary thread): in Open at line 72 of /builds/omniverse/usd-resolver/source/library/OmniUsdAsset.cpp -- OmniUsdResolver: Opened asset 'omniverse://airlab-nucleus.andrew.cmu.edu:443/Library/Stages/Dmytro/Assets/Game/FactoryDistrict/Materials/CorrugatedMetal_B_Inst.usd' for read
Status (secondary thread): in Open at line 72 of /builds/omniverse/usd-resolver/source/library/OmniUsdAsset.cpp -- OmniUsdResolver: Opened asset 'omniverse://airlab-nucleus.andrew.cmu.edu:443/Library/Stages/Dmytro/Assets/Game/FactoryDistrict/Materials/Cement_A_TintBlue.usd' for read
Status (secondary thread): in Open at line 72 of /builds/omniverse/usd-resolver/source/library/OmniUsdAsset.cpp -- OmniUsdResolver: Opened asset 'omniverse://airlab-nucleus.andrew.cmu.edu:443/Library/Stages/Dmytro/Assets/Game/FactoryDistrict/Materials/Master_Glass.usd' for read
Status: in Open at line 72 of /builds/omniverse/usd-resolver/source/library/OmniUsdAsset.cpp -- OmniUsdResolver: Opened asset 'omniverse://airlab-nucleus.andrew.cmu.edu:443/Library/Stages/Dmytro/Assets/Game/FactoryDistrict/Meshes/Building_TypeD_B.usd' for read
Status (secondary thread): in Open at line 72 of /builds/omniverse/usd-resolver/source/library/OmniUsdAsset.cpp -- OmniUsdResolver: Opened asset 'omniverse://airlab-nucleus.andrew.cmu.edu:443/Library/Stages/Dmytro/Assets/Game/FactoryDistrict/Meshes/Building_TypeD_B_payload.usd' for read
Status (secondary thread): in Open at line 72 of /builds/omniverse/usd-resolver/source/library/OmniUsdAsset.cpp -- OmniUsdResolver: Opened asset 'omniverse://airlab-nucleus.andrew.cmu.edu:443/Library/Stages/Dmytro/Assets/Game/FactoryDistrict/Materials/Concrete_D_Floor.usd' for read
Status: in Open at line 72 of /builds/omniverse/usd-resolver/source/library/OmniUsdAsset.cpp -- OmniUsdResolver: Opened asset 'omniverse://airlab-nucleus.andrew.cmu.edu:443/Library/Stages/Dmytro/Assets/Game/FactoryDistrict/Materials/Cement_A_TintBlue.usd' for read
Status (secondary thread): in Open at line 72 of /builds/omniverse/usd-resolver/source/library/OmniUsdAsset.cpp -- OmniUsdResolver: Opened asset 'omniverse://airlab-nucleus.andrew.cmu.edu:443/Library/Stages/Dmytro/Assets/Game/FactoryDistrict/Materials/Concrete_C_Inst.usd' for read
Status (secondary thread): in Open at line 72 of /builds/omniverse/usd-resolver/source/library/OmniUsdAsset.cpp -- OmniUsdResolver: Opened asset 'omniverse://airlab-nucleus.andrew.cmu.edu:443/Library/Stages/Dmytro/Assets/Game/FactoryDistrict/Materials/Steel_A_Inst.usd' for read
Status (secondary thread): in Open at line 72 of /builds/omniverse/usd-resolver/source/library/OmniUsdAsset.cpp -- OmniUsdResolver: Opened asset 'omniverse://airlab-nucleus.andrew.cmu.edu:443/Library/Stages/Dmytro/Assets/Game/FactoryDistrict/Materials/Cement_A_Inst.usd' for read
Status (secondary thread): in Open at line 72 of /builds/omniverse/usd-resolver/source/library/OmniUsdAsset.cpp -- OmniUsdResolver: Opened asset 'omniverse://airlab-nucleus.andrew.cmu.edu:443/Library/Stages/Dmytro/Assets/Game/FactoryDistrict/Materials/Master_Glass.usd' for read
Status (secondary thread): in Open at line 72 of /builds/omniverse/usd-resolver/source/library/OmniUsdAsset.cpp -- OmniUsdResolver: Opened asset 'omniverse://airlab-nucleus.andrew.cmu.edu:443/Library/Stages/Dmytro/Assets/Game/FactoryDistrict/Materials/Concrete_Trim_A_Inst.usd' for read
Status: in Open at line 72 of /builds/omniverse/usd-resolver/source/library/OmniUsdAsset.cpp -- OmniUsdResolver: Opened asset 'omniverse://airlab-nucleus.andrew.cmu.edu:443/Library/Stages/Dmytro/Assets/Game/FactoryDistrict/Meshes/Building_TypeA_B.usd' for read
Status: in Open at line 72 of /builds/omniverse/usd-resolver/source/library/OmniUsdAsset.cpp -- OmniUsdResolver: Opened asset 'omniverse://airlab-nucleus.andrew.cmu.edu:443/Library/Stages/Dmytro/Assets/Game/FactoryDistrict/Meshes/Building_TypeA_B_payload.usd' for read
Status: in Open at line 72 of /builds/omniverse/usd-resolver/source/library/OmniUsdAsset.cpp -- OmniUsdResolver: Opened asset 'omniverse://airlab-nucleus.andrew.cmu.edu:443/Library/Stages/Dmytro/Assets/Game/FactoryDistrict/Materials/Roof_A_Inst.usd' for read
Status (secondary thread): in Open at line 72 of /builds/omniverse/usd-resolver/source/library/OmniUsdAsset.cpp -- OmniUsdResolver: Opened asset 'omniverse://airlab-nucleus.andrew.cmu.edu:443/Library/Stages/Dmytro/Assets/Game/FactoryDistrict/Materials/MetalPainted_A_Inst.usd' for read
Status (secondary thread): in Open at line 72 of /builds/omniverse/usd-resolver/source/library/OmniUsdAsset.cpp -- OmniUsdResolver: Opened asset 'omniverse://airlab-nucleus.andrew.cmu.edu:443/Library/Stages/Dmytro/Assets/Game/FactoryDistrict/Materials/Brick_B_Inst.usd' for read
Status (secondary thread): in Open at line 72 of /builds/omniverse/usd-resolver/source/library/OmniUsdAsset.cpp -- OmniUsdResolver: Opened asset 'omniverse://airlab-nucleus.andrew.cmu.edu:443/Library/Stages/Dmytro/Assets/Game/FactoryDistrict/Materials/Concrete_C_Inst.usd' for read
Status (secondary thread): in Open at line 72 of /builds/omniverse/usd-resolver/source/library/OmniUsdAsset.cpp -- OmniUsdResolver: Opened asset 'omniverse://airlab-nucleus.andrew.cmu.edu:443/Library/Stages/Dmytro/Assets/Game/FactoryDistrict/Materials/Windows_A_Inst.usd' for read
Status (secondary thread): in Open at line 72 of /builds/omniverse/usd-resolver/source/library/OmniUsdAsset.cpp -- OmniUsdResolver: Opened asset 'omniverse://airlab-nucleus.andrew.cmu.edu:443/Library/Stages/Dmytro/Assets/Game/FactoryDistrict/Materials/Asphalt_A_Inst.usd' for read
Status (secondary thread): in Open at line 72 of /builds/omniverse/usd-resolver/source/library/OmniUsdAsset.cpp -- OmniUsdResolver: Opened asset 'omniverse://airlab-nucleus.andrew.cmu.edu:443/Library/Stages/Dmytro/Assets/Game/FactoryDistrict/Materials/Metal_A_Inst.usd' for read
Status (secondary thread): in Open at line 72 of /builds/omniverse/usd-resolver/source/library/OmniUsdAsset.cpp -- OmniUsdResolver: Opened asset 'omniverse://airlab-nucleus.andrew.cmu.edu:443/Library/Stages/Dmytro/Assets/Game/FactoryDistrict/Materials/CorrugatedMetal_B_Inst.usd' for read
Status (secondary thread): in Open at line 72 of /builds/omniverse/usd-resolver/source/library/OmniUsdAsset.cpp -- OmniUsdResolver: Opened asset 'omniverse://airlab-nucleus.andrew.cmu.edu:443/Library/Stages/Dmytro/Assets/Game/FactoryDistrict/Materials/Concrete_Trim_A_Inst.usd' for read
Status: in Open at line 72 of /builds/omniverse/usd-resolver/source/library/OmniUsdAsset.cpp -- OmniUsdResolver: Opened asset 'omniverse://airlab-nucleus.andrew.cmu.edu:443/Library/Stages/Dmytro/Assets/Game/FactoryDistrict/Meshes/Building_TypeA_A.usd' for read
Status: in Open at line 72 of /builds/omniverse/usd-resolver/source/library/OmniUsdAsset.cpp -- OmniUsdResolver: Opened asset 'omniverse://airlab-nucleus.andrew.cmu.edu:443/Library/Stages/Dmytro/Assets/Game/FactoryDistrict/Meshes/Building_TypeA_A_payload.usd' for read
Status: in Open at line 72 of /builds/omniverse/usd-resolver/source/library/OmniUsdAsset.cpp -- OmniUsdResolver: Opened asset 'omniverse://airlab-nucleus.andrew.cmu.edu:443/Library/Stages/Dmytro/Assets/Game/FactoryDistrict/Materials/Roof_A_Inst.usd' for read
Status (secondary thread): in Open at line 72 of /builds/omniverse/usd-resolver/source/library/OmniUsdAsset.cpp -- OmniUsdResolver: Opened asset 'omniverse://airlab-nucleus.andrew.cmu.edu:443/Library/Stages/Dmytro/Assets/Game/FactoryDistrict/Materials/Windows_A_Inst.usd' for read
Status (secondary thread): in Open at line 72 of /builds/omniverse/usd-resolver/source/library/OmniUsdAsset.cpp -- OmniUsdResolver: Opened asset 'omniverse://airlab-nucleus.andrew.cmu.edu:443/Library/Stages/Dmytro/Assets/Game/FactoryDistrict/Materials/Asphalt_A_Inst.usd' for read
Status (secondary thread): in Open at line 72 of /builds/omniverse/usd-resolver/source/library/OmniUsdAsset.cpp -- OmniUsdResolver: Opened asset 'omniverse://airlab-nucleus.andrew.cmu.edu:443/Library/Stages/Dmytro/Assets/Game/FactoryDistrict/Materials/Concrete_D_Floor.usd' for read
Status (secondary thread): in Open at line 72 of /builds/omniverse/usd-resolver/source/library/OmniUsdAsset.cpp -- OmniUsdResolver: Opened asset 'omniverse://airlab-nucleus.andrew.cmu.edu:443/Library/Stages/Dmytro/Assets/Game/FactoryDistrict/Materials/Brick_B_Inst.usd' for read
Status (secondary thread): in Open at line 72 of /builds/omniverse/usd-resolver/source/library/OmniUsdAsset.cpp -- OmniUsdResolver: Opened asset 'omniverse://airlab-nucleus.andrew.cmu.edu:443/Library/Stages/Dmytro/Assets/Game/FactoryDistrict/Materials/MetalPainted_A_Inst.usd' for read
Status (secondary thread): in Open at line 72 of /builds/omniverse/usd-resolver/source/library/OmniUsdAsset.cpp -- OmniUsdResolver: Opened asset 'omniverse://airlab-nucleus.andrew.cmu.edu:443/Library/Stages/Dmytro/Assets/Game/FactoryDistrict/Materials/CorrugatedMetal_B_Inst.usd' for read
Status (secondary thread): in Open at line 72 of /builds/omniverse/usd-resolver/source/library/OmniUsdAsset.cpp -- OmniUsdResolver: Opened asset 'omniverse://airlab-nucleus.andrew.cmu.edu:443/Library/Stages/Dmytro/Assets/Game/FactoryDistrict/Materials/Concrete_Trim_A_Inst.usd' for read
Status (secondary thread): in Open at line 72 of /builds/omniverse/usd-resolver/source/library/OmniUsdAsset.cpp -- OmniUsdResolver: Opened asset 'omniverse://airlab-nucleus.andrew.cmu.edu:443/Library/Stages/Dmytro/Assets/Game/FactoryDistrict/Materials/Metal_A_Inst.usd' for read
Status: in Open at line 72 of /builds/omniverse/usd-resolver/source/library/OmniUsdAsset.cpp -- OmniUsdResolver: Opened asset 'omniverse://airlab-nucleus.andrew.cmu.edu:443/Library/Stages/Dmytro/Assets/Game/FactoryDistrict/Meshes/Building_TypeB_B.usd' for read
Status: in Open at line 72 of /builds/omniverse/usd-resolver/source/library/OmniUsdAsset.cpp -- OmniUsdResolver: Opened asset 'omniverse://airlab-nucleus.andrew.cmu.edu:443/Library/Stages/Dmytro/Assets/Game/FactoryDistrict/Meshes/Building_TypeB_B_payload.usd' for read
Status: in Open at line 72 of /builds/omniverse/usd-resolver/source/library/OmniUsdAsset.cpp -- OmniUsdResolver: Opened asset 'omniverse://airlab-nucleus.andrew.cmu.edu:443/Library/Stages/Dmytro/Assets/Game/FactoryDistrict/Materials/Concrete_D_Floor.usd' for read
Status (secondary thread): in Open at line 72 of /builds/omniverse/usd-resolver/source/library/OmniUsdAsset.cpp -- OmniUsdResolver: Opened asset 'omniverse://airlab-nucleus.andrew.cmu.edu:443/Library/Stages/Dmytro/Assets/Game/FactoryDistrict/Materials/Cement_A_TintRed_Inst.usd' for read
Status (secondary thread): in Open at line 72 of /builds/omniverse/usd-resolver/source/library/OmniUsdAsset.cpp -- OmniUsdResolver: Opened asset 'omniverse://airlab-nucleus.andrew.cmu.edu:443/Library/Stages/Dmytro/Assets/Game/FactoryDistrict/Materials/Metal_A_Inst.usd' for read
Status (secondary thread): in Open at line 72 of /builds/omniverse/usd-resolver/source/library/OmniUsdAsset.cpp -- OmniUsdResolver: Opened asset 'omniverse://airlab-nucleus.andrew.cmu.edu:443/Library/Stages/Dmytro/Assets/Game/FactoryDistrict/Materials/Concrete_Trim_A_Inst.usd' for read
Status (secondary thread): in Open at line 72 of /builds/omniverse/usd-resolver/source/library/OmniUsdAsset.cpp -- OmniUsdResolver: Opened asset 'omniverse://airlab-nucleus.andrew.cmu.edu:443/Library/Stages/Dmytro/Assets/Game/FactoryDistrict/Materials/Steel_A_Inst.usd' for read
Status (secondary thread): in Open at line 72 of /builds/omniverse/usd-resolver/source/library/OmniUsdAsset.cpp -- OmniUsdResolver: Opened asset 'omniverse://airlab-nucleus.andrew.cmu.edu:443/Library/Stages/Dmytro/Assets/Game/FactoryDistrict/Materials/Cement_A_Inst.usd' for read
Status (secondary thread): in Open at line 72 of /builds/omniverse/usd-resolver/source/library/OmniUsdAsset.cpp -- OmniUsdResolver: Opened asset 'omniverse://airlab-nucleus.andrew.cmu.edu:443/Library/Stages/Dmytro/Assets/Game/FactoryDistrict/Materials/Master_Glass.usd' for read
Status: in Open at line 72 of /builds/omniverse/usd-resolver/source/library/OmniUsdAsset.cpp -- OmniUsdResolver: Opened asset 'omniverse://airlab-nucleus.andrew.cmu.edu:443/Library/Stages/Dmytro/Assets/Game/FactoryDistrict/Meshes/Building_TypeD_C.usd' for read
Status: in Open at line 72 of /builds/omniverse/usd-resolver/source/library/OmniUsdAsset.cpp -- OmniUsdResolver: Opened asset 'omniverse://airlab-nucleus.andrew.cmu.edu:443/Library/Stages/Dmytro/Assets/Game/FactoryDistrict/Meshes/Building_TypeD_C_payload.usd' for read
Status: in Open at line 72 of /builds/omniverse/usd-resolver/source/library/OmniUsdAsset.cpp -- OmniUsdResolver: Opened asset 'omniverse://airlab-nucleus.andrew.cmu.edu:443/Library/Stages/Dmytro/Assets/Game/FactoryDistrict/Materials/MetalPainted_A_Inst.usd' for read
Status (secondary thread): in Open at line 72 of /builds/omniverse/usd-resolver/source/library/OmniUsdAsset.cpp -- OmniUsdResolver: Opened asset 'omniverse://airlab-nucleus.andrew.cmu.edu:443/Library/Stages/Dmytro/Assets/Game/FactoryDistrict/Materials/Cement_A_Inst.usd' for read
Status (secondary thread): in Open at line 72 of /builds/omniverse/usd-resolver/source/library/OmniUsdAsset.cpp -- OmniUsdResolver: Opened asset 'omniverse://airlab-nucleus.andrew.cmu.edu:443/Library/Stages/Dmytro/Assets/Game/FactoryDistrict/Materials/Steel_A_Inst.usd' for read
Status (secondary thread): in Open at line 72 of /builds/omniverse/usd-resolver/source/library/OmniUsdAsset.cpp -- OmniUsdResolver: Opened asset 'omniverse://airlab-nucleus.andrew.cmu.edu:443/Library/Stages/Dmytro/Assets/Game/FactoryDistrict/Materials/Master_Glass.usd' for read
Status (secondary thread): in Open at line 72 of /builds/omniverse/usd-resolver/source/library/OmniUsdAsset.cpp -- OmniUsdResolver: Opened asset 'omniverse://airlab-nucleus.andrew.cmu.edu:443/Library/Stages/Dmytro/Assets/Game/FactoryDistrict/Materials/Concrete_D_Floor.usd' for read
Status (secondary thread): in Open at line 72 of /builds/omniverse/usd-resolver/source/library/OmniUsdAsset.cpp -- OmniUsdResolver: Opened asset 'omniverse://airlab-nucleus.andrew.cmu.edu:443/Library/Stages/Dmytro/Assets/Game/FactoryDistrict/Materials/Cement_A_TintBlue.usd' for read
Status (secondary thread): in Open at line 72 of /builds/omniverse/usd-resolver/source/library/OmniUsdAsset.cpp -- OmniUsdResolver: Opened asset 'omniverse://airlab-nucleus.andrew.cmu.edu:443/Library/Stages/Dmytro/Assets/Game/FactoryDistrict/Materials/Concrete_Trim_A_Inst.usd' for read
Status (secondary thread): in Open at line 72 of /builds/omniverse/usd-resolver/source/library/OmniUsdAsset.cpp -- OmniUsdResolver: Opened asset 'omniverse://airlab-nucleus.andrew.cmu.edu:443/Library/Stages/Dmytro/Assets/Game/FactoryDistrict/Materials/CorrugatedMetal_B_Inst.usd' for read
Status (secondary thread): in Open at line 72 of /builds/omniverse/usd-resolver/source/library/OmniUsdAsset.cpp -- OmniUsdResolver: Opened asset 'omniverse://airlab-nucleus.andrew.cmu.edu:443/Library/Stages/Dmytro/Assets/Game/FactoryDistrict/Materials/Concrete_C_Inst.usd' for read
Status (secondary thread): in Open at line 72 of /builds/omniverse/usd-resolver/source/library/OmniUsdAsset.cpp -- OmniUsdResolver: Opened asset 'omniverse://airlab-nucleus.andrew.cmu.edu:443/Library/Stages/Dmytro/Assets/Game/FactoryDistrict/Materials/CorrugatedMetal_A_Inst.usd' for read
Status: in Open at line 72 of /builds/omniverse/usd-resolver/source/library/OmniUsdAsset.cpp -- OmniUsdResolver: Opened asset 'omniverse://airlab-nucleus.andrew.cmu.edu:443/Library/Stages/Dmytro/Assets/Game/FactoryDistrict/Meshes/Building_TypeB_C.usd' for read
Status (secondary thread): in Open at line 72 of /builds/omniverse/usd-resolver/source/library/OmniUsdAsset.cpp -- OmniUsdResolver: Opened asset 'omniverse://airlab-nucleus.andrew.cmu.edu:443/Library/Stages/Dmytro/Assets/Game/FactoryDistrict/Meshes/Building_TypeB_C_payload.usd' for read
Status (secondary thread): in Open at line 72 of /builds/omniverse/usd-resolver/source/library/OmniUsdAsset.cpp -- OmniUsdResolver: Opened asset 'omniverse://airlab-nucleus.andrew.cmu.edu:443/Library/Stages/Dmytro/Assets/Game/FactoryDistrict/Materials/Concrete_D_Floor.usd' for read
Status (secondary thread): in Open at line 72 of /builds/omniverse/usd-resolver/source/library/OmniUsdAsset.cpp -- OmniUsdResolver: Opened asset 'omniverse://airlab-nucleus.andrew.cmu.edu:443/Library/Stages/Dmytro/Assets/Game/FactoryDistrict/Materials/Steel_A_Inst.usd' for read
Status (secondary thread): in Open at line 72 of /builds/omniverse/usd-resolver/source/library/OmniUsdAsset.cpp -- OmniUsdResolver: Opened asset 'omniverse://airlab-nucleus.andrew.cmu.edu:443/Library/Stages/Dmytro/Assets/Game/FactoryDistrict/Materials/Cement_A_Inst.usd' for read
Status (secondary thread): in Open at line 72 of /builds/omniverse/usd-resolver/source/library/OmniUsdAsset.cpp -- OmniUsdResolver: Opened asset 'omniverse://airlab-nucleus.andrew.cmu.edu:443/Library/Stages/Dmytro/Assets/Game/FactoryDistrict/Materials/Concrete_Trim_A_Inst.usd' for read
Status: in Open at line 72 of /builds/omniverse/usd-resolver/source/library/OmniUsdAsset.cpp -- OmniUsdResolver: Opened asset 'omniverse://airlab-nucleus.andrew.cmu.edu:443/Library/Stages/Dmytro/Assets/Game/FactoryDistrict/Materials/Cement_A_TintRed_Inst.usd' for read
Status (secondary thread): in Open at line 72 of /builds/omniverse/usd-resolver/source/library/OmniUsdAsset.cpp -- OmniUsdResolver: Opened asset 'omniverse://airlab-nucleus.andrew.cmu.edu:443/Library/Stages/Dmytro/Assets/Game/FactoryDistrict/Materials/Master_Glass.usd' for read
Status (secondary thread): in Open at line 72 of /builds/omniverse/usd-resolver/source/library/OmniUsdAsset.cpp -- OmniUsdResolver: Opened asset 'omniverse://airlab-nucleus.andrew.cmu.edu:443/Library/Stages/Dmytro/Assets/Game/FactoryDistrict/Materials/Metal_A_Inst.usd' for read
Status: in Open at line 72 of /builds/omniverse/usd-resolver/source/library/OmniUsdAsset.cpp -- OmniUsdResolver: Opened asset 'omniverse://airlab-nucleus.andrew.cmu.edu:443/Library/Stages/Dmytro/Assets/Game/FactoryDistrict/Meshes/Building_TypeA_C.usd' for read
Status (secondary thread): in Open at line 72 of /builds/omniverse/usd-resolver/source/library/OmniUsdAsset.cpp -- OmniUsdResolver: Opened asset 'omniverse://airlab-nucleus.andrew.cmu.edu:443/Library/Stages/Dmytro/Assets/Game/FactoryDistrict/Meshes/Building_TypeA_C_payload.usd' for read
Status (secondary thread): in Open at line 72 of /builds/omniverse/usd-resolver/source/library/OmniUsdAsset.cpp -- OmniUsdResolver: Opened asset 'omniverse://airlab-nucleus.andrew.cmu.edu:443/Library/Stages/Dmytro/Assets/Game/FactoryDistrict/Materials/Asphalt_A_Inst.usd' for read
Status: in Open at line 72 of /builds/omniverse/usd-resolver/source/library/OmniUsdAsset.cpp -- OmniUsdResolver: Opened asset 'omniverse://airlab-nucleus.andrew.cmu.edu:443/Library/Stages/Dmytro/Assets/Game/FactoryDistrict/Materials/CorrugatedMetal_B_Inst.usd' for read
Status (secondary thread): in Open at line 72 of /builds/omniverse/usd-resolver/source/library/OmniUsdAsset.cpp -- OmniUsdResolver: Opened asset 'omniverse://airlab-nucleus.andrew.cmu.edu:443/Library/Stages/Dmytro/Assets/Game/FactoryDistrict/Materials/Cement_A_Inst.usd' for read
Status (secondary thread): in Open at line 72 of /builds/omniverse/usd-resolver/source/library/OmniUsdAsset.cpp -- OmniUsdResolver: Opened asset 'omniverse://airlab-nucleus.andrew.cmu.edu:443/Library/Stages/Dmytro/Assets/Game/FactoryDistrict/Materials/Metal_A_Inst.usd' for read
Status (secondary thread): in Open at line 72 of /builds/omniverse/usd-resolver/source/library/OmniUsdAsset.cpp -- OmniUsdResolver: Opened asset 'omniverse://airlab-nucleus.andrew.cmu.edu:443/Library/Stages/Dmytro/Assets/Game/FactoryDistrict/Materials/Windows_A_Inst.usd' for read
Status (secondary thread): in Open at line 72 of /builds/omniverse/usd-resolver/source/library/OmniUsdAsset.cpp -- OmniUsdResolver: Opened asset 'omniverse://airlab-nucleus.andrew.cmu.edu:443/Library/Stages/Dmytro/Assets/Game/FactoryDistrict/Materials/Concrete_D_Floor.usd' for read
Status (secondary thread): in Open at line 72 of /builds/omniverse/usd-resolver/source/library/OmniUsdAsset.cpp -- OmniUsdResolver: Opened asset 'omniverse://airlab-nucleus.andrew.cmu.edu:443/Library/Stages/Dmytro/Assets/Game/FactoryDistrict/Materials/MetalPainted_A_Inst.usd' for read
Status (secondary thread): in Open at line 72 of /builds/omniverse/usd-resolver/source/library/OmniUsdAsset.cpp -- OmniUsdResolver: Opened asset 'omniverse://airlab-nucleus.andrew.cmu.edu:443/Library/Stages/Dmytro/Assets/Game/FactoryDistrict/Materials/Roof_A_Inst.usd' for read
Status (secondary thread): in Open at line 72 of /builds/omniverse/usd-resolver/source/library/OmniUsdAsset.cpp -- OmniUsdResolver: Opened asset 'omniverse://airlab-nucleus.andrew.cmu.edu:443/Library/Stages/Dmytro/Assets/Game/FactoryDistrict/Materials/Concrete_Trim_A_Inst.usd' for read
Status: in Open at line 72 of /builds/omniverse/usd-resolver/source/library/OmniUsdAsset.cpp -- OmniUsdResolver: Opened asset 'omniverse://airlab-nucleus.andrew.cmu.edu:443/Library/Stages/Dmytro/Assets/Game/FactoryDistrict/Meshes/Building_TypeC_A.usd' for read
Status: in Open at line 72 of /builds/omniverse/usd-resolver/source/library/OmniUsdAsset.cpp -- OmniUsdResolver: Opened asset 'omniverse://airlab-nucleus.andrew.cmu.edu:443/Library/Stages/Dmytro/Assets/Game/FactoryDistrict/Meshes/Building_TypeC_A_payload.usd' for read
Status: in Open at line 72 of /builds/omniverse/usd-resolver/source/library/OmniUsdAsset.cpp -- OmniUsdResolver: Opened asset 'omniverse://airlab-nucleus.andrew.cmu.edu:443/Library/Stages/Dmytro/Assets/Game/FactoryDistrict/Materials/MetalPainted_A_Inst.usd' for read
Status (secondary thread): in Open at line 72 of /builds/omniverse/usd-resolver/source/library/OmniUsdAsset.cpp -- OmniUsdResolver: Opened asset 'omniverse://airlab-nucleus.andrew.cmu.edu:443/Library/Stages/Dmytro/Assets/Game/FactoryDistrict/Materials/Cement_A_TintBlue.usd' for read
Status (secondary thread): in Open at line 72 of /builds/omniverse/usd-resolver/source/library/OmniUsdAsset.cpp -- OmniUsdResolver: Opened asset 'omniverse://airlab-nucleus.andrew.cmu.edu:443/Library/Stages/Dmytro/Assets/Game/FactoryDistrict/Materials/Metal_A_Inst.usd' for read
Status (secondary thread): in Open at line 72 of /builds/omniverse/usd-resolver/source/library/OmniUsdAsset.cpp -- OmniUsdResolver: Opened asset 'omniverse://airlab-nucleus.andrew.cmu.edu:443/Library/Stages/Dmytro/Assets/Game/FactoryDistrict/Materials/Cement_A_Inst.usd' for read
Status (secondary thread): in Open at line 72 of /builds/omniverse/usd-resolver/source/library/OmniUsdAsset.cpp -- OmniUsdResolver: Opened asset 'omniverse://airlab-nucleus.andrew.cmu.edu:443/Library/Stages/Dmytro/Assets/Game/FactoryDistrict/Materials/Concrete_Trim_A_Inst.usd' for read
Status (secondary thread): in Open at line 72 of /builds/omniverse/usd-resolver/source/library/OmniUsdAsset.cpp -- OmniUsdResolver: Opened asset 'omniverse://airlab-nucleus.andrew.cmu.edu:443/Library/Stages/Dmytro/Assets/Game/FactoryDistrict/Materials/Steel_A_Inst.usd' for read
Status (secondary thread): in Open at line 72 of /builds/omniverse/usd-resolver/source/library/OmniUsdAsset.cpp -- OmniUsdResolver: Opened asset 'omniverse://airlab-nucleus.andrew.cmu.edu:443/Library/Stages/Dmytro/Assets/Game/FactoryDistrict/Materials/CorrugatedMetal_B_Inst.usd' for read
Status (secondary thread): in Open at line 72 of /builds/omniverse/usd-resolver/source/library/OmniUsdAsset.cpp -- OmniUsdResolver: Opened asset 'omniverse://airlab-nucleus.andrew.cmu.edu:443/Library/Stages/Dmytro/Assets/Game/FactoryDistrict/Materials/Master_Glass.usd' for read
Status (secondary thread): in Open at line 72 of /builds/omniverse/usd-resolver/source/library/OmniUsdAsset.cpp -- OmniUsdResolver: Opened asset 'omniverse://airlab-nucleus.andrew.cmu.edu:443/Library/Stages/Dmytro/Assets/Game/FactoryDistrict/Materials/Concrete_C_Inst.usd' for read
Status (secondary thread): in Open at line 72 of /builds/omniverse/usd-resolver/source/library/OmniUsdAsset.cpp -- OmniUsdResolver: Opened asset 'omniverse://airlab-nucleus.andrew.cmu.edu:443/Library/Stages/Dmytro/Assets/Game/FactoryDistrict/Materials/Concrete_D_Floor.usd' for read
Status (secondary thread): in Open at line 72 of /builds/omniverse/usd-resolver/source/library/OmniUsdAsset.cpp -- OmniUsdResolver: Opened asset 'omniverse://airlab-nucleus.andrew.cmu.edu:443/Library/Stages/Dmytro/Assets/Game/FactoryDistrict/Materials/CorrugatedMetal_A_Inst.usd' for read
Status: in Open at line 72 of /builds/omniverse/usd-resolver/source/library/OmniUsdAsset.cpp -- OmniUsdResolver: Opened asset 'omniverse://airlab-nucleus.andrew.cmu.edu:443/Library/Stages/Dmytro/Assets/Game/FactoryDistrict/Meshes/Building_TypeC_C.usd' for read
Status: in Open at line 72 of /builds/omniverse/usd-resolver/source/library/OmniUsdAsset.cpp -- OmniUsdResolver: Opened asset 'omniverse://airlab-nucleus.andrew.cmu.edu:443/Library/Stages/Dmytro/Assets/Game/FactoryDistrict/Meshes/Building_TypeC_C_payload.usd' for read
Status (secondary thread): in Open at line 72 of /builds/omniverse/usd-resolver/source/library/OmniUsdAsset.cpp -- OmniUsdResolver: Opened asset 'omniverse://airlab-nucleus.andrew.cmu.edu:443/Library/Stages/Dmytro/Assets/Game/FactoryDistrict/Materials/CorrugatedMetal_A_Inst.usd' for read
Status (secondary thread): in Open at line 72 of /builds/omniverse/usd-resolver/source/library/OmniUsdAsset.cpp -- OmniUsdResolver: Opened asset 'omniverse://airlab-nucleus.andrew.cmu.edu:443/Library/Stages/Dmytro/Assets/Game/FactoryDistrict/Materials/CorrugatedMetal_B_Inst.usd' for read
Status (secondary thread): in Open at line 72 of /builds/omniverse/usd-resolver/source/library/OmniUsdAsset.cpp -- OmniUsdResolver: Opened asset 'omniverse://airlab-nucleus.andrew.cmu.edu:443/Library/Stages/Dmytro/Assets/Game/FactoryDistrict/Materials/Master_Glass.usd' for read
Status (secondary thread): in Open at line 72 of /builds/omniverse/usd-resolver/source/library/OmniUsdAsset.cpp -- OmniUsdResolver: Opened asset 'omniverse://airlab-nucleus.andrew.cmu.edu:443/Library/Stages/Dmytro/Assets/Game/FactoryDistrict/Materials/Steel_A_Inst.usd' for read
Status (secondary thread): in Open at line 72 of /builds/omniverse/usd-resolver/source/library/OmniUsdAsset.cpp -- OmniUsdResolver: Opened asset 'omniverse://airlab-nucleus.andrew.cmu.edu:443/Library/Stages/Dmytro/Assets/Game/FactoryDistrict/Materials/Concrete_C_Inst.usd' for read
Status (secondary thread): in Open at line 72 of /builds/omniverse/usd-resolver/source/library/OmniUsdAsset.cpp -- OmniUsdResolver: Opened asset 'omniverse://airlab-nucleus.andrew.cmu.edu:443/Library/Stages/Dmytro/Assets/Game/FactoryDistrict/Materials/Concrete_D_Floor.usd' for read
Status (secondary thread): in Open at line 72 of /builds/omniverse/usd-resolver/source/library/OmniUsdAsset.cpp -- OmniUsdResolver: Opened asset 'omniverse://airlab-nucleus.andrew.cmu.edu:443/Library/Stages/Dmytro/Assets/Game/FactoryDistrict/Materials/Concrete_Trim_A_Inst.usd' for read
Status (secondary thread): in Open at line 72 of /builds/omniverse/usd-resolver/source/library/OmniUsdAsset.cpp -- OmniUsdResolver: Opened asset 'omniverse://airlab-nucleus.andrew.cmu.edu:443/Library/Stages/Dmytro/Assets/Game/FactoryDistrict/Materials/Metal_A_Inst.usd' for read
Status: in Open at line 72 of /builds/omniverse/usd-resolver/source/library/OmniUsdAsset.cpp -- OmniUsdResolver: Opened asset 'omniverse://airlab-nucleus.andrew.cmu.edu:443/Library/Stages/Dmytro/Assets/Game/FactoryDistrict/Materials/MetalPainted_A_Inst.usd' for read
Status (secondary thread): in Open at line 72 of /builds/omniverse/usd-resolver/source/library/OmniUsdAsset.cpp -- OmniUsdResolver: Opened asset 'omniverse://airlab-nucleus.andrew.cmu.edu:443/Library/Stages/Dmytro/Assets/Game/FactoryDistrict/Materials/Cement_A_Inst.usd' for read
Status: in Open at line 72 of /builds/omniverse/usd-resolver/source/library/OmniUsdAsset.cpp -- OmniUsdResolver: Opened asset 'omniverse://airlab-nucleus.andrew.cmu.edu:443/Library/Stages/Dmytro/Assets/Game/FactoryDistrict/Meshes/Building_TypeC_D.usd' for read
Status (secondary thread): in Open at line 72 of /builds/omniverse/usd-resolver/source/library/OmniUsdAsset.cpp -- OmniUsdResolver: Opened asset 'omniverse://airlab-nucleus.andrew.cmu.edu:443/Library/Stages/Dmytro/Assets/Game/FactoryDistrict/Meshes/Building_TypeC_D_payload.usd' for read
Status (secondary thread): in Open at line 72 of /builds/omniverse/usd-resolver/source/library/OmniUsdAsset.cpp -- OmniUsdResolver: Opened asset 'omniverse://airlab-nucleus.andrew.cmu.edu:443/Library/Stages/Dmytro/Assets/Game/FactoryDistrict/Materials/Cement_A_Inst.usd' for read
Status (secondary thread): in Open at line 72 of /builds/omniverse/usd-resolver/source/library/OmniUsdAsset.cpp -- OmniUsdResolver: Opened asset 'omniverse://airlab-nucleus.andrew.cmu.edu:443/Library/Stages/Dmytro/Assets/Game/FactoryDistrict/Materials/CorrugatedMetal_B_Inst.usd' for read
Status (secondary thread): in Open at line 72 of /builds/omniverse/usd-resolver/source/library/OmniUsdAsset.cpp -- OmniUsdResolver: Opened asset 'omniverse://airlab-nucleus.andrew.cmu.edu:443/Library/Stages/Dmytro/Assets/Game/FactoryDistrict/Materials/Steel_A_Inst.usd' for read
Status (secondary thread): in Open at line 72 of /builds/omniverse/usd-resolver/source/library/OmniUsdAsset.cpp -- OmniUsdResolver: Opened asset 'omniverse://airlab-nucleus.andrew.cmu.edu:443/Library/Stages/Dmytro/Assets/Game/FactoryDistrict/Materials/Concrete_D_Floor.usd' for read
Status (secondary thread): in Open at line 72 of /builds/omniverse/usd-resolver/source/library/OmniUsdAsset.cpp -- OmniUsdResolver: Opened asset 'omniverse://airlab-nucleus.andrew.cmu.edu:443/Library/Stages/Dmytro/Assets/Game/FactoryDistrict/Materials/Concrete_C_Inst.usd' for read
Status (secondary thread): in Open at line 72 of /builds/omniverse/usd-resolver/source/library/OmniUsdAsset.cpp -- OmniUsdResolver: Opened asset 'omniverse://airlab-nucleus.andrew.cmu.edu:443/Library/Stages/Dmytro/Assets/Game/FactoryDistrict/Materials/Master_Glass.usd' for read
Status: in Open at line 72 of /builds/omniverse/usd-resolver/source/library/OmniUsdAsset.cpp -- OmniUsdResolver: Opened asset 'omniverse://airlab-nucleus.andrew.cmu.edu:443/Library/Stages/Dmytro/Assets/Game/FactoryDistrict/Materials/Metal_A_Inst.usd' for read
Status (secondary thread): in Open at line 72 of /builds/omniverse/usd-resolver/source/library/OmniUsdAsset.cpp -- OmniUsdResolver: Opened asset 'omniverse://airlab-nucleus.andrew.cmu.edu:443/Library/Stages/Dmytro/Assets/Game/FactoryDistrict/Materials/Concrete_Trim_A_Inst.usd' for read
Status (secondary thread): in Open at line 72 of /builds/omniverse/usd-resolver/source/library/OmniUsdAsset.cpp -- OmniUsdResolver: Opened asset 'omniverse://airlab-nucleus.andrew.cmu.edu:443/Library/Stages/Dmytro/Assets/Game/FactoryDistrict/Materials/CorrugatedMetal_A_Inst.usd' for read
Status: in Open at line 72 of /builds/omniverse/usd-resolver/source/library/OmniUsdAsset.cpp -- OmniUsdResolver: Opened asset 'omniverse://airlab-nucleus.andrew.cmu.edu:443/Library/Stages/Dmytro/Assets/Game/Downtown_West/Assets/ground_walkways/SM_ground_mod_walk_tile_a_4m.usd' for read
Status (secondary thread): in Open at line 72 of /builds/omniverse/usd-resolver/source/library/OmniUsdAsset.cpp -- OmniUsdResolver: Opened asset 'omniverse://airlab-nucleus.andrew.cmu.edu:443/Library/Stages/Dmytro/Assets/Game/Downtown_West/Assets/ground_walkways/SM_ground_mod_walk_tile_a_4m_payload.usd' for read
Status (secondary thread): in Open at line 72 of /builds/omniverse/usd-resolver/source/library/OmniUsdAsset.cpp -- OmniUsdResolver: Opened asset 'omniverse://airlab-nucleus.andrew.cmu.edu:443/Library/Stages/Dmytro/Assets/Game/Downtown_West/Materials/Ground_Shared/MI_Concrete_Ground_Tiles_A.usd' for read
Status: in Open at line 72 of /builds/omniverse/usd-resolver/source/library/OmniUsdAsset.cpp -- OmniUsdResolver: Opened asset 'omniverse://airlab-nucleus.andrew.cmu.edu:443/Library/Stages/Muyang/ModernCityEnvironment/Collected_Building01/SM_MERGED_BP_MBuilding01.usd' for read
Status (secondary thread): in Open at line 72 of /builds/omniverse/usd-resolver/source/library/OmniUsdAsset.cpp -- OmniUsdResolver: Opened asset 'omniverse://airlab-nucleus.andrew.cmu.edu:443/Library/Stages/Muyang/ModernCityEnvironment/Collected_Building01/SubUSDs/SM_MERGED_BP_MBuilding01_C_UAID_D843AE6AE7F20CE502_1864982431.usd' for read
Status (secondary thread): in Open at line 72 of /builds/omniverse/usd-resolver/source/library/OmniUsdAsset.cpp -- OmniUsdResolver: Opened asset 'omniverse://airlab-nucleus.andrew.cmu.edu:443/Library/Stages/Muyang/ModernCityEnvironment/Collected_Building01/SubUSDs/M_MBuilding01_FirstFloor_C.usd' for read
Status (secondary thread): in Open at line 72 of /builds/omniverse/usd-resolver/source/library/OmniUsdAsset.cpp -- OmniUsdResolver: Opened asset 'omniverse://airlab-nucleus.andrew.cmu.edu:443/Library/Stages/Muyang/ModernCityEnvironment/Collected_Building01/SubUSDs/M_MBuilding01_FirstFloor_A.usd' for read
Status (secondary thread): in Open at line 72 of /builds/omniverse/usd-resolver/source/library/OmniUsdAsset.cpp -- OmniUsdResolver: Opened asset 'omniverse://airlab-nucleus.andrew.cmu.edu:443/Library/Stages/Muyang/ModernCityEnvironment/Collected_Building01/SubUSDs/M_MBuilding01_Facades.usd' for read
Status (secondary thread): in Open at line 72 of /builds/omniverse/usd-resolver/source/library/OmniUsdAsset.cpp -- OmniUsdResolver: Opened asset 'omniverse://airlab-nucleus.andrew.cmu.edu:443/Library/Stages/Muyang/ModernCityEnvironment/Collected_Building01/SubUSDs/M_MBuilding01_FirstFloor_B.usd' for read
Status: in Open at line 72 of /builds/omniverse/usd-resolver/source/library/OmniUsdAsset.cpp -- OmniUsdResolver: Opened asset 'omniverse://airlab-nucleus.andrew.cmu.edu:443/Library/Stages/Muyang/ModernCityEnvironment/Collected_Building02/SM_MERGED_BP_MBuilding02.usd' for read
Status: in Open at line 72 of /builds/omniverse/usd-resolver/source/library/OmniUsdAsset.cpp -- OmniUsdResolver: Opened asset 'omniverse://airlab-nucleus.andrew.cmu.edu:443/Library/Stages/Muyang/ModernCityEnvironment/Collected_Building05/SM_MERGED_BP_MBuilding05.usd' for read
Status: in Open at line 72 of /builds/omniverse/usd-resolver/source/library/OmniUsdAsset.cpp -- OmniUsdResolver: Opened asset 'omniverse://airlab-nucleus.andrew.cmu.edu:443/Library/Stages/Muyang/DownTown/Assets/BG_Building_A.usd' for read
Status: in Open at line 72 of /builds/omniverse/usd-resolver/source/library/OmniUsdAsset.cpp -- OmniUsdResolver: Opened asset 'omniverse://airlab-nucleus.andrew.cmu.edu:443/Library/Stages/Muyang/DownTown/Assets/Roof_Inst.usd' for read
Status (secondary thread): in Open at line 72 of /builds/omniverse/usd-resolver/source/library/OmniUsdAsset.cpp -- OmniUsdResolver: Opened asset 'omniverse://airlab-nucleus.andrew.cmu.edu:443/Library/Stages/Muyang/DownTown/Assets/Brick_A_Inst2.usd' for read
Status (secondary thread): in Open at line 72 of /builds/omniverse/usd-resolver/source/library/OmniUsdAsset.cpp -- OmniUsdResolver: Opened asset 'omniverse://airlab-nucleus.andrew.cmu.edu:443/Library/Stages/Muyang/DownTown/Assets/GarageDoor_Inst.usd' for read
Status (secondary thread): in Open at line 72 of /builds/omniverse/usd-resolver/source/library/OmniUsdAsset.cpp -- OmniUsdResolver: Opened asset 'omniverse://airlab-nucleus.andrew.cmu.edu:443/Library/Stages/Muyang/DownTown/Assets/Concrete_A_Inst.usd' for read
Status (secondary thread): in Open at line 72 of /builds/omniverse/usd-resolver/source/library/OmniUsdAsset.cpp -- OmniUsdResolver: Opened asset 'omniverse://airlab-nucleus.andrew.cmu.edu:443/Library/Stages/Muyang/DownTown/Assets/Building_A_Proxy.usd' for read
Status: in Open at line 72 of /builds/omniverse/usd-resolver/source/library/OmniUsdAsset.cpp -- OmniUsdResolver: Opened asset 'omniverse://airlab-nucleus.andrew.cmu.edu:443/Library/Stages/Muyang/DownTown/Assets/BG_Building_B.usd' for read
Status: in Open at line 72 of /builds/omniverse/usd-resolver/source/library/OmniUsdAsset.cpp -- OmniUsdResolver: Opened asset 'omniverse://airlab-nucleus.andrew.cmu.edu:443/Library/Stages/Muyang/DownTown/Assets/Roof_Inst.usd' for read
Status (secondary thread): in Open at line 72 of /builds/omniverse/usd-resolver/source/library/OmniUsdAsset.cpp -- OmniUsdResolver: Opened asset 'omniverse://airlab-nucleus.andrew.cmu.edu:443/Library/Stages/Muyang/DownTown/Assets/Building_B_Proxy.usd' for read
Status (secondary thread): in Open at line 72 of /builds/omniverse/usd-resolver/source/library/OmniUsdAsset.cpp -- OmniUsdResolver: Opened asset 'omniverse://airlab-nucleus.andrew.cmu.edu:443/Library/Stages/Muyang/DownTown/Assets/Concrete_A_Inst.usd' for read
Status (secondary thread): in Open at line 72 of /builds/omniverse/usd-resolver/source/library/OmniUsdAsset.cpp -- OmniUsdResolver: Opened asset 'omniverse://airlab-nucleus.andrew.cmu.edu:443/Library/Stages/Muyang/DownTown/Assets/Building_B_Panels.usd' for read
Status: in Open at line 72 of /builds/omniverse/usd-resolver/source/library/OmniUsdAsset.cpp -- OmniUsdResolver: Opened asset 'omniverse://airlab-nucleus.andrew.cmu.edu:443/Library/Stages/Muyang/DownTown/Assets/BG_Building_C.usd' for read
Status: in Open at line 72 of /builds/omniverse/usd-resolver/source/library/OmniUsdAsset.cpp -- OmniUsdResolver: Opened asset 'omniverse://airlab-nucleus.andrew.cmu.edu:443/Library/Stages/Muyang/DownTown/Assets/Roof_Inst.usd' for read
Status (secondary thread): in Open at line 72 of /builds/omniverse/usd-resolver/source/library/OmniUsdAsset.cpp -- OmniUsdResolver: Opened asset 'omniverse://airlab-nucleus.andrew.cmu.edu:443/Library/Stages/Muyang/DownTown/Assets/Building_C_Proxy.usd' for read
Status (secondary thread): in Open at line 72 of /builds/omniverse/usd-resolver/source/library/OmniUsdAsset.cpp -- OmniUsdResolver: Opened asset 'omniverse://airlab-nucleus.andrew.cmu.edu:443/Library/Stages/Muyang/DownTown/Assets/MetalPainted_Black.usd' for read
Status: in Open at line 72 of /builds/omniverse/usd-resolver/source/library/OmniUsdAsset.cpp -- OmniUsdResolver: Opened asset 'omniverse://airlab-nucleus.andrew.cmu.edu:443/Library/Stages/Muyang/DownTown/Assets/BG_Building_D.usd' for read
Status (secondary thread): in Open at line 72 of /builds/omniverse/usd-resolver/source/library/OmniUsdAsset.cpp -- OmniUsdResolver: Opened asset 'omniverse://airlab-nucleus.andrew.cmu.edu:443/Library/Stages/Muyang/DownTown/Assets/Roof_Inst.usd' for read
Status (secondary thread): in Open at line 72 of /builds/omniverse/usd-resolver/source/library/OmniUsdAsset.cpp -- OmniUsdResolver: Opened asset 'omniverse://airlab-nucleus.andrew.cmu.edu:443/Library/Stages/Muyang/DownTown/Assets/Building_D_Inst.usd' for read
Status (secondary thread): in Open at line 72 of /builds/omniverse/usd-resolver/source/library/OmniUsdAsset.cpp -- OmniUsdResolver: Opened asset 'omniverse://airlab-nucleus.andrew.cmu.edu:443/Library/Stages/Muyang/DownTown/Assets/Building_D_Mid_Proxy.usd' for read
Status: in Open at line 72 of /builds/omniverse/usd-resolver/source/library/OmniUsdAsset.cpp -- OmniUsdResolver: Opened asset 'omniverse://airlab-nucleus.andrew.cmu.edu:443/Library/Stages/Muyang/DownTown/Assets/BG_Building_E.usd' for read
Status (secondary thread): in Open at line 72 of /builds/omniverse/usd-resolver/source/library/OmniUsdAsset.cpp -- OmniUsdResolver: Opened asset 'omniverse://airlab-nucleus.andrew.cmu.edu:443/Library/Stages/Muyang/DownTown/Assets/Building_E_Mid_Proxy.usd' for read
Status: in Open at line 72 of /builds/omniverse/usd-resolver/source/library/OmniUsdAsset.cpp -- OmniUsdResolver: Opened asset 'omniverse://airlab-nucleus.andrew.cmu.edu:443/Library/Stages/Muyang/DownTown/Assets/Building_E_Inst.usd' for read
Status (secondary thread): in Open at line 72 of /builds/omniverse/usd-resolver/source/library/OmniUsdAsset.cpp -- OmniUsdResolver: Opened asset 'omniverse://airlab-nucleus.andrew.cmu.edu:443/Library/Stages/Muyang/DownTown/Assets/Roof_Inst.usd' for read
Status (secondary thread): in Open at line 72 of /builds/omniverse/usd-resolver/source/library/OmniUsdAsset.cpp -- OmniUsdResolver: Opened asset 'omniverse://airlab-nucleus.andrew.cmu.edu:443/Library/Stages/Muyang/DownTown/Assets/GarageDoor_Inst.usd' for read
Status (secondary thread): in Open at line 72 of /builds/omniverse/usd-resolver/source/library/OmniUsdAsset.cpp -- OmniUsdResolver: Opened asset 'omniverse://airlab-nucleus.andrew.cmu.edu:443/Library/Stages/Muyang/DownTown/Assets/Glass_Opaque.usd' for read
Status: in Open at line 72 of /builds/omniverse/usd-resolver/source/library/OmniUsdAsset.cpp -- OmniUsdResolver: Opened asset 'omniverse://airlab-nucleus.andrew.cmu.edu:443/Library/Stages/Muyang/DownTown/Assets/BG_Building_F.usd' for read
Status: in Open at line 72 of /builds/omniverse/usd-resolver/source/library/OmniUsdAsset.cpp -- OmniUsdResolver: Opened asset 'omniverse://airlab-nucleus.andrew.cmu.edu:443/Library/Stages/Muyang/DownTown/Assets/Roof_Inst.usd' for read
Status (secondary thread): in Open at line 72 of /builds/omniverse/usd-resolver/source/library/OmniUsdAsset.cpp -- OmniUsdResolver: Opened asset 'omniverse://airlab-nucleus.andrew.cmu.edu:443/Library/Stages/Muyang/DownTown/Assets/Building_F_Proxy.usd' for read
Status (secondary thread): in Open at line 72 of /builds/omniverse/usd-resolver/source/library/OmniUsdAsset.cpp -- OmniUsdResolver: Opened asset 'omniverse://airlab-nucleus.andrew.cmu.edu:443/Library/Stages/Muyang/DownTown/Assets/MetalPainted_White.usd' for read
Status: in Open at line 72 of /builds/omniverse/usd-resolver/source/library/OmniUsdAsset.cpp -- OmniUsdResolver: Opened asset 'omniverse://airlab-nucleus.andrew.cmu.edu:443/Library/Stages/Muyang/DestroyedBuildings/Assets/destroyed_building_4.usd' for read
Status: in Open at line 72 of /builds/omniverse/usd-resolver/source/library/OmniUsdAsset.cpp -- OmniUsdResolver: Opened asset 'omniverse://airlab-nucleus.andrew.cmu.edu:443/Library/Stages/Muyang/DestroyedBuildings/Assets/MI_destroyed_building_4.usd' for read
Status: in Open at line 72 of /builds/omniverse/usd-resolver/source/library/OmniUsdAsset.cpp -- OmniUsdResolver: Opened asset 'omniverse://airlab-nucleus.andrew.cmu.edu:443/Library/Stages/Muyang/DestroyedBuildings/Assets/destroyed_building_4_variation_1.usd' for read
Status: in Open at line 72 of /builds/omniverse/usd-resolver/source/library/OmniUsdAsset.cpp -- OmniUsdResolver: Opened asset 'omniverse://airlab-nucleus.andrew.cmu.edu:443/Library/Stages/Muyang/DestroyedBuildings/Assets/MI_destroyed_building_4.usd' for read
Status: in Open at line 72 of /builds/omniverse/usd-resolver/source/library/OmniUsdAsset.cpp -- OmniUsdResolver: Opened asset 'omniverse://airlab-nucleus.andrew.cmu.edu:443/Library/Stages/Muyang/DestroyedBuildings/Assets/destroyed_building_5.usd' for read
Status: in Open at line 72 of /builds/omniverse/usd-resolver/source/library/OmniUsdAsset.cpp -- OmniUsdResolver: Opened asset 'omniverse://airlab-nucleus.andrew.cmu.edu:443/Library/Stages/Muyang/DestroyedBuildings/Assets/MI_destroyed_building_5.usd' for read
Status: in Open at line 72 of /builds/omniverse/usd-resolver/source/library/OmniUsdAsset.cpp -- OmniUsdResolver: Opened asset 'omniverse://airlab-nucleus.andrew.cmu.edu:443/Library/Stages/Muyang/DestroyedBuildings/Assets/destroyed_building_9.usd' for read
Status (secondary thread): in Open at line 72 of /builds/omniverse/usd-resolver/source/library/OmniUsdAsset.cpp -- OmniUsdResolver: Opened asset 'omniverse://airlab-nucleus.andrew.cmu.edu:443/Library/Stages/Muyang/DestroyedBuildings/Assets/MI_destroyed_building_9.usd' for read
Status: in Open at line 72 of /builds/omniverse/usd-resolver/source/library/OmniUsdAsset.cpp -- OmniUsdResolver: Opened asset 'omniverse://airlab-nucleus.andrew.cmu.edu:443/Library/Stages/Muyang/DestroyedBuildings/Assets/destroyed_building_10.usd' for read
Status: in Open at line 72 of /builds/omniverse/usd-resolver/source/library/OmniUsdAsset.cpp -- OmniUsdResolver: Opened asset 'omniverse://airlab-nucleus.andrew.cmu.edu:443/Library/Stages/Muyang/DestroyedBuildings/Assets/MI_destroyed_building_10.usd' for read
Status: in Open at line 72 of /builds/omniverse/usd-resolver/source/library/OmniUsdAsset.cpp -- OmniUsdResolver: Opened asset 'omniverse://airlab-nucleus.andrew.cmu.edu:443/Library/Stages/Muyang/DestroyedBuildings/Assets/destroyed_building_1.usd' for read
Status: in Open at line 72 of /builds/omniverse/usd-resolver/source/library/OmniUsdAsset.cpp -- OmniUsdResolver: Opened asset 'omniverse://airlab-nucleus.andrew.cmu.edu:443/Library/Stages/Muyang/DestroyedBuildings/Assets/MI_destroyed_building_1.usd' for read
Status: in Open at line 72 of /builds/omniverse/usd-resolver/source/library/OmniUsdAsset.cpp -- OmniUsdResolver: Opened asset 'omniverse://airlab-nucleus.andrew.cmu.edu:443/Library/Stages/Muyang/DestroyedBuildings/Assets/destroyed_building_2.usd' for read
Status: in Open at line 72 of /builds/omniverse/usd-resolver/source/library/OmniUsdAsset.cpp -- OmniUsdResolver: Opened asset 'omniverse://airlab-nucleus.andrew.cmu.edu:443/Library/Stages/Muyang/DestroyedBuildings/Assets/MI_destroyed_building_2.usd' for read
Status: in Open at line 72 of /builds/omniverse/usd-resolver/source/library/OmniUsdAsset.cpp -- OmniUsdResolver: Opened asset 'omniverse://airlab-nucleus.andrew.cmu.edu:443/Library/Stages/Muyang/DestroyedBuildings/Assets/destroyed_building_5_variation_1.usd' for read
Status: in Open at line 72 of /builds/omniverse/usd-resolver/source/library/OmniUsdAsset.cpp -- OmniUsdResolver: Opened asset 'omniverse://airlab-nucleus.andrew.cmu.edu:443/Library/Stages/Muyang/DestroyedBuildings/Assets/MI_destroyed_building_5.usd' for read
Status: in Open at line 72 of /builds/omniverse/usd-resolver/source/library/OmniUsdAsset.cpp -- OmniUsdResolver: Opened asset 'omniverse://airlab-nucleus.andrew.cmu.edu:443/Library/Stages/Muyang/DestroyedBuildings/Assets/destroyed_building_6.usd' for read
Status: in Open at line 72 of /builds/omniverse/usd-resolver/source/library/OmniUsdAsset.cpp -- OmniUsdResolver: Opened asset 'omniverse://airlab-nucleus.andrew.cmu.edu:443/Library/Stages/Muyang/DestroyedBuildings/Assets/MI_destroyed_building_6.usd' for read
Status: in Open at line 72 of /builds/omniverse/usd-resolver/source/library/OmniUsdAsset.cpp -- OmniUsdResolver: Opened asset 'omniverse://airlab-nucleus.andrew.cmu.edu:443/Library/Stages/Muyang/DestroyedBuildings/Assets/destroyed_building_7.usd' for read
Status: in Open at line 72 of /builds/omniverse/usd-resolver/source/library/OmniUsdAsset.cpp -- OmniUsdResolver: Opened asset 'omniverse://airlab-nucleus.andrew.cmu.edu:443/Library/Stages/Muyang/DestroyedBuildings/Assets/MI_destroyed_building_7.usd' for read
Status: in Open at line 72 of /builds/omniverse/usd-resolver/source/library/OmniUsdAsset.cpp -- OmniUsdResolver: Opened asset 'omniverse://airlab-nucleus.andrew.cmu.edu:443/Library/Stages/Muyang/DestroyedBuildings/Assets/destroyed_building_8.usd' for read
Status: in Open at line 72 of /builds/omniverse/usd-resolver/source/library/OmniUsdAsset.cpp -- OmniUsdResolver: Opened asset 'omniverse://airlab-nucleus.andrew.cmu.edu:443/Library/Stages/Muyang/DestroyedBuildings/Assets/MI_destroyed_building_8.usd' for read
Status: in Open at line 72 of /builds/omniverse/usd-resolver/source/library/OmniUsdAsset.cpp -- OmniUsdResolver: Opened asset 'omniverse://airlab-nucleus.andrew.cmu.edu:443/Library/Stages/Muyang/DestroyedBuildings/Assets/destroyed_building_9_variation_1.usd' for read
Status (secondary thread): in Open at line 72 of /builds/omniverse/usd-resolver/source/library/OmniUsdAsset.cpp -- OmniUsdResolver: Opened asset 'omniverse://airlab-nucleus.andrew.cmu.edu:443/Library/Stages/Muyang/DestroyedBuildings/Assets/MI_destroyed_building_9.usd' for read
Status: in Open at line 72 of /builds/omniverse/usd-resolver/source/library/OmniUsdAsset.cpp -- OmniUsdResolver: Opened asset 'omniverse://airlab-nucleus.andrew.cmu.edu:443/Library/Stages/Muyang/DestroyedBuildings/Assets/destroyed_building_10_variation_1.usd' for read
Status: in Open at line 72 of /builds/omniverse/usd-resolver/source/library/OmniUsdAsset.cpp -- OmniUsdResolver: Opened asset 'omniverse://airlab-nucleus.andrew.cmu.edu:443/Library/Stages/Muyang/DestroyedBuildings/Assets/MI_destroyed_building_10.usd' for read
Status: in Open at line 72 of /builds/omniverse/usd-resolver/source/library/OmniUsdAsset.cpp -- OmniUsdResolver: Opened asset 'omniverse://airlab-nucleus.andrew.cmu.edu:443/Library/Stages/Muyang/DestroyedBuildings/Assets/destroyed_building_11_variation_1.usd' for read
Status (secondary thread): in Open at line 72 of /builds/omniverse/usd-resolver/source/library/OmniUsdAsset.cpp -- OmniUsdResolver: Opened asset 'omniverse://airlab-nucleus.andrew.cmu.edu:443/Library/Stages/Muyang/DestroyedBuildings/Assets/MI_destroyed_building_11_variation_1.usd' for read
Status: in Open at line 72 of /builds/omniverse/usd-resolver/source/library/OmniUsdAsset.cpp -- OmniUsdResolver: Opened asset 'omniverse://airlab-nucleus.andrew.cmu.edu:443/Library/Stages/Muyang/DestroyedBuildings/Assets/destroyed_building_12.usd' for read
Status (secondary thread): in Open at line 72 of /builds/omniverse/usd-resolver/source/library/OmniUsdAsset.cpp -- OmniUsdResolver: Opened asset 'omniverse://airlab-nucleus.andrew.cmu.edu:443/Library/Stages/Muyang/DestroyedBuildings/Assets/MI_destroyed_building_12.usd' for read
Status: in Open at line 72 of /builds/omniverse/usd-resolver/source/library/OmniUsdAsset.cpp -- OmniUsdResolver: Opened asset 'omniverse://airlab-nucleus.andrew.cmu.edu:443/Library/Stages/Dmytro/Assets/Game/ModernCityEnvironment01/Meshes/SM_GroundModule01.usd' for read
Status: in Open at line 72 of /builds/omniverse/usd-resolver/source/library/OmniUsdAsset.cpp -- OmniUsdResolver: Opened asset 'omniverse://airlab-nucleus.andrew.cmu.edu:443/Library/Stages/Dmytro/Assets/Game/ModernCityEnvironment01/Meshes/SM_GroundModule01_payload.usd' for read
Status: in Open at line 72 of /builds/omniverse/usd-resolver/source/library/OmniUsdAsset.cpp -- OmniUsdResolver: Opened asset 'omniverse://airlab-nucleus.andrew.cmu.edu:443/Library/Stages/Dmytro/Assets/Game/ModernCityEnvironment01/Materials/M_GroundModule01.usd' for read
Status: in Open at line 72 of /builds/omniverse/usd-resolver/source/library/OmniUsdAsset.cpp -- OmniUsdResolver: Opened asset 'omniverse://airlab-nucleus.andrew.cmu.edu:443/Library/Stages/Muyang/People/Assets/rp_claudia_rigged_002_ue4.usd' for read
Status (secondary thread): in Open at line 72 of /builds/omniverse/usd-resolver/source/library/OmniUsdAsset.cpp -- OmniUsdResolver: Opened asset 'omniverse://airlab-nucleus.andrew.cmu.edu:443/Library/Stages/Muyang/People/Assets/rp_claudia_rigged_002_mat.usd' for read
Status: in Open at line 72 of /builds/omniverse/usd-resolver/source/library/OmniUsdAsset.cpp -- OmniUsdResolver: Opened asset 'omniverse://airlab-nucleus.andrew.cmu.edu:443/Library/Stages/Muyang/People/Assets/rp_nathan_rigged_003_ue4.usd' for read
Status (secondary thread): in Open at line 72 of /builds/omniverse/usd-resolver/source/library/OmniUsdAsset.cpp -- OmniUsdResolver: Opened asset 'omniverse://airlab-nucleus.andrew.cmu.edu:443/Library/Stages/Muyang/People/Assets/rp_nathan_rigged_003_mat.usd' for read
Status: in Open at line 72 of /builds/omniverse/usd-resolver/source/library/OmniUsdAsset.cpp -- OmniUsdResolver: Opened asset 'omniverse://airlab-nucleus.andrew.cmu.edu:443/Library/Stages/Muyang/People/Assets/rp_eric_rigged_001_ue4.usd' for read
Status (secondary thread): in Open at line 72 of /builds/omniverse/usd-resolver/source/library/OmniUsdAsset.cpp -- OmniUsdResolver: Opened asset 'omniverse://airlab-nucleus.andrew.cmu.edu:443/Library/Stages/Muyang/People/Assets/rp_eric_rigged_001_mat.usd' for read
Status: in Open at line 72 of /builds/omniverse/usd-resolver/source/library/OmniUsdAsset.cpp -- OmniUsdResolver: Opened asset 'omniverse://airlab-nucleus.andrew.cmu.edu:443/Library/Stages/Muyang/People/Assets/rp_sophia_rigged_003_ue4.usd' for read
Status: in Open at line 72 of /builds/omniverse/usd-resolver/source/library/OmniUsdAsset.cpp -- OmniUsdResolver: Opened asset 'omniverse://airlab-nucleus.andrew.cmu.edu:443/Library/Stages/Muyang/People/Assets/rp_sophia_rigged_003_mat.usd' for read
Status: in Open at line 72 of /builds/omniverse/usd-resolver/source/library/OmniUsdAsset.cpp -- OmniUsdResolver: Opened asset 'omniverse://airlab-nucleus.andrew.cmu.edu:443/Library/Stages/Muyang/People/Assets/rp_carla_rigged_001_ue4.usd' for read
Status: in Open at line 72 of /builds/omniverse/usd-resolver/source/library/OmniUsdAsset.cpp -- OmniUsdResolver: Opened asset 'omniverse://airlab-nucleus.andrew.cmu.edu:443/Library/Stages/Muyang/People/Assets/rp_carla_rigged_001_mat.usd' for read
Status: in Open at line 72 of /builds/omniverse/usd-resolver/source/library/OmniUsdAsset.cpp -- OmniUsdResolver: Opened asset 'omniverse://airlab-nucleus.andrew.cmu.edu:443/Library/Stages/Muyang/People/Assets/rp_manuel_rigged_001_ue4.usd' for read
Status: in Open at line 72 of /builds/omniverse/usd-resolver/source/library/OmniUsdAsset.cpp -- OmniUsdResolver: Opened asset 'omniverse://airlab-nucleus.andrew.cmu.edu:443/Library/Stages/Muyang/People/Assets/rp_manuel_rigged_001_mat.usd' for read
Status: in Open at line 72 of /builds/omniverse/usd-resolver/source/library/OmniUsdAsset.cpp -- OmniUsdResolver: Opened asset 'omniverse://airlab-nucleus.andrew.cmu.edu:443/Library/Stages/Muyang/DownTown/Assets/Vehicle_Police.usd' for read
Status (secondary thread): in Open at line 72 of /builds/omniverse/usd-resolver/source/library/OmniUsdAsset.cpp -- OmniUsdResolver: Opened asset 'omniverse://airlab-nucleus.andrew.cmu.edu:443/Library/Stages/Muyang/DownTown/Assets/VehicleParts_Inst.usd' for read
Status (secondary thread): in Open at line 72 of /builds/omniverse/usd-resolver/source/library/OmniUsdAsset.cpp -- OmniUsdResolver: Opened asset 'omniverse://airlab-nucleus.andrew.cmu.edu:443/Library/Stages/Muyang/DownTown/Assets/HeadlightGlass_Inst1.usd' for read
Status (secondary thread): in Open at line 72 of /builds/omniverse/usd-resolver/source/library/OmniUsdAsset.cpp -- OmniUsdResolver: Opened asset 'omniverse://airlab-nucleus.andrew.cmu.edu:443/Library/Stages/Muyang/DownTown/Assets/HeadlightGlass_Inst.usd' for read
Status (secondary thread): in Open at line 72 of /builds/omniverse/usd-resolver/source/library/OmniUsdAsset.cpp -- OmniUsdResolver: Opened asset 'omniverse://airlab-nucleus.andrew.cmu.edu:443/Library/Stages/Muyang/DownTown/Assets/Vehicle_Police_Inst.usd' for read
Status: in Open at line 72 of /builds/omniverse/usd-resolver/source/library/OmniUsdAsset.cpp -- OmniUsdResolver: Opened asset 'omniverse://airlab-nucleus.andrew.cmu.edu:443/Library/Stages/Muyang/DownTown/Assets/Vehicle_A.usd' for read
Status: in Open at line 72 of /builds/omniverse/usd-resolver/source/library/OmniUsdAsset.cpp -- OmniUsdResolver: Opened asset 'omniverse://airlab-nucleus.andrew.cmu.edu:443/Library/Stages/Muyang/DownTown/Assets/Vehicle_A_White_Inst.usd' for read
Status (secondary thread): in Open at line 72 of /builds/omniverse/usd-resolver/source/library/OmniUsdAsset.cpp -- OmniUsdResolver: Opened asset 'omniverse://airlab-nucleus.andrew.cmu.edu:443/Library/Stages/Muyang/DownTown/Assets/HeadlightGlass_Inst.usd' for read
Status: in Open at line 72 of /builds/omniverse/usd-resolver/source/library/OmniUsdAsset.cpp -- OmniUsdResolver: Opened asset 'omniverse://airlab-nucleus.andrew.cmu.edu:443/Library/Stages/RetroNeighborhood/130.usdz' for read
Status: in Open at line 72 of /builds/omniverse/usd-resolver/source/library/OmniUsdAsset.cpp -- OmniUsdResolver: Opened asset 'omniverse://airlab-nucleus.andrew.cmu.edu:443/Library/Stages/Dmytro/Assets/Game/ModernCityEnvironment01/Meshes/SK_ConstructionTruck01FullyRigged.usd' for read
Status: in Open at line 72 of /builds/omniverse/usd-resolver/source/library/OmniUsdAsset.cpp -- OmniUsdResolver: Opened asset 'omniverse://airlab-nucleus.andrew.cmu.edu:443/Library/Stages/Dmytro/Assets/Game/ModernCityEnvironment01/Meshes/SK_ConstructionTruck01FullyRigged_payload.usd' for read
Status: in Open at line 72 of /builds/omniverse/usd-resolver/source/library/OmniUsdAsset.cpp -- OmniUsdResolver: Opened asset 'omniverse://airlab-nucleus.andrew.cmu.edu:443/Library/Stages/Dmytro/Assets/Game/ModernCityEnvironment01/Materials/MI_CT01_05_Inst.usd' for read
Status (secondary thread): in Open at line 72 of /builds/omniverse/usd-resolver/source/library/OmniUsdAsset.cpp -- OmniUsdResolver: Opened asset 'omniverse://airlab-nucleus.andrew.cmu.edu:443/Library/Stages/Dmytro/Assets/Game/ModernCityEnvironment01/Materials/MI_CT01_02_Inst.usd' for read
Status (secondary thread): in Open at line 72 of /builds/omniverse/usd-resolver/source/library/OmniUsdAsset.cpp -- OmniUsdResolver: Opened asset 'omniverse://airlab-nucleus.andrew.cmu.edu:443/Library/Stages/Dmytro/Assets/Game/ModernCityEnvironment01/Materials/MI_CT01_03_Inst.usd' for read
Status (secondary thread): in Open at line 72 of /builds/omniverse/usd-resolver/source/library/OmniUsdAsset.cpp -- OmniUsdResolver: Opened asset 'omniverse://airlab-nucleus.andrew.cmu.edu:443/Library/Stages/Dmytro/Assets/Game/ModernCityEnvironment01/Materials/MI_CT01_04_Inst.usd' for read
Status (secondary thread): in Open at line 72 of /builds/omniverse/usd-resolver/source/library/OmniUsdAsset.cpp -- OmniUsdResolver: Opened asset 'omniverse://airlab-nucleus.andrew.cmu.edu:443/Library/Stages/Dmytro/Assets/Game/ModernCityEnvironment01/Materials/MI_CT01_06_Inst.usd' for read
Status (secondary thread): in Open at line 72 of /builds/omniverse/usd-resolver/source/library/OmniUsdAsset.cpp -- OmniUsdResolver: Opened asset 'omniverse://airlab-nucleus.andrew.cmu.edu:443/Library/Stages/Dmytro/Assets/Game/ModernCityEnvironment01/Materials/MI_CT01_01_Inst.usd' for read
Status: in Open at line 72 of /builds/omniverse/usd-resolver/source/library/OmniUsdAsset.cpp -- OmniUsdResolver: Opened asset 'omniverse://airlab-nucleus.andrew.cmu.edu:443/Library/Stages/Muyang/DownTown/Assets/Vehicle_Taxi.usd' for read
Status (secondary thread): in Open at line 72 of /builds/omniverse/usd-resolver/source/library/OmniUsdAsset.cpp -- OmniUsdResolver: Opened asset 'omniverse://airlab-nucleus.andrew.cmu.edu:443/Library/Stages/Muyang/DownTown/Assets/VehicleParts_Inst.usd' for read
Status (secondary thread): in Open at line 72 of /builds/omniverse/usd-resolver/source/library/OmniUsdAsset.cpp -- OmniUsdResolver: Opened asset 'omniverse://airlab-nucleus.andrew.cmu.edu:443/Library/Stages/Muyang/DownTown/Assets/Vehicle_Taxi_Inst.usd' for read
Status (secondary thread): in Open at line 72 of /builds/omniverse/usd-resolver/source/library/OmniUsdAsset.cpp -- OmniUsdResolver: Opened asset 'omniverse://airlab-nucleus.andrew.cmu.edu:443/Library/Stages/Muyang/DownTown/Assets/HeadlightGlass_Inst.usd' for read
Status: in Open at line 72 of /builds/omniverse/usd-resolver/source/library/OmniUsdAsset.cpp -- OmniUsdResolver: Opened asset 'omniverse://airlab-nucleus.andrew.cmu.edu:443/Library/Stages/RetroNeighborhood/FREE_GMC_Motorhome_reimagined_low_poly.usdz' for read

[scene_gen] measured human: rp_nathan_rigged_003_ue4.usd -> 1.31 x 0.35 m (scale=0.01, up=Z)
[scene_gen] measured human: rp_sophia_rigged_003_ue4.usd -> 1.22 x 0.33 m (scale=0.01, up=Z)
[scene_gen] measured human: rp_eric_rigged_001_ue4.usd -> 1.31 x 0.35 m (scale=0.01, up=Z)
[scene_gen] measured human: rp_manuel_rigged_001_ue4.usd -> 1.34 x 0.40 m (scale=0.01, up=Z)
[scene_gen] measured human: rp_carla_rigged_001_ue4.usd -> 1.20 x 0.35 m (scale=0.01, up=Z)
[scene_gen] measured car: Vehicle_Police.usd -> 2.15 x 5.49 m (scale=0.01, up=Z)
[scene_gen] measured car: Vehicle_Taxi.usd -> 2.15 x 5.44 m (scale=0.01, up=Z)
[scene_gen] measured car: Nissan_Fairlady_Z_S30240Z_1978.usdz -> 1.78 x 4.19 m (scale=0.015, up=Y)
[scene_gen] measured car: Car_01_0.usd -> 2.26 x 5.02 m (scale=0.01, up=Z)
[scene_gen] measured car: FREE_GMC_Motorhome_reimagined_low_poly.usdz -> 2.89 x 8.36 m (scale=0.01, up=Y)
[scene_gen] measured car: SK_ConstructionTruck01FullyRigged.usd -> 6.73 x 1.87 m (scale=1.0, up=Z)
[scene_gen] measured car: Vehicle_A.usd -> 2.15 x 5.44 m (scale=0.01, up=Z)
[scene_gen] measured car: 130.usdz -> 1.95 x 4.70 m (scale=0.016, up=Y)
[scene_gen] City region 300×300 m (6 blocks, 0 parks, 9 road corridors)
[scene_gen] Placements by category: {'sidewalk': 762, 'concrete': 5200, 'house': 29, 'human': 63, 'car': 31} (total 6085, 29 buildings, 0 damaged, 0 destroyed, 0 placeholder prisms)
[districts] 3 rings over 300x300 m: core, mid, edge
[scene_gen] measured house: Reference_Brownstone02.usd -> 21.06 x 6.76 m (scale=0.01, up=Z)
[scene_gen] measured house: Reference_Brownstone2Row.usd -> 21.10 x 13.41 m (scale=0.01, up=Z)
[scene_gen] measured house: Reference_Brownstone5Row.usd -> 21.11 x 33.36 m (scale=0.01, up=Z)
[scene_gen] measured house: Reference_Brownstone6Row.usd -> 21.11 x 40.01 m (scale=0.01, up=Z)
[scene_gen] measured house: Reference_Brownstone8Row.usd -> 21.11 x 53.30 m (scale=0.01, up=Z)
[scene_gen] measured house: Reference_Brownstone10Row.usd -> 21.11 x 66.61 m (scale=0.01, up=Z)
[scene_gen] measured house: Reference_Brownstone11Row.usd -> 21.11 x 73.41 m (scale=0.01, up=Z)
[scene_gen] measured house: Reference_Brownstone12Row.usd -> 21.11 x 80.06 m (scale=0.01, up=Z)
[scene_gen] measured house: Building_TypeD_A.usd -> 42.00 x 31.50 m (scale=1.0, up=Z)
[scene_gen] measured house: Building_TypeD_B.usd -> 52.00 x 32.00 m (scale=1.0, up=Z)
[scene_gen] measured house: Building_TypeA_B.usd -> 24.40 x 47.00 m (scale=1.0, up=Z)
[scene_gen] measured house: Building_TypeA_A.usd -> 25.00 x 39.67 m (scale=1.0, up=Z)
[scene_gen] measured house: Building_TypeB_B.usd -> 45.10 x 30.10 m (scale=1.0, up=Z)
[scene_gen] measured house: Building_TypeD_C.usd -> 72.00 x 32.00 m (scale=1.0, up=Z)
[scene_gen] measured house: Building_TypeB_C.usd -> 67.10 x 45.09 m (scale=1.0, up=Z)
[scene_gen] measured house: Building_TypeA_C.usd -> 50.19 x 41.57 m (scale=1.0, up=Z)
[scene_gen] measured house: Building_TypeC_A.usd -> 25.10 x 25.10 m (scale=1.0, up=Z)
[scene_gen] measured house: Building_TypeC_C.usd -> 33.10 x 49.10 m (scale=1.0, up=Z)
[scene_gen] measured house: Building_TypeC_D.usd -> 41.10 x 41.10 m (scale=1.0, up=Z)
[districts] rezoned 6 blocks -> 51 buildings (29 replaced, 0 paving tiles removed from terrace yards)   rowhouse=4  tower=2
[districts]   midrise   pool=13 blocks= 0 built= 0  <- no block zoned for it
[districts]   rowhouse  pool= 8 blocks= 4 built= 4
[districts]   tower     pool= 7 blocks= 2 built= 2
[districts] infill: 3 unbuilt gaps (2,330 m2) -> 1 buildings
[scene_gen] measured trail: SM_ground_mod_walk_tile_a_4m.usd -> 4.10 x 4.10 m (scale=1.02, up=Z)
[parks] no park blocks
REGION 300 blocks 6 buildings 52 rings True
   [('SM_MERGED_BP_MBuilding05.usd', 15), ('Reference_Brownstone02.usd', 10), ('Reference_Brownstone2Row.usd', 10), ('BG_Building_B.usd', 4), ('Reference_Brownstone6Row.usd', 3), ('Reference_Brownstone5Row.usd', 3), ('BG_Building_F.usd', 2), ('Reference_Brownstone8Row.usd', 2)]
  block sizes [(287, 83), (287, 88), (64, 94), (62, 94), (62, 94), (63, 94)]
[compile_disaster] spec overrides: {'region_m': [400, 400]}
[compile_disaster] compiled high-level spec in memory: scene_gen/config/presets/downtown.yaml (base scene_gen/config/low_level/default.yaml)
[scene_gen] asset set: urban (urban.yaml <- urban_nucleus.yaml <- shared.yaml)
[city_layout] anisotropic subdivision: short=[70, 105] long=[190, 260] long_axis=x
[scene_gen] measured house: SM_MERGED_BP_MBuilding01.usd -> 28.50 x 18.50 m (scale=1.0, up=Z)
[scene_gen] measured house: SM_MERGED_BP_MBuilding02.usd -> 91.06 x 96.12 m (scale=0.01, up=Z)
[scene_gen] measured house: SM_MERGED_BP_MBuilding05.usd -> 27.70 x 20.60 m (scale=0.01, up=Z)
[scene_gen] measured house: BG_Building_A.usd -> 51.33 x 51.33 m (scale=0.01, up=Z)
[scene_gen] measured house: BG_Building_B.usd -> 60.27 x 40.20 m (scale=0.01, up=Z)
[scene_gen] measured house: BG_Building_C.usd -> 50.06 x 40.06 m (scale=0.01, up=Z)
[scene_gen] measured house: BG_Building_D.usd -> 64.85 x 34.87 m (scale=0.01, up=Z)
[scene_gen] measured house: BG_Building_E.usd -> 60.45 x 36.45 m (scale=0.01, up=Z)
[scene_gen] measured house: BG_Building_F.usd -> 80.87 x 50.43 m (scale=0.01, up=Z)
[scene_gen] measured house: destroyed_building_4.usd -> 29.34 x 27.06 m (scale=0.01, up=Z)
[scene_gen] measured house: destroyed_building_4_variation_1.usd -> 29.34 x 27.06 m (scale=0.01, up=Z)
[scene_gen] measured house: destroyed_building_5.usd -> 31.70 x 23.61 m (scale=0.01, up=Z)
[scene_gen] measured house: destroyed_building_9.usd -> 30.30 x 26.08 m (scale=0.01, up=Z)
[scene_gen] measured house: destroyed_building_10.usd -> 16.83 x 11.82 m (scale=0.01, up=Z)
[scene_gen] measured house: destroyed_building_1.usd -> 16.46 x 20.59 m (scale=0.01, up=Z)
[scene_gen] measured house: destroyed_building_2.usd -> 21.50 x 20.35 m (scale=0.01, up=Z)
[scene_gen] measured house: destroyed_building_5_variation_1.usd -> 31.70 x 23.61 m (scale=0.01, up=Z)
[scene_gen] measured house: destroyed_building_6.usd -> 18.49 x 9.30 m (scale=0.01, up=Z)
[scene_gen] measured house: destroyed_building_7.usd -> 18.58 x 9.87 m (scale=0.01, up=Z)
[scene_gen] measured house: destroyed_building_8.usd -> 17.62 x 9.29 m (scale=0.01, up=Z)
[scene_gen] measured house: destroyed_building_9_variation_1.usd -> 30.25 x 26.08 m (scale=0.01, up=Z)
[scene_gen] measured house: destroyed_building_10_variation_1.usd -> 18.62 x 13.57 m (scale=0.01, up=Z)
[scene_gen] measured house: destroyed_building_11_variation_1.usd -> 37.15 x 51.85 m (scale=0.01, up=Z)
[scene_gen] measured house: destroyed_building_12.usd -> 33.53 x 27.21 m (scale=0.01, up=Z)
[scene_gen] measured concrete: SM_GroundModule01.usd -> 3.50 x 3.50 m (scale=0.7, up=Z)
[districts] 3 rings over 400x400 m: core, mid, edge
[city_layout] 4 blocks, 7 corridors, 0 park superblock(s) (parking strip 2.4 m/side)
[city_layout]   core/3L/none=3  edge/2L/none=4
[scene_gen] WARNING: 5/9 large buildings have no block that both fits them and matches their fate to the local damage — increase layout.region_m, raise layout.max_block_m, or accept that building goes unplaced this run rather than forcing it somewhere implausible.
[scene_gen] measured human: rp_claudia_rigged_002_ue4.usd -> 1.22 x 0.34 m (scale=0.01, up=Z)
[scene_gen] measured human: rp_nathan_rigged_003_ue4.usd -> 1.31 x 0.35 m (scale=0.01, up=Z)
[scene_gen] measured human: rp_eric_rigged_001_ue4.usd -> 1.31 x 0.35 m (scale=0.01, up=Z)
[scene_gen] measured human: rp_sophia_rigged_003_ue4.usd -> 1.22 x 0.33 m (scale=0.01, up=Z)
[scene_gen] measured human: rp_carla_rigged_001_ue4.usd -> 1.20 x 0.35 m (scale=0.01, up=Z)
[scene_gen] measured human: rp_manuel_rigged_001_ue4.usd -> 1.34 x 0.40 m (scale=0.01, up=Z)
[scene_gen] measured car: Vehicle_Police.usd -> 2.15 x 5.49 m (scale=0.01, up=Z)
[scene_gen] measured car: Vehicle_A.usd -> 2.15 x 5.44 m (scale=0.01, up=Z)
[scene_gen] measured car: 130.usdz -> 1.95 x 4.70 m (scale=0.016, up=Y)
[scene_gen] measured car: SK_ConstructionTruck01FullyRigged.usd -> 6.73 x 1.87 m (scale=1.0, up=Z)
[scene_gen] measured car: Vehicle_Taxi.usd -> 2.15 x 5.44 m (scale=0.01, up=Z)
[scene_gen] measured car: FREE_GMC_Motorhome_reimagined_low_poly.usdz -> 2.89 x 8.36 m (scale=0.01, up=Y)Status: in Open at line 72 of /builds/omniverse/usd-resolver/source/library/OmniUsdAsset.cpp -- OmniUsdResolver: Opened asset 'omniverse://airlab-nucleus.andrew.cmu.edu:443/Library/Stages/Muyang/ModularNeighborhood/Assets/Car_01_0.usd' for read
Status (secondary thread): in Open at line 72 of /builds/omniverse/usd-resolver/source/library/OmniUsdAsset.cpp -- OmniUsdResolver: Opened asset 'omniverse://airlab-nucleus.andrew.cmu.edu:443/Library/Stages/Muyang/ModularNeighborhood/Assets/Car_Glass_01.usd' for read
Status (secondary thread): in Open at line 72 of /builds/omniverse/usd-resolver/source/library/OmniUsdAsset.cpp -- OmniUsdResolver: Opened asset 'omniverse://airlab-nucleus.andrew.cmu.edu:443/Library/Stages/Muyang/ModularNeighborhood/Assets/Car_01.usd' for read
Status: in Open at line 72 of /builds/omniverse/usd-resolver/source/library/OmniUsdAsset.cpp -- OmniUsdResolver: Opened asset 'omniverse://airlab-nucleus.andrew.cmu.edu:443/Library/Stages/RetroNeighborhood/Nissan_Fairlady_Z_S30240Z_1978.usdz' for read
Status: in _OpenAsset at line 360 of /builds/omniverse/usd-resolver/source/library/OmniUsdResolver_Ar2.cpp -- OmniUsdResolver: Opening filesystem asset '/isaac-sim/AirStack/scene_gen/assets/aec/brownstone/Assets/Create_Brownstone02/Reference_Brownstone02.usd' for read
Status (secondary thread): in _OpenAsset at line 360 of /builds/omniverse/usd-resolver/source/library/OmniUsdResolver_Ar2.cpp -- OmniUsdResolver: Opening filesystem asset '/isaac-sim/AirStack/scene_gen/assets/aec/brownstone/Assets/Create_Brownstone02/Brownstone02_Referenced.usd' for read
Status (secondary thread): in _OpenAsset at line 360 of /builds/omniverse/usd-resolver/source/library/OmniUsdResolver_Ar2.cpp -- OmniUsdResolver: Opening filesystem asset '/isaac-sim/AirStack/scene_gen/assets/aec/brownstone/Assets/Create_Brownstone02/Brownstone02_Instanced.usd' for read
Status (secondary thread): in _OpenAsset at line 360 of /builds/omniverse/usd-resolver/source/library/OmniUsdResolver_Ar2.cpp -- OmniUsdResolver: Opening filesystem asset '/isaac-sim/AirStack/scene_gen/assets/aec/brownstone/Options/Options_Grass_Brownstone02.usd' for read
Status (secondary thread): in _OpenAsset at line 360 of /builds/omniverse/usd-resolver/source/library/OmniUsdResolver_Ar2.cpp -- OmniUsdResolver: Opening filesystem asset '/isaac-sim/AirStack/scene_gen/assets/aec/brownstone/Assets/Create_Brownstone02/Create_Brownstone02_GrassPatch.usd' for read
Status (secondary thread): in _OpenAsset at line 360 of /builds/omniverse/usd-resolver/source/library/OmniUsdResolver_Ar2.cpp -- OmniUsdResolver: Opening filesystem asset '/isaac-sim/AirStack/scene_gen/assets/aec/brownstone/Assets/Vegetation/Shrub/Grass_Trimmed_B.usd' for read
Status (secondary thread): in _OpenAsset at line 360 of /builds/omniverse/usd-resolver/source/library/OmniUsdResolver_Ar2.cpp -- OmniUsdResolver: Opening filesystem asset '/isaac-sim/AirStack/scene_gen/assets/aec/brownstone/Assets/Vegetation/Shrub/Grass_Trimmed_C.usd' for read
Status: in _OpenAsset at line 360 of /builds/omniverse/usd-resolver/source/library/OmniUsdResolver_Ar2.cpp -- OmniUsdResolver: Opening filesystem asset '/isaac-sim/AirStack/scene_gen/assets/aec/brownstone/Assets/Create_Brownstone02/Reference_Brownstone2Row.usd' for read
Status (secondary thread): in _OpenAsset at line 360 of /builds/omniverse/usd-resolver/source/library/OmniUsdResolver_Ar2.cpp -- OmniUsdResolver: Opening filesystem asset '/isaac-sim/AirStack/scene_gen/assets/aec/brownstone/Assets/Create_Brownstone02/Reference_Brownstone02.usd' for read
Status (secondary thread): in _OpenAsset at line 360 of /builds/omniverse/usd-resolver/source/library/OmniUsdResolver_Ar2.cpp -- OmniUsdResolver: Opening filesystem asset '/isaac-sim/AirStack/scene_gen/assets/aec/brownstone/Assets/Create_Brownstone02/Brownstone02_Instanced.usd' for read
Status (secondary thread): in _OpenAsset at line 360 of /builds/omniverse/usd-resolver/source/library/OmniUsdResolver_Ar2.cpp -- OmniUsdResolver: Opening filesystem asset '/isaac-sim/AirStack/scene_gen/assets/aec/brownstone/Assets/Create_Brownstone02/Brownstone02_Referenced.usd' for read
Status (secondary thread): in _OpenAsset at line 360 of /builds/omniverse/usd-resolver/source/library/OmniUsdResolver_Ar2.cpp -- OmniUsdResolver: Opening filesystem asset '/isaac-sim/AirStack/scene_gen/assets/aec/brownstone/Options/Options_Grass_Brownstone02.usd' for read
Status (secondary thread): in _OpenAsset at line 360 of /builds/omniverse/usd-resolver/source/library/OmniUsdResolver_Ar2.cpp -- OmniUsdResolver: Opening filesystem asset '/isaac-sim/AirStack/scene_gen/assets/aec/brownstone/Assets/Create_Brownstone02/Create_Brownstone02_GrassPatch.usd' for read
Status (secondary thread): in _OpenAsset at line 360 of /builds/omniverse/usd-resolver/source/library/OmniUsdResolver_Ar2.cpp -- OmniUsdResolver: Opening filesystem asset '/isaac-sim/AirStack/scene_gen/assets/aec/brownstone/Assets/Vegetation/Shrub/Grass_Trimmed_B.usd' for read
Status (secondary thread): in _OpenAsset at line 360 of /builds/omniverse/usd-resolver/source/library/OmniUsdResolver_Ar2.cpp -- OmniUsdResolver: Opening filesystem asset '/isaac-sim/AirStack/scene_gen/assets/aec/brownstone/Assets/Vegetation/Shrub/Grass_Trimmed_C.usd' for read
Status: in _OpenAsset at line 360 of /builds/omniverse/usd-resolver/source/library/OmniUsdResolver_Ar2.cpp -- OmniUsdResolver: Opening filesystem asset '/isaac-sim/AirStack/scene_gen/assets/aec/brownstone/Assets/Create_Brownstone02/Reference_Brownstone5Row.usd' for read
Status (secondary thread): in _OpenAsset at line 360 of /builds/omniverse/usd-resolver/source/library/OmniUsdResolver_Ar2.cpp -- OmniUsdResolver: Opening filesystem asset '/isaac-sim/AirStack/scene_gen/assets/aec/brownstone/Assets/Create_Brownstone02/Reference_Brownstone02.usd' for read
Status (secondary thread): in _OpenAsset at line 360 of /builds/omniverse/usd-resolver/source/library/OmniUsdResolver_Ar2.cpp -- OmniUsdResolver: Opening filesystem asset '/isaac-sim/AirStack/scene_gen/assets/aec/brownstone/Assets/Create_Brownstone02/Brownstone02_Instanced.usd' for read
Status (secondary thread): in _OpenAsset at line 360 of /builds/omniverse/usd-resolver/source/library/OmniUsdResolver_Ar2.cpp -- OmniUsdResolver: Opening filesystem asset '/isaac-sim/AirStack/scene_gen/assets/aec/brownstone/Assets/Create_Brownstone02/Brownstone02_Referenced.usd' for read
Status: in _OpenAsset at line 360 of /builds/omniverse/usd-resolver/source/library/OmniUsdResolver_Ar2.cpp -- OmniUsdResolver: Opening filesystem asset '/isaac-sim/AirStack/scene_gen/assets/aec/brownstone/Options/Options_Grass_Brownstone02.usd' for read
Status (secondary thread): in _OpenAsset at line 360 of /builds/omniverse/usd-resolver/source/library/OmniUsdResolver_Ar2.cpp -- OmniUsdResolver: Opening filesystem asset '/isaac-sim/AirStack/scene_gen/assets/aec/brownstone/Assets/Create_Brownstone02/Create_Brownstone02_GrassPatch.usd' for read
Status (secondary thread): in _OpenAsset at line 360 of /builds/omniverse/usd-resolver/source/library/OmniUsdResolver_Ar2.cpp -- OmniUsdResolver: Opening filesystem asset '/isaac-sim/AirStack/scene_gen/assets/aec/brownstone/Assets/Vegetation/Shrub/Grass_Trimmed_C.usd' for read
Status (secondary thread): in _OpenAsset at line 360 of /builds/omniverse/usd-resolver/source/library/OmniUsdResolver_Ar2.cpp -- OmniUsdResolver: Opening filesystem asset '/isaac-sim/AirStack/scene_gen/assets/aec/brownstone/Assets/Vegetation/Shrub/Grass_Trimmed_B.usd' for read
Status: in _OpenAsset at line 360 of /builds/omniverse/usd-resolver/source/library/OmniUsdResolver_Ar2.cpp -- OmniUsdResolver: Opening filesystem asset '/isaac-sim/AirStack/scene_gen/assets/aec/brownstone/Assets/Create_Brownstone02/Reference_Brownstone6Row.usd' for read
Status: in _OpenAsset at line 360 of /builds/omniverse/usd-resolver/source/library/OmniUsdResolver_Ar2.cpp -- OmniUsdResolver: Opening filesystem asset '/isaac-sim/AirStack/scene_gen/assets/aec/brownstone/Assets/Create_Brownstone02/Reference_Brownstone02.usd' for read
Status (secondary thread): in _OpenAsset at line 360 of /builds/omniverse/usd-resolver/source/library/OmniUsdResolver_Ar2.cpp -- OmniUsdResolver: Opening filesystem asset '/isaac-sim/AirStack/scene_gen/assets/aec/brownstone/Assets/Create_Brownstone02/Brownstone02_Instanced.usd' for read
Status (secondary thread): in _OpenAsset at line 360 of /builds/omniverse/usd-resolver/source/library/OmniUsdResolver_Ar2.cpp -- OmniUsdResolver: Opening filesystem asset '/isaac-sim/AirStack/scene_gen/assets/aec/brownstone/Assets/Create_Brownstone02/Brownstone02_Referenced.usd' for read
Status (secondary thread): in _OpenAsset at line 360 of /builds/omniverse/usd-resolver/source/library/OmniUsdResolver_Ar2.cpp -- OmniUsdResolver: Opening filesystem asset '/isaac-sim/AirStack/scene_gen/assets/aec/brownstone/Options/Options_Grass_Brownstone02.usd' for read
Status (secondary thread): in _OpenAsset at line 360 of /builds/omniverse/usd-resolver/source/library/OmniUsdResolver_Ar2.cpp -- OmniUsdResolver: Opening filesystem asset '/isaac-sim/AirStack/scene_gen/assets/aec/brownstone/Assets/Create_Brownstone02/Create_Brownstone02_GrassPatch.usd' for read
Status (secondary thread): in _OpenAsset at line 360 of /builds/omniverse/usd-resolver/source/library/OmniUsdResolver_Ar2.cpp -- OmniUsdResolver: Opening filesystem asset '/isaac-sim/AirStack/scene_gen/assets/aec/brownstone/Assets/Vegetation/Shrub/Grass_Trimmed_B.usd' for read
Status: in _OpenAsset at line 360 of /builds/omniverse/usd-resolver/source/library/OmniUsdResolver_Ar2.cpp -- OmniUsdResolver: Opening filesystem asset '/isaac-sim/AirStack/scene_gen/assets/aec/brownstone/Assets/Vegetation/Shrub/Grass_Trimmed_C.usd' for read
Status: in _OpenAsset at line 360 of /builds/omniverse/usd-resolver/source/library/OmniUsdResolver_Ar2.cpp -- OmniUsdResolver: Opening filesystem asset '/isaac-sim/AirStack/scene_gen/assets/aec/brownstone/Assets/Create_Brownstone02/Reference_Brownstone8Row.usd' for read
Status (secondary thread): in _OpenAsset at line 360 of /builds/omniverse/usd-resolver/source/library/OmniUsdResolver_Ar2.cpp -- OmniUsdResolver: Opening filesystem asset '/isaac-sim/AirStack/scene_gen/assets/aec/brownstone/Assets/Create_Brownstone02/Reference_Brownstone02.usd' for read
Status: in _OpenAsset at line 360 of /builds/omniverse/usd-resolver/source/library/OmniUsdResolver_Ar2.cpp -- OmniUsdResolver: Opening filesystem asset '/isaac-sim/AirStack/scene_gen/assets/aec/brownstone/Assets/Create_Brownstone02/Brownstone02_Referenced.usd' for read
Status (secondary thread): in _OpenAsset at line 360 of /builds/omniverse/usd-resolver/source/library/OmniUsdResolver_Ar2.cpp -- OmniUsdResolver: Opening filesystem asset '/isaac-sim/AirStack/scene_gen/assets/aec/brownstone/Assets/Create_Brownstone02/Brownstone02_Instanced.usd' for read
Status (secondary thread): in _OpenAsset at line 360 of /builds/omniverse/usd-resolver/source/library/OmniUsdResolver_Ar2.cpp -- OmniUsdResolver: Opening filesystem asset '/isaac-sim/AirStack/scene_gen/assets/aec/brownstone/Options/Options_Grass_Brownstone02.usd' for read
Status (secondary thread): in _OpenAsset at line 360 of /builds/omniverse/usd-resolver/source/library/OmniUsdResolver_Ar2.cpp -- OmniUsdResolver: Opening filesystem asset '/isaac-sim/AirStack/scene_gen/assets/aec/brownstone/Assets/Create_Brownstone02/Create_Brownstone02_GrassPatch.usd' for read
Status (secondary thread): in _OpenAsset at line 360 of /builds/omniverse/usd-resolver/source/library/OmniUsdResolver_Ar2.cpp -- OmniUsdResolver: Opening filesystem asset '/isaac-sim/AirStack/scene_gen/assets/aec/brownstone/Assets/Vegetation/Shrub/Grass_Trimmed_B.usd' for read
Status (secondary thread): in _OpenAsset at line 360 of /builds/omniverse/usd-resolver/source/library/OmniUsdResolver_Ar2.cpp -- OmniUsdResolver: Opening filesystem asset '/isaac-sim/AirStack/scene_gen/assets/aec/brownstone/Assets/Vegetation/Shrub/Grass_Trimmed_C.usd' for read
Status: in _OpenAsset at line 360 of /builds/omniverse/usd-resolver/source/library/OmniUsdResolver_Ar2.cpp -- OmniUsdResolver: Opening filesystem asset '/isaac-sim/AirStack/scene_gen/assets/aec/brownstone/Assets/Create_Brownstone02/Reference_Brownstone10Row.usd' for read
Status: in _OpenAsset at line 360 of /builds/omniverse/usd-resolver/source/library/OmniUsdResolver_Ar2.cpp -- OmniUsdResolver: Opening filesystem asset '/isaac-sim/AirStack/scene_gen/assets/aec/brownstone/Assets/Create_Brownstone02/Reference_Brownstone02.usd' for read
Status (secondary thread): in _OpenAsset at line 360 of /builds/omniverse/usd-resolver/source/library/OmniUsdResolver_Ar2.cpp -- OmniUsdResolver: Opening filesystem asset '/isaac-sim/AirStack/scene_gen/assets/aec/brownstone/Assets/Create_Brownstone02/Brownstone02_Instanced.usd' for read
Status (secondary thread): in _OpenAsset at line 360 of /builds/omniverse/usd-resolver/source/library/OmniUsdResolver_Ar2.cpp -- OmniUsdResolver: Opening filesystem asset '/isaac-sim/AirStack/scene_gen/assets/aec/brownstone/Assets/Create_Brownstone02/Brownstone02_Referenced.usd' for read
Status (secondary thread): in _OpenAsset at line 360 of /builds/omniverse/usd-resolver/source/library/OmniUsdResolver_Ar2.cpp -- OmniUsdResolver: Opening filesystem asset '/isaac-sim/AirStack/scene_gen/assets/aec/brownstone/Options/Options_Grass_Brownstone02.usd' for read
Status (secondary thread): in _OpenAsset at line 360 of /builds/omniverse/usd-resolver/source/library/OmniUsdResolver_Ar2.cpp -- OmniUsdResolver: Opening filesystem asset '/isaac-sim/AirStack/scene_gen/assets/aec/brownstone/Assets/Create_Brownstone02/Create_Brownstone02_GrassPatch.usd' for read
Status (secondary thread): in _OpenAsset at line 360 of /builds/omniverse/usd-resolver/source/library/OmniUsdResolver_Ar2.cpp -- OmniUsdResolver: Opening filesystem asset '/isaac-sim/AirStack/scene_gen/assets/aec/brownstone/Assets/Vegetation/Shrub/Grass_Trimmed_C.usd' for read
Status (secondary thread): in _OpenAsset at line 360 of /builds/omniverse/usd-resolver/source/library/OmniUsdResolver_Ar2.cpp -- OmniUsdResolver: Opening filesystem asset '/isaac-sim/AirStack/scene_gen/assets/aec/brownstone/Assets/Vegetation/Shrub/Grass_Trimmed_B.usd' for read
Status: in _OpenAsset at line 360 of /builds/omniverse/usd-resolver/source/library/OmniUsdResolver_Ar2.cpp -- OmniUsdResolver: Opening filesystem asset '/isaac-sim/AirStack/scene_gen/assets/aec/brownstone/Assets/Create_Brownstone02/Reference_Brownstone11Row.usd' for read
Status (secondary thread): in _OpenAsset at line 360 of /builds/omniverse/usd-resolver/source/library/OmniUsdResolver_Ar2.cpp -- OmniUsdResolver: Opening filesystem asset '/isaac-sim/AirStack/scene_gen/assets/aec/brownstone/Assets/Create_Brownstone02/Reference_Brownstone02.usd' for read
Status: in _OpenAsset at line 360 of /builds/omniverse/usd-resolver/source/library/OmniUsdResolver_Ar2.cpp -- OmniUsdResolver: Opening filesystem asset '/isaac-sim/AirStack/scene_gen/assets/aec/brownstone/Assets/Create_Brownstone02/Brownstone02_Instanced.usd' for read
Status (secondary thread): in _OpenAsset at line 360 of /builds/omniverse/usd-resolver/source/library/OmniUsdResolver_Ar2.cpp -- OmniUsdResolver: Opening filesystem asset '/isaac-sim/AirStack/scene_gen/assets/aec/brownstone/Assets/Create_Brownstone02/Brownstone02_Referenced.usd' for read
Status (secondary thread): in _OpenAsset at line 360 of /builds/omniverse/usd-resolver/source/library/OmniUsdResolver_Ar2.cpp -- OmniUsdResolver: Opening filesystem asset '/isaac-sim/AirStack/scene_gen/assets/aec/brownstone/Options/Options_Grass_Brownstone02.usd' for read
Status (secondary thread): in _OpenAsset at line 360 of /builds/omniverse/usd-resolver/source/library/OmniUsdResolver_Ar2.cpp -- OmniUsdResolver: Opening filesystem asset '/isaac-sim/AirStack/scene_gen/assets/aec/brownstone/Assets/Create_Brownstone02/Create_Brownstone02_GrassPatch.usd' for read
Status (secondary thread): in _OpenAsset at line 360 of /builds/omniverse/usd-resolver/source/library/OmniUsdResolver_Ar2.cpp -- OmniUsdResolver: Opening filesystem asset '/isaac-sim/AirStack/scene_gen/assets/aec/brownstone/Assets/Vegetation/Shrub/Grass_Trimmed_C.usd' for read
Status (secondary thread): in _OpenAsset at line 360 of /builds/omniverse/usd-resolver/source/library/OmniUsdResolver_Ar2.cpp -- OmniUsdResolver: Opening filesystem asset '/isaac-sim/AirStack/scene_gen/assets/aec/brownstone/Assets/Vegetation/Shrub/Grass_Trimmed_B.usd' for read
Status: in _OpenAsset at line 360 of /builds/omniverse/usd-resolver/source/library/OmniUsdResolver_Ar2.cpp -- OmniUsdResolver: Opening filesystem asset '/isaac-sim/AirStack/scene_gen/assets/aec/brownstone/Assets/Create_Brownstone02/Reference_Brownstone12Row.usd' for read
Status (secondary thread): in _OpenAsset at line 360 of /builds/omniverse/usd-resolver/source/library/OmniUsdResolver_Ar2.cpp -- OmniUsdResolver: Opening filesystem asset '/isaac-sim/AirStack/scene_gen/assets/aec/brownstone/Assets/Create_Brownstone02/Reference_Brownstone02.usd' for read
Status (secondary thread): in _OpenAsset at line 360 of /builds/omniverse/usd-resolver/source/library/OmniUsdResolver_Ar2.cpp -- OmniUsdResolver: Opening filesystem asset '/isaac-sim/AirStack/scene_gen/assets/aec/brownstone/Assets/Create_Brownstone02/Brownstone02_Instanced.usd' for read
Status (secondary thread): in _OpenAsset at line 360 of /builds/omniverse/usd-resolver/source/library/OmniUsdResolver_Ar2.cpp -- OmniUsdResolver: Opening filesystem asset '/isaac-sim/AirStack/scene_gen/assets/aec/brownstone/Assets/Create_Brownstone02/Brownstone02_Referenced.usd' for read
Status (secondary thread): in _OpenAsset at line 360 of /builds/omniverse/usd-resolver/source/library/OmniUsdResolver_Ar2.cpp -- OmniUsdResolver: Opening filesystem asset '/isaac-sim/AirStack/scene_gen/assets/aec/brownstone/Options/Options_Grass_Brownstone02.usd' for read
Status (secondary thread): in _OpenAsset at line 360 of /builds/omniverse/usd-resolver/source/library/OmniUsdResolver_Ar2.cpp -- OmniUsdResolver: Opening filesystem asset '/isaac-sim/AirStack/scene_gen/assets/aec/brownstone/Assets/Create_Brownstone02/Create_Brownstone02_GrassPatch.usd' for read
Status (secondary thread): in _OpenAsset at line 360 of /builds/omniverse/usd-resolver/source/library/OmniUsdResolver_Ar2.cpp -- OmniUsdResolver: Opening filesystem asset '/isaac-sim/AirStack/scene_gen/assets/aec/brownstone/Assets/Vegetation/Shrub/Grass_Trimmed_B.usd' for read
Status (secondary thread): in _OpenAsset at line 360 of /builds/omniverse/usd-resolver/source/library/OmniUsdResolver_Ar2.cpp -- OmniUsdResolver: Opening filesystem asset '/isaac-sim/AirStack/scene_gen/assets/aec/brownstone/Assets/Vegetation/Shrub/Grass_Trimmed_C.usd' for read
Status: in Open at line 72 of /builds/omniverse/usd-resolver/source/library/OmniUsdAsset.cpp -- OmniUsdResolver: Opened asset 'omniverse://airlab-nucleus.andrew.cmu.edu:443/Library/Stages/Dmytro/Assets/Game/FactoryDistrict/Meshes/Building_TypeD_A.usd' for read
Status (secondary thread): in Open at line 72 of /builds/omniverse/usd-resolver/source/library/OmniUsdAsset.cpp -- OmniUsdResolver: Opened asset 'omniverse://airlab-nucleus.andrew.cmu.edu:443/Library/Stages/Dmytro/Assets/Game/FactoryDistrict/Meshes/Building_TypeD_A_payload.usd' for read
Status (secondary thread): in Open at line 72 of /builds/omniverse/usd-resolver/source/library/OmniUsdAsset.cpp -- OmniUsdResolver: Opened asset 'omniverse://airlab-nucleus.andrew.cmu.edu:443/Library/Stages/Dmytro/Assets/Game/FactoryDistrict/Materials/Bare_Metal_mat.usd' for read
Status (secondary thread): in Open at line 72 of /builds/omniverse/usd-resolver/source/library/OmniUsdAsset.cpp -- OmniUsdResolver: Opened asset 'omniverse://airlab-nucleus.andrew.cmu.edu:443/Library/Stages/Dmytro/Assets/Game/FactoryDistrict/Materials/Concrete_C_Inst.usd' for read
Status (secondary thread): in Open at line 72 of /builds/omniverse/usd-resolver/source/library/OmniUsdAsset.cpp -- OmniUsdResolver: Opened asset 'omniverse://airlab-nucleus.andrew.cmu.edu:443/Library/Stages/Dmytro/Assets/Game/FactoryDistrict/Materials/Metal_A_Inst.usd' for read
Status: in Open at line 72 of /builds/omniverse/usd-resolver/source/library/OmniUsdAsset.cpp -- OmniUsdResolver: Opened asset 'omniverse://airlab-nucleus.andrew.cmu.edu:443/Library/Stages/Dmytro/Assets/Game/FactoryDistrict/Materials/Cement_A_Inst.usd' for read
Status (secondary thread): in Open at line 72 of /builds/omniverse/usd-resolver/source/library/OmniUsdAsset.cpp -- OmniUsdResolver: Opened asset 'omniverse://airlab-nucleus.andrew.cmu.edu:443/Library/Stages/Dmytro/Assets/Game/FactoryDistrict/Materials/Cement_A_TintBlue.usd' for read
Status (secondary thread): in Open at line 72 of /builds/omniverse/usd-resolver/source/library/OmniUsdAsset.cpp -- OmniUsdResolver: Opened asset 'omniverse://airlab-nucleus.andrew.cmu.edu:443/Library/Stages/Dmytro/Assets/Game/FactoryDistrict/Materials/Concrete_D_Floor.usd' for read
Status (secondary thread): in Open at line 72 of /builds/omniverse/usd-resolver/source/library/OmniUsdAsset.cpp -- OmniUsdResolver: Opened asset 'omniverse://airlab-nucleus.andrew.cmu.edu:443/Library/Stages/Dmytro/Assets/Game/FactoryDistrict/Materials/Roof_A_Inst.usd' for read
Status (secondary thread): in Open at line 72 of /builds/omniverse/usd-resolver/source/library/OmniUsdAsset.cpp -- OmniUsdResolver: Opened asset 'omniverse://airlab-nucleus.andrew.cmu.edu:443/Library/Stages/Dmytro/Assets/Game/FactoryDistrict/Materials/Master_Glass.usd' for read
Status (secondary thread): in Open at line 72 of /builds/omniverse/usd-resolver/source/library/OmniUsdAsset.cpp -- OmniUsdResolver: Opened asset 'omniverse://airlab-nucleus.andrew.cmu.edu:443/Library/Stages/Dmytro/Assets/Game/FactoryDistrict/Materials/CorrugatedMetal_A_Inst.usd' for read
Status (secondary thread): in Open at line 72 of /builds/omniverse/usd-resolver/source/library/OmniUsdAsset.cpp -- OmniUsdResolver: Opened asset 'omniverse://airlab-nucleus.andrew.cmu.edu:443/Library/Stages/Dmytro/Assets/Game/FactoryDistrict/Materials/CorrugatedMetal_B_Inst.usd' for read
Status: in Open at line 72 of /builds/omniverse/usd-resolver/source/library/OmniUsdAsset.cpp -- OmniUsdResolver: Opened asset 'omniverse://airlab-nucleus.andrew.cmu.edu:443/Library/Stages/Dmytro/Assets/Game/FactoryDistrict/Meshes/Building_TypeD_B.usd' for read
Status (secondary thread): in Open at line 72 of /builds/omniverse/usd-resolver/source/library/OmniUsdAsset.cpp -- OmniUsdResolver: Opened asset 'omniverse://airlab-nucleus.andrew.cmu.edu:443/Library/Stages/Dmytro/Assets/Game/FactoryDistrict/Meshes/Building_TypeD_B_payload.usd' for read
Status (secondary thread): in Open at line 72 of /builds/omniverse/usd-resolver/source/library/OmniUsdAsset.cpp -- OmniUsdResolver: Opened asset 'omniverse://airlab-nucleus.andrew.cmu.edu:443/Library/Stages/Dmytro/Assets/Game/FactoryDistrict/Materials/Cement_A_TintBlue.usd' for read
Status (secondary thread): in Open at line 72 of /builds/omniverse/usd-resolver/source/library/OmniUsdAsset.cpp -- OmniUsdResolver: Opened asset 'omniverse://airlab-nucleus.andrew.cmu.edu:443/Library/Stages/Dmytro/Assets/Game/FactoryDistrict/Materials/Concrete_D_Floor.usd' for read
Status (secondary thread): in Open at line 72 of /builds/omniverse/usd-resolver/source/library/OmniUsdAsset.cpp -- OmniUsdResolver: Opened asset 'omniverse://airlab-nucleus.andrew.cmu.edu:443/Library/Stages/Dmytro/Assets/Game/FactoryDistrict/Materials/Concrete_Trim_A_Inst.usd' for read
Status: in Open at line 72 of /builds/omniverse/usd-resolver/source/library/OmniUsdAsset.cpp -- OmniUsdResolver: Opened asset 'omniverse://airlab-nucleus.andrew.cmu.edu:443/Library/Stages/Dmytro/Assets/Game/FactoryDistrict/Materials/Steel_A_Inst.usd' for read
Status (secondary thread): in Open at line 72 of /builds/omniverse/usd-resolver/source/library/OmniUsdAsset.cpp -- OmniUsdResolver: Opened asset 'omniverse://airlab-nucleus.andrew.cmu.edu:443/Library/Stages/Dmytro/Assets/Game/FactoryDistrict/Materials/Cement_A_Inst.usd' for read
Status (secondary thread): in Open at line 72 of /builds/omniverse/usd-resolver/source/library/OmniUsdAsset.cpp -- OmniUsdResolver: Opened asset 'omniverse://airlab-nucleus.andrew.cmu.edu:443/Library/Stages/Dmytro/Assets/Game/FactoryDistrict/Materials/Concrete_C_Inst.usd' for read
Status (secondary thread): in Open at line 72 of /builds/omniverse/usd-resolver/source/library/OmniUsdAsset.cpp -- OmniUsdResolver: Opened asset 'omniverse://airlab-nucleus.andrew.cmu.edu:443/Library/Stages/Dmytro/Assets/Game/FactoryDistrict/Materials/Master_Glass.usd' for read
Status: in Open at line 72 of /builds/omniverse/usd-resolver/source/library/OmniUsdAsset.cpp -- OmniUsdResolver: Opened asset 'omniverse://airlab-nucleus.andrew.cmu.edu:443/Library/Stages/Dmytro/Assets/Game/FactoryDistrict/Meshes/Building_TypeA_B.usd' for read
Status (secondary thread): in Open at line 72 of /builds/omniverse/usd-resolver/source/library/OmniUsdAsset.cpp -- OmniUsdResolver: Opened asset 'omniverse://airlab-nucleus.andrew.cmu.edu:443/Library/Stages/Dmytro/Assets/Game/FactoryDistrict/Meshes/Building_TypeA_B_payload.usd' for read
Status: in Open at line 72 of /builds/omniverse/usd-resolver/source/library/OmniUsdAsset.cpp -- OmniUsdResolver: Opened asset 'omniverse://airlab-nucleus.andrew.cmu.edu:443/Library/Stages/Dmytro/Assets/Game/FactoryDistrict/Materials/CorrugatedMetal_B_Inst.usd' for read
Status (secondary thread): in Open at line 72 of /builds/omniverse/usd-resolver/source/library/OmniUsdAsset.cpp -- OmniUsdResolver: Opened asset 'omniverse://airlab-nucleus.andrew.cmu.edu:443/Library/Stages/Dmytro/Assets/Game/FactoryDistrict/Materials/Concrete_Trim_A_Inst.usd' for read
Status (secondary thread): in Open at line 72 of /builds/omniverse/usd-resolver/source/library/OmniUsdAsset.cpp -- OmniUsdResolver: Opened asset 'omniverse://airlab-nucleus.andrew.cmu.edu:443/Library/Stages/Dmytro/Assets/Game/FactoryDistrict/Materials/Concrete_C_Inst.usd' for read
Status (secondary thread): in Open at line 72 of /builds/omniverse/usd-resolver/source/library/OmniUsdAsset.cpp -- OmniUsdResolver: Opened asset 'omniverse://airlab-nucleus.andrew.cmu.edu:443/Library/Stages/Dmytro/Assets/Game/FactoryDistrict/Materials/Roof_A_Inst.usd' for read
Status (secondary thread): in Open at line 72 of /builds/omniverse/usd-resolver/source/library/OmniUsdAsset.cpp -- OmniUsdResolver: Opened asset 'omniverse://airlab-nucleus.andrew.cmu.edu:443/Library/Stages/Dmytro/Assets/Game/FactoryDistrict/Materials/Brick_B_Inst.usd' for read
Status (secondary thread): in Open at line 72 of /builds/omniverse/usd-resolver/source/library/OmniUsdAsset.cpp -- OmniUsdResolver: Opened asset 'omniverse://airlab-nucleus.andrew.cmu.edu:443/Library/Stages/Dmytro/Assets/Game/FactoryDistrict/Materials/Asphalt_A_Inst.usd' for read
Status (secondary thread): in Open at line 72 of /builds/omniverse/usd-resolver/source/library/OmniUsdAsset.cpp -- OmniUsdResolver: Opened asset 'omniverse://airlab-nucleus.andrew.cmu.edu:443/Library/Stages/Dmytro/Assets/Game/FactoryDistrict/Materials/MetalPainted_A_Inst.usd' for read
Status (secondary thread): in Open at line 72 of /builds/omniverse/usd-resolver/source/library/OmniUsdAsset.cpp -- OmniUsdResolver: Opened asset 'omniverse://airlab-nucleus.andrew.cmu.edu:443/Library/Stages/Dmytro/Assets/Game/FactoryDistrict/Materials/Windows_A_Inst.usd' for read
Status (secondary thread): in Open at line 72 of /builds/omniverse/usd-resolver/source/library/OmniUsdAsset.cpp -- OmniUsdResolver: Opened asset 'omniverse://airlab-nucleus.andrew.cmu.edu:443/Library/Stages/Dmytro/Assets/Game/FactoryDistrict/Materials/Metal_A_Inst.usd' for read
Status: in Open at line 72 of /builds/omniverse/usd-resolver/source/library/OmniUsdAsset.cpp -- OmniUsdResolver: Opened asset 'omniverse://airlab-nucleus.andrew.cmu.edu:443/Library/Stages/Dmytro/Assets/Game/FactoryDistrict/Meshes/Building_TypeA_A.usd' for read
Status: in Open at line 72 of /builds/omniverse/usd-resolver/source/library/OmniUsdAsset.cpp -- OmniUsdResolver: Opened asset 'omniverse://airlab-nucleus.andrew.cmu.edu:443/Library/Stages/Dmytro/Assets/Game/FactoryDistrict/Meshes/Building_TypeA_A_payload.usd' for read
Status: in Open at line 72 of /builds/omniverse/usd-resolver/source/library/OmniUsdAsset.cpp -- OmniUsdResolver: Opened asset 'omniverse://airlab-nucleus.andrew.cmu.edu:443/Library/Stages/Dmytro/Assets/Game/FactoryDistrict/Materials/Roof_A_Inst.usd' for read
Status (secondary thread): in Open at line 72 of /builds/omniverse/usd-resolver/source/library/OmniUsdAsset.cpp -- OmniUsdResolver: Opened asset 'omniverse://airlab-nucleus.andrew.cmu.edu:443/Library/Stages/Dmytro/Assets/Game/FactoryDistrict/Materials/Brick_B_Inst.usd' for read
Status (secondary thread): in Open at line 72 of /builds/omniverse/usd-resolver/source/library/OmniUsdAsset.cpp -- OmniUsdResolver: Opened asset 'omniverse://airlab-nucleus.andrew.cmu.edu:443/Library/Stages/Dmytro/Assets/Game/FactoryDistrict/Materials/Asphalt_A_Inst.usd' for read
Status (secondary thread): in Open at line 72 of /builds/omniverse/usd-resolver/source/library/OmniUsdAsset.cpp -- OmniUsdResolver: Opened asset 'omniverse://airlab-nucleus.andrew.cmu.edu:443/Library/Stages/Dmytro/Assets/Game/FactoryDistrict/Materials/Concrete_D_Floor.usd' for read
Status (secondary thread): in Open at line 72 of /builds/omniverse/usd-resolver/source/library/OmniUsdAsset.cpp -- OmniUsdResolver: Opened asset 'omniverse://airlab-nucleus.andrew.cmu.edu:443/Library/Stages/Dmytro/Assets/Game/FactoryDistrict/Materials/Concrete_Trim_A_Inst.usd' for read
Status (secondary thread): in Open at line 72 of /builds/omniverse/usd-resolver/source/library/OmniUsdAsset.cpp -- OmniUsdResolver: Opened asset 'omniverse://airlab-nucleus.andrew.cmu.edu:443/Library/Stages/Dmytro/Assets/Game/FactoryDistrict/Materials/MetalPainted_A_Inst.usd' for read
Status (secondary thread): in Open at line 72 of /builds/omniverse/usd-resolver/source/library/OmniUsdAsset.cpp -- OmniUsdResolver: Opened asset 'omniverse://airlab-nucleus.andrew.cmu.edu:443/Library/Stages/Dmytro/Assets/Game/FactoryDistrict/Materials/CorrugatedMetal_B_Inst.usd' for read
Status (secondary thread): in Open at line 72 of /builds/omniverse/usd-resolver/source/library/OmniUsdAsset.cpp -- OmniUsdResolver: Opened asset 'omniverse://airlab-nucleus.andrew.cmu.edu:443/Library/Stages/Dmytro/Assets/Game/FactoryDistrict/Materials/Metal_A_Inst.usd' for read
Status (secondary thread): in Open at line 72 of /builds/omniverse/usd-resolver/source/library/OmniUsdAsset.cpp -- OmniUsdResolver: Opened asset 'omniverse://airlab-nucleus.andrew.cmu.edu:443/Library/Stages/Dmytro/Assets/Game/FactoryDistrict/Materials/Windows_A_Inst.usd' for read
Status: in Open at line 72 of /builds/omniverse/usd-resolver/source/library/OmniUsdAsset.cpp -- OmniUsdResolver: Opened asset 'omniverse://airlab-nucleus.andrew.cmu.edu:443/Library/Stages/Dmytro/Assets/Game/FactoryDistrict/Meshes/Building_TypeB_B.usd' for read
Status (secondary thread): in Open at line 72 of /builds/omniverse/usd-resolver/source/library/OmniUsdAsset.cpp -- OmniUsdResolver: Opened asset 'omniverse://airlab-nucleus.andrew.cmu.edu:443/Library/Stages/Dmytro/Assets/Game/FactoryDistrict/Meshes/Building_TypeB_B_payload.usd' for read
Status (secondary thread): in Open at line 72 of /builds/omniverse/usd-resolver/source/library/OmniUsdAsset.cpp -- OmniUsdResolver: Opened asset 'omniverse://airlab-nucleus.andrew.cmu.edu:443/Library/Stages/Dmytro/Assets/Game/FactoryDistrict/Materials/Concrete_D_Floor.usd' for read
Status (secondary thread): in Open at line 72 of /builds/omniverse/usd-resolver/source/library/OmniUsdAsset.cpp -- OmniUsdResolver: Opened asset 'omniverse://airlab-nucleus.andrew.cmu.edu:443/Library/Stages/Dmytro/Assets/Game/FactoryDistrict/Materials/Cement_A_Inst.usd' for read
Status (secondary thread): in Open at line 72 of /builds/omniverse/usd-resolver/source/library/OmniUsdAsset.cpp -- OmniUsdResolver: Opened asset 'omniverse://airlab-nucleus.andrew.cmu.edu:443/Library/Stages/Dmytro/Assets/Game/FactoryDistrict/Materials/Cement_A_TintRed_Inst.usd' for read
Status (secondary thread): in Open at line 72 of /builds/omniverse/usd-resolver/source/library/OmniUsdAsset.cpp -- OmniUsdResolver: Opened asset 'omniverse://airlab-nucleus.andrew.cmu.edu:443/Library/Stages/Dmytro/Assets/Game/FactoryDistrict/Materials/Master_Glass.usd' for read
Status (secondary thread): in Open at line 72 of /builds/omniverse/usd-resolver/source/library/OmniUsdAsset.cpp -- OmniUsdResolver: Opened asset 'omniverse://airlab-nucleus.andrew.cmu.edu:443/Library/Stages/Dmytro/Assets/Game/FactoryDistrict/Materials/Metal_A_Inst.usd' for read
Status: in Open at line 72 of /builds/omniverse/usd-resolver/source/library/OmniUsdAsset.cpp -- OmniUsdResolver: Opened asset 'omniverse://airlab-nucleus.andrew.cmu.edu:443/Library/Stages/Dmytro/Assets/Game/FactoryDistrict/Materials/Concrete_Trim_A_Inst.usd' for read
Status (secondary thread): in Open at line 72 of /builds/omniverse/usd-resolver/source/library/OmniUsdAsset.cpp -- OmniUsdResolver: Opened asset 'omniverse://airlab-nucleus.andrew.cmu.edu:443/Library/Stages/Dmytro/Assets/Game/FactoryDistrict/Materials/Steel_A_Inst.usd' for read
Status: in Open at line 72 of /builds/omniverse/usd-resolver/source/library/OmniUsdAsset.cpp -- OmniUsdResolver: Opened asset 'omniverse://airlab-nucleus.andrew.cmu.edu:443/Library/Stages/Dmytro/Assets/Game/FactoryDistrict/Meshes/Building_TypeD_C.usd' for read
Status (secondary thread): in Open at line 72 of /builds/omniverse/usd-resolver/source/library/OmniUsdAsset.cpp -- OmniUsdResolver: Opened asset 'omniverse://airlab-nucleus.andrew.cmu.edu:443/Library/Stages/Dmytro/Assets/Game/FactoryDistrict/Meshes/Building_TypeD_C_payload.usd' for read
Status (secondary thread): in Open at line 72 of /builds/omniverse/usd-resolver/source/library/OmniUsdAsset.cpp -- OmniUsdResolver: Opened asset 'omniverse://airlab-nucleus.andrew.cmu.edu:443/Library/Stages/Dmytro/Assets/Game/FactoryDistrict/Materials/MetalPainted_A_Inst.usd' for read
Status: in Open at line 72 of /builds/omniverse/usd-resolver/source/library/OmniUsdAsset.cpp -- OmniUsdResolver: Opened asset 'omniverse://airlab-nucleus.andrew.cmu.edu:443/Library/Stages/Dmytro/Assets/Game/FactoryDistrict/Materials/Cement_A_TintBlue.usd' for read
Status (secondary thread): in Open at line 72 of /builds/omniverse/usd-resolver/source/library/OmniUsdAsset.cpp -- OmniUsdResolver: Opened asset 'omniverse://airlab-nucleus.andrew.cmu.edu:443/Library/Stages/Dmytro/Assets/Game/FactoryDistrict/Materials/Concrete_Trim_A_Inst.usd' for read
Status (secondary thread): in Open at line 72 of /builds/omniverse/usd-resolver/source/library/OmniUsdAsset.cpp -- OmniUsdResolver: Opened asset 'omniverse://airlab-nucleus.andrew.cmu.edu:443/Library/Stages/Dmytro/Assets/Game/FactoryDistrict/Materials/Cement_A_Inst.usd' for read
Status (secondary thread): in Open at line 72 of /builds/omniverse/usd-resolver/source/library/OmniUsdAsset.cpp -- OmniUsdResolver: Opened asset 'omniverse://airlab-nucleus.andrew.cmu.edu:443/Library/Stages/Dmytro/Assets/Game/FactoryDistrict/Materials/Concrete_C_Inst.usd' for read
Status (secondary thread): in Open at line 72 of /builds/omniverse/usd-resolver/source/library/OmniUsdAsset.cpp -- OmniUsdResolver: Opened asset 'omniverse://airlab-nucleus.andrew.cmu.edu:443/Library/Stages/Dmytro/Assets/Game/FactoryDistrict/Materials/Concrete_D_Floor.usd' for read
Status (secondary thread): in Open at line 72 of /builds/omniverse/usd-resolver/source/library/OmniUsdAsset.cpp -- OmniUsdResolver: Opened asset 'omniverse://airlab-nucleus.andrew.cmu.edu:443/Library/Stages/Dmytro/Assets/Game/FactoryDistrict/Materials/CorrugatedMetal_A_Inst.usd' for read
Status (secondary thread): in Open at line 72 of /builds/omniverse/usd-resolver/source/library/OmniUsdAsset.cpp -- OmniUsdResolver: Opened asset 'omniverse://airlab-nucleus.andrew.cmu.edu:443/Library/Stages/Dmytro/Assets/Game/FactoryDistrict/Materials/CorrugatedMetal_B_Inst.usd' for read
Status (secondary thread): in Open at line 72 of /builds/omniverse/usd-resolver/source/library/OmniUsdAsset.cpp -- OmniUsdResolver: Opened asset 'omniverse://airlab-nucleus.andrew.cmu.edu:443/Library/Stages/Dmytro/Assets/Game/FactoryDistrict/Materials/Steel_A_Inst.usd' for read
Status (secondary thread): in Open at line 72 of /builds/omniverse/usd-resolver/source/library/OmniUsdAsset.cpp -- OmniUsdResolver: Opened asset 'omniverse://airlab-nucleus.andrew.cmu.edu:443/Library/Stages/Dmytro/Assets/Game/FactoryDistrict/Materials/Master_Glass.usd' for read
Status: in Open at line 72 of /builds/omniverse/usd-resolver/source/library/OmniUsdAsset.cpp -- OmniUsdResolver: Opened asset 'omniverse://airlab-nucleus.andrew.cmu.edu:443/Library/Stages/Dmytro/Assets/Game/FactoryDistrict/Meshes/Building_TypeB_C.usd' for read
Status: in Open at line 72 of /builds/omniverse/usd-resolver/source/library/OmniUsdAsset.cpp -- OmniUsdResolver: Opened asset 'omniverse://airlab-nucleus.andrew.cmu.edu:443/Library/Stages/Dmytro/Assets/Game/FactoryDistrict/Meshes/Building_TypeB_C_payload.usd' for read
Status (secondary thread): in Open at line 72 of /builds/omniverse/usd-resolver/source/library/OmniUsdAsset.cpp -- OmniUsdResolver: Opened asset 'omniverse://airlab-nucleus.andrew.cmu.edu:443/Library/Stages/Dmytro/Assets/Game/FactoryDistrict/Materials/Cement_A_TintRed_Inst.usd' for read
Status (secondary thread): in Open at line 72 of /builds/omniverse/usd-resolver/source/library/OmniUsdAsset.cpp -- OmniUsdResolver: Opened asset 'omniverse://airlab-nucleus.andrew.cmu.edu:443/Library/Stages/Dmytro/Assets/Game/FactoryDistrict/Materials/Metal_A_Inst.usd' for read
Status (secondary thread): in Open at line 72 of /builds/omniverse/usd-resolver/source/library/OmniUsdAsset.cpp -- OmniUsdResolver: Opened asset 'omniverse://airlab-nucleus.andrew.cmu.edu:443/Library/Stages/Dmytro/Assets/Game/FactoryDistrict/Materials/Master_Glass.usd' for read
Status (secondary thread): in Open at line 72 of /builds/omniverse/usd-resolver/source/library/OmniUsdAsset.cpp -- OmniUsdResolver: Opened asset 'omniverse://airlab-nucleus.andrew.cmu.edu:443/Library/Stages/Dmytro/Assets/Game/FactoryDistrict/Materials/Concrete_Trim_A_Inst.usd' for read
Status: in Open at line 72 of /builds/omniverse/usd-resolver/source/library/OmniUsdAsset.cpp -- OmniUsdResolver: Opened asset 'omniverse://airlab-nucleus.andrew.cmu.edu:443/Library/Stages/Dmytro/Assets/Game/FactoryDistrict/Materials/Concrete_D_Floor.usd' for read
Status (secondary thread): in Open at line 72 of /builds/omniverse/usd-resolver/source/library/OmniUsdAsset.cpp -- OmniUsdResolver: Opened asset 'omniverse://airlab-nucleus.andrew.cmu.edu:443/Library/Stages/Dmytro/Assets/Game/FactoryDistrict/Materials/Steel_A_Inst.usd' for read
Status (secondary thread): in Open at line 72 of /builds/omniverse/usd-resolver/source/library/OmniUsdAsset.cpp -- OmniUsdResolver: Opened asset 'omniverse://airlab-nucleus.andrew.cmu.edu:443/Library/Stages/Dmytro/Assets/Game/FactoryDistrict/Materials/Cement_A_Inst.usd' for read
Status: in Open at line 72 of /builds/omniverse/usd-resolver/source/library/OmniUsdAsset.cpp -- OmniUsdResolver: Opened asset 'omniverse://airlab-nucleus.andrew.cmu.edu:443/Library/Stages/Dmytro/Assets/Game/FactoryDistrict/Meshes/Building_TypeA_C.usd' for read
Status: in Open at line 72 of /builds/omniverse/usd-resolver/source/library/OmniUsdAsset.cpp -- OmniUsdResolver: Opened asset 'omniverse://airlab-nucleus.andrew.cmu.edu:443/Library/Stages/Dmytro/Assets/Game/FactoryDistrict/Meshes/Building_TypeA_C_payload.usd' for read
Status: in Open at line 72 of /builds/omniverse/usd-resolver/source/library/OmniUsdAsset.cpp -- OmniUsdResolver: Opened asset 'omniverse://airlab-nucleus.andrew.cmu.edu:443/Library/Stages/Dmytro/Assets/Game/FactoryDistrict/Materials/Asphalt_A_Inst.usd' for read
Status (secondary thread): in Open at line 72 of /builds/omniverse/usd-resolver/source/library/OmniUsdAsset.cpp -- OmniUsdResolver: Opened asset 'omniverse://airlab-nucleus.andrew.cmu.edu:443/Library/Stages/Dmytro/Assets/Game/FactoryDistrict/Materials/MetalPainted_A_Inst.usd' for read
Status (secondary thread): in Open at line 72 of /builds/omniverse/usd-resolver/source/library/OmniUsdAsset.cpp -- OmniUsdResolver: Opened asset 'omniverse://airlab-nucleus.andrew.cmu.edu:443/Library/Stages/Dmytro/Assets/Game/FactoryDistrict/Materials/Windows_A_Inst.usd' for read
Status (secondary thread): in Open at line 72 of /builds/omniverse/usd-resolver/source/library/OmniUsdAsset.cpp -- OmniUsdResolver: Opened asset 'omniverse://airlab-nucleus.andrew.cmu.edu:443/Library/Stages/Dmytro/Assets/Game/FactoryDistrict/Materials/Cement_A_Inst.usd' for read
Status (secondary thread): in Open at line 72 of /builds/omniverse/usd-resolver/source/library/OmniUsdAsset.cpp -- OmniUsdResolver: Opened asset 'omniverse://airlab-nucleus.andrew.cmu.edu:443/Library/Stages/Dmytro/Assets/Game/FactoryDistrict/Materials/CorrugatedMetal_B_Inst.usd' for read
Status (secondary thread): in Open at line 72 of /builds/omniverse/usd-resolver/source/library/OmniUsdAsset.cpp -- OmniUsdResolver: Opened asset 'omniverse://airlab-nucleus.andrew.cmu.edu:443/Library/Stages/Dmytro/Assets/Game/FactoryDistrict/Materials/Concrete_Trim_A_Inst.usd' for read
Status (secondary thread): in Open at line 72 of /builds/omniverse/usd-resolver/source/library/OmniUsdAsset.cpp -- OmniUsdResolver: Opened asset 'omniverse://airlab-nucleus.andrew.cmu.edu:443/Library/Stages/Dmytro/Assets/Game/FactoryDistrict/Materials/Metal_A_Inst.usd' for read
Status (secondary thread): in Open at line 72 of /builds/omniverse/usd-resolver/source/library/OmniUsdAsset.cpp -- OmniUsdResolver: Opened asset 'omniverse://airlab-nucleus.andrew.cmu.edu:443/Library/Stages/Dmytro/Assets/Game/FactoryDistrict/Materials/Roof_A_Inst.usd' for read
Status (secondary thread): in Open at line 72 of /builds/omniverse/usd-resolver/source/library/OmniUsdAsset.cpp -- OmniUsdResolver: Opened asset 'omniverse://airlab-nucleus.andrew.cmu.edu:443/Library/Stages/Dmytro/Assets/Game/FactoryDistrict/Materials/Concrete_D_Floor.usd' for read
Status: in Open at line 72 of /builds/omniverse/usd-resolver/source/library/OmniUsdAsset.cpp -- OmniUsdResolver: Opened asset 'omniverse://airlab-nucleus.andrew.cmu.edu:443/Library/Stages/Dmytro/Assets/Game/FactoryDistrict/Meshes/Building_TypeC_A.usd' for read
Status: in Open at line 72 of /builds/omniverse/usd-resolver/source/library/OmniUsdAsset.cpp -- OmniUsdResolver: Opened asset 'omniverse://airlab-nucleus.andrew.cmu.edu:443/Library/Stages/Dmytro/Assets/Game/FactoryDistrict/Meshes/Building_TypeC_A_payload.usd' for read
Status: in Open at line 72 of /builds/omniverse/usd-resolver/source/library/OmniUsdAsset.cpp -- OmniUsdResolver: Opened asset 'omniverse://airlab-nucleus.andrew.cmu.edu:443/Library/Stages/Dmytro/Assets/Game/FactoryDistrict/Materials/MetalPainted_A_Inst.usd' for read
Status (secondary thread): in Open at line 72 of /builds/omniverse/usd-resolver/source/library/OmniUsdAsset.cpp -- OmniUsdResolver: Opened asset 'omniverse://airlab-nucleus.andrew.cmu.edu:443/Library/Stages/Dmytro/Assets/Game/FactoryDistrict/Materials/CorrugatedMetal_A_Inst.usd' for read
Status (secondary thread): in Open at line 72 of /builds/omniverse/usd-resolver/source/library/OmniUsdAsset.cpp -- OmniUsdResolver: Opened asset 'omniverse://airlab-nucleus.andrew.cmu.edu:443/Library/Stages/Dmytro/Assets/Game/FactoryDistrict/Materials/Cement_A_Inst.usd' for read
Status (secondary thread): in Open at line 72 of /builds/omniverse/usd-resolver/source/library/OmniUsdAsset.cpp -- OmniUsdResolver: Opened asset 'omniverse://airlab-nucleus.andrew.cmu.edu:443/Library/Stages/Dmytro/Assets/Game/FactoryDistrict/Materials/Master_Glass.usd' for read
Status (secondary thread): in Open at line 72 of /builds/omniverse/usd-resolver/source/library/OmniUsdAsset.cpp -- OmniUsdResolver: Opened asset 'omniverse://airlab-nucleus.andrew.cmu.edu:443/Library/Stages/Dmytro/Assets/Game/FactoryDistrict/Materials/Concrete_Trim_A_Inst.usd' for read
Status (secondary thread): in Open at line 72 of /builds/omniverse/usd-resolver/source/library/OmniUsdAsset.cpp -- OmniUsdResolver: Opened asset 'omniverse://airlab-nucleus.andrew.cmu.edu:443/Library/Stages/Dmytro/Assets/Game/FactoryDistrict/Materials/Cement_A_TintBlue.usd' for read
Status (secondary thread): in Open at line 72 of /builds/omniverse/usd-resolver/source/library/OmniUsdAsset.cpp -- OmniUsdResolver: Opened asset 'omniverse://airlab-nucleus.andrew.cmu.edu:443/Library/Stages/Dmytro/Assets/Game/FactoryDistrict/Materials/CorrugatedMetal_B_Inst.usd' for read
Status (secondary thread): in Open at line 72 of /builds/omniverse/usd-resolver/source/library/OmniUsdAsset.cpp -- OmniUsdResolver: Opened asset 'omniverse://airlab-nucleus.andrew.cmu.edu:443/Library/Stages/Dmytro/Assets/Game/FactoryDistrict/Materials/Steel_A_Inst.usd' for read
Status (secondary thread): in Open at line 72 of /builds/omniverse/usd-resolver/source/library/OmniUsdAsset.cpp -- OmniUsdResolver: Opened asset 'omniverse://airlab-nucleus.andrew.cmu.edu:443/Library/Stages/Dmytro/Assets/Game/FactoryDistrict/Materials/Metal_A_Inst.usd' for read
Status (secondary thread): in Open at line 72 of /builds/omniverse/usd-resolver/source/library/OmniUsdAsset.cpp -- OmniUsdResolver: Opened asset 'omniverse://airlab-nucleus.andrew.cmu.edu:443/Library/Stages/Dmytro/Assets/Game/FactoryDistrict/Materials/Concrete_C_Inst.usd' for read
Status (secondary thread): in Open at line 72 of /builds/omniverse/usd-resolver/source/library/OmniUsdAsset.cpp -- OmniUsdResolver: Opened asset 'omniverse://airlab-nucleus.andrew.cmu.edu:443/Library/Stages/Dmytro/Assets/Game/FactoryDistrict/Materials/Concrete_D_Floor.usd' for read
Status: in Open at line 72 of /builds/omniverse/usd-resolver/source/library/OmniUsdAsset.cpp -- OmniUsdResolver: Opened asset 'omniverse://airlab-nucleus.andrew.cmu.edu:443/Library/Stages/Dmytro/Assets/Game/FactoryDistrict/Meshes/Building_TypeC_C.usd' for read
Status (secondary thread): in Open at line 72 of /builds/omniverse/usd-resolver/source/library/OmniUsdAsset.cpp -- OmniUsdResolver: Opened asset 'omniverse://airlab-nucleus.andrew.cmu.edu:443/Library/Stages/Dmytro/Assets/Game/FactoryDistrict/Meshes/Building_TypeC_C_payload.usd' for read
Status (secondary thread): in Open at line 72 of /builds/omniverse/usd-resolver/source/library/OmniUsdAsset.cpp -- OmniUsdResolver: Opened asset 'omniverse://airlab-nucleus.andrew.cmu.edu:443/Library/Stages/Dmytro/Assets/Game/FactoryDistrict/Materials/Cement_A_Inst.usd' for read
Status (secondary thread): in Open at line 72 of /builds/omniverse/usd-resolver/source/library/OmniUsdAsset.cpp -- OmniUsdResolver: Opened asset 'omniverse://airlab-nucleus.andrew.cmu.edu:443/Library/Stages/Dmytro/Assets/Game/FactoryDistrict/Materials/MetalPainted_A_Inst.usd' for read
Status (secondary thread): in Open at line 72 of /builds/omniverse/usd-resolver/source/library/OmniUsdAsset.cpp -- OmniUsdResolver: Opened asset 'omniverse://airlab-nucleus.andrew.cmu.edu:443/Library/Stages/Dmytro/Assets/Game/FactoryDistrict/Materials/Master_Glass.usd' for read
Status: in Open at line 72 of /builds/omniverse/usd-resolver/source/library/OmniUsdAsset.cpp -- OmniUsdResolver: Opened asset 'omniverse://airlab-nucleus.andrew.cmu.edu:443/Library/Stages/Dmytro/Assets/Game/FactoryDistrict/Materials/Concrete_C_Inst.usd' for read
Status (secondary thread): in Open at line 72 of /builds/omniverse/usd-resolver/source/library/OmniUsdAsset.cpp -- OmniUsdResolver: Opened asset 'omniverse://airlab-nucleus.andrew.cmu.edu:443/Library/Stages/Dmytro/Assets/Game/FactoryDistrict/Materials/CorrugatedMetal_A_Inst.usd' for read
Status (secondary thread): in Open at line 72 of /builds/omniverse/usd-resolver/source/library/OmniUsdAsset.cpp -- OmniUsdResolver: Opened asset 'omniverse://airlab-nucleus.andrew.cmu.edu:443/Library/Stages/Dmytro/Assets/Game/FactoryDistrict/Materials/Metal_A_Inst.usd' for read
Status (secondary thread): in Open at line 72 of /builds/omniverse/usd-resolver/source/library/OmniUsdAsset.cpp -- OmniUsdResolver: Opened asset 'omniverse://airlab-nucleus.andrew.cmu.edu:443/Library/Stages/Dmytro/Assets/Game/FactoryDistrict/Materials/Concrete_D_Floor.usd' for read
Status (secondary thread): in Open at line 72 of /builds/omniverse/usd-resolver/source/library/OmniUsdAsset.cpp -- OmniUsdResolver: Opened asset 'omniverse://airlab-nucleus.andrew.cmu.edu:443/Library/Stages/Dmytro/Assets/Game/FactoryDistrict/Materials/Concrete_Trim_A_Inst.usd' for read
Status (secondary thread): in Open at line 72 of /builds/omniverse/usd-resolver/source/library/OmniUsdAsset.cpp -- OmniUsdResolver: Opened asset 'omniverse://airlab-nucleus.andrew.cmu.edu:443/Library/Stages/Dmytro/Assets/Game/FactoryDistrict/Materials/Steel_A_Inst.usd' for read
Status (secondary thread): in Open at line 72 of /builds/omniverse/usd-resolver/source/library/OmniUsdAsset.cpp -- OmniUsdResolver: Opened asset 'omniverse://airlab-nucleus.andrew.cmu.edu:443/Library/Stages/Dmytro/Assets/Game/FactoryDistrict/Materials/CorrugatedMetal_B_Inst.usd' for read
Status: in Open at line 72 of /builds/omniverse/usd-resolver/source/library/OmniUsdAsset.cpp -- OmniUsdResolver: Opened asset 'omniverse://airlab-nucleus.andrew.cmu.edu:443/Library/Stages/Dmytro/Assets/Game/FactoryDistrict/Meshes/Building_TypeC_D.usd' for read
Status: in Open at line 72 of /builds/omniverse/usd-resolver/source/library/OmniUsdAsset.cpp -- OmniUsdResolver: Opened asset 'omniverse://airlab-nucleus.andrew.cmu.edu:443/Library/Stages/Dmytro/Assets/Game/FactoryDistrict/Meshes/Building_TypeC_D_payload.usd' for read
Status: in Open at line 72 of /builds/omniverse/usd-resolver/source/library/OmniUsdAsset.cpp -- OmniUsdResolver: Opened asset 'omniverse://airlab-nucleus.andrew.cmu.edu:443/Library/Stages/Dmytro/Assets/Game/FactoryDistrict/Materials/Concrete_Trim_A_Inst.usd' for read
Status (secondary thread): in Open at line 72 of /builds/omniverse/usd-resolver/source/library/OmniUsdAsset.cpp -- OmniUsdResolver: Opened asset 'omniverse://airlab-nucleus.andrew.cmu.edu:443/Library/Stages/Dmytro/Assets/Game/FactoryDistrict/Materials/CorrugatedMetal_B_Inst.usd' for read
Status (secondary thread): in Open at line 72 of /builds/omniverse/usd-resolver/source/library/OmniUsdAsset.cpp -- OmniUsdResolver: Opened asset 'omniverse://airlab-nucleus.andrew.cmu.edu:443/Library/Stages/Dmytro/Assets/Game/FactoryDistrict/Materials/Cement_A_Inst.usd' for read
Status (secondary thread): in Open at line 72 of /builds/omniverse/usd-resolver/source/library/OmniUsdAsset.cpp -- OmniUsdResolver: Opened asset 'omniverse://airlab-nucleus.andrew.cmu.edu:443/Library/Stages/Dmytro/Assets/Game/FactoryDistrict/Materials/CorrugatedMetal_A_Inst.usd' for read
Status (secondary thread): in Open at line 72 of /builds/omniverse/usd-resolver/source/library/OmniUsdAsset.cpp -- OmniUsdResolver: Opened asset 'omniverse://airlab-nucleus.andrew.cmu.edu:443/Library/Stages/Dmytro/Assets/Game/FactoryDistrict/Materials/Steel_A_Inst.usd' for read
Status (secondary thread): in Open at line 72 of /builds/omniverse/usd-resolver/source/library/OmniUsdAsset.cpp -- OmniUsdResolver: Opened asset 'omniverse://airlab-nucleus.andrew.cmu.edu:443/Library/Stages/Dmytro/Assets/Game/FactoryDistrict/Materials/Metal_A_Inst.usd' for read
Status (secondary thread): in Open at line 72 of /builds/omniverse/usd-resolver/source/library/OmniUsdAsset.cpp -- OmniUsdResolver: Opened asset 'omniverse://airlab-nucleus.andrew.cmu.edu:443/Library/Stages/Dmytro/Assets/Game/FactoryDistrict/Materials/Concrete_C_Inst.usd' for read
Status (secondary thread): in Open at line 72 of /builds/omniverse/usd-resolver/source/library/OmniUsdAsset.cpp -- OmniUsdResolver: Opened asset 'omniverse://airlab-nucleus.andrew.cmu.edu:443/Library/Stages/Dmytro/Assets/Game/FactoryDistrict/Materials/Master_Glass.usd' for read
Status (secondary thread): in Open at line 72 of /builds/omniverse/usd-resolver/source/library/OmniUsdAsset.cpp -- OmniUsdResolver: Opened asset 'omniverse://airlab-nucleus.andrew.cmu.edu:443/Library/Stages/Dmytro/Assets/Game/FactoryDistrict/Materials/Concrete_D_Floor.usd' for read
Status: in Open at line 72 of /builds/omniverse/usd-resolver/source/library/OmniUsdAsset.cpp -- OmniUsdResolver: Opened asset 'omniverse://airlab-nucleus.andrew.cmu.edu:443/Library/Stages/Dmytro/Assets/Game/Downtown_West/Assets/ground_walkways/SM_ground_mod_walk_tile_a_4m.usd' for read
Status: in Open at line 72 of /builds/omniverse/usd-resolver/source/library/OmniUsdAsset.cpp -- OmniUsdResolver: Opened asset 'omniverse://airlab-nucleus.andrew.cmu.edu:443/Library/Stages/Dmytro/Assets/Game/Downtown_West/Assets/ground_walkways/SM_ground_mod_walk_tile_a_4m_payload.usd' for read
Status (secondary thread): in Open at line 72 of /builds/omniverse/usd-resolver/source/library/OmniUsdAsset.cpp -- OmniUsdResolver: Opened asset 'omniverse://airlab-nucleus.andrew.cmu.edu:443/Library/Stages/Dmytro/Assets/Game/Downtown_West/Materials/Ground_Shared/MI_Concrete_Ground_Tiles_A.usd' for read

[scene_gen] measured car: Car_01_0.usd -> 2.26 x 5.02 m (scale=0.01, up=Z)
[scene_gen] measured car: Nissan_Fairlady_Z_S30240Z_1978.usdz -> 1.78 x 4.19 m (scale=0.015, up=Y)
[scene_gen] City region 400×400 m (4 blocks, 0 parks, 7 road corridors)
[scene_gen] Placements by category: {'sidewalk': 1074, 'concrete': 10137, 'house': 72, 'human': 80, 'car': 44} (total 11407, 72 buildings, 0 damaged, 0 destroyed, 0 placeholder prisms)
[districts] 3 rings over 400x400 m: core, mid, edge
[scene_gen] measured house: Reference_Brownstone02.usd -> 21.06 x 6.76 m (scale=0.01, up=Z)
[scene_gen] measured house: Reference_Brownstone2Row.usd -> 21.10 x 13.41 m (scale=0.01, up=Z)
[scene_gen] measured house: Reference_Brownstone5Row.usd -> 21.11 x 33.36 m (scale=0.01, up=Z)
[scene_gen] measured house: Reference_Brownstone6Row.usd -> 21.11 x 40.01 m (scale=0.01, up=Z)
[scene_gen] measured house: Reference_Brownstone8Row.usd -> 21.11 x 53.30 m (scale=0.01, up=Z)
[scene_gen] measured house: Reference_Brownstone10Row.usd -> 21.11 x 66.61 m (scale=0.01, up=Z)
[scene_gen] measured house: Reference_Brownstone11Row.usd -> 21.11 x 73.41 m (scale=0.01, up=Z)
[scene_gen] measured house: Reference_Brownstone12Row.usd -> 21.11 x 80.06 m (scale=0.01, up=Z)
[scene_gen] measured house: Building_TypeD_A.usd -> 42.00 x 31.50 m (scale=1.0, up=Z)
[scene_gen] measured house: Building_TypeD_B.usd -> 52.00 x 32.00 m (scale=1.0, up=Z)
[scene_gen] measured house: Building_TypeA_B.usd -> 24.40 x 47.00 m (scale=1.0, up=Z)
[scene_gen] measured house: Building_TypeA_A.usd -> 25.00 x 39.67 m (scale=1.0, up=Z)
[scene_gen] measured house: Building_TypeB_B.usd -> 45.10 x 30.10 m (scale=1.0, up=Z)
[scene_gen] measured house: Building_TypeD_C.usd -> 72.00 x 32.00 m (scale=1.0, up=Z)
[scene_gen] measured house: Building_TypeB_C.usd -> 67.10 x 45.09 m (scale=1.0, up=Z)
[scene_gen] measured house: Building_TypeA_C.usd -> 50.19 x 41.57 m (scale=1.0, up=Z)
[scene_gen] measured house: Building_TypeC_A.usd -> 25.10 x 25.10 m (scale=1.0, up=Z)
[scene_gen] measured house: Building_TypeC_C.usd -> 33.10 x 49.10 m (scale=1.0, up=Z)
[scene_gen] measured house: Building_TypeC_D.usd -> 41.10 x 41.10 m (scale=1.0, up=Z)
[districts] rezoned 4 blocks -> 50 buildings (72 replaced, 0 paving tiles removed from terrace yards)   midrise=1  tower=3
[districts]   midrise   pool=13 blocks= 1 built= 1
[districts]   rowhouse  pool= 8 blocks= 0 built= 0  <- no block zoned for it
[districts]   tower     pool= 7 blocks= 3 built= 3
[districts] infill: 17 unbuilt gaps (14,038 m2) -> 15 buildings
[scene_gen] measured trail: SM_ground_mod_walk_tile_a_4m.usd -> 4.10 x 4.10 m (scale=1.02, up=Z)
[parks] no park blocks
REGION 400 blocks 4 buildings 65 rings True
   [('SM_MERGED_BP_MBuilding05.usd', 24), ('SM_MERGED_BP_MBuilding01.usd', 14), ('BG_Building_F.usd', 7), ('BG_Building_B.usd', 6), ('Building_TypeD_C.usd', 6), ('Building_TypeD_B.usd', 4), ('BG_Building_A.usd', 2), ('BG_Building_E.usd', 1)]
  block sizes [(387, 81), (387, 86), (387, 92), (387, 94)]
