=== BRANCH SYSTEM RUN commit=a5ff5723 date=2026-08-20 04:55:40 ===
[0;32m[INFO][0m Shutting down services: all
 Container isaac-sim Stopping 
 Container airstack-robot-desktop-1 Stopping 
 Container airstack-gcs-1 Stopping 
 Container airstack-gcs-1 Stopped 
 Container airstack-gcs-1 Removing 
 Container airstack-gcs-1 Removed 
 Container airstack-robot-desktop-1 Stopped 
 Container airstack-robot-desktop-1 Removing 
 Container airstack-robot-desktop-1 Removed 
 Container isaac-sim Stopped 
 Container isaac-sim Removing 
 Container isaac-sim Removed 
 Network airstack_airstack_network Removing 
 Network airstack_airstack_network Removed 
[0;32m[INFO][0m Services shutdown successfully
=== liveliness or sensors (isaacsim) ===
access control disabled, clients can connect from any host
 Image airlab-docker.andrew.cmu.edu/airstack/airstack:v0.19.0-alpha.17_tests Building 
 Image airlab-docker.andrew.cmu.edu/airstack/airstack:v0.19.0-alpha.17_tests Built 
 Container docker-test-run-6d14ebb97509 Creating 
 Container docker-test-run-6d14ebb97509 Created 
============================= test session starts ==============================
platform linux -- Python 3.12.14, pytest-9.1.1, pluggy-1.6.0 -- /usr/local/bin/python3.12
cachedir: /tmp/.pytest_cache
rootdir: /home/andrew/Development/AirStack/tests
configfile: pytest.ini
testpaths: .
plugins: dependency-0.6.1, timeout-2.4.0
collecting ... collected 265 items / 249 deselected / 16 selected

system/test_liveliness.py::TestLiveliness::test_robot_containers_running[isaacsim-rob#1-iter0] 
-------------------------------- live log setup --------------------------------
[08:55:53] INFO $ docker compose -f /home/andrew/Development/AirStack/docker-compose.yaml config --images
[08:55:53] INFO $ docker image inspect airlab-docker.andrew.cmu.edu/airstack/airstack:v0.19.0-alpha.17_isaac-sim --format '{{.Id}}'
[08:55:53] INFO $ docker image inspect airlab-docker.andrew.cmu.edu/airstack/airstack:v0.19.0-alpha.17_gcs --format '{{.Id}}'
[08:55:53] INFO $ docker image inspect airlab-docker.andrew.cmu.edu/airstack/airstack:v0.19.0-alpha.17_robot-x86-64_dev --format '{{.Id}}'
[08:55:53] INFO Shutting down any previously running stack
[08:55:53] INFO $ /home/andrew/Development/AirStack/airstack.sh down
[08:55:53] INFO Bringing up stack: sim=isaacsim num_robots=1 iter=0 headless=True
[08:55:53] INFO $ /home/andrew/Development/AirStack/airstack.sh up
[08:55:54] INFO airstack up returned 0 in 0.73s
-------------------------------- live log call ---------------------------------
[08:55:54] INFO $ docker ps --filter 'name=robot.*desktop' --format '{{.Names}}'
[08:55:54] INFO $ docker inspect -f '{{.State.Running}}' airstack-robot-desktop-1
PASSED                                                                   [  6%]
system/test_liveliness.py::TestLiveliness::test_sim_container_running[isaacsim-rob#1-iter0] 
-------------------------------- live log call ---------------------------------
[08:55:54] INFO $ docker inspect -f '{{.State.Running}}' isaac-sim
PASSED                                                                   [ 12%]
system/test_liveliness.py::TestLiveliness::test_gcs_container_running[isaacsim-rob#1-iter0] 
-------------------------------- live log call ---------------------------------
[08:55:54] INFO $ docker ps --filter name=gcs --format '{{.Names}}'
[08:55:54] INFO $ docker inspect -f '{{.State.Running}}' airstack-gcs-1
PASSED                                                                   [ 18%]
system/test_liveliness.py::TestLiveliness::test_sim_ready_time[isaacsim-rob#1-iter0] 
-------------------------------- live log call ---------------------------------
[08:55:54] INFO Probing /clock on domain 1 in isaac-sim (timeout=600s)
[08:55:54] INFO $ docker exec isaac-sim bash -c 'source /opt/ros/jazzy/setup.bash && source /opt/ros/jazzy/setup.bash && export ROS_DOMAIN_ID=1 && timeout 10 ros2 topic echo --once /clock'
[08:55:55] WARNING Attempt 1 failed for /clock, retrying
[08:55:57] INFO $ docker exec isaac-sim bash -c 'source /opt/ros/jazzy/setup.bash && source /opt/ros/jazzy/setup.bash && export ROS_DOMAIN_ID=1 && timeout 10 ros2 topic echo --once /clock'
[08:55:58] WARNING Attempt 2 failed for /clock, retrying
[08:56:00] INFO $ docker exec isaac-sim bash -c 'source /opt/ros/jazzy/setup.bash && source /opt/ros/jazzy/setup.bash && export ROS_DOMAIN_ID=1 && timeout 10 ros2 topic echo --once /clock'
[08:56:10] WARNING Attempt 3 failed for /clock, retrying
[08:56:12] INFO $ docker exec isaac-sim bash -c 'source /opt/ros/jazzy/setup.bash && source /opt/ros/jazzy/setup.bash && export ROS_DOMAIN_ID=1 && timeout 10 ros2 topic echo --once /clock'
[08:56:23] WARNING Attempt 4 failed for /clock, retrying
[08:56:25] INFO $ docker exec isaac-sim bash -c 'source /opt/ros/jazzy/setup.bash && source /opt/ros/jazzy/setup.bash && export ROS_DOMAIN_ID=1 && timeout 10 ros2 topic echo --once /clock'
[08:56:36] WARNING Attempt 5 failed for /clock, retrying
[08:56:38] INFO $ docker exec isaac-sim bash -c 'source /opt/ros/jazzy/setup.bash && source /opt/ros/jazzy/setup.bash && export ROS_DOMAIN_ID=1 && timeout 10 ros2 topic echo --once /clock'
[08:56:49] WARNING Attempt 6 failed for /clock, retrying
[08:56:51] INFO $ docker exec isaac-sim bash -c 'source /opt/ros/jazzy/setup.bash && source /opt/ros/jazzy/setup.bash && export ROS_DOMAIN_ID=1 && timeout 10 ros2 topic echo --once /clock'
[08:57:01] WARNING Attempt 7 failed for /clock, retrying
[08:57:03] INFO $ docker exec isaac-sim bash -c 'source /opt/ros/jazzy/setup.bash && source /opt/ros/jazzy/setup.bash && export ROS_DOMAIN_ID=1 && timeout 10 ros2 topic echo --once /clock'
[08:57:10] INFO Got first message on /clock after 76.03s (attempt 8)
PASSED                                                                   [ 25%]
system/test_liveliness.py::TestLiveliness::test_tmux_panes_have_expected_processes[isaacsim-rob#1-iter0] 
-------------------------------- live log call ---------------------------------
[08:57:10] INFO Listing tmux panes in isaac-sim
[08:57:10] INFO $ docker exec isaac-sim bash -c 'tmux list-panes -a -F '"'"'#{session_name}:#{window_name}|#{pane_pid}|#{pane_title}'"'"' | while IFS='"'"'|'"'"' read -r w pid t; do kids=$(pgrep -P "$pid" | wc -l); printf '"'"'%s|%s|%s|%s\n'"'"' "$w" "$pid" "$t" "$kids"; done'
[08:57:10] INFO $ docker ps --filter 'name=robot.*desktop' --format '{{.Names}}'
[08:57:10] INFO Listing tmux panes in airstack-robot-desktop-1
[08:57:10] INFO $ docker exec airstack-robot-desktop-1 bash -c 'tmux list-panes -a -F '"'"'#{session_name}:#{window_name}|#{pane_pid}|#{pane_title}'"'"' | while IFS='"'"'|'"'"' read -r w pid t; do kids=$(pgrep -P "$pid" | wc -l); printf '"'"'%s|%s|%s|%s\n'"'"' "$w" "$pid" "$t" "$kids"; done'
[08:57:10] INFO All tmux panes active (isaac-sim=1, airstack-robot-desktop-1=1)
PASSED                                                                   [ 31%]
system/test_liveliness.py::TestLiveliness::test_compute_usage[isaacsim-rob#1-iter0] 
-------------------------------- live log call ---------------------------------
[08:57:10] INFO Sampling compute usage
[08:57:10] INFO $ docker stats --no-stream --format '{{json .}}'
[08:57:13] INFO $ docker exec isaac-sim nvidia-smi --query-gpu=utilization.gpu,memory.used,temperature.gpu,power.draw --format=csv,noheader,nounits
[08:57:13] INFO Sampled 18 compute metrics
PASSED                                                                   [ 37%]
system/test_liveliness.py::TestLiveliness::test_sentinel_nodes_present[isaacsim-rob#1-iter0] 
-------------------------------- live log call ---------------------------------
[08:57:13] INFO $ docker ps --filter 'name=robot.*desktop' --format '{{.Names}}'
[08:57:13] INFO Checking sentinel nodes for robot_1 on domain 1 in airstack-robot-desktop-1
[08:57:13] INFO $ docker exec airstack-robot-desktop-1 bash -c 'source /opt/ros/jazzy/setup.bash && source /root/AirStack/robot/ros_ws/install/setup.bash && export ROS_DOMAIN_ID=1 && ros2 node list 2>/dev/null'
[08:57:14] WARNING robot_1 missing nodes: ['/robot_1/interface/mavros/mavros', '/robot_1/robot_state_publisher', '/robot_1/trajectory_controller/trajectory_control_node']
[08:57:19] INFO $ docker ps --filter 'name=robot.*desktop' --format '{{.Names}}'
[08:57:19] INFO Checking sentinel nodes for robot_1 on domain 1 in airstack-robot-desktop-1
[08:57:19] INFO $ docker exec airstack-robot-desktop-1 bash -c 'source /opt/ros/jazzy/setup.bash && source /root/AirStack/robot/ros_ws/install/setup.bash && export ROS_DOMAIN_ID=1 && ros2 node list 2>/dev/null'
[08:57:20] INFO All 3 sentinel nodes present
PASSED                                                                   [ 43%]
system/test_liveliness.py::TestLiveliness::test_stable[isaacsim-rob#1-iter0] 
-------------------------------- live log call ---------------------------------
[08:57:30] INFO Listing tmux panes in isaac-sim
[08:57:30] INFO $ docker exec isaac-sim bash -c 'tmux list-panes -a -F '"'"'#{session_name}:#{window_name}|#{pane_pid}|#{pane_title}'"'"' | while IFS='"'"'|'"'"' read -r w pid t; do kids=$(pgrep -P "$pid" | wc -l); printf '"'"'%s|%s|%s|%s\n'"'"' "$w" "$pid" "$t" "$kids"; done'
[08:57:30] INFO $ docker ps --filter 'name=robot.*desktop' --format '{{.Names}}'
[08:57:30] INFO Listing tmux panes in airstack-robot-desktop-1
[08:57:30] INFO $ docker exec airstack-robot-desktop-1 bash -c 'tmux list-panes -a -F '"'"'#{session_name}:#{window_name}|#{pane_pid}|#{pane_title}'"'"' | while IFS='"'"'|'"'"' read -r w pid t; do kids=$(pgrep -P "$pid" | wc -l); printf '"'"'%s|%s|%s|%s\n'"'"' "$w" "$pid" "$t" "$kids"; done'
[08:57:30] INFO All tmux panes active (isaac-sim=1, airstack-robot-desktop-1=1)
[08:57:30] INFO $ docker ps --filter 'name=robot.*desktop' --format '{{.Names}}'
[08:57:30] INFO Checking sentinel nodes for robot_1 on domain 1 in airstack-robot-desktop-1
[08:57:30] INFO $ docker exec airstack-robot-desktop-1 bash -c 'source /opt/ros/jazzy/setup.bash && source /root/AirStack/robot/ros_ws/install/setup.bash && export ROS_DOMAIN_ID=1 && ros2 node list 2>/dev/null'
[08:57:30] INFO All 3 sentinel nodes present
[08:57:30] INFO Sampling compute usage
[08:57:30] INFO $ docker stats --no-stream --format '{{json .}}'
[08:57:33] INFO $ docker exec isaac-sim nvidia-smi --query-gpu=utilization.gpu,memory.used,temperature.gpu,power.draw --format=csv,noheader,nounits
[08:57:33] INFO Sampled 18 compute metrics
[08:57:43] INFO Listing tmux panes in isaac-sim
[08:57:43] INFO $ docker exec isaac-sim bash -c 'tmux list-panes -a -F '"'"'#{session_name}:#{window_name}|#{pane_pid}|#{pane_title}'"'"' | while IFS='"'"'|'"'"' read -r w pid t; do kids=$(pgrep -P "$pid" | wc -l); printf '"'"'%s|%s|%s|%s\n'"'"' "$w" "$pid" "$t" "$kids"; done'
[08:57:43] INFO $ docker ps --filter 'name=robot.*desktop' --format '{{.Names}}'
[08:57:43] INFO Listing tmux panes in airstack-robot-desktop-1
[08:57:43] INFO $ docker exec airstack-robot-desktop-1 bash -c 'tmux list-panes -a -F '"'"'#{session_name}:#{window_name}|#{pane_pid}|#{pane_title}'"'"' | while IFS='"'"'|'"'"' read -r w pid t; do kids=$(pgrep -P "$pid" | wc -l); printf '"'"'%s|%s|%s|%s\n'"'"' "$w" "$pid" "$t" "$kids"; done'
[08:57:43] INFO All tmux panes active (isaac-sim=1, airstack-robot-desktop-1=1)
[08:57:43] INFO $ docker ps --filter 'name=robot.*desktop' --format '{{.Names}}'
[08:57:43] INFO Checking sentinel nodes for robot_1 on domain 1 in airstack-robot-desktop-1
[08:57:43] INFO $ docker exec airstack-robot-desktop-1 bash -c 'source /opt/ros/jazzy/setup.bash && source /root/AirStack/robot/ros_ws/install/setup.bash && export ROS_DOMAIN_ID=1 && ros2 node list 2>/dev/null'
[08:57:44] INFO All 3 sentinel nodes present
[08:57:44] INFO Sampling compute usage
[08:57:44] INFO $ docker stats --no-stream --format '{{json .}}'
[08:57:46] INFO $ docker exec isaac-sim nvidia-smi --query-gpu=utilization.gpu,memory.used,temperature.gpu,power.draw --format=csv,noheader,nounits
[08:57:46] INFO Sampled 18 compute metrics
[08:57:56] INFO Listing tmux panes in isaac-sim
[08:57:56] INFO $ docker exec isaac-sim bash -c 'tmux list-panes -a -F '"'"'#{session_name}:#{window_name}|#{pane_pid}|#{pane_title}'"'"' | while IFS='"'"'|'"'"' read -r w pid t; do kids=$(pgrep -P "$pid" | wc -l); printf '"'"'%s|%s|%s|%s\n'"'"' "$w" "$pid" "$t" "$kids"; done'
[08:57:56] INFO $ docker ps --filter 'name=robot.*desktop' --format '{{.Names}}'
[08:57:56] INFO Listing tmux panes in airstack-robot-desktop-1
[08:57:56] INFO $ docker exec airstack-robot-desktop-1 bash -c 'tmux list-panes -a -F '"'"'#{session_name}:#{window_name}|#{pane_pid}|#{pane_title}'"'"' | while IFS='"'"'|'"'"' read -r w pid t; do kids=$(pgrep -P "$pid" | wc -l); printf '"'"'%s|%s|%s|%s\n'"'"' "$w" "$pid" "$t" "$kids"; done'
[08:57:56] INFO All tmux panes active (isaac-sim=1, airstack-robot-desktop-1=1)
[08:57:56] INFO $ docker ps --filter 'name=robot.*desktop' --format '{{.Names}}'
[08:57:56] INFO Checking sentinel nodes for robot_1 on domain 1 in airstack-robot-desktop-1
[08:57:56] INFO $ docker exec airstack-robot-desktop-1 bash -c 'source /opt/ros/jazzy/setup.bash && source /root/AirStack/robot/ros_ws/install/setup.bash && export ROS_DOMAIN_ID=1 && ros2 node list 2>/dev/null'
[08:57:57] INFO All 3 sentinel nodes present
[08:57:57] INFO Sampling compute usage
[08:57:57] INFO $ docker stats --no-stream --format '{{json .}}'
[08:57:59] INFO $ docker exec isaac-sim nvidia-smi --query-gpu=utilization.gpu,memory.used,temperature.gpu,power.draw --format=csv,noheader,nounits
[08:57:59] INFO Sampled 18 compute metrics
[08:58:09] INFO Listing tmux panes in isaac-sim
[08:58:09] INFO $ docker exec isaac-sim bash -c 'tmux list-panes -a -F '"'"'#{session_name}:#{window_name}|#{pane_pid}|#{pane_title}'"'"' | while IFS='"'"'|'"'"' read -r w pid t; do kids=$(pgrep -P "$pid" | wc -l); printf '"'"'%s|%s|%s|%s\n'"'"' "$w" "$pid" "$t" "$kids"; done'
[08:58:09] INFO $ docker ps --filter 'name=robot.*desktop' --format '{{.Names}}'
[08:58:09] INFO Listing tmux panes in airstack-robot-desktop-1
[08:58:09] INFO $ docker exec airstack-robot-desktop-1 bash -c 'tmux list-panes -a -F '"'"'#{session_name}:#{window_name}|#{pane_pid}|#{pane_title}'"'"' | while IFS='"'"'|'"'"' read -r w pid t; do kids=$(pgrep -P "$pid" | wc -l); printf '"'"'%s|%s|%s|%s\n'"'"' "$w" "$pid" "$t" "$kids"; done'
[08:58:09] INFO All tmux panes active (isaac-sim=1, airstack-robot-desktop-1=1)
[08:58:09] INFO $ docker ps --filter 'name=robot.*desktop' --format '{{.Names}}'
[08:58:09] INFO Checking sentinel nodes for robot_1 on domain 1 in airstack-robot-desktop-1
[08:58:09] INFO $ docker exec airstack-robot-desktop-1 bash -c 'source /opt/ros/jazzy/setup.bash && source /root/AirStack/robot/ros_ws/install/setup.bash && export ROS_DOMAIN_ID=1 && ros2 node list 2>/dev/null'
[08:58:10] INFO All 3 sentinel nodes present
[08:58:10] INFO Sampling compute usage
[08:58:10] INFO $ docker stats --no-stream --format '{{json .}}'
[08:58:12] INFO $ docker exec isaac-sim nvidia-smi --query-gpu=utilization.gpu,memory.used,temperature.gpu,power.draw --format=csv,noheader,nounits
[08:58:12] INFO Sampled 18 compute metrics
[08:58:22] INFO Listing tmux panes in isaac-sim
[08:58:22] INFO $ docker exec isaac-sim bash -c 'tmux list-panes -a -F '"'"'#{session_name}:#{window_name}|#{pane_pid}|#{pane_title}'"'"' | while IFS='"'"'|'"'"' read -r w pid t; do kids=$(pgrep -P "$pid" | wc -l); printf '"'"'%s|%s|%s|%s\n'"'"' "$w" "$pid" "$t" "$kids"; done'
[08:58:22] INFO $ docker ps --filter 'name=robot.*desktop' --format '{{.Names}}'
[08:58:23] INFO Listing tmux panes in airstack-robot-desktop-1
[08:58:23] INFO $ docker exec airstack-robot-desktop-1 bash -c 'tmux list-panes -a -F '"'"'#{session_name}:#{window_name}|#{pane_pid}|#{pane_title}'"'"' | while IFS='"'"'|'"'"' read -r w pid t; do kids=$(pgrep -P "$pid" | wc -l); printf '"'"'%s|%s|%s|%s\n'"'"' "$w" "$pid" "$t" "$kids"; done'
[08:58:23] INFO All tmux panes active (isaac-sim=1, airstack-robot-desktop-1=1)
[08:58:23] INFO $ docker ps --filter 'name=robot.*desktop' --format '{{.Names}}'
[08:58:23] INFO Checking sentinel nodes for robot_1 on domain 1 in airstack-robot-desktop-1
[08:58:23] INFO $ docker exec airstack-robot-desktop-1 bash -c 'source /opt/ros/jazzy/setup.bash && source /root/AirStack/robot/ros_ws/install/setup.bash && export ROS_DOMAIN_ID=1 && ros2 node list 2>/dev/null'
[08:58:23] INFO All 3 sentinel nodes present
[08:58:23] INFO Sampling compute usage
[08:58:23] INFO $ docker stats --no-stream --format '{{json .}}'
[08:58:26] INFO $ docker exec isaac-sim nvidia-smi --query-gpu=utilization.gpu,memory.used,temperature.gpu,power.draw --format=csv,noheader,nounits
[08:58:26] INFO Sampled 18 compute metrics
[08:58:36] INFO Listing tmux panes in isaac-sim
[08:58:36] INFO $ docker exec isaac-sim bash -c 'tmux list-panes -a -F '"'"'#{session_name}:#{window_name}|#{pane_pid}|#{pane_title}'"'"' | while IFS='"'"'|'"'"' read -r w pid t; do kids=$(pgrep -P "$pid" | wc -l); printf '"'"'%s|%s|%s|%s\n'"'"' "$w" "$pid" "$t" "$kids"; done'
[08:58:36] INFO $ docker ps --filter 'name=robot.*desktop' --format '{{.Names}}'
[08:58:36] INFO Listing tmux panes in airstack-robot-desktop-1
[08:58:36] INFO $ docker exec airstack-robot-desktop-1 bash -c 'tmux list-panes -a -F '"'"'#{session_name}:#{window_name}|#{pane_pid}|#{pane_title}'"'"' | while IFS='"'"'|'"'"' read -r w pid t; do kids=$(pgrep -P "$pid" | wc -l); printf '"'"'%s|%s|%s|%s\n'"'"' "$w" "$pid" "$t" "$kids"; done'
[08:58:36] INFO All tmux panes active (isaac-sim=1, airstack-robot-desktop-1=1)
[08:58:36] INFO $ docker ps --filter 'name=robot.*desktop' --format '{{.Names}}'
[08:58:36] INFO Checking sentinel nodes for robot_1 on domain 1 in airstack-robot-desktop-1
[08:58:36] INFO $ docker exec airstack-robot-desktop-1 bash -c 'source /opt/ros/jazzy/setup.bash && source /root/AirStack/robot/ros_ws/install/setup.bash && export ROS_DOMAIN_ID=1 && ros2 node list 2>/dev/null'
[08:58:36] INFO All 3 sentinel nodes present
[08:58:36] INFO Sampling compute usage
[08:58:36] INFO $ docker stats --no-stream --format '{{json .}}'
[08:58:39] INFO $ docker exec isaac-sim nvidia-smi --query-gpu=utilization.gpu,memory.used,temperature.gpu,power.draw --format=csv,noheader,nounits
[08:58:39] INFO Sampled 18 compute metrics
[08:58:49] INFO Listing tmux panes in isaac-sim
[08:58:49] INFO $ docker exec isaac-sim bash -c 'tmux list-panes -a -F '"'"'#{session_name}:#{window_name}|#{pane_pid}|#{pane_title}'"'"' | while IFS='"'"'|'"'"' read -r w pid t; do kids=$(pgrep -P "$pid" | wc -l); printf '"'"'%s|%s|%s|%s\n'"'"' "$w" "$pid" "$t" "$kids"; done'
[08:58:49] INFO $ docker ps --filter 'name=robot.*desktop' --format '{{.Names}}'
[08:58:49] INFO Listing tmux panes in airstack-robot-desktop-1
[08:58:49] INFO $ docker exec airstack-robot-desktop-1 bash -c 'tmux list-panes -a -F '"'"'#{session_name}:#{window_name}|#{pane_pid}|#{pane_title}'"'"' | while IFS='"'"'|'"'"' read -r w pid t; do kids=$(pgrep -P "$pid" | wc -l); printf '"'"'%s|%s|%s|%s\n'"'"' "$w" "$pid" "$t" "$kids"; done'
[08:58:49] INFO All tmux panes active (isaac-sim=1, airstack-robot-desktop-1=1)
[08:58:49] INFO $ docker ps --filter 'name=robot.*desktop' --format '{{.Names}}'
[08:58:49] INFO Checking sentinel nodes for robot_1 on domain 1 in airstack-robot-desktop-1
[08:58:49] INFO $ docker exec airstack-robot-desktop-1 bash -c 'source /opt/ros/jazzy/setup.bash && source /root/AirStack/robot/ros_ws/install/setup.bash && export ROS_DOMAIN_ID=1 && ros2 node list 2>/dev/null'
[08:58:49] INFO All 3 sentinel nodes present
[08:58:49] INFO Sampling compute usage
[08:58:49] INFO $ docker stats --no-stream --format '{{json .}}'
[08:58:52] INFO $ docker exec isaac-sim nvidia-smi --query-gpu=utilization.gpu,memory.used,temperature.gpu,power.draw --format=csv,noheader,nounits
[08:58:52] INFO Sampled 18 compute metrics
[08:59:02] INFO Listing tmux panes in isaac-sim
[08:59:02] INFO $ docker exec isaac-sim bash -c 'tmux list-panes -a -F '"'"'#{session_name}:#{window_name}|#{pane_pid}|#{pane_title}'"'"' | while IFS='"'"'|'"'"' read -r w pid t; do kids=$(pgrep -P "$pid" | wc -l); printf '"'"'%s|%s|%s|%s\n'"'"' "$w" "$pid" "$t" "$kids"; done'
[08:59:02] INFO $ docker ps --filter 'name=robot.*desktop' --format '{{.Names}}'
[08:59:02] INFO Listing tmux panes in airstack-robot-desktop-1
[08:59:02] INFO $ docker exec airstack-robot-desktop-1 bash -c 'tmux list-panes -a -F '"'"'#{session_name}:#{window_name}|#{pane_pid}|#{pane_title}'"'"' | while IFS='"'"'|'"'"' read -r w pid t; do kids=$(pgrep -P "$pid" | wc -l); printf '"'"'%s|%s|%s|%s\n'"'"' "$w" "$pid" "$t" "$kids"; done'
[08:59:02] INFO All tmux panes active (isaac-sim=1, airstack-robot-desktop-1=1)
[08:59:02] INFO $ docker ps --filter 'name=robot.*desktop' --format '{{.Names}}'
[08:59:02] INFO Checking sentinel nodes for robot_1 on domain 1 in airstack-robot-desktop-1
[08:59:02] INFO $ docker exec airstack-robot-desktop-1 bash -c 'source /opt/ros/jazzy/setup.bash && source /root/AirStack/robot/ros_ws/install/setup.bash && export ROS_DOMAIN_ID=1 && ros2 node list 2>/dev/null'
[08:59:03] INFO All 3 sentinel nodes present
[08:59:03] INFO Sampling compute usage
[08:59:03] INFO $ docker stats --no-stream --format '{{json .}}'
[08:59:05] INFO $ docker exec isaac-sim nvidia-smi --query-gpu=utilization.gpu,memory.used,temperature.gpu,power.draw --format=csv,noheader,nounits
[08:59:05] INFO Sampled 18 compute metrics
[08:59:15] INFO Listing tmux panes in isaac-sim
[08:59:15] INFO $ docker exec isaac-sim bash -c 'tmux list-panes -a -F '"'"'#{session_name}:#{window_name}|#{pane_pid}|#{pane_title}'"'"' | while IFS='"'"'|'"'"' read -r w pid t; do kids=$(pgrep -P "$pid" | wc -l); printf '"'"'%s|%s|%s|%s\n'"'"' "$w" "$pid" "$t" "$kids"; done'
[08:59:15] INFO $ docker ps --filter 'name=robot.*desktop' --format '{{.Names}}'
[08:59:15] INFO Listing tmux panes in airstack-robot-desktop-1
[08:59:15] INFO $ docker exec airstack-robot-desktop-1 bash -c 'tmux list-panes -a -F '"'"'#{session_name}:#{window_name}|#{pane_pid}|#{pane_title}'"'"' | while IFS='"'"'|'"'"' read -r w pid t; do kids=$(pgrep -P "$pid" | wc -l); printf '"'"'%s|%s|%s|%s\n'"'"' "$w" "$pid" "$t" "$kids"; done'
[08:59:15] INFO All tmux panes active (isaac-sim=1, airstack-robot-desktop-1=1)
[08:59:15] INFO $ docker ps --filter 'name=robot.*desktop' --format '{{.Names}}'
[08:59:15] INFO Checking sentinel nodes for robot_1 on domain 1 in airstack-robot-desktop-1
[08:59:15] INFO $ docker exec airstack-robot-desktop-1 bash -c 'source /opt/ros/jazzy/setup.bash && source /root/AirStack/robot/ros_ws/install/setup.bash && export ROS_DOMAIN_ID=1 && ros2 node list 2>/dev/null'
[08:59:16] INFO All 3 sentinel nodes present
[08:59:16] INFO Sampling compute usage
[08:59:16] INFO $ docker stats --no-stream --format '{{json .}}'
[08:59:18] INFO $ docker exec isaac-sim nvidia-smi --query-gpu=utilization.gpu,memory.used,temperature.gpu,power.draw --format=csv,noheader,nounits
[08:59:18] INFO Sampled 18 compute metrics
[08:59:28] INFO Listing tmux panes in isaac-sim
[08:59:28] INFO $ docker exec isaac-sim bash -c 'tmux list-panes -a -F '"'"'#{session_name}:#{window_name}|#{pane_pid}|#{pane_title}'"'"' | while IFS='"'"'|'"'"' read -r w pid t; do kids=$(pgrep -P "$pid" | wc -l); printf '"'"'%s|%s|%s|%s\n'"'"' "$w" "$pid" "$t" "$kids"; done'
[08:59:28] INFO $ docker ps --filter 'name=robot.*desktop' --format '{{.Names}}'
[08:59:28] INFO Listing tmux panes in airstack-robot-desktop-1
[08:59:28] INFO $ docker exec airstack-robot-desktop-1 bash -c 'tmux list-panes -a -F '"'"'#{session_name}:#{window_name}|#{pane_pid}|#{pane_title}'"'"' | while IFS='"'"'|'"'"' read -r w pid t; do kids=$(pgrep -P "$pid" | wc -l); printf '"'"'%s|%s|%s|%s\n'"'"' "$w" "$pid" "$t" "$kids"; done'
[08:59:28] INFO All tmux panes active (isaac-sim=1, airstack-robot-desktop-1=1)
[08:59:28] INFO $ docker ps --filter 'name=robot.*desktop' --format '{{.Names}}'
[08:59:28] INFO Checking sentinel nodes for robot_1 on domain 1 in airstack-robot-desktop-1
[08:59:28] INFO $ docker exec airstack-robot-desktop-1 bash -c 'source /opt/ros/jazzy/setup.bash && source /root/AirStack/robot/ros_ws/install/setup.bash && export ROS_DOMAIN_ID=1 && ros2 node list 2>/dev/null'
[08:59:29] INFO All 3 sentinel nodes present
[08:59:29] INFO Sampling compute usage
[08:59:29] INFO $ docker stats --no-stream --format '{{json .}}'
[08:59:31] INFO $ docker exec isaac-sim nvidia-smi --query-gpu=utilization.gpu,memory.used,temperature.gpu,power.draw --format=csv,noheader,nounits
[08:59:31] INFO Sampled 18 compute metrics
[08:59:41] INFO Listing tmux panes in isaac-sim
[08:59:41] INFO $ docker exec isaac-sim bash -c 'tmux list-panes -a -F '"'"'#{session_name}:#{window_name}|#{pane_pid}|#{pane_title}'"'"' | while IFS='"'"'|'"'"' read -r w pid t; do kids=$(pgrep -P "$pid" | wc -l); printf '"'"'%s|%s|%s|%s\n'"'"' "$w" "$pid" "$t" "$kids"; done'
[08:59:41] INFO $ docker ps --filter 'name=robot.*desktop' --format '{{.Names}}'
[08:59:41] INFO Listing tmux panes in airstack-robot-desktop-1
[08:59:41] INFO $ docker exec airstack-robot-desktop-1 bash -c 'tmux list-panes -a -F '"'"'#{session_name}:#{window_name}|#{pane_pid}|#{pane_title}'"'"' | while IFS='"'"'|'"'"' read -r w pid t; do kids=$(pgrep -P "$pid" | wc -l); printf '"'"'%s|%s|%s|%s\n'"'"' "$w" "$pid" "$t" "$kids"; done'
[08:59:42] INFO All tmux panes active (isaac-sim=1, airstack-robot-desktop-1=1)
[08:59:42] INFO $ docker ps --filter 'name=robot.*desktop' --format '{{.Names}}'
[08:59:42] INFO Checking sentinel nodes for robot_1 on domain 1 in airstack-robot-desktop-1
[08:59:42] INFO $ docker exec airstack-robot-desktop-1 bash -c 'source /opt/ros/jazzy/setup.bash && source /root/AirStack/robot/ros_ws/install/setup.bash && export ROS_DOMAIN_ID=1 && ros2 node list 2>/dev/null'
[08:59:42] INFO All 3 sentinel nodes present
[08:59:42] INFO Sampling compute usage
[08:59:42] INFO $ docker stats --no-stream --format '{{json .}}'
[08:59:45] INFO $ docker exec isaac-sim nvidia-smi --query-gpu=utilization.gpu,memory.used,temperature.gpu,power.draw --format=csv,noheader,nounits
[08:59:45] INFO Sampled 18 compute metrics
[08:59:55] INFO Listing tmux panes in isaac-sim
[08:59:55] INFO $ docker exec isaac-sim bash -c 'tmux list-panes -a -F '"'"'#{session_name}:#{window_name}|#{pane_pid}|#{pane_title}'"'"' | while IFS='"'"'|'"'"' read -r w pid t; do kids=$(pgrep -P "$pid" | wc -l); printf '"'"'%s|%s|%s|%s\n'"'"' "$w" "$pid" "$t" "$kids"; done'
[08:59:55] INFO $ docker ps --filter 'name=robot.*desktop' --format '{{.Names}}'
[08:59:55] INFO Listing tmux panes in airstack-robot-desktop-1
[08:59:55] INFO $ docker exec airstack-robot-desktop-1 bash -c 'tmux list-panes -a -F '"'"'#{session_name}:#{window_name}|#{pane_pid}|#{pane_title}'"'"' | while IFS='"'"'|'"'"' read -r w pid t; do kids=$(pgrep -P "$pid" | wc -l); printf '"'"'%s|%s|%s|%s\n'"'"' "$w" "$pid" "$t" "$kids"; done'
[08:59:55] INFO All tmux panes active (isaac-sim=1, airstack-robot-desktop-1=1)
[08:59:55] INFO $ docker ps --filter 'name=robot.*desktop' --format '{{.Names}}'
[08:59:55] INFO Checking sentinel nodes for robot_1 on domain 1 in airstack-robot-desktop-1
[08:59:55] INFO $ docker exec airstack-robot-desktop-1 bash -c 'source /opt/ros/jazzy/setup.bash && source /root/AirStack/robot/ros_ws/install/setup.bash && export ROS_DOMAIN_ID=1 && ros2 node list 2>/dev/null'
[08:59:55] INFO All 3 sentinel nodes present
[08:59:55] INFO Sampling compute usage
[08:59:55] INFO $ docker stats --no-stream --format '{{json .}}'
[08:59:58] INFO $ docker exec isaac-sim nvidia-smi --query-gpu=utilization.gpu,memory.used,temperature.gpu,power.draw --format=csv,noheader,nounits
[08:59:58] INFO Sampled 18 compute metrics
PASSED                                                                   [ 50%]
------------------------------ live log teardown -------------------------------
[08:59:58] INFO Tearing down stack
[08:59:58] INFO $ /home/andrew/Development/AirStack/airstack.sh down
[09:00:09] INFO Teardown finished in 11.27s

system/test_sensors.py::TestSensors::test_sim_clock_available[isaacsim-rob#1-iter0] 
-------------------------------- live log setup --------------------------------
[09:00:09] INFO $ docker compose -f /home/andrew/Development/AirStack/docker-compose.yaml config --images
[09:00:09] INFO $ docker image inspect airlab-docker.andrew.cmu.edu/airstack/airstack:v0.19.0-alpha.17_isaac-sim --format '{{.Id}}'
[09:00:09] INFO $ docker image inspect airlab-docker.andrew.cmu.edu/airstack/airstack:v0.19.0-alpha.17_robot-x86-64_dev --format '{{.Id}}'
[09:00:09] INFO $ docker image inspect airlab-docker.andrew.cmu.edu/airstack/airstack:v0.19.0-alpha.17_gcs --format '{{.Id}}'
[09:00:09] INFO Shutting down any previously running stack
[09:00:09] INFO $ /home/andrew/Development/AirStack/airstack.sh down
[09:00:09] INFO Bringing up stack: sim=isaacsim num_robots=1 iter=0 headless=True
[09:00:09] INFO $ /home/andrew/Development/AirStack/airstack.sh up
[09:00:10] INFO airstack up returned 0 in 0.76s
-------------------------------- live log call ---------------------------------
[09:00:10] INFO Probing /clock on domain 1 in isaac-sim (timeout=600s)
[09:00:10] INFO $ docker exec isaac-sim bash -c 'source /opt/ros/jazzy/setup.bash && source /opt/ros/jazzy/setup.bash && export ROS_DOMAIN_ID=1 && timeout 10 ros2 topic echo --once /clock'
[09:00:11] WARNING Attempt 1 failed for /clock, retrying
[09:00:13] INFO $ docker exec isaac-sim bash -c 'source /opt/ros/jazzy/setup.bash && source /opt/ros/jazzy/setup.bash && export ROS_DOMAIN_ID=1 && timeout 10 ros2 topic echo --once /clock'
[09:00:14] WARNING Attempt 2 failed for /clock, retrying
[09:00:16] INFO $ docker exec isaac-sim bash -c 'source /opt/ros/jazzy/setup.bash && source /opt/ros/jazzy/setup.bash && export ROS_DOMAIN_ID=1 && timeout 10 ros2 topic echo --once /clock'
[09:00:26] WARNING Attempt 3 failed for /clock, retrying
[09:00:28] INFO $ docker exec isaac-sim bash -c 'source /opt/ros/jazzy/setup.bash && source /opt/ros/jazzy/setup.bash && export ROS_DOMAIN_ID=1 && timeout 10 ros2 topic echo --once /clock'
[09:00:39] WARNING Attempt 4 failed for /clock, retrying
[09:00:41] INFO $ docker exec isaac-sim bash -c 'source /opt/ros/jazzy/setup.bash && source /opt/ros/jazzy/setup.bash && export ROS_DOMAIN_ID=1 && timeout 10 ros2 topic echo --once /clock'
[09:00:52] WARNING Attempt 5 failed for /clock, retrying
[09:00:54] INFO $ docker exec isaac-sim bash -c 'source /opt/ros/jazzy/setup.bash && source /opt/ros/jazzy/setup.bash && export ROS_DOMAIN_ID=1 && timeout 10 ros2 topic echo --once /clock'
[09:01:04] WARNING Attempt 6 failed for /clock, retrying
[09:01:06] INFO $ docker exec isaac-sim bash -c 'source /opt/ros/jazzy/setup.bash && source /opt/ros/jazzy/setup.bash && export ROS_DOMAIN_ID=1 && timeout 10 ros2 topic echo --once /clock'
[09:01:17] WARNING Attempt 7 failed for /clock, retrying
[09:01:19] INFO $ docker exec isaac-sim bash -c 'source /opt/ros/jazzy/setup.bash && source /opt/ros/jazzy/setup.bash && export ROS_DOMAIN_ID=1 && timeout 10 ros2 topic echo --once /clock'
[09:01:23] INFO Got first message on /clock after 72.78s (attempt 8)
PASSED                                                                   [ 56%]
system/test_sensors.py::TestSensors::test_sentinel_nodes_present[isaacsim-rob#1-iter0] 
-------------------------------- live log call ---------------------------------
[09:01:23] INFO $ docker ps --filter 'name=robot.*desktop' --format '{{.Names}}'
[09:01:23] INFO Checking sentinel nodes for robot_1 on domain 1 in airstack-robot-desktop-1
[09:01:23] INFO $ docker exec airstack-robot-desktop-1 bash -c 'source /opt/ros/jazzy/setup.bash && source /root/AirStack/robot/ros_ws/install/setup.bash && export ROS_DOMAIN_ID=1 && ros2 node list 2>/dev/null'
[09:01:24] WARNING robot_1 missing nodes: ['/robot_1/interface/mavros/mavros', '/robot_1/robot_state_publisher', '/robot_1/trajectory_controller/trajectory_control_node']
[09:01:29] INFO $ docker ps --filter 'name=robot.*desktop' --format '{{.Names}}'
[09:01:29] INFO Checking sentinel nodes for robot_1 on domain 1 in airstack-robot-desktop-1
[09:01:29] INFO $ docker exec airstack-robot-desktop-1 bash -c 'source /opt/ros/jazzy/setup.bash && source /root/AirStack/robot/ros_ws/install/setup.bash && export ROS_DOMAIN_ID=1 && ros2 node list 2>/dev/null'
[09:01:30] INFO All 3 sentinel nodes present
PASSED                                                                   [ 62%]
system/test_sensors.py::TestSensors::test_sim_topic_publish_rates[isaacsim-rob#1-iter0] 
-------------------------------- live log call ---------------------------------
[09:01:30] INFO Sampling Hz for 5 sim-side topics (duration=10s)
[09:01:30] INFO Isaac sim Hz: batch 1 — 1 /clock topic(s)
[09:01:30] INFO $ docker exec isaac-sim bash -c 'source /opt/ros/jazzy/setup.bash
source /opt/ros/jazzy/setup.bash
(ROS_DOMAIN_ID=1 timeout 10 ros2 topic hz --window 5 /clock > /tmp/hz_0.out 2>&1) &
wait
echo '"'"'===FILE /tmp/hz_0.out==='"'"'
cat /tmp/hz_0.out 2>/dev/null || true'
[09:01:40] INFO Isaac sim Hz: stereo image chunk 1/1 — 2 topic(s)
[09:01:40] INFO $ docker exec isaac-sim bash -c 'source /opt/ros/jazzy/setup.bash
source /opt/ros/jazzy/setup.bash
(ROS_DOMAIN_ID=1 timeout 10 ros2 topic hz --window 5 /robot_1/sensors/front_stereo/left/image_rect > /tmp/hz_0.out 2>&1) &
(ROS_DOMAIN_ID=1 timeout 10 ros2 topic hz --window 5 /robot_1/sensors/front_stereo/right/image_rect > /tmp/hz_1.out 2>&1) &
wait
echo '"'"'===FILE /tmp/hz_0.out==='"'"'
cat /tmp/hz_0.out 2>/dev/null || true
echo '"'"'===FILE /tmp/hz_1.out==='"'"'
cat /tmp/hz_1.out 2>/dev/null || true'
[09:01:50] INFO Isaac sim Hz: stereo depth chunk 1/1 — 2 topic(s)
[09:01:50] INFO $ docker exec isaac-sim bash -c 'source /opt/ros/jazzy/setup.bash
source /opt/ros/jazzy/setup.bash
(ROS_DOMAIN_ID=1 timeout 10 ros2 topic hz --window 5 /robot_1/sensors/front_stereo/left/depth_ground_truth > /tmp/hz_0.out 2>&1) &
(ROS_DOMAIN_ID=1 timeout 10 ros2 topic hz --window 5 /robot_1/sensors/front_stereo/right/depth_ground_truth > /tmp/hz_1.out 2>&1) &
wait
echo '"'"'===FILE /tmp/hz_0.out==='"'"'
cat /tmp/hz_0.out 2>/dev/null || true
echo '"'"'===FILE /tmp/hz_1.out==='"'"'
cat /tmp/hz_1.out 2>/dev/null || true'
[09:02:01] INFO 5 topics healthy
PASSED                                                                   [ 68%]
system/test_sensors.py::TestSensors::test_robot_stereo_bridge_rates[isaacsim-rob#1-iter0] 
-------------------------------- live log call ---------------------------------
[09:02:01] INFO $ docker ps --filter 'name=robot.*desktop' --format '{{.Names}}'
[09:02:01] INFO Sampling Hz for 4 robot-side stereo/depth topics (duration=10s)
[09:02:01] INFO Isaac robot Hz: stereo image chunk 1/1 — 2 topic(s)
[09:02:01] INFO $ docker exec airstack-robot-desktop-1 bash -c 'source /opt/ros/jazzy/setup.bash
source /root/AirStack/robot/ros_ws/install/setup.bash
(ROS_DOMAIN_ID=1 timeout 10 ros2 topic hz --window 5 /robot_1/sensors/front_stereo/left/image_rect > /tmp/hz_0.out 2>&1) &
(ROS_DOMAIN_ID=1 timeout 10 ros2 topic hz --window 5 /robot_1/sensors/front_stereo/right/image_rect > /tmp/hz_1.out 2>&1) &
wait
echo '"'"'===FILE /tmp/hz_0.out==='"'"'
cat /tmp/hz_0.out 2>/dev/null || true
echo '"'"'===FILE /tmp/hz_1.out==='"'"'
cat /tmp/hz_1.out 2>/dev/null || true'
[09:02:11] INFO Isaac robot Hz: stereo depth chunk 1/1 — 2 topic(s)
[09:02:11] INFO $ docker exec airstack-robot-desktop-1 bash -c 'source /opt/ros/jazzy/setup.bash
source /root/AirStack/robot/ros_ws/install/setup.bash
(ROS_DOMAIN_ID=1 timeout 10 ros2 topic hz --window 5 /robot_1/sensors/front_stereo/left/depth_ground_truth > /tmp/hz_0.out 2>&1) &
(ROS_DOMAIN_ID=1 timeout 10 ros2 topic hz --window 5 /robot_1/sensors/front_stereo/right/depth_ground_truth > /tmp/hz_1.out 2>&1) &
wait
echo '"'"'===FILE /tmp/hz_0.out==='"'"'
cat /tmp/hz_0.out 2>/dev/null || true
echo '"'"'===FILE /tmp/hz_1.out==='"'"'
cat /tmp/hz_1.out 2>/dev/null || true'
[09:02:22] INFO 4 robot stereo/depth topics healthy
PASSED                                                                   [ 75%]
system/test_sensors.py::TestSensors::test_robot_filtered_lidar_stream[isaacsim-rob#1-iter0] 
-------------------------------- live log call ---------------------------------
[09:02:22] INFO $ docker ps --filter 'name=robot.*desktop' --format '{{.Names}}'
[09:02:22] INFO $ docker ps --filter 'name=robot.*desktop' --format '{{.Names}}'
[09:02:22] INFO Filtered LiDAR: echo-once for 1 topic(s) (isaacsim, timeout=40s per topic)
[09:02:22] INFO $ docker exec airstack-robot-desktop-1 bash -c 'source /opt/ros/jazzy/setup.bash && source /root/AirStack/robot/ros_ws/install/setup.bash && export ROS_DOMAIN_ID=1 && timeout 40 ros2 topic echo --once /robot_1/sensors/ouster/point_cloud'
[09:02:25] INFO 1 robot lidar topic(s) received a message
PASSED                                                                   [ 81%]
system/test_sensors.py::TestSensors::test_sim_clock_realtime_factor[isaacsim-rob#1-iter0] 
-------------------------------- live log call ---------------------------------
[09:02:25] INFO RTF: reading initial /clock from isaac-sim
[09:02:25] INFO $ docker exec isaac-sim bash -c 'source /opt/ros/jazzy/setup.bash && source /opt/ros/jazzy/setup.bash && export ROS_DOMAIN_ID=1 && timeout 5 ros2 topic echo --once /clock'
[09:02:29] INFO RTF: initial sim_t=84.170, sleeping 20.0s
[09:02:49] INFO $ docker exec isaac-sim bash -c 'source /opt/ros/jazzy/setup.bash && source /opt/ros/jazzy/setup.bash && export ROS_DOMAIN_ID=1 && timeout 5 ros2 topic echo --once /clock'
[09:02:50] INFO RTF: final sim_t=111.620 (sim Δ=27.450s, wall Δ=21.101s)
[09:02:50] INFO RTF: 1.301
PASSED                                                                   [ 87%]
system/test_sensors.py::TestSensors::test_lidar_filtered_cloud_sanity[isaacsim-rob#1-iter0] 
-------------------------------- live log call ---------------------------------
[09:02:50] INFO $ docker ps --filter 'name=robot.*desktop' --format '{{.Names}}'
[09:02:50] INFO Lidar cloud sanity robot_1 in airstack-robot-desktop-1
[09:02:50] INFO $ docker exec airstack-robot-desktop-1 bash -c 'source /opt/ros/jazzy/setup.bash && source /root/AirStack/robot/ros_ws/install/setup.bash && export ROS_DOMAIN_ID=1 && python3 /root/AirStack/robot/ros_ws/src/sensors/lidar_point_cloud_filter/scripts/validate_lidar_filter_clouds.py --robot-num 1'
PASSED                                                                   [ 93%]
system/test_sensors.py::TestSensors::test_sensor_streams_stable[isaacsim-rob#1-iter0] 
-------------------------------- live log call ---------------------------------
[09:03:04] INFO Sampling Hz for 5 sim-side topics (duration=5s)
[09:03:04] INFO Isaac sim Hz: batch 1 — 1 /clock topic(s)
[09:03:04] INFO $ docker exec isaac-sim bash -c 'source /opt/ros/jazzy/setup.bash
source /opt/ros/jazzy/setup.bash
(ROS_DOMAIN_ID=1 timeout 5 ros2 topic hz --window 5 /clock > /tmp/hz_0.out 2>&1) &
wait
echo '"'"'===FILE /tmp/hz_0.out==='"'"'
cat /tmp/hz_0.out 2>/dev/null || true'
[09:03:09] INFO Isaac sim Hz: stereo image chunk 1/1 — 2 topic(s)
[09:03:09] INFO $ docker exec isaac-sim bash -c 'source /opt/ros/jazzy/setup.bash
source /opt/ros/jazzy/setup.bash
(ROS_DOMAIN_ID=1 timeout 5 ros2 topic hz --window 5 /robot_1/sensors/front_stereo/left/image_rect > /tmp/hz_0.out 2>&1) &
(ROS_DOMAIN_ID=1 timeout 5 ros2 topic hz --window 5 /robot_1/sensors/front_stereo/right/image_rect > /tmp/hz_1.out 2>&1) &
wait
echo '"'"'===FILE /tmp/hz_0.out==='"'"'
cat /tmp/hz_0.out 2>/dev/null || true
echo '"'"'===FILE /tmp/hz_1.out==='"'"'
cat /tmp/hz_1.out 2>/dev/null || true'
[09:03:15] INFO Isaac sim Hz: stereo depth chunk 1/1 — 2 topic(s)
[09:03:15] INFO $ docker exec isaac-sim bash -c 'source /opt/ros/jazzy/setup.bash
source /opt/ros/jazzy/setup.bash
(ROS_DOMAIN_ID=1 timeout 5 ros2 topic hz --window 5 /robot_1/sensors/front_stereo/left/depth_ground_truth > /tmp/hz_0.out 2>&1) &
(ROS_DOMAIN_ID=1 timeout 5 ros2 topic hz --window 5 /robot_1/sensors/front_stereo/right/depth_ground_truth > /tmp/hz_1.out 2>&1) &
wait
echo '"'"'===FILE /tmp/hz_0.out==='"'"'
cat /tmp/hz_0.out 2>/dev/null || true
echo '"'"'===FILE /tmp/hz_1.out==='"'"'
cat /tmp/hz_1.out 2>/dev/null || true'
[09:03:20] INFO 5 topics healthy
[09:03:20] INFO $ docker ps --filter 'name=robot.*desktop' --format '{{.Names}}'
[09:03:20] INFO Sampling Hz for 4 robot-side stereo/depth topics (duration=5s)
[09:03:20] INFO Isaac robot Hz: stereo image chunk 1/1 — 2 topic(s)
[09:03:20] INFO $ docker exec airstack-robot-desktop-1 bash -c 'source /opt/ros/jazzy/setup.bash
source /root/AirStack/robot/ros_ws/install/setup.bash
(ROS_DOMAIN_ID=1 timeout 5 ros2 topic hz --window 5 /robot_1/sensors/front_stereo/left/image_rect > /tmp/hz_0.out 2>&1) &
(ROS_DOMAIN_ID=1 timeout 5 ros2 topic hz --window 5 /robot_1/sensors/front_stereo/right/image_rect > /tmp/hz_1.out 2>&1) &
wait
echo '"'"'===FILE /tmp/hz_0.out==='"'"'
cat /tmp/hz_0.out 2>/dev/null || true
echo '"'"'===FILE /tmp/hz_1.out==='"'"'
cat /tmp/hz_1.out 2>/dev/null || true'
[09:03:25] INFO Isaac robot Hz: stereo depth chunk 1/1 — 2 topic(s)
[09:03:25] INFO $ docker exec airstack-robot-desktop-1 bash -c 'source /opt/ros/jazzy/setup.bash
source /root/AirStack/robot/ros_ws/install/setup.bash
(ROS_DOMAIN_ID=1 timeout 5 ros2 topic hz --window 5 /robot_1/sensors/front_stereo/left/depth_ground_truth > /tmp/hz_0.out 2>&1) &
(ROS_DOMAIN_ID=1 timeout 5 ros2 topic hz --window 5 /robot_1/sensors/front_stereo/right/depth_ground_truth > /tmp/hz_1.out 2>&1) &
wait
echo '"'"'===FILE /tmp/hz_0.out==='"'"'
cat /tmp/hz_0.out 2>/dev/null || true
echo '"'"'===FILE /tmp/hz_1.out==='"'"'
cat /tmp/hz_1.out 2>/dev/null || true'
[09:03:31] INFO 4 robot stereo/depth topics healthy
[09:03:31] INFO $ docker ps --filter 'name=robot.*desktop' --format '{{.Names}}'
[09:03:31] INFO $ docker ps --filter 'name=robot.*desktop' --format '{{.Names}}'
[09:03:31] INFO Filtered LiDAR: echo-once for 1 topic(s) (isaacsim, timeout=40s per topic)
[09:03:31] INFO $ docker exec airstack-robot-desktop-1 bash -c 'source /opt/ros/jazzy/setup.bash && source /root/AirStack/robot/ros_ws/install/setup.bash && export ROS_DOMAIN_ID=1 && timeout 40 ros2 topic echo --once /robot_1/sensors/ouster/point_cloud'
[09:03:34] INFO 1 robot lidar topic(s) received a message
[09:03:44] INFO Sampling Hz for 5 sim-side topics (duration=5s)
[09:03:44] INFO Isaac sim Hz: batch 1 — 1 /clock topic(s)
[09:03:44] INFO $ docker exec isaac-sim bash -c 'source /opt/ros/jazzy/setup.bash
source /opt/ros/jazzy/setup.bash
(ROS_DOMAIN_ID=1 timeout 5 ros2 topic hz --window 5 /clock > /tmp/hz_0.out 2>&1) &
wait
echo '"'"'===FILE /tmp/hz_0.out==='"'"'
cat /tmp/hz_0.out 2>/dev/null || true'
[09:03:50] INFO Isaac sim Hz: stereo image chunk 1/1 — 2 topic(s)
[09:03:50] INFO $ docker exec isaac-sim bash -c 'source /opt/ros/jazzy/setup.bash
source /opt/ros/jazzy/setup.bash
(ROS_DOMAIN_ID=1 timeout 5 ros2 topic hz --window 5 /robot_1/sensors/front_stereo/left/image_rect > /tmp/hz_0.out 2>&1) &
(ROS_DOMAIN_ID=1 timeout 5 ros2 topic hz --window 5 /robot_1/sensors/front_stereo/right/image_rect > /tmp/hz_1.out 2>&1) &
wait
echo '"'"'===FILE /tmp/hz_0.out==='"'"'
cat /tmp/hz_0.out 2>/dev/null || true
echo '"'"'===FILE /tmp/hz_1.out==='"'"'
cat /tmp/hz_1.out 2>/dev/null || true'
[09:03:55] INFO Isaac sim Hz: stereo depth chunk 1/1 — 2 topic(s)
[09:03:55] INFO $ docker exec isaac-sim bash -c 'source /opt/ros/jazzy/setup.bash
source /opt/ros/jazzy/setup.bash
(ROS_DOMAIN_ID=1 timeout 5 ros2 topic hz --window 5 /robot_1/sensors/front_stereo/left/depth_ground_truth > /tmp/hz_0.out 2>&1) &
(ROS_DOMAIN_ID=1 timeout 5 ros2 topic hz --window 5 /robot_1/sensors/front_stereo/right/depth_ground_truth > /tmp/hz_1.out 2>&1) &
wait
echo '"'"'===FILE /tmp/hz_0.out==='"'"'
cat /tmp/hz_0.out 2>/dev/null || true
echo '"'"'===FILE /tmp/hz_1.out==='"'"'
cat /tmp/hz_1.out 2>/dev/null || true'
[09:04:01] INFO 5 topics healthy
[09:04:01] INFO $ docker ps --filter 'name=robot.*desktop' --format '{{.Names}}'
[09:04:01] INFO Sampling Hz for 4 robot-side stereo/depth topics (duration=5s)
[09:04:01] INFO Isaac robot Hz: stereo image chunk 1/1 — 2 topic(s)
[09:04:01] INFO $ docker exec airstack-robot-desktop-1 bash -c 'source /opt/ros/jazzy/setup.bash
source /root/AirStack/robot/ros_ws/install/setup.bash
(ROS_DOMAIN_ID=1 timeout 5 ros2 topic hz --window 5 /robot_1/sensors/front_stereo/left/image_rect > /tmp/hz_0.out 2>&1) &
(ROS_DOMAIN_ID=1 timeout 5 ros2 topic hz --window 5 /robot_1/sensors/front_stereo/right/image_rect > /tmp/hz_1.out 2>&1) &
wait
echo '"'"'===FILE /tmp/hz_0.out==='"'"'
cat /tmp/hz_0.out 2>/dev/null || true
echo '"'"'===FILE /tmp/hz_1.out==='"'"'
cat /tmp/hz_1.out 2>/dev/null || true'
[09:04:06] INFO Isaac robot Hz: stereo depth chunk 1/1 — 2 topic(s)
[09:04:06] INFO $ docker exec airstack-robot-desktop-1 bash -c 'source /opt/ros/jazzy/setup.bash
source /root/AirStack/robot/ros_ws/install/setup.bash
(ROS_DOMAIN_ID=1 timeout 5 ros2 topic hz --window 5 /robot_1/sensors/front_stereo/left/depth_ground_truth > /tmp/hz_0.out 2>&1) &
(ROS_DOMAIN_ID=1 timeout 5 ros2 topic hz --window 5 /robot_1/sensors/front_stereo/right/depth_ground_truth > /tmp/hz_1.out 2>&1) &
wait
echo '"'"'===FILE /tmp/hz_0.out==='"'"'
cat /tmp/hz_0.out 2>/dev/null || true
echo '"'"'===FILE /tmp/hz_1.out==='"'"'
cat /tmp/hz_1.out 2>/dev/null || true'
[09:04:11] INFO 4 robot stereo/depth topics healthy
[09:04:11] INFO $ docker ps --filter 'name=robot.*desktop' --format '{{.Names}}'
[09:04:11] INFO $ docker ps --filter 'name=robot.*desktop' --format '{{.Names}}'
[09:04:11] INFO Filtered LiDAR: echo-once for 1 topic(s) (isaacsim, timeout=40s per topic)
[09:04:11] INFO $ docker exec airstack-robot-desktop-1 bash -c 'source /opt/ros/jazzy/setup.bash && source /root/AirStack/robot/ros_ws/install/setup.bash && export ROS_DOMAIN_ID=1 && timeout 40 ros2 topic echo --once /robot_1/sensors/ouster/point_cloud'
[09:04:13] INFO 1 robot lidar topic(s) received a message
[09:04:23] INFO Sampling Hz for 5 sim-side topics (duration=5s)
[09:04:23] INFO Isaac sim Hz: batch 1 — 1 /clock topic(s)
[09:04:23] INFO $ docker exec isaac-sim bash -c 'source /opt/ros/jazzy/setup.bash
source /opt/ros/jazzy/setup.bash
(ROS_DOMAIN_ID=1 timeout 5 ros2 topic hz --window 5 /clock > /tmp/hz_0.out 2>&1) &
wait
echo '"'"'===FILE /tmp/hz_0.out==='"'"'
cat /tmp/hz_0.out 2>/dev/null || true'
[09:04:29] INFO Isaac sim Hz: stereo image chunk 1/1 — 2 topic(s)
[09:04:29] INFO $ docker exec isaac-sim bash -c 'source /opt/ros/jazzy/setup.bash
source /opt/ros/jazzy/setup.bash
(ROS_DOMAIN_ID=1 timeout 5 ros2 topic hz --window 5 /robot_1/sensors/front_stereo/left/image_rect > /tmp/hz_0.out 2>&1) &
(ROS_DOMAIN_ID=1 timeout 5 ros2 topic hz --window 5 /robot_1/sensors/front_stereo/right/image_rect > /tmp/hz_1.out 2>&1) &
wait
echo '"'"'===FILE /tmp/hz_0.out==='"'"'
cat /tmp/hz_0.out 2>/dev/null || true
echo '"'"'===FILE /tmp/hz_1.out==='"'"'
cat /tmp/hz_1.out 2>/dev/null || true'
[09:04:34] INFO Isaac sim Hz: stereo depth chunk 1/1 — 2 topic(s)
[09:04:34] INFO $ docker exec isaac-sim bash -c 'source /opt/ros/jazzy/setup.bash
source /opt/ros/jazzy/setup.bash
(ROS_DOMAIN_ID=1 timeout 5 ros2 topic hz --window 5 /robot_1/sensors/front_stereo/left/depth_ground_truth > /tmp/hz_0.out 2>&1) &
(ROS_DOMAIN_ID=1 timeout 5 ros2 topic hz --window 5 /robot_1/sensors/front_stereo/right/depth_ground_truth > /tmp/hz_1.out 2>&1) &
wait
echo '"'"'===FILE /tmp/hz_0.out==='"'"'
cat /tmp/hz_0.out 2>/dev/null || true
echo '"'"'===FILE /tmp/hz_1.out==='"'"'
cat /tmp/hz_1.out 2>/dev/null || true'
[09:04:39] INFO 5 topics healthy
[09:04:39] INFO $ docker ps --filter 'name=robot.*desktop' --format '{{.Names}}'
[09:04:39] INFO Sampling Hz for 4 robot-side stereo/depth topics (duration=5s)
[09:04:39] INFO Isaac robot Hz: stereo image chunk 1/1 — 2 topic(s)
[09:04:39] INFO $ docker exec airstack-robot-desktop-1 bash -c 'source /opt/ros/jazzy/setup.bash
source /root/AirStack/robot/ros_ws/install/setup.bash
(ROS_DOMAIN_ID=1 timeout 5 ros2 topic hz --window 5 /robot_1/sensors/front_stereo/left/image_rect > /tmp/hz_0.out 2>&1) &
(ROS_DOMAIN_ID=1 timeout 5 ros2 topic hz --window 5 /robot_1/sensors/front_stereo/right/image_rect > /tmp/hz_1.out 2>&1) &
wait
echo '"'"'===FILE /tmp/hz_0.out==='"'"'
cat /tmp/hz_0.out 2>/dev/null || true
echo '"'"'===FILE /tmp/hz_1.out==='"'"'
cat /tmp/hz_1.out 2>/dev/null || true'
[09:04:45] INFO Isaac robot Hz: stereo depth chunk 1/1 — 2 topic(s)
[09:04:45] INFO $ docker exec airstack-robot-desktop-1 bash -c 'source /opt/ros/jazzy/setup.bash
source /root/AirStack/robot/ros_ws/install/setup.bash
(ROS_DOMAIN_ID=1 timeout 5 ros2 topic hz --window 5 /robot_1/sensors/front_stereo/left/depth_ground_truth > /tmp/hz_0.out 2>&1) &
(ROS_DOMAIN_ID=1 timeout 5 ros2 topic hz --window 5 /robot_1/sensors/front_stereo/right/depth_ground_truth > /tmp/hz_1.out 2>&1) &
wait
echo '"'"'===FILE /tmp/hz_0.out==='"'"'
cat /tmp/hz_0.out 2>/dev/null || true
echo '"'"'===FILE /tmp/hz_1.out==='"'"'
cat /tmp/hz_1.out 2>/dev/null || true'
[09:04:50] INFO 4 robot stereo/depth topics healthy
[09:04:50] INFO $ docker ps --filter 'name=robot.*desktop' --format '{{.Names}}'
[09:04:50] INFO $ docker ps --filter 'name=robot.*desktop' --format '{{.Names}}'
[09:04:50] INFO Filtered LiDAR: echo-once for 1 topic(s) (isaacsim, timeout=40s per topic)
[09:04:50] INFO $ docker exec airstack-robot-desktop-1 bash -c 'source /opt/ros/jazzy/setup.bash && source /root/AirStack/robot/ros_ws/install/setup.bash && export ROS_DOMAIN_ID=1 && timeout 40 ros2 topic echo --once /robot_1/sensors/ouster/point_cloud'
[09:04:52] INFO 1 robot lidar topic(s) received a message
[09:05:02] INFO Sampling Hz for 5 sim-side topics (duration=5s)
[09:05:02] INFO Isaac sim Hz: batch 1 — 1 /clock topic(s)
[09:05:02] INFO $ docker exec isaac-sim bash -c 'source /opt/ros/jazzy/setup.bash
source /opt/ros/jazzy/setup.bash
(ROS_DOMAIN_ID=1 timeout 5 ros2 topic hz --window 5 /clock > /tmp/hz_0.out 2>&1) &
wait
echo '"'"'===FILE /tmp/hz_0.out==='"'"'
cat /tmp/hz_0.out 2>/dev/null || true'
[09:05:08] INFO Isaac sim Hz: stereo image chunk 1/1 — 2 topic(s)
[09:05:08] INFO $ docker exec isaac-sim bash -c 'source /opt/ros/jazzy/setup.bash
source /opt/ros/jazzy/setup.bash
(ROS_DOMAIN_ID=1 timeout 5 ros2 topic hz --window 5 /robot_1/sensors/front_stereo/left/image_rect > /tmp/hz_0.out 2>&1) &
(ROS_DOMAIN_ID=1 timeout 5 ros2 topic hz --window 5 /robot_1/sensors/front_stereo/right/image_rect > /tmp/hz_1.out 2>&1) &
wait
echo '"'"'===FILE /tmp/hz_0.out==='"'"'
cat /tmp/hz_0.out 2>/dev/null || true
echo '"'"'===FILE /tmp/hz_1.out==='"'"'
cat /tmp/hz_1.out 2>/dev/null || true'
[09:05:13] INFO Isaac sim Hz: stereo depth chunk 1/1 — 2 topic(s)
[09:05:13] INFO $ docker exec isaac-sim bash -c 'source /opt/ros/jazzy/setup.bash
source /opt/ros/jazzy/setup.bash
(ROS_DOMAIN_ID=1 timeout 5 ros2 topic hz --window 5 /robot_1/sensors/front_stereo/left/depth_ground_truth > /tmp/hz_0.out 2>&1) &
(ROS_DOMAIN_ID=1 timeout 5 ros2 topic hz --window 5 /robot_1/sensors/front_stereo/right/depth_ground_truth > /tmp/hz_1.out 2>&1) &
wait
echo '"'"'===FILE /tmp/hz_0.out==='"'"'
cat /tmp/hz_0.out 2>/dev/null || true
echo '"'"'===FILE /tmp/hz_1.out==='"'"'
cat /tmp/hz_1.out 2>/dev/null || true'
[09:05:19] INFO 5 topics healthy
[09:05:19] INFO $ docker ps --filter 'name=robot.*desktop' --format '{{.Names}}'
[09:05:19] INFO Sampling Hz for 4 robot-side stereo/depth topics (duration=5s)
[09:05:19] INFO Isaac robot Hz: stereo image chunk 1/1 — 2 topic(s)
[09:05:19] INFO $ docker exec airstack-robot-desktop-1 bash -c 'source /opt/ros/jazzy/setup.bash
source /root/AirStack/robot/ros_ws/install/setup.bash
(ROS_DOMAIN_ID=1 timeout 5 ros2 topic hz --window 5 /robot_1/sensors/front_stereo/left/image_rect > /tmp/hz_0.out 2>&1) &
(ROS_DOMAIN_ID=1 timeout 5 ros2 topic hz --window 5 /robot_1/sensors/front_stereo/right/image_rect > /tmp/hz_1.out 2>&1) &
wait
echo '"'"'===FILE /tmp/hz_0.out==='"'"'
cat /tmp/hz_0.out 2>/dev/null || true
echo '"'"'===FILE /tmp/hz_1.out==='"'"'
cat /tmp/hz_1.out 2>/dev/null || true'
[09:05:24] INFO Isaac robot Hz: stereo depth chunk 1/1 — 2 topic(s)
[09:05:24] INFO $ docker exec airstack-robot-desktop-1 bash -c 'source /opt/ros/jazzy/setup.bash
source /root/AirStack/robot/ros_ws/install/setup.bash
(ROS_DOMAIN_ID=1 timeout 5 ros2 topic hz --window 5 /robot_1/sensors/front_stereo/left/depth_ground_truth > /tmp/hz_0.out 2>&1) &
(ROS_DOMAIN_ID=1 timeout 5 ros2 topic hz --window 5 /robot_1/sensors/front_stereo/right/depth_ground_truth > /tmp/hz_1.out 2>&1) &
wait
echo '"'"'===FILE /tmp/hz_0.out==='"'"'
cat /tmp/hz_0.out 2>/dev/null || true
echo '"'"'===FILE /tmp/hz_1.out==='"'"'
cat /tmp/hz_1.out 2>/dev/null || true'
[09:05:29] INFO 4 robot stereo/depth topics healthy
[09:05:29] INFO $ docker ps --filter 'name=robot.*desktop' --format '{{.Names}}'
[09:05:29] INFO $ docker ps --filter 'name=robot.*desktop' --format '{{.Names}}'
[09:05:29] INFO Filtered LiDAR: echo-once for 1 topic(s) (isaacsim, timeout=40s per topic)
[09:05:29] INFO $ docker exec airstack-robot-desktop-1 bash -c 'source /opt/ros/jazzy/setup.bash && source /root/AirStack/robot/ros_ws/install/setup.bash && export ROS_DOMAIN_ID=1 && timeout 40 ros2 topic echo --once /robot_1/sensors/ouster/point_cloud'
[09:05:31] INFO 1 robot lidar topic(s) received a message
[09:05:41] INFO Sampling Hz for 5 sim-side topics (duration=5s)
[09:05:41] INFO Isaac sim Hz: batch 1 — 1 /clock topic(s)
[09:05:41] INFO $ docker exec isaac-sim bash -c 'source /opt/ros/jazzy/setup.bash
source /opt/ros/jazzy/setup.bash
(ROS_DOMAIN_ID=1 timeout 5 ros2 topic hz --window 5 /clock > /tmp/hz_0.out 2>&1) &
wait
echo '"'"'===FILE /tmp/hz_0.out==='"'"'
cat /tmp/hz_0.out 2>/dev/null || true'
[09:05:46] INFO Isaac sim Hz: stereo image chunk 1/1 — 2 topic(s)
[09:05:46] INFO $ docker exec isaac-sim bash -c 'source /opt/ros/jazzy/setup.bash
source /opt/ros/jazzy/setup.bash
(ROS_DOMAIN_ID=1 timeout 5 ros2 topic hz --window 5 /robot_1/sensors/front_stereo/left/image_rect > /tmp/hz_0.out 2>&1) &
(ROS_DOMAIN_ID=1 timeout 5 ros2 topic hz --window 5 /robot_1/sensors/front_stereo/right/image_rect > /tmp/hz_1.out 2>&1) &
wait
echo '"'"'===FILE /tmp/hz_0.out==='"'"'
cat /tmp/hz_0.out 2>/dev/null || true
echo '"'"'===FILE /tmp/hz_1.out==='"'"'
cat /tmp/hz_1.out 2>/dev/null || true'
[09:05:52] INFO Isaac sim Hz: stereo depth chunk 1/1 — 2 topic(s)
[09:05:52] INFO $ docker exec isaac-sim bash -c 'source /opt/ros/jazzy/setup.bash
source /opt/ros/jazzy/setup.bash
(ROS_DOMAIN_ID=1 timeout 5 ros2 topic hz --window 5 /robot_1/sensors/front_stereo/left/depth_ground_truth > /tmp/hz_0.out 2>&1) &
(ROS_DOMAIN_ID=1 timeout 5 ros2 topic hz --window 5 /robot_1/sensors/front_stereo/right/depth_ground_truth > /tmp/hz_1.out 2>&1) &
wait
echo '"'"'===FILE /tmp/hz_0.out==='"'"'
cat /tmp/hz_0.out 2>/dev/null || true
echo '"'"'===FILE /tmp/hz_1.out==='"'"'
cat /tmp/hz_1.out 2>/dev/null || true'
[09:05:57] INFO 5 topics healthy
[09:05:57] INFO $ docker ps --filter 'name=robot.*desktop' --format '{{.Names}}'
[09:05:57] INFO Sampling Hz for 4 robot-side stereo/depth topics (duration=5s)
[09:05:57] INFO Isaac robot Hz: stereo image chunk 1/1 — 2 topic(s)
[09:05:57] INFO $ docker exec airstack-robot-desktop-1 bash -c 'source /opt/ros/jazzy/setup.bash
source /root/AirStack/robot/ros_ws/install/setup.bash
(ROS_DOMAIN_ID=1 timeout 5 ros2 topic hz --window 5 /robot_1/sensors/front_stereo/left/image_rect > /tmp/hz_0.out 2>&1) &
(ROS_DOMAIN_ID=1 timeout 5 ros2 topic hz --window 5 /robot_1/sensors/front_stereo/right/image_rect > /tmp/hz_1.out 2>&1) &
wait
echo '"'"'===FILE /tmp/hz_0.out==='"'"'
cat /tmp/hz_0.out 2>/dev/null || true
echo '"'"'===FILE /tmp/hz_1.out==='"'"'
cat /tmp/hz_1.out 2>/dev/null || true'
[09:06:02] INFO Isaac robot Hz: stereo depth chunk 1/1 — 2 topic(s)
[09:06:02] INFO $ docker exec airstack-robot-desktop-1 bash -c 'source /opt/ros/jazzy/setup.bash
source /root/AirStack/robot/ros_ws/install/setup.bash
(ROS_DOMAIN_ID=1 timeout 5 ros2 topic hz --window 5 /robot_1/sensors/front_stereo/left/depth_ground_truth > /tmp/hz_0.out 2>&1) &
(ROS_DOMAIN_ID=1 timeout 5 ros2 topic hz --window 5 /robot_1/sensors/front_stereo/right/depth_ground_truth > /tmp/hz_1.out 2>&1) &
wait
echo '"'"'===FILE /tmp/hz_0.out==='"'"'
cat /tmp/hz_0.out 2>/dev/null || true
echo '"'"'===FILE /tmp/hz_1.out==='"'"'
cat /tmp/hz_1.out 2>/dev/null || true'
[09:06:08] INFO 4 robot stereo/depth topics healthy
[09:06:08] INFO $ docker ps --filter 'name=robot.*desktop' --format '{{.Names}}'
[09:06:08] INFO $ docker ps --filter 'name=robot.*desktop' --format '{{.Names}}'
[09:06:08] INFO Filtered LiDAR: echo-once for 1 topic(s) (isaacsim, timeout=40s per topic)
[09:06:08] INFO $ docker exec airstack-robot-desktop-1 bash -c 'source /opt/ros/jazzy/setup.bash && source /root/AirStack/robot/ros_ws/install/setup.bash && export ROS_DOMAIN_ID=1 && timeout 40 ros2 topic echo --once /robot_1/sensors/ouster/point_cloud'
[09:06:10] INFO 1 robot lidar topic(s) received a message
[09:06:20] INFO Sampling Hz for 5 sim-side topics (duration=5s)
[09:06:20] INFO Isaac sim Hz: batch 1 — 1 /clock topic(s)
[09:06:20] INFO $ docker exec isaac-sim bash -c 'source /opt/ros/jazzy/setup.bash
source /opt/ros/jazzy/setup.bash
(ROS_DOMAIN_ID=1 timeout 5 ros2 topic hz --window 5 /clock > /tmp/hz_0.out 2>&1) &
wait
echo '"'"'===FILE /tmp/hz_0.out==='"'"'
cat /tmp/hz_0.out 2>/dev/null || true'
[09:06:26] INFO Isaac sim Hz: stereo image chunk 1/1 — 2 topic(s)
[09:06:26] INFO $ docker exec isaac-sim bash -c 'source /opt/ros/jazzy/setup.bash
source /opt/ros/jazzy/setup.bash
(ROS_DOMAIN_ID=1 timeout 5 ros2 topic hz --window 5 /robot_1/sensors/front_stereo/left/image_rect > /tmp/hz_0.out 2>&1) &
(ROS_DOMAIN_ID=1 timeout 5 ros2 topic hz --window 5 /robot_1/sensors/front_stereo/right/image_rect > /tmp/hz_1.out 2>&1) &
wait
echo '"'"'===FILE /tmp/hz_0.out==='"'"'
cat /tmp/hz_0.out 2>/dev/null || true
echo '"'"'===FILE /tmp/hz_1.out==='"'"'
cat /tmp/hz_1.out 2>/dev/null || true'
[09:06:31] INFO Isaac sim Hz: stereo depth chunk 1/1 — 2 topic(s)
[09:06:31] INFO $ docker exec isaac-sim bash -c 'source /opt/ros/jazzy/setup.bash
source /opt/ros/jazzy/setup.bash
(ROS_DOMAIN_ID=1 timeout 5 ros2 topic hz --window 5 /robot_1/sensors/front_stereo/left/depth_ground_truth > /tmp/hz_0.out 2>&1) &
(ROS_DOMAIN_ID=1 timeout 5 ros2 topic hz --window 5 /robot_1/sensors/front_stereo/right/depth_ground_truth > /tmp/hz_1.out 2>&1) &
wait
echo '"'"'===FILE /tmp/hz_0.out==='"'"'
cat /tmp/hz_0.out 2>/dev/null || true
echo '"'"'===FILE /tmp/hz_1.out==='"'"'
cat /tmp/hz_1.out 2>/dev/null || true'
[09:06:37] INFO 5 topics healthy
[09:06:37] INFO $ docker ps --filter 'name=robot.*desktop' --format '{{.Names}}'
[09:06:37] INFO Sampling Hz for 4 robot-side stereo/depth topics (duration=5s)
[09:06:37] INFO Isaac robot Hz: stereo image chunk 1/1 — 2 topic(s)
[09:06:37] INFO $ docker exec airstack-robot-desktop-1 bash -c 'source /opt/ros/jazzy/setup.bash
source /root/AirStack/robot/ros_ws/install/setup.bash
(ROS_DOMAIN_ID=1 timeout 5 ros2 topic hz --window 5 /robot_1/sensors/front_stereo/left/image_rect > /tmp/hz_0.out 2>&1) &
(ROS_DOMAIN_ID=1 timeout 5 ros2 topic hz --window 5 /robot_1/sensors/front_stereo/right/image_rect > /tmp/hz_1.out 2>&1) &
wait
echo '"'"'===FILE /tmp/hz_0.out==='"'"'
cat /tmp/hz_0.out 2>/dev/null || true
echo '"'"'===FILE /tmp/hz_1.out==='"'"'
cat /tmp/hz_1.out 2>/dev/null || true'
[09:06:42] INFO Isaac robot Hz: stereo depth chunk 1/1 — 2 topic(s)
[09:06:42] INFO $ docker exec airstack-robot-desktop-1 bash -c 'source /opt/ros/jazzy/setup.bash
source /root/AirStack/robot/ros_ws/install/setup.bash
(ROS_DOMAIN_ID=1 timeout 5 ros2 topic hz --window 5 /robot_1/sensors/front_stereo/left/depth_ground_truth > /tmp/hz_0.out 2>&1) &
(ROS_DOMAIN_ID=1 timeout 5 ros2 topic hz --window 5 /robot_1/sensors/front_stereo/right/depth_ground_truth > /tmp/hz_1.out 2>&1) &
wait
echo '"'"'===FILE /tmp/hz_0.out==='"'"'
cat /tmp/hz_0.out 2>/dev/null || true
echo '"'"'===FILE /tmp/hz_1.out==='"'"'
cat /tmp/hz_1.out 2>/dev/null || true'
[09:06:47] INFO 4 robot stereo/depth topics healthy
[09:06:47] INFO $ docker ps --filter 'name=robot.*desktop' --format '{{.Names}}'
[09:06:48] INFO $ docker ps --filter 'name=robot.*desktop' --format '{{.Names}}'
[09:06:48] INFO Filtered LiDAR: echo-once for 1 topic(s) (isaacsim, timeout=40s per topic)
[09:06:48] INFO $ docker exec airstack-robot-desktop-1 bash -c 'source /opt/ros/jazzy/setup.bash && source /root/AirStack/robot/ros_ws/install/setup.bash && export ROS_DOMAIN_ID=1 && timeout 40 ros2 topic echo --once /robot_1/sensors/ouster/point_cloud'
[09:06:49] INFO 1 robot lidar topic(s) received a message
[09:06:59] INFO Sampling Hz for 5 sim-side topics (duration=5s)
[09:06:59] INFO Isaac sim Hz: batch 1 — 1 /clock topic(s)
[09:06:59] INFO $ docker exec isaac-sim bash -c 'source /opt/ros/jazzy/setup.bash
source /opt/ros/jazzy/setup.bash
(ROS_DOMAIN_ID=1 timeout 5 ros2 topic hz --window 5 /clock > /tmp/hz_0.out 2>&1) &
wait
echo '"'"'===FILE /tmp/hz_0.out==='"'"'
cat /tmp/hz_0.out 2>/dev/null || true'
[09:07:04] INFO Isaac sim Hz: stereo image chunk 1/1 — 2 topic(s)
[09:07:04] INFO $ docker exec isaac-sim bash -c 'source /opt/ros/jazzy/setup.bash
source /opt/ros/jazzy/setup.bash
(ROS_DOMAIN_ID=1 timeout 5 ros2 topic hz --window 5 /robot_1/sensors/front_stereo/left/image_rect > /tmp/hz_0.out 2>&1) &
(ROS_DOMAIN_ID=1 timeout 5 ros2 topic hz --window 5 /robot_1/sensors/front_stereo/right/image_rect > /tmp/hz_1.out 2>&1) &
wait
echo '"'"'===FILE /tmp/hz_0.out==='"'"'
cat /tmp/hz_0.out 2>/dev/null || true
echo '"'"'===FILE /tmp/hz_1.out==='"'"'
cat /tmp/hz_1.out 2>/dev/null || true'
[09:07:10] INFO Isaac sim Hz: stereo depth chunk 1/1 — 2 topic(s)
[09:07:10] INFO $ docker exec isaac-sim bash -c 'source /opt/ros/jazzy/setup.bash
source /opt/ros/jazzy/setup.bash
(ROS_DOMAIN_ID=1 timeout 5 ros2 topic hz --window 5 /robot_1/sensors/front_stereo/left/depth_ground_truth > /tmp/hz_0.out 2>&1) &
(ROS_DOMAIN_ID=1 timeout 5 ros2 topic hz --window 5 /robot_1/sensors/front_stereo/right/depth_ground_truth > /tmp/hz_1.out 2>&1) &
wait
echo '"'"'===FILE /tmp/hz_0.out==='"'"'
cat /tmp/hz_0.out 2>/dev/null || true
echo '"'"'===FILE /tmp/hz_1.out==='"'"'
cat /tmp/hz_1.out 2>/dev/null || true'
[09:07:15] INFO 5 topics healthy
[09:07:15] INFO $ docker ps --filter 'name=robot.*desktop' --format '{{.Names}}'
[09:07:15] INFO Sampling Hz for 4 robot-side stereo/depth topics (duration=5s)
[09:07:15] INFO Isaac robot Hz: stereo image chunk 1/1 — 2 topic(s)
[09:07:15] INFO $ docker exec airstack-robot-desktop-1 bash -c 'source /opt/ros/jazzy/setup.bash
source /root/AirStack/robot/ros_ws/install/setup.bash
(ROS_DOMAIN_ID=1 timeout 5 ros2 topic hz --window 5 /robot_1/sensors/front_stereo/left/image_rect > /tmp/hz_0.out 2>&1) &
(ROS_DOMAIN_ID=1 timeout 5 ros2 topic hz --window 5 /robot_1/sensors/front_stereo/right/image_rect > /tmp/hz_1.out 2>&1) &
wait
echo '"'"'===FILE /tmp/hz_0.out==='"'"'
cat /tmp/hz_0.out 2>/dev/null || true
echo '"'"'===FILE /tmp/hz_1.out==='"'"'
cat /tmp/hz_1.out 2>/dev/null || true'
[09:07:20] INFO Isaac robot Hz: stereo depth chunk 1/1 — 2 topic(s)
[09:07:20] INFO $ docker exec airstack-robot-desktop-1 bash -c 'source /opt/ros/jazzy/setup.bash
source /root/AirStack/robot/ros_ws/install/setup.bash
(ROS_DOMAIN_ID=1 timeout 5 ros2 topic hz --window 5 /robot_1/sensors/front_stereo/left/depth_ground_truth > /tmp/hz_0.out 2>&1) &
(ROS_DOMAIN_ID=1 timeout 5 ros2 topic hz --window 5 /robot_1/sensors/front_stereo/right/depth_ground_truth > /tmp/hz_1.out 2>&1) &
wait
echo '"'"'===FILE /tmp/hz_0.out==='"'"'
cat /tmp/hz_0.out 2>/dev/null || true
echo '"'"'===FILE /tmp/hz_1.out==='"'"'
cat /tmp/hz_1.out 2>/dev/null || true'
[09:07:26] INFO 4 robot stereo/depth topics healthy
[09:07:26] INFO $ docker ps --filter 'name=robot.*desktop' --format '{{.Names}}'
[09:07:26] INFO $ docker ps --filter 'name=robot.*desktop' --format '{{.Names}}'
[09:07:26] INFO Filtered LiDAR: echo-once for 1 topic(s) (isaacsim, timeout=40s per topic)
[09:07:26] INFO $ docker exec airstack-robot-desktop-1 bash -c 'source /opt/ros/jazzy/setup.bash && source /root/AirStack/robot/ros_ws/install/setup.bash && export ROS_DOMAIN_ID=1 && timeout 40 ros2 topic echo --once /robot_1/sensors/ouster/point_cloud'
[09:07:28] INFO 1 robot lidar topic(s) received a message
[09:07:38] INFO Sampling Hz for 5 sim-side topics (duration=5s)
[09:07:38] INFO Isaac sim Hz: batch 1 — 1 /clock topic(s)
[09:07:38] INFO $ docker exec isaac-sim bash -c 'source /opt/ros/jazzy/setup.bash
source /opt/ros/jazzy/setup.bash
(ROS_DOMAIN_ID=1 timeout 5 ros2 topic hz --window 5 /clock > /tmp/hz_0.out 2>&1) &
wait
echo '"'"'===FILE /tmp/hz_0.out==='"'"'
cat /tmp/hz_0.out 2>/dev/null || true'
[09:07:44] INFO Isaac sim Hz: stereo image chunk 1/1 — 2 topic(s)
[09:07:44] INFO $ docker exec isaac-sim bash -c 'source /opt/ros/jazzy/setup.bash
source /opt/ros/jazzy/setup.bash
(ROS_DOMAIN_ID=1 timeout 5 ros2 topic hz --window 5 /robot_1/sensors/front_stereo/left/image_rect > /tmp/hz_0.out 2>&1) &
(ROS_DOMAIN_ID=1 timeout 5 ros2 topic hz --window 5 /robot_1/sensors/front_stereo/right/image_rect > /tmp/hz_1.out 2>&1) &
wait
echo '"'"'===FILE /tmp/hz_0.out==='"'"'
cat /tmp/hz_0.out 2>/dev/null || true
echo '"'"'===FILE /tmp/hz_1.out==='"'"'
cat /tmp/hz_1.out 2>/dev/null || true'
[09:07:49] INFO Isaac sim Hz: stereo depth chunk 1/1 — 2 topic(s)
[09:07:49] INFO $ docker exec isaac-sim bash -c 'source /opt/ros/jazzy/setup.bash
source /opt/ros/jazzy/setup.bash
(ROS_DOMAIN_ID=1 timeout 5 ros2 topic hz --window 5 /robot_1/sensors/front_stereo/left/depth_ground_truth > /tmp/hz_0.out 2>&1) &
(ROS_DOMAIN_ID=1 timeout 5 ros2 topic hz --window 5 /robot_1/sensors/front_stereo/right/depth_ground_truth > /tmp/hz_1.out 2>&1) &
wait
echo '"'"'===FILE /tmp/hz_0.out==='"'"'
cat /tmp/hz_0.out 2>/dev/null || true
echo '"'"'===FILE /tmp/hz_1.out==='"'"'
cat /tmp/hz_1.out 2>/dev/null || true'
[09:07:55] INFO 5 topics healthy
[09:07:55] INFO $ docker ps --filter 'name=robot.*desktop' --format '{{.Names}}'
[09:07:55] INFO Sampling Hz for 4 robot-side stereo/depth topics (duration=5s)
[09:07:55] INFO Isaac robot Hz: stereo image chunk 1/1 — 2 topic(s)
[09:07:55] INFO $ docker exec airstack-robot-desktop-1 bash -c 'source /opt/ros/jazzy/setup.bash
source /root/AirStack/robot/ros_ws/install/setup.bash
(ROS_DOMAIN_ID=1 timeout 5 ros2 topic hz --window 5 /robot_1/sensors/front_stereo/left/image_rect > /tmp/hz_0.out 2>&1) &
(ROS_DOMAIN_ID=1 timeout 5 ros2 topic hz --window 5 /robot_1/sensors/front_stereo/right/image_rect > /tmp/hz_1.out 2>&1) &
wait
echo '"'"'===FILE /tmp/hz_0.out==='"'"'
cat /tmp/hz_0.out 2>/dev/null || true
echo '"'"'===FILE /tmp/hz_1.out==='"'"'
cat /tmp/hz_1.out 2>/dev/null || true'
[09:08:00] INFO Isaac robot Hz: stereo depth chunk 1/1 — 2 topic(s)
[09:08:00] INFO $ docker exec airstack-robot-desktop-1 bash -c 'source /opt/ros/jazzy/setup.bash
source /root/AirStack/robot/ros_ws/install/setup.bash
(ROS_DOMAIN_ID=1 timeout 5 ros2 topic hz --window 5 /robot_1/sensors/front_stereo/left/depth_ground_truth > /tmp/hz_0.out 2>&1) &
(ROS_DOMAIN_ID=1 timeout 5 ros2 topic hz --window 5 /robot_1/sensors/front_stereo/right/depth_ground_truth > /tmp/hz_1.out 2>&1) &
wait
echo '"'"'===FILE /tmp/hz_0.out==='"'"'
cat /tmp/hz_0.out 2>/dev/null || true
echo '"'"'===FILE /tmp/hz_1.out==='"'"'
cat /tmp/hz_1.out 2>/dev/null || true'
[09:08:06] INFO 4 robot stereo/depth topics healthy
[09:08:06] INFO $ docker ps --filter 'name=robot.*desktop' --format '{{.Names}}'
[09:08:06] INFO $ docker ps --filter 'name=robot.*desktop' --format '{{.Names}}'
[09:08:06] INFO Filtered LiDAR: echo-once for 1 topic(s) (isaacsim, timeout=40s per topic)
[09:08:06] INFO $ docker exec airstack-robot-desktop-1 bash -c 'source /opt/ros/jazzy/setup.bash && source /root/AirStack/robot/ros_ws/install/setup.bash && export ROS_DOMAIN_ID=1 && timeout 40 ros2 topic echo --once /robot_1/sensors/ouster/point_cloud'
[09:08:07] INFO 1 robot lidar topic(s) received a message
[09:08:17] INFO Sampling Hz for 5 sim-side topics (duration=5s)
[09:08:17] INFO Isaac sim Hz: batch 1 — 1 /clock topic(s)
[09:08:17] INFO $ docker exec isaac-sim bash -c 'source /opt/ros/jazzy/setup.bash
source /opt/ros/jazzy/setup.bash
(ROS_DOMAIN_ID=1 timeout 5 ros2 topic hz --window 5 /clock > /tmp/hz_0.out 2>&1) &
wait
echo '"'"'===FILE /tmp/hz_0.out==='"'"'
cat /tmp/hz_0.out 2>/dev/null || true'
[09:08:22] INFO Isaac sim Hz: stereo image chunk 1/1 — 2 topic(s)
[09:08:22] INFO $ docker exec isaac-sim bash -c 'source /opt/ros/jazzy/setup.bash
source /opt/ros/jazzy/setup.bash
(ROS_DOMAIN_ID=1 timeout 5 ros2 topic hz --window 5 /robot_1/sensors/front_stereo/left/image_rect > /tmp/hz_0.out 2>&1) &
(ROS_DOMAIN_ID=1 timeout 5 ros2 topic hz --window 5 /robot_1/sensors/front_stereo/right/image_rect > /tmp/hz_1.out 2>&1) &
wait
echo '"'"'===FILE /tmp/hz_0.out==='"'"'
cat /tmp/hz_0.out 2>/dev/null || true
echo '"'"'===FILE /tmp/hz_1.out==='"'"'
cat /tmp/hz_1.out 2>/dev/null || true'
[09:08:28] INFO Isaac sim Hz: stereo depth chunk 1/1 — 2 topic(s)
[09:08:28] INFO $ docker exec isaac-sim bash -c 'source /opt/ros/jazzy/setup.bash
source /opt/ros/jazzy/setup.bash
(ROS_DOMAIN_ID=1 timeout 5 ros2 topic hz --window 5 /robot_1/sensors/front_stereo/left/depth_ground_truth > /tmp/hz_0.out 2>&1) &
(ROS_DOMAIN_ID=1 timeout 5 ros2 topic hz --window 5 /robot_1/sensors/front_stereo/right/depth_ground_truth > /tmp/hz_1.out 2>&1) &
wait
echo '"'"'===FILE /tmp/hz_0.out==='"'"'
cat /tmp/hz_0.out 2>/dev/null || true
echo '"'"'===FILE /tmp/hz_1.out==='"'"'
cat /tmp/hz_1.out 2>/dev/null || true'
[09:08:33] INFO 5 topics healthy
[09:08:33] INFO $ docker ps --filter 'name=robot.*desktop' --format '{{.Names}}'
[09:08:33] INFO Sampling Hz for 4 robot-side stereo/depth topics (duration=5s)
[09:08:33] INFO Isaac robot Hz: stereo image chunk 1/1 — 2 topic(s)
[09:08:33] INFO $ docker exec airstack-robot-desktop-1 bash -c 'source /opt/ros/jazzy/setup.bash
source /root/AirStack/robot/ros_ws/install/setup.bash
(ROS_DOMAIN_ID=1 timeout 5 ros2 topic hz --window 5 /robot_1/sensors/front_stereo/left/image_rect > /tmp/hz_0.out 2>&1) &
(ROS_DOMAIN_ID=1 timeout 5 ros2 topic hz --window 5 /robot_1/sensors/front_stereo/right/image_rect > /tmp/hz_1.out 2>&1) &
wait
echo '"'"'===FILE /tmp/hz_0.out==='"'"'
cat /tmp/hz_0.out 2>/dev/null || true
echo '"'"'===FILE /tmp/hz_1.out==='"'"'
cat /tmp/hz_1.out 2>/dev/null || true'
[09:08:39] INFO Isaac robot Hz: stereo depth chunk 1/1 — 2 topic(s)
[09:08:39] INFO $ docker exec airstack-robot-desktop-1 bash -c 'source /opt/ros/jazzy/setup.bash
source /root/AirStack/robot/ros_ws/install/setup.bash
(ROS_DOMAIN_ID=1 timeout 5 ros2 topic hz --window 5 /robot_1/sensors/front_stereo/left/depth_ground_truth > /tmp/hz_0.out 2>&1) &
(ROS_DOMAIN_ID=1 timeout 5 ros2 topic hz --window 5 /robot_1/sensors/front_stereo/right/depth_ground_truth > /tmp/hz_1.out 2>&1) &
wait
echo '"'"'===FILE /tmp/hz_0.out==='"'"'
cat /tmp/hz_0.out 2>/dev/null || true
echo '"'"'===FILE /tmp/hz_1.out==='"'"'
cat /tmp/hz_1.out 2>/dev/null || true'
[09:08:44] INFO 4 robot stereo/depth topics healthy
[09:08:44] INFO $ docker ps --filter 'name=robot.*desktop' --format '{{.Names}}'
[09:08:44] INFO $ docker ps --filter 'name=robot.*desktop' --format '{{.Names}}'
[09:08:44] INFO Filtered LiDAR: echo-once for 1 topic(s) (isaacsim, timeout=40s per topic)
[09:08:44] INFO $ docker exec airstack-robot-desktop-1 bash -c 'source /opt/ros/jazzy/setup.bash && source /root/AirStack/robot/ros_ws/install/setup.bash && export ROS_DOMAIN_ID=1 && timeout 40 ros2 topic echo --once /robot_1/sensors/ouster/point_cloud'
[09:08:45] INFO 1 robot lidar topic(s) received a message
[09:08:55] INFO Sampling Hz for 5 sim-side topics (duration=5s)
[09:08:55] INFO Isaac sim Hz: batch 1 — 1 /clock topic(s)
[09:08:55] INFO $ docker exec isaac-sim bash -c 'source /opt/ros/jazzy/setup.bash
source /opt/ros/jazzy/setup.bash
(ROS_DOMAIN_ID=1 timeout 5 ros2 topic hz --window 5 /clock > /tmp/hz_0.out 2>&1) &
wait
echo '"'"'===FILE /tmp/hz_0.out==='"'"'
cat /tmp/hz_0.out 2>/dev/null || true'
[09:09:01] INFO Isaac sim Hz: stereo image chunk 1/1 — 2 topic(s)
[09:09:01] INFO $ docker exec isaac-sim bash -c 'source /opt/ros/jazzy/setup.bash
source /opt/ros/jazzy/setup.bash
(ROS_DOMAIN_ID=1 timeout 5 ros2 topic hz --window 5 /robot_1/sensors/front_stereo/left/image_rect > /tmp/hz_0.out 2>&1) &
(ROS_DOMAIN_ID=1 timeout 5 ros2 topic hz --window 5 /robot_1/sensors/front_stereo/right/image_rect > /tmp/hz_1.out 2>&1) &
wait
echo '"'"'===FILE /tmp/hz_0.out==='"'"'
cat /tmp/hz_0.out 2>/dev/null || true
echo '"'"'===FILE /tmp/hz_1.out==='"'"'
cat /tmp/hz_1.out 2>/dev/null || true'
[09:09:06] INFO Isaac sim Hz: stereo depth chunk 1/1 — 2 topic(s)
[09:09:06] INFO $ docker exec isaac-sim bash -c 'source /opt/ros/jazzy/setup.bash
source /opt/ros/jazzy/setup.bash
(ROS_DOMAIN_ID=1 timeout 5 ros2 topic hz --window 5 /robot_1/sensors/front_stereo/left/depth_ground_truth > /tmp/hz_0.out 2>&1) &
(ROS_DOMAIN_ID=1 timeout 5 ros2 topic hz --window 5 /robot_1/sensors/front_stereo/right/depth_ground_truth > /tmp/hz_1.out 2>&1) &
wait
echo '"'"'===FILE /tmp/hz_0.out==='"'"'
cat /tmp/hz_0.out 2>/dev/null || true
echo '"'"'===FILE /tmp/hz_1.out==='"'"'
cat /tmp/hz_1.out 2>/dev/null || true'
[09:09:11] INFO 5 topics healthy
[09:09:11] INFO $ docker ps --filter 'name=robot.*desktop' --format '{{.Names}}'
[09:09:11] INFO Sampling Hz for 4 robot-side stereo/depth topics (duration=5s)
[09:09:11] INFO Isaac robot Hz: stereo image chunk 1/1 — 2 topic(s)
[09:09:11] INFO $ docker exec airstack-robot-desktop-1 bash -c 'source /opt/ros/jazzy/setup.bash
source /root/AirStack/robot/ros_ws/install/setup.bash
(ROS_DOMAIN_ID=1 timeout 5 ros2 topic hz --window 5 /robot_1/sensors/front_stereo/left/image_rect > /tmp/hz_0.out 2>&1) &
(ROS_DOMAIN_ID=1 timeout 5 ros2 topic hz --window 5 /robot_1/sensors/front_stereo/right/image_rect > /tmp/hz_1.out 2>&1) &
wait
echo '"'"'===FILE /tmp/hz_0.out==='"'"'
cat /tmp/hz_0.out 2>/dev/null || true
echo '"'"'===FILE /tmp/hz_1.out==='"'"'
cat /tmp/hz_1.out 2>/dev/null || true'
[09:09:17] INFO Isaac robot Hz: stereo depth chunk 1/1 — 2 topic(s)
[09:09:17] INFO $ docker exec airstack-robot-desktop-1 bash -c 'source /opt/ros/jazzy/setup.bash
source /root/AirStack/robot/ros_ws/install/setup.bash
(ROS_DOMAIN_ID=1 timeout 5 ros2 topic hz --window 5 /robot_1/sensors/front_stereo/left/depth_ground_truth > /tmp/hz_0.out 2>&1) &
(ROS_DOMAIN_ID=1 timeout 5 ros2 topic hz --window 5 /robot_1/sensors/front_stereo/right/depth_ground_truth > /tmp/hz_1.out 2>&1) &
wait
echo '"'"'===FILE /tmp/hz_0.out==='"'"'
cat /tmp/hz_0.out 2>/dev/null || true
echo '"'"'===FILE /tmp/hz_1.out==='"'"'
cat /tmp/hz_1.out 2>/dev/null || true'
[09:09:22] INFO 4 robot stereo/depth topics healthy
[09:09:22] INFO $ docker ps --filter 'name=robot.*desktop' --format '{{.Names}}'
[09:09:22] INFO $ docker ps --filter 'name=robot.*desktop' --format '{{.Names}}'
[09:09:22] INFO Filtered LiDAR: echo-once for 1 topic(s) (isaacsim, timeout=40s per topic)
[09:09:22] INFO $ docker exec airstack-robot-desktop-1 bash -c 'source /opt/ros/jazzy/setup.bash && source /root/AirStack/robot/ros_ws/install/setup.bash && export ROS_DOMAIN_ID=1 && timeout 40 ros2 topic echo --once /robot_1/sensors/ouster/point_cloud'
[09:09:24] INFO 1 robot lidar topic(s) received a message
[09:09:34] INFO Sampling Hz for 5 sim-side topics (duration=5s)
[09:09:34] INFO Isaac sim Hz: batch 1 — 1 /clock topic(s)
[09:09:34] INFO $ docker exec isaac-sim bash -c 'source /opt/ros/jazzy/setup.bash
source /opt/ros/jazzy/setup.bash
(ROS_DOMAIN_ID=1 timeout 5 ros2 topic hz --window 5 /clock > /tmp/hz_0.out 2>&1) &
wait
echo '"'"'===FILE /tmp/hz_0.out==='"'"'
cat /tmp/hz_0.out 2>/dev/null || true'
[09:09:39] INFO Isaac sim Hz: stereo image chunk 1/1 — 2 topic(s)
[09:09:39] INFO $ docker exec isaac-sim bash -c 'source /opt/ros/jazzy/setup.bash
source /opt/ros/jazzy/setup.bash
(ROS_DOMAIN_ID=1 timeout 5 ros2 topic hz --window 5 /robot_1/sensors/front_stereo/left/image_rect > /tmp/hz_0.out 2>&1) &
(ROS_DOMAIN_ID=1 timeout 5 ros2 topic hz --window 5 /robot_1/sensors/front_stereo/right/image_rect > /tmp/hz_1.out 2>&1) &
wait
echo '"'"'===FILE /tmp/hz_0.out==='"'"'
cat /tmp/hz_0.out 2>/dev/null || true
echo '"'"'===FILE /tmp/hz_1.out==='"'"'
cat /tmp/hz_1.out 2>/dev/null || true'
[09:09:44] INFO Isaac sim Hz: stereo depth chunk 1/1 — 2 topic(s)
[09:09:44] INFO $ docker exec isaac-sim bash -c 'source /opt/ros/jazzy/setup.bash
source /opt/ros/jazzy/setup.bash
(ROS_DOMAIN_ID=1 timeout 5 ros2 topic hz --window 5 /robot_1/sensors/front_stereo/left/depth_ground_truth > /tmp/hz_0.out 2>&1) &
(ROS_DOMAIN_ID=1 timeout 5 ros2 topic hz --window 5 /robot_1/sensors/front_stereo/right/depth_ground_truth > /tmp/hz_1.out 2>&1) &
wait
echo '"'"'===FILE /tmp/hz_0.out==='"'"'
cat /tmp/hz_0.out 2>/dev/null || true
echo '"'"'===FILE /tmp/hz_1.out==='"'"'
cat /tmp/hz_1.out 2>/dev/null || true'
[09:09:50] INFO 5 topics healthy
[09:09:50] INFO $ docker ps --filter 'name=robot.*desktop' --format '{{.Names}}'
[09:09:50] INFO Sampling Hz for 4 robot-side stereo/depth topics (duration=5s)
[09:09:50] INFO Isaac robot Hz: stereo image chunk 1/1 — 2 topic(s)
[09:09:50] INFO $ docker exec airstack-robot-desktop-1 bash -c 'source /opt/ros/jazzy/setup.bash
source /root/AirStack/robot/ros_ws/install/setup.bash
(ROS_DOMAIN_ID=1 timeout 5 ros2 topic hz --window 5 /robot_1/sensors/front_stereo/left/image_rect > /tmp/hz_0.out 2>&1) &
(ROS_DOMAIN_ID=1 timeout 5 ros2 topic hz --window 5 /robot_1/sensors/front_stereo/right/image_rect > /tmp/hz_1.out 2>&1) &
wait
echo '"'"'===FILE /tmp/hz_0.out==='"'"'
cat /tmp/hz_0.out 2>/dev/null || true
echo '"'"'===FILE /tmp/hz_1.out==='"'"'
cat /tmp/hz_1.out 2>/dev/null || true'
[09:09:55] INFO Isaac robot Hz: stereo depth chunk 1/1 — 2 topic(s)
[09:09:55] INFO $ docker exec airstack-robot-desktop-1 bash -c 'source /opt/ros/jazzy/setup.bash
source /root/AirStack/robot/ros_ws/install/setup.bash
(ROS_DOMAIN_ID=1 timeout 5 ros2 topic hz --window 5 /robot_1/sensors/front_stereo/left/depth_ground_truth > /tmp/hz_0.out 2>&1) &
(ROS_DOMAIN_ID=1 timeout 5 ros2 topic hz --window 5 /robot_1/sensors/front_stereo/right/depth_ground_truth > /tmp/hz_1.out 2>&1) &
wait
echo '"'"'===FILE /tmp/hz_0.out==='"'"'
cat /tmp/hz_0.out 2>/dev/null || true
echo '"'"'===FILE /tmp/hz_1.out==='"'"'
cat /tmp/hz_1.out 2>/dev/null || true'
[09:10:01] INFO 4 robot stereo/depth topics healthy
[09:10:01] INFO $ docker ps --filter 'name=robot.*desktop' --format '{{.Names}}'
[09:10:01] INFO $ docker ps --filter 'name=robot.*desktop' --format '{{.Names}}'
[09:10:01] INFO Filtered LiDAR: echo-once for 1 topic(s) (isaacsim, timeout=40s per topic)
[09:10:01] INFO $ docker exec airstack-robot-desktop-1 bash -c 'source /opt/ros/jazzy/setup.bash && source /root/AirStack/robot/ros_ws/install/setup.bash && export ROS_DOMAIN_ID=1 && timeout 40 ros2 topic echo --once /robot_1/sensors/ouster/point_cloud'
[09:10:04] INFO 1 robot lidar topic(s) received a message
[09:10:14] INFO Sampling Hz for 5 sim-side topics (duration=5s)
[09:10:14] INFO Isaac sim Hz: batch 1 — 1 /clock topic(s)
[09:10:14] INFO $ docker exec isaac-sim bash -c 'source /opt/ros/jazzy/setup.bash
source /opt/ros/jazzy/setup.bash
(ROS_DOMAIN_ID=1 timeout 5 ros2 topic hz --window 5 /clock > /tmp/hz_0.out 2>&1) &
wait
echo '"'"'===FILE /tmp/hz_0.out==='"'"'
cat /tmp/hz_0.out 2>/dev/null || true'
[09:10:20] INFO Isaac sim Hz: stereo image chunk 1/1 — 2 topic(s)
[09:10:20] INFO $ docker exec isaac-sim bash -c 'source /opt/ros/jazzy/setup.bash
source /opt/ros/jazzy/setup.bash
(ROS_DOMAIN_ID=1 timeout 5 ros2 topic hz --window 5 /robot_1/sensors/front_stereo/left/image_rect > /tmp/hz_0.out 2>&1) &
(ROS_DOMAIN_ID=1 timeout 5 ros2 topic hz --window 5 /robot_1/sensors/front_stereo/right/image_rect > /tmp/hz_1.out 2>&1) &
wait
echo '"'"'===FILE /tmp/hz_0.out==='"'"'
cat /tmp/hz_0.out 2>/dev/null || true
echo '"'"'===FILE /tmp/hz_1.out==='"'"'
cat /tmp/hz_1.out 2>/dev/null || true'
[09:10:25] INFO Isaac sim Hz: stereo depth chunk 1/1 — 2 topic(s)
[09:10:25] INFO $ docker exec isaac-sim bash -c 'source /opt/ros/jazzy/setup.bash
source /opt/ros/jazzy/setup.bash
(ROS_DOMAIN_ID=1 timeout 5 ros2 topic hz --window 5 /robot_1/sensors/front_stereo/left/depth_ground_truth > /tmp/hz_0.out 2>&1) &
(ROS_DOMAIN_ID=1 timeout 5 ros2 topic hz --window 5 /robot_1/sensors/front_stereo/right/depth_ground_truth > /tmp/hz_1.out 2>&1) &
wait
echo '"'"'===FILE /tmp/hz_0.out==='"'"'
cat /tmp/hz_0.out 2>/dev/null || true
echo '"'"'===FILE /tmp/hz_1.out==='"'"'
cat /tmp/hz_1.out 2>/dev/null || true'
[09:10:31] INFO 5 topics healthy
[09:10:31] INFO $ docker ps --filter 'name=robot.*desktop' --format '{{.Names}}'
[09:10:31] INFO Sampling Hz for 4 robot-side stereo/depth topics (duration=5s)
[09:10:31] INFO Isaac robot Hz: stereo image chunk 1/1 — 2 topic(s)
[09:10:31] INFO $ docker exec airstack-robot-desktop-1 bash -c 'source /opt/ros/jazzy/setup.bash
source /root/AirStack/robot/ros_ws/install/setup.bash
(ROS_DOMAIN_ID=1 timeout 5 ros2 topic hz --window 5 /robot_1/sensors/front_stereo/left/image_rect > /tmp/hz_0.out 2>&1) &
(ROS_DOMAIN_ID=1 timeout 5 ros2 topic hz --window 5 /robot_1/sensors/front_stereo/right/image_rect > /tmp/hz_1.out 2>&1) &
wait
echo '"'"'===FILE /tmp/hz_0.out==='"'"'
cat /tmp/hz_0.out 2>/dev/null || true
echo '"'"'===FILE /tmp/hz_1.out==='"'"'
cat /tmp/hz_1.out 2>/dev/null || true'
[09:10:36] INFO Isaac robot Hz: stereo depth chunk 1/1 — 2 topic(s)
[09:10:36] INFO $ docker exec airstack-robot-desktop-1 bash -c 'source /opt/ros/jazzy/setup.bash
source /root/AirStack/robot/ros_ws/install/setup.bash
(ROS_DOMAIN_ID=1 timeout 5 ros2 topic hz --window 5 /robot_1/sensors/front_stereo/left/depth_ground_truth > /tmp/hz_0.out 2>&1) &
(ROS_DOMAIN_ID=1 timeout 5 ros2 topic hz --window 5 /robot_1/sensors/front_stereo/right/depth_ground_truth > /tmp/hz_1.out 2>&1) &
wait
echo '"'"'===FILE /tmp/hz_0.out==='"'"'
cat /tmp/hz_0.out 2>/dev/null || true
echo '"'"'===FILE /tmp/hz_1.out==='"'"'
cat /tmp/hz_1.out 2>/dev/null || true'
[09:10:41] INFO 4 robot stereo/depth topics healthy
[09:10:41] INFO $ docker ps --filter 'name=robot.*desktop' --format '{{.Names}}'
[09:10:41] INFO $ docker ps --filter 'name=robot.*desktop' --format '{{.Names}}'
[09:10:41] INFO Filtered LiDAR: echo-once for 1 topic(s) (isaacsim, timeout=40s per topic)
[09:10:41] INFO $ docker exec airstack-robot-desktop-1 bash -c 'source /opt/ros/jazzy/setup.bash && source /root/AirStack/robot/ros_ws/install/setup.bash && export ROS_DOMAIN_ID=1 && timeout 40 ros2 topic echo --once /robot_1/sensors/ouster/point_cloud'
[09:10:43] INFO 1 robot lidar topic(s) received a message
PASSED                                                                   [100%]
------------------------------ live log teardown -------------------------------
[09:10:43] INFO Tearing down stack
[09:10:43] INFO $ /home/andrew/Development/AirStack/airstack.sh down
[09:10:54] INFO Teardown finished in 11.19s
---------------------------- live log sessionfinish ----------------------------
[09:10:54] INFO Wrote run metadata to /home/andrew/Development/AirStack/tests/results/2026-08-20_08-55-52/run_meta.json
[09:10:54] INFO Wrote run summary to /home/andrew/Development/AirStack/tests/results/2026-08-20_08-55-52/summary.txt


- generated xml file: /home/andrew/Development/AirStack/tests/results/2026-08-20_08-55-52/results.xml -
============================== slowest durations ===============================
468.90s call     system/test_sensors.py::TestSensors::test_sensor_streams_stable[isaacsim-rob#1-iter0]
158.12s call     system/test_liveliness.py::TestLiveliness::test_stable[isaacsim-rob#1-iter0]
76.03s call     system/test_liveliness.py::TestLiveliness::test_sim_ready_time[isaacsim-rob#1-iter0]
72.78s call     system/test_sensors.py::TestSensors::test_sim_clock_available[isaacsim-rob#1-iter0]
31.23s call     system/test_sensors.py::TestSensors::test_sim_topic_publish_rates[isaacsim-rob#1-iter0]
24.82s call     system/test_sensors.py::TestSensors::test_sim_clock_realtime_factor[isaacsim-rob#1-iter0]
20.86s call     system/test_sensors.py::TestSensors::test_robot_stereo_bridge_rates[isaacsim-rob#1-iter0]
11.28s teardown system/test_liveliness.py::TestLiveliness::test_stable[isaacsim-rob#1-iter0]
11.19s teardown system/test_sensors.py::TestSensors::test_sensor_streams_stable[isaacsim-rob#1-iter0]
6.82s call     system/test_liveliness.py::TestLiveliness::test_sentinel_nodes_present[isaacsim-rob#1-iter0]
6.73s call     system/test_sensors.py::TestSensors::test_sentinel_nodes_present[isaacsim-rob#1-iter0]
3.64s call     system/test_sensors.py::TestSensors::test_robot_filtered_lidar_stream[isaacsim-rob#1-iter0]
3.62s call     system/test_sensors.py::TestSensors::test_lidar_filtered_cloud_sanity[isaacsim-rob#1-iter0]
2.58s call     system/test_liveliness.py::TestLiveliness::test_compute_usage[isaacsim-rob#1-iter0]
0.97s setup    system/test_sensors.py::TestSensors::test_sim_clock_available[isaacsim-rob#1-iter0]
0.95s setup    system/test_liveliness.py::TestLiveliness::test_robot_containers_running[isaacsim-rob#1-iter0]
0.07s call     system/test_liveliness.py::TestLiveliness::test_tmux_panes_have_expected_processes[isaacsim-rob#1-iter0]
0.02s call     system/test_liveliness.py::TestLiveliness::test_robot_containers_running[isaacsim-rob#1-iter0]
0.02s call     system/test_liveliness.py::TestLiveliness::test_gcs_container_running[isaacsim-rob#1-iter0]
0.01s call     system/test_liveliness.py::TestLiveliness::test_sim_container_running[isaacsim-rob#1-iter0]
0.00s setup    system/test_liveliness.py::TestLiveliness::test_sim_ready_time[isaacsim-rob#1-iter0]
0.00s setup    system/test_liveliness.py::TestLiveliness::test_tmux_panes_have_expected_processes[isaacsim-rob#1-iter0]
0.00s setup    system/test_sensors.py::TestSensors::test_sim_topic_publish_rates[isaacsim-rob#1-iter0]
0.00s setup    system/test_liveliness.py::TestLiveliness::test_compute_usage[isaacsim-rob#1-iter0]
0.00s setup    system/test_liveliness.py::TestLiveliness::test_stable[isaacsim-rob#1-iter0]
0.00s setup    system/test_sensors.py::TestSensors::test_robot_filtered_lidar_stream[isaacsim-rob#1-iter0]
0.00s setup    system/test_liveliness.py::TestLiveliness::test_sentinel_nodes_present[isaacsim-rob#1-iter0]
0.00s setup    system/test_sensors.py::TestSensors::test_sensor_streams_stable[isaacsim-rob#1-iter0]
0.00s setup    system/test_sensors.py::TestSensors::test_sentinel_nodes_present[isaacsim-rob#1-iter0]
0.00s setup    system/test_liveliness.py::TestLiveliness::test_gcs_container_running[isaacsim-rob#1-iter0]
0.00s teardown system/test_sensors.py::TestSensors::test_sim_topic_publish_rates[isaacsim-rob#1-iter0]
0.00s setup    system/test_liveliness.py::TestLiveliness::test_sim_container_running[isaacsim-rob#1-iter0]
0.00s teardown system/test_sensors.py::TestSensors::test_sim_clock_available[isaacsim-rob#1-iter0]
0.00s teardown system/test_liveliness.py::TestLiveliness::test_tmux_panes_have_expected_processes[isaacsim-rob#1-iter0]
0.00s setup    system/test_sensors.py::TestSensors::test_robot_stereo_bridge_rates[isaacsim-rob#1-iter0]
0.00s setup    system/test_sensors.py::TestSensors::test_sim_clock_realtime_factor[isaacsim-rob#1-iter0]
0.00s teardown system/test_liveliness.py::TestLiveliness::test_sentinel_nodes_present[isaacsim-rob#1-iter0]
0.00s teardown system/test_sensors.py::TestSensors::test_robot_stereo_bridge_rates[isaacsim-rob#1-iter0]
0.00s teardown system/test_liveliness.py::TestLiveliness::test_gcs_container_running[isaacsim-rob#1-iter0]
0.00s teardown system/test_sensors.py::TestSensors::test_lidar_filtered_cloud_sanity[isaacsim-rob#1-iter0]
0.00s teardown system/test_liveliness.py::TestLiveliness::test_sim_container_running[isaacsim-rob#1-iter0]
0.00s teardown system/test_liveliness.py::TestLiveliness::test_compute_usage[isaacsim-rob#1-iter0]
0.00s teardown system/test_liveliness.py::TestLiveliness::test_sim_ready_time[isaacsim-rob#1-iter0]
0.00s setup    system/test_sensors.py::TestSensors::test_lidar_filtered_cloud_sanity[isaacsim-rob#1-iter0]
0.00s teardown system/test_sensors.py::TestSensors::test_sentinel_nodes_present[isaacsim-rob#1-iter0]
0.00s teardown system/test_liveliness.py::TestLiveliness::test_robot_containers_running[isaacsim-rob#1-iter0]
0.00s teardown system/test_sensors.py::TestSensors::test_robot_filtered_lidar_stream[isaacsim-rob#1-iter0]
0.00s teardown system/test_sensors.py::TestSensors::test_sim_clock_realtime_factor[isaacsim-rob#1-iter0]
================ 16 passed, 249 deselected in 901.36s (0:15:01) ================
EXIT_LIVSEN=0
=== takeoff_hover_land (isaacsim) ===
access control disabled, clients can connect from any host
 Image airlab-docker.andrew.cmu.edu/airstack/airstack:v0.19.0-alpha.17_tests Building 
 Image airlab-docker.andrew.cmu.edu/airstack/airstack:v0.19.0-alpha.17_tests Built 
 Container docker-test-run-ba999123313c Creating 
 Container docker-test-run-ba999123313c Created 
============================= test session starts ==============================
platform linux -- Python 3.12.14, pytest-9.1.1, pluggy-1.6.0 -- /usr/local/bin/python3.12
cachedir: /tmp/.pytest_cache
rootdir: /home/andrew/Development/AirStack/tests
configfile: pytest.ini
testpaths: .
plugins: dependency-0.6.1, timeout-2.4.0
collecting ... collected 305 items / 297 deselected / 8 selected

system/test_takeoff_hover_land.py::TestTakeoffHoverLand::test_px4_ready[isaacsim-rob#1-v1.0-iter0] 
-------------------------------- live log setup --------------------------------
[09:10:56] INFO $ docker compose -f /home/andrew/Development/AirStack/docker-compose.yaml config --images
[09:10:56] INFO $ docker image inspect airlab-docker.andrew.cmu.edu/airstack/airstack:v0.19.0-alpha.17_isaac-sim --format '{{.Id}}'
[09:10:56] INFO $ docker image inspect airlab-docker.andrew.cmu.edu/airstack/airstack:v0.19.0-alpha.17_robot-x86-64_dev --format '{{.Id}}'
[09:10:56] INFO $ docker image inspect airlab-docker.andrew.cmu.edu/airstack/airstack:v0.19.0-alpha.17_gcs --format '{{.Id}}'
[09:10:56] INFO Shutting down any previously running stack
[09:10:56] INFO $ /home/andrew/Development/AirStack/airstack.sh down
[09:10:56] INFO Bringing up stack: sim=isaacsim num_robots=1 iter=0 headless=True
[09:10:56] INFO $ /home/andrew/Development/AirStack/airstack.sh up
[09:10:57] INFO airstack up returned 0 in 0.70s
-------------------------------- live log call ---------------------------------
[09:10:57] INFO $ docker ps --filter 'name=robot.*desktop' --format '{{.Names}}'
[09:10:57] INFO $ docker exec airstack-robot-desktop-1 bash -c 'source /opt/ros/jazzy/setup.bash && source /root/AirStack/robot/ros_ws/install/setup.bash && export ROS_DOMAIN_ID=1 && timeout 5 ros2 topic echo --once --csv --field connected /robot_1/interface/mavros/state'
[09:10:58] INFO px4_ready: connected=[] pending=[1] elapsed=1s
[09:11:00] INFO $ docker exec airstack-robot-desktop-1 bash -c 'source /opt/ros/jazzy/setup.bash && source /root/AirStack/robot/ros_ws/install/setup.bash && export ROS_DOMAIN_ID=1 && timeout 5 ros2 topic echo --once --csv --field connected /robot_1/interface/mavros/state'
[09:11:00] INFO px4_ready: connected=[] pending=[1] elapsed=4s
[09:11:02] INFO $ docker exec airstack-robot-desktop-1 bash -c 'source /opt/ros/jazzy/setup.bash && source /root/AirStack/robot/ros_ws/install/setup.bash && export ROS_DOMAIN_ID=1 && timeout 5 ros2 topic echo --once --csv --field connected /robot_1/interface/mavros/state'
[09:11:08] INFO px4_ready: connected=[] pending=[1] elapsed=11s
[09:11:10] INFO $ docker exec airstack-robot-desktop-1 bash -c 'source /opt/ros/jazzy/setup.bash && source /root/AirStack/robot/ros_ws/install/setup.bash && export ROS_DOMAIN_ID=1 && timeout 5 ros2 topic echo --once --csv --field connected /robot_1/interface/mavros/state'
[09:11:11] INFO px4_ready: connected=[] pending=[1] elapsed=15s
[09:11:13] INFO $ docker exec airstack-robot-desktop-1 bash -c 'source /opt/ros/jazzy/setup.bash && source /root/AirStack/robot/ros_ws/install/setup.bash && export ROS_DOMAIN_ID=1 && timeout 5 ros2 topic echo --once --csv --field connected /robot_1/interface/mavros/state'
[09:11:15] INFO px4_ready: connected=[] pending=[1] elapsed=19s
[09:11:17] INFO $ docker exec airstack-robot-desktop-1 bash -c 'source /opt/ros/jazzy/setup.bash && source /root/AirStack/robot/ros_ws/install/setup.bash && export ROS_DOMAIN_ID=1 && timeout 5 ros2 topic echo --once --csv --field connected /robot_1/interface/mavros/state'
[09:11:19] INFO px4_ready: connected=[] pending=[1] elapsed=22s
[09:11:21] INFO $ docker exec airstack-robot-desktop-1 bash -c 'source /opt/ros/jazzy/setup.bash && source /root/AirStack/robot/ros_ws/install/setup.bash && export ROS_DOMAIN_ID=1 && timeout 5 ros2 topic echo --once --csv --field connected /robot_1/interface/mavros/state'
[09:11:23] INFO px4_ready: connected=[] pending=[1] elapsed=26s
[09:11:25] INFO $ docker exec airstack-robot-desktop-1 bash -c 'source /opt/ros/jazzy/setup.bash && source /root/AirStack/robot/ros_ws/install/setup.bash && export ROS_DOMAIN_ID=1 && timeout 5 ros2 topic echo --once --csv --field connected /robot_1/interface/mavros/state'
[09:11:27] INFO px4_ready: connected=[] pending=[1] elapsed=30s
[09:11:29] INFO $ docker exec airstack-robot-desktop-1 bash -c 'source /opt/ros/jazzy/setup.bash && source /root/AirStack/robot/ros_ws/install/setup.bash && export ROS_DOMAIN_ID=1 && timeout 5 ros2 topic echo --once --csv --field connected /robot_1/interface/mavros/state'
[09:11:33] INFO px4_ready: connected=[] pending=[1] elapsed=36s
[09:11:35] INFO $ docker exec airstack-robot-desktop-1 bash -c 'source /opt/ros/jazzy/setup.bash && source /root/AirStack/robot/ros_ws/install/setup.bash && export ROS_DOMAIN_ID=1 && timeout 5 ros2 topic echo --once --csv --field connected /robot_1/interface/mavros/state'
[09:11:37] INFO px4_ready: connected=[] pending=[1] elapsed=40s
[09:11:39] INFO $ docker exec airstack-robot-desktop-1 bash -c 'source /opt/ros/jazzy/setup.bash && source /root/AirStack/robot/ros_ws/install/setup.bash && export ROS_DOMAIN_ID=1 && timeout 5 ros2 topic echo --once --csv --field connected /robot_1/interface/mavros/state'
[09:11:42] INFO px4_ready: connected=[] pending=[1] elapsed=45s
[09:11:44] INFO $ docker exec airstack-robot-desktop-1 bash -c 'source /opt/ros/jazzy/setup.bash && source /root/AirStack/robot/ros_ws/install/setup.bash && export ROS_DOMAIN_ID=1 && timeout 5 ros2 topic echo --once --csv --field connected /robot_1/interface/mavros/state'
[09:11:48] INFO px4_ready: connected=[] pending=[1] elapsed=51s
[09:11:50] INFO $ docker exec airstack-robot-desktop-1 bash -c 'source /opt/ros/jazzy/setup.bash && source /root/AirStack/robot/ros_ws/install/setup.bash && export ROS_DOMAIN_ID=1 && timeout 5 ros2 topic echo --once --csv --field connected /robot_1/interface/mavros/state'
[09:11:52] INFO px4_ready: connected=[] pending=[1] elapsed=55s
[09:11:54] INFO $ docker exec airstack-robot-desktop-1 bash -c 'source /opt/ros/jazzy/setup.bash && source /root/AirStack/robot/ros_ws/install/setup.bash && export ROS_DOMAIN_ID=1 && timeout 5 ros2 topic echo --once --csv --field connected /robot_1/interface/mavros/state'
[09:11:57] INFO px4_ready: connected=[] pending=[1] elapsed=60s
[09:11:59] INFO $ docker exec airstack-robot-desktop-1 bash -c 'source /opt/ros/jazzy/setup.bash && source /root/AirStack/robot/ros_ws/install/setup.bash && export ROS_DOMAIN_ID=1 && timeout 5 ros2 topic echo --once --csv --field connected /robot_1/interface/mavros/state'
[09:12:03] INFO px4_ready: connected=[] pending=[1] elapsed=66s
[09:12:05] INFO $ docker exec airstack-robot-desktop-1 bash -c 'source /opt/ros/jazzy/setup.bash && source /root/AirStack/robot/ros_ws/install/setup.bash && export ROS_DOMAIN_ID=1 && timeout 5 ros2 topic echo --once --csv --field connected /robot_1/interface/mavros/state'
[09:12:06] INFO px4_ready: connected=[] pending=[1] elapsed=69s
[09:12:08] INFO $ docker exec airstack-robot-desktop-1 bash -c 'source /opt/ros/jazzy/setup.bash && source /root/AirStack/robot/ros_ws/install/setup.bash && export ROS_DOMAIN_ID=1 && timeout 5 ros2 topic echo --once --csv --field connected /robot_1/interface/mavros/state'
[09:12:12] INFO px4_ready: connected=[] pending=[1] elapsed=75s
[09:12:14] INFO $ docker exec airstack-robot-desktop-1 bash -c 'source /opt/ros/jazzy/setup.bash && source /root/AirStack/robot/ros_ws/install/setup.bash && export ROS_DOMAIN_ID=1 && timeout 5 ros2 topic echo --once --csv --field connected /robot_1/interface/mavros/state'
[09:12:15] INFO px4_ready: connected=[] pending=[1] elapsed=78s
[09:12:17] INFO $ docker exec airstack-robot-desktop-1 bash -c 'source /opt/ros/jazzy/setup.bash && source /root/AirStack/robot/ros_ws/install/setup.bash && export ROS_DOMAIN_ID=1 && timeout 5 ros2 topic echo --once --csv --field connected /robot_1/interface/mavros/state'
[09:12:21] INFO px4_ready: connected=[] pending=[1] elapsed=84s
[09:12:23] INFO $ docker exec airstack-robot-desktop-1 bash -c 'source /opt/ros/jazzy/setup.bash && source /root/AirStack/robot/ros_ws/install/setup.bash && export ROS_DOMAIN_ID=1 && timeout 5 ros2 topic echo --once --csv --field connected /robot_1/interface/mavros/state'
[09:12:24] INFO $ docker exec airstack-robot-desktop-1 bash -c 'source /opt/ros/jazzy/setup.bash && source /root/AirStack/robot/ros_ws/install/setup.bash && export ROS_DOMAIN_ID=1 && timeout 5 ros2 topic echo --once /robot_1/interface/mavros/local_position/odom'
PASSED                                                                   [ 12%]
system/test_takeoff_hover_land.py::TestTakeoffHoverLand::test_takeoff[isaacsim-rob#1-v1.0-iter0] 
-------------------------------- live log call ---------------------------------
[09:12:25] INFO $ docker ps --filter 'name=robot.*desktop' --format '{{.Names}}'
[09:12:25] INFO $ docker exec airstack-robot-desktop-1 bash -c 'source /opt/ros/jazzy/setup.bash && source /root/AirStack/robot/ros_ws/install/setup.bash && export ROS_DOMAIN_ID=1 && ros2 action send_goal --feedback /robot_1/tasks/takeoff task_msgs/action/TakeoffTask "{target_altitude_m: 10.0, velocity_m_s: 1.0}"'
[09:12:41] WARNING ground truth not available — skipping state-estimation error metrics.
PASSED                                                                   [ 25%]
system/test_takeoff_hover_land.py::TestTakeoffHoverLand::test_hover[isaacsim-rob#1-v1.0-iter0] 
-------------------------------- live log call ---------------------------------
[09:12:41] INFO $ docker ps --filter 'name=robot.*desktop' --format '{{.Names}}'
[09:12:51] WARNING ground truth not available — skipping state-estimation error metrics.
PASSED                                                                   [ 37%]
system/test_takeoff_hover_land.py::TestTakeoffHoverLand::test_landing[isaacsim-rob#1-v1.0-iter0] 
-------------------------------- live log call ---------------------------------
[09:12:51] INFO $ docker ps --filter 'name=robot.*desktop' --format '{{.Names}}'
[09:12:51] INFO $ docker exec airstack-robot-desktop-1 bash -c 'source /opt/ros/jazzy/setup.bash && source /root/AirStack/robot/ros_ws/install/setup.bash && export ROS_DOMAIN_ID=1 && ros2 action send_goal --feedback /robot_1/tasks/land task_msgs/action/LandTask "{velocity_m_s: 1.0}"'
[09:13:06] WARNING ground truth not available — skipping state-estimation error metrics.
PASSED                                                                   [ 50%]
system/test_takeoff_hover_land.py::TestTakeoffHoverLand::test_px4_ready[isaacsim-rob#3-v1.0-iter0] 
-------------------------------- live log setup --------------------------------
[09:13:06] INFO Tearing down stack
[09:13:06] INFO $ /home/andrew/Development/AirStack/airstack.sh down
[09:13:17] INFO Teardown finished in 11.14s
[09:13:17] INFO $ docker compose -f /home/andrew/Development/AirStack/docker-compose.yaml config --images
[09:13:17] INFO $ docker image inspect airlab-docker.andrew.cmu.edu/airstack/airstack:v0.19.0-alpha.17_gcs --format '{{.Id}}'
[09:13:17] INFO $ docker image inspect airlab-docker.andrew.cmu.edu/airstack/airstack:v0.19.0-alpha.17_robot-x86-64_dev --format '{{.Id}}'
[09:13:17] INFO $ docker image inspect airlab-docker.andrew.cmu.edu/airstack/airstack:v0.19.0-alpha.17_isaac-sim --format '{{.Id}}'
[09:13:17] INFO Shutting down any previously running stack
[09:13:17] INFO $ /home/andrew/Development/AirStack/airstack.sh down
[09:13:18] INFO Bringing up stack: sim=isaacsim num_robots=3 iter=0 headless=True
[09:13:18] INFO $ /home/andrew/Development/AirStack/airstack.sh up
[09:13:19] INFO airstack up returned 0 in 1.17s
-------------------------------- live log call ---------------------------------
[09:13:19] INFO $ docker ps --filter 'name=robot.*desktop' --format '{{.Names}}'
[09:13:19] INFO $ docker exec airstack-robot-desktop-1 bash -c 'source /opt/ros/jazzy/setup.bash && source /root/AirStack/robot/ros_ws/install/setup.bash && export ROS_DOMAIN_ID=1 && timeout 5 ros2 topic echo --once --csv --field connected /robot_1/interface/mavros/state'
[09:13:20] INFO $ docker exec airstack-robot-desktop-1 bash -c 'source /opt/ros/jazzy/setup.bash && source /root/AirStack/robot/ros_ws/install/setup.bash && export ROS_DOMAIN_ID=2 && timeout 5 ros2 topic echo --once --csv --field connected /robot_2/interface/mavros/state'
[09:13:21] INFO $ docker exec airstack-robot-desktop-1 bash -c 'source /opt/ros/jazzy/setup.bash && source /root/AirStack/robot/ros_ws/install/setup.bash && export ROS_DOMAIN_ID=3 && timeout 5 ros2 topic echo --once --csv --field connected /robot_3/interface/mavros/state'
[09:13:23] INFO px4_ready: connected=[] pending=[1, 2, 3] elapsed=4s
[09:13:25] INFO $ docker exec airstack-robot-desktop-1 bash -c 'source /opt/ros/jazzy/setup.bash && source /root/AirStack/robot/ros_ws/install/setup.bash && export ROS_DOMAIN_ID=1 && timeout 5 ros2 topic echo --once --csv --field connected /robot_1/interface/mavros/state'
[09:13:25] INFO $ docker exec airstack-robot-desktop-1 bash -c 'source /opt/ros/jazzy/setup.bash && source /root/AirStack/robot/ros_ws/install/setup.bash && export ROS_DOMAIN_ID=2 && timeout 5 ros2 topic echo --once --csv --field connected /robot_2/interface/mavros/state'
[09:13:28] INFO $ docker exec airstack-robot-desktop-1 bash -c 'source /opt/ros/jazzy/setup.bash && source /root/AirStack/robot/ros_ws/install/setup.bash && export ROS_DOMAIN_ID=3 && timeout 5 ros2 topic echo --once --csv --field connected /robot_3/interface/mavros/state'
[09:13:29] INFO px4_ready: connected=[] pending=[1, 2, 3] elapsed=10s
[09:13:31] INFO $ docker exec airstack-robot-desktop-1 bash -c 'source /opt/ros/jazzy/setup.bash && source /root/AirStack/robot/ros_ws/install/setup.bash && export ROS_DOMAIN_ID=1 && timeout 5 ros2 topic echo --once --csv --field connected /robot_1/interface/mavros/state'
[09:13:33] INFO $ docker exec airstack-robot-desktop-1 bash -c 'source /opt/ros/jazzy/setup.bash && source /root/AirStack/robot/ros_ws/install/setup.bash && export ROS_DOMAIN_ID=2 && timeout 5 ros2 topic echo --once --csv --field connected /robot_2/interface/mavros/state'
[09:13:34] INFO $ docker exec airstack-robot-desktop-1 bash -c 'source /opt/ros/jazzy/setup.bash && source /root/AirStack/robot/ros_ws/install/setup.bash && export ROS_DOMAIN_ID=3 && timeout 5 ros2 topic echo --once --csv --field connected /robot_3/interface/mavros/state'
[09:13:36] INFO px4_ready: connected=[] pending=[1, 2, 3] elapsed=17s
[09:13:38] INFO $ docker exec airstack-robot-desktop-1 bash -c 'source /opt/ros/jazzy/setup.bash && source /root/AirStack/robot/ros_ws/install/setup.bash && export ROS_DOMAIN_ID=1 && timeout 5 ros2 topic echo --once --csv --field connected /robot_1/interface/mavros/state'
[09:13:41] INFO $ docker exec airstack-robot-desktop-1 bash -c 'source /opt/ros/jazzy/setup.bash && source /root/AirStack/robot/ros_ws/install/setup.bash && export ROS_DOMAIN_ID=2 && timeout 5 ros2 topic echo --once --csv --field connected /robot_2/interface/mavros/state'
[09:13:43] INFO $ docker exec airstack-robot-desktop-1 bash -c 'source /opt/ros/jazzy/setup.bash && source /root/AirStack/robot/ros_ws/install/setup.bash && export ROS_DOMAIN_ID=3 && timeout 5 ros2 topic echo --once --csv --field connected /robot_3/interface/mavros/state'
[09:13:45] INFO px4_ready: connected=[] pending=[1, 2, 3] elapsed=26s
[09:13:47] INFO $ docker exec airstack-robot-desktop-1 bash -c 'source /opt/ros/jazzy/setup.bash && source /root/AirStack/robot/ros_ws/install/setup.bash && export ROS_DOMAIN_ID=1 && timeout 5 ros2 topic echo --once --csv --field connected /robot_1/interface/mavros/state'
[09:13:50] INFO $ docker exec airstack-robot-desktop-1 bash -c 'source /opt/ros/jazzy/setup.bash && source /root/AirStack/robot/ros_ws/install/setup.bash && export ROS_DOMAIN_ID=2 && timeout 5 ros2 topic echo --once --csv --field connected /robot_2/interface/mavros/state'
[09:13:52] INFO $ docker exec airstack-robot-desktop-1 bash -c 'source /opt/ros/jazzy/setup.bash && source /root/AirStack/robot/ros_ws/install/setup.bash && export ROS_DOMAIN_ID=3 && timeout 5 ros2 topic echo --once --csv --field connected /robot_3/interface/mavros/state'
[09:13:54] INFO px4_ready: connected=[] pending=[1, 2, 3] elapsed=35s
[09:13:56] INFO $ docker exec airstack-robot-desktop-1 bash -c 'source /opt/ros/jazzy/setup.bash && source /root/AirStack/robot/ros_ws/install/setup.bash && export ROS_DOMAIN_ID=1 && timeout 5 ros2 topic echo --once --csv --field connected /robot_1/interface/mavros/state'
[09:13:58] INFO $ docker exec airstack-robot-desktop-1 bash -c 'source /opt/ros/jazzy/setup.bash && source /root/AirStack/robot/ros_ws/install/setup.bash && export ROS_DOMAIN_ID=2 && timeout 5 ros2 topic echo --once --csv --field connected /robot_2/interface/mavros/state'
[09:14:01] INFO $ docker exec airstack-robot-desktop-1 bash -c 'source /opt/ros/jazzy/setup.bash && source /root/AirStack/robot/ros_ws/install/setup.bash && export ROS_DOMAIN_ID=3 && timeout 5 ros2 topic echo --once --csv --field connected /robot_3/interface/mavros/state'
[09:14:03] INFO px4_ready: connected=[] pending=[1, 2, 3] elapsed=44s
[09:14:05] INFO $ docker exec airstack-robot-desktop-1 bash -c 'source /opt/ros/jazzy/setup.bash && source /root/AirStack/robot/ros_ws/install/setup.bash && export ROS_DOMAIN_ID=1 && timeout 5 ros2 topic echo --once --csv --field connected /robot_1/interface/mavros/state'
[09:14:08] INFO $ docker exec airstack-robot-desktop-1 bash -c 'source /opt/ros/jazzy/setup.bash && source /root/AirStack/robot/ros_ws/install/setup.bash && export ROS_DOMAIN_ID=2 && timeout 5 ros2 topic echo --once --csv --field connected /robot_2/interface/mavros/state'
[09:14:10] INFO $ docker exec airstack-robot-desktop-1 bash -c 'source /opt/ros/jazzy/setup.bash && source /root/AirStack/robot/ros_ws/install/setup.bash && export ROS_DOMAIN_ID=3 && timeout 5 ros2 topic echo --once --csv --field connected /robot_3/interface/mavros/state'
[09:14:12] INFO px4_ready: connected=[] pending=[1, 2, 3] elapsed=53s
[09:14:14] INFO $ docker exec airstack-robot-desktop-1 bash -c 'source /opt/ros/jazzy/setup.bash && source /root/AirStack/robot/ros_ws/install/setup.bash && export ROS_DOMAIN_ID=1 && timeout 5 ros2 topic echo --once --csv --field connected /robot_1/interface/mavros/state'
[09:14:16] INFO $ docker exec airstack-robot-desktop-1 bash -c 'source /opt/ros/jazzy/setup.bash && source /root/AirStack/robot/ros_ws/install/setup.bash && export ROS_DOMAIN_ID=2 && timeout 5 ros2 topic echo --once --csv --field connected /robot_2/interface/mavros/state'
[09:14:19] INFO $ docker exec airstack-robot-desktop-1 bash -c 'source /opt/ros/jazzy/setup.bash && source /root/AirStack/robot/ros_ws/install/setup.bash && export ROS_DOMAIN_ID=3 && timeout 5 ros2 topic echo --once --csv --field connected /robot_3/interface/mavros/state'
[09:14:21] INFO px4_ready: connected=[] pending=[1, 2, 3] elapsed=63s
[09:14:23] INFO $ docker exec airstack-robot-desktop-1 bash -c 'source /opt/ros/jazzy/setup.bash && source /root/AirStack/robot/ros_ws/install/setup.bash && export ROS_DOMAIN_ID=1 && timeout 5 ros2 topic echo --once --csv --field connected /robot_1/interface/mavros/state'
[09:14:25] INFO $ docker exec airstack-robot-desktop-1 bash -c 'source /opt/ros/jazzy/setup.bash && source /root/AirStack/robot/ros_ws/install/setup.bash && export ROS_DOMAIN_ID=2 && timeout 5 ros2 topic echo --once --csv --field connected /robot_2/interface/mavros/state'
[09:14:28] INFO $ docker exec airstack-robot-desktop-1 bash -c 'source /opt/ros/jazzy/setup.bash && source /root/AirStack/robot/ros_ws/install/setup.bash && export ROS_DOMAIN_ID=3 && timeout 5 ros2 topic echo --once --csv --field connected /robot_3/interface/mavros/state'
[09:14:29] INFO px4_ready: connected=[] pending=[1, 2, 3] elapsed=71s
[09:14:31] INFO $ docker exec airstack-robot-desktop-1 bash -c 'source /opt/ros/jazzy/setup.bash && source /root/AirStack/robot/ros_ws/install/setup.bash && export ROS_DOMAIN_ID=1 && timeout 5 ros2 topic echo --once --csv --field connected /robot_1/interface/mavros/state'
[09:14:33] INFO $ docker exec airstack-robot-desktop-1 bash -c 'source /opt/ros/jazzy/setup.bash && source /root/AirStack/robot/ros_ws/install/setup.bash && export ROS_DOMAIN_ID=2 && timeout 5 ros2 topic echo --once --csv --field connected /robot_2/interface/mavros/state'
[09:14:34] INFO $ docker exec airstack-robot-desktop-1 bash -c 'source /opt/ros/jazzy/setup.bash && source /root/AirStack/robot/ros_ws/install/setup.bash && export ROS_DOMAIN_ID=3 && timeout 5 ros2 topic echo --once --csv --field connected /robot_3/interface/mavros/state'
[09:14:36] INFO px4_ready: connected=[] pending=[1, 2, 3] elapsed=77s
[09:14:38] INFO $ docker exec airstack-robot-desktop-1 bash -c 'source /opt/ros/jazzy/setup.bash && source /root/AirStack/robot/ros_ws/install/setup.bash && export ROS_DOMAIN_ID=1 && timeout 5 ros2 topic echo --once --csv --field connected /robot_1/interface/mavros/state'
[09:14:40] INFO $ docker exec airstack-robot-desktop-1 bash -c 'source /opt/ros/jazzy/setup.bash && source /root/AirStack/robot/ros_ws/install/setup.bash && export ROS_DOMAIN_ID=2 && timeout 5 ros2 topic echo --once --csv --field connected /robot_2/interface/mavros/state'
[09:14:41] INFO $ docker exec airstack-robot-desktop-1 bash -c 'source /opt/ros/jazzy/setup.bash && source /root/AirStack/robot/ros_ws/install/setup.bash && export ROS_DOMAIN_ID=3 && timeout 5 ros2 topic echo --once --csv --field connected /robot_3/interface/mavros/state'
[09:14:43] INFO px4_ready: connected=[] pending=[1, 2, 3] elapsed=84s
[09:14:45] INFO $ docker exec airstack-robot-desktop-1 bash -c 'source /opt/ros/jazzy/setup.bash && source /root/AirStack/robot/ros_ws/install/setup.bash && export ROS_DOMAIN_ID=1 && timeout 5 ros2 topic echo --once --csv --field connected /robot_1/interface/mavros/state'
[09:14:46] INFO $ docker exec airstack-robot-desktop-1 bash -c 'source /opt/ros/jazzy/setup.bash && source /root/AirStack/robot/ros_ws/install/setup.bash && export ROS_DOMAIN_ID=2 && timeout 5 ros2 topic echo --once --csv --field connected /robot_2/interface/mavros/state'
[09:14:49] INFO $ docker exec airstack-robot-desktop-1 bash -c 'source /opt/ros/jazzy/setup.bash && source /root/AirStack/robot/ros_ws/install/setup.bash && export ROS_DOMAIN_ID=2 && timeout 5 ros2 topic echo --once /robot_2/interface/mavros/local_position/odom'
[09:14:52] INFO $ docker exec airstack-robot-desktop-1 bash -c 'source /opt/ros/jazzy/setup.bash && source /root/AirStack/robot/ros_ws/install/setup.bash && export ROS_DOMAIN_ID=3 && timeout 5 ros2 topic echo --once --csv --field connected /robot_3/interface/mavros/state'
[09:14:54] INFO $ docker exec airstack-robot-desktop-1 bash -c 'source /opt/ros/jazzy/setup.bash && source /root/AirStack/robot/ros_ws/install/setup.bash && export ROS_DOMAIN_ID=3 && timeout 5 ros2 topic echo --once /robot_3/interface/mavros/local_position/odom'
[09:14:55] INFO px4_ready: connected=[2, 3] pending=[1] elapsed=97s
[09:14:57] INFO $ docker exec airstack-robot-desktop-1 bash -c 'source /opt/ros/jazzy/setup.bash && source /root/AirStack/robot/ros_ws/install/setup.bash && export ROS_DOMAIN_ID=1 && timeout 5 ros2 topic echo --once --csv --field connected /robot_1/interface/mavros/state'
[09:14:59] INFO $ docker exec airstack-robot-desktop-1 bash -c 'source /opt/ros/jazzy/setup.bash && source /root/AirStack/robot/ros_ws/install/setup.bash && export ROS_DOMAIN_ID=1 && timeout 5 ros2 topic echo --once /robot_1/interface/mavros/local_position/odom'
PASSED                                                                   [ 62%]
system/test_takeoff_hover_land.py::TestTakeoffHoverLand::test_takeoff[isaacsim-rob#3-v1.0-iter0] 
-------------------------------- live log call ---------------------------------
[09:15:01] INFO $ docker ps --filter 'name=robot.*desktop' --format '{{.Names}}'
[09:15:01] INFO $ docker exec airstack-robot-desktop-1 bash -c 'source /opt/ros/jazzy/setup.bash && source /root/AirStack/robot/ros_ws/install/setup.bash && export ROS_DOMAIN_ID=1 && ros2 action send_goal --feedback /robot_1/tasks/takeoff task_msgs/action/TakeoffTask "{target_altitude_m: 10.0, velocity_m_s: 1.0}"'
[09:15:01] INFO $ docker exec airstack-robot-desktop-1 bash -c 'source /opt/ros/jazzy/setup.bash && source /root/AirStack/robot/ros_ws/install/setup.bash && export ROS_DOMAIN_ID=2 && ros2 action send_goal --feedback /robot_2/tasks/takeoff task_msgs/action/TakeoffTask "{target_altitude_m: 10.0, velocity_m_s: 1.0}"'
[09:15:01] INFO $ docker exec airstack-robot-desktop-1 bash -c 'source /opt/ros/jazzy/setup.bash && source /root/AirStack/robot/ros_ws/install/setup.bash && export ROS_DOMAIN_ID=3 && ros2 action send_goal --feedback /robot_3/tasks/takeoff task_msgs/action/TakeoffTask "{target_altitude_m: 10.0, velocity_m_s: 1.0}"'
[09:15:28] WARNING ground truth not available — skipping state-estimation error metrics.
[09:15:28] WARNING ground truth not available — skipping state-estimation error metrics.
[09:15:29] WARNING ground truth not available — skipping state-estimation error metrics.
PASSED                                                                   [ 75%]
system/test_takeoff_hover_land.py::TestTakeoffHoverLand::test_hover[isaacsim-rob#3-v1.0-iter0] 
-------------------------------- live log call ---------------------------------
[09:15:29] INFO $ docker ps --filter 'name=robot.*desktop' --format '{{.Names}}'
[09:15:39] WARNING ground truth not available — skipping state-estimation error metrics.
[09:15:39] WARNING ground truth not available — skipping state-estimation error metrics.
[09:15:39] WARNING ground truth not available — skipping state-estimation error metrics.
PASSED                                                                   [ 87%]
system/test_takeoff_hover_land.py::TestTakeoffHoverLand::test_landing[isaacsim-rob#3-v1.0-iter0] 
-------------------------------- live log call ---------------------------------
[09:15:39] INFO $ docker ps --filter 'name=robot.*desktop' --format '{{.Names}}'
[09:15:39] INFO $ docker exec airstack-robot-desktop-1 bash -c 'source /opt/ros/jazzy/setup.bash && source /root/AirStack/robot/ros_ws/install/setup.bash && export ROS_DOMAIN_ID=2 && ros2 action send_goal --feedback /robot_2/tasks/land task_msgs/action/LandTask "{velocity_m_s: 1.0}"'
[09:15:39] INFO $ docker exec airstack-robot-desktop-1 bash -c 'source /opt/ros/jazzy/setup.bash && source /root/AirStack/robot/ros_ws/install/setup.bash && export ROS_DOMAIN_ID=1 && ros2 action send_goal --feedback /robot_1/tasks/land task_msgs/action/LandTask "{velocity_m_s: 1.0}"'
[09:15:39] INFO $ docker exec airstack-robot-desktop-1 bash -c 'source /opt/ros/jazzy/setup.bash && source /root/AirStack/robot/ros_ws/install/setup.bash && export ROS_DOMAIN_ID=3 && ros2 action send_goal --feedback /robot_3/tasks/land task_msgs/action/LandTask "{velocity_m_s: 1.0}"'
[09:16:10] WARNING ground truth not available — skipping state-estimation error metrics.
[09:16:11] WARNING ground truth not available — skipping state-estimation error metrics.
[09:16:13] WARNING ground truth not available — skipping state-estimation error metrics.
PASSED                                                                   [100%]
------------------------------ live log teardown -------------------------------
[09:16:13] INFO Tearing down stack
[09:16:13] INFO $ /home/andrew/Development/AirStack/airstack.sh down
[09:16:24] INFO Teardown finished in 11.25s
---------------------------- live log sessionfinish ----------------------------
[09:16:24] INFO Wrote run metadata to /home/andrew/Development/AirStack/tests/results/2026-08-20_09-10-55/run_meta.json
[09:16:24] INFO Wrote run summary to /home/andrew/Development/AirStack/tests/results/2026-08-20_09-10-55/summary.txt


- generated xml file: /home/andrew/Development/AirStack/tests/results/2026-08-20_09-10-55/results.xml -
============================== slowest durations ===============================
102.17s call     system/test_takeoff_hover_land.py::TestTakeoffHoverLand::test_px4_ready[isaacsim-rob#3-v1.0-iter0]
88.60s call     system/test_takeoff_hover_land.py::TestTakeoffHoverLand::test_px4_ready[isaacsim-rob#1-v1.0-iter0]
33.94s call     system/test_takeoff_hover_land.py::TestTakeoffHoverLand::test_landing[isaacsim-rob#3-v1.0-iter0]
27.61s call     system/test_takeoff_hover_land.py::TestTakeoffHoverLand::test_takeoff[isaacsim-rob#3-v1.0-iter0]
15.96s call     system/test_takeoff_hover_land.py::TestTakeoffHoverLand::test_takeoff[isaacsim-rob#1-v1.0-iter0]
14.96s call     system/test_takeoff_hover_land.py::TestTakeoffHoverLand::test_landing[isaacsim-rob#1-v1.0-iter0]
12.53s setup    system/test_takeoff_hover_land.py::TestTakeoffHoverLand::test_px4_ready[isaacsim-rob#3-v1.0-iter0]
11.26s teardown system/test_takeoff_hover_land.py::TestTakeoffHoverLand::test_landing[isaacsim-rob#3-v1.0-iter0]
10.05s call     system/test_takeoff_hover_land.py::TestTakeoffHoverLand::test_hover[isaacsim-rob#3-v1.0-iter0]
10.03s call     system/test_takeoff_hover_land.py::TestTakeoffHoverLand::test_hover[isaacsim-rob#1-v1.0-iter0]
0.93s setup    system/test_takeoff_hover_land.py::TestTakeoffHoverLand::test_px4_ready[isaacsim-rob#1-v1.0-iter0]
0.00s setup    system/test_takeoff_hover_land.py::TestTakeoffHoverLand::test_takeoff[isaacsim-rob#3-v1.0-iter0]
0.00s setup    system/test_takeoff_hover_land.py::TestTakeoffHoverLand::test_hover[isaacsim-rob#3-v1.0-iter0]
0.00s setup    system/test_takeoff_hover_land.py::TestTakeoffHoverLand::test_landing[isaacsim-rob#1-v1.0-iter0]
0.00s setup    system/test_takeoff_hover_land.py::TestTakeoffHoverLand::test_landing[isaacsim-rob#3-v1.0-iter0]
0.00s setup    system/test_takeoff_hover_land.py::TestTakeoffHoverLand::test_takeoff[isaacsim-rob#1-v1.0-iter0]
0.00s setup    system/test_takeoff_hover_land.py::TestTakeoffHoverLand::test_hover[isaacsim-rob#1-v1.0-iter0]
0.00s teardown system/test_takeoff_hover_land.py::TestTakeoffHoverLand::test_px4_ready[isaacsim-rob#3-v1.0-iter0]
0.00s teardown system/test_takeoff_hover_land.py::TestTakeoffHoverLand::test_takeoff[isaacsim-rob#3-v1.0-iter0]
0.00s teardown system/test_takeoff_hover_land.py::TestTakeoffHoverLand::test_hover[isaacsim-rob#1-v1.0-iter0]
0.00s teardown system/test_takeoff_hover_land.py::TestTakeoffHoverLand::test_px4_ready[isaacsim-rob#1-v1.0-iter0]
0.00s teardown system/test_takeoff_hover_land.py::TestTakeoffHoverLand::test_hover[isaacsim-rob#3-v1.0-iter0]
0.00s teardown system/test_takeoff_hover_land.py::TestTakeoffHoverLand::test_landing[isaacsim-rob#1-v1.0-iter0]
0.00s teardown system/test_takeoff_hover_land.py::TestTakeoffHoverLand::test_takeoff[isaacsim-rob#1-v1.0-iter0]
================ 8 passed, 297 deselected in 328.75s (0:05:28) =================
EXIT_TAKEOFF=0
=== DONE 2026-08-20 05:16:24 ===
