disaster-dataset-robot-desktop-1 [2026-08-27 04:12:46] mem=32MB/max oom_kill=0 | rayfronts=0MB raven=0MB lvlm_baseline_node=0MB ddsrouter=5MB gossip=0MB | top: python3:14MB python3:13MB -bash:4MB -bash:4MB ps:4MB
disaster-dataset-robot-desktop-2 [2026-08-27 04:12:46] mem=12MB/max oom_kill=0 | rayfronts=0MB raven=0MB lvlm_baseline_node=0MB ddsrouter=3MB gossip=0MB | top: -bash:4MB -bash:4MB ps:4MB tmux:3MB ddsrouter:3MB
disaster-dataset-robot-desktop-3 [2026-08-27 04:12:46] mem=85MB/max oom_kill=0 | rayfronts=0MB raven=0MB lvlm_baseline_node=0MB ddsrouter=3MB gossip=0MB | top: python3:42MB python3:28MB cmake:16MB cmake:15MB cmake:15MB
disaster-dataset-gcs-1 [2026-08-27 04:12:47] mem=131MB/max oom_kill=0 | rayfronts=0MB raven=0MB lvlm_baseline_node=0MB ddsrouter=0MB gossip=0MB | top: python3:39MB python3:27MB python3:27MB python3:26MB python3:26MB
disaster-dataset-robot-desktop-1 [2026-08-27 04:12:52] mem=130MB/max oom_kill=0 | rayfronts=0MB raven=0MB lvlm_baseline_node=0MB ddsrouter=3MB gossip=0MB | top: python3:70MB python3:70MB python3:70MB -bash:4MB -bash:4MB
disaster-dataset-robot-desktop-2 [2026-08-27 04:12:52] mem=12MB/max oom_kill=0 | rayfronts=0MB raven=0MB lvlm_baseline_node=0MB ddsrouter=3MB gossip=0MB | top: -bash:4MB -bash:4MB ps:4MB tmux:3MB ddsrouter:3MB
disaster-dataset-robot-desktop-3 [2026-08-27 04:12:52] mem=122MB/max oom_kill=0 | rayfronts=0MB raven=0MB lvlm_baseline_node=0MB ddsrouter=0MB gossip=0MB | top: python3:44MB python3:31MB python3:18MB cmake:15MB cmake:15MB
disaster-dataset-gcs-1 [2026-08-27 04:12:53] mem=87MB/max oom_kill=0 | rayfronts=0MB raven=0MB lvlm_baseline_node=0MB ddsrouter=3MB gossip=0MB | top: python3:41MB python3:30MB cmake:15MB python3:15MB cmake:5MB
disaster-dataset-robot-desktop-1 [2026-08-27 04:12:58] mem=130MB/max oom_kill=0 | rayfronts=0MB raven=0MB lvlm_baseline_node=0MB ddsrouter=3MB gossip=0MB | top: python3:70MB python3:70MB python3:70MB -bash:4MB -bash:4MB
disaster-dataset-robot-desktop-2 [2026-08-27 04:12:58] mem=12MB/max oom_kill=0 | rayfronts=0MB raven=0MB lvlm_baseline_node=0MB ddsrouter=3MB gossip=0MB | top: -bash:4MB -bash:4MB ps:4MB tmux:3MB ddsrouter:3MB
disaster-dataset-robot-desktop-3 [2026-08-27 04:12:58] mem=128MB/max oom_kill=0 | rayfronts=0MB raven=0MB lvlm_baseline_node=0MB ddsrouter=3MB gossip=0MB | top: python3:51MB python3:31MB python3:31MB cmake:16MB -bash:4MB
disaster-dataset-gcs-1 [2026-08-27 04:12:58] mem=847MB/max oom_kill=0 | rayfronts=0MB raven=0MB lvlm_baseline_node=0MB ddsrouter=0MB gossip=0MB | top: foxglove-studio:230MB foxglove-studio:197MB foxglove-studio:182MB foxglove-studio:169MB python3:86MB
disaster-dataset-robot-desktop-1 [2026-08-27 04:13:04] mem=157MB/max oom_kill=0 | rayfronts=0MB raven=0MB lvlm_baseline_node=0MB ddsrouter=3MB gossip=0MB | top: python3:71MB python3:70MB python3:70MB python3:43MB -bash:4MB
disaster-dataset-robot-desktop-2 [2026-08-27 04:13:04] mem=137MB/max oom_kill=0 | rayfronts=0MB raven=0MB lvlm_baseline_node=0MB ddsrouter=0MB gossip=0MB | top: python3:43MB python3:31MB python3:27MB python3:19MB cmake:15MB
disaster-dataset-robot-desktop-3 [2026-08-27 04:13:04] mem=840MB/max oom_kill=0 | rayfronts=0MB raven=0MB lvlm_baseline_node=0MB ddsrouter=0MB gossip=77MB | top: component_contai:99MB python3:99MB robot_interface_:92MB mavros_node:92MB droan_gl_node:91MB
disaster-dataset-gcs-1 [2026-08-27 04:13:04] mem=1090MB/max oom_kill=0 | rayfronts=0MB raven=0MB lvlm_baseline_node=0MB ddsrouter=0MB gossip=0MB | top: foxglove-studio:426MB foxglove-studio:214MB foxglove-studio:203MB foxglove-studio:170MB python3:93MB
disaster-dataset-robot-desktop-1 [2026-08-27 04:13:09] mem=199MB/max oom_kill=0 | rayfronts=0MB raven=0MB lvlm_baseline_node=0MB ddsrouter=3MB gossip=0MB | top: python3:90MB python3:77MB python3:70MB python3:70MB -bash:4MB
disaster-dataset-robot-desktop-2 [2026-08-27 04:13:09] mem=224MB/max oom_kill=0 | rayfronts=0MB raven=0MB lvlm_baseline_node=0MB ddsrouter=0MB gossip=0MB | top: python3:51MB python3:34MB python3:32MB python3:32MB python3:32MB
disaster-dataset-robot-desktop-3 [2026-08-27 04:13:09] mem=967MB/max oom_kill=0 | rayfronts=0MB raven=0MB lvlm_baseline_node=0MB ddsrouter=0MB gossip=86MB | top: mavros_node:140MB python3:107MB component_contai:103MB robot_interface_:96MB droan_gl_node:94MB
disaster-dataset-gcs-1 [2026-08-27 04:13:09] mem=1093MB/max oom_kill=0 | rayfronts=0MB raven=0MB lvlm_baseline_node=0MB ddsrouter=0MB gossip=0MB | top: foxglove-studio:427MB foxglove-studio:214MB foxglove-studio:203MB foxglove-studio:170MB python3:94MB
disaster-dataset-robot-desktop-1 [2026-08-27 04:13:15] mem=313MB/max oom_kill=0 | rayfronts=0MB raven=0MB lvlm_baseline_node=0MB ddsrouter=0MB gossip=0MB | top: python3:90MB python3:77MB python3:74MB python3:70MB python3:43MB
disaster-dataset-robot-desktop-2 [2026-08-27 04:13:15] mem=756MB/max oom_kill=0 | rayfronts=0MB raven=0MB lvlm_baseline_node=0MB ddsrouter=0MB gossip=74MB | top: python3:101MB component_contai:98MB droan_gl_node:88MB python3:86MB python3:82MB
disaster-dataset-robot-desktop-3 [2026-08-27 04:13:15] mem=968MB/max oom_kill=0 | rayfronts=0MB raven=0MB lvlm_baseline_node=0MB ddsrouter=0MB gossip=86MB | top: mavros_node:141MB python3:108MB component_contai:103MB robot_interface_:96MB droan_gl_node:94MB
disaster-dataset-gcs-1 [2026-08-27 04:13:15] mem=1106MB/max oom_kill=0 | rayfronts=0MB raven=0MB lvlm_baseline_node=0MB ddsrouter=0MB gossip=0MB | top: foxglove-studio:428MB foxglove-studio:215MB foxglove-studio:203MB foxglove-studio:170MB python3:94MB
disaster-dataset-robot-desktop-1 [2026-08-27 04:13:21] mem=282MB/max oom_kill=0 | rayfronts=0MB raven=0MB lvlm_baseline_node=0MB ddsrouter=3MB gossip=0MB | top: python3:90MB python3:77MB python3:77MB python3:70MB python3:46MB
disaster-dataset-robot-desktop-2 [2026-08-27 04:13:21] mem=942MB/max oom_kill=0 | rayfronts=0MB raven=0MB lvlm_baseline_node=0MB ddsrouter=0MB gossip=86MB | top: mavros_node:125MB python3:109MB component_contai:103MB robot_interface_:97MB droan_gl_node:93MB
disaster-dataset-robot-desktop-3 [2026-08-27 04:13:21] mem=969MB/max oom_kill=0 | rayfronts=0MB raven=0MB lvlm_baseline_node=0MB ddsrouter=0MB gossip=86MB | top: mavros_node:141MB python3:108MB component_contai:103MB robot_interface_:96MB droan_gl_node:94MB
disaster-dataset-gcs-1 [2026-08-27 04:13:21] mem=1112MB/max oom_kill=0 | rayfronts=0MB raven=0MB lvlm_baseline_node=0MB ddsrouter=0MB gossip=0MB | top: foxglove-studio:430MB foxglove-studio:215MB foxglove-studio:203MB foxglove-studio:170MB python3:94MB
disaster-dataset-robot-desktop-1 [2026-08-27 04:13:27] mem=323MB/max oom_kill=0 | rayfronts=0MB raven=0MB lvlm_baseline_node=0MB ddsrouter=0MB gossip=0MB | top: python3:90MB python3:77MB python3:77MB python3:70MB python3:51MB
disaster-dataset-robot-desktop-2 [2026-08-27 04:13:27] mem=939MB/max oom_kill=0 | rayfronts=0MB raven=0MB lvlm_baseline_node=0MB ddsrouter=0MB gossip=86MB | top: mavros_node:125MB python3:109MB component_contai:103MB robot_interface_:97MB droan_gl_node:93MB
disaster-dataset-robot-desktop-3 [2026-08-27 04:13:27] mem=969MB/max oom_kill=0 | rayfronts=0MB raven=0MB lvlm_baseline_node=0MB ddsrouter=0MB gossip=86MB | top: mavros_node:141MB python3:108MB component_contai:103MB robot_interface_:96MB droan_gl_node:94MB
disaster-dataset-gcs-1 [2026-08-27 04:13:27] mem=1115MB/max oom_kill=0 | rayfronts=0MB raven=0MB lvlm_baseline_node=0MB ddsrouter=0MB gossip=0MB | top: foxglove-studio:432MB foxglove-studio:215MB foxglove-studio:203MB foxglove-studio:170MB python3:94MB
disaster-dataset-robot-desktop-1 [2026-08-27 04:13:33] mem=1089MB/max oom_kill=0 | rayfronts=0MB raven=0MB lvlm_baseline_node=0MB ddsrouter=0MB gossip=0MB | top: mavros_node:108MB component_contai:101MB python3:98MB robot_interface_:93MB python3:90MB
disaster-dataset-robot-desktop-2 [2026-08-27 04:13:33] mem=942MB/max oom_kill=0 | rayfronts=0MB raven=0MB lvlm_baseline_node=0MB ddsrouter=0MB gossip=86MB | top: mavros_node:125MB python3:109MB component_contai:103MB robot_interface_:97MB droan_gl_node:93MB
disaster-dataset-robot-desktop-3 [2026-08-27 04:13:33] mem=969MB/max oom_kill=0 | rayfronts=0MB raven=0MB lvlm_baseline_node=0MB ddsrouter=0MB gossip=86MB | top: mavros_node:141MB python3:108MB component_contai:103MB robot_interface_:96MB droan_gl_node:94MB
disaster-dataset-gcs-1 [2026-08-27 04:13:33] mem=1115MB/max oom_kill=0 | rayfronts=0MB raven=0MB lvlm_baseline_node=0MB ddsrouter=0MB gossip=0MB | top: foxglove-studio:432MB foxglove-studio:215MB foxglove-studio:203MB foxglove-studio:161MB python3:95MB
disaster-dataset-robot-desktop-1 [2026-08-27 04:13:38] mem=1220MB/max oom_kill=0 | rayfronts=0MB raven=0MB lvlm_baseline_node=0MB ddsrouter=0MB gossip=87MB | top: mavros_node:141MB python3:109MB component_contai:104MB robot_interface_:96MB droan_gl_node:94MB
disaster-dataset-robot-desktop-2 [2026-08-27 04:13:38] mem=944MB/max oom_kill=0 | rayfronts=0MB raven=0MB lvlm_baseline_node=0MB ddsrouter=0MB gossip=86MB | top: mavros_node:125MB python3:109MB component_contai:104MB robot_interface_:97MB droan_gl_node:94MB
disaster-dataset-robot-desktop-3 [2026-08-27 04:13:38] mem=974MB/max oom_kill=0 | rayfronts=0MB raven=0MB lvlm_baseline_node=0MB ddsrouter=0MB gossip=87MB | top: mavros_node:141MB python3:108MB component_contai:103MB robot_interface_:96MB droan_gl_node:94MB
disaster-dataset-gcs-1 [2026-08-27 04:13:39] mem=1107MB/max oom_kill=0 | rayfronts=0MB raven=0MB lvlm_baseline_node=0MB ddsrouter=0MB gossip=0MB | top: foxglove-studio:437MB foxglove-studio:215MB foxglove-studio:185MB foxglove-studio:161MB python3:96MB
disaster-dataset-robot-desktop-1 [2026-08-27 04:13:44] mem=1175MB/max oom_kill=0 | rayfronts=0MB raven=0MB lvlm_baseline_node=0MB ddsrouter=0MB gossip=87MB | top: mavros_node:141MB python3:109MB component_contai:104MB robot_interface_:96MB droan_gl_node:94MB
disaster-dataset-robot-desktop-2 [2026-08-27 04:13:44] mem=945MB/max oom_kill=0 | rayfronts=0MB raven=0MB lvlm_baseline_node=0MB ddsrouter=0MB gossip=86MB | top: mavros_node:125MB python3:109MB component_contai:104MB robot_interface_:97MB droan_gl_node:94MB
disaster-dataset-robot-desktop-3 [2026-08-27 04:13:44] mem=972MB/max oom_kill=0 | rayfronts=0MB raven=0MB lvlm_baseline_node=0MB ddsrouter=0MB gossip=87MB | top: mavros_node:141MB python3:108MB component_contai:103MB robot_interface_:96MB droan_gl_node:94MB
disaster-dataset-gcs-1 [2026-08-27 04:13:44] mem=1108MB/max oom_kill=0 | rayfronts=0MB raven=0MB lvlm_baseline_node=0MB ddsrouter=0MB gossip=0MB | top: foxglove-studio:437MB foxglove-studio:215MB foxglove-studio:185MB foxglove-studio:161MB python3:96MB
disaster-dataset-robot-desktop-1 [2026-08-27 04:13:49] mem=1175MB/max oom_kill=0 | rayfronts=0MB raven=0MB lvlm_baseline_node=0MB ddsrouter=0MB gossip=87MB | top: mavros_node:141MB python3:109MB component_contai:104MB robot_interface_:96MB droan_gl_node:94MB
disaster-dataset-robot-desktop-2 [2026-08-27 04:13:49] mem=945MB/max oom_kill=0 | rayfronts=0MB raven=0MB lvlm_baseline_node=0MB ddsrouter=0MB gossip=86MB | top: mavros_node:125MB python3:109MB component_contai:104MB robot_interface_:97MB droan_gl_node:94MB
disaster-dataset-robot-desktop-3 [2026-08-27 04:13:49] mem=973MB/max oom_kill=0 | rayfronts=0MB raven=0MB lvlm_baseline_node=0MB ddsrouter=0MB gossip=87MB | top: mavros_node:141MB python3:108MB component_contai:103MB robot_interface_:96MB droan_gl_node:94MB
disaster-dataset-gcs-1 [2026-08-27 04:13:50] mem=1108MB/max oom_kill=0 | rayfronts=0MB raven=0MB lvlm_baseline_node=0MB ddsrouter=0MB gossip=0MB | top: foxglove-studio:437MB foxglove-studio:215MB foxglove-studio:185MB foxglove-studio:161MB python3:96MB
disaster-dataset-robot-desktop-1 [2026-08-27 04:13:55] mem=1226MB/max oom_kill=0 | rayfronts=0MB raven=0MB lvlm_baseline_node=0MB ddsrouter=0MB gossip=87MB | top: mavros_node:141MB python3:109MB component_contai:105MB robot_interface_:96MB droan_gl_node:94MB
disaster-dataset-robot-desktop-2 [2026-08-27 04:13:55] mem=946MB/max oom_kill=0 | rayfronts=0MB raven=0MB lvlm_baseline_node=0MB ddsrouter=0MB gossip=86MB | top: mavros_node:125MB python3:109MB component_contai:104MB robot_interface_:97MB droan_gl_node:94MB
disaster-dataset-robot-desktop-3 [2026-08-27 04:13:55] mem=973MB/max oom_kill=0 | rayfronts=0MB raven=0MB lvlm_baseline_node=0MB ddsrouter=0MB gossip=87MB | top: mavros_node:141MB python3:108MB component_contai:103MB robot_interface_:96MB droan_gl_node:94MB
disaster-dataset-gcs-1 [2026-08-27 04:13:55] mem=1021MB/max oom_kill=0 | rayfronts=0MB raven=0MB lvlm_baseline_node=0MB ddsrouter=0MB gossip=0MB | top: foxglove-studio:351MB foxglove-studio:215MB foxglove-studio:183MB foxglove-studio:161MB python3:96MB
disaster-dataset-robot-desktop-1 [2026-08-27 04:14:01] mem=1230MB/max oom_kill=0 | rayfronts=0MB raven=0MB lvlm_baseline_node=0MB ddsrouter=0MB gossip=87MB | top: mavros_node:141MB python3:109MB component_contai:105MB robot_interface_:96MB droan_gl_node:94MB
disaster-dataset-robot-desktop-2 [2026-08-27 04:14:01] mem=948MB/max oom_kill=0 | rayfronts=0MB raven=0MB lvlm_baseline_node=0MB ddsrouter=0MB gossip=86MB | top: mavros_node:125MB python3:109MB component_contai:104MB robot_interface_:97MB droan_gl_node:94MB
disaster-dataset-robot-desktop-3 [2026-08-27 04:14:01] mem=975MB/max oom_kill=0 | rayfronts=0MB raven=0MB lvlm_baseline_node=0MB ddsrouter=0MB gossip=87MB | top: mavros_node:141MB python3:108MB component_contai:103MB robot_interface_:96MB droan_gl_node:94MB
disaster-dataset-gcs-1 [2026-08-27 04:14:01] mem=1004MB/max oom_kill=0 | rayfronts=0MB raven=0MB lvlm_baseline_node=0MB ddsrouter=0MB gossip=0MB | top: foxglove-studio:336MB foxglove-studio:214MB foxglove-studio:181MB foxglove-studio:160MB python3:96MB
disaster-dataset-robot-desktop-1 [2026-08-27 04:14:07] mem=1180MB/max oom_kill=0 | rayfronts=0MB raven=0MB lvlm_baseline_node=0MB ddsrouter=0MB gossip=87MB | top: mavros_node:141MB python3:109MB component_contai:105MB robot_interface_:96MB droan_gl_node:94MB
disaster-dataset-robot-desktop-2 [2026-08-27 04:14:07] mem=950MB/max oom_kill=0 | rayfronts=0MB raven=0MB lvlm_baseline_node=0MB ddsrouter=0MB gossip=86MB | top: mavros_node:125MB python3:109MB component_contai:104MB robot_interface_:97MB droan_gl_node:94MB
disaster-dataset-robot-desktop-3 [2026-08-27 04:14:07] mem=976MB/max oom_kill=0 | rayfronts=0MB raven=0MB lvlm_baseline_node=0MB ddsrouter=0MB gossip=87MB | top: mavros_node:141MB python3:108MB component_contai:103MB robot_interface_:96MB droan_gl_node:94MB
disaster-dataset-gcs-1 [2026-08-27 04:14:07] mem=1002MB/max oom_kill=0 | rayfronts=0MB raven=0MB lvlm_baseline_node=0MB ddsrouter=0MB gossip=0MB | top: foxglove-studio:335MB foxglove-studio:214MB foxglove-studio:181MB foxglove-studio:161MB python3:96MB
disaster-dataset-robot-desktop-1 [2026-08-27 04:14:12] mem=1180MB/max oom_kill=0 | rayfronts=0MB raven=0MB lvlm_baseline_node=0MB ddsrouter=0MB gossip=87MB | top: mavros_node:141MB python3:109MB component_contai:105MB robot_interface_:96MB droan_gl_node:94MB
disaster-dataset-robot-desktop-2 [2026-08-27 04:14:12] mem=951MB/max oom_kill=0 | rayfronts=0MB raven=0MB lvlm_baseline_node=0MB ddsrouter=0MB gossip=86MB | top: mavros_node:128MB python3:109MB component_contai:104MB robot_interface_:97MB droan_gl_node:94MB
disaster-dataset-robot-desktop-3 [2026-08-27 04:14:12] mem=975MB/max oom_kill=0 | rayfronts=0MB raven=0MB lvlm_baseline_node=0MB ddsrouter=0MB gossip=87MB | top: mavros_node:141MB python3:108MB component_contai:103MB robot_interface_:96MB droan_gl_node:94MB
disaster-dataset-gcs-1 [2026-08-27 04:14:12] mem=1005MB/max oom_kill=0 | rayfronts=0MB raven=0MB lvlm_baseline_node=0MB ddsrouter=0MB gossip=0MB | top: foxglove-studio:338MB foxglove-studio:214MB foxglove-studio:182MB foxglove-studio:161MB python3:96MB
disaster-dataset-robot-desktop-1 [2026-08-27 04:14:18] mem=1239MB/max oom_kill=0 | rayfronts=0MB raven=0MB lvlm_baseline_node=0MB ddsrouter=0MB gossip=87MB | top: mavros_node:142MB python3:109MB component_contai:105MB robot_interface_:97MB droan_gl_node:94MB
disaster-dataset-robot-desktop-2 [2026-08-27 04:14:18] mem=953MB/max oom_kill=0 | rayfronts=0MB raven=0MB lvlm_baseline_node=0MB ddsrouter=0MB gossip=86MB | top: mavros_node:129MB python3:109MB component_contai:104MB robot_interface_:97MB droan_gl_node:94MB
disaster-dataset-robot-desktop-3 [2026-08-27 04:14:18] mem=976MB/max oom_kill=0 | rayfronts=0MB raven=0MB lvlm_baseline_node=0MB ddsrouter=0MB gossip=87MB | top: mavros_node:141MB python3:108MB component_contai:103MB robot_interface_:96MB droan_gl_node:94MB
disaster-dataset-gcs-1 [2026-08-27 04:14:18] mem=1007MB/max oom_kill=0 | rayfronts=0MB raven=0MB lvlm_baseline_node=0MB ddsrouter=0MB gossip=0MB | top: foxglove-studio:339MB foxglove-studio:214MB foxglove-studio:182MB foxglove-studio:161MB python3:96MB
disaster-dataset-robot-desktop-1 [2026-08-27 04:14:23] mem=1236MB/max oom_kill=0 | rayfronts=0MB raven=0MB lvlm_baseline_node=0MB ddsrouter=0MB gossip=88MB | top: mavros_node:142MB python3:109MB component_contai:105MB robot_interface_:97MB droan_gl_node:94MB
disaster-dataset-robot-desktop-2 [2026-08-27 04:14:23] mem=956MB/max oom_kill=0 | rayfronts=0MB raven=0MB lvlm_baseline_node=0MB ddsrouter=0MB gossip=86MB | top: mavros_node:129MB python3:109MB component_contai:104MB robot_interface_:97MB droan_gl_node:94MB
disaster-dataset-robot-desktop-3 [2026-08-27 04:14:23] mem=975MB/max oom_kill=0 | rayfronts=0MB raven=0MB lvlm_baseline_node=0MB ddsrouter=0MB gossip=87MB | top: mavros_node:141MB python3:108MB component_contai:103MB robot_interface_:96MB droan_gl_node:94MB
disaster-dataset-gcs-1 [2026-08-27 04:14:23] mem=1008MB/max oom_kill=0 | rayfronts=0MB raven=0MB lvlm_baseline_node=0MB ddsrouter=0MB gossip=0MB | top: foxglove-studio:340MB foxglove-studio:215MB foxglove-studio:182MB foxglove-studio:161MB python3:96MB
disaster-dataset-robot-desktop-1 [2026-08-27 04:14:29] mem=1184MB/max oom_kill=0 | rayfronts=0MB raven=0MB lvlm_baseline_node=0MB ddsrouter=0MB gossip=88MB | top: mavros_node:142MB python3:109MB component_contai:105MB robot_interface_:97MB droan_gl_node:94MB
disaster-dataset-robot-desktop-2 [2026-08-27 04:14:29] mem=955MB/max oom_kill=0 | rayfronts=0MB raven=0MB lvlm_baseline_node=0MB ddsrouter=0MB gossip=86MB | top: mavros_node:129MB python3:109MB component_contai:104MB robot_interface_:97MB droan_gl_node:94MB
disaster-dataset-robot-desktop-3 [2026-08-27 04:14:29] mem=978MB/max oom_kill=0 | rayfronts=0MB raven=0MB lvlm_baseline_node=0MB ddsrouter=0MB gossip=87MB | top: mavros_node:141MB python3:108MB component_contai:104MB robot_interface_:96MB droan_gl_node:94MB
disaster-dataset-gcs-1 [2026-08-27 04:14:29] mem=1003MB/max oom_kill=0 | rayfronts=0MB raven=0MB lvlm_baseline_node=0MB ddsrouter=0MB gossip=0MB | top: foxglove-studio:337MB foxglove-studio:215MB foxglove-studio:182MB foxglove-studio:159MB python3:96MB
disaster-dataset-robot-desktop-1 [2026-08-27 04:14:35] mem=1183MB/max oom_kill=0 | rayfronts=0MB raven=0MB lvlm_baseline_node=0MB ddsrouter=0MB gossip=88MB | top: mavros_node:142MB python3:109MB component_contai:105MB robot_interface_:97MB droan_gl_node:94MB
disaster-dataset-robot-desktop-2 [2026-08-27 04:14:35] mem=955MB/max oom_kill=0 | rayfronts=0MB raven=0MB lvlm_baseline_node=0MB ddsrouter=0MB gossip=86MB | top: mavros_node:129MB python3:109MB component_contai:104MB robot_interface_:97MB droan_gl_node:94MB
disaster-dataset-robot-desktop-3 [2026-08-27 04:14:35] mem=978MB/max oom_kill=0 | rayfronts=0MB raven=0MB lvlm_baseline_node=0MB ddsrouter=0MB gossip=87MB | top: mavros_node:141MB python3:108MB component_contai:104MB robot_interface_:96MB droan_gl_node:94MB
disaster-dataset-gcs-1 [2026-08-27 04:14:35] mem=1006MB/max oom_kill=0 | rayfronts=0MB raven=0MB lvlm_baseline_node=0MB ddsrouter=0MB gossip=0MB | top: foxglove-studio:339MB foxglove-studio:215MB foxglove-studio:182MB foxglove-studio:159MB python3:96MB
disaster-dataset-robot-desktop-1 [2026-08-27 04:14:40] mem=1237MB/max oom_kill=0 | rayfronts=0MB raven=0MB lvlm_baseline_node=0MB ddsrouter=0MB gossip=88MB | top: mavros_node:142MB python3:109MB component_contai:105MB robot_interface_:97MB droan_gl_node:94MB
disaster-dataset-robot-desktop-2 [2026-08-27 04:14:40] mem=955MB/max oom_kill=0 | rayfronts=0MB raven=0MB lvlm_baseline_node=0MB ddsrouter=0MB gossip=86MB | top: mavros_node:129MB python3:109MB component_contai:104MB robot_interface_:97MB droan_gl_node:94MB
disaster-dataset-robot-desktop-3 [2026-08-27 04:14:41] mem=977MB/max oom_kill=0 | rayfronts=0MB raven=0MB lvlm_baseline_node=0MB ddsrouter=0MB gossip=87MB | top: mavros_node:141MB python3:108MB component_contai:104MB robot_interface_:96MB droan_gl_node:94MB
disaster-dataset-gcs-1 [2026-08-27 04:14:41] mem=1006MB/max oom_kill=0 | rayfronts=0MB raven=0MB lvlm_baseline_node=0MB ddsrouter=0MB gossip=0MB | top: foxglove-studio:340MB foxglove-studio:215MB foxglove-studio:182MB foxglove-studio:159MB python3:96MB
disaster-dataset-robot-desktop-1 [2026-08-27 04:14:46] mem=1239MB/max oom_kill=0 | rayfronts=0MB raven=0MB lvlm_baseline_node=0MB ddsrouter=0MB gossip=88MB | top: mavros_node:142MB python3:109MB component_contai:105MB robot_interface_:97MB droan_gl_node:95MB
disaster-dataset-robot-desktop-2 [2026-08-27 04:14:46] mem=958MB/max oom_kill=0 | rayfronts=0MB raven=0MB lvlm_baseline_node=0MB ddsrouter=0MB gossip=86MB | top: mavros_node:129MB python3:109MB component_contai:104MB robot_interface_:97MB droan_gl_node:94MB
disaster-dataset-robot-desktop-3 [2026-08-27 04:14:46] mem=978MB/max oom_kill=0 | rayfronts=0MB raven=0MB lvlm_baseline_node=0MB ddsrouter=0MB gossip=87MB | top: mavros_node:141MB python3:108MB component_contai:104MB robot_interface_:96MB droan_gl_node:94MB
disaster-dataset-gcs-1 [2026-08-27 04:14:46] mem=1005MB/max oom_kill=0 | rayfronts=0MB raven=0MB lvlm_baseline_node=0MB ddsrouter=0MB gossip=0MB | top: foxglove-studio:340MB foxglove-studio:215MB foxglove-studio:182MB foxglove-studio:159MB python3:96MB
disaster-dataset-robot-desktop-1 [2026-08-27 04:14:51] mem=1238MB/max oom_kill=0 | rayfronts=0MB raven=0MB lvlm_baseline_node=0MB ddsrouter=0MB gossip=88MB | top: mavros_node:142MB python3:109MB component_contai:105MB robot_interface_:97MB droan_gl_node:95MB
disaster-dataset-robot-desktop-2 [2026-08-27 04:14:51] mem=957MB/max oom_kill=0 | rayfronts=0MB raven=0MB lvlm_baseline_node=0MB ddsrouter=0MB gossip=86MB | top: mavros_node:129MB python3:109MB component_contai:104MB robot_interface_:97MB droan_gl_node:94MB
disaster-dataset-robot-desktop-3 [2026-08-27 04:14:52] mem=980MB/max oom_kill=0 | rayfronts=0MB raven=0MB lvlm_baseline_node=0MB ddsrouter=0MB gossip=87MB | top: mavros_node:142MB python3:108MB component_contai:104MB robot_interface_:96MB droan_gl_node:95MB
disaster-dataset-gcs-1 [2026-08-27 04:14:52] mem=1008MB/max oom_kill=0 | rayfronts=0MB raven=0MB lvlm_baseline_node=0MB ddsrouter=0MB gossip=0MB | top: foxglove-studio:343MB foxglove-studio:215MB foxglove-studio:182MB foxglove-studio:159MB python3:96MB
disaster-dataset-robot-desktop-1 [2026-08-27 04:14:57] mem=1187MB/max oom_kill=0 | rayfronts=0MB raven=0MB lvlm_baseline_node=0MB ddsrouter=0MB gossip=88MB | top: mavros_node:142MB python3:109MB component_contai:105MB robot_interface_:97MB droan_gl_node:95MB
disaster-dataset-robot-desktop-2 [2026-08-27 04:14:57] mem=958MB/max oom_kill=0 | rayfronts=0MB raven=0MB lvlm_baseline_node=0MB ddsrouter=0MB gossip=86MB | top: mavros_node:129MB python3:109MB component_contai:104MB robot_interface_:97MB droan_gl_node:94MB
disaster-dataset-robot-desktop-3 [2026-08-27 04:14:57] mem=979MB/max oom_kill=0 | rayfronts=0MB raven=0MB lvlm_baseline_node=0MB ddsrouter=0MB gossip=87MB | top: mavros_node:142MB python3:108MB component_contai:104MB robot_interface_:96MB droan_gl_node:95MB
disaster-dataset-gcs-1 [2026-08-27 04:14:57] mem=1009MB/max oom_kill=0 | rayfronts=0MB raven=0MB lvlm_baseline_node=0MB ddsrouter=0MB gossip=0MB | top: foxglove-studio:343MB foxglove-studio:215MB foxglove-studio:182MB foxglove-studio:159MB python3:96MB
disaster-dataset-robot-desktop-1 [2026-08-27 04:15:02] mem=1231MB/max oom_kill=0 | rayfronts=0MB raven=0MB lvlm_baseline_node=0MB ddsrouter=0MB gossip=88MB | top: mavros_node:142MB python3:109MB component_contai:105MB robot_interface_:97MB droan_gl_node:95MB
disaster-dataset-robot-desktop-2 [2026-08-27 04:15:02] mem=958MB/max oom_kill=0 | rayfronts=0MB raven=0MB lvlm_baseline_node=0MB ddsrouter=0MB gossip=86MB | top: mavros_node:129MB python3:109MB component_contai:104MB robot_interface_:97MB droan_gl_node:94MB
disaster-dataset-robot-desktop-3 [2026-08-27 04:15:03] mem=980MB/max oom_kill=0 | rayfronts=0MB raven=0MB lvlm_baseline_node=0MB ddsrouter=0MB gossip=87MB | top: mavros_node:142MB python3:108MB component_contai:104MB robot_interface_:96MB droan_gl_node:95MB
disaster-dataset-gcs-1 [2026-08-27 04:15:03] mem=1010MB/max oom_kill=0 | rayfronts=0MB raven=0MB lvlm_baseline_node=0MB ddsrouter=0MB gossip=0MB | top: foxglove-studio:344MB foxglove-studio:216MB foxglove-studio:182MB foxglove-studio:159MB python3:96MB
disaster-dataset-robot-desktop-1 [2026-08-27 04:15:08] mem=1241MB/max oom_kill=0 | rayfronts=0MB raven=0MB lvlm_baseline_node=0MB ddsrouter=0MB gossip=88MB | top: mavros_node:142MB python3:109MB component_contai:105MB robot_interface_:97MB droan_gl_node:94MB
disaster-dataset-robot-desktop-2 [2026-08-27 04:15:09] mem=961MB/max oom_kill=0 | rayfronts=0MB raven=0MB lvlm_baseline_node=0MB ddsrouter=0MB gossip=86MB | top: mavros_node:129MB python3:109MB component_contai:104MB robot_interface_:97MB droan_gl_node:94MB
disaster-dataset-robot-desktop-3 [2026-08-27 04:15:09] mem=980MB/max oom_kill=0 | rayfronts=0MB raven=0MB lvlm_baseline_node=0MB ddsrouter=0MB gossip=87MB | top: mavros_node:142MB python3:108MB component_contai:104MB robot_interface_:96MB droan_gl_node:95MB
disaster-dataset-gcs-1 [2026-08-27 04:15:09] mem=1009MB/max oom_kill=0 | rayfronts=0MB raven=0MB lvlm_baseline_node=0MB ddsrouter=0MB gossip=0MB | top: foxglove-studio:342MB foxglove-studio:216MB foxglove-studio:182MB foxglove-studio:159MB python3:96MB
disaster-dataset-robot-desktop-1 [2026-08-27 04:15:14] mem=1239MB/max oom_kill=0 | rayfronts=0MB raven=0MB lvlm_baseline_node=0MB ddsrouter=0MB gossip=88MB | top: mavros_node:142MB python3:109MB component_contai:105MB robot_interface_:97MB droan_gl_node:94MB
disaster-dataset-robot-desktop-2 [2026-08-27 04:15:14] mem=959MB/max oom_kill=0 | rayfronts=0MB raven=0MB lvlm_baseline_node=0MB ddsrouter=0MB gossip=86MB | top: mavros_node:130MB python3:109MB component_contai:104MB robot_interface_:97MB droan_gl_node:94MB
disaster-dataset-robot-desktop-3 [2026-08-27 04:15:14] mem=982MB/max oom_kill=0 | rayfronts=0MB raven=0MB lvlm_baseline_node=0MB ddsrouter=0MB gossip=87MB | top: mavros_node:142MB python3:108MB component_contai:104MB robot_interface_:96MB droan_gl_node:95MB
disaster-dataset-gcs-1 [2026-08-27 04:15:14] mem=1009MB/max oom_kill=0 | rayfronts=0MB raven=0MB lvlm_baseline_node=0MB ddsrouter=0MB gossip=0MB | top: foxglove-studio:342MB foxglove-studio:216MB foxglove-studio:182MB foxglove-studio:159MB python3:96MB
disaster-dataset-robot-desktop-1 [2026-08-27 04:15:19] mem=1189MB/max oom_kill=0 | rayfronts=0MB raven=0MB lvlm_baseline_node=0MB ddsrouter=0MB gossip=88MB | top: mavros_node:142MB python3:109MB component_contai:105MB robot_interface_:97MB droan_gl_node:94MB
disaster-dataset-robot-desktop-2 [2026-08-27 04:15:19] mem=961MB/max oom_kill=0 | rayfronts=0MB raven=0MB lvlm_baseline_node=0MB ddsrouter=0MB gossip=86MB | top: mavros_node:130MB python3:109MB component_contai:104MB robot_interface_:97MB droan_gl_node:94MB
disaster-dataset-robot-desktop-3 [2026-08-27 04:15:20] mem=982MB/max oom_kill=0 | rayfronts=0MB raven=0MB lvlm_baseline_node=0MB ddsrouter=0MB gossip=87MB | top: mavros_node:142MB python3:108MB component_contai:104MB robot_interface_:96MB droan_gl_node:95MB
disaster-dataset-gcs-1 [2026-08-27 04:15:20] mem=1010MB/max oom_kill=0 | rayfronts=0MB raven=0MB lvlm_baseline_node=0MB ddsrouter=0MB gossip=0MB | top: foxglove-studio:344MB foxglove-studio:216MB foxglove-studio:182MB foxglove-studio:159MB python3:96MB
disaster-dataset-robot-desktop-1 [2026-08-27 04:15:25] mem=1188MB/max oom_kill=0 | rayfronts=0MB raven=0MB lvlm_baseline_node=0MB ddsrouter=0MB gossip=88MB | top: mavros_node:142MB python3:109MB component_contai:105MB robot_interface_:97MB droan_gl_node:94MB
disaster-dataset-robot-desktop-2 [2026-08-27 04:15:25] mem=960MB/max oom_kill=0 | rayfronts=0MB raven=0MB lvlm_baseline_node=0MB ddsrouter=0MB gossip=86MB | top: mavros_node:130MB python3:109MB component_contai:104MB robot_interface_:97MB droan_gl_node:94MB
disaster-dataset-robot-desktop-3 [2026-08-27 04:15:25] mem=982MB/max oom_kill=0 | rayfronts=0MB raven=0MB lvlm_baseline_node=0MB ddsrouter=0MB gossip=87MB | top: mavros_node:142MB python3:108MB component_contai:104MB robot_interface_:96MB droan_gl_node:95MB
disaster-dataset-gcs-1 [2026-08-27 04:15:25] mem=1012MB/max oom_kill=0 | rayfronts=0MB raven=0MB lvlm_baseline_node=0MB ddsrouter=0MB gossip=0MB | top: foxglove-studio:345MB foxglove-studio:216MB foxglove-studio:182MB foxglove-studio:159MB python3:96MB
disaster-dataset-robot-desktop-1 [2026-08-27 04:15:30] mem=1223MB/max oom_kill=0 | rayfronts=0MB raven=0MB lvlm_baseline_node=0MB ddsrouter=0MB gossip=88MB | top: mavros_node:142MB python3:109MB component_contai:105MB robot_interface_:97MB droan_gl_node:94MB
disaster-dataset-robot-desktop-2 [2026-08-27 04:15:30] mem=961MB/max oom_kill=0 | rayfronts=0MB raven=0MB lvlm_baseline_node=0MB ddsrouter=0MB gossip=86MB | top: mavros_node:130MB python3:109MB component_contai:104MB robot_interface_:97MB droan_gl_node:94MB
disaster-dataset-robot-desktop-3 [2026-08-27 04:15:30] mem=982MB/max oom_kill=0 | rayfronts=0MB raven=0MB lvlm_baseline_node=0MB ddsrouter=0MB gossip=87MB | top: mavros_node:142MB python3:108MB component_contai:104MB robot_interface_:96MB droan_gl_node:95MB
disaster-dataset-gcs-1 [2026-08-27 04:15:31] mem=1012MB/max oom_kill=0 | rayfronts=0MB raven=0MB lvlm_baseline_node=0MB ddsrouter=0MB gossip=0MB | top: foxglove-studio:345MB foxglove-studio:216MB foxglove-studio:182MB foxglove-studio:159MB python3:96MB
disaster-dataset-robot-desktop-1 [2026-08-27 04:15:36] mem=1211MB/max oom_kill=0 | rayfronts=0MB raven=0MB lvlm_baseline_node=0MB ddsrouter=0MB gossip=88MB | top: mavros_node:142MB python3:109MB component_contai:105MB robot_interface_:97MB droan_gl_node:94MB
disaster-dataset-robot-desktop-2 [2026-08-27 04:15:36] mem=963MB/max oom_kill=0 | rayfronts=0MB raven=0MB lvlm_baseline_node=0MB ddsrouter=0MB gossip=86MB | top: mavros_node:131MB python3:109MB component_contai:104MB robot_interface_:97MB droan_gl_node:94MB
disaster-dataset-robot-desktop-3 [2026-08-27 04:15:36] mem=982MB/max oom_kill=0 | rayfronts=0MB raven=0MB lvlm_baseline_node=0MB ddsrouter=0MB gossip=87MB | top: mavros_node:142MB python3:108MB component_contai:104MB robot_interface_:96MB droan_gl_node:95MB
disaster-dataset-gcs-1 [2026-08-27 04:15:36] mem=1011MB/max oom_kill=0 | rayfronts=0MB raven=0MB lvlm_baseline_node=0MB ddsrouter=0MB gossip=0MB | top: foxglove-studio:345MB foxglove-studio:216MB foxglove-studio:182MB foxglove-studio:159MB python3:96MB
disaster-dataset-robot-desktop-1 [2026-08-27 04:15:42] mem=1192MB/max oom_kill=0 | rayfronts=0MB raven=0MB lvlm_baseline_node=0MB ddsrouter=0MB gossip=88MB | top: mavros_node:142MB python3:109MB component_contai:105MB robot_interface_:97MB droan_gl_node:94MB
disaster-dataset-robot-desktop-2 [2026-08-27 04:15:42] mem=963MB/max oom_kill=0 | rayfronts=0MB raven=0MB lvlm_baseline_node=0MB ddsrouter=0MB gossip=86MB | top: mavros_node:131MB python3:109MB component_contai:104MB robot_interface_:97MB droan_gl_node:94MB
disaster-dataset-robot-desktop-3 [2026-08-27 04:15:42] mem=984MB/max oom_kill=0 | rayfronts=0MB raven=0MB lvlm_baseline_node=0MB ddsrouter=0MB gossip=87MB | top: mavros_node:142MB python3:108MB component_contai:104MB robot_interface_:96MB droan_gl_node:95MB
disaster-dataset-gcs-1 [2026-08-27 04:15:42] mem=1011MB/max oom_kill=0 | rayfronts=0MB raven=0MB lvlm_baseline_node=0MB ddsrouter=0MB gossip=0MB | top: foxglove-studio:345MB foxglove-studio:216MB foxglove-studio:182MB foxglove-studio:159MB python3:96MB
disaster-dataset-robot-desktop-1 [2026-08-27 04:15:48] mem=1191MB/max oom_kill=0 | rayfronts=0MB raven=0MB lvlm_baseline_node=0MB ddsrouter=0MB gossip=88MB | top: mavros_node:142MB python3:109MB component_contai:105MB robot_interface_:97MB droan_gl_node:94MB
disaster-dataset-robot-desktop-2 [2026-08-27 04:15:48] mem=964MB/max oom_kill=0 | rayfronts=0MB raven=0MB lvlm_baseline_node=0MB ddsrouter=0MB gossip=86MB | top: mavros_node:131MB python3:109MB component_contai:104MB robot_interface_:97MB droan_gl_node:94MB
disaster-dataset-robot-desktop-3 [2026-08-27 04:15:48] mem=984MB/max oom_kill=0 | rayfronts=0MB raven=0MB lvlm_baseline_node=0MB ddsrouter=0MB gossip=87MB | top: mavros_node:142MB python3:108MB component_contai:104MB robot_interface_:96MB droan_gl_node:95MB
disaster-dataset-gcs-1 [2026-08-27 04:15:48] mem=1010MB/max oom_kill=0 | rayfronts=0MB raven=0MB lvlm_baseline_node=0MB ddsrouter=0MB gossip=0MB | top: foxglove-studio:344MB foxglove-studio:216MB foxglove-studio:182MB foxglove-studio:159MB python3:96MB
disaster-dataset-robot-desktop-1 [2026-08-27 04:15:53] mem=1246MB/max oom_kill=0 | rayfronts=0MB raven=0MB lvlm_baseline_node=0MB ddsrouter=0MB gossip=88MB | top: mavros_node:142MB python3:109MB component_contai:106MB robot_interface_:97MB droan_gl_node:95MB
disaster-dataset-robot-desktop-2 [2026-08-27 04:15:53] mem=964MB/max oom_kill=0 | rayfronts=0MB raven=0MB lvlm_baseline_node=0MB ddsrouter=0MB gossip=86MB | top: mavros_node:131MB python3:109MB component_contai:104MB robot_interface_:97MB droan_gl_node:94MB
disaster-dataset-robot-desktop-3 [2026-08-27 04:15:53] mem=983MB/max oom_kill=0 | rayfronts=0MB raven=0MB lvlm_baseline_node=0MB ddsrouter=0MB gossip=87MB | top: mavros_node:142MB python3:108MB component_contai:104MB robot_interface_:96MB droan_gl_node:95MB
disaster-dataset-gcs-1 [2026-08-27 04:15:53] mem=1012MB/max oom_kill=0 | rayfronts=0MB raven=0MB lvlm_baseline_node=0MB ddsrouter=0MB gossip=0MB | top: foxglove-studio:346MB foxglove-studio:216MB foxglove-studio:182MB foxglove-studio:159MB python3:97MB
disaster-dataset-robot-desktop-1 [2026-08-27 04:15:58] mem=1247MB/max oom_kill=0 | rayfronts=0MB raven=0MB lvlm_baseline_node=0MB ddsrouter=0MB gossip=88MB | top: mavros_node:142MB python3:109MB component_contai:106MB robot_interface_:97MB droan_gl_node:95MB
disaster-dataset-robot-desktop-2 [2026-08-27 04:15:59] mem=966MB/max oom_kill=0 | rayfronts=0MB raven=0MB lvlm_baseline_node=0MB ddsrouter=0MB gossip=86MB | top: mavros_node:131MB python3:109MB component_contai:104MB robot_interface_:97MB droan_gl_node:94MB
disaster-dataset-robot-desktop-3 [2026-08-27 04:15:59] mem=984MB/max oom_kill=0 | rayfronts=0MB raven=0MB lvlm_baseline_node=0MB ddsrouter=0MB gossip=87MB | top: mavros_node:142MB python3:108MB component_contai:104MB robot_interface_:96MB droan_gl_node:95MB
disaster-dataset-gcs-1 [2026-08-27 04:15:59] mem=1012MB/max oom_kill=0 | rayfronts=0MB raven=0MB lvlm_baseline_node=0MB ddsrouter=0MB gossip=0MB | top: foxglove-studio:346MB foxglove-studio:216MB foxglove-studio:182MB foxglove-studio:159MB python3:97MB
disaster-dataset-robot-desktop-1 [2026-08-27 04:16:04] mem=1197MB/max oom_kill=0 | rayfronts=0MB raven=0MB lvlm_baseline_node=0MB ddsrouter=0MB gossip=88MB | top: mavros_node:142MB python3:109MB component_contai:106MB robot_interface_:97MB droan_gl_node:95MB
disaster-dataset-robot-desktop-2 [2026-08-27 04:16:04] mem=967MB/max oom_kill=0 | rayfronts=0MB raven=0MB lvlm_baseline_node=0MB ddsrouter=0MB gossip=86MB | top: mavros_node:131MB python3:109MB component_contai:104MB robot_interface_:97MB droan_gl_node:94MB
disaster-dataset-robot-desktop-3 [2026-08-27 04:16:04] mem=987MB/max oom_kill=0 | rayfronts=0MB raven=0MB lvlm_baseline_node=0MB ddsrouter=0MB gossip=87MB | top: mavros_node:142MB python3:108MB component_contai:104MB robot_interface_:97MB droan_gl_node:95MB
disaster-dataset-gcs-1 [2026-08-27 04:16:04] mem=1021MB/max oom_kill=0 | rayfronts=0MB raven=0MB lvlm_baseline_node=0MB ddsrouter=0MB gossip=0MB | top: foxglove-studio:351MB foxglove-studio:217MB foxglove-studio:182MB foxglove-studio:159MB python3:97MB
disaster-dataset-robot-desktop-1 [2026-08-27 04:16:09] mem=1341MB/max oom_kill=0 | rayfronts=0MB raven=0MB lvlm_baseline_node=0MB ddsrouter=90MB gossip=0MB | top: droan_gl_node:242MB mavros_node:143MB python3:124MB point_cloud_node:115MB python3:110MB
disaster-dataset-robot-desktop-2 [2026-08-27 04:16:09] mem=1042MB/max oom_kill=0 | rayfronts=0MB raven=0MB lvlm_baseline_node=0MB ddsrouter=88MB gossip=86MB | top: mavros_node:131MB point_cloud_node:114MB python3:109MB python3:107MB component_contai:104MB
disaster-dataset-robot-desktop-3 [2026-08-27 04:16:09] mem=1143MB/max oom_kill=0 | rayfronts=0MB raven=0MB lvlm_baseline_node=0MB ddsrouter=91MB gossip=87MB | top: droan_gl_node:240MB python3:143MB mavros_node:142MB point_cloud_node:113MB python3:109MB
disaster-dataset-gcs-1 [2026-08-27 04:16:10] mem=1660MB/max oom_kill=0 | rayfronts=0MB raven=0MB lvlm_baseline_node=0MB ddsrouter=0MB gossip=0MB | top: foxglove-studio:623MB python3:420MB foxglove-studio:240MB foxglove-studio:182MB foxglove-studio:159MB
disaster-dataset-robot-desktop-1 [2026-08-27 04:16:15] mem=1366MB/max oom_kill=0 | rayfronts=0MB raven=0MB lvlm_baseline_node=0MB ddsrouter=90MB gossip=88MB | top: droan_gl_node:271MB mavros_node:143MB python3:132MB point_cloud_node:116MB python3:110MB
disaster-dataset-robot-desktop-2 [2026-08-27 04:16:15] mem=1042MB/max oom_kill=0 | rayfronts=0MB raven=0MB lvlm_baseline_node=0MB ddsrouter=88MB gossip=86MB | top: mavros_node:131MB point_cloud_node:114MB python3:109MB python3:107MB component_contai:104MB
disaster-dataset-robot-desktop-3 [2026-08-27 04:16:16] mem=1218MB/max oom_kill=0 | rayfronts=0MB raven=0MB lvlm_baseline_node=0MB ddsrouter=91MB gossip=87MB | top: droan_gl_node:280MB python3:161MB mavros_node:143MB point_cloud_node:115MB python3:109MB
disaster-dataset-gcs-1 [2026-08-27 04:16:16] mem=2337MB/max oom_kill=0 | rayfronts=0MB raven=0MB lvlm_baseline_node=0MB ddsrouter=0MB gossip=0MB | top: foxglove-studio:1335MB foxglove-studio:295MB foxglove_bridge:272MB foxglove-studio:182MB foxglove-studio:159MB
disaster-dataset-robot-desktop-1 [2026-08-27 04:16:21] mem=1437MB/max oom_kill=0 | rayfronts=0MB raven=0MB lvlm_baseline_node=0MB ddsrouter=90MB gossip=88MB | top: droan_gl_node:315MB mavros_node:144MB python3:141MB point_cloud_node:116MB python3:110MB
disaster-dataset-robot-desktop-2 [2026-08-27 04:16:21] mem=1045MB/max oom_kill=0 | rayfronts=0MB raven=0MB lvlm_baseline_node=0MB ddsrouter=88MB gossip=86MB | top: mavros_node:131MB point_cloud_node:114MB python3:109MB python3:106MB component_contai:104MB
disaster-dataset-robot-desktop-3 [2026-08-27 04:16:21] mem=1234MB/max oom_kill=0 | rayfronts=0MB raven=0MB lvlm_baseline_node=0MB ddsrouter=91MB gossip=87MB | top: droan_gl_node:290MB mavros_node:143MB python3:140MB point_cloud_node:115MB python3:109MB
disaster-dataset-gcs-1 [2026-08-27 04:16:21] mem=2575MB/max oom_kill=0 | rayfronts=0MB raven=0MB lvlm_baseline_node=0MB ddsrouter=0MB gossip=0MB | top: foxglove-studio:1546MB foxglove-studio:304MB foxglove_bridge:303MB foxglove-studio:182MB foxglove-studio:159MB
disaster-dataset-robot-desktop-1 [2026-08-27 04:16:26] mem=1435MB/max oom_kill=0 | rayfronts=0MB raven=0MB lvlm_baseline_node=0MB ddsrouter=90MB gossip=88MB | top: droan_gl_node:310MB mavros_node:146MB python3:141MB point_cloud_node:116MB python3:110MB
disaster-dataset-robot-desktop-2 [2026-08-27 04:16:26] mem=1046MB/max oom_kill=0 | rayfronts=0MB raven=0MB lvlm_baseline_node=0MB ddsrouter=88MB gossip=87MB | top: mavros_node:131MB point_cloud_node:114MB python3:110MB python3:106MB component_contai:104MB
disaster-dataset-robot-desktop-3 [2026-08-27 04:16:27] mem=1258MB/max oom_kill=0 | rayfronts=0MB raven=0MB lvlm_baseline_node=0MB ddsrouter=91MB gossip=87MB | top: droan_gl_node:309MB python3:170MB mavros_node:145MB point_cloud_node:115MB python3:109MB
disaster-dataset-gcs-1 [2026-08-27 04:16:27] mem=2136MB/max oom_kill=0 | rayfronts=0MB raven=0MB lvlm_baseline_node=0MB ddsrouter=0MB gossip=0MB | top: foxglove-studio:1107MB foxglove-studio:304MB foxglove_bridge:303MB foxglove-studio:182MB foxglove-studio:159MB
disaster-dataset-robot-desktop-1 [2026-08-27 04:16:32] mem=1445MB/max oom_kill=0 | rayfronts=0MB raven=0MB lvlm_baseline_node=0MB ddsrouter=90MB gossip=88MB | top: droan_gl_node:300MB python3:171MB mavros_node:146MB point_cloud_node:116MB python3:110MB
disaster-dataset-robot-desktop-2 [2026-08-27 04:16:32] mem=1048MB/max oom_kill=0 | rayfronts=0MB raven=0MB lvlm_baseline_node=0MB ddsrouter=88MB gossip=87MB | top: mavros_node:131MB point_cloud_node:114MB python3:110MB python3:107MB component_contai:104MB
disaster-dataset-robot-desktop-3 [2026-08-27 04:16:32] mem=1261MB/max oom_kill=0 | rayfronts=0MB raven=0MB lvlm_baseline_node=0MB ddsrouter=91MB gossip=87MB | top: droan_gl_node:312MB python3:170MB mavros_node:146MB point_cloud_node:115MB python3:109MB
disaster-dataset-gcs-1 [2026-08-27 04:16:32] mem=2217MB/max oom_kill=0 | rayfronts=0MB raven=0MB lvlm_baseline_node=0MB ddsrouter=0MB gossip=0MB | top: foxglove-studio:1187MB foxglove-studio:304MB foxglove_bridge:304MB foxglove-studio:182MB foxglove-studio:159MB
disaster-dataset-robot-desktop-1 [2026-08-27 04:16:37] mem=1427MB/max oom_kill=0 | rayfronts=0MB raven=0MB lvlm_baseline_node=0MB ddsrouter=90MB gossip=88MB | top: droan_gl_node:261MB python3:171MB mavros_node:146MB point_cloud_node:116MB python3:110MB
disaster-dataset-robot-desktop-2 [2026-08-27 04:16:37] mem=1046MB/max oom_kill=0 | rayfronts=0MB raven=0MB lvlm_baseline_node=0MB ddsrouter=88MB gossip=87MB | top: mavros_node:131MB point_cloud_node:114MB python3:110MB python3:106MB component_contai:104MB
disaster-dataset-robot-desktop-3 [2026-08-27 04:16:38] mem=1215MB/max oom_kill=0 | rayfronts=0MB raven=0MB lvlm_baseline_node=0MB ddsrouter=91MB gossip=88MB | top: droan_gl_node:291MB mavros_node:146MB python3:141MB point_cloud_node:115MB python3:109MB
disaster-dataset-gcs-1 [2026-08-27 04:16:38] mem=2133MB/max oom_kill=0 | rayfronts=0MB raven=0MB lvlm_baseline_node=0MB ddsrouter=0MB gossip=0MB | top: foxglove-studio:1102MB foxglove-studio:305MB foxglove_bridge:305MB foxglove-studio:182MB foxglove-studio:159MB
disaster-dataset-robot-desktop-1 [2026-08-27 04:16:43] mem=1419MB/max oom_kill=0 | rayfronts=0MB raven=0MB lvlm_baseline_node=0MB ddsrouter=90MB gossip=88MB | top: droan_gl_node:266MB python3:171MB mavros_node:146MB point_cloud_node:116MB python3:110MB
disaster-dataset-robot-desktop-2 [2026-08-27 04:16:43] mem=1046MB/max oom_kill=0 | rayfronts=0MB raven=0MB lvlm_baseline_node=0MB ddsrouter=88MB gossip=87MB | top: mavros_node:131MB point_cloud_node:114MB python3:110MB python3:107MB component_contai:104MB
disaster-dataset-robot-desktop-3 [2026-08-27 04:16:43] mem=1246MB/max oom_kill=0 | rayfronts=0MB raven=0MB lvlm_baseline_node=0MB ddsrouter=91MB gossip=88MB | top: droan_gl_node:290MB python3:170MB mavros_node:146MB point_cloud_node:115MB python3:109MB
disaster-dataset-gcs-1 [2026-08-27 04:16:43] mem=2098MB/max oom_kill=0 | rayfronts=0MB raven=0MB lvlm_baseline_node=0MB ddsrouter=0MB gossip=0MB | top: foxglove-studio:1065MB foxglove-studio:306MB foxglove_bridge:301MB foxglove-studio:182MB foxglove-studio:159MB
disaster-dataset-robot-desktop-1 [2026-08-27 04:16:49] mem=1470MB/max oom_kill=0 | rayfronts=0MB raven=0MB lvlm_baseline_node=0MB ddsrouter=90MB gossip=88MB | top: droan_gl_node:311MB python3:171MB mavros_node:146MB point_cloud_node:116MB python3:110MB
disaster-dataset-robot-desktop-2 [2026-08-27 04:16:49] mem=1047MB/max oom_kill=0 | rayfronts=0MB raven=0MB lvlm_baseline_node=0MB ddsrouter=88MB gossip=87MB | top: mavros_node:131MB point_cloud_node:114MB python3:110MB python3:107MB component_contai:104MB
disaster-dataset-robot-desktop-3 [2026-08-27 04:16:49] mem=1272MB/max oom_kill=0 | rayfronts=0MB raven=0MB lvlm_baseline_node=0MB ddsrouter=91MB gossip=88MB | top: droan_gl_node:316MB python3:170MB mavros_node:146MB point_cloud_node:115MB python3:109MB
disaster-dataset-gcs-1 [2026-08-27 04:16:49] mem=2185MB/max oom_kill=0 | rayfronts=0MB raven=0MB lvlm_baseline_node=0MB ddsrouter=0MB gossip=0MB | top: foxglove-studio:1157MB foxglove-studio:306MB foxglove_bridge:305MB foxglove-studio:182MB foxglove-studio:159MB
disaster-dataset-robot-desktop-1 [2026-08-27 04:16:54] mem=1520MB/max oom_kill=0 | rayfronts=0MB raven=0MB lvlm_baseline_node=0MB ddsrouter=91MB gossip=88MB | top: droan_gl_node:312MB python3:171MB mavros_node:146MB point_cloud_node:116MB python3:111MB
disaster-dataset-robot-desktop-2 [2026-08-27 04:16:54] mem=1047MB/max oom_kill=0 | rayfronts=0MB raven=0MB lvlm_baseline_node=0MB ddsrouter=88MB gossip=87MB | top: mavros_node:131MB point_cloud_node:114MB python3:110MB python3:107MB component_contai:104MB
disaster-dataset-robot-desktop-3 [2026-08-27 04:16:55] mem=1225MB/max oom_kill=0 | rayfronts=0MB raven=0MB lvlm_baseline_node=0MB ddsrouter=91MB gossip=88MB | top: droan_gl_node:304MB mavros_node:146MB python3:141MB point_cloud_node:115MB python3:109MB
disaster-dataset-gcs-1 [2026-08-27 04:16:55] mem=2126MB/max oom_kill=0 | rayfronts=0MB raven=0MB lvlm_baseline_node=0MB ddsrouter=0MB gossip=0MB | top: foxglove-studio:1100MB foxglove-studio:306MB foxglove_bridge:301MB foxglove-studio:182MB foxglove-studio:159MB
disaster-dataset-robot-desktop-1 [2026-08-27 04:17:00] mem=1537MB/max oom_kill=0 | rayfronts=0MB raven=0MB lvlm_baseline_node=0MB ddsrouter=91MB gossip=88MB | top: droan_gl_node:317MB python3:171MB mavros_node:146MB point_cloud_node:116MB python3:111MB
disaster-dataset-robot-desktop-2 [2026-08-27 04:17:00] mem=1050MB/max oom_kill=0 | rayfronts=0MB raven=0MB lvlm_baseline_node=0MB ddsrouter=88MB gossip=87MB | top: mavros_node:131MB point_cloud_node:115MB python3:110MB python3:107MB component_contai:104MB
disaster-dataset-robot-desktop-3 [2026-08-27 04:17:00] mem=1247MB/max oom_kill=0 | rayfronts=0MB raven=0MB lvlm_baseline_node=0MB ddsrouter=91MB gossip=88MB | top: droan_gl_node:291MB python3:170MB mavros_node:146MB point_cloud_node:115MB python3:109MB
disaster-dataset-gcs-1 [2026-08-27 04:17:00] mem=2100MB/max oom_kill=0 | rayfronts=0MB raven=0MB lvlm_baseline_node=0MB ddsrouter=0MB gossip=0MB | top: foxglove-studio:1075MB foxglove-studio:307MB foxglove_bridge:302MB foxglove-studio:182MB foxglove-studio:159MB
disaster-dataset-robot-desktop-1 [2026-08-27 04:17:05] mem=1446MB/max oom_kill=0 | rayfronts=0MB raven=0MB lvlm_baseline_node=0MB ddsrouter=91MB gossip=88MB | top: droan_gl_node:257MB python3:171MB mavros_node:146MB point_cloud_node:116MB python3:111MB
disaster-dataset-robot-desktop-2 [2026-08-27 04:17:05] mem=1050MB/max oom_kill=0 | rayfronts=0MB raven=0MB lvlm_baseline_node=0MB ddsrouter=88MB gossip=87MB | top: mavros_node:131MB point_cloud_node:115MB python3:110MB python3:107MB component_contai:104MB
disaster-dataset-robot-desktop-3 [2026-08-27 04:17:05] mem=1246MB/max oom_kill=0 | rayfronts=0MB raven=0MB lvlm_baseline_node=0MB ddsrouter=91MB gossip=88MB | top: droan_gl_node:290MB python3:170MB mavros_node:146MB point_cloud_node:115MB python3:109MB
disaster-dataset-gcs-1 [2026-08-27 04:17:06] mem=2090MB/max oom_kill=0 | rayfronts=0MB raven=0MB lvlm_baseline_node=0MB ddsrouter=0MB gossip=0MB | top: foxglove-studio:1069MB foxglove-studio:307MB foxglove_bridge:298MB foxglove-studio:182MB foxglove-studio:159MB
disaster-dataset-robot-desktop-1 [2026-08-27 04:17:11] mem=1426MB/max oom_kill=0 | rayfronts=0MB raven=0MB lvlm_baseline_node=0MB ddsrouter=91MB gossip=88MB | top: droan_gl_node:297MB mavros_node:146MB python3:141MB point_cloud_node:116MB python3:111MB
disaster-dataset-robot-desktop-2 [2026-08-27 04:17:11] mem=1050MB/max oom_kill=0 | rayfronts=0MB raven=0MB lvlm_baseline_node=0MB ddsrouter=88MB gossip=87MB | top: mavros_node:131MB point_cloud_node:115MB python3:110MB python3:107MB component_contai:104MB
disaster-dataset-robot-desktop-3 [2026-08-27 04:17:11] mem=1247MB/max oom_kill=0 | rayfronts=0MB raven=0MB lvlm_baseline_node=0MB ddsrouter=91MB gossip=88MB | top: droan_gl_node:290MB python3:170MB mavros_node:146MB point_cloud_node:115MB python3:109MB
disaster-dataset-gcs-1 [2026-08-27 04:17:11] mem=2172MB/max oom_kill=0 | rayfronts=0MB raven=0MB lvlm_baseline_node=0MB ddsrouter=0MB gossip=0MB | top: foxglove-studio:1053MB foxglove-studio:307MB foxglove_bridge:304MB foxglove-studio:182MB foxglove-studio:159MB
disaster-dataset-robot-desktop-1 [2026-08-27 04:17:16] mem=1474MB/max oom_kill=0 | rayfronts=0MB raven=0MB lvlm_baseline_node=0MB ddsrouter=91MB gossip=88MB | top: droan_gl_node:261MB python3:171MB mavros_node:146MB point_cloud_node:116MB python3:111MB
disaster-dataset-robot-desktop-2 [2026-08-27 04:17:16] mem=1053MB/max oom_kill=0 | rayfronts=0MB raven=0MB lvlm_baseline_node=0MB ddsrouter=88MB gossip=87MB | top: mavros_node:131MB point_cloud_node:115MB python3:110MB python3:107MB component_contai:105MB
disaster-dataset-robot-desktop-3 [2026-08-27 04:17:16] mem=1273MB/max oom_kill=0 | rayfronts=0MB raven=0MB lvlm_baseline_node=0MB ddsrouter=91MB gossip=88MB | top: droan_gl_node:316MB python3:170MB mavros_node:146MB point_cloud_node:115MB python3:109MB
disaster-dataset-gcs-1 [2026-08-27 04:17:16] mem=1996MB/max oom_kill=0 | rayfronts=0MB raven=0MB lvlm_baseline_node=0MB ddsrouter=0MB gossip=0MB | top: foxglove-studio:969MB foxglove-studio:307MB foxglove_bridge:304MB foxglove-studio:182MB foxglove-studio:159MB
disaster-dataset-robot-desktop-1 [2026-08-27 04:17:22] mem=1420MB/max oom_kill=0 | rayfronts=0MB raven=0MB lvlm_baseline_node=0MB ddsrouter=91MB gossip=88MB | top: droan_gl_node:286MB mavros_node:146MB python3:142MB point_cloud_node:116MB python3:111MB
disaster-dataset-robot-desktop-2 [2026-08-27 04:17:22] mem=1055MB/max oom_kill=0 | rayfronts=0MB raven=0MB lvlm_baseline_node=0MB ddsrouter=88MB gossip=87MB | top: mavros_node:131MB point_cloud_node:115MB python3:110MB python3:107MB component_contai:105MB
disaster-dataset-robot-desktop-3 [2026-08-27 04:17:22] mem=1265MB/max oom_kill=0 | rayfronts=0MB raven=0MB lvlm_baseline_node=0MB ddsrouter=91MB gossip=88MB | top: droan_gl_node:312MB python3:170MB mavros_node:146MB point_cloud_node:115MB python3:109MB
disaster-dataset-gcs-1 [2026-08-27 04:17:22] mem=2164MB/max oom_kill=0 | rayfronts=0MB raven=0MB lvlm_baseline_node=0MB ddsrouter=0MB gossip=0MB | top: foxglove-studio:1143MB foxglove-studio:308MB foxglove_bridge:306MB foxglove-studio:182MB foxglove-studio:159MB
disaster-dataset-robot-desktop-1 [2026-08-27 04:17:28] mem=1485MB/max oom_kill=0 | rayfronts=0MB raven=0MB lvlm_baseline_node=0MB ddsrouter=91MB gossip=88MB | top: droan_gl_node:315MB python3:171MB mavros_node:146MB point_cloud_node:116MB python3:111MB
disaster-dataset-robot-desktop-2 [2026-08-27 04:17:28] mem=1055MB/max oom_kill=0 | rayfronts=0MB raven=0MB lvlm_baseline_node=0MB ddsrouter=88MB gossip=87MB | top: mavros_node:131MB point_cloud_node:115MB python3:110MB python3:107MB component_contai:105MB
disaster-dataset-robot-desktop-3 [2026-08-27 04:17:28] mem=1217MB/max oom_kill=0 | rayfronts=0MB raven=0MB lvlm_baseline_node=0MB ddsrouter=91MB gossip=88MB | top: droan_gl_node:290MB mavros_node:146MB python3:141MB point_cloud_node:115MB python3:109MB
disaster-dataset-gcs-1 [2026-08-27 04:17:28] mem=2167MB/max oom_kill=0 | rayfronts=0MB raven=0MB lvlm_baseline_node=0MB ddsrouter=0MB gossip=0MB | top: foxglove-studio:1149MB foxglove-studio:308MB foxglove_bridge:296MB foxglove-studio:182MB foxglove-studio:159MB
disaster-dataset-robot-desktop-1 [2026-08-27 04:17:33] mem=1481MB/max oom_kill=0 | rayfronts=0MB raven=0MB lvlm_baseline_node=0MB ddsrouter=91MB gossip=88MB | top: droan_gl_node:308MB mavros_node:146MB python3:142MB point_cloud_node:116MB python3:111MB
disaster-dataset-robot-desktop-2 [2026-08-27 04:17:33] mem=1055MB/max oom_kill=0 | rayfronts=0MB raven=0MB lvlm_baseline_node=0MB ddsrouter=88MB gossip=87MB | top: mavros_node:131MB point_cloud_node:115MB python3:110MB python3:107MB component_contai:105MB
disaster-dataset-robot-desktop-3 [2026-08-27 04:17:33] mem=1272MB/max oom_kill=0 | rayfronts=0MB raven=0MB lvlm_baseline_node=0MB ddsrouter=91MB gossip=88MB | top: droan_gl_node:316MB python3:170MB mavros_node:146MB point_cloud_node:115MB python3:109MB
disaster-dataset-gcs-1 [2026-08-27 04:17:33] mem=2029MB/max oom_kill=0 | rayfronts=0MB raven=0MB lvlm_baseline_node=0MB ddsrouter=0MB gossip=0MB | top: foxglove-studio:1003MB foxglove-studio:308MB foxglove_bridge:305MB foxglove-studio:182MB foxglove-studio:159MB
disaster-dataset-robot-desktop-1 [2026-08-27 04:17:39] mem=1476MB/max oom_kill=0 | rayfronts=0MB raven=0MB lvlm_baseline_node=0MB ddsrouter=91MB gossip=88MB | top: droan_gl_node:313MB python3:171MB mavros_node:146MB point_cloud_node:116MB python3:111MB
disaster-dataset-robot-desktop-2 [2026-08-27 04:17:39] mem=1055MB/max oom_kill=0 | rayfronts=0MB raven=0MB lvlm_baseline_node=0MB ddsrouter=88MB gossip=87MB | top: mavros_node:131MB point_cloud_node:115MB python3:110MB python3:107MB component_contai:105MB
disaster-dataset-robot-desktop-3 [2026-08-27 04:17:39] mem=1273MB/max oom_kill=0 | rayfronts=0MB raven=0MB lvlm_baseline_node=0MB ddsrouter=91MB gossip=88MB | top: droan_gl_node:291MB python3:170MB mavros_node:146MB point_cloud_node:115MB python3:109MB
disaster-dataset-gcs-1 [2026-08-27 04:17:39] mem=2023MB/max oom_kill=0 | rayfronts=0MB raven=0MB lvlm_baseline_node=0MB ddsrouter=0MB gossip=0MB | top: foxglove-studio:1006MB foxglove-studio:308MB foxglove_bridge:302MB foxglove-studio:182MB foxglove-studio:159MB
disaster-dataset-robot-desktop-1 [2026-08-27 04:17:44] mem=1494MB/max oom_kill=0 | rayfronts=0MB raven=0MB lvlm_baseline_node=0MB ddsrouter=91MB gossip=88MB | top: droan_gl_node:311MB python3:171MB mavros_node:146MB point_cloud_node:116MB python3:111MB
disaster-dataset-robot-desktop-2 [2026-08-27 04:17:44] mem=1055MB/max oom_kill=0 | rayfronts=0MB raven=0MB lvlm_baseline_node=0MB ddsrouter=88MB gossip=87MB | top: mavros_node:131MB point_cloud_node:115MB python3:110MB python3:107MB component_contai:105MB
disaster-dataset-robot-desktop-3 [2026-08-27 04:17:44] mem=1247MB/max oom_kill=0 | rayfronts=0MB raven=0MB lvlm_baseline_node=0MB ddsrouter=91MB gossip=88MB | top: droan_gl_node:290MB python3:170MB mavros_node:146MB point_cloud_node:115MB python3:109MB
disaster-dataset-gcs-1 [2026-08-27 04:17:44] mem=2142MB/max oom_kill=0 | rayfronts=0MB raven=0MB lvlm_baseline_node=0MB ddsrouter=0MB gossip=0MB | top: foxglove-studio:1126MB foxglove-studio:308MB foxglove_bridge:294MB foxglove-studio:182MB foxglove-studio:159MB
disaster-dataset-robot-desktop-1 [2026-08-27 04:17:50] mem=1393MB/max oom_kill=0 | rayfronts=0MB raven=0MB lvlm_baseline_node=0MB ddsrouter=91MB gossip=88MB | top: droan_gl_node:255MB mavros_node:146MB python3:142MB point_cloud_node:116MB python3:111MB
disaster-dataset-robot-desktop-2 [2026-08-27 04:17:50] mem=1059MB/max oom_kill=0 | rayfronts=0MB raven=0MB lvlm_baseline_node=0MB ddsrouter=88MB gossip=87MB | top: mavros_node:131MB point_cloud_node:115MB python3:110MB python3:107MB component_contai:105MB
disaster-dataset-robot-desktop-3 [2026-08-27 04:17:50] mem=1218MB/max oom_kill=0 | rayfronts=0MB raven=0MB lvlm_baseline_node=0MB ddsrouter=91MB gossip=88MB | top: droan_gl_node:291MB mavros_node:146MB python3:141MB point_cloud_node:115MB python3:109MB
disaster-dataset-gcs-1 [2026-08-27 04:17:50] mem=2120MB/max oom_kill=0 | rayfronts=0MB raven=0MB lvlm_baseline_node=0MB ddsrouter=0MB gossip=0MB | top: foxglove-studio:1097MB foxglove-studio:308MB foxglove_bridge:302MB foxglove-studio:182MB foxglove-studio:159MB
disaster-dataset-robot-desktop-1 [2026-08-27 04:17:55] mem=1392MB/max oom_kill=0 | rayfronts=0MB raven=0MB lvlm_baseline_node=0MB ddsrouter=91MB gossip=88MB | top: droan_gl_node:255MB mavros_node:146MB python3:142MB point_cloud_node:116MB python3:111MB
disaster-dataset-robot-desktop-2 [2026-08-27 04:17:55] mem=1060MB/max oom_kill=0 | rayfronts=0MB raven=0MB lvlm_baseline_node=0MB ddsrouter=88MB gossip=87MB | top: mavros_node:131MB point_cloud_node:115MB python3:110MB python3:107MB component_contai:105MB
disaster-dataset-robot-desktop-3 [2026-08-27 04:17:55] mem=1217MB/max oom_kill=0 | rayfronts=0MB raven=0MB lvlm_baseline_node=0MB ddsrouter=91MB gossip=88MB | top: droan_gl_node:291MB mavros_node:146MB python3:141MB point_cloud_node:115MB python3:109MB
disaster-dataset-gcs-1 [2026-08-27 04:17:55] mem=2020MB/max oom_kill=0 | rayfronts=0MB raven=0MB lvlm_baseline_node=0MB ddsrouter=0MB gossip=0MB | top: foxglove-studio:997MB foxglove-studio:308MB foxglove_bridge:302MB foxglove-studio:182MB foxglove-studio:159MB
disaster-dataset-robot-desktop-1 [2026-08-27 04:18:00] mem=1444MB/max oom_kill=0 | rayfronts=0MB raven=0MB lvlm_baseline_node=0MB ddsrouter=91MB gossip=88MB | top: droan_gl_node:255MB mavros_node:148MB python3:142MB point_cloud_node:116MB python3:111MB
disaster-dataset-robot-desktop-2 [2026-08-27 04:18:00] mem=1062MB/max oom_kill=0 | rayfronts=0MB raven=0MB lvlm_baseline_node=0MB ddsrouter=88MB gossip=87MB | top: mavros_node:131MB point_cloud_node:115MB python3:110MB python3:107MB component_contai:105MB
disaster-dataset-robot-desktop-3 [2026-08-27 04:18:00] mem=1221MB/max oom_kill=0 | rayfronts=0MB raven=0MB lvlm_baseline_node=0MB ddsrouter=91MB gossip=88MB | top: droan_gl_node:291MB mavros_node:148MB python3:141MB point_cloud_node:115MB python3:109MB
disaster-dataset-gcs-1 [2026-08-27 04:18:00] mem=1823MB/max oom_kill=0 | rayfronts=0MB raven=0MB lvlm_baseline_node=0MB ddsrouter=0MB gossip=0MB | top: foxglove-studio:795MB foxglove-studio:311MB foxglove_bridge:302MB foxglove-studio:183MB foxglove-studio:159MB
disaster-dataset-robot-desktop-1 [2026-08-27 04:18:06] mem=1396MB/max oom_kill=0 | rayfronts=0MB raven=0MB lvlm_baseline_node=0MB ddsrouter=91MB gossip=88MB | top: droan_gl_node:255MB mavros_node:148MB python3:142MB point_cloud_node:116MB python3:111MB
disaster-dataset-robot-desktop-2 [2026-08-27 04:18:06] mem=1064MB/max oom_kill=0 | rayfronts=0MB raven=0MB lvlm_baseline_node=0MB ddsrouter=88MB gossip=87MB | top: mavros_node:131MB point_cloud_node:115MB python3:110MB python3:107MB component_contai:105MB
disaster-dataset-robot-desktop-3 [2026-08-27 04:18:06] mem=1220MB/max oom_kill=0 | rayfronts=0MB raven=0MB lvlm_baseline_node=0MB ddsrouter=91MB gossip=88MB | top: droan_gl_node:291MB mavros_node:148MB python3:141MB point_cloud_node:115MB python3:109MB
disaster-dataset-gcs-1 [2026-08-27 04:18:06] mem=1852MB/max oom_kill=0 | rayfronts=0MB raven=0MB lvlm_baseline_node=0MB ddsrouter=0MB gossip=0MB | top: foxglove-studio:826MB foxglove-studio:312MB foxglove_bridge:302MB foxglove-studio:184MB foxglove-studio:157MB
disaster-dataset-robot-desktop-1 [2026-08-27 04:18:11] mem=1396MB/max oom_kill=0 | rayfronts=0MB raven=0MB lvlm_baseline_node=0MB ddsrouter=91MB gossip=88MB | top: droan_gl_node:255MB mavros_node:148MB python3:142MB point_cloud_node:116MB python3:111MB
disaster-dataset-robot-desktop-2 [2026-08-27 04:18:11] mem=1064MB/max oom_kill=0 | rayfronts=0MB raven=0MB lvlm_baseline_node=0MB ddsrouter=88MB gossip=87MB | top: mavros_node:131MB point_cloud_node:115MB python3:110MB python3:107MB component_contai:105MB
disaster-dataset-robot-desktop-3 [2026-08-27 04:18:11] mem=1221MB/max oom_kill=0 | rayfronts=0MB raven=0MB lvlm_baseline_node=0MB ddsrouter=92MB gossip=88MB | top: droan_gl_node:291MB mavros_node:148MB python3:141MB point_cloud_node:115MB python3:109MB
disaster-dataset-gcs-1 [2026-08-27 04:18:11] mem=1801MB/max oom_kill=0 | rayfronts=0MB raven=0MB lvlm_baseline_node=0MB ddsrouter=0MB gossip=0MB | top: foxglove-studio:766MB foxglove-studio:312MB foxglove_bridge:302MB foxglove-studio:184MB foxglove-studio:157MB
disaster-dataset-robot-desktop-1 [2026-08-27 04:18:16] mem=1444MB/max oom_kill=0 | rayfronts=0MB raven=0MB lvlm_baseline_node=0MB ddsrouter=91MB gossip=88MB | top: droan_gl_node:255MB mavros_node:148MB python3:142MB point_cloud_node:116MB python3:111MB
disaster-dataset-robot-desktop-2 [2026-08-27 04:18:16] mem=1066MB/max oom_kill=0 | rayfronts=0MB raven=0MB lvlm_baseline_node=0MB ddsrouter=88MB gossip=87MB | top: mavros_node:131MB point_cloud_node:115MB python3:110MB python3:107MB component_contai:105MB
disaster-dataset-robot-desktop-3 [2026-08-27 04:18:16] mem=1220MB/max oom_kill=0 | rayfronts=0MB raven=0MB lvlm_baseline_node=0MB ddsrouter=92MB gossip=88MB | top: droan_gl_node:291MB mavros_node:148MB python3:141MB point_cloud_node:115MB python3:109MB
disaster-dataset-gcs-1 [2026-08-27 04:18:16] mem=1766MB/max oom_kill=0 | rayfronts=0MB raven=0MB lvlm_baseline_node=0MB ddsrouter=0MB gossip=0MB | top: foxglove-studio:741MB foxglove-studio:305MB foxglove_bridge:302MB foxglove-studio:185MB foxglove-studio:157MB
disaster-dataset-robot-desktop-1 [2026-08-27 04:18:21] mem=1397MB/max oom_kill=0 | rayfronts=0MB raven=0MB lvlm_baseline_node=0MB ddsrouter=91MB gossip=88MB | top: droan_gl_node:255MB mavros_node:148MB python3:142MB point_cloud_node:116MB python3:111MB
disaster-dataset-robot-desktop-2 [2026-08-27 04:18:21] mem=1067MB/max oom_kill=0 | rayfronts=0MB raven=0MB lvlm_baseline_node=0MB ddsrouter=88MB gossip=87MB | top: mavros_node:131MB point_cloud_node:115MB python3:110MB python3:107MB component_contai:105MB
disaster-dataset-robot-desktop-3 [2026-08-27 04:18:21] mem=1220MB/max oom_kill=0 | rayfronts=0MB raven=0MB lvlm_baseline_node=0MB ddsrouter=92MB gossip=88MB | top: droan_gl_node:291MB mavros_node:148MB python3:141MB point_cloud_node:115MB python3:109MB
disaster-dataset-gcs-1 [2026-08-27 04:18:21] mem=1760MB/max oom_kill=0 | rayfronts=0MB raven=0MB lvlm_baseline_node=0MB ddsrouter=0MB gossip=0MB | top: foxglove-studio:740MB foxglove-studio:302MB foxglove_bridge:302MB foxglove-studio:185MB foxglove-studio:157MB
disaster-dataset-robot-desktop-1 [2026-08-27 04:18:27] mem=1396MB/max oom_kill=0 | rayfronts=0MB raven=0MB lvlm_baseline_node=0MB ddsrouter=91MB gossip=88MB | top: droan_gl_node:255MB mavros_node:148MB python3:142MB point_cloud_node:116MB python3:111MB
disaster-dataset-robot-desktop-2 [2026-08-27 04:18:27] mem=1069MB/max oom_kill=0 | rayfronts=0MB raven=0MB lvlm_baseline_node=0MB ddsrouter=88MB gossip=87MB | top: mavros_node:131MB point_cloud_node:115MB python3:110MB python3:107MB component_contai:105MB
disaster-dataset-robot-desktop-3 [2026-08-27 04:18:27] mem=1220MB/max oom_kill=0 | rayfronts=0MB raven=0MB lvlm_baseline_node=0MB ddsrouter=92MB gossip=88MB | top: droan_gl_node:291MB mavros_node:148MB python3:141MB point_cloud_node:115MB python3:109MB
disaster-dataset-gcs-1 [2026-08-27 04:18:27] mem=1732MB/max oom_kill=0 | rayfronts=0MB raven=0MB lvlm_baseline_node=0MB ddsrouter=0MB gossip=0MB | top: foxglove-studio:712MB foxglove-studio:302MB foxglove_bridge:302MB foxglove-studio:185MB foxglove-studio:157MB
disaster-dataset-robot-desktop-1 [2026-08-27 04:18:32] mem=1442MB/max oom_kill=0 | rayfronts=0MB raven=0MB lvlm_baseline_node=0MB ddsrouter=91MB gossip=88MB | top: droan_gl_node:255MB mavros_node:148MB python3:142MB point_cloud_node:116MB python3:111MB
disaster-dataset-robot-desktop-2 [2026-08-27 04:18:32] mem=440MB/max oom_kill=0 | rayfronts=0MB raven=0MB lvlm_baseline_node=0MB ddsrouter=3MB gossip=86MB | top: mavros_node:130MB python3:106MB robot_interface_:98MB droan_gl_node:93MB python3:87MB
disaster-dataset-robot-desktop-3 [2026-08-27 04:18:32] mem=1221MB/max oom_kill=0 | rayfronts=0MB raven=0MB lvlm_baseline_node=0MB ddsrouter=92MB gossip=88MB | top: droan_gl_node:291MB mavros_node:148MB python3:141MB point_cloud_node:115MB python3:109MB
disaster-dataset-gcs-1 [2026-08-27 04:18:32] mem=1738MB/max oom_kill=0 | rayfronts=0MB raven=0MB lvlm_baseline_node=0MB ddsrouter=0MB gossip=0MB | top: foxglove-studio:718MB foxglove-studio:302MB foxglove_bridge:302MB foxglove-studio:185MB foxglove-studio:157MB
disaster-dataset-robot-desktop-1 [2026-08-27 04:18:37] mem=1396MB/max oom_kill=0 | rayfronts=0MB raven=0MB lvlm_baseline_node=0MB ddsrouter=91MB gossip=88MB | top: droan_gl_node:255MB mavros_node:148MB python3:142MB point_cloud_node:116MB python3:111MB
disaster-dataset-robot-desktop-2 [2026-08-27 04:18:37] mem=433MB/max oom_kill=0 | rayfronts=0MB raven=0MB lvlm_baseline_node=0MB ddsrouter=3MB gossip=86MB | top: mavros_node:130MB python3:106MB robot_interface_:97MB droan_gl_node:93MB python3:87MB
disaster-dataset-robot-desktop-3 [2026-08-27 04:18:37] mem=1220MB/max oom_kill=0 | rayfronts=0MB raven=0MB lvlm_baseline_node=0MB ddsrouter=92MB gossip=88MB | top: droan_gl_node:291MB mavros_node:148MB python3:141MB point_cloud_node:115MB python3:109MB
disaster-dataset-gcs-1 [2026-08-27 04:18:38] mem=1744MB/max oom_kill=0 | rayfronts=0MB raven=0MB lvlm_baseline_node=0MB ddsrouter=0MB gossip=0MB | top: foxglove-studio:724MB foxglove-studio:302MB foxglove_bridge:302MB foxglove-studio:185MB foxglove-studio:157MB
disaster-dataset-robot-desktop-1 [2026-08-27 04:18:43] mem=1461MB/max oom_kill=0 | rayfronts=0MB raven=0MB lvlm_baseline_node=0MB ddsrouter=91MB gossip=88MB | top: droan_gl_node:298MB python3:171MB mavros_node:148MB point_cloud_node:116MB python3:111MB
disaster-dataset-robot-desktop-2 [2026-08-27 04:18:43] mem=234MB/max oom_kill=0 | rayfronts=0MB raven=0MB lvlm_baseline_node=0MB ddsrouter=0MB gossip=0MB | top: python3:42MB python3:28MB python3:28MB python3:27MB cmake:16MB
disaster-dataset-robot-desktop-3 [2026-08-27 04:18:43] mem=1271MB/max oom_kill=0 | rayfronts=0MB raven=0MB lvlm_baseline_node=0MB ddsrouter=92MB gossip=88MB | top: droan_gl_node:313MB python3:171MB mavros_node:148MB point_cloud_node:115MB python3:109MB
disaster-dataset-gcs-1 [2026-08-27 04:18:43] mem=2802MB/max oom_kill=0 | rayfronts=0MB raven=0MB lvlm_baseline_node=0MB ddsrouter=0MB gossip=0MB | top: foxglove-studio:1762MB foxglove-studio:313MB foxglove_bridge:302MB foxglove-studio:185MB foxglove-studio:157MB
disaster-dataset-robot-desktop-1 [2026-08-27 04:18:49] mem=1477MB/max oom_kill=0 | rayfronts=0MB raven=0MB lvlm_baseline_node=0MB ddsrouter=91MB gossip=88MB | top: droan_gl_node:263MB python3:171MB mavros_node:148MB point_cloud_node:117MB python3:111MB
disaster-dataset-robot-desktop-2 [2026-08-27 04:18:49] mem=135MB/max oom_kill=0 | rayfronts=0MB raven=0MB lvlm_baseline_node=0MB ddsrouter=3MB gossip=0MB | top: python3:44MB python3:31MB cmake:17MB tmux:6MB tmux:5MB
disaster-dataset-robot-desktop-3 [2026-08-27 04:18:49] mem=1250MB/max oom_kill=0 | rayfronts=0MB raven=0MB lvlm_baseline_node=0MB ddsrouter=92MB gossip=88MB | top: droan_gl_node:291MB python3:171MB mavros_node:148MB point_cloud_node:115MB python3:109MB
disaster-dataset-gcs-1 [2026-08-27 04:18:49] mem=2221MB/max oom_kill=0 | rayfronts=0MB raven=0MB lvlm_baseline_node=0MB ddsrouter=0MB gossip=0MB | top: foxglove-studio:1178MB foxglove-studio:313MB foxglove_bridge:305MB foxglove-studio:185MB foxglove-studio:156MB
disaster-dataset-robot-desktop-1 [2026-08-27 04:18:54] mem=1542MB/max oom_kill=0 | rayfronts=0MB raven=0MB lvlm_baseline_node=0MB ddsrouter=91MB gossip=88MB | top: droan_gl_node:327MB python3:176MB mavros_node:148MB point_cloud_node:117MB python3:111MB
disaster-dataset-robot-desktop-2 [2026-08-27 04:18:54] mem=255MB/max oom_kill=0 | rayfronts=0MB raven=0MB lvlm_baseline_node=0MB ddsrouter=0MB gossip=0MB | top: python3:51MB python3:41MB python3:32MB python3:31MB python3:28MB
disaster-dataset-robot-desktop-3 [2026-08-27 04:18:54] mem=1273MB/max oom_kill=0 | rayfronts=0MB raven=0MB lvlm_baseline_node=0MB ddsrouter=92MB gossip=88MB | top: droan_gl_node:317MB python3:171MB mavros_node:148MB point_cloud_node:115MB python3:109MB
disaster-dataset-gcs-1 [2026-08-27 04:18:55] mem=1977MB/max oom_kill=0 | rayfronts=0MB raven=0MB lvlm_baseline_node=0MB ddsrouter=0MB gossip=0MB | top: foxglove-studio:934MB foxglove-studio:313MB foxglove_bridge:307MB foxglove-studio:185MB foxglove-studio:156MB
disaster-dataset-robot-desktop-1 [2026-08-27 04:19:01] mem=1544MB/max oom_kill=0 | rayfronts=0MB raven=0MB lvlm_baseline_node=0MB ddsrouter=92MB gossip=0MB | top: droan_gl_node:310MB python3:186MB mavros_node:148MB point_cloud_node:117MB python3:111MB
disaster-dataset-robot-desktop-2 [2026-08-27 04:19:01] mem=900MB/max oom_kill=0 | rayfronts=0MB raven=0MB lvlm_baseline_node=0MB ddsrouter=0MB gossip=82MB | top: python3:106MB component_contai:101MB disparity_node:92MB droan_gl_node:89MB robot_interface_:88MB
disaster-dataset-robot-desktop-3 [2026-08-27 04:19:01] mem=1314MB/max oom_kill=0 | rayfronts=0MB raven=0MB lvlm_baseline_node=0MB ddsrouter=92MB gossip=88MB | top: droan_gl_node:349MB python3:180MB mavros_node:148MB point_cloud_node:115MB python3:109MB
disaster-dataset-gcs-1 [2026-08-27 04:19:01] mem=1930MB/max oom_kill=0 | rayfronts=0MB raven=0MB lvlm_baseline_node=0MB ddsrouter=0MB gossip=0MB | top: foxglove-studio:905MB foxglove_bridge:308MB foxglove-studio:304MB foxglove-studio:185MB foxglove-studio:157MB
disaster-dataset-robot-desktop-1 [2026-08-27 04:19:06] mem=1541MB/max oom_kill=0 | rayfronts=0MB raven=0MB lvlm_baseline_node=0MB ddsrouter=92MB gossip=88MB | top: droan_gl_node:404MB python3:191MB mavros_node:148MB point_cloud_node:117MB python3:111MB
disaster-dataset-robot-desktop-2 [2026-08-27 04:19:06] mem=1188MB/max oom_kill=0 | rayfronts=0MB raven=0MB lvlm_baseline_node=0MB ddsrouter=90MB gossip=87MB | top: droan_gl_node:248MB mavros_node:140MB python3:128MB point_cloud_node:115MB python3:110MB
disaster-dataset-robot-desktop-3 [2026-08-27 04:19:06] mem=1317MB/max oom_kill=0 | rayfronts=0MB raven=0MB lvlm_baseline_node=0MB ddsrouter=92MB gossip=88MB | top: droan_gl_node:339MB python3:190MB mavros_node:148MB point_cloud_node:115MB python3:109MB
disaster-dataset-gcs-1 [2026-08-27 04:19:07] mem=2745MB/max oom_kill=0 | rayfronts=0MB raven=0MB lvlm_baseline_node=0MB ddsrouter=0MB gossip=0MB | top: foxglove-studio:1661MB foxglove-studio:312MB foxglove_bridge:304MB foxglove-studio:185MB foxglove-studio:157MB
disaster-dataset-robot-desktop-1 [2026-08-27 04:19:12] mem=1472MB/max oom_kill=0 | rayfronts=0MB raven=0MB lvlm_baseline_node=0MB ddsrouter=92MB gossip=88MB | top: droan_gl_node:294MB python3:192MB mavros_node:148MB point_cloud_node:117MB python3:111MB
disaster-dataset-robot-desktop-2 [2026-08-27 04:19:12] mem=1189MB/max oom_kill=0 | rayfronts=0MB raven=0MB lvlm_baseline_node=0MB ddsrouter=91MB gossip=87MB | top: droan_gl_node:250MB mavros_node:140MB python3:128MB point_cloud_node:115MB python3:111MB
disaster-dataset-robot-desktop-3 [2026-08-27 04:19:12] mem=1339MB/max oom_kill=0 | rayfronts=0MB raven=0MB lvlm_baseline_node=0MB ddsrouter=92MB gossip=88MB | top: droan_gl_node:373MB python3:191MB mavros_node:148MB point_cloud_node:115MB python3:109MB
disaster-dataset-gcs-1 [2026-08-27 04:19:12] mem=2334MB/max oom_kill=0 | rayfronts=0MB raven=0MB lvlm_baseline_node=0MB ddsrouter=0MB gossip=0MB | top: foxglove-studio:1309MB foxglove-studio:313MB foxglove_bridge:303MB foxglove-studio:185MB foxglove-studio:157MB
disaster-dataset-robot-desktop-1 [2026-08-27 04:19:17] mem=1499MB/max oom_kill=0 | rayfronts=0MB raven=0MB lvlm_baseline_node=0MB ddsrouter=92MB gossip=88MB | top: droan_gl_node:367MB python3:193MB mavros_node:148MB point_cloud_node:117MB python3:111MB
disaster-dataset-robot-desktop-2 [2026-08-27 04:19:17] mem=1271MB/max oom_kill=0 | rayfronts=0MB raven=0MB lvlm_baseline_node=0MB ddsrouter=91MB gossip=87MB | top: droan_gl_node:312MB mavros_node:143MB python3:140MB point_cloud_node:116MB python3:111MB
disaster-dataset-robot-desktop-3 [2026-08-27 04:19:18] mem=1351MB/max oom_kill=0 | rayfronts=0MB raven=0MB lvlm_baseline_node=0MB ddsrouter=92MB gossip=88MB | top: droan_gl_node:375MB python3:192MB mavros_node:148MB point_cloud_node:115MB python3:109MB
disaster-dataset-gcs-1 [2026-08-27 04:19:18] mem=2192MB/max oom_kill=0 | rayfronts=0MB raven=0MB lvlm_baseline_node=0MB ddsrouter=0MB gossip=0MB | top: foxglove-studio:1144MB foxglove-studio:313MB foxglove_bridge:311MB foxglove-studio:185MB foxglove-studio:157MB
disaster-dataset-robot-desktop-1 [2026-08-27 04:19:23] mem=1552MB/max oom_kill=0 | rayfronts=0MB raven=0MB lvlm_baseline_node=0MB ddsrouter=92MB gossip=88MB | top: droan_gl_node:410MB python3:193MB mavros_node:148MB point_cloud_node:117MB python3:111MB
disaster-dataset-robot-desktop-2 [2026-08-27 04:19:23] mem=1281MB/max oom_kill=0 | rayfronts=0MB raven=0MB lvlm_baseline_node=0MB ddsrouter=91MB gossip=87MB | top: droan_gl_node:291MB python3:168MB mavros_node:143MB point_cloud_node:116MB python3:111MB
disaster-dataset-robot-desktop-3 [2026-08-27 04:19:23] mem=1336MB/max oom_kill=0 | rayfronts=0MB raven=0MB lvlm_baseline_node=0MB ddsrouter=92MB gossip=88MB | top: droan_gl_node:357MB python3:193MB mavros_node:148MB point_cloud_node:115MB python3:109MB
disaster-dataset-gcs-1 [2026-08-27 04:19:23] mem=2083MB/max oom_kill=0 | rayfronts=0MB raven=0MB lvlm_baseline_node=0MB ddsrouter=0MB gossip=0MB | top: foxglove-studio:1041MB foxglove-studio:313MB foxglove_bridge:306MB foxglove-studio:185MB foxglove-studio:157MB
disaster-dataset-robot-desktop-1 [2026-08-27 04:19:28] mem=1552MB/max oom_kill=0 | rayfronts=0MB raven=0MB lvlm_baseline_node=0MB ddsrouter=92MB gossip=88MB | top: droan_gl_node:287MB python3:193MB mavros_node:148MB point_cloud_node:117MB python3:111MB
disaster-dataset-robot-desktop-2 [2026-08-27 04:19:29] mem=1329MB/max oom_kill=0 | rayfronts=0MB raven=0MB lvlm_baseline_node=0MB ddsrouter=91MB gossip=87MB | top: droan_gl_node:331MB python3:178MB mavros_node:143MB point_cloud_node:116MB python3:111MB
disaster-dataset-robot-desktop-3 [2026-08-27 04:19:29] mem=1381MB/max oom_kill=0 | rayfronts=0MB raven=0MB lvlm_baseline_node=0MB ddsrouter=92MB gossip=88MB | top: droan_gl_node:410MB python3:193MB mavros_node:148MB point_cloud_node:115MB python3:109MB
disaster-dataset-gcs-1 [2026-08-27 04:19:29] mem=2228MB/max oom_kill=0 | rayfronts=0MB raven=0MB lvlm_baseline_node=0MB ddsrouter=0MB gossip=0MB | top: foxglove-studio:1177MB foxglove-studio:314MB foxglove_bridge:311MB foxglove-studio:185MB foxglove-studio:157MB
disaster-dataset-robot-desktop-1 [2026-08-27 04:19:35] mem=1483MB/max oom_kill=0 | rayfronts=0MB raven=0MB lvlm_baseline_node=0MB ddsrouter=92MB gossip=88MB | top: droan_gl_node:350MB python3:193MB mavros_node:148MB point_cloud_node:117MB python3:111MB
disaster-dataset-robot-desktop-2 [2026-08-27 04:19:35] mem=1317MB/max oom_kill=0 | rayfronts=0MB raven=0MB lvlm_baseline_node=0MB ddsrouter=93MB gossip=88MB | top: droan_gl_node:305MB python3:182MB mavros_node:143MB point_cloud_node:116MB python3:111MB
disaster-dataset-robot-desktop-3 [2026-08-27 04:19:35] mem=1361MB/max oom_kill=0 | rayfronts=0MB raven=0MB lvlm_baseline_node=0MB ddsrouter=92MB gossip=88MB | top: droan_gl_node:358MB python3:193MB mavros_node:148MB point_cloud_node:115MB python3:109MB
disaster-dataset-gcs-1 [2026-08-27 04:19:35] mem=2419MB/max oom_kill=0 | rayfronts=0MB raven=0MB lvlm_baseline_node=0MB ddsrouter=0MB gossip=0MB | top: foxglove-studio:1314MB foxglove-studio:314MB foxglove_bridge:314MB foxglove-studio:185MB foxglove-studio:157MB
disaster-dataset-robot-desktop-1 [2026-08-27 04:19:40] mem=1489MB/max oom_kill=0 | rayfronts=0MB raven=0MB lvlm_baseline_node=0MB ddsrouter=92MB gossip=88MB | top: droan_gl_node:353MB python3:193MB mavros_node:148MB point_cloud_node:117MB python3:111MB
disaster-dataset-robot-desktop-2 [2026-08-27 04:19:40] mem=1392MB/max oom_kill=0 | rayfronts=0MB raven=0MB lvlm_baseline_node=0MB ddsrouter=93MB gossip=88MB | top: droan_gl_node:345MB python3:187MB mavros_node:143MB point_cloud_node:116MB python3:111MB
disaster-dataset-robot-desktop-3 [2026-08-27 04:19:41] mem=1297MB/max oom_kill=0 | rayfronts=0MB raven=0MB lvlm_baseline_node=0MB ddsrouter=92MB gossip=88MB | top: droan_gl_node:318MB python3:193MB mavros_node:148MB point_cloud_node:115MB python3:109MB
disaster-dataset-gcs-1 [2026-08-27 04:19:41] mem=2318MB/max oom_kill=0 | rayfronts=0MB raven=0MB lvlm_baseline_node=0MB ddsrouter=0MB gossip=0MB | top: foxglove-studio:1211MB foxglove-studio:313MB foxglove_bridge:309MB foxglove-studio:185MB foxglove-studio:157MB
disaster-dataset-robot-desktop-1 [2026-08-27 04:19:46] mem=1449MB/max oom_kill=0 | rayfronts=0MB raven=0MB lvlm_baseline_node=0MB ddsrouter=92MB gossip=88MB | top: droan_gl_node:315MB python3:193MB mavros_node:148MB point_cloud_node:117MB python3:111MB
disaster-dataset-robot-desktop-2 [2026-08-27 04:19:46] mem=1353MB/max oom_kill=0 | rayfronts=0MB raven=0MB lvlm_baseline_node=0MB ddsrouter=93MB gossip=88MB | top: droan_gl_node:339MB python3:188MB mavros_node:143MB point_cloud_node:116MB python3:111MB
disaster-dataset-robot-desktop-3 [2026-08-27 04:19:46] mem=1394MB/max oom_kill=0 | rayfronts=0MB raven=0MB lvlm_baseline_node=0MB ddsrouter=92MB gossip=88MB | top: droan_gl_node:410MB python3:193MB mavros_node:148MB point_cloud_node:115MB python3:109MB
disaster-dataset-gcs-1 [2026-08-27 04:19:46] mem=2336MB/max oom_kill=0 | rayfronts=0MB raven=0MB lvlm_baseline_node=0MB ddsrouter=0MB gossip=0MB | top: foxglove-studio:1204MB foxglove-studio:313MB foxglove_bridge:311MB foxglove-studio:185MB foxglove-studio:157MB
disaster-dataset-robot-desktop-1 [2026-08-27 04:19:51] mem=1543MB/max oom_kill=0 | rayfronts=0MB raven=0MB lvlm_baseline_node=0MB ddsrouter=93MB gossip=89MB | top: droan_gl_node:352MB python3:193MB mavros_node:148MB point_cloud_node:117MB python3:111MB
disaster-dataset-robot-desktop-2 [2026-08-27 04:19:52] mem=1364MB/max oom_kill=0 | rayfronts=0MB raven=0MB lvlm_baseline_node=0MB ddsrouter=93MB gossip=88MB | top: droan_gl_node:347MB python3:188MB mavros_node:143MB point_cloud_node:116MB python3:111MB
disaster-dataset-robot-desktop-3 [2026-08-27 04:19:52] mem=1394MB/max oom_kill=0 | rayfronts=0MB raven=0MB lvlm_baseline_node=0MB ddsrouter=93MB gossip=88MB | top: droan_gl_node:410MB python3:193MB mavros_node:148MB point_cloud_node:115MB python3:109MB
disaster-dataset-gcs-1 [2026-08-27 04:19:52] mem=2726MB/max oom_kill=0 | rayfronts=0MB raven=0MB lvlm_baseline_node=0MB ddsrouter=0MB gossip=0MB | top: foxglove-studio:1063MB foxglove_bridge:318MB foxglove-studio:313MB python3:239MB foxglove-studio:185MB
disaster-dataset-robot-desktop-1 [2026-08-27 04:19:57] mem=1669MB/max oom_kill=0 | rayfronts=0MB raven=0MB lvlm_baseline_node=0MB ddsrouter=94MB gossip=0MB | top: droan_gl_node:318MB python3:193MB mavros_node:149MB point_cloud_node:117MB python3:111MB
disaster-dataset-robot-desktop-2 [2026-08-27 04:19:57] mem=1432MB/max oom_kill=0 | rayfronts=0MB raven=0MB lvlm_baseline_node=0MB ddsrouter=95MB gossip=88MB | top: droan_gl_node:359MB python3:189MB mavros_node:144MB point_cloud_node:116MB python3:111MB
disaster-dataset-robot-desktop-3 [2026-08-27 04:19:57] mem=1401MB/max oom_kill=0 | rayfronts=0MB raven=0MB lvlm_baseline_node=0MB ddsrouter=94MB gossip=88MB | top: droan_gl_node:410MB python3:193MB mavros_node:148MB point_cloud_node:116MB python3:110MB
disaster-dataset-gcs-1 [2026-08-27 04:19:58] mem=3428MB/max oom_kill=0 | rayfronts=0MB raven=0MB lvlm_baseline_node=0MB ddsrouter=0MB gossip=0MB | top: foxglove-studio:1284MB foxglove_bridge:316MB foxglove-studio:314MB python3:239MB foxglove-studio:185MB
disaster-dataset-robot-desktop-1 [2026-08-27 04:20:03] mem=1784MB/max oom_kill=0 | rayfronts=0MB raven=0MB lvlm_baseline_node=0MB ddsrouter=100MB gossip=0MB | top: droan_gl_node:327MB python3:193MB mavros_node:149MB point_cloud_node:117MB python3:111MB
disaster-dataset-robot-desktop-2 [2026-08-27 04:20:03] mem=1397MB/max oom_kill=0 | rayfronts=0MB raven=0MB lvlm_baseline_node=0MB ddsrouter=94MB gossip=88MB | top: droan_gl_node:345MB python3:189MB mavros_node:144MB point_cloud_node:116MB python3:111MB
disaster-dataset-robot-desktop-3 [2026-08-27 04:20:03] mem=1347MB/max oom_kill=0 | rayfronts=0MB raven=0MB lvlm_baseline_node=0MB ddsrouter=95MB gossip=88MB | top: droan_gl_node:364MB python3:193MB mavros_node:148MB point_cloud_node:116MB python3:110MB
disaster-dataset-gcs-1 [2026-08-27 04:20:03] mem=4301MB/max oom_kill=0 | rayfronts=0MB raven=0MB lvlm_baseline_node=0MB ddsrouter=0MB gossip=0MB | top: foxglove-studio:1261MB foxglove_bridge:321MB foxglove-studio:315MB python3:254MB foxglove-studio:185MB
disaster-dataset-robot-desktop-1 [2026-08-27 04:20:09] mem=1940MB/max oom_kill=0 | rayfronts=0MB raven=0MB lvlm_baseline_node=0MB ddsrouter=100MB gossip=0MB | top: droan_gl_node:335MB python3:194MB mavros_node:149MB point_cloud_node:117MB python3:111MB
disaster-dataset-robot-desktop-2 [2026-08-27 04:20:09] mem=1338MB/max oom_kill=0 | rayfronts=0MB raven=0MB lvlm_baseline_node=0MB ddsrouter=94MB gossip=88MB | top: droan_gl_node:312MB python3:189MB mavros_node:144MB point_cloud_node:116MB python3:111MB
disaster-dataset-robot-desktop-3 [2026-08-27 04:20:09] mem=1377MB/max oom_kill=0 | rayfronts=0MB raven=0MB lvlm_baseline_node=0MB ddsrouter=95MB gossip=88MB | top: droan_gl_node:403MB python3:193MB mavros_node:148MB point_cloud_node:116MB python3:110MB
disaster-dataset-gcs-1 [2026-08-27 04:20:10] mem=4666MB/max oom_kill=0 | rayfronts=0MB raven=0MB lvlm_baseline_node=0MB ddsrouter=0MB gossip=0MB | top: foxglove-studio:1272MB foxglove-studio:316MB foxglove_bridge:315MB python3:254MB foxglove-studio:185MB
disaster-dataset-robot-desktop-1 [2026-08-27 04:20:15] mem=2112MB/max oom_kill=0 | rayfronts=0MB raven=0MB lvlm_baseline_node=0MB ddsrouter=100MB gossip=0MB | top: droan_gl_node:364MB python3:194MB mavros_node:149MB point_cloud_node:117MB python3:111MB
disaster-dataset-robot-desktop-2 [2026-08-27 04:20:15] mem=1385MB/max oom_kill=0 | rayfronts=0MB raven=0MB lvlm_baseline_node=0MB ddsrouter=94MB gossip=88MB | top: droan_gl_node:312MB python3:189MB mavros_node:144MB point_cloud_node:116MB python3:111MB
disaster-dataset-robot-desktop-3 [2026-08-27 04:20:15] mem=1316MB/max oom_kill=0 | rayfronts=0MB raven=0MB lvlm_baseline_node=0MB ddsrouter=95MB gossip=88MB | top: droan_gl_node:314MB python3:193MB mavros_node:148MB point_cloud_node:116MB python3:110MB
disaster-dataset-gcs-1 [2026-08-27 04:20:15] mem=5439MB/max oom_kill=0 | rayfronts=0MB raven=0MB lvlm_baseline_node=0MB ddsrouter=0MB gossip=0MB | top: foxglove-studio:1394MB foxglove_bridge:321MB foxglove-studio:318MB python3:254MB foxglove-studio:186MB
disaster-dataset-robot-desktop-1 [2026-08-27 04:20:20] mem=2308MB/max oom_kill=0 | rayfronts=0MB raven=0MB lvlm_baseline_node=0MB ddsrouter=100MB gossip=0MB | top: droan_gl_node:408MB python3:194MB mavros_node:149MB point_cloud_node:117MB python3:111MB
disaster-dataset-robot-desktop-2 [2026-08-27 04:20:21] mem=1363MB/max oom_kill=0 | rayfronts=0MB raven=0MB lvlm_baseline_node=0MB ddsrouter=94MB gossip=88MB | top: droan_gl_node:339MB python3:189MB mavros_node:144MB point_cloud_node:116MB python3:111MB
disaster-dataset-robot-desktop-3 [2026-08-27 04:20:21] mem=1350MB/max oom_kill=0 | rayfronts=0MB raven=0MB lvlm_baseline_node=0MB ddsrouter=95MB gossip=88MB | top: droan_gl_node:363MB python3:193MB mavros_node:148MB point_cloud_node:116MB python3:110MB
disaster-dataset-gcs-1 [2026-08-27 04:20:21] mem=5667MB/max oom_kill=0 | rayfronts=0MB raven=0MB lvlm_baseline_node=0MB ddsrouter=0MB gossip=0MB | top: foxglove-studio:1152MB foxglove_bridge:323MB foxglove-studio:318MB python3:254MB foxglove-studio:186MB
disaster-dataset-robot-desktop-1 [2026-08-27 04:20:26] mem=2444MB/max oom_kill=0 | rayfronts=0MB raven=0MB lvlm_baseline_node=0MB ddsrouter=100MB gossip=0MB | top: droan_gl_node:361MB python3:194MB mavros_node:149MB point_cloud_node:117MB python3:111MB
disaster-dataset-robot-desktop-2 [2026-08-27 04:20:26] mem=1354MB/max oom_kill=0 | rayfronts=0MB raven=0MB lvlm_baseline_node=0MB ddsrouter=94MB gossip=88MB | top: droan_gl_node:330MB python3:189MB mavros_node:144MB point_cloud_node:116MB python3:111MB
disaster-dataset-robot-desktop-3 [2026-08-27 04:20:26] mem=1307MB/max oom_kill=0 | rayfronts=0MB raven=0MB lvlm_baseline_node=0MB ddsrouter=95MB gossip=88MB | top: droan_gl_node:314MB python3:193MB mavros_node:148MB point_cloud_node:116MB python3:110MB
disaster-dataset-gcs-1 [2026-08-27 04:20:26] mem=6146MB/max oom_kill=0 | rayfronts=0MB raven=0MB lvlm_baseline_node=0MB ddsrouter=0MB gossip=0MB | top: foxglove-studio:1026MB foxglove_bridge:324MB foxglove-studio:317MB python3:254MB foxglove-studio:186MB
disaster-dataset-robot-desktop-1 [2026-08-27 04:20:32] mem=2836MB/max oom_kill=0 | rayfronts=0MB raven=0MB lvlm_baseline_node=0MB ddsrouter=100MB gossip=0MB | top: python3:474MB droan_gl_node:357MB python3:194MB mavros_node:149MB point_cloud_node:117MB
disaster-dataset-robot-desktop-2 [2026-08-27 04:20:32] mem=1431MB/max oom_kill=0 | rayfronts=0MB raven=0MB lvlm_baseline_node=0MB ddsrouter=94MB gossip=88MB | top: droan_gl_node:405MB python3:189MB mavros_node:144MB point_cloud_node:116MB python3:111MB
disaster-dataset-robot-desktop-3 [2026-08-27 04:20:32] mem=1341MB/max oom_kill=0 | rayfronts=0MB raven=0MB lvlm_baseline_node=0MB ddsrouter=95MB gossip=88MB | top: droan_gl_node:393MB python3:193MB mavros_node:148MB point_cloud_node:116MB python3:110MB
disaster-dataset-gcs-1 [2026-08-27 04:20:32] mem=6873MB/max oom_kill=0 | rayfronts=0MB raven=0MB lvlm_baseline_node=0MB ddsrouter=0MB gossip=0MB | top: foxglove-studio:1127MB foxglove_bridge:321MB foxglove-studio:317MB python3:254MB foxglove-studio:186MB
disaster-dataset-robot-desktop-1 [2026-08-27 04:20:37] mem=3276MB/max oom_kill=0 | rayfronts=0MB raven=0MB lvlm_baseline_node=0MB ddsrouter=100MB gossip=0MB | top: python3:1052MB droan_gl_node:349MB python3:194MB mavros_node:149MB point_cloud_node:117MB
disaster-dataset-robot-desktop-2 [2026-08-27 04:20:38] mem=1338MB/max oom_kill=0 | rayfronts=0MB raven=0MB lvlm_baseline_node=0MB ddsrouter=94MB gossip=88MB | top: droan_gl_node:348MB python3:189MB mavros_node:144MB point_cloud_node:116MB python3:111MB
disaster-dataset-robot-desktop-3 [2026-08-27 04:20:38] mem=1294MB/max oom_kill=0 | rayfronts=0MB raven=0MB lvlm_baseline_node=0MB ddsrouter=95MB gossip=88MB | top: droan_gl_node:315MB python3:193MB mavros_node:148MB point_cloud_node:116MB python3:110MB
disaster-dataset-gcs-1 [2026-08-27 04:20:38] mem=7301MB/max oom_kill=0 | rayfronts=0MB raven=0MB lvlm_baseline_node=0MB ddsrouter=0MB gossip=0MB | top: foxglove-studio:1170MB foxglove_bridge:319MB foxglove-studio:316MB python3:254MB foxglove-studio:186MB
disaster-dataset-robot-desktop-1 [2026-08-27 04:20:44] mem=3478MB/max oom_kill=0 | rayfronts=0MB raven=0MB lvlm_baseline_node=0MB ddsrouter=101MB gossip=0MB | top: python3:1213MB droan_gl_node:341MB python3:195MB mavros_node:150MB point_cloud_node:117MB
disaster-dataset-robot-desktop-2 [2026-08-27 04:20:44] mem=1307MB/max oom_kill=0 | rayfronts=0MB raven=0MB lvlm_baseline_node=0MB ddsrouter=94MB gossip=88MB | top: droan_gl_node:312MB python3:189MB mavros_node:144MB point_cloud_node:116MB python3:111MB
disaster-dataset-robot-desktop-3 [2026-08-27 04:20:44] mem=1322MB/max oom_kill=0 | rayfronts=0MB raven=0MB lvlm_baseline_node=0MB ddsrouter=95MB gossip=88MB | top: droan_gl_node:346MB python3:193MB mavros_node:148MB point_cloud_node:116MB python3:110MB
disaster-dataset-gcs-1 [2026-08-27 04:20:44] mem=7598MB/max oom_kill=0 | rayfronts=0MB raven=0MB lvlm_baseline_node=0MB ddsrouter=0MB gossip=0MB | top: foxglove-studio:1370MB foxglove_bridge:320MB foxglove-studio:316MB python3:254MB foxglove-studio:186MB
disaster-dataset-robot-desktop-1 [2026-08-27 04:20:49] mem=3524MB/max oom_kill=0 | rayfronts=0MB raven=0MB lvlm_baseline_node=0MB ddsrouter=102MB gossip=0MB | top: python3:1240MB droan_gl_node:299MB python3:195MB mavros_node:150MB point_cloud_node:117MB
disaster-dataset-robot-desktop-2 [2026-08-27 04:20:49] mem=1341MB/max oom_kill=0 | rayfronts=0MB raven=0MB lvlm_baseline_node=0MB ddsrouter=94MB gossip=88MB | top: droan_gl_node:349MB python3:189MB mavros_node:144MB point_cloud_node:116MB python3:111MB
disaster-dataset-robot-desktop-3 [2026-08-27 04:20:50] mem=1387MB/max oom_kill=0 | rayfronts=0MB raven=0MB lvlm_baseline_node=0MB ddsrouter=95MB gossip=88MB | top: droan_gl_node:408MB python3:193MB mavros_node:148MB point_cloud_node:116MB python3:110MB
disaster-dataset-gcs-1 [2026-08-27 04:20:50] mem=8179MB/max oom_kill=0 | rayfronts=0MB raven=0MB lvlm_baseline_node=0MB ddsrouter=0MB gossip=0MB | top: foxglove-studio:1628MB foxglove_bridge:322MB foxglove-studio:317MB python3:255MB foxglove-studio:186MB
disaster-dataset-robot-desktop-1 [2026-08-27 04:20:55] mem=3847MB/max oom_kill=0 | rayfronts=0MB raven=0MB lvlm_baseline_node=0MB ddsrouter=102MB gossip=0MB | top: python3:1254MB python3:337MB droan_gl_node:324MB python3:195MB mavros_node:150MB
disaster-dataset-robot-desktop-2 [2026-08-27 04:20:55] mem=1332MB/max oom_kill=0 | rayfronts=0MB raven=0MB lvlm_baseline_node=0MB ddsrouter=94MB gossip=88MB | top: droan_gl_node:312MB python3:189MB mavros_node:144MB point_cloud_node:116MB python3:111MB
disaster-dataset-robot-desktop-3 [2026-08-27 04:20:55] mem=1294MB/max oom_kill=0 | rayfronts=0MB raven=0MB lvlm_baseline_node=0MB ddsrouter=95MB gossip=88MB | top: droan_gl_node:315MB python3:193MB mavros_node:148MB point_cloud_node:116MB python3:110MB
disaster-dataset-gcs-1 [2026-08-27 04:20:55] mem=8155MB/max oom_kill=0 | rayfronts=0MB raven=0MB lvlm_baseline_node=0MB ddsrouter=0MB gossip=0MB | top: foxglove-studio:1063MB foxglove_bridge:320MB foxglove-studio:317MB python3:255MB foxglove-studio:186MB
disaster-dataset-robot-desktop-1 [2026-08-27 04:21:01] mem=4404MB/max oom_kill=0 | rayfronts=0MB raven=0MB lvlm_baseline_node=0MB ddsrouter=102MB gossip=0MB | top: python3:1268MB python3:927MB droan_gl_node:350MB python3:195MB mavros_node:150MB
disaster-dataset-robot-desktop-2 [2026-08-27 04:21:01] mem=1307MB/max oom_kill=0 | rayfronts=0MB raven=0MB lvlm_baseline_node=0MB ddsrouter=94MB gossip=88MB | top: droan_gl_node:312MB python3:189MB mavros_node:144MB point_cloud_node:116MB python3:111MB
disaster-dataset-robot-desktop-3 [2026-08-27 04:21:01] mem=1321MB/max oom_kill=0 | rayfronts=0MB raven=0MB lvlm_baseline_node=0MB ddsrouter=95MB gossip=88MB | top: droan_gl_node:343MB python3:193MB mavros_node:148MB point_cloud_node:116MB python3:110MB
disaster-dataset-gcs-1 [2026-08-27 04:21:01] mem=8635MB/max oom_kill=0 | rayfronts=0MB raven=0MB lvlm_baseline_node=0MB ddsrouter=0MB gossip=0MB | top: foxglove-studio:1247MB foxglove_bridge:321MB foxglove-studio:317MB python3:255MB foxglove-studio:186MB
disaster-dataset-robot-desktop-1 [2026-08-27 04:21:06] mem=4391MB/max oom_kill=0 | rayfronts=0MB raven=0MB lvlm_baseline_node=0MB ddsrouter=102MB gossip=0MB | top: python3:1270MB python3:1068MB droan_gl_node:351MB python3:195MB mavros_node:150MB
disaster-dataset-robot-desktop-2 [2026-08-27 04:21:06] mem=1356MB/max oom_kill=0 | rayfronts=0MB raven=0MB lvlm_baseline_node=0MB ddsrouter=94MB gossip=88MB | top: droan_gl_node:358MB python3:189MB mavros_node:144MB point_cloud_node:116MB python3:111MB
disaster-dataset-robot-desktop-3 [2026-08-27 04:21:07] mem=1294MB/max oom_kill=0 | rayfronts=0MB raven=0MB lvlm_baseline_node=0MB ddsrouter=95MB gossip=88MB | top: droan_gl_node:314MB python3:193MB mavros_node:148MB point_cloud_node:116MB python3:110MB
disaster-dataset-gcs-1 [2026-08-27 04:21:07] mem=8953MB/max oom_kill=0 | rayfronts=0MB raven=0MB lvlm_baseline_node=0MB ddsrouter=0MB gossip=0MB | top: foxglove-studio:1052MB foxglove_bridge:323MB foxglove-studio:317MB python3:255MB foxglove-studio:186MB
disaster-dataset-robot-desktop-1 [2026-08-27 04:21:12] mem=4385MB/max oom_kill=0 | rayfronts=0MB raven=0MB lvlm_baseline_node=0MB ddsrouter=102MB gossip=0MB | top: python3:1272MB python3:1068MB droan_gl_node:355MB python3:195MB mavros_node:150MB
disaster-dataset-robot-desktop-2 [2026-08-27 04:21:12] mem=1314MB/max oom_kill=0 | rayfronts=0MB raven=0MB lvlm_baseline_node=0MB ddsrouter=94MB gossip=88MB | top: droan_gl_node:312MB python3:189MB mavros_node:144MB point_cloud_node:116MB python3:111MB
disaster-dataset-robot-desktop-3 [2026-08-27 04:21:12] mem=1342MB/max oom_kill=0 | rayfronts=0MB raven=0MB lvlm_baseline_node=0MB ddsrouter=95MB gossip=88MB | top: droan_gl_node:314MB python3:193MB mavros_node:148MB point_cloud_node:116MB python3:110MB
disaster-dataset-gcs-1 [2026-08-27 04:21:12] mem=9466MB/max oom_kill=0 | rayfronts=0MB raven=0MB lvlm_baseline_node=0MB ddsrouter=0MB gossip=0MB | top: foxglove-studio:1154MB foxglove_bridge:319MB foxglove-studio:318MB python3:255MB foxglove-studio:186MB
disaster-dataset-robot-desktop-1 [2026-08-27 04:21:18] mem=4528MB/max oom_kill=0 | rayfronts=0MB raven=0MB lvlm_baseline_node=0MB ddsrouter=102MB gossip=0MB | top: python3:1275MB python3:1068MB droan_gl_node:325MB python3:195MB mavros_node:150MB
disaster-dataset-robot-desktop-2 [2026-08-27 04:21:18] mem=1314MB/max oom_kill=0 | rayfronts=0MB raven=0MB lvlm_baseline_node=0MB ddsrouter=94MB gossip=88MB | top: droan_gl_node:312MB python3:189MB mavros_node:144MB point_cloud_node:116MB python3:111MB
disaster-dataset-robot-desktop-3 [2026-08-27 04:21:18] mem=1313MB/max oom_kill=0 | rayfronts=0MB raven=0MB lvlm_baseline_node=0MB ddsrouter=95MB gossip=88MB | top: droan_gl_node:336MB python3:193MB mavros_node:148MB point_cloud_node:116MB python3:110MB
disaster-dataset-gcs-1 [2026-08-27 04:21:19] mem=10113MB/max oom_kill=0 | rayfronts=0MB raven=0MB lvlm_baseline_node=0MB ddsrouter=0MB gossip=0MB | top: foxglove-studio:1607MB foxglove_bridge:324MB foxglove-studio:318MB python3:255MB foxglove-studio:187MB
disaster-dataset-robot-desktop-1 [2026-08-27 04:21:24] mem=4771MB/max oom_kill=0 | rayfronts=0MB raven=0MB lvlm_baseline_node=0MB ddsrouter=102MB gossip=0MB | top: python3:1275MB python3:1068MB python3:439MB droan_gl_node:347MB python3:195MB
disaster-dataset-robot-desktop-2 [2026-08-27 04:21:24] mem=1313MB/max oom_kill=0 | rayfronts=0MB raven=0MB lvlm_baseline_node=0MB ddsrouter=94MB gossip=88MB | top: droan_gl_node:312MB python3:189MB mavros_node:144MB point_cloud_node:116MB python3:111MB
disaster-dataset-robot-desktop-3 [2026-08-27 04:21:24] mem=1330MB/max oom_kill=0 | rayfronts=0MB raven=0MB lvlm_baseline_node=0MB ddsrouter=95MB gossip=88MB | top: droan_gl_node:353MB python3:193MB mavros_node:148MB point_cloud_node:116MB python3:110MB
disaster-dataset-gcs-1 [2026-08-27 04:21:24] mem=10237MB/max oom_kill=0 | rayfronts=0MB raven=0MB lvlm_baseline_node=0MB ddsrouter=0MB gossip=0MB | top: foxglove-studio:1124MB foxglove-studio:318MB foxglove_bridge:310MB python3:255MB foxglove-studio:187MB
disaster-dataset-robot-desktop-1 [2026-08-27 04:21:30] mem=5106MB/max oom_kill=0 | rayfronts=0MB raven=0MB lvlm_baseline_node=0MB ddsrouter=102MB gossip=0MB | top: python3:1279MB python3:1068MB python3:995MB droan_gl_node:291MB python3:195MB
disaster-dataset-robot-desktop-2 [2026-08-27 04:21:30] mem=1360MB/max oom_kill=0 | rayfronts=0MB raven=0MB lvlm_baseline_node=0MB ddsrouter=94MB gossip=88MB | top: droan_gl_node:312MB python3:189MB mavros_node:144MB point_cloud_node:116MB python3:111MB
disaster-dataset-robot-desktop-3 [2026-08-27 04:21:30] mem=1294MB/max oom_kill=0 | rayfronts=0MB raven=0MB lvlm_baseline_node=0MB ddsrouter=95MB gossip=88MB | top: droan_gl_node:314MB python3:193MB mavros_node:148MB point_cloud_node:116MB python3:110MB
disaster-dataset-gcs-1 [2026-08-27 04:21:30] mem=10131MB/max oom_kill=0 | rayfronts=0MB raven=0MB lvlm_baseline_node=0MB ddsrouter=0MB gossip=0MB | top: foxglove-studio:1019MB foxglove_bridge:324MB foxglove-studio:317MB python3:255MB foxglove-studio:186MB
disaster-dataset-robot-desktop-1 [2026-08-27 04:21:35] mem=5330MB/max oom_kill=0 | rayfronts=0MB raven=0MB lvlm_baseline_node=0MB ddsrouter=102MB gossip=0MB | top: python3:1280MB python3:1068MB python3:1068MB droan_gl_node:313MB python3:195MB
disaster-dataset-robot-desktop-2 [2026-08-27 04:21:35] mem=1369MB/max oom_kill=0 | rayfronts=0MB raven=0MB lvlm_baseline_node=0MB ddsrouter=94MB gossip=88MB | top: droan_gl_node:398MB python3:189MB mavros_node:144MB point_cloud_node:116MB python3:111MB
disaster-dataset-robot-desktop-3 [2026-08-27 04:21:35] mem=1342MB/max oom_kill=0 | rayfronts=0MB raven=0MB lvlm_baseline_node=0MB ddsrouter=96MB gossip=88MB | top: droan_gl_node:359MB python3:193MB mavros_node:148MB point_cloud_node:116MB python3:110MB
disaster-dataset-gcs-1 [2026-08-27 04:21:36] mem=10545MB/max oom_kill=0 | rayfronts=0MB raven=0MB lvlm_baseline_node=0MB ddsrouter=0MB gossip=0MB | top: foxglove-studio:1213MB foxglove_bridge:324MB foxglove-studio:318MB python3:255MB foxglove-studio:186MB
disaster-dataset-robot-desktop-1 [2026-08-27 04:21:41] mem=5358MB/max oom_kill=0 | rayfronts=0MB raven=0MB lvlm_baseline_node=0MB ddsrouter=102MB gossip=0MB | top: python3:1291MB python3:1068MB python3:1068MB droan_gl_node:352MB python3:195MB
disaster-dataset-robot-desktop-2 [2026-08-27 04:21:41] mem=1407MB/max oom_kill=0 | rayfronts=0MB raven=0MB lvlm_baseline_node=0MB ddsrouter=94MB gossip=88MB | top: droan_gl_node:359MB python3:189MB mavros_node:144MB point_cloud_node:116MB python3:111MB
disaster-dataset-robot-desktop-3 [2026-08-27 04:21:41] mem=1341MB/max oom_kill=0 | rayfronts=0MB raven=0MB lvlm_baseline_node=0MB ddsrouter=96MB gossip=88MB | top: droan_gl_node:362MB python3:193MB mavros_node:148MB point_cloud_node:116MB python3:110MB
disaster-dataset-gcs-1 [2026-08-27 04:21:41] mem=11102MB/max oom_kill=0 | rayfronts=0MB raven=0MB lvlm_baseline_node=0MB ddsrouter=0MB gossip=0MB | top: foxglove-studio:1203MB foxglove_bridge:322MB foxglove-studio:317MB python3:255MB foxglove-studio:186MB
disaster-dataset-robot-desktop-1 [2026-08-27 04:21:46] mem=5441MB/max oom_kill=0 | rayfronts=0MB raven=0MB lvlm_baseline_node=0MB ddsrouter=102MB gossip=0MB | top: python3:1292MB python3:1068MB python3:1068MB droan_gl_node:279MB python3:195MB
disaster-dataset-robot-desktop-2 [2026-08-27 04:21:47] mem=1370MB/max oom_kill=0 | rayfronts=0MB raven=0MB lvlm_baseline_node=0MB ddsrouter=94MB gossip=88MB | top: droan_gl_node:363MB python3:189MB mavros_node:144MB point_cloud_node:116MB python3:111MB
disaster-dataset-robot-desktop-3 [2026-08-27 04:21:47] mem=1354MB/max oom_kill=0 | rayfronts=0MB raven=0MB lvlm_baseline_node=0MB ddsrouter=96MB gossip=88MB | top: droan_gl_node:372MB python3:193MB mavros_node:148MB point_cloud_node:116MB python3:110MB
disaster-dataset-gcs-1 [2026-08-27 04:21:47] mem=11567MB/max oom_kill=0 | rayfronts=0MB raven=0MB lvlm_baseline_node=0MB ddsrouter=0MB gossip=0MB | top: foxglove-studio:1292MB foxglove-studio:317MB foxglove_bridge:309MB python3:255MB foxglove-studio:186MB
disaster-dataset-robot-desktop-1 [2026-08-27 04:21:53] mem=5694MB/max oom_kill=0 | rayfronts=0MB raven=0MB lvlm_baseline_node=0MB ddsrouter=102MB gossip=0MB | top: python3:1292MB python3:1068MB python3:1068MB droan_gl_node:409MB python3:195MB
disaster-dataset-robot-desktop-2 [2026-08-27 04:21:53] mem=1314MB/max oom_kill=0 | rayfronts=0MB raven=0MB lvlm_baseline_node=0MB ddsrouter=94MB gossip=88MB | top: droan_gl_node:317MB python3:189MB mavros_node:144MB point_cloud_node:116MB python3:111MB
disaster-dataset-robot-desktop-3 [2026-08-27 04:21:53] mem=1300MB/max oom_kill=0 | rayfronts=0MB raven=0MB lvlm_baseline_node=0MB ddsrouter=96MB gossip=88MB | top: droan_gl_node:314MB python3:193MB mavros_node:148MB point_cloud_node:116MB python3:110MB
disaster-dataset-gcs-1 [2026-08-27 04:21:53] mem=11504MB/max oom_kill=0 | rayfronts=0MB raven=0MB lvlm_baseline_node=0MB ddsrouter=0MB gossip=0MB | top: foxglove-studio:1252MB foxglove-studio:318MB foxglove_bridge:314MB python3:255MB foxglove-studio:187MB
disaster-dataset-robot-desktop-1 [2026-08-27 04:21:58] mem=5674MB/max oom_kill=0 | rayfronts=0MB raven=0MB lvlm_baseline_node=0MB ddsrouter=102MB gossip=0MB | top: python3:1292MB python3:1068MB python3:1068MB droan_gl_node:308MB python3:195MB
disaster-dataset-robot-desktop-2 [2026-08-27 04:21:59] mem=1350MB/max oom_kill=0 | rayfronts=0MB raven=0MB lvlm_baseline_node=0MB ddsrouter=94MB gossip=88MB | top: droan_gl_node:351MB python3:189MB mavros_node:144MB point_cloud_node:116MB python3:111MB
disaster-dataset-robot-desktop-3 [2026-08-27 04:21:59] mem=1361MB/max oom_kill=0 | rayfronts=0MB raven=0MB lvlm_baseline_node=0MB ddsrouter=96MB gossip=88MB | top: droan_gl_node:346MB python3:193MB mavros_node:148MB point_cloud_node:116MB python3:110MB
disaster-dataset-gcs-1 [2026-08-27 04:21:59] mem=11824MB/max oom_kill=0 | rayfronts=0MB raven=0MB lvlm_baseline_node=0MB ddsrouter=0MB gossip=0MB | top: foxglove-studio:1166MB foxglove_bridge:324MB foxglove-studio:319MB python3:255MB foxglove-studio:187MB
